{
  "meta": {
    "data_version": "1.0.0",
    "created": "2016-11-22",
    "revision": 1
  },
  "info": {
    "balls_per_over": 6,
    "city": "Nelson",
    "dates": [
      "2016-11-21"
    ],
    "gender": "female",
    "match_type": "T20",
    "match_type_number": 372,
    "missing": [
      "player_of_match"
    ],
    "officials": {
      "match_referees": [
        "RE Hayward"
      ],
      "umpires": [
        "K Cross",
        "D Venter"
      ]
    },
    "outcome": {
      "by": {
        "runs": 14
      },
      "winner": "New Zealand"
    },
    "overs": 20,
    "players": {
      "New Zealand": [
        "SW Bates",
        "RH Priest",
        "SFM Devine",
        "AE Satterthwaite",
        "KJ Martin",
        "TMM Newton",
        "EC Perry",
        "KT Perkins",
        "LMM Tahuhu",
        "AC Kerr",
        "MJG Nielsen"
      ],
      "Pakistan": [
        "Ayesha Zafar",
        "Javeria Khan",
        "Bismah Maroof",
        "Nain Abidi",
        "Iram Javed",
        "Nida Dar",
        "Asmavia Iqbal",
        "Sidra Nawaz",
        "Sana Mir",
        "Aliya Riaz",
        "Sadia Yousuf"
      ]
    },
    "registry": {
      "people": {
        "AC Kerr": "7673c908",
        "AE Satterthwaite": "72b7ed1e",
        "Aliya Riaz": "2904b4b6",
        "Asmavia Iqbal": "98dfe425",
        "Ayesha Zafar": "e15f4fa4",
        "Bismah Maroof": "3b770527",
        "D Venter": "f5c7823e",
        "EC Perry": "0de3060f",
        "Iram Javed": "dc596fac",
        "Javeria Khan": "d921449d",
        "K Cross": "d59c5855",
        "KJ Martin": "cf75a839",
        "KT Perkins": "78ad3258",
        "LMM Tahuhu": "60471339",
        "MJG Nielsen": "e2410b5e",
        "Nain Abidi": "5486d41f",
        "Nida Dar": "ed840f44",
        "RE Hayward": "57689d0b",
        "RH Priest": "e6f0408a",
        "SFM Devine": "de69af96",
        "SW Bates": "89bbc67a",
        "Sadia Yousuf": "3cfbddce",
        "Sana Mir": "b287e7b1",
        "Sidra Nawaz": "ca3ded6f",
        "TMM Newton": "93fe473e"
      }
    },
    "season": "2016/17",
    "team_type": "international",
    "teams": [
      "New Zealand",
      "Pakistan"
    ],
    "toss": {
      "decision": "bat",
      "winner": "New Zealand"
    },
    "venue": "Saxton Oval"
  },
  "innings": [
    {
      "team": "New Zealand",
      "overs": [
        {
          "over": 0,
          "deliveries": [
            {
              "batter": "SW Bates",
              "bowler": "Iram Javed",
              "extras": {
                "wides": 1
              },
              "non_striker": "RH Priest",
              "runs": {
                "batter": 0,
                "extras": 1,
                "total": 1
              }
            },
            {
              "batter": "SW Bates",
              "bowler": "Iram Javed",
              "extras": {
                "wides": 1
              },
              "non_striker": "RH Priest",
              "runs": {
                "batter": 0,
                "extras": 1,
                "total": 1
              }
            },
            {
              "batter": "SW Bates",
              "bowler": "Iram Javed",
              "extras": {
                "wides": 1
              },
              "non_striker": "RH Priest",
              "runs": {
                "batter": 0,
                "extras": 1,
                "total": 1
              }
            },
            {
              "batter": "SW Bates",
              "bowler": "Iram Javed",
              "non_striker": "RH Priest",
              "runs": {
                "batter": 0,
                "extras": 0,
                "total": 0
              },
              "wickets": [
                {
                  "kind": "caught",
                  "player_out": "SW Bates",
                  "fielders": [
                    {
                      "name": "Ayesha Zafar"
                    }
                  ]
                }
              ]
            },
            {
              "batter": "SFM Devine",
              "bowler": "Iram Javed",
              "non_striker": "RH Priest",
              "runs": {
                "batter": 0,
                "extras": 0,
                "total": 0
              }
            },
            {
              "batter": "SFM Devine",
              "bowler": "Iram Javed",
              "non_striker": "RH Priest",
              "runs": {
                "batter": 1,
                "extras": 0,
                "total": 1
              }
            },
            {
              "batter": "RH Priest",
              "bowler": "Iram Javed",
              "non_striker": "SFM Devine",
              "runs": {
                "batter": 1,
                "extras": 0,
                "total": 1
              }
            },
            {
              "batter": "SFM Devine",
              "bowler": "Iram Javed",
              "extras": {
                "wides": 1
              },
              "non_striker": "RH Priest",
              "runs": {
                "batter": 0,
                "extras": 1,
                "total": 1
              }
            },
            {
              "batter": "SFM Devine",
              "bowler": "Iram Javed",
              "non_striker": "RH Priest",
              "runs": {
                "batter": 0,
                "extras": 0,
                "total": 0
              }
            },
            {
              "batter": "SFM Devine",
              "bowler": "Iram Javed",
              "non_striker": "RH Priest",
              "runs": {
                "batter": 1,
                "extras": 0,
                "total": 1
              }
            }
          ]
        },
        {
          "over": 1,
          "deliveries": [
            {
              "batter": "SFM Devine",
              "bowler": "Asmavia Iqbal",
              "non_striker": "RH Priest",
              "runs": {
                "batter": 1,
                "extras": 0,
                "total": 1
              }
            },
            {
              "batter": "RH Priest",
              "bowler": "Asmavia Iqbal",
              "non_striker": "SFM Devine",
              "runs": {
                "batter": 0,
                "extras": 0,
                "total": 0
              },
              "wickets": [
                {
                  "kind": "bowled",
                  "player_out": "RH Priest"
                }
              ]
            },
            {
              "batter": "AE Satterthwaite",
              "bowler": "Asmavia Iqbal",
              "non_striker": "SFM Devine",
              "runs": {
                "batter": 0,
                "extras": 0,
                "total": 0
              }
            },
            {
              "batter": "AE Satterthwaite",
              "bowler": "Asmavia Iqbal",
              "non_striker": "SFM Devine",
              "runs": {
                "batter": 2,
                "extras": 0,
                "total": 2
              }
            },
            {
              "batter": "AE Satterthwaite",
              "bowler": "Asmavia Iqbal",
              "non_striker": "SFM Devine",
              "runs": {
                "batter": 1,
                "extras": 0,
                "total": 1
              }
            },
            {
              "batter": "SFM Devine",
              "bowler": "Asmavia Iqbal",
              "non_striker": "AE Satterthwaite",
              "runs": {
                "batter": 0,
                "extras": 0,
                "total": 0
              }
            }
          ]
        },
        {
          "over": 2,
          "deliveries": [
            {
              "batter": "AE Satterthwaite",
              "bowler": "Iram Javed",
              "extras": {
                "wides": 1
              },
              "non_striker": "SFM Devine",
              "runs": {
                "batter": 0,
                "extras": 1,
                "total": 1
              }
            },
            {
              "batter": "AE Satterthwaite",
              "bowler": "Iram Javed",
              "extras": {
                "wides": 1
              },
              "non_striker": "SFM Devine",
              "runs": {
                "batter": 0,
                "extras": 1,
                "total": 1
              }
            },
            {
              "batter": "AE Satterthwaite",
              "bowler": "Iram Javed",
              "non_striker": "SFM Devine",
              "runs": {
                "batter": 4,
                "extras": 0,
                "total": 4
              }
            },
            {
              "batter": "AE Satterthwaite",
              "bowler": "Iram Javed",
              "non_striker": "SFM Devine",
              "runs": {
                "batter": 0,
                "extras": 0,
                "total": 0
              }
            },
            {
              "batter": "AE Satterthwaite",
              "bowler": "Iram Javed",
              "non_striker": "SFM Devine",
              "runs": {
                "batter": 4,
                "extras": 0,
                "total": 4
              }
            },
            {
              "batter": "AE Satterthwaite",
              "bowler": "Iram Javed",
              "non_striker": "SFM Devine",
              "runs": {
                "batter": 1,
                "extras": 0,
                "total": 1
              }
            },
            {
              "batter": "SFM Devine",
              "bowler": "Iram Javed",
              "non_striker": "AE Satterthwaite",
              "runs": {
                "batter": 1,
                "extras": 0,
                "total": 1
              }
            },
            {
              "batter": "AE Satterthwaite",
              "bowler": "Iram Javed",
              "non_striker": "SFM Devine",
              "runs": {
                "batter": 0,
                "extras": 0,
                "total": 0
              }
            }
          ]
        },
        {
          "over": 3,
          "deliveries": [
            {
              "batter": "SFM Devine",
              "bowler": "Asmavia Iqbal",
              "non_striker": "AE Satterthwaite",
              "runs": {
                "batter": 4,
                "extras": 0,
                "total": 4
              }
            },
            {
              "batter": "SFM Devine",
              "bowler": "Asmavia Iqbal",
              "non_striker": "AE Satterthwaite",
              "runs": {
                "batter": 1,
                "extras": 0,
                "total": 1
              }
            },
            {
              "batter": "AE Satterthwaite",
              "bowler": "Asmavia Iqbal",
              "non_striker": "SFM Devine",
              "runs": {
                "batter": 1,
                "extras": 0,
                "total": 1
              }
            },
            {
              "batter": "SFM Devine",
              "bowler": "Asmavia Iqbal",
              "non_striker": "AE Satterthwaite",
              "runs": {
                "batter": 0,
                "extras": 0,
                "total": 0
              }
            },
            {
              "batter": "SFM Devine",
              "bowler": "Asmavia Iqbal",
              "non_striker": "AE Satterthwaite",
              "runs": {
                "batter": 0,
                "extras": 0,
                "total": 0
              }
            },
            {
              "batter": "SFM Devine",
              "bowler": "Asmavia Iqbal",
              "non_striker": "AE Satterthwaite",
              "runs": {
                "batter": 4,
                "extras": 0,
                "total": 4
              }
            }
          ]
        },
        {
          "over": 4,
          "deliveries": [
            {
              "batter": "AE Satterthwaite",
              "bowler": "Sana Mir",
              "non_striker": "SFM Devine",
              "runs": {
                "batter": 0,
                "extras": 0,
                "total": 0
              }
            },
            {
              "batter": "AE Satterthwaite",
              "bowler": "Sana Mir",
              "non_striker": "SFM Devine",
              "runs": {
                "batter": 1,
                "extras": 0,
                "total": 1
              }
            },
            {
              "batter": "SFM Devine",
              "bowler": "Sana Mir",
              "extras": {
                "wides": 1
              },
              "non_striker": "AE Satterthwaite",
              "runs": {
                "batter": 0,
                "extras": 1,
                "total": 1
              }
            },
            {
              "batter": "SFM Devine",
              "bowler": "Sana Mir",
              "non_striker": "AE Satterthwaite",
              "runs": {
                "batter": 1,
                "extras": 0,
                "total": 1
              }
            },
            {
              "batter": "AE Satterthwaite",
              "bowler": "Sana Mir",
              "non_striker": "SFM Devine",
              "runs": {
                "batter": 0,
                "extras": 0,
                "total": 0
              },
              "wickets": [
                {
                  "kind": "caught",
                  "player_out": "AE Satterthwaite",
                  "fielders": [
                    {
                      "name": "Aliya Riaz"
                    }
                  ]
                }
              ]
            },
            {
              "batter": "SFM Devine",
              "bowler": "Sana Mir",
              "non_striker": "KJ Martin",
              "runs": {
                "batter": 0,
                "extras": 0,
                "total": 0
              },
              "wickets": [
                {
                  "kind": "bowled",
                  "player_out": "SFM Devine"
                }
              ]
            },
            {
              "batter": "TMM Newton",
              "bowler": "Sana Mir",
              "non_striker": "KJ Martin",
              "runs": {
                "batter": 0,
                "extras": 0,
                "total": 0
              }
            }
          ]
        },
        {
          "over": 5,
          "deliveries": [
            {
              "batter": "KJ Martin",
              "bowler": "Asmavia Iqbal",
              "non_striker": "TMM Newton",
              "runs": {
                "batter": 1,
                "extras": 0,
                "total": 1
              }
            },
            {
              "batter": "TMM Newton",
              "bowler": "Asmavia Iqbal",
              "non_striker": "KJ Martin",
              "runs": {
                "batter": 0,
                "extras": 0,
                "total": 0
              }
            },
            {
              "batter": "TMM Newton",
              "bowler": "Asmavia Iqbal",
              "extras": {
                "legbyes": 1
              },
              "non_striker": "KJ Martin",
              "runs": {
                "batter": 0,
                "extras": 1,
                "total": 1
              }
            },
            {
              "batter": "KJ Martin",
              "bowler": "Asmavia Iqbal",
              "non_striker": "TMM Newton",
              "runs": {
                "batter": 4,
                "extras": 0,
                "total": 4
              }
            },
            {
              "batter": "KJ Martin",
              "bowler": "Asmavia Iqbal",
              "non_striker": "TMM Newton",
              "runs": {
                "batter": 0,
                "extras": 0,
                "total": 0
              }
            },
            {
              "batter": "KJ Martin",
              "bowler": "Asmavia Iqbal",
              "non_striker": "TMM Newton",
              "runs": {
                "batter": 1,
                "extras": 0,
                "total": 1
              }
            }
          ]
        },
        {
          "over": 6,
          "deliveries": [
            {
              "batter": "KJ Martin",
              "bowler": "Sana Mir",
              "non_striker": "TMM Newton",
              "runs": {
                "batter": 1,
                "extras": 0,
                "total": 1
              }
            },
            {
              "batter": "TMM Newton",
              "bowler": "Sana Mir",
              "non_striker": "KJ Martin",
              "runs": {
                "batter": 0,
                "extras": 0,
                "total": 0
              }
            },
            {
              "batter": "TMM Newton",
              "bowler": "Sana Mir",
              "non_striker": "KJ Martin",
              "runs": {
                "batter": 1,
                "extras": 0,
                "total": 1
              }
            },
            {
              "batter": "KJ Martin",
              "bowler": "Sana Mir",
              "non_striker": "TMM Newton",
              "runs": {
                "batter": 0,
                "extras": 0,
                "total": 0
              }
            },
            {
              "batter": "KJ Martin",
              "bowler": "Sana Mir",
              "non_striker": "TMM Newton",
              "runs": {
                "batter": 0,
                "extras": 0,
                "total": 0
              }
            },
            {
              "batter": "KJ Martin",
              "bowler": "Sana Mir",
              "non_striker": "TMM Newton",
              "runs": {
                "batter": 0,
                "extras": 0,
                "total": 0
              }
            }
          ]
        },
        {
          "over": 7,
          "deliveries": [
            {
              "batter": "TMM Newton",
              "bowler": "Sadia Yousuf",
              "non_striker": "KJ Martin",
              "runs": {
                "batter": 0,
                "extras": 0,
                "total": 0
              }
            },
            {
              "batter": "TMM Newton",
              "bowler": "Sadia Yousuf",
              "non_striker": "KJ Martin",
              "runs": {
                "batter": 0,
                "extras": 0,
                "total": 0
              },
              "wickets": [
                {
                  "kind": "run out",
                  "player_out": "TMM Newton",
                  "fielders": [
                    {
                      "name": "Bismah Maroof"
                    }
                  ]
                }
              ]
            },
            {
              "batter": "KJ Martin",
              "bowler": "Sadia Yousuf",
              "non_striker": "EC Perry",
              "runs": {
                "batter": 0,
                "extras": 0,
                "total": 0
              }
            },
            {
              "batter": "KJ Martin",
              "bowler": "Sadia Yousuf",
              "non_striker": "EC Perry",
              "runs": {
                "batter": 0,
                "extras": 0,
                "total": 0
              }
            },
            {
              "batter": "KJ Martin",
              "bowler": "Sadia Yousuf",
              "non_striker": "EC Perry",
              "runs": {
                "batter": 0,
                "extras": 0,
                "total": 0
              }
            },
            {
              "batter": "KJ Martin",
              "bowler": "Sadia Yousuf",
              "non_striker": "EC Perry",
              "runs": {
                "batter": 1,
                "extras": 0,
                "total": 1
              }
            }
          ]
        },
        {
          "over": 8,
          "deliveries": [
            {
              "batter": "KJ Martin",
              "bowler": "Nida Dar",
              "non_striker": "EC Perry",
              "runs": {
                "batter": 1,
                "extras": 0,
                "total": 1
              }
            },
            {
              "batter": "EC Perry",
              "bowler": "Nida Dar",
              "non_striker": "KJ Martin",
              "runs": {
                "batter": 0,
                "extras": 0,
                "total": 0
              }
            },
            {
              "batter": "EC Perry",
              "bowler": "Nida Dar",
              "non_striker": "KJ Martin",
              "runs": {
                "batter": 1,
                "extras": 0,
                "total": 1
              }
            },
            {
              "batter": "KJ Martin",
              "bowler": "Nida Dar",
              "non_striker": "EC Perry",
              "runs": {
                "batter": 0,
                "extras": 0,
                "total": 0
              }
            },
            {
              "batter": "KJ Martin",
              "bowler": "Nida Dar",
              "non_striker": "EC Perry",
              "runs": {
                "batter": 2,
                "extras": 0,
                "total": 2
              }
            },
            {
              "batter": "KJ Martin",
              "bowler": "Nida Dar",
              "non_striker": "EC Perry",
              "runs": {
                "batter": 1,
                "extras": 0,
                "total": 1
              }
            }
          ]
        },
        {
          "over": 9,
          "deliveries": [
            {
              "batter": "KJ Martin",
              "bowler": "Sadia Yousuf",
              "non_striker": "EC Perry",
              "runs": {
                "batter": 1,
                "extras": 0,
                "total": 1
              }
            },
            {
              "batter": "EC Perry",
              "bowler": "Sadia Yousuf",
              "non_striker": "KJ Martin",
              "runs": {
                "batter": 2,
                "extras": 0,
                "total": 2
              }
            },
            {
              "batter": "EC Perry",
              "bowler": "Sadia Yousuf",
              "non_striker": "KJ Martin",
              "runs": {
                "batter": 2,
                "extras": 0,
                "total": 2
              }
            },
            {
              "batter": "EC Perry",
              "bowler": "Sadia Yousuf",
              "non_striker": "KJ Martin",
              "runs": {
                "batter": 1,
                "extras": 0,
                "total": 1
              }
            },
            {
              "batter": "KJ Martin",
              "bowler": "Sadia Yousuf",
              "non_striker": "EC Perry",
              "runs": {
                "batter": 1,
                "extras": 0,
                "total": 1
              }
            },
            {
              "batter": "EC Perry",
              "bowler": "Sadia Yousuf",
              "non_striker": "KJ Martin",
              "runs": {
                "batter": 1,
                "extras": 0,
                "total": 1
              }
            }
          ]
        },
        {
          "over": 10,
          "deliveries": [
            {
              "batter": "EC Perry",
              "bowler": "Nida Dar",
              "non_striker": "KJ Martin",
              "runs": {
                "batter": 1,
                "extras": 0,
                "total": 1
              }
            },
            {
              "batter": "KJ Martin",
              "bowler": "Nida Dar",
              "non_striker": "EC Perry",
              "runs": {
                "batter": 4,
                "extras": 0,
                "total": 4
              }
            },
            {
              "batter": "KJ Martin",
              "bowler": "Nida Dar",
              "non_striker": "EC Perry",
              "runs": {
                "batter": 1,
                "extras": 0,
                "total": 1
              }
            },
            {
              "batter": "EC Perry",
              "bowler": "Nida Dar",
              "non_striker": "KJ Martin",
              "runs": {
                "batter": 2,
                "extras": 0,
                "total": 2
              }
            },
            {
              "batter": "EC Perry",
              "bowler": "Nida Dar",
              "non_striker": "KJ Martin",
              "runs": {
                "batter": 0,
                "extras": 0,
                "total": 0
              }
            },
            {
              "batter": "EC Perry",
              "bowler": "Nida Dar",
              "non_striker": "KJ Martin",
              "runs": {
                "batter": 4,
                "extras": 0,
                "total": 4
              }
            }
          ]
        },
        {
          "over": 11,
          "deliveries": [
            {
              "batter": "KJ Martin",
              "bowler": "Sadia Yousuf",
              "non_striker": "EC Perry",
              "runs": {
                "batter": 0,
                "extras": 0,
                "total": 0
              },
              "wickets": [
                {
                  "kind": "caught",
                  "player_out": "KJ Martin",
                  "fielders": [
                    {
                      "name": "Bismah Maroof"
                    }
                  ]
                }
              ]
            },
            {
              "batter": "KT Perkins",
              "bowler": "Sadia Yousuf",
              "non_striker": "EC Perry",
              "runs": {
                "batter": 0,
                "extras": 0,
                "total": 0
              }
            },
            {
              "batter": "KT Perkins",
              "bowler": "Sadia Yousuf",
              "non_striker": "EC Perry",
              "runs": {
                "batter": 0,
                "extras": 0,
                "total": 0
              }
            },
            {
              "batter": "KT Perkins",
              "bowler": "Sadia Yousuf",
              "non_striker": "EC Perry",
              "runs": {
                "batter": 2,
                "extras": 0,
                "total": 2
              }
            },
            {
              "batter": "KT Perkins",
              "bowler": "Sadia Yousuf",
              "non_striker": "EC Perry",
              "runs": {
                "batter": 0,
                "extras": 0,
                "total": 0
              }
            },
            {
              "batter": "KT Perkins",
              "bowler": "Sadia Yousuf",
              "non_striker": "EC Perry",
              "runs": {
                "batter": 0,
                "extras": 0,
                "total": 0
              }
            }
          ]
        },
        {
          "over": 12,
          "deliveries": [
            {
              "batter": "EC Perry",
              "bowler": "Aliya Riaz",
              "non_striker": "KT Perkins",
              "runs": {
                "batter": 0,
                "extras": 0,
                "total": 0
              }
            },
            {
              "batter": "EC Perry",
              "bowler": "Aliya Riaz",
              "non_striker": "KT Perkins",
              "runs": {
                "batter": 1,
                "extras": 0,
                "total": 1
              }
            },
            {
              "batter": "KT Perkins",
              "bowler": "Aliya Riaz",
              "non_striker": "EC Perry",
              "runs": {
                "batter": 0,
                "extras": 0,
                "total": 0
              }
            },
            {
              "batter": "KT Perkins",
              "bowler": "Aliya Riaz",
              "non_striker": "EC Perry",
              "runs": {
                "batter": 0,
                "extras": 0,
                "total": 0
              }
            },
            {
              "batter": "KT Perkins",
              "bowler": "Aliya Riaz",
              "non_striker": "EC Perry",
              "runs": {
                "batter": 1,
                "extras": 0,
                "total": 1
              }
            },
            {
              "batter": "EC Perry",
              "bowler": "Aliya Riaz",
              "non_striker": "KT Perkins",
              "runs": {
                "batter": 0,
                "extras": 0,
                "total": 0
              }
            }
          ]
        },
        {
          "over": 13,
          "deliveries": [
            {
              "batter": "KT Perkins",
              "bowler": "Nida Dar",
              "non_striker": "EC Perry",
              "runs": {
                "batter": 1,
                "extras": 0,
                "total": 1
              }
            },
            {
              "batter": "EC Perry",
              "bowler": "Nida Dar",
              "non_striker": "KT Perkins",
              "runs": {
                "batter": 1,
                "extras": 0,
                "total": 1
              }
            },
            {
              "batter": "KT Perkins",
              "bowler": "Nida Dar",
              "non_striker": "EC Perry",
              "runs": {
                "batter": 0,
                "extras": 0,
                "total": 0
              }
            },
            {
              "batter": "KT Perkins",
              "bowler": "Nida Dar",
              "non_striker": "EC Perry",
              "runs": {
                "batter": 0,
                "extras": 0,
                "total": 0
              }
            },
            {
              "batter": "KT Perkins",
              "bowler": "Nida Dar",
              "non_striker": "EC Perry",
              "runs": {
                "batter": 1,
                "extras": 0,
                "total": 1
              }
            },
            {
              "batter": "EC Perry",
              "bowler": "Nida Dar",
              "non_striker": "KT Perkins",
              "runs": {
                "batter": 1,
                "extras": 0,
                "total": 1
              }
            }
          ]
        },
        {
          "over": 14,
          "deliveries": [
            {
              "batter": "EC Perry",
              "bowler": "Aliya Riaz",
              "non_striker": "KT Perkins",
              "runs": {
                "batter": 0,
                "extras": 0,
                "total": 0
              }
            },
            {
              "batter": "EC Perry",
              "bowler": "Aliya Riaz",
              "non_striker": "KT Perkins",
              "runs": {
                "batter": 1,
                "extras": 0,
                "total": 1
              }
            },
            {
              "batter": "KT Perkins",
              "bowler": "Aliya Riaz",
              "non_striker": "EC Perry",
              "runs": {
                "batter": 1,
                "extras": 0,
                "total": 1
              }
            },
            {
              "batter": "EC Perry",
              "bowler": "Aliya Riaz",
              "non_striker": "KT Perkins",
              "runs": {
                "batter": 4,
                "extras": 0,
                "total": 4
              }
            },
            {
              "batter": "EC Perry",
              "bowler": "Aliya Riaz",
              "non_striker": "KT Perkins",
              "runs": {
                "batter": 4,
                "extras": 0,
                "total": 4
              }
            },
            {
              "batter": "EC Perry",
              "bowler": "Aliya Riaz",
              "non_striker": "KT Perkins",
              "runs": {
                "batter": 0,
                "extras": 0,
                "total": 0
              }
            }
          ]
        },
        {
          "over": 15,
          "deliveries": [
            {
              "batter": "KT Perkins",
              "bowler": "Nida Dar",
              "non_striker": "EC Perry",
              "runs": {
                "batter": 0,
                "extras": 0,
                "total": 0
              }
            },
            {
              "batter": "KT Perkins",
              "bowler": "Nida Dar",
              "non_striker": "EC Perry",
              "runs": {
                "batter": 1,
                "extras": 0,
                "total": 1
              }
            },
            {
              "batter": "EC Perry",
              "bowler": "Nida Dar",
              "non_striker": "KT Perkins",
              "runs": {
                "batter": 0,
                "extras": 0,
                "total": 0
              },
              "wickets": [
                {
                  "kind": "caught",
                  "player_out": "EC Perry",
                  "fielders": [
                    {
                      "name": "Javeria Khan"
                    }
                  ]
                }
              ]
            },
            {
              "batter": "LMM Tahuhu",
              "bowler": "Nida Dar",
              "non_striker": "KT Perkins",
              "runs": {
                "batter": 1,
                "extras": 0,
                "total": 1
              }
            },
            {
              "batter": "KT Perkins",
              "bowler": "Nida Dar",
              "non_striker": "LMM Tahuhu",
              "runs": {
                "batter": 2,
                "extras": 0,
                "total": 2
              }
            },
            {
              "batter": "KT Perkins",
              "bowler": "Nida Dar",
              "non_striker": "LMM Tahuhu",
              "runs": {
                "batter": 0,
                "extras": 0,
                "total": 0
              }
            }
          ]
        },
        {
          "over": 16,
          "deliveries": [
            {
              "batter": "LMM Tahuhu",
              "bowler": "Sana Mir",
              "non_striker": "KT Perkins",
              "runs": {
                "batter": 0,
                "extras": 0,
                "total": 0
              }
            },
            {
              "batter": "LMM Tahuhu",
              "bowler": "Sana Mir",
              "non_striker": "KT Perkins",
              "runs": {
                "batter": 0,
                "extras": 0,
                "total": 0
              }
            },
            {
              "batter": "LMM Tahuhu",
              "bowler": "Sana Mir",
              "non_striker": "KT Perkins",
              "runs": {
                "batter": 0,
                "extras": 0,
                "total": 0
              }
            },
            {
              "batter": "LMM Tahuhu",
              "bowler": "Sana Mir",
              "non_striker": "KT Perkins",
              "runs": {
                "batter": 1,
                "extras": 0,
                "total": 1
              }
            },
            {
              "batter": "KT Perkins",
              "bowler": "Sana Mir",
              "non_striker": "LMM Tahuhu",
              "runs": {
                "batter": 1,
                "extras": 0,
                "total": 1
              }
            },
            {
              "batter": "LMM Tahuhu",
              "bowler": "Sana Mir",
              "non_striker": "KT Perkins",
              "runs": {
                "batter": 1,
                "extras": 0,
                "total": 1
              }
            }
          ]
        },
        {
          "over": 17,
          "deliveries": [
            {
              "batter": "LMM Tahuhu",
              "bowler": "Sadia Yousuf",
              "non_striker": "KT Perkins",
              "runs": {
                "batter": 0,
                "extras": 0,
                "total": 0
              }
            },
            {
              "batter": "LMM Tahuhu",
              "bowler": "Sadia Yousuf",
              "non_striker": "KT Perkins",
              "runs": {
                "batter": 1,
                "extras": 0,
                "total": 1
              }
            },
            {
              "batter": "KT Perkins",
              "bowler": "Sadia Yousuf",
              "non_striker": "LMM Tahuhu",
              "runs": {
                "batter": 0,
                "extras": 0,
                "total": 0
              }
            },
            {
              "batter": "KT Perkins",
              "bowler": "Sadia Yousuf",
              "non_striker": "LMM Tahuhu",
              "runs": {
                "batter": 0,
                "extras": 0,
                "total": 0
              }
            },
            {
              "batter": "KT Perkins",
              "bowler": "Sadia Yousuf",
              "non_striker": "LMM Tahuhu",
              "runs": {
                "batter": 1,
                "extras": 0,
                "total": 1
              }
            },
            {
              "batter": "LMM Tahuhu",
              "bowler": "Sadia Yousuf",
              "non_striker": "KT Perkins",
              "runs": {
                "batter": 0,
                "extras": 0,
                "total": 0
              }
            }
          ]
        },
        {
          "over": 18,
          "deliveries": [
            {
              "batter": "KT Perkins",
              "bowler": "Sana Mir",
              "non_striker": "LMM Tahuhu",
              "runs": {
                "batter": 1,
                "extras": 0,
                "total": 1
              }
            },
            {
              "batter": "LMM Tahuhu",
              "bowler": "Sana Mir",
              "non_striker": "KT Perkins",
              "runs": {
                "batter": 3,
                "extras": 0,
                "total": 3
              }
            },
            {
              "batter": "KT Perkins",
              "bowler": "Sana Mir",
              "non_striker": "LMM Tahuhu",
              "runs": {
                "batter": 4,
                "extras": 0,
                "total": 4
              }
            },
            {
              "batter": "KT Perkins",
              "bowler": "Sana Mir",
              "non_striker": "LMM Tahuhu",
              "runs": {
                "batter": 1,
                "extras": 0,
                "total": 1
              }
            },
            {
              "batter": "LMM Tahuhu",
              "bowler": "Sana Mir",
              "non_striker": "KT Perkins",
              "runs": {
                "batter": 0,
                "extras": 0,
                "total": 0
              }
            },
            {
              "batter": "LMM Tahuhu",
              "bowler": "Sana Mir",
              "non_striker": "KT Perkins",
              "runs": {
                "batter": 1,
                "extras": 0,
                "total": 1
              }
            }
          ]
        },
        {
          "over": 19,
          "deliveries": [
            {
              "batter": "LMM Tahuhu",
              "bowler": "Asmavia Iqbal",
              "non_striker": "KT Perkins",
              "runs": {
                "batter": 2,
                "extras": 0,
                "total": 2
              }
            },
            {
              "batter": "LMM Tahuhu",
              "bowler": "Asmavia Iqbal",
              "non_striker": "KT Perkins",
              "runs": {
                "batter": 4,
                "extras": 0,
                "total": 4
              }
            },
            {
              "batter": "LMM Tahuhu",
              "bowler": "Asmavia Iqbal",
              "extras": {
                "wides": 1
              },
              "non_striker": "KT Perkins",
              "runs": {
                "batter": 0,
                "extras": 1,
                "total": 1
              }
            },
            {
              "batter": "LMM Tahuhu",
              "bowler": "Asmavia Iqbal",
              "non_striker": "KT Perkins",
              "runs": {
                "batter": 2,
                "extras": 0,
                "total": 2
              }
            },
            {
              "batter": "LMM Tahuhu",
              "bowler": "Asmavia Iqbal",
              "non_striker": "KT Perkins",
              "runs": {
                "batter": 0,
                "extras": 0,
                "total": 0
              },
              "wickets": [
                {
                  "kind": "run out",
                  "player_out": "LMM Tahuhu",
                  "fielders": [
                    {
                      "name": "Bismah Maroof"
                    }
                  ]
                }
              ]
            },
            {
              "batter": "KT Perkins",
              "bowler": "Asmavia Iqbal",
              "non_striker": "AC Kerr",
              "runs": {
                "batter": 0,
                "extras": 0,
                "total": 0
              },
              "wickets": [
                {
                  "kind": "caught",
                  "player_out": "KT Perkins",
                  "fielders": [
                    {
                      "name": "Nain Abidi"
                    }
                  ]
                }
              ]
            },
            {
              "batter": "AC Kerr",
              "bowler": "Asmavia Iqbal",
              "non_striker": "MJG Nielsen",
              "runs": {
                "batter": 1,
                "extras": 0,
                "total": 1
              }
            }
          ]
        }
      ],
      "powerplays": [
        {
          "from": 0.1,
          "to": 5.6,
          "type": "mandatory"
        }
      ]
    },
    {
      "team": "Pakistan",
      "overs": [
        {
          "over": 0,
          "deliveries": [
            {
              "batter": "Ayesha Zafar",
              "bowler": "MJG Nielsen",
              "non_striker": "Javeria Khan",
              "runs": {
                "batter": 0,
                "extras": 0,
                "total": 0
              }
            },
            {
              "batter": "Ayesha Zafar",
              "bowler": "MJG Nielsen",
              "non_striker": "Javeria Khan",
              "runs": {
                "batter": 1,
                "extras": 0,
                "total": 1
              }
            },
            {
              "batter": "Javeria Khan",
              "bowler": "MJG Nielsen",
              "non_striker": "Ayesha Zafar",
              "runs": {
                "batter": 0,
                "extras": 0,
                "total": 0
              }
            },
            {
              "batter": "Javeria Khan",
              "bowler": "MJG Nielsen",
              "non_striker": "Ayesha Zafar",
              "runs": {
                "batter": 1,
                "extras": 0,
                "total": 1
              }
            },
            {
              "batter": "Ayesha Zafar",
              "bowler": "MJG Nielsen",
              "non_striker": "Javeria Khan",
              "runs": {
                "batter": 0,
                "extras": 0,
                "total": 0
              }
            },
            {
              "batter": "Ayesha Zafar",
              "bowler": "MJG Nielsen",
              "non_striker": "Javeria Khan",
              "runs": {
                "batter": 0,
                "extras": 0,
                "total": 0
              }
            }
          ]
        },
        {
          "over": 1,
          "deliveries": [
            {
              "batter": "Javeria Khan",
              "bowler": "LMM Tahuhu",
              "non_striker": "Ayesha Zafar",
              "runs": {
                "batter": 0,
                "extras": 0,
                "total": 0
              },
              "wickets": [
                {
                  "kind": "caught",
                  "player_out": "Javeria Khan",
                  "fielders": [
                    {
                      "name": "EC Perry"
                    }
                  ]
                }
              ]
            },
            {
              "batter": "Ayesha Zafar",
              "bowler": "LMM Tahuhu",
              "non_striker": "Bismah Maroof",
              "runs": {
                "batter": 0,
                "extras": 0,
                "total": 0
              }
            },
            {
              "batter": "Ayesha Zafar",
              "bowler": "LMM Tahuhu",
              "non_striker": "Bismah Maroof",
              "runs": {
                "batter": 4,
                "extras": 0,
                "total": 4
              }
            },
            {
              "batter": "Ayesha Zafar",
              "bowler": "LMM Tahuhu",
              "non_striker": "Bismah Maroof",
              "runs": {
                "batter": 4,
                "extras": 0,
                "total": 4
              }
            },
            {
              "batter": "Ayesha Zafar",
              "bowler": "LMM Tahuhu",
              "non_striker": "Bismah Maroof",
              "runs": {
                "batter": 1,
                "extras": 0,
                "total": 1
              }
            },
            {
              "batter": "Bismah Maroof",
              "bowler": "LMM Tahuhu",
              "non_striker": "Ayesha Zafar",
              "runs": {
                "batter": 0,
                "extras": 0,
                "total": 0
              }
            }
          ]
        },
        {
          "over": 2,
          "deliveries": [
            {
              "batter": "Ayesha Zafar",
              "bowler": "MJG Nielsen",
              "extras": {
                "wides": 1
              },
              "non_striker": "Bismah Maroof",
              "runs": {
                "batter": 0,
                "extras": 1,
                "total": 1
              }
            },
            {
              "batter": "Ayesha Zafar",
              "bowler": "MJG Nielsen",
              "extras": {
                "wides": 1
              },
              "non_striker": "Bismah Maroof",
              "runs": {
                "batter": 0,
                "extras": 1,
                "total": 1
              }
            },
            {
              "batter": "Ayesha Zafar",
              "bowler": "MJG Nielsen",
              "non_striker": "Bismah Maroof",
              "runs": {
                "batter": 1,
                "extras": 0,
                "total": 1
              }
            },
            {
              "batter": "Bismah Maroof",
              "bowler": "MJG Nielsen",
              "non_striker": "Ayesha Zafar",
              "runs": {
                "batter": 0,
                "extras": 0,
                "total": 0
              }
            },
            {
              "batter": "Bismah Maroof",
              "bowler": "MJG Nielsen",
              "non_striker": "Ayesha Zafar",
              "runs": {
                "batter": 1,
                "extras": 0,
                "total": 1
              }
            },
            {
              "batter": "Ayesha Zafar",
              "bowler": "MJG Nielsen",
              "non_striker": "Bismah Maroof",
              "runs": {
                "batter": 1,
                "extras": 0,
                "total": 1
              }
            },
            {
              "batter": "Bismah Maroof",
              "bowler": "MJG Nielsen",
              "non_striker": "Ayesha Zafar",
              "runs": {
                "batter": 0,
                "extras": 0,
                "total": 0
              },
              "wickets": [
                {
                  "kind": "run out",
                  "player_out": "Bismah Maroof",
                  "fielders": [
                    {
                      "name": "LMM Tahuhu"
                    },
                    {
                      "name": "SW Bates"
                    },
                    {
                      "name": "MJG Nielsen"
                    }
                  ]
                }
              ]
            },
            {
              "batter": "Ayesha Zafar",
              "bowler": "MJG Nielsen",
              "non_striker": "Nain Abidi",
              "runs": {
                "batter": 0,
                "extras": 0,
                "total": 0
              }
            }
          ]
        },
        {
          "over": 3,
          "deliveries": [
            {
              "batter": "Nain Abidi",
              "bowler": "LMM Tahuhu",
              "non_striker": "Ayesha Zafar",
              "runs": {
                "batter": 0,
                "extras": 0,
                "total": 0
              }
            },
            {
              "batter": "Nain Abidi",
              "bowler": "LMM Tahuhu",
              "non_striker": "Ayesha Zafar",
              "runs": {
                "batter": 0,
                "extras": 0,
                "total": 0
              },
              "wickets": [
                {
                  "kind": "bowled",
                  "player_out": "Nain Abidi"
                }
              ]
            },
            {
              "batter": "Iram Javed",
              "bowler": "LMM Tahuhu",
              "non_striker": "Ayesha Zafar",
              "runs": {
                "batter": 0,
                "extras": 0,
                "total": 0
              }
            },
            {
              "batter": "Iram Javed",
              "bowler": "LMM Tahuhu",
              "extras": {
                "wides": 1
              },
              "non_striker": "Ayesha Zafar",
              "runs": {
                "batter": 0,
                "extras": 1,
                "total": 1
              }
            },
            {
              "batter": "Iram Javed",
              "bowler": "LMM Tahuhu",
              "non_striker": "Ayesha Zafar",
              "runs": {
                "batter": 0,
                "extras": 0,
                "total": 0
              }
            },
            {
              "batter": "Iram Javed",
              "bowler": "LMM Tahuhu",
              "non_striker": "Ayesha Zafar",
              "runs": {
                "batter": 0,
                "extras": 0,
                "total": 0
              }
            },
            {
              "batter": "Iram Javed",
              "bowler": "LMM Tahuhu",
              "extras": {
                "wides": 1
              },
              "non_striker": "Ayesha Zafar",
              "runs": {
                "batter": 0,
                "extras": 1,
                "total": 1
              }
            },
            {
              "batter": "Iram Javed",
              "bowler": "LMM Tahuhu",
              "non_striker": "Ayesha Zafar",
              "runs": {
                "batter": 0,
                "extras": 0,
                "total": 0
              }
            }
          ]
        },
        {
          "over": 4,
          "deliveries": [
            {
              "batter": "Ayesha Zafar",
              "bowler": "AE Satterthwaite",
              "non_striker": "Iram Javed",
              "runs": {
                "batter": 0,
                "extras": 0,
                "total": 0
              }
            },
            {
              "batter": "Ayesha Zafar",
              "bowler": "AE Satterthwaite",
              "non_striker": "Iram Javed",
              "runs": {
                "batter": 1,
                "extras": 0,
                "total": 1
              }
            },
            {
              "batter": "Iram Javed",
              "bowler": "AE Satterthwaite",
              "non_striker": "Ayesha Zafar",
              "runs": {
                "batter": 1,
                "extras": 0,
                "total": 1
              }
            },
            {
              "batter": "Ayesha Zafar",
              "bowler": "AE Satterthwaite",
              "non_striker": "Iram Javed",
              "runs": {
                "batter": 1,
                "extras": 0,
                "total": 1
              }
            },
            {
              "batter": "Iram Javed",
              "bowler": "AE Satterthwaite",
              "non_striker": "Ayesha Zafar",
              "runs": {
                "batter": 0,
                "extras": 0,
                "total": 0
              }
            },
            {
              "batter": "Iram Javed",
              "bowler": "AE Satterthwaite",
              "non_striker": "Ayesha Zafar",
              "runs": {
                "batter": 0,
                "extras": 0,
                "total": 0
              }
            }
          ]
        },
        {
          "over": 5,
          "deliveries": [
            {
              "batter": "Ayesha Zafar",
              "bowler": "LMM Tahuhu",
              "non_striker": "Iram Javed",
              "runs": {
                "batter": 0,
                "extras": 0,
                "total": 0
              }
            },
            {
              "batter": "Ayesha Zafar",
              "bowler": "LMM Tahuhu",
              "extras": {
                "wides": 1
              },
              "non_striker": "Iram Javed",
              "runs": {
                "batter": 0,
                "extras": 1,
                "total": 1
              }
            },
            {
              "batter": "Ayesha Zafar",
              "bowler": "LMM Tahuhu",
              "non_striker": "Iram Javed",
              "runs": {
                "batter": 0,
                "extras": 0,
                "total": 0
              },
              "wickets": [
                {
                  "kind": "caught",
                  "player_out": "Ayesha Zafar",
                  "fielders": [
                    {
                      "name": "AE Satterthwaite"
                    }
                  ]
                }
              ]
            },
            {
              "batter": "Iram Javed",
              "bowler": "LMM Tahuhu",
              "non_striker": "Nida Dar",
              "runs": {
                "batter": 1,
                "extras": 0,
                "total": 1
              }
            },
            {
              "batter": "Nida Dar",
              "bowler": "LMM Tahuhu",
              "non_striker": "Iram Javed",
              "runs": {
                "batter": 0,
                "extras": 0,
                "total": 0
              }
            },
            {
              "batter": "Nida Dar",
              "bowler": "LMM Tahuhu",
              "non_striker": "Iram Javed",
              "runs": {
                "batter": 0,
                "extras": 0,
                "total": 0
              }
            },
            {
              "batter": "Nida Dar",
              "bowler": "LMM Tahuhu",
              "non_striker": "Iram Javed",
              "runs": {
                "batter": 1,
                "extras": 0,
                "total": 1
              }
            }
          ]
        },
        {
          "over": 6,
          "deliveries": [
            {
              "batter": "Nida Dar",
              "bowler": "AE Satterthwaite",
              "non_striker": "Iram Javed",
              "runs": {
                "batter": 0,
                "extras": 0,
                "total": 0
              }
            },
            {
              "batter": "Nida Dar",
              "bowler": "AE Satterthwaite",
              "non_striker": "Iram Javed",
              "runs": {
                "batter": 1,
                "extras": 0,
                "total": 1
              }
            },
            {
              "batter": "Iram Javed",
              "bowler": "AE Satterthwaite",
              "non_striker": "Nida Dar",
              "runs": {
                "batter": 0,
                "extras": 0,
                "total": 0
              }
            },
            {
              "batter": "Iram Javed",
              "bowler": "AE Satterthwaite",
              "non_striker": "Nida Dar",
              "runs": {
                "batter": 0,
                "extras": 0,
                "total": 0
              }
            },
            {
              "batter": "Iram Javed",
              "bowler": "AE Satterthwaite",
              "non_striker": "Nida Dar",
              "runs": {
                "batter": 1,
                "extras": 0,
                "total": 1
              }
            },
            {
              "batter": "Nida Dar",
              "bowler": "AE Satterthwaite",
              "non_striker": "Iram Javed",
              "runs": {
                "batter": 0,
                "extras": 0,
                "total": 0
              }
            }
          ]
        },
        {
          "over": 7,
          "deliveries": [
            {
              "batter": "Iram Javed",
              "bowler": "LMM Tahuhu",
              "non_striker": "Nida Dar",
              "runs": {
                "batter": 0,
                "extras": 0,
                "total": 0
              }
            },
            {
              "batter": "Iram Javed",
              "bowler": "LMM Tahuhu",
              "non_striker": "Nida Dar",
              "runs": {
                "batter": 1,
                "extras": 0,
                "total": 1
              }
            },
            {
              "batter": "Nida Dar",
              "bowler": "LMM Tahuhu",
              "non_striker": "Iram Javed",
              "runs": {
                "batter": 0,
                "extras": 0,
                "total": 0
              }
            },
            {
              "batter": "Nida Dar",
              "bowler": "LMM Tahuhu",
              "non_striker": "Iram Javed",
              "runs": {
                "batter": 1,
                "extras": 0,
                "total": 1
              }
            },
            {
              "batter": "Iram Javed",
              "bowler": "LMM Tahuhu",
              "non_striker": "Nida Dar",
              "runs": {
                "batter": 0,
                "extras": 0,
                "total": 0
              }
            },
            {
              "batter": "Iram Javed",
              "bowler": "LMM Tahuhu",
              "non_striker": "Nida Dar",
              "runs": {
                "batter": 1,
                "extras": 0,
                "total": 1
              }
            }
          ]
        },
        {
          "over": 8,
          "deliveries": [
            {
              "batter": "Iram Javed",
              "bowler": "TMM Newton",
              "non_striker": "Nida Dar",
              "runs": {
                "batter": 0,
                "extras": 0,
                "total": 0
              }
            },
            {
              "batter": "Iram Javed",
              "bowler": "TMM Newton",
              "non_striker": "Nida Dar",
              "runs": {
                "batter": 1,
                "extras": 0,
                "total": 1
              }
            },
            {
              "batter": "Nida Dar",
              "bowler": "TMM Newton",
              "non_striker": "Iram Javed",
              "runs": {
                "batter": 0,
                "extras": 0,
                "total": 0
              }
            },
            {
              "batter": "Nida Dar",
              "bowler": "TMM Newton",
              "non_striker": "Iram Javed",
              "runs": {
                "batter": 4,
                "extras": 0,
                "total": 4
              }
            },
            {
              "batter": "Nida Dar",
              "bowler": "TMM Newton",
              "non_striker": "Iram Javed",
              "runs": {
                "batter": 0,
                "extras": 0,
                "total": 0
              }
            },
            {
              "batter": "Nida Dar",
              "bowler": "TMM Newton",
              "non_striker": "Iram Javed",
              "runs": {
                "batter": 0,
                "extras": 0,
                "total": 0
              },
              "wickets": [
                {
                  "kind": "lbw",
                  "player_out": "Nida Dar"
                }
              ]
            }
          ]
        },
        {
          "over": 9,
          "deliveries": [
            {
              "batter": "Iram Javed",
              "bowler": "SFM Devine",
              "non_striker": "Asmavia Iqbal",
              "runs": {
                "batter": 0,
                "extras": 0,
                "total": 0
              }
            },
            {
              "batter": "Iram Javed",
              "bowler": "SFM Devine",
              "non_striker": "Asmavia Iqbal",
              "runs": {
                "batter": 4,
                "extras": 0,
                "total": 4
              }
            },
            {
              "batter": "Iram Javed",
              "bowler": "SFM Devine",
              "non_striker": "Asmavia Iqbal",
              "runs": {
                "batter": 0,
                "extras": 0,
                "total": 0
              }
            },
            {
              "batter": "Iram Javed",
              "bowler": "SFM Devine",
              "non_striker": "Asmavia Iqbal",
              "runs": {
                "batter": 4,
                "extras": 0,
                "total": 4
              }
            },
            {
              "batter": "Iram Javed",
              "bowler": "SFM Devine",
              "non_striker": "Asmavia Iqbal",
              "runs": {
                "batter": 1,
                "extras": 0,
                "total": 1
              }
            },
            {
              "batter": "Asmavia Iqbal",
              "bowler": "SFM Devine",
              "non_striker": "Iram Javed",
              "runs": {
                "batter": 0,
                "extras": 0,
                "total": 0
              }
            }
          ]
        },
        {
          "over": 10,
          "deliveries": [
            {
              "batter": "Iram Javed",
              "bowler": "TMM Newton",
              "non_striker": "Asmavia Iqbal",
              "runs": {
                "batter": 1,
                "extras": 0,
                "total": 1
              }
            },
            {
              "batter": "Asmavia Iqbal",
              "bowler": "TMM Newton",
              "non_striker": "Iram Javed",
              "runs": {
                "batter": 1,
                "extras": 0,
                "total": 1
              }
            },
            {
              "batter": "Iram Javed",
              "bowler": "TMM Newton",
              "extras": {
                "wides": 5
              },
              "non_striker": "Asmavia Iqbal",
              "runs": {
                "batter": 0,
                "extras": 5,
                "total": 5
              }
            },
            {
              "batter": "Iram Javed",
              "bowler": "TMM Newton",
              "extras": {
                "wides": 1
              },
              "non_striker": "Asmavia Iqbal",
              "runs": {
                "batter": 0,
                "extras": 1,
                "total": 1
              }
            },
            {
              "batter": "Iram Javed",
              "bowler": "TMM Newton",
              "non_striker": "Asmavia Iqbal",
              "runs": {
                "batter": 0,
                "extras": 0,
                "total": 0
              },
              "wickets": [
                {
                  "kind": "caught",
                  "player_out": "Iram Javed",
                  "fielders": [
                    {
                      "name": "SW Bates"
                    }
                  ]
                }
              ]
            },
            {
              "batter": "Sidra Nawaz",
              "bowler": "TMM Newton",
              "non_striker": "Asmavia Iqbal",
              "runs": {
                "batter": 0,
                "extras": 0,
                "total": 0
              }
            },
            {
              "batter": "Sidra Nawaz",
              "bowler": "TMM Newton",
              "non_striker": "Asmavia Iqbal",
              "runs": {
                "batter": 1,
                "extras": 0,
                "total": 1
              }
            },
            {
              "batter": "Asmavia Iqbal",
              "bowler": "TMM Newton",
              "non_striker": "Sidra Nawaz",
              "runs": {
                "batter": 0,
                "extras": 0,
                "total": 0
              }
            }
          ]
        },
        {
          "over": 11,
          "deliveries": [
            {
              "batter": "Sidra Nawaz",
              "bowler": "AC Kerr",
              "non_striker": "Asmavia Iqbal",
              "runs": {
                "batter": 0,
                "extras": 0,
                "total": 0
              }
            },
            {
              "batter": "Sidra Nawaz",
              "bowler": "AC Kerr",
              "non_striker": "Asmavia Iqbal",
              "runs": {
                "batter": 1,
                "extras": 0,
                "total": 1
              }
            },
            {
              "batter": "Asmavia Iqbal",
              "bowler": "AC Kerr",
              "non_striker": "Sidra Nawaz",
              "runs": {
                "batter": 1,
                "extras": 0,
                "total": 1
              }
            },
            {
              "batter": "Sidra Nawaz",
              "bowler": "AC Kerr",
              "non_striker": "Asmavia Iqbal",
              "runs": {
                "batter": 0,
                "extras": 0,
                "total": 0
              },
              "wickets": [
                {
                  "kind": "caught",
                  "player_out": "Sidra Nawaz",
                  "fielders": [
                    {
                      "name": "AE Satterthwaite"
                    }
                  ]
                }
              ]
            },
            {
              "batter": "Asmavia Iqbal",
              "bowler": "AC Kerr",
              "non_striker": "Sana Mir",
              "runs": {
                "batter": 0,
                "extras": 0,
                "total": 0
              }
            },
            {
              "batter": "Asmavia Iqbal",
              "bowler": "AC Kerr",
              "non_striker": "Sana Mir",
              "runs": {
                "batter": 1,
                "extras": 0,
                "total": 1
              }
            }
          ]
        },
        {
          "over": 12,
          "deliveries": [
            {
              "batter": "Asmavia Iqbal",
              "bowler": "SW Bates",
              "non_striker": "Sana Mir",
              "runs": {
                "batter": 0,
                "extras": 0,
                "total": 0
              }
            },
            {
              "batter": "Asmavia Iqbal",
              "bowler": "SW Bates",
              "non_striker": "Sana Mir",
              "runs": {
                "batter": 1,
                "extras": 0,
                "total": 1
              }
            },
            {
              "batter": "Sana Mir",
              "bowler": "SW Bates",
              "non_striker": "Asmavia Iqbal",
              "runs": {
                "batter": 0,
                "extras": 0,
                "total": 0
              }
            },
            {
              "batter": "Sana Mir",
              "bowler": "SW Bates",
              "non_striker": "Asmavia Iqbal",
              "runs": {
                "batter": 2,
                "extras": 0,
                "total": 2
              }
            },
            {
              "batter": "Sana Mir",
              "bowler": "SW Bates",
              "non_striker": "Asmavia Iqbal",
              "runs": {
                "batter": 1,
                "extras": 0,
                "total": 1
              }
            },
            {
              "batter": "Asmavia Iqbal",
              "bowler": "SW Bates",
              "non_striker": "Sana Mir",
              "runs": {
                "batter": 0,
                "extras": 0,
                "total": 0
              }
            }
          ]
        },
        {
          "over": 13,
          "deliveries": [
            {
              "batter": "Sana Mir",
              "bowler": "AC Kerr",
              "non_striker": "Asmavia Iqbal",
              "runs": {
                "batter": 1,
                "extras": 0,
                "total": 1
              }
            },
            {
              "batter": "Asmavia Iqbal",
              "bowler": "AC Kerr",
              "non_striker": "Sana Mir",
              "runs": {
                "batter": 0,
                "extras": 0,
                "total": 0
              },
              "wickets": [
                {
                  "kind": "lbw",
                  "player_out": "Asmavia Iqbal"
                }
              ]
            },
            {
              "batter": "Aliya Riaz",
              "bowler": "AC Kerr",
              "non_striker": "Sana Mir",
              "runs": {
                "batter": 0,
                "extras": 0,
                "total": 0
              }
            },
            {
              "batter": "Aliya Riaz",
              "bowler": "AC Kerr",
              "non_striker": "Sana Mir",
              "runs": {
                "batter": 0,
                "extras": 0,
                "total": 0
              }
            },
            {
              "batter": "Aliya Riaz",
              "bowler": "AC Kerr",
              "non_striker": "Sana Mir",
              "runs": {
                "batter": 4,
                "extras": 0,
                "total": 4
              }
            },
            {
              "batter": "Aliya Riaz",
              "bowler": "AC Kerr",
              "non_striker": "Sana Mir",
              "runs": {
                "batter": 0,
                "extras": 0,
                "total": 0
              }
            }
          ]
        },
        {
          "over": 14,
          "deliveries": [
            {
              "batter": "Sana Mir",
              "bowler": "SW Bates",
              "non_striker": "Aliya Riaz",
              "runs": {
                "batter": 1,
                "extras": 0,
                "total": 1
              }
            },
            {
              "batter": "Aliya Riaz",
              "bowler": "SW Bates",
              "non_striker": "Sana Mir",
              "runs": {
                "batter": 1,
                "extras": 0,
                "total": 1
              }
            },
            {
              "batter": "Sana Mir",
              "bowler": "SW Bates",
              "non_striker": "Aliya Riaz",
              "runs": {
                "batter": 1,
                "extras": 0,
                "total": 1
              }
            },
            {
              "batter": "Aliya Riaz",
              "bowler": "SW Bates",
              "non_striker": "Sana Mir",
              "runs": {
                "batter": 2,
                "extras": 0,
                "total": 2
              }
            },
            {
              "batter": "Aliya Riaz",
              "bowler": "SW Bates",
              "non_striker": "Sana Mir",
              "runs": {
                "batter": 1,
                "extras": 0,
                "total": 1
              }
            },
            {
              "batter": "Sana Mir",
              "bowler": "SW Bates",
              "non_striker": "Aliya Riaz",
              "runs": {
                "batter": 1,
                "extras": 0,
                "total": 1
              }
            }
          ]
        },
        {
          "over": 15,
          "deliveries": [
            {
              "batter": "Sana Mir",
              "bowler": "AC Kerr",
              "non_striker": "Aliya Riaz",
              "runs": {
                "batter": 0,
                "extras": 0,
                "total": 0
              }
            },
            {
              "batter": "Sana Mir",
              "bowler": "AC Kerr",
              "non_striker": "Aliya Riaz",
              "runs": {
                "batter": 0,
                "extras": 0,
                "total": 0
              }
            },
            {
              "batter": "Sana Mir",
              "bowler": "AC Kerr",
              "non_striker": "Aliya Riaz",
              "runs": {
                "batter": 1,
                "extras": 0,
                "total": 1
              }
            },
            {
              "batter": "Aliya Riaz",
              "bowler": "AC Kerr",
              "non_striker": "Sana Mir",
              "runs": {
                "batter": 1,
                "extras": 0,
                "total": 1
              }
            },
            {
              "batter": "Sana Mir",
              "bowler": "AC Kerr",
              "non_striker": "Aliya Riaz",
              "runs": {
                "batter": 1,
                "extras": 0,
                "total": 1
              }
            },
            {
              "batter": "Aliya Riaz",
              "bowler": "AC Kerr",
              "non_striker": "Sana Mir",
              "runs": {
                "batter": 0,
                "extras": 0,
                "total": 0
              }
            }
          ]
        },
        {
          "over": 16,
          "deliveries": [
            {
              "batter": "Sana Mir",
              "bowler": "AE Satterthwaite",
              "non_striker": "Aliya Riaz",
              "runs": {
                "batter": 1,
                "extras": 0,
                "total": 1
              }
            },
            {
              "batter": "Aliya Riaz",
              "bowler": "AE Satterthwaite",
              "non_striker": "Sana Mir",
              "runs": {
                "batter": 4,
                "extras": 0,
                "total": 4
              }
            },
            {
              "batter": "Aliya Riaz",
              "bowler": "AE Satterthwaite",
              "non_striker": "Sana Mir",
              "runs": {
                "batter": 1,
                "extras": 0,
                "total": 1
              }
            },
            {
              "batter": "Sana Mir",
              "bowler": "AE Satterthwaite",
              "non_striker": "Aliya Riaz",
              "runs": {
                "batter": 4,
                "extras": 0,
                "total": 4
              }
            },
            {
              "batter": "Sana Mir",
              "bowler": "AE Satterthwaite",
              "non_striker": "Aliya Riaz",
              "runs": {
                "batter": 1,
                "extras": 0,
                "total": 1
              }
            },
            {
              "batter": "Aliya Riaz",
              "bowler": "AE Satterthwaite",
              "non_striker": "Sana Mir",
              "runs": {
                "batter": 0,
                "extras": 0,
                "total": 0
              }
            }
          ]
        },
        {
          "over": 17,
          "deliveries": [
            {
              "batter": "Sana Mir",
              "bowler": "AC Kerr",
              "extras": {
                "noballs": 1
              },
              "non_striker": "Aliya Riaz",
              "runs": {
                "batter": 0,
                "extras": 1,
                "total": 1
              }
            },
            {
              "batter": "Sana Mir",
              "bowler": "AC Kerr",
              "non_striker": "Aliya Riaz",
              "runs": {
                "batter": 1,
                "extras": 0,
                "total": 1
              }
            },
            {
              "batter": "Aliya Riaz",
              "bowler": "AC Kerr",
              "non_striker": "Sana Mir",
              "runs": {
                "batter": 0,
                "extras": 0,
                "total": 0
              }
            },
            {
              "batter": "Aliya Riaz",
              "bowler": "AC Kerr",
              "non_striker": "Sana Mir",
              "runs": {
                "batter": 1,
                "extras": 0,
                "total": 1
              }
            },
            {
              "batter": "Sana Mir",
              "bowler": "AC Kerr",
              "non_striker": "Aliya Riaz",
              "runs": {
                "batter": 1,
                "extras": 0,
                "total": 1
              }
            },
            {
              "batter": "Aliya Riaz",
              "bowler": "AC Kerr",
              "non_striker": "Sana Mir",
              "runs": {
                "batter": 1,
                "extras": 0,
                "total": 1
              }
            },
            {
              "batter": "Sana Mir",
              "bowler": "AC Kerr",
              "non_striker": "Aliya Riaz",
              "runs": {
                "batter": 0,
                "extras": 0,
                "total": 0
              },
              "wickets": [
                {
                  "kind": "bowled",
                  "player_out": "Sana Mir"
                }
              ]
            }
          ]
        },
        {
          "over": 18,
          "deliveries": [
            {
              "batter": "Aliya Riaz",
              "bowler": "SW Bates",
              "non_striker": "Sadia Yousuf",
              "runs": {
                "batter": 0,
                "extras": 0,
                "total": 0
              }
            },
            {
              "batter": "Aliya Riaz",
              "bowler": "SW Bates",
              "non_striker": "Sadia Yousuf",
              "runs": {
                "batter": 1,
                "extras": 0,
                "total": 1
              }
            },
            {
              "batter": "Sadia Yousuf",
              "bowler": "SW Bates",
              "non_striker": "Aliya Riaz",
              "runs": {
                "batter": 1,
                "extras": 0,
                "total": 1
              }
            },
            {
              "batter": "Aliya Riaz",
              "bowler": "SW Bates",
              "non_striker": "Sadia Yousuf",
              "runs": {
                "batter": 1,
                "extras": 0,
                "total": 1
              }
            },
            {
              "batter": "Sadia Yousuf",
              "bowler": "SW Bates",
              "non_striker": "Aliya Riaz",
              "runs": {
                "batter": 0,
                "extras": 0,
                "total": 0
              }
            },
            {
              "batter": "Sadia Yousuf",
              "bowler": "SW Bates",
              "non_striker": "Aliya Riaz",
              "runs": {
                "batter": 0,
                "extras": 0,
                "total": 0
              }
            }
          ]
        },
        {
          "over": 19,
          "deliveries": [
            {
              "batter": "Aliya Riaz",
              "bowler": "TMM Newton",
              "non_striker": "Sadia Yousuf",
              "runs": {
                "batter": 1,
                "extras": 0,
                "total": 1
              }
            },
            {
              "batter": "Sadia Yousuf",
              "bowler": "TMM Newton",
              "non_striker": "Aliya Riaz",
              "runs": {
                "batter": 1,
                "extras": 0,
                "total": 1
              }
            },
            {
              "batter": "Aliya Riaz",
              "bowler": "TMM Newton",
              "non_striker": "Sadia Yousuf",
              "runs": {
                "batter": 4,
                "extras": 0,
                "total": 4
              }
            },
            {
              "batter": "Aliya Riaz",
              "bowler": "TMM Newton",
              "non_striker": "Sadia Yousuf",
              "runs": {
                "batter": 4,
                "extras": 0,
                "total": 4
              }
            },
            {
              "batter": "Aliya Riaz",
              "bowler": "TMM Newton",
              "non_striker": "Sadia Yousuf",
              "runs": {
                "batter": 1,
                "extras": 0,
                "total": 1
              }
            },
            {
              "batter": "Sadia Yousuf",
              "bowler": "TMM Newton",
              "non_striker": "Aliya Riaz",
              "runs": {
                "batter": 0,
                "extras": 0,
                "total": 0
              },
              "wickets": [
                {
                  "kind": "run out",
                  "player_out": "Sadia Yousuf",
                  "fielders": [
                    {
                      "name": "AC Kerr"
                    },
                    {
                      "name": "RH Priest"
                    }
                  ]
                }
              ]
            }
          ]
        }
      ],
      "powerplays": [
        {
          "from": 0.1,
          "to": 5.7,
          "type": "mandatory"
        }
      ],
      "target": {
        "overs": 20,
        "runs": 119
      }
    }
  ]
}