{
  "meta": {
    "data_version": "1.0.0",
    "created": "2016-12-11",
    "revision": 1
  },
  "info": {
    "balls_per_over": 6,
    "city": "Bangkok",
    "dates": [
      "2016-12-04"
    ],
    "event": {
      "name": "Asian Cricket Council Women's Twenty20 Asia Cup",
      "stage": "Final"
    },
    "gender": "female",
    "match_type": "T20",
    "match_type_number": 380,
    "officials": {
      "match_referees": [
        "GF Labrooy"
      ],
      "reserve_umpires": [
        "AK Rana"
      ],
      "umpires": [
        "BB Pradhan",
        "Sarika Prasad"
      ]
    },
    "outcome": {
      "by": {
        "runs": 17
      },
      "winner": "India"
    },
    "overs": 20,
    "player_of_match": [
      "M Raj"
    ],
    "players": {
      "India": [
        "M Raj",
        "S Mandhana",
        "S Meghana",
        "V Krishnamurthy",
        "H Kaur",
        "J Goswami",
        "AA Patil",
        "S Pandey",
        "Preeti Bose",
        "S Verma",
        "E Bisht"
      ],
      "Pakistan": [
        "Ayesha Zafar",
        "Javeria Khan",
        "Asmavia Iqbal",
        "Bismah Maroof",
        "Nain Abidi",
        "Iram Javed",
        "Nida Dar",
        "Sana Mir",
        "Anam Amin",
        "Sidra Nawaz",
        "Sadia Yousuf"
      ]
    },
    "registry": {
      "people": {
        "AA Patil": "7c1ba524",
        "AK Rana": "562d74d0",
        "Anam Amin": "06653fcc",
        "Asmavia Iqbal": "98dfe425",
        "Ayesha Zafar": "e15f4fa4",
        "BB Pradhan": "8603d942",
        "Bismah Maroof": "3b770527",
        "E Bisht": "705489eb",
        "GF Labrooy": "8e088dbc",
        "H Kaur": "53cd8da6",
        "Iram Javed": "dc596fac",
        "J Goswami": "84f1ae7f",
        "Javeria Khan": "d921449d",
        "M Raj": "ec2269dc",
        "Nain Abidi": "5486d41f",
        "Nida Dar": "ed840f44",
        "Preeti Bose": "ca1a3105",
        "S Mandhana": "5d2eda89",
        "S Meghana": "302fb7ae",
        "S Pandey": "5463cb7a",
        "S Verma": "185e6c0c",
        "Sadia Yousuf": "3cfbddce",
        "Sana Mir": "b287e7b1",
        "Sarika Prasad": "8ff397fa",
        "Sidra Nawaz": "ca3ded6f",
        "V Krishnamurthy": "c3f21798"
      }
    },
    "season": "2016/17",
    "team_type": "international",
    "teams": [
      "India",
      "Pakistan"
    ],
    "toss": {
      "decision": "bat",
      "winner": "India"
    },
    "venue": "Asian Institute of Technology Ground"
  },
  "innings": [
    {
      "team": "India",
      "overs": [
        {
          "over": 0,
          "deliveries": [
            {
              "batter": "M Raj",
              "bowler": "Asmavia Iqbal",
              "extras": {
                "wides": 1
              },
              "non_striker": "S Mandhana",
              "runs": {
                "batter": 0,
                "extras": 1,
                "total": 1
              }
            },
            {
              "batter": "M Raj",
              "bowler": "Asmavia Iqbal",
              "non_striker": "S Mandhana",
              "runs": {
                "batter": 4,
                "extras": 0,
                "total": 4
              }
            },
            {
              "batter": "M Raj",
              "bowler": "Asmavia Iqbal",
              "extras": {
                "wides": 1
              },
              "non_striker": "S Mandhana",
              "runs": {
                "batter": 0,
                "extras": 1,
                "total": 1
              }
            },
            {
              "batter": "M Raj",
              "bowler": "Asmavia Iqbal",
              "extras": {
                "wides": 1
              },
              "non_striker": "S Mandhana",
              "runs": {
                "batter": 0,
                "extras": 1,
                "total": 1
              }
            },
            {
              "batter": "M Raj",
              "bowler": "Asmavia Iqbal",
              "extras": {
                "wides": 1
              },
              "non_striker": "S Mandhana",
              "runs": {
                "batter": 0,
                "extras": 1,
                "total": 1
              }
            },
            {
              "batter": "M Raj",
              "bowler": "Asmavia Iqbal",
              "extras": {
                "wides": 1
              },
              "non_striker": "S Mandhana",
              "runs": {
                "batter": 0,
                "extras": 1,
                "total": 1
              }
            },
            {
              "batter": "M Raj",
              "bowler": "Asmavia Iqbal",
              "non_striker": "S Mandhana",
              "runs": {
                "batter": 0,
                "extras": 0,
                "total": 0
              }
            },
            {
              "batter": "M Raj",
              "bowler": "Asmavia Iqbal",
              "non_striker": "S Mandhana",
              "runs": {
                "batter": 0,
                "extras": 0,
                "total": 0
              }
            },
            {
              "batter": "M Raj",
              "bowler": "Asmavia Iqbal",
              "non_striker": "S Mandhana",
              "runs": {
                "batter": 0,
                "extras": 0,
                "total": 0
              }
            },
            {
              "batter": "M Raj",
              "bowler": "Asmavia Iqbal",
              "non_striker": "S Mandhana",
              "runs": {
                "batter": 1,
                "extras": 0,
                "total": 1
              }
            },
            {
              "batter": "S Mandhana",
              "bowler": "Asmavia Iqbal",
              "non_striker": "M Raj",
              "runs": {
                "batter": 0,
                "extras": 0,
                "total": 0
              }
            }
          ]
        },
        {
          "over": 1,
          "deliveries": [
            {
              "batter": "M Raj",
              "bowler": "Sana Mir",
              "non_striker": "S Mandhana",
              "runs": {
                "batter": 0,
                "extras": 0,
                "total": 0
              }
            },
            {
              "batter": "M Raj",
              "bowler": "Sana Mir",
              "non_striker": "S Mandhana",
              "runs": {
                "batter": 1,
                "extras": 0,
                "total": 1
              }
            },
            {
              "batter": "S Mandhana",
              "bowler": "Sana Mir",
              "non_striker": "M Raj",
              "runs": {
                "batter": 0,
                "extras": 0,
                "total": 0
              }
            },
            {
              "batter": "S Mandhana",
              "bowler": "Sana Mir",
              "non_striker": "M Raj",
              "runs": {
                "batter": 0,
                "extras": 0,
                "total": 0
              }
            },
            {
              "batter": "S Mandhana",
              "bowler": "Sana Mir",
              "non_striker": "M Raj",
              "runs": {
                "batter": 0,
                "extras": 0,
                "total": 0
              }
            },
            {
              "batter": "S Mandhana",
              "bowler": "Sana Mir",
              "non_striker": "M Raj",
              "runs": {
                "batter": 0,
                "extras": 0,
                "total": 0
              }
            }
          ]
        },
        {
          "over": 2,
          "deliveries": [
            {
              "batter": "M Raj",
              "bowler": "Anam Amin",
              "non_striker": "S Mandhana",
              "runs": {
                "batter": 0,
                "extras": 0,
                "total": 0
              }
            },
            {
              "batter": "M Raj",
              "bowler": "Anam Amin",
              "non_striker": "S Mandhana",
              "runs": {
                "batter": 4,
                "extras": 0,
                "total": 4
              }
            },
            {
              "batter": "M Raj",
              "bowler": "Anam Amin",
              "non_striker": "S Mandhana",
              "runs": {
                "batter": 0,
                "extras": 0,
                "total": 0
              }
            },
            {
              "batter": "M Raj",
              "bowler": "Anam Amin",
              "non_striker": "S Mandhana",
              "runs": {
                "batter": 1,
                "extras": 0,
                "total": 1
              }
            },
            {
              "batter": "S Mandhana",
              "bowler": "Anam Amin",
              "non_striker": "M Raj",
              "runs": {
                "batter": 2,
                "extras": 0,
                "total": 2
              }
            },
            {
              "batter": "S Mandhana",
              "bowler": "Anam Amin",
              "non_striker": "M Raj",
              "runs": {
                "batter": 1,
                "extras": 0,
                "total": 1
              }
            }
          ]
        },
        {
          "over": 3,
          "deliveries": [
            {
              "batter": "S Mandhana",
              "bowler": "Sana Mir",
              "non_striker": "M Raj",
              "runs": {
                "batter": 0,
                "extras": 0,
                "total": 0
              }
            },
            {
              "batter": "S Mandhana",
              "bowler": "Sana Mir",
              "non_striker": "M Raj",
              "runs": {
                "batter": 0,
                "extras": 0,
                "total": 0
              }
            },
            {
              "batter": "S Mandhana",
              "bowler": "Sana Mir",
              "non_striker": "M Raj",
              "runs": {
                "batter": 1,
                "extras": 0,
                "total": 1
              }
            },
            {
              "batter": "M Raj",
              "bowler": "Sana Mir",
              "non_striker": "S Mandhana",
              "runs": {
                "batter": 1,
                "extras": 0,
                "total": 1
              }
            },
            {
              "batter": "S Mandhana",
              "bowler": "Sana Mir",
              "non_striker": "M Raj",
              "runs": {
                "batter": 0,
                "extras": 0,
                "total": 0
              }
            },
            {
              "batter": "S Mandhana",
              "bowler": "Sana Mir",
              "non_striker": "M Raj",
              "runs": {
                "batter": 1,
                "extras": 0,
                "total": 1
              }
            }
          ]
        },
        {
          "over": 4,
          "deliveries": [
            {
              "batter": "S Mandhana",
              "bowler": "Anam Amin",
              "non_striker": "M Raj",
              "runs": {
                "batter": 1,
                "extras": 0,
                "total": 1
              }
            },
            {
              "batter": "M Raj",
              "bowler": "Anam Amin",
              "non_striker": "S Mandhana",
              "runs": {
                "batter": 0,
                "extras": 0,
                "total": 0
              }
            },
            {
              "batter": "M Raj",
              "bowler": "Anam Amin",
              "non_striker": "S Mandhana",
              "runs": {
                "batter": 0,
                "extras": 0,
                "total": 0
              }
            },
            {
              "batter": "M Raj",
              "bowler": "Anam Amin",
              "non_striker": "S Mandhana",
              "runs": {
                "batter": 1,
                "extras": 0,
                "total": 1
              }
            },
            {
              "batter": "S Mandhana",
              "bowler": "Anam Amin",
              "non_striker": "M Raj",
              "runs": {
                "batter": 0,
                "extras": 0,
                "total": 0
              },
              "wickets": [
                {
                  "kind": "caught",
                  "player_out": "S Mandhana",
                  "fielders": [
                    {
                      "name": "Asmavia Iqbal"
                    }
                  ]
                }
              ]
            },
            {
              "batter": "M Raj",
              "bowler": "Anam Amin",
              "non_striker": "S Meghana",
              "runs": {
                "batter": 4,
                "extras": 0,
                "total": 4
              }
            }
          ]
        },
        {
          "over": 5,
          "deliveries": [
            {
              "batter": "S Meghana",
              "bowler": "Asmavia Iqbal",
              "non_striker": "M Raj",
              "runs": {
                "batter": 1,
                "extras": 0,
                "total": 1
              }
            },
            {
              "batter": "M Raj",
              "bowler": "Asmavia Iqbal",
              "non_striker": "S Meghana",
              "runs": {
                "batter": 0,
                "extras": 0,
                "total": 0
              }
            },
            {
              "batter": "M Raj",
              "bowler": "Asmavia Iqbal",
              "non_striker": "S Meghana",
              "runs": {
                "batter": 1,
                "extras": 0,
                "total": 1
              }
            },
            {
              "batter": "S Meghana",
              "bowler": "Asmavia Iqbal",
              "non_striker": "M Raj",
              "runs": {
                "batter": 0,
                "extras": 0,
                "total": 0
              }
            },
            {
              "batter": "S Meghana",
              "bowler": "Asmavia Iqbal",
              "non_striker": "M Raj",
              "runs": {
                "batter": 0,
                "extras": 0,
                "total": 0
              }
            },
            {
              "batter": "S Meghana",
              "bowler": "Asmavia Iqbal",
              "non_striker": "M Raj",
              "runs": {
                "batter": 0,
                "extras": 0,
                "total": 0
              }
            }
          ]
        },
        {
          "over": 6,
          "deliveries": [
            {
              "batter": "M Raj",
              "bowler": "Anam Amin",
              "non_striker": "S Meghana",
              "runs": {
                "batter": 1,
                "extras": 0,
                "total": 1
              }
            },
            {
              "batter": "S Meghana",
              "bowler": "Anam Amin",
              "non_striker": "M Raj",
              "runs": {
                "batter": 0,
                "extras": 0,
                "total": 0
              }
            },
            {
              "batter": "S Meghana",
              "bowler": "Anam Amin",
              "non_striker": "M Raj",
              "runs": {
                "batter": 0,
                "extras": 0,
                "total": 0
              }
            },
            {
              "batter": "S Meghana",
              "bowler": "Anam Amin",
              "non_striker": "M Raj",
              "runs": {
                "batter": 0,
                "extras": 0,
                "total": 0
              }
            },
            {
              "batter": "S Meghana",
              "bowler": "Anam Amin",
              "non_striker": "M Raj",
              "runs": {
                "batter": 1,
                "extras": 0,
                "total": 1
              }
            },
            {
              "batter": "M Raj",
              "bowler": "Anam Amin",
              "non_striker": "S Meghana",
              "runs": {
                "batter": 1,
                "extras": 0,
                "total": 1
              }
            }
          ]
        },
        {
          "over": 7,
          "deliveries": [
            {
              "batter": "M Raj",
              "bowler": "Asmavia Iqbal",
              "non_striker": "S Meghana",
              "runs": {
                "batter": 4,
                "extras": 0,
                "total": 4
              }
            },
            {
              "batter": "M Raj",
              "bowler": "Asmavia Iqbal",
              "non_striker": "S Meghana",
              "runs": {
                "batter": 4,
                "extras": 0,
                "total": 4
              }
            },
            {
              "batter": "M Raj",
              "bowler": "Asmavia Iqbal",
              "non_striker": "S Meghana",
              "runs": {
                "batter": 0,
                "extras": 0,
                "total": 0
              }
            },
            {
              "batter": "M Raj",
              "bowler": "Asmavia Iqbal",
              "non_striker": "S Meghana",
              "runs": {
                "batter": 1,
                "extras": 0,
                "total": 1
              }
            },
            {
              "batter": "S Meghana",
              "bowler": "Asmavia Iqbal",
              "non_striker": "M Raj",
              "runs": {
                "batter": 1,
                "extras": 0,
                "total": 1
              }
            },
            {
              "batter": "M Raj",
              "bowler": "Asmavia Iqbal",
              "non_striker": "S Meghana",
              "runs": {
                "batter": 1,
                "extras": 0,
                "total": 1
              }
            }
          ]
        },
        {
          "over": 8,
          "deliveries": [
            {
              "batter": "M Raj",
              "bowler": "Sadia Yousuf",
              "non_striker": "S Meghana",
              "runs": {
                "batter": 1,
                "extras": 0,
                "total": 1
              }
            },
            {
              "batter": "S Meghana",
              "bowler": "Sadia Yousuf",
              "non_striker": "M Raj",
              "runs": {
                "batter": 1,
                "extras": 0,
                "total": 1
              }
            },
            {
              "batter": "M Raj",
              "bowler": "Sadia Yousuf",
              "non_striker": "S Meghana",
              "runs": {
                "batter": 0,
                "extras": 0,
                "total": 0
              }
            },
            {
              "batter": "M Raj",
              "bowler": "Sadia Yousuf",
              "non_striker": "S Meghana",
              "runs": {
                "batter": 0,
                "extras": 0,
                "total": 0
              }
            },
            {
              "batter": "M Raj",
              "bowler": "Sadia Yousuf",
              "non_striker": "S Meghana",
              "runs": {
                "batter": 1,
                "extras": 0,
                "total": 1
              }
            },
            {
              "batter": "S Meghana",
              "bowler": "Sadia Yousuf",
              "non_striker": "M Raj",
              "runs": {
                "batter": 1,
                "extras": 0,
                "total": 1
              }
            }
          ]
        },
        {
          "over": 9,
          "deliveries": [
            {
              "batter": "S Meghana",
              "bowler": "Nida Dar",
              "non_striker": "M Raj",
              "runs": {
                "batter": 1,
                "extras": 0,
                "total": 1
              }
            },
            {
              "batter": "M Raj",
              "bowler": "Nida Dar",
              "non_striker": "S Meghana",
              "runs": {
                "batter": 0,
                "extras": 0,
                "total": 0
              }
            },
            {
              "batter": "M Raj",
              "bowler": "Nida Dar",
              "non_striker": "S Meghana",
              "runs": {
                "batter": 1,
                "extras": 0,
                "total": 1
              }
            },
            {
              "batter": "S Meghana",
              "bowler": "Nida Dar",
              "non_striker": "M Raj",
              "runs": {
                "batter": 1,
                "extras": 0,
                "total": 1
              }
            },
            {
              "batter": "M Raj",
              "bowler": "Nida Dar",
              "extras": {
                "noballs": 1
              },
              "non_striker": "S Meghana",
              "runs": {
                "batter": 4,
                "extras": 1,
                "total": 5
              }
            },
            {
              "batter": "M Raj",
              "bowler": "Nida Dar",
              "non_striker": "S Meghana",
              "runs": {
                "batter": 6,
                "extras": 0,
                "total": 6
              }
            },
            {
              "batter": "M Raj",
              "bowler": "Nida Dar",
              "non_striker": "S Meghana",
              "runs": {
                "batter": 1,
                "extras": 0,
                "total": 1
              }
            }
          ]
        },
        {
          "over": 10,
          "deliveries": [
            {
              "batter": "M Raj",
              "bowler": "Sadia Yousuf",
              "non_striker": "S Meghana",
              "runs": {
                "batter": 1,
                "extras": 0,
                "total": 1
              }
            },
            {
              "batter": "S Meghana",
              "bowler": "Sadia Yousuf",
              "non_striker": "M Raj",
              "runs": {
                "batter": 0,
                "extras": 0,
                "total": 0
              }
            },
            {
              "batter": "S Meghana",
              "bowler": "Sadia Yousuf",
              "non_striker": "M Raj",
              "runs": {
                "batter": 1,
                "extras": 0,
                "total": 1
              }
            },
            {
              "batter": "M Raj",
              "bowler": "Sadia Yousuf",
              "non_striker": "S Meghana",
              "runs": {
                "batter": 1,
                "extras": 0,
                "total": 1
              }
            },
            {
              "batter": "S Meghana",
              "bowler": "Sadia Yousuf",
              "non_striker": "M Raj",
              "runs": {
                "batter": 1,
                "extras": 0,
                "total": 1
              }
            },
            {
              "batter": "M Raj",
              "bowler": "Sadia Yousuf",
              "non_striker": "S Meghana",
              "runs": {
                "batter": 1,
                "extras": 0,
                "total": 1
              }
            }
          ]
        },
        {
          "over": 11,
          "deliveries": [
            {
              "batter": "M Raj",
              "bowler": "Nida Dar",
              "non_striker": "S Meghana",
              "runs": {
                "batter": 0,
                "extras": 0,
                "total": 0
              }
            },
            {
              "batter": "M Raj",
              "bowler": "Nida Dar",
              "non_striker": "S Meghana",
              "runs": {
                "batter": 0,
                "extras": 0,
                "total": 0
              }
            },
            {
              "batter": "M Raj",
              "bowler": "Nida Dar",
              "non_striker": "S Meghana",
              "runs": {
                "batter": 0,
                "extras": 0,
                "total": 0
              },
              "wickets": [
                {
                  "kind": "run out",
                  "player_out": "S Meghana",
                  "fielders": [
                    {
                      "name": "Javeria Khan"
                    },
                    {
                      "name": "Sidra Nawaz"
                    }
                  ]
                }
              ]
            },
            {
              "batter": "V Krishnamurthy",
              "bowler": "Nida Dar",
              "non_striker": "M Raj",
              "runs": {
                "batter": 1,
                "extras": 0,
                "total": 1
              }
            },
            {
              "batter": "M Raj",
              "bowler": "Nida Dar",
              "non_striker": "V Krishnamurthy",
              "runs": {
                "batter": 1,
                "extras": 0,
                "total": 1
              }
            },
            {
              "batter": "V Krishnamurthy",
              "bowler": "Nida Dar",
              "non_striker": "M Raj",
              "runs": {
                "batter": 0,
                "extras": 0,
                "total": 0
              }
            }
          ]
        },
        {
          "over": 12,
          "deliveries": [
            {
              "batter": "M Raj",
              "bowler": "Sadia Yousuf",
              "non_striker": "V Krishnamurthy",
              "runs": {
                "batter": 1,
                "extras": 0,
                "total": 1
              }
            },
            {
              "batter": "V Krishnamurthy",
              "bowler": "Sadia Yousuf",
              "non_striker": "M Raj",
              "runs": {
                "batter": 0,
                "extras": 0,
                "total": 0
              }
            },
            {
              "batter": "V Krishnamurthy",
              "bowler": "Sadia Yousuf",
              "non_striker": "M Raj",
              "runs": {
                "batter": 1,
                "extras": 0,
                "total": 1
              }
            },
            {
              "batter": "M Raj",
              "bowler": "Sadia Yousuf",
              "non_striker": "V Krishnamurthy",
              "runs": {
                "batter": 1,
                "extras": 0,
                "total": 1
              }
            },
            {
              "batter": "V Krishnamurthy",
              "bowler": "Sadia Yousuf",
              "non_striker": "M Raj",
              "runs": {
                "batter": 0,
                "extras": 0,
                "total": 0
              }
            },
            {
              "batter": "V Krishnamurthy",
              "bowler": "Sadia Yousuf",
              "non_striker": "M Raj",
              "runs": {
                "batter": 0,
                "extras": 0,
                "total": 0
              },
              "wickets": [
                {
                  "kind": "lbw",
                  "player_out": "V Krishnamurthy"
                }
              ]
            }
          ]
        },
        {
          "over": 13,
          "deliveries": [
            {
              "batter": "M Raj",
              "bowler": "Nida Dar",
              "non_striker": "H Kaur",
              "runs": {
                "batter": 0,
                "extras": 0,
                "total": 0
              }
            },
            {
              "batter": "M Raj",
              "bowler": "Nida Dar",
              "non_striker": "H Kaur",
              "runs": {
                "batter": 1,
                "extras": 0,
                "total": 1
              }
            },
            {
              "batter": "H Kaur",
              "bowler": "Nida Dar",
              "non_striker": "M Raj",
              "runs": {
                "batter": 0,
                "extras": 0,
                "total": 0
              }
            },
            {
              "batter": "H Kaur",
              "bowler": "Nida Dar",
              "non_striker": "M Raj",
              "runs": {
                "batter": 0,
                "extras": 0,
                "total": 0
              }
            },
            {
              "batter": "H Kaur",
              "bowler": "Nida Dar",
              "non_striker": "M Raj",
              "runs": {
                "batter": 1,
                "extras": 0,
                "total": 1
              }
            },
            {
              "batter": "M Raj",
              "bowler": "Nida Dar",
              "non_striker": "H Kaur",
              "runs": {
                "batter": 1,
                "extras": 0,
                "total": 1
              }
            }
          ]
        },
        {
          "over": 14,
          "deliveries": [
            {
              "batter": "M Raj",
              "bowler": "Sadia Yousuf",
              "non_striker": "H Kaur",
              "runs": {
                "batter": 1,
                "extras": 0,
                "total": 1
              }
            },
            {
              "batter": "H Kaur",
              "bowler": "Sadia Yousuf",
              "non_striker": "M Raj",
              "runs": {
                "batter": 1,
                "extras": 0,
                "total": 1
              }
            },
            {
              "batter": "M Raj",
              "bowler": "Sadia Yousuf",
              "non_striker": "H Kaur",
              "runs": {
                "batter": 1,
                "extras": 0,
                "total": 1
              }
            },
            {
              "batter": "H Kaur",
              "bowler": "Sadia Yousuf",
              "non_striker": "M Raj",
              "runs": {
                "batter": 0,
                "extras": 0,
                "total": 0
              }
            },
            {
              "batter": "H Kaur",
              "bowler": "Sadia Yousuf",
              "non_striker": "M Raj",
              "runs": {
                "batter": 0,
                "extras": 0,
                "total": 0
              }
            },
            {
              "batter": "H Kaur",
              "bowler": "Sadia Yousuf",
              "non_striker": "M Raj",
              "runs": {
                "batter": 0,
                "extras": 0,
                "total": 0
              }
            }
          ]
        },
        {
          "over": 15,
          "deliveries": [
            {
              "batter": "M Raj",
              "bowler": "Sana Mir",
              "non_striker": "H Kaur",
              "runs": {
                "batter": 1,
                "extras": 0,
                "total": 1
              }
            },
            {
              "batter": "H Kaur",
              "bowler": "Sana Mir",
              "non_striker": "M Raj",
              "runs": {
                "batter": 2,
                "extras": 0,
                "total": 2
              }
            },
            {
              "batter": "H Kaur",
              "bowler": "Sana Mir",
              "non_striker": "M Raj",
              "runs": {
                "batter": 1,
                "extras": 0,
                "total": 1
              }
            },
            {
              "batter": "M Raj",
              "bowler": "Sana Mir",
              "non_striker": "H Kaur",
              "runs": {
                "batter": 0,
                "extras": 0,
                "total": 0
              }
            },
            {
              "batter": "M Raj",
              "bowler": "Sana Mir",
              "non_striker": "H Kaur",
              "runs": {
                "batter": 1,
                "extras": 0,
                "total": 1
              }
            },
            {
              "batter": "H Kaur",
              "bowler": "Sana Mir",
              "extras": {
                "wides": 1
              },
              "non_striker": "M Raj",
              "runs": {
                "batter": 0,
                "extras": 1,
                "total": 1
              }
            },
            {
              "batter": "H Kaur",
              "bowler": "Sana Mir",
              "extras": {
                "wides": 2
              },
              "non_striker": "M Raj",
              "runs": {
                "batter": 0,
                "extras": 2,
                "total": 2
              }
            },
            {
              "batter": "M Raj",
              "bowler": "Sana Mir",
              "non_striker": "H Kaur",
              "runs": {
                "batter": 1,
                "extras": 0,
                "total": 1
              }
            }
          ]
        },
        {
          "over": 16,
          "deliveries": [
            {
              "batter": "M Raj",
              "bowler": "Anam Amin",
              "non_striker": "H Kaur",
              "runs": {
                "batter": 1,
                "extras": 0,
                "total": 1
              }
            },
            {
              "batter": "H Kaur",
              "bowler": "Anam Amin",
              "non_striker": "M Raj",
              "runs": {
                "batter": 0,
                "extras": 0,
                "total": 0
              },
              "wickets": [
                {
                  "kind": "bowled",
                  "player_out": "H Kaur"
                }
              ]
            },
            {
              "batter": "J Goswami",
              "bowler": "Anam Amin",
              "non_striker": "M Raj",
              "runs": {
                "batter": 0,
                "extras": 0,
                "total": 0
              }
            },
            {
              "batter": "J Goswami",
              "bowler": "Anam Amin",
              "non_striker": "M Raj",
              "runs": {
                "batter": 1,
                "extras": 0,
                "total": 1
              }
            },
            {
              "batter": "M Raj",
              "bowler": "Anam Amin",
              "non_striker": "J Goswami",
              "runs": {
                "batter": 4,
                "extras": 0,
                "total": 4
              }
            },
            {
              "batter": "M Raj",
              "bowler": "Anam Amin",
              "non_striker": "J Goswami",
              "runs": {
                "batter": 1,
                "extras": 0,
                "total": 1
              }
            }
          ]
        },
        {
          "over": 17,
          "deliveries": [
            {
              "batter": "M Raj",
              "bowler": "Nida Dar",
              "non_striker": "J Goswami",
              "runs": {
                "batter": 0,
                "extras": 0,
                "total": 0
              }
            },
            {
              "batter": "M Raj",
              "bowler": "Nida Dar",
              "non_striker": "J Goswami",
              "runs": {
                "batter": 1,
                "extras": 0,
                "total": 1
              }
            },
            {
              "batter": "J Goswami",
              "bowler": "Nida Dar",
              "non_striker": "M Raj",
              "runs": {
                "batter": 1,
                "extras": 0,
                "total": 1
              }
            },
            {
              "batter": "M Raj",
              "bowler": "Nida Dar",
              "non_striker": "J Goswami",
              "runs": {
                "batter": 1,
                "extras": 0,
                "total": 1
              }
            },
            {
              "batter": "J Goswami",
              "bowler": "Nida Dar",
              "non_striker": "M Raj",
              "runs": {
                "batter": 6,
                "extras": 0,
                "total": 6
              }
            },
            {
              "batter": "J Goswami",
              "bowler": "Nida Dar",
              "non_striker": "M Raj",
              "runs": {
                "batter": 0,
                "extras": 0,
                "total": 0
              }
            }
          ]
        },
        {
          "over": 18,
          "deliveries": [
            {
              "batter": "M Raj",
              "bowler": "Iram Javed",
              "non_striker": "J Goswami",
              "runs": {
                "batter": 1,
                "extras": 0,
                "total": 1
              }
            },
            {
              "batter": "J Goswami",
              "bowler": "Iram Javed",
              "non_striker": "M Raj",
              "runs": {
                "batter": 1,
                "extras": 0,
                "total": 1
              }
            },
            {
              "batter": "M Raj",
              "bowler": "Iram Javed",
              "non_striker": "J Goswami",
              "runs": {
                "batter": 2,
                "extras": 0,
                "total": 2
              }
            },
            {
              "batter": "M Raj",
              "bowler": "Iram Javed",
              "non_striker": "J Goswami",
              "runs": {
                "batter": 1,
                "extras": 0,
                "total": 1
              }
            },
            {
              "batter": "J Goswami",
              "bowler": "Iram Javed",
              "non_striker": "M Raj",
              "runs": {
                "batter": 1,
                "extras": 0,
                "total": 1
              }
            },
            {
              "batter": "M Raj",
              "bowler": "Iram Javed",
              "non_striker": "J Goswami",
              "runs": {
                "batter": 1,
                "extras": 0,
                "total": 1
              }
            }
          ]
        },
        {
          "over": 19,
          "deliveries": [
            {
              "batter": "M Raj",
              "bowler": "Sana Mir",
              "non_striker": "J Goswami",
              "runs": {
                "batter": 1,
                "extras": 0,
                "total": 1
              }
            },
            {
              "batter": "J Goswami",
              "bowler": "Sana Mir",
              "non_striker": "M Raj",
              "runs": {
                "batter": 1,
                "extras": 0,
                "total": 1
              }
            },
            {
              "batter": "M Raj",
              "bowler": "Sana Mir",
              "non_striker": "J Goswami",
              "runs": {
                "batter": 1,
                "extras": 0,
                "total": 1
              }
            },
            {
              "batter": "J Goswami",
              "bowler": "Sana Mir",
              "non_striker": "M Raj",
              "runs": {
                "batter": 6,
                "extras": 0,
                "total": 6
              }
            },
            {
              "batter": "J Goswami",
              "bowler": "Sana Mir",
              "non_striker": "M Raj",
              "runs": {
                "batter": 0,
                "extras": 0,
                "total": 0
              },
              "wickets": [
                {
                  "kind": "caught",
                  "player_out": "J Goswami",
                  "fielders": [
                    {
                      "name": "Javeria Khan"
                    }
                  ]
                }
              ]
            },
            {
              "batter": "M Raj",
              "bowler": "Sana Mir",
              "non_striker": "AA Patil",
              "runs": {
                "batter": 1,
                "extras": 0,
                "total": 1
              }
            }
          ]
        }
      ],
      "powerplays": [
        {
          "from": 0.1,
          "to": 5.6,
          "type": "mandatory"
        }
      ]
    },
    {
      "team": "Pakistan",
      "overs": [
        {
          "over": 0,
          "deliveries": [
            {
              "batter": "Ayesha Zafar",
              "bowler": "E Bisht",
              "non_striker": "Javeria Khan",
              "runs": {
                "batter": 1,
                "extras": 0,
                "total": 1
              }
            },
            {
              "batter": "Javeria Khan",
              "bowler": "E Bisht",
              "non_striker": "Ayesha Zafar",
              "runs": {
                "batter": 4,
                "extras": 0,
                "total": 4
              }
            },
            {
              "batter": "Javeria Khan",
              "bowler": "E Bisht",
              "non_striker": "Ayesha Zafar",
              "runs": {
                "batter": 0,
                "extras": 0,
                "total": 0
              }
            },
            {
              "batter": "Javeria Khan",
              "bowler": "E Bisht",
              "non_striker": "Ayesha Zafar",
              "runs": {
                "batter": 1,
                "extras": 0,
                "total": 1
              }
            },
            {
              "batter": "Ayesha Zafar",
              "bowler": "E Bisht",
              "non_striker": "Javeria Khan",
              "runs": {
                "batter": 4,
                "extras": 0,
                "total": 4
              }
            },
            {
              "batter": "Ayesha Zafar",
              "bowler": "E Bisht",
              "non_striker": "Javeria Khan",
              "runs": {
                "batter": 0,
                "extras": 0,
                "total": 0
              }
            }
          ]
        },
        {
          "over": 1,
          "deliveries": [
            {
              "batter": "Javeria Khan",
              "bowler": "AA Patil",
              "non_striker": "Ayesha Zafar",
              "runs": {
                "batter": 1,
                "extras": 0,
                "total": 1
              }
            },
            {
              "batter": "Ayesha Zafar",
              "bowler": "AA Patil",
              "non_striker": "Javeria Khan",
              "runs": {
                "batter": 0,
                "extras": 0,
                "total": 0
              }
            },
            {
              "batter": "Ayesha Zafar",
              "bowler": "AA Patil",
              "non_striker": "Javeria Khan",
              "runs": {
                "batter": 1,
                "extras": 0,
                "total": 1
              }
            },
            {
              "batter": "Javeria Khan",
              "bowler": "AA Patil",
              "non_striker": "Ayesha Zafar",
              "runs": {
                "batter": 0,
                "extras": 0,
                "total": 0
              }
            },
            {
              "batter": "Javeria Khan",
              "bowler": "AA Patil",
              "non_striker": "Ayesha Zafar",
              "runs": {
                "batter": 1,
                "extras": 0,
                "total": 1
              }
            },
            {
              "batter": "Ayesha Zafar",
              "bowler": "AA Patil",
              "non_striker": "Javeria Khan",
              "runs": {
                "batter": 0,
                "extras": 0,
                "total": 0
              }
            }
          ]
        },
        {
          "over": 2,
          "deliveries": [
            {
              "batter": "Javeria Khan",
              "bowler": "J Goswami",
              "non_striker": "Ayesha Zafar",
              "runs": {
                "batter": 0,
                "extras": 0,
                "total": 0
              }
            },
            {
              "batter": "Javeria Khan",
              "bowler": "J Goswami",
              "non_striker": "Ayesha Zafar",
              "runs": {
                "batter": 0,
                "extras": 0,
                "total": 0
              }
            },
            {
              "batter": "Javeria Khan",
              "bowler": "J Goswami",
              "non_striker": "Ayesha Zafar",
              "runs": {
                "batter": 0,
                "extras": 0,
                "total": 0
              }
            },
            {
              "batter": "Javeria Khan",
              "bowler": "J Goswami",
              "non_striker": "Ayesha Zafar",
              "runs": {
                "batter": 1,
                "extras": 0,
                "total": 1
              }
            },
            {
              "batter": "Ayesha Zafar",
              "bowler": "J Goswami",
              "non_striker": "Javeria Khan",
              "runs": {
                "batter": 4,
                "extras": 0,
                "total": 4
              }
            },
            {
              "batter": "Ayesha Zafar",
              "bowler": "J Goswami",
              "non_striker": "Javeria Khan",
              "runs": {
                "batter": 0,
                "extras": 0,
                "total": 0
              }
            }
          ]
        },
        {
          "over": 3,
          "deliveries": [
            {
              "batter": "Javeria Khan",
              "bowler": "AA Patil",
              "non_striker": "Ayesha Zafar",
              "runs": {
                "batter": 1,
                "extras": 0,
                "total": 1
              }
            },
            {
              "batter": "Ayesha Zafar",
              "bowler": "AA Patil",
              "non_striker": "Javeria Khan",
              "runs": {
                "batter": 0,
                "extras": 0,
                "total": 0
              }
            },
            {
              "batter": "Ayesha Zafar",
              "bowler": "AA Patil",
              "non_striker": "Javeria Khan",
              "runs": {
                "batter": 4,
                "extras": 0,
                "total": 4
              }
            },
            {
              "batter": "Ayesha Zafar",
              "bowler": "AA Patil",
              "non_striker": "Javeria Khan",
              "runs": {
                "batter": 0,
                "extras": 0,
                "total": 0
              }
            },
            {
              "batter": "Ayesha Zafar",
              "bowler": "AA Patil",
              "non_striker": "Javeria Khan",
              "runs": {
                "batter": 1,
                "extras": 0,
                "total": 1
              }
            },
            {
              "batter": "Javeria Khan",
              "bowler": "AA Patil",
              "non_striker": "Ayesha Zafar",
              "runs": {
                "batter": 0,
                "extras": 0,
                "total": 0
              }
            }
          ]
        },
        {
          "over": 4,
          "deliveries": [
            {
              "batter": "Ayesha Zafar",
              "bowler": "J Goswami",
              "non_striker": "Javeria Khan",
              "runs": {
                "batter": 0,
                "extras": 0,
                "total": 0
              }
            },
            {
              "batter": "Ayesha Zafar",
              "bowler": "J Goswami",
              "non_striker": "Javeria Khan",
              "runs": {
                "batter": 0,
                "extras": 0,
                "total": 0
              },
              "wickets": [
                {
                  "kind": "bowled",
                  "player_out": "Ayesha Zafar"
                }
              ]
            },
            {
              "batter": "Asmavia Iqbal",
              "bowler": "J Goswami",
              "non_striker": "Javeria Khan",
              "runs": {
                "batter": 0,
                "extras": 0,
                "total": 0
              }
            },
            {
              "batter": "Asmavia Iqbal",
              "bowler": "J Goswami",
              "non_striker": "Javeria Khan",
              "runs": {
                "batter": 0,
                "extras": 0,
                "total": 0
              }
            },
            {
              "batter": "Asmavia Iqbal",
              "bowler": "J Goswami",
              "non_striker": "Javeria Khan",
              "runs": {
                "batter": 1,
                "extras": 0,
                "total": 1
              }
            },
            {
              "batter": "Javeria Khan",
              "bowler": "J Goswami",
              "non_striker": "Asmavia Iqbal",
              "runs": {
                "batter": 1,
                "extras": 0,
                "total": 1
              }
            }
          ]
        },
        {
          "over": 5,
          "deliveries": [
            {
              "batter": "Javeria Khan",
              "bowler": "S Pandey",
              "non_striker": "Asmavia Iqbal",
              "runs": {
                "batter": 0,
                "extras": 0,
                "total": 0
              }
            },
            {
              "batter": "Javeria Khan",
              "bowler": "S Pandey",
              "non_striker": "Asmavia Iqbal",
              "runs": {
                "batter": 1,
                "extras": 0,
                "total": 1
              }
            },
            {
              "batter": "Asmavia Iqbal",
              "bowler": "S Pandey",
              "extras": {
                "wides": 1
              },
              "non_striker": "Javeria Khan",
              "runs": {
                "batter": 0,
                "extras": 1,
                "total": 1
              }
            },
            {
              "batter": "Asmavia Iqbal",
              "bowler": "S Pandey",
              "non_striker": "Javeria Khan",
              "runs": {
                "batter": 0,
                "extras": 0,
                "total": 0
              },
              "wickets": [
                {
                  "kind": "bowled",
                  "player_out": "Asmavia Iqbal"
                }
              ]
            },
            {
              "batter": "Bismah Maroof",
              "bowler": "S Pandey",
              "non_striker": "Javeria Khan",
              "runs": {
                "batter": 0,
                "extras": 0,
                "total": 0
              }
            },
            {
              "batter": "Bismah Maroof",
              "bowler": "S Pandey",
              "extras": {
                "wides": 1
              },
              "non_striker": "Javeria Khan",
              "runs": {
                "batter": 0,
                "extras": 1,
                "total": 1
              }
            },
            {
              "batter": "Bismah Maroof",
              "bowler": "S Pandey",
              "non_striker": "Javeria Khan",
              "runs": {
                "batter": 2,
                "extras": 0,
                "total": 2
              }
            },
            {
              "batter": "Bismah Maroof",
              "bowler": "S Pandey",
              "non_striker": "Javeria Khan",
              "runs": {
                "batter": 1,
                "extras": 0,
                "total": 1
              }
            }
          ]
        },
        {
          "over": 6,
          "deliveries": [
            {
              "batter": "Bismah Maroof",
              "bowler": "J Goswami",
              "non_striker": "Javeria Khan",
              "runs": {
                "batter": 1,
                "extras": 0,
                "total": 1
              }
            },
            {
              "batter": "Javeria Khan",
              "bowler": "J Goswami",
              "non_striker": "Bismah Maroof",
              "runs": {
                "batter": 1,
                "extras": 0,
                "total": 1
              }
            },
            {
              "batter": "Bismah Maroof",
              "bowler": "J Goswami",
              "non_striker": "Javeria Khan",
              "runs": {
                "batter": 1,
                "extras": 0,
                "total": 1
              }
            },
            {
              "batter": "Javeria Khan",
              "bowler": "J Goswami",
              "non_striker": "Bismah Maroof",
              "runs": {
                "batter": 1,
                "extras": 0,
                "total": 1
              }
            },
            {
              "batter": "Bismah Maroof",
              "bowler": "J Goswami",
              "non_striker": "Javeria Khan",
              "runs": {
                "batter": 1,
                "extras": 0,
                "total": 1
              }
            },
            {
              "batter": "Javeria Khan",
              "bowler": "J Goswami",
              "non_striker": "Bismah Maroof",
              "runs": {
                "batter": 0,
                "extras": 0,
                "total": 0
              }
            }
          ]
        },
        {
          "over": 7,
          "deliveries": [
            {
              "batter": "Bismah Maroof",
              "bowler": "S Pandey",
              "non_striker": "Javeria Khan",
              "runs": {
                "batter": 4,
                "extras": 0,
                "total": 4
              }
            },
            {
              "batter": "Bismah Maroof",
              "bowler": "S Pandey",
              "non_striker": "Javeria Khan",
              "runs": {
                "batter": 0,
                "extras": 0,
                "total": 0
              }
            },
            {
              "batter": "Bismah Maroof",
              "bowler": "S Pandey",
              "non_striker": "Javeria Khan",
              "runs": {
                "batter": 1,
                "extras": 0,
                "total": 1
              }
            },
            {
              "batter": "Javeria Khan",
              "bowler": "S Pandey",
              "non_striker": "Bismah Maroof",
              "runs": {
                "batter": 4,
                "extras": 0,
                "total": 4
              }
            },
            {
              "batter": "Javeria Khan",
              "bowler": "S Pandey",
              "non_striker": "Bismah Maroof",
              "runs": {
                "batter": 1,
                "extras": 0,
                "total": 1
              }
            },
            {
              "batter": "Bismah Maroof",
              "bowler": "S Pandey",
              "non_striker": "Javeria Khan",
              "runs": {
                "batter": 1,
                "extras": 0,
                "total": 1
              }
            }
          ]
        },
        {
          "over": 8,
          "deliveries": [
            {
              "batter": "Bismah Maroof",
              "bowler": "Preeti Bose",
              "non_striker": "Javeria Khan",
              "runs": {
                "batter": 1,
                "extras": 0,
                "total": 1
              }
            },
            {
              "batter": "Javeria Khan",
              "bowler": "Preeti Bose",
              "non_striker": "Bismah Maroof",
              "runs": {
                "batter": 1,
                "extras": 0,
                "total": 1
              }
            },
            {
              "batter": "Bismah Maroof",
              "bowler": "Preeti Bose",
              "extras": {
                "legbyes": 1
              },
              "non_striker": "Javeria Khan",
              "runs": {
                "batter": 0,
                "extras": 1,
                "total": 1
              }
            },
            {
              "batter": "Javeria Khan",
              "bowler": "Preeti Bose",
              "non_striker": "Bismah Maroof",
              "runs": {
                "batter": 0,
                "extras": 0,
                "total": 0
              }
            },
            {
              "batter": "Javeria Khan",
              "bowler": "Preeti Bose",
              "non_striker": "Bismah Maroof",
              "runs": {
                "batter": 1,
                "extras": 0,
                "total": 1
              }
            },
            {
              "batter": "Bismah Maroof",
              "bowler": "Preeti Bose",
              "non_striker": "Javeria Khan",
              "runs": {
                "batter": 1,
                "extras": 0,
                "total": 1
              }
            }
          ]
        },
        {
          "over": 9,
          "deliveries": [
            {
              "batter": "Bismah Maroof",
              "bowler": "E Bisht",
              "non_striker": "Javeria Khan",
              "runs": {
                "batter": 1,
                "extras": 0,
                "total": 1
              }
            },
            {
              "batter": "Javeria Khan",
              "bowler": "E Bisht",
              "non_striker": "Bismah Maroof",
              "runs": {
                "batter": 2,
                "extras": 0,
                "total": 2
              }
            },
            {
              "batter": "Javeria Khan",
              "bowler": "E Bisht",
              "non_striker": "Bismah Maroof",
              "runs": {
                "batter": 0,
                "extras": 0,
                "total": 0
              }
            },
            {
              "batter": "Javeria Khan",
              "bowler": "E Bisht",
              "non_striker": "Bismah Maroof",
              "runs": {
                "batter": 0,
                "extras": 0,
                "total": 0
              },
              "wickets": [
                {
                  "kind": "caught",
                  "player_out": "Javeria Khan",
                  "fielders": [
                    {
                      "name": "H Kaur"
                    }
                  ]
                }
              ]
            },
            {
              "batter": "Nain Abidi",
              "bowler": "E Bisht",
              "non_striker": "Bismah Maroof",
              "runs": {
                "batter": 0,
                "extras": 0,
                "total": 0
              }
            },
            {
              "batter": "Nain Abidi",
              "bowler": "E Bisht",
              "non_striker": "Bismah Maroof",
              "runs": {
                "batter": 0,
                "extras": 0,
                "total": 0
              }
            }
          ]
        },
        {
          "over": 10,
          "deliveries": [
            {
              "batter": "Bismah Maroof",
              "bowler": "Preeti Bose",
              "non_striker": "Nain Abidi",
              "runs": {
                "batter": 1,
                "extras": 0,
                "total": 1
              }
            },
            {
              "batter": "Nain Abidi",
              "bowler": "Preeti Bose",
              "non_striker": "Bismah Maroof",
              "runs": {
                "batter": 0,
                "extras": 0,
                "total": 0
              }
            },
            {
              "batter": "Nain Abidi",
              "bowler": "Preeti Bose",
              "non_striker": "Bismah Maroof",
              "runs": {
                "batter": 1,
                "extras": 0,
                "total": 1
              }
            },
            {
              "batter": "Bismah Maroof",
              "bowler": "Preeti Bose",
              "non_striker": "Nain Abidi",
              "runs": {
                "batter": 2,
                "extras": 0,
                "total": 2
              }
            },
            {
              "batter": "Bismah Maroof",
              "bowler": "Preeti Bose",
              "non_striker": "Nain Abidi",
              "runs": {
                "batter": 0,
                "extras": 0,
                "total": 0
              }
            },
            {
              "batter": "Bismah Maroof",
              "bowler": "Preeti Bose",
              "non_striker": "Nain Abidi",
              "runs": {
                "batter": 1,
                "extras": 0,
                "total": 1
              }
            }
          ]
        },
        {
          "over": 11,
          "deliveries": [
            {
              "batter": "Bismah Maroof",
              "bowler": "AA Patil",
              "non_striker": "Nain Abidi",
              "runs": {
                "batter": 0,
                "extras": 0,
                "total": 0
              }
            },
            {
              "batter": "Bismah Maroof",
              "bowler": "AA Patil",
              "non_striker": "Nain Abidi",
              "runs": {
                "batter": 1,
                "extras": 0,
                "total": 1
              }
            },
            {
              "batter": "Nain Abidi",
              "bowler": "AA Patil",
              "non_striker": "Bismah Maroof",
              "runs": {
                "batter": 1,
                "extras": 0,
                "total": 1
              }
            },
            {
              "batter": "Bismah Maroof",
              "bowler": "AA Patil",
              "non_striker": "Nain Abidi",
              "runs": {
                "batter": 0,
                "extras": 0,
                "total": 0
              }
            },
            {
              "batter": "Bismah Maroof",
              "bowler": "AA Patil",
              "non_striker": "Nain Abidi",
              "runs": {
                "batter": 0,
                "extras": 0,
                "total": 0
              }
            },
            {
              "batter": "Bismah Maroof",
              "bowler": "AA Patil",
              "non_striker": "Nain Abidi",
              "runs": {
                "batter": 0,
                "extras": 0,
                "total": 0
              }
            }
          ]
        },
        {
          "over": 12,
          "deliveries": [
            {
              "batter": "Nain Abidi",
              "bowler": "Preeti Bose",
              "non_striker": "Bismah Maroof",
              "runs": {
                "batter": 0,
                "extras": 0,
                "total": 0
              }
            },
            {
              "batter": "Nain Abidi",
              "bowler": "Preeti Bose",
              "non_striker": "Bismah Maroof",
              "runs": {
                "batter": 1,
                "extras": 0,
                "total": 1
              }
            },
            {
              "batter": "Bismah Maroof",
              "bowler": "Preeti Bose",
              "non_striker": "Nain Abidi",
              "runs": {
                "batter": 1,
                "extras": 0,
                "total": 1
              }
            },
            {
              "batter": "Nain Abidi",
              "bowler": "Preeti Bose",
              "non_striker": "Bismah Maroof",
              "runs": {
                "batter": 0,
                "extras": 0,
                "total": 0
              }
            },
            {
              "batter": "Nain Abidi",
              "bowler": "Preeti Bose",
              "extras": {
                "byes": 1
              },
              "non_striker": "Bismah Maroof",
              "runs": {
                "batter": 0,
                "extras": 1,
                "total": 1
              }
            },
            {
              "batter": "Bismah Maroof",
              "bowler": "Preeti Bose",
              "non_striker": "Nain Abidi",
              "runs": {
                "batter": 4,
                "extras": 0,
                "total": 4
              }
            }
          ]
        },
        {
          "over": 13,
          "deliveries": [
            {
              "batter": "Nain Abidi",
              "bowler": "AA Patil",
              "non_striker": "Bismah Maroof",
              "runs": {
                "batter": 4,
                "extras": 0,
                "total": 4
              }
            },
            {
              "batter": "Nain Abidi",
              "bowler": "AA Patil",
              "non_striker": "Bismah Maroof",
              "runs": {
                "batter": 1,
                "extras": 0,
                "total": 1
              }
            },
            {
              "batter": "Bismah Maroof",
              "bowler": "AA Patil",
              "non_striker": "Nain Abidi",
              "runs": {
                "batter": 0,
                "extras": 0,
                "total": 0
              },
              "wickets": [
                {
                  "kind": "caught and bowled",
                  "player_out": "Bismah Maroof"
                }
              ]
            },
            {
              "batter": "Iram Javed",
              "bowler": "AA Patil",
              "non_striker": "Nain Abidi",
              "runs": {
                "batter": 0,
                "extras": 0,
                "total": 0
              }
            },
            {
              "batter": "Iram Javed",
              "bowler": "AA Patil",
              "non_striker": "Nain Abidi",
              "runs": {
                "batter": 0,
                "extras": 0,
                "total": 0
              }
            },
            {
              "batter": "Iram Javed",
              "bowler": "AA Patil",
              "non_striker": "Nain Abidi",
              "runs": {
                "batter": 2,
                "extras": 0,
                "total": 2
              }
            }
          ]
        },
        {
          "over": 14,
          "deliveries": [
            {
              "batter": "Nain Abidi",
              "bowler": "Preeti Bose",
              "non_striker": "Iram Javed",
              "runs": {
                "batter": 1,
                "extras": 0,
                "total": 1
              }
            },
            {
              "batter": "Iram Javed",
              "bowler": "Preeti Bose",
              "non_striker": "Nain Abidi",
              "runs": {
                "batter": 1,
                "extras": 0,
                "total": 1
              }
            },
            {
              "batter": "Nain Abidi",
              "bowler": "Preeti Bose",
              "non_striker": "Iram Javed",
              "runs": {
                "batter": 0,
                "extras": 0,
                "total": 0
              }
            },
            {
              "batter": "Nain Abidi",
              "bowler": "Preeti Bose",
              "non_striker": "Iram Javed",
              "runs": {
                "batter": 0,
                "extras": 0,
                "total": 0
              },
              "wickets": [
                {
                  "kind": "stumped",
                  "player_out": "Nain Abidi",
                  "fielders": [
                    {
                      "name": "S Verma"
                    }
                  ]
                }
              ]
            },
            {
              "batter": "Nida Dar",
              "bowler": "Preeti Bose",
              "non_striker": "Iram Javed",
              "runs": {
                "batter": 1,
                "extras": 0,
                "total": 1
              }
            },
            {
              "batter": "Iram Javed",
              "bowler": "Preeti Bose",
              "non_striker": "Nida Dar",
              "runs": {
                "batter": 0,
                "extras": 0,
                "total": 0
              }
            }
          ]
        },
        {
          "over": 15,
          "deliveries": [
            {
              "batter": "Nida Dar",
              "bowler": "E Bisht",
              "non_striker": "Iram Javed",
              "runs": {
                "batter": 1,
                "extras": 0,
                "total": 1
              }
            },
            {
              "batter": "Iram Javed",
              "bowler": "E Bisht",
              "non_striker": "Nida Dar",
              "runs": {
                "batter": 0,
                "extras": 0,
                "total": 0
              }
            },
            {
              "batter": "Iram Javed",
              "bowler": "E Bisht",
              "non_striker": "Nida Dar",
              "runs": {
                "batter": 0,
                "extras": 0,
                "total": 0
              }
            },
            {
              "batter": "Iram Javed",
              "bowler": "E Bisht",
              "non_striker": "Nida Dar",
              "runs": {
                "batter": 0,
                "extras": 0,
                "total": 0
              },
              "wickets": [
                {
                  "kind": "stumped",
                  "player_out": "Iram Javed",
                  "fielders": [
                    {
                      "name": "S Verma"
                    }
                  ]
                }
              ]
            },
            {
              "batter": "Sana Mir",
              "bowler": "E Bisht",
              "non_striker": "Nida Dar",
              "runs": {
                "batter": 1,
                "extras": 0,
                "total": 1
              }
            },
            {
              "batter": "Nida Dar",
              "bowler": "E Bisht",
              "non_striker": "Sana Mir",
              "runs": {
                "batter": 0,
                "extras": 0,
                "total": 0
              }
            }
          ]
        },
        {
          "over": 16,
          "deliveries": [
            {
              "batter": "Sana Mir",
              "bowler": "H Kaur",
              "non_striker": "Nida Dar",
              "runs": {
                "batter": 1,
                "extras": 0,
                "total": 1
              }
            },
            {
              "batter": "Nida Dar",
              "bowler": "H Kaur",
              "non_striker": "Sana Mir",
              "runs": {
                "batter": 0,
                "extras": 0,
                "total": 0
              }
            },
            {
              "batter": "Nida Dar",
              "bowler": "H Kaur",
              "non_striker": "Sana Mir",
              "runs": {
                "batter": 0,
                "extras": 0,
                "total": 0
              }
            },
            {
              "batter": "Nida Dar",
              "bowler": "H Kaur",
              "non_striker": "Sana Mir",
              "runs": {
                "batter": 0,
                "extras": 0,
                "total": 0
              }
            },
            {
              "batter": "Nida Dar",
              "bowler": "H Kaur",
              "non_striker": "Sana Mir",
              "runs": {
                "batter": 0,
                "extras": 0,
                "total": 0
              }
            },
            {
              "batter": "Nida Dar",
              "bowler": "H Kaur",
              "non_striker": "Sana Mir",
              "runs": {
                "batter": 0,
                "extras": 0,
                "total": 0
              }
            }
          ]
        },
        {
          "over": 17,
          "deliveries": [
            {
              "batter": "Sana Mir",
              "bowler": "E Bisht",
              "non_striker": "Nida Dar",
              "runs": {
                "batter": 1,
                "extras": 0,
                "total": 1
              }
            },
            {
              "batter": "Nida Dar",
              "bowler": "E Bisht",
              "non_striker": "Sana Mir",
              "runs": {
                "batter": 1,
                "extras": 0,
                "total": 1
              }
            },
            {
              "batter": "Sana Mir",
              "bowler": "E Bisht",
              "non_striker": "Nida Dar",
              "runs": {
                "batter": 1,
                "extras": 0,
                "total": 1
              }
            },
            {
              "batter": "Nida Dar",
              "bowler": "E Bisht",
              "non_striker": "Sana Mir",
              "runs": {
                "batter": 1,
                "extras": 0,
                "total": 1
              }
            },
            {
              "batter": "Sana Mir",
              "bowler": "E Bisht",
              "non_striker": "Nida Dar",
              "runs": {
                "batter": 1,
                "extras": 0,
                "total": 1
              }
            },
            {
              "batter": "Nida Dar",
              "bowler": "E Bisht",
              "non_striker": "Sana Mir",
              "runs": {
                "batter": 2,
                "extras": 0,
                "total": 2
              }
            }
          ]
        },
        {
          "over": 18,
          "deliveries": [
            {
              "batter": "Sana Mir",
              "bowler": "J Goswami",
              "non_striker": "Nida Dar",
              "runs": {
                "batter": 1,
                "extras": 0,
                "total": 1
              }
            },
            {
              "batter": "Nida Dar",
              "bowler": "J Goswami",
              "non_striker": "Sana Mir",
              "runs": {
                "batter": 1,
                "extras": 0,
                "total": 1
              }
            },
            {
              "batter": "Sana Mir",
              "bowler": "J Goswami",
              "non_striker": "Nida Dar",
              "runs": {
                "batter": 1,
                "extras": 0,
                "total": 1
              }
            },
            {
              "batter": "Nida Dar",
              "bowler": "J Goswami",
              "non_striker": "Sana Mir",
              "runs": {
                "batter": 1,
                "extras": 0,
                "total": 1
              }
            },
            {
              "batter": "Sana Mir",
              "bowler": "J Goswami",
              "non_striker": "Nida Dar",
              "runs": {
                "batter": 1,
                "extras": 0,
                "total": 1
              }
            },
            {
              "batter": "Nida Dar",
              "bowler": "J Goswami",
              "extras": {
                "wides": 1
              },
              "non_striker": "Sana Mir",
              "runs": {
                "batter": 0,
                "extras": 1,
                "total": 1
              }
            },
            {
              "batter": "Nida Dar",
              "bowler": "J Goswami",
              "non_striker": "Sana Mir",
              "runs": {
                "batter": 1,
                "extras": 0,
                "total": 1
              }
            }
          ]
        },
        {
          "over": 19,
          "deliveries": [
            {
              "batter": "Nida Dar",
              "bowler": "H Kaur",
              "non_striker": "Sana Mir",
              "runs": {
                "batter": 2,
                "extras": 0,
                "total": 2
              }
            },
            {
              "batter": "Nida Dar",
              "bowler": "H Kaur",
              "non_striker": "Sana Mir",
              "runs": {
                "batter": 1,
                "extras": 0,
                "total": 1
              }
            },
            {
              "batter": "Sana Mir",
              "bowler": "H Kaur",
              "non_striker": "Nida Dar",
              "runs": {
                "batter": 2,
                "extras": 0,
                "total": 2
              }
            },
            {
              "batter": "Sana Mir",
              "bowler": "H Kaur",
              "non_striker": "Nida Dar",
              "runs": {
                "batter": 0,
                "extras": 0,
                "total": 0
              }
            },
            {
              "batter": "Sana Mir",
              "bowler": "H Kaur",
              "non_striker": "Nida Dar",
              "runs": {
                "batter": 0,
                "extras": 0,
                "total": 0
              }
            },
            {
              "batter": "Sana Mir",
              "bowler": "H Kaur",
              "non_striker": "Nida Dar",
              "runs": {
                "batter": 2,
                "extras": 0,
                "total": 2
              }
            }
          ]
        }
      ],
      "powerplays": [
        {
          "from": 0.1,
          "to": 5.8,
          "type": "mandatory"
        }
      ],
      "target": {
        "overs": 20,
        "runs": 122
      }
    }
  ]
}