{
  "meta": {
    "data_version": "1.0.0",
    "created": "2016-12-17",
    "revision": 1
  },
  "info": {
    "balls_per_over": 6,
    "dates": [
      "2016-12-16"
    ],
    "event": {
      "match_number": 2,
      "name": "Afghanistan in United Arab Emirates T20I Series"
    },
    "gender": "male",
    "match_type": "T20",
    "match_type_number": 572,
    "officials": {
      "match_referees": [
        "GF Labrooy"
      ],
      "reserve_umpires": [
        "Sachin Solanki"
      ],
      "umpires": [
        "Ahmed Shah Durrani",
        "Akbar Ali"
      ]
    },
    "outcome": {
      "by": {
        "wickets": 5
      },
      "winner": "Afghanistan"
    },
    "overs": 20,
    "player_of_match": [
      "Najibullah Zadran"
    ],
    "players": {
      "Afghanistan": [
        "Mohammad Shahzad",
        "Hazratullah",
        "Usman Ghani",
        "Asghar Stanikzai",
        "Samiullah Shenwari",
        "Mohammad Nabi",
        "Najibullah Zadran",
        "Karim Janat",
        "Amir Hamza",
        "Fareed Ahmad",
        "Rashid Khan"
      ],
      "United Arab Emirates": [
        "Rohan Mustafa",
        "Mohammad Shahzad (2)",
        "Shaiman Anwar",
        "Muhammad Usman",
        "Rameez Shahzad",
        "Amjad Gul",
        "Ahmed Raza",
        "Ghulam Shabber",
        "Amjad Javed",
        "Mohammad Naveed",
        "Atif Ali Khan"
      ]
    },
    "registry": {
      "people": {
        "Ahmed Raza": "79b4839e",
        "Ahmed Shah Durrani": "af23265a",
        "Akbar Ali": "e753931d",
        "Amir Hamza": "dca1ac2e",
        "Amjad Gul": "87e977df",
        "Amjad Javed": "18eaf2fa",
        "Asghar Stanikzai": "88679525",
        "Atif Ali Khan": "6738c3e2",
        "Fareed Ahmad": "67b7bad4",
        "GF Labrooy": "8e088dbc",
        "Ghulam Shabber": "ced0ec25",
        "Hazratullah": "5ea51c25",
        "Karim Janat": "62175638",
        "Mohammad Nabi": "62af8546",
        "Mohammad Naveed": "4861d29b",
        "Mohammad Shahzad": "d6dcb0c9",
        "Mohammad Shahzad (2)": "4c7df2c8",
        "Muhammad Usman": "45642393",
        "Najibullah Zadran": "1212cbec",
        "Rameez Shahzad": "e045c165",
        "Rashid Khan": "5f547c8b",
        "Rohan Mustafa": "d1988788",
        "Sachin Solanki": "13d0dec5",
        "Samiullah Shenwari": "61646132",
        "Shaiman Anwar": "e9630504",
        "Usman Ghani": "e3829b2a"
      }
    },
    "season": "2016/17",
    "team_type": "international",
    "teams": [
      "United Arab Emirates",
      "Afghanistan"
    ],
    "toss": {
      "decision": "bat",
      "winner": "United Arab Emirates"
    },
    "venue": "Dubai International Cricket Stadium"
  },
  "innings": [
    {
      "team": "United Arab Emirates",
      "overs": [
        {
          "over": 0,
          "deliveries": [
            {
              "batter": "Rohan Mustafa",
              "bowler": "Fareed Ahmad",
              "non_striker": "Mohammad Shahzad (2)",
              "runs": {
                "batter": 0,
                "extras": 0,
                "total": 0
              }
            },
            {
              "batter": "Rohan Mustafa",
              "bowler": "Fareed Ahmad",
              "non_striker": "Mohammad Shahzad (2)",
              "runs": {
                "batter": 0,
                "extras": 0,
                "total": 0
              }
            },
            {
              "batter": "Rohan Mustafa",
              "bowler": "Fareed Ahmad",
              "non_striker": "Mohammad Shahzad (2)",
              "runs": {
                "batter": 1,
                "extras": 0,
                "total": 1
              }
            },
            {
              "batter": "Mohammad Shahzad (2)",
              "bowler": "Fareed Ahmad",
              "non_striker": "Rohan Mustafa",
              "runs": {
                "batter": 0,
                "extras": 0,
                "total": 0
              }
            },
            {
              "batter": "Mohammad Shahzad (2)",
              "bowler": "Fareed Ahmad",
              "non_striker": "Rohan Mustafa",
              "runs": {
                "batter": 1,
                "extras": 0,
                "total": 1
              }
            },
            {
              "batter": "Rohan Mustafa",
              "bowler": "Fareed Ahmad",
              "non_striker": "Mohammad Shahzad (2)",
              "runs": {
                "batter": 0,
                "extras": 0,
                "total": 0
              }
            }
          ]
        },
        {
          "over": 1,
          "deliveries": [
            {
              "batter": "Mohammad Shahzad (2)",
              "bowler": "Mohammad Nabi",
              "non_striker": "Rohan Mustafa",
              "runs": {
                "batter": 6,
                "extras": 0,
                "total": 6
              }
            },
            {
              "batter": "Mohammad Shahzad (2)",
              "bowler": "Mohammad Nabi",
              "non_striker": "Rohan Mustafa",
              "runs": {
                "batter": 1,
                "extras": 0,
                "total": 1
              }
            },
            {
              "batter": "Rohan Mustafa",
              "bowler": "Mohammad Nabi",
              "non_striker": "Mohammad Shahzad (2)",
              "runs": {
                "batter": 0,
                "extras": 0,
                "total": 0
              }
            },
            {
              "batter": "Rohan Mustafa",
              "bowler": "Mohammad Nabi",
              "non_striker": "Mohammad Shahzad (2)",
              "runs": {
                "batter": 2,
                "extras": 0,
                "total": 2
              }
            },
            {
              "batter": "Rohan Mustafa",
              "bowler": "Mohammad Nabi",
              "non_striker": "Mohammad Shahzad (2)",
              "runs": {
                "batter": 1,
                "extras": 0,
                "total": 1
              }
            },
            {
              "batter": "Mohammad Shahzad (2)",
              "bowler": "Mohammad Nabi",
              "non_striker": "Rohan Mustafa",
              "runs": {
                "batter": 0,
                "extras": 0,
                "total": 0
              }
            }
          ]
        },
        {
          "over": 2,
          "deliveries": [
            {
              "batter": "Rohan Mustafa",
              "bowler": "Fareed Ahmad",
              "non_striker": "Mohammad Shahzad (2)",
              "runs": {
                "batter": 1,
                "extras": 0,
                "total": 1
              }
            },
            {
              "batter": "Mohammad Shahzad (2)",
              "bowler": "Fareed Ahmad",
              "non_striker": "Rohan Mustafa",
              "runs": {
                "batter": 0,
                "extras": 0,
                "total": 0
              },
              "wickets": [
                {
                  "kind": "caught",
                  "player_out": "Mohammad Shahzad (2)",
                  "fielders": [
                    {
                      "name": "Asghar Stanikzai"
                    }
                  ]
                }
              ]
            },
            {
              "batter": "Shaiman Anwar",
              "bowler": "Fareed Ahmad",
              "non_striker": "Rohan Mustafa",
              "runs": {
                "batter": 1,
                "extras": 0,
                "total": 1
              }
            },
            {
              "batter": "Rohan Mustafa",
              "bowler": "Fareed Ahmad",
              "non_striker": "Shaiman Anwar",
              "runs": {
                "batter": 4,
                "extras": 0,
                "total": 4
              }
            },
            {
              "batter": "Rohan Mustafa",
              "bowler": "Fareed Ahmad",
              "non_striker": "Shaiman Anwar",
              "runs": {
                "batter": 6,
                "extras": 0,
                "total": 6
              }
            },
            {
              "batter": "Rohan Mustafa",
              "bowler": "Fareed Ahmad",
              "non_striker": "Shaiman Anwar",
              "runs": {
                "batter": 0,
                "extras": 0,
                "total": 0
              }
            }
          ]
        },
        {
          "over": 3,
          "deliveries": [
            {
              "batter": "Shaiman Anwar",
              "bowler": "Mohammad Nabi",
              "non_striker": "Rohan Mustafa",
              "runs": {
                "batter": 0,
                "extras": 0,
                "total": 0
              }
            },
            {
              "batter": "Shaiman Anwar",
              "bowler": "Mohammad Nabi",
              "non_striker": "Rohan Mustafa",
              "runs": {
                "batter": 6,
                "extras": 0,
                "total": 6
              }
            },
            {
              "batter": "Shaiman Anwar",
              "bowler": "Mohammad Nabi",
              "non_striker": "Rohan Mustafa",
              "runs": {
                "batter": 0,
                "extras": 0,
                "total": 0
              }
            },
            {
              "batter": "Shaiman Anwar",
              "bowler": "Mohammad Nabi",
              "non_striker": "Rohan Mustafa",
              "runs": {
                "batter": 4,
                "extras": 0,
                "total": 4
              }
            },
            {
              "batter": "Shaiman Anwar",
              "bowler": "Mohammad Nabi",
              "non_striker": "Rohan Mustafa",
              "runs": {
                "batter": 0,
                "extras": 0,
                "total": 0
              }
            },
            {
              "batter": "Shaiman Anwar",
              "bowler": "Mohammad Nabi",
              "non_striker": "Rohan Mustafa",
              "runs": {
                "batter": 0,
                "extras": 0,
                "total": 0
              }
            }
          ]
        },
        {
          "over": 4,
          "deliveries": [
            {
              "batter": "Rohan Mustafa",
              "bowler": "Amir Hamza",
              "non_striker": "Shaiman Anwar",
              "runs": {
                "batter": 2,
                "extras": 0,
                "total": 2
              }
            },
            {
              "batter": "Rohan Mustafa",
              "bowler": "Amir Hamza",
              "non_striker": "Shaiman Anwar",
              "runs": {
                "batter": 4,
                "extras": 0,
                "total": 4
              }
            },
            {
              "batter": "Rohan Mustafa",
              "bowler": "Amir Hamza",
              "non_striker": "Shaiman Anwar",
              "runs": {
                "batter": 0,
                "extras": 0,
                "total": 0
              }
            },
            {
              "batter": "Rohan Mustafa",
              "bowler": "Amir Hamza",
              "non_striker": "Shaiman Anwar",
              "runs": {
                "batter": 1,
                "extras": 0,
                "total": 1
              }
            },
            {
              "batter": "Shaiman Anwar",
              "bowler": "Amir Hamza",
              "non_striker": "Rohan Mustafa",
              "runs": {
                "batter": 0,
                "extras": 0,
                "total": 0
              }
            },
            {
              "batter": "Shaiman Anwar",
              "bowler": "Amir Hamza",
              "non_striker": "Rohan Mustafa",
              "runs": {
                "batter": 2,
                "extras": 0,
                "total": 2
              }
            }
          ]
        },
        {
          "over": 5,
          "deliveries": [
            {
              "batter": "Rohan Mustafa",
              "bowler": "Karim Janat",
              "non_striker": "Shaiman Anwar",
              "runs": {
                "batter": 0,
                "extras": 0,
                "total": 0
              }
            },
            {
              "batter": "Rohan Mustafa",
              "bowler": "Karim Janat",
              "non_striker": "Shaiman Anwar",
              "runs": {
                "batter": 4,
                "extras": 0,
                "total": 4
              }
            },
            {
              "batter": "Rohan Mustafa",
              "bowler": "Karim Janat",
              "non_striker": "Shaiman Anwar",
              "runs": {
                "batter": 4,
                "extras": 0,
                "total": 4
              }
            },
            {
              "batter": "Rohan Mustafa",
              "bowler": "Karim Janat",
              "non_striker": "Shaiman Anwar",
              "runs": {
                "batter": 1,
                "extras": 0,
                "total": 1
              }
            },
            {
              "batter": "Shaiman Anwar",
              "bowler": "Karim Janat",
              "non_striker": "Rohan Mustafa",
              "runs": {
                "batter": 0,
                "extras": 0,
                "total": 0
              }
            },
            {
              "batter": "Shaiman Anwar",
              "bowler": "Karim Janat",
              "non_striker": "Rohan Mustafa",
              "runs": {
                "batter": 4,
                "extras": 0,
                "total": 4
              }
            }
          ]
        },
        {
          "over": 6,
          "deliveries": [
            {
              "batter": "Rohan Mustafa",
              "bowler": "Amir Hamza",
              "non_striker": "Shaiman Anwar",
              "runs": {
                "batter": 4,
                "extras": 0,
                "total": 4
              }
            },
            {
              "batter": "Rohan Mustafa",
              "bowler": "Amir Hamza",
              "non_striker": "Shaiman Anwar",
              "runs": {
                "batter": 2,
                "extras": 0,
                "total": 2
              }
            },
            {
              "batter": "Rohan Mustafa",
              "bowler": "Amir Hamza",
              "non_striker": "Shaiman Anwar",
              "runs": {
                "batter": 1,
                "extras": 0,
                "total": 1
              }
            },
            {
              "batter": "Shaiman Anwar",
              "bowler": "Amir Hamza",
              "non_striker": "Rohan Mustafa",
              "runs": {
                "batter": 1,
                "extras": 0,
                "total": 1
              }
            },
            {
              "batter": "Rohan Mustafa",
              "bowler": "Amir Hamza",
              "non_striker": "Shaiman Anwar",
              "runs": {
                "batter": 1,
                "extras": 0,
                "total": 1
              }
            },
            {
              "batter": "Shaiman Anwar",
              "bowler": "Amir Hamza",
              "non_striker": "Rohan Mustafa",
              "runs": {
                "batter": 1,
                "extras": 0,
                "total": 1
              }
            }
          ]
        },
        {
          "over": 7,
          "deliveries": [
            {
              "batter": "Shaiman Anwar",
              "bowler": "Karim Janat",
              "non_striker": "Rohan Mustafa",
              "runs": {
                "batter": 1,
                "extras": 0,
                "total": 1
              }
            },
            {
              "batter": "Rohan Mustafa",
              "bowler": "Karim Janat",
              "non_striker": "Shaiman Anwar",
              "runs": {
                "batter": 1,
                "extras": 0,
                "total": 1
              }
            },
            {
              "batter": "Shaiman Anwar",
              "bowler": "Karim Janat",
              "non_striker": "Rohan Mustafa",
              "runs": {
                "batter": 1,
                "extras": 0,
                "total": 1
              }
            },
            {
              "batter": "Rohan Mustafa",
              "bowler": "Karim Janat",
              "non_striker": "Shaiman Anwar",
              "runs": {
                "batter": 0,
                "extras": 0,
                "total": 0
              }
            },
            {
              "batter": "Rohan Mustafa",
              "bowler": "Karim Janat",
              "extras": {
                "wides": 1
              },
              "non_striker": "Shaiman Anwar",
              "runs": {
                "batter": 0,
                "extras": 1,
                "total": 1
              }
            },
            {
              "batter": "Rohan Mustafa",
              "bowler": "Karim Janat",
              "extras": {
                "byes": 1
              },
              "non_striker": "Shaiman Anwar",
              "runs": {
                "batter": 0,
                "extras": 1,
                "total": 1
              }
            },
            {
              "batter": "Shaiman Anwar",
              "bowler": "Karim Janat",
              "extras": {
                "byes": 1
              },
              "non_striker": "Rohan Mustafa",
              "runs": {
                "batter": 0,
                "extras": 1,
                "total": 1
              }
            }
          ]
        },
        {
          "over": 8,
          "deliveries": [
            {
              "batter": "Shaiman Anwar",
              "bowler": "Amir Hamza",
              "non_striker": "Rohan Mustafa",
              "runs": {
                "batter": 1,
                "extras": 0,
                "total": 1
              }
            },
            {
              "batter": "Rohan Mustafa",
              "bowler": "Amir Hamza",
              "non_striker": "Shaiman Anwar",
              "runs": {
                "batter": 1,
                "extras": 0,
                "total": 1
              }
            },
            {
              "batter": "Shaiman Anwar",
              "bowler": "Amir Hamza",
              "non_striker": "Rohan Mustafa",
              "runs": {
                "batter": 1,
                "extras": 0,
                "total": 1
              }
            },
            {
              "batter": "Rohan Mustafa",
              "bowler": "Amir Hamza",
              "non_striker": "Shaiman Anwar",
              "runs": {
                "batter": 1,
                "extras": 0,
                "total": 1
              }
            },
            {
              "batter": "Shaiman Anwar",
              "bowler": "Amir Hamza",
              "non_striker": "Rohan Mustafa",
              "runs": {
                "batter": 0,
                "extras": 0,
                "total": 0
              }
            },
            {
              "batter": "Shaiman Anwar",
              "bowler": "Amir Hamza",
              "non_striker": "Rohan Mustafa",
              "runs": {
                "batter": 1,
                "extras": 0,
                "total": 1
              }
            }
          ]
        },
        {
          "over": 9,
          "deliveries": [
            {
              "batter": "Shaiman Anwar",
              "bowler": "Karim Janat",
              "non_striker": "Rohan Mustafa",
              "runs": {
                "batter": 4,
                "extras": 0,
                "total": 4
              }
            },
            {
              "batter": "Shaiman Anwar",
              "bowler": "Karim Janat",
              "non_striker": "Rohan Mustafa",
              "runs": {
                "batter": 1,
                "extras": 0,
                "total": 1
              }
            },
            {
              "batter": "Rohan Mustafa",
              "bowler": "Karim Janat",
              "non_striker": "Shaiman Anwar",
              "runs": {
                "batter": 0,
                "extras": 0,
                "total": 0
              }
            },
            {
              "batter": "Rohan Mustafa",
              "bowler": "Karim Janat",
              "non_striker": "Shaiman Anwar",
              "runs": {
                "batter": 1,
                "extras": 0,
                "total": 1
              }
            },
            {
              "batter": "Shaiman Anwar",
              "bowler": "Karim Janat",
              "non_striker": "Rohan Mustafa",
              "runs": {
                "batter": 0,
                "extras": 0,
                "total": 0
              }
            },
            {
              "batter": "Shaiman Anwar",
              "bowler": "Karim Janat",
              "non_striker": "Rohan Mustafa",
              "runs": {
                "batter": 4,
                "extras": 0,
                "total": 4
              }
            }
          ]
        },
        {
          "over": 10,
          "deliveries": [
            {
              "batter": "Rohan Mustafa",
              "bowler": "Rashid Khan",
              "non_striker": "Shaiman Anwar",
              "runs": {
                "batter": 0,
                "extras": 0,
                "total": 0
              },
              "wickets": [
                {
                  "kind": "lbw",
                  "player_out": "Rohan Mustafa"
                }
              ]
            },
            {
              "batter": "Muhammad Usman",
              "bowler": "Rashid Khan",
              "non_striker": "Shaiman Anwar",
              "runs": {
                "batter": 1,
                "extras": 0,
                "total": 1
              }
            },
            {
              "batter": "Shaiman Anwar",
              "bowler": "Rashid Khan",
              "non_striker": "Muhammad Usman",
              "runs": {
                "batter": 1,
                "extras": 0,
                "total": 1
              }
            },
            {
              "batter": "Muhammad Usman",
              "bowler": "Rashid Khan",
              "non_striker": "Shaiman Anwar",
              "runs": {
                "batter": 0,
                "extras": 0,
                "total": 0
              }
            },
            {
              "batter": "Muhammad Usman",
              "bowler": "Rashid Khan",
              "non_striker": "Shaiman Anwar",
              "runs": {
                "batter": 0,
                "extras": 0,
                "total": 0
              }
            },
            {
              "batter": "Muhammad Usman",
              "bowler": "Rashid Khan",
              "non_striker": "Shaiman Anwar",
              "runs": {
                "batter": 2,
                "extras": 0,
                "total": 2
              }
            }
          ]
        },
        {
          "over": 11,
          "deliveries": [
            {
              "batter": "Shaiman Anwar",
              "bowler": "Mohammad Nabi",
              "non_striker": "Muhammad Usman",
              "runs": {
                "batter": 0,
                "extras": 0,
                "total": 0
              }
            },
            {
              "batter": "Shaiman Anwar",
              "bowler": "Mohammad Nabi",
              "non_striker": "Muhammad Usman",
              "runs": {
                "batter": 1,
                "extras": 0,
                "total": 1
              }
            },
            {
              "batter": "Muhammad Usman",
              "bowler": "Mohammad Nabi",
              "non_striker": "Shaiman Anwar",
              "runs": {
                "batter": 1,
                "extras": 0,
                "total": 1
              }
            },
            {
              "batter": "Shaiman Anwar",
              "bowler": "Mohammad Nabi",
              "non_striker": "Muhammad Usman",
              "runs": {
                "batter": 1,
                "extras": 0,
                "total": 1
              }
            },
            {
              "batter": "Muhammad Usman",
              "bowler": "Mohammad Nabi",
              "non_striker": "Shaiman Anwar",
              "runs": {
                "batter": 1,
                "extras": 0,
                "total": 1
              }
            },
            {
              "batter": "Shaiman Anwar",
              "bowler": "Mohammad Nabi",
              "non_striker": "Muhammad Usman",
              "runs": {
                "batter": 1,
                "extras": 0,
                "total": 1
              }
            }
          ]
        },
        {
          "over": 12,
          "deliveries": [
            {
              "batter": "Shaiman Anwar",
              "bowler": "Rashid Khan",
              "non_striker": "Muhammad Usman",
              "runs": {
                "batter": 0,
                "extras": 0,
                "total": 0
              }
            },
            {
              "batter": "Shaiman Anwar",
              "bowler": "Rashid Khan",
              "non_striker": "Muhammad Usman",
              "runs": {
                "batter": 1,
                "extras": 0,
                "total": 1
              }
            },
            {
              "batter": "Muhammad Usman",
              "bowler": "Rashid Khan",
              "non_striker": "Shaiman Anwar",
              "runs": {
                "batter": 0,
                "extras": 0,
                "total": 0
              }
            },
            {
              "batter": "Muhammad Usman",
              "bowler": "Rashid Khan",
              "non_striker": "Shaiman Anwar",
              "runs": {
                "batter": 1,
                "extras": 0,
                "total": 1
              }
            },
            {
              "batter": "Shaiman Anwar",
              "bowler": "Rashid Khan",
              "non_striker": "Muhammad Usman",
              "runs": {
                "batter": 0,
                "extras": 0,
                "total": 0
              }
            },
            {
              "batter": "Shaiman Anwar",
              "bowler": "Rashid Khan",
              "non_striker": "Muhammad Usman",
              "runs": {
                "batter": 0,
                "extras": 0,
                "total": 0
              }
            }
          ]
        },
        {
          "over": 13,
          "deliveries": [
            {
              "batter": "Muhammad Usman",
              "bowler": "Karim Janat",
              "extras": {
                "wides": 1
              },
              "non_striker": "Shaiman Anwar",
              "runs": {
                "batter": 0,
                "extras": 1,
                "total": 1
              }
            },
            {
              "batter": "Muhammad Usman",
              "bowler": "Karim Janat",
              "non_striker": "Shaiman Anwar",
              "runs": {
                "batter": 1,
                "extras": 0,
                "total": 1
              }
            },
            {
              "batter": "Shaiman Anwar",
              "bowler": "Karim Janat",
              "non_striker": "Muhammad Usman",
              "runs": {
                "batter": 1,
                "extras": 0,
                "total": 1
              }
            },
            {
              "batter": "Muhammad Usman",
              "bowler": "Karim Janat",
              "non_striker": "Shaiman Anwar",
              "runs": {
                "batter": 6,
                "extras": 0,
                "total": 6
              }
            },
            {
              "batter": "Muhammad Usman",
              "bowler": "Karim Janat",
              "non_striker": "Shaiman Anwar",
              "runs": {
                "batter": 1,
                "extras": 0,
                "total": 1
              }
            },
            {
              "batter": "Shaiman Anwar",
              "bowler": "Karim Janat",
              "non_striker": "Muhammad Usman",
              "runs": {
                "batter": 1,
                "extras": 0,
                "total": 1
              }
            },
            {
              "batter": "Muhammad Usman",
              "bowler": "Karim Janat",
              "non_striker": "Shaiman Anwar",
              "runs": {
                "batter": 0,
                "extras": 0,
                "total": 0
              }
            }
          ]
        },
        {
          "over": 14,
          "deliveries": [
            {
              "batter": "Shaiman Anwar",
              "bowler": "Amir Hamza",
              "non_striker": "Muhammad Usman",
              "runs": {
                "batter": 1,
                "extras": 0,
                "total": 1
              }
            },
            {
              "batter": "Muhammad Usman",
              "bowler": "Amir Hamza",
              "non_striker": "Shaiman Anwar",
              "runs": {
                "batter": 1,
                "extras": 0,
                "total": 1
              }
            },
            {
              "batter": "Shaiman Anwar",
              "bowler": "Amir Hamza",
              "non_striker": "Muhammad Usman",
              "runs": {
                "batter": 1,
                "extras": 0,
                "total": 1
              }
            },
            {
              "batter": "Muhammad Usman",
              "bowler": "Amir Hamza",
              "non_striker": "Shaiman Anwar",
              "runs": {
                "batter": 0,
                "extras": 0,
                "total": 0
              },
              "wickets": [
                {
                  "kind": "caught",
                  "player_out": "Muhammad Usman",
                  "fielders": [
                    {
                      "name": "Usman Ghani"
                    }
                  ]
                }
              ]
            },
            {
              "batter": "Rameez Shahzad",
              "bowler": "Amir Hamza",
              "non_striker": "Shaiman Anwar",
              "runs": {
                "batter": 1,
                "extras": 0,
                "total": 1
              }
            },
            {
              "batter": "Shaiman Anwar",
              "bowler": "Amir Hamza",
              "non_striker": "Rameez Shahzad",
              "runs": {
                "batter": 1,
                "extras": 0,
                "total": 1
              }
            }
          ]
        },
        {
          "over": 15,
          "deliveries": [
            {
              "batter": "Shaiman Anwar",
              "bowler": "Rashid Khan",
              "non_striker": "Rameez Shahzad",
              "runs": {
                "batter": 1,
                "extras": 0,
                "total": 1
              }
            },
            {
              "batter": "Rameez Shahzad",
              "bowler": "Rashid Khan",
              "non_striker": "Shaiman Anwar",
              "runs": {
                "batter": 4,
                "extras": 0,
                "total": 4
              }
            },
            {
              "batter": "Rameez Shahzad",
              "bowler": "Rashid Khan",
              "non_striker": "Shaiman Anwar",
              "runs": {
                "batter": 0,
                "extras": 0,
                "total": 0
              }
            },
            {
              "batter": "Rameez Shahzad",
              "bowler": "Rashid Khan",
              "non_striker": "Shaiman Anwar",
              "runs": {
                "batter": 1,
                "extras": 0,
                "total": 1
              }
            },
            {
              "batter": "Shaiman Anwar",
              "bowler": "Rashid Khan",
              "non_striker": "Rameez Shahzad",
              "runs": {
                "batter": 0,
                "extras": 0,
                "total": 0
              }
            },
            {
              "batter": "Shaiman Anwar",
              "bowler": "Rashid Khan",
              "non_striker": "Rameez Shahzad",
              "runs": {
                "batter": 0,
                "extras": 0,
                "total": 0
              }
            }
          ]
        },
        {
          "over": 16,
          "deliveries": [
            {
              "batter": "Rameez Shahzad",
              "bowler": "Fareed Ahmad",
              "non_striker": "Shaiman Anwar",
              "runs": {
                "batter": 2,
                "extras": 0,
                "total": 2
              }
            },
            {
              "batter": "Rameez Shahzad",
              "bowler": "Fareed Ahmad",
              "non_striker": "Shaiman Anwar",
              "runs": {
                "batter": 4,
                "extras": 0,
                "total": 4
              }
            },
            {
              "batter": "Rameez Shahzad",
              "bowler": "Fareed Ahmad",
              "non_striker": "Shaiman Anwar",
              "runs": {
                "batter": 4,
                "extras": 0,
                "total": 4
              }
            },
            {
              "batter": "Rameez Shahzad",
              "bowler": "Fareed Ahmad",
              "non_striker": "Shaiman Anwar",
              "runs": {
                "batter": 1,
                "extras": 0,
                "total": 1
              }
            },
            {
              "batter": "Shaiman Anwar",
              "bowler": "Fareed Ahmad",
              "non_striker": "Rameez Shahzad",
              "runs": {
                "batter": 1,
                "extras": 0,
                "total": 1
              }
            },
            {
              "batter": "Rameez Shahzad",
              "bowler": "Fareed Ahmad",
              "non_striker": "Shaiman Anwar",
              "runs": {
                "batter": 4,
                "extras": 0,
                "total": 4
              }
            }
          ]
        },
        {
          "over": 17,
          "deliveries": [
            {
              "batter": "Shaiman Anwar",
              "bowler": "Rashid Khan",
              "non_striker": "Rameez Shahzad",
              "runs": {
                "batter": 6,
                "extras": 0,
                "total": 6
              }
            },
            {
              "batter": "Shaiman Anwar",
              "bowler": "Rashid Khan",
              "non_striker": "Rameez Shahzad",
              "runs": {
                "batter": 0,
                "extras": 0,
                "total": 0
              }
            },
            {
              "batter": "Shaiman Anwar",
              "bowler": "Rashid Khan",
              "non_striker": "Rameez Shahzad",
              "runs": {
                "batter": 1,
                "extras": 0,
                "total": 1
              }
            },
            {
              "batter": "Rameez Shahzad",
              "bowler": "Rashid Khan",
              "non_striker": "Shaiman Anwar",
              "runs": {
                "batter": 0,
                "extras": 0,
                "total": 0
              }
            },
            {
              "batter": "Rameez Shahzad",
              "bowler": "Rashid Khan",
              "non_striker": "Shaiman Anwar",
              "runs": {
                "batter": 1,
                "extras": 0,
                "total": 1
              }
            },
            {
              "batter": "Shaiman Anwar",
              "bowler": "Rashid Khan",
              "non_striker": "Rameez Shahzad",
              "runs": {
                "batter": 6,
                "extras": 0,
                "total": 6
              }
            }
          ]
        },
        {
          "over": 18,
          "deliveries": [
            {
              "batter": "Rameez Shahzad",
              "bowler": "Mohammad Nabi",
              "non_striker": "Shaiman Anwar",
              "runs": {
                "batter": 6,
                "extras": 0,
                "total": 6
              }
            },
            {
              "batter": "Rameez Shahzad",
              "bowler": "Mohammad Nabi",
              "non_striker": "Shaiman Anwar",
              "runs": {
                "batter": 0,
                "extras": 0,
                "total": 0
              }
            },
            {
              "batter": "Rameez Shahzad",
              "bowler": "Mohammad Nabi",
              "non_striker": "Shaiman Anwar",
              "runs": {
                "batter": 6,
                "extras": 0,
                "total": 6
              }
            },
            {
              "batter": "Rameez Shahzad",
              "bowler": "Mohammad Nabi",
              "extras": {
                "wides": 1
              },
              "non_striker": "Shaiman Anwar",
              "runs": {
                "batter": 0,
                "extras": 1,
                "total": 1
              }
            },
            {
              "batter": "Rameez Shahzad",
              "bowler": "Mohammad Nabi",
              "non_striker": "Shaiman Anwar",
              "runs": {
                "batter": 4,
                "extras": 0,
                "total": 4
              }
            },
            {
              "batter": "Rameez Shahzad",
              "bowler": "Mohammad Nabi",
              "non_striker": "Shaiman Anwar",
              "runs": {
                "batter": 1,
                "extras": 0,
                "total": 1
              }
            },
            {
              "batter": "Shaiman Anwar",
              "bowler": "Mohammad Nabi",
              "non_striker": "Rameez Shahzad",
              "runs": {
                "batter": 1,
                "extras": 0,
                "total": 1
              }
            }
          ]
        },
        {
          "over": 19,
          "deliveries": [
            {
              "batter": "Shaiman Anwar",
              "bowler": "Fareed Ahmad",
              "non_striker": "Rameez Shahzad",
              "runs": {
                "batter": 0,
                "extras": 0,
                "total": 0
              }
            },
            {
              "batter": "Shaiman Anwar",
              "bowler": "Fareed Ahmad",
              "non_striker": "Rameez Shahzad",
              "runs": {
                "batter": 1,
                "extras": 0,
                "total": 1
              }
            },
            {
              "batter": "Rameez Shahzad",
              "bowler": "Fareed Ahmad",
              "non_striker": "Shaiman Anwar",
              "runs": {
                "batter": 6,
                "extras": 0,
                "total": 6
              }
            },
            {
              "batter": "Rameez Shahzad",
              "bowler": "Fareed Ahmad",
              "non_striker": "Shaiman Anwar",
              "runs": {
                "batter": 2,
                "extras": 0,
                "total": 2
              }
            },
            {
              "batter": "Rameez Shahzad",
              "bowler": "Fareed Ahmad",
              "extras": {
                "legbyes": 1
              },
              "non_striker": "Shaiman Anwar",
              "runs": {
                "batter": 0,
                "extras": 1,
                "total": 1
              }
            },
            {
              "batter": "Shaiman Anwar",
              "bowler": "Fareed Ahmad",
              "non_striker": "Rameez Shahzad",
              "runs": {
                "batter": 0,
                "extras": 0,
                "total": 0
              },
              "wickets": [
                {
                  "kind": "caught",
                  "player_out": "Shaiman Anwar",
                  "fielders": [
                    {
                      "name": "Rashid Khan"
                    }
                  ]
                }
              ]
            }
          ]
        }
      ],
      "powerplays": [
        {
          "from": 0.1,
          "to": 5.6,
          "type": "mandatory"
        }
      ]
    },
    {
      "team": "Afghanistan",
      "overs": [
        {
          "over": 0,
          "deliveries": [
            {
              "batter": "Mohammad Shahzad",
              "bowler": "Mohammad Naveed",
              "non_striker": "Hazratullah",
              "runs": {
                "batter": 1,
                "extras": 0,
                "total": 1
              }
            },
            {
              "batter": "Hazratullah",
              "bowler": "Mohammad Naveed",
              "non_striker": "Mohammad Shahzad",
              "runs": {
                "batter": 0,
                "extras": 0,
                "total": 0
              }
            },
            {
              "batter": "Hazratullah",
              "bowler": "Mohammad Naveed",
              "non_striker": "Mohammad Shahzad",
              "runs": {
                "batter": 0,
                "extras": 0,
                "total": 0
              }
            },
            {
              "batter": "Hazratullah",
              "bowler": "Mohammad Naveed",
              "extras": {
                "noballs": 1
              },
              "non_striker": "Mohammad Shahzad",
              "runs": {
                "batter": 1,
                "extras": 1,
                "total": 2
              }
            },
            {
              "batter": "Mohammad Shahzad",
              "bowler": "Mohammad Naveed",
              "non_striker": "Hazratullah",
              "runs": {
                "batter": 1,
                "extras": 0,
                "total": 1
              }
            },
            {
              "batter": "Hazratullah",
              "bowler": "Mohammad Naveed",
              "non_striker": "Mohammad Shahzad",
              "runs": {
                "batter": 0,
                "extras": 0,
                "total": 0
              }
            },
            {
              "batter": "Hazratullah",
              "bowler": "Mohammad Naveed",
              "non_striker": "Mohammad Shahzad",
              "runs": {
                "batter": 2,
                "extras": 0,
                "total": 2
              }
            }
          ]
        },
        {
          "over": 1,
          "deliveries": [
            {
              "batter": "Mohammad Shahzad",
              "bowler": "Atif Ali Khan",
              "non_striker": "Hazratullah",
              "runs": {
                "batter": 4,
                "extras": 0,
                "total": 4
              }
            },
            {
              "batter": "Mohammad Shahzad",
              "bowler": "Atif Ali Khan",
              "non_striker": "Hazratullah",
              "runs": {
                "batter": 1,
                "extras": 0,
                "total": 1
              }
            },
            {
              "batter": "Hazratullah",
              "bowler": "Atif Ali Khan",
              "non_striker": "Mohammad Shahzad",
              "runs": {
                "batter": 3,
                "extras": 0,
                "total": 3
              }
            },
            {
              "batter": "Mohammad Shahzad",
              "bowler": "Atif Ali Khan",
              "non_striker": "Hazratullah",
              "runs": {
                "batter": 4,
                "extras": 0,
                "total": 4
              }
            },
            {
              "batter": "Mohammad Shahzad",
              "bowler": "Atif Ali Khan",
              "non_striker": "Hazratullah",
              "runs": {
                "batter": 4,
                "extras": 0,
                "total": 4
              }
            },
            {
              "batter": "Mohammad Shahzad",
              "bowler": "Atif Ali Khan",
              "non_striker": "Hazratullah",
              "runs": {
                "batter": 4,
                "extras": 0,
                "total": 4
              }
            }
          ]
        },
        {
          "over": 2,
          "deliveries": [
            {
              "batter": "Hazratullah",
              "bowler": "Mohammad Naveed",
              "non_striker": "Mohammad Shahzad",
              "runs": {
                "batter": 2,
                "extras": 0,
                "total": 2
              }
            },
            {
              "batter": "Hazratullah",
              "bowler": "Mohammad Naveed",
              "extras": {
                "wides": 1
              },
              "non_striker": "Mohammad Shahzad",
              "runs": {
                "batter": 0,
                "extras": 1,
                "total": 1
              }
            },
            {
              "batter": "Hazratullah",
              "bowler": "Mohammad Naveed",
              "extras": {
                "wides": 1
              },
              "non_striker": "Mohammad Shahzad",
              "runs": {
                "batter": 0,
                "extras": 1,
                "total": 1
              }
            },
            {
              "batter": "Hazratullah",
              "bowler": "Mohammad Naveed",
              "non_striker": "Mohammad Shahzad",
              "runs": {
                "batter": 0,
                "extras": 0,
                "total": 0
              }
            },
            {
              "batter": "Hazratullah",
              "bowler": "Mohammad Naveed",
              "non_striker": "Mohammad Shahzad",
              "runs": {
                "batter": 0,
                "extras": 0,
                "total": 0
              }
            },
            {
              "batter": "Hazratullah",
              "bowler": "Mohammad Naveed",
              "non_striker": "Mohammad Shahzad",
              "runs": {
                "batter": 0,
                "extras": 0,
                "total": 0
              }
            },
            {
              "batter": "Hazratullah",
              "bowler": "Mohammad Naveed",
              "non_striker": "Mohammad Shahzad",
              "runs": {
                "batter": 1,
                "extras": 0,
                "total": 1
              }
            },
            {
              "batter": "Mohammad Shahzad",
              "bowler": "Mohammad Naveed",
              "non_striker": "Hazratullah",
              "runs": {
                "batter": 0,
                "extras": 0,
                "total": 0
              }
            }
          ]
        },
        {
          "over": 3,
          "deliveries": [
            {
              "batter": "Hazratullah",
              "bowler": "Amjad Javed",
              "non_striker": "Mohammad Shahzad",
              "runs": {
                "batter": 1,
                "extras": 0,
                "total": 1
              }
            },
            {
              "batter": "Mohammad Shahzad",
              "bowler": "Amjad Javed",
              "non_striker": "Hazratullah",
              "runs": {
                "batter": 4,
                "extras": 0,
                "total": 4
              }
            },
            {
              "batter": "Mohammad Shahzad",
              "bowler": "Amjad Javed",
              "non_striker": "Hazratullah",
              "runs": {
                "batter": 4,
                "extras": 0,
                "total": 4
              }
            },
            {
              "batter": "Mohammad Shahzad",
              "bowler": "Amjad Javed",
              "non_striker": "Hazratullah",
              "runs": {
                "batter": 4,
                "extras": 0,
                "total": 4
              }
            },
            {
              "batter": "Mohammad Shahzad",
              "bowler": "Amjad Javed",
              "non_striker": "Hazratullah",
              "runs": {
                "batter": 0,
                "extras": 0,
                "total": 0
              },
              "wickets": [
                {
                  "kind": "bowled",
                  "player_out": "Mohammad Shahzad"
                }
              ]
            },
            {
              "batter": "Usman Ghani",
              "bowler": "Amjad Javed",
              "non_striker": "Hazratullah",
              "runs": {
                "batter": 4,
                "extras": 0,
                "total": 4
              }
            }
          ]
        },
        {
          "over": 4,
          "deliveries": [
            {
              "batter": "Hazratullah",
              "bowler": "Mohammad Naveed",
              "non_striker": "Usman Ghani",
              "runs": {
                "batter": 0,
                "extras": 0,
                "total": 0
              }
            },
            {
              "batter": "Hazratullah",
              "bowler": "Mohammad Naveed",
              "non_striker": "Usman Ghani",
              "runs": {
                "batter": 4,
                "extras": 0,
                "total": 4
              }
            },
            {
              "batter": "Hazratullah",
              "bowler": "Mohammad Naveed",
              "non_striker": "Usman Ghani",
              "runs": {
                "batter": 0,
                "extras": 0,
                "total": 0
              }
            },
            {
              "batter": "Hazratullah",
              "bowler": "Mohammad Naveed",
              "non_striker": "Usman Ghani",
              "runs": {
                "batter": 0,
                "extras": 0,
                "total": 0
              }
            },
            {
              "batter": "Hazratullah",
              "bowler": "Mohammad Naveed",
              "non_striker": "Usman Ghani",
              "runs": {
                "batter": 1,
                "extras": 0,
                "total": 1
              }
            },
            {
              "batter": "Usman Ghani",
              "bowler": "Mohammad Naveed",
              "non_striker": "Hazratullah",
              "runs": {
                "batter": 0,
                "extras": 0,
                "total": 0
              }
            }
          ]
        },
        {
          "over": 5,
          "deliveries": [
            {
              "batter": "Hazratullah",
              "bowler": "Mohammad Shahzad (2)",
              "non_striker": "Usman Ghani",
              "runs": {
                "batter": 0,
                "extras": 0,
                "total": 0
              }
            },
            {
              "batter": "Hazratullah",
              "bowler": "Mohammad Shahzad (2)",
              "non_striker": "Usman Ghani",
              "runs": {
                "batter": 1,
                "extras": 0,
                "total": 1
              }
            },
            {
              "batter": "Usman Ghani",
              "bowler": "Mohammad Shahzad (2)",
              "non_striker": "Hazratullah",
              "runs": {
                "batter": 0,
                "extras": 0,
                "total": 0
              }
            },
            {
              "batter": "Usman Ghani",
              "bowler": "Mohammad Shahzad (2)",
              "non_striker": "Hazratullah",
              "runs": {
                "batter": 0,
                "extras": 0,
                "total": 0
              }
            },
            {
              "batter": "Usman Ghani",
              "bowler": "Mohammad Shahzad (2)",
              "non_striker": "Hazratullah",
              "runs": {
                "batter": 1,
                "extras": 0,
                "total": 1
              }
            },
            {
              "batter": "Hazratullah",
              "bowler": "Mohammad Shahzad (2)",
              "non_striker": "Usman Ghani",
              "runs": {
                "batter": 0,
                "extras": 0,
                "total": 0
              }
            }
          ]
        },
        {
          "over": 6,
          "deliveries": [
            {
              "batter": "Usman Ghani",
              "bowler": "Ahmed Raza",
              "non_striker": "Hazratullah",
              "runs": {
                "batter": 1,
                "extras": 0,
                "total": 1
              }
            },
            {
              "batter": "Hazratullah",
              "bowler": "Ahmed Raza",
              "non_striker": "Usman Ghani",
              "runs": {
                "batter": 0,
                "extras": 0,
                "total": 0
              }
            },
            {
              "batter": "Hazratullah",
              "bowler": "Ahmed Raza",
              "non_striker": "Usman Ghani",
              "runs": {
                "batter": 1,
                "extras": 0,
                "total": 1
              }
            },
            {
              "batter": "Usman Ghani",
              "bowler": "Ahmed Raza",
              "non_striker": "Hazratullah",
              "runs": {
                "batter": 1,
                "extras": 0,
                "total": 1
              }
            },
            {
              "batter": "Hazratullah",
              "bowler": "Ahmed Raza",
              "non_striker": "Usman Ghani",
              "runs": {
                "batter": 1,
                "extras": 0,
                "total": 1
              }
            },
            {
              "batter": "Usman Ghani",
              "bowler": "Ahmed Raza",
              "non_striker": "Hazratullah",
              "runs": {
                "batter": 0,
                "extras": 0,
                "total": 0
              }
            }
          ]
        },
        {
          "over": 7,
          "deliveries": [
            {
              "batter": "Hazratullah",
              "bowler": "Mohammad Shahzad (2)",
              "non_striker": "Usman Ghani",
              "runs": {
                "batter": 0,
                "extras": 0,
                "total": 0
              },
              "wickets": [
                {
                  "kind": "caught",
                  "player_out": "Hazratullah",
                  "fielders": [
                    {
                      "name": "Rameez Shahzad"
                    }
                  ]
                }
              ]
            },
            {
              "batter": "Asghar Stanikzai",
              "bowler": "Mohammad Shahzad (2)",
              "non_striker": "Usman Ghani",
              "runs": {
                "batter": 1,
                "extras": 0,
                "total": 1
              }
            },
            {
              "batter": "Usman Ghani",
              "bowler": "Mohammad Shahzad (2)",
              "non_striker": "Asghar Stanikzai",
              "runs": {
                "batter": 1,
                "extras": 0,
                "total": 1
              }
            },
            {
              "batter": "Asghar Stanikzai",
              "bowler": "Mohammad Shahzad (2)",
              "non_striker": "Usman Ghani",
              "runs": {
                "batter": 0,
                "extras": 0,
                "total": 0
              }
            },
            {
              "batter": "Asghar Stanikzai",
              "bowler": "Mohammad Shahzad (2)",
              "non_striker": "Usman Ghani",
              "runs": {
                "batter": 1,
                "extras": 0,
                "total": 1
              }
            },
            {
              "batter": "Usman Ghani",
              "bowler": "Mohammad Shahzad (2)",
              "non_striker": "Asghar Stanikzai",
              "runs": {
                "batter": 1,
                "extras": 0,
                "total": 1
              }
            }
          ]
        },
        {
          "over": 8,
          "deliveries": [
            {
              "batter": "Usman Ghani",
              "bowler": "Ahmed Raza",
              "non_striker": "Asghar Stanikzai",
              "runs": {
                "batter": 1,
                "extras": 0,
                "total": 1
              }
            },
            {
              "batter": "Asghar Stanikzai",
              "bowler": "Ahmed Raza",
              "non_striker": "Usman Ghani",
              "runs": {
                "batter": 0,
                "extras": 0,
                "total": 0
              }
            },
            {
              "batter": "Asghar Stanikzai",
              "bowler": "Ahmed Raza",
              "non_striker": "Usman Ghani",
              "runs": {
                "batter": 2,
                "extras": 0,
                "total": 2
              }
            },
            {
              "batter": "Asghar Stanikzai",
              "bowler": "Ahmed Raza",
              "non_striker": "Usman Ghani",
              "runs": {
                "batter": 6,
                "extras": 0,
                "total": 6
              }
            },
            {
              "batter": "Asghar Stanikzai",
              "bowler": "Ahmed Raza",
              "non_striker": "Usman Ghani",
              "runs": {
                "batter": 0,
                "extras": 0,
                "total": 0
              }
            },
            {
              "batter": "Asghar Stanikzai",
              "bowler": "Ahmed Raza",
              "non_striker": "Usman Ghani",
              "runs": {
                "batter": 0,
                "extras": 0,
                "total": 0
              }
            }
          ]
        },
        {
          "over": 9,
          "deliveries": [
            {
              "batter": "Usman Ghani",
              "bowler": "Atif Ali Khan",
              "extras": {
                "legbyes": 1
              },
              "non_striker": "Asghar Stanikzai",
              "runs": {
                "batter": 0,
                "extras": 1,
                "total": 1
              }
            },
            {
              "batter": "Asghar Stanikzai",
              "bowler": "Atif Ali Khan",
              "non_striker": "Usman Ghani",
              "runs": {
                "batter": 1,
                "extras": 0,
                "total": 1
              }
            },
            {
              "batter": "Usman Ghani",
              "bowler": "Atif Ali Khan",
              "non_striker": "Asghar Stanikzai",
              "runs": {
                "batter": 2,
                "extras": 0,
                "total": 2
              }
            },
            {
              "batter": "Usman Ghani",
              "bowler": "Atif Ali Khan",
              "non_striker": "Asghar Stanikzai",
              "runs": {
                "batter": 1,
                "extras": 0,
                "total": 1
              }
            },
            {
              "batter": "Asghar Stanikzai",
              "bowler": "Atif Ali Khan",
              "non_striker": "Usman Ghani",
              "runs": {
                "batter": 1,
                "extras": 0,
                "total": 1
              }
            },
            {
              "batter": "Usman Ghani",
              "bowler": "Atif Ali Khan",
              "non_striker": "Asghar Stanikzai",
              "runs": {
                "batter": 1,
                "extras": 0,
                "total": 1
              }
            }
          ]
        },
        {
          "over": 10,
          "deliveries": [
            {
              "batter": "Usman Ghani",
              "bowler": "Amjad Javed",
              "non_striker": "Asghar Stanikzai",
              "runs": {
                "batter": 3,
                "extras": 0,
                "total": 3
              }
            },
            {
              "batter": "Asghar Stanikzai",
              "bowler": "Amjad Javed",
              "non_striker": "Usman Ghani",
              "runs": {
                "batter": 1,
                "extras": 0,
                "total": 1
              }
            },
            {
              "batter": "Usman Ghani",
              "bowler": "Amjad Javed",
              "non_striker": "Asghar Stanikzai",
              "runs": {
                "batter": 1,
                "extras": 0,
                "total": 1
              }
            },
            {
              "batter": "Asghar Stanikzai",
              "bowler": "Amjad Javed",
              "non_striker": "Usman Ghani",
              "runs": {
                "batter": 1,
                "extras": 0,
                "total": 1
              }
            },
            {
              "batter": "Usman Ghani",
              "bowler": "Amjad Javed",
              "non_striker": "Asghar Stanikzai",
              "runs": {
                "batter": 0,
                "extras": 0,
                "total": 0
              },
              "wickets": [
                {
                  "kind": "caught",
                  "player_out": "Usman Ghani",
                  "fielders": [
                    {
                      "name": "Ghulam Shabber"
                    }
                  ]
                }
              ]
            },
            {
              "batter": "Samiullah Shenwari",
              "bowler": "Amjad Javed",
              "non_striker": "Asghar Stanikzai",
              "runs": {
                "batter": 1,
                "extras": 0,
                "total": 1
              }
            }
          ]
        },
        {
          "over": 11,
          "deliveries": [
            {
              "batter": "Samiullah Shenwari",
              "bowler": "Ahmed Raza",
              "non_striker": "Asghar Stanikzai",
              "runs": {
                "batter": 1,
                "extras": 0,
                "total": 1
              }
            },
            {
              "batter": "Asghar Stanikzai",
              "bowler": "Ahmed Raza",
              "non_striker": "Samiullah Shenwari",
              "runs": {
                "batter": 1,
                "extras": 0,
                "total": 1
              }
            },
            {
              "batter": "Samiullah Shenwari",
              "bowler": "Ahmed Raza",
              "non_striker": "Asghar Stanikzai",
              "runs": {
                "batter": 1,
                "extras": 0,
                "total": 1
              }
            },
            {
              "batter": "Asghar Stanikzai",
              "bowler": "Ahmed Raza",
              "non_striker": "Samiullah Shenwari",
              "runs": {
                "batter": 0,
                "extras": 0,
                "total": 0
              }
            },
            {
              "batter": "Asghar Stanikzai",
              "bowler": "Ahmed Raza",
              "non_striker": "Samiullah Shenwari",
              "runs": {
                "batter": 6,
                "extras": 0,
                "total": 6
              }
            },
            {
              "batter": "Asghar Stanikzai",
              "bowler": "Ahmed Raza",
              "non_striker": "Samiullah Shenwari",
              "runs": {
                "batter": 1,
                "extras": 0,
                "total": 1
              }
            }
          ]
        },
        {
          "over": 12,
          "deliveries": [
            {
              "batter": "Asghar Stanikzai",
              "bowler": "Amjad Javed",
              "non_striker": "Samiullah Shenwari",
              "runs": {
                "batter": 1,
                "extras": 0,
                "total": 1
              }
            },
            {
              "batter": "Samiullah Shenwari",
              "bowler": "Amjad Javed",
              "non_striker": "Asghar Stanikzai",
              "runs": {
                "batter": 1,
                "extras": 0,
                "total": 1
              }
            },
            {
              "batter": "Asghar Stanikzai",
              "bowler": "Amjad Javed",
              "non_striker": "Samiullah Shenwari",
              "runs": {
                "batter": 2,
                "extras": 0,
                "total": 2
              }
            },
            {
              "batter": "Asghar Stanikzai",
              "bowler": "Amjad Javed",
              "non_striker": "Samiullah Shenwari",
              "runs": {
                "batter": 4,
                "extras": 0,
                "total": 4
              }
            },
            {
              "batter": "Asghar Stanikzai",
              "bowler": "Amjad Javed",
              "non_striker": "Samiullah Shenwari",
              "runs": {
                "batter": 0,
                "extras": 0,
                "total": 0
              },
              "wickets": [
                {
                  "kind": "bowled",
                  "player_out": "Asghar Stanikzai"
                }
              ]
            },
            {
              "batter": "Mohammad Nabi",
              "bowler": "Amjad Javed",
              "extras": {
                "wides": 1
              },
              "non_striker": "Samiullah Shenwari",
              "runs": {
                "batter": 0,
                "extras": 1,
                "total": 1
              }
            },
            {
              "batter": "Mohammad Nabi",
              "bowler": "Amjad Javed",
              "non_striker": "Samiullah Shenwari",
              "runs": {
                "batter": 1,
                "extras": 0,
                "total": 1
              }
            }
          ]
        },
        {
          "over": 13,
          "deliveries": [
            {
              "batter": "Mohammad Nabi",
              "bowler": "Atif Ali Khan",
              "non_striker": "Samiullah Shenwari",
              "runs": {
                "batter": 1,
                "extras": 0,
                "total": 1
              }
            },
            {
              "batter": "Samiullah Shenwari",
              "bowler": "Atif Ali Khan",
              "non_striker": "Mohammad Nabi",
              "runs": {
                "batter": 4,
                "extras": 0,
                "total": 4
              }
            },
            {
              "batter": "Samiullah Shenwari",
              "bowler": "Atif Ali Khan",
              "non_striker": "Mohammad Nabi",
              "runs": {
                "batter": 2,
                "extras": 0,
                "total": 2
              }
            },
            {
              "batter": "Samiullah Shenwari",
              "bowler": "Atif Ali Khan",
              "non_striker": "Mohammad Nabi",
              "runs": {
                "batter": 1,
                "extras": 0,
                "total": 1
              }
            },
            {
              "batter": "Mohammad Nabi",
              "bowler": "Atif Ali Khan",
              "non_striker": "Samiullah Shenwari",
              "runs": {
                "batter": 1,
                "extras": 0,
                "total": 1
              }
            },
            {
              "batter": "Samiullah Shenwari",
              "bowler": "Atif Ali Khan",
              "non_striker": "Mohammad Nabi",
              "runs": {
                "batter": 1,
                "extras": 0,
                "total": 1
              },
              "wickets": [
                {
                  "kind": "run out",
                  "player_out": "Samiullah Shenwari",
                  "fielders": [
                    {
                      "name": "Muhammad Usman"
                    },
                    {
                      "name": "Ghulam Shabber"
                    }
                  ]
                }
              ]
            }
          ]
        },
        {
          "over": 14,
          "deliveries": [
            {
              "batter": "Mohammad Nabi",
              "bowler": "Amjad Javed",
              "non_striker": "Najibullah Zadran",
              "runs": {
                "batter": 1,
                "extras": 0,
                "total": 1
              }
            },
            {
              "batter": "Najibullah Zadran",
              "bowler": "Amjad Javed",
              "non_striker": "Mohammad Nabi",
              "runs": {
                "batter": 1,
                "extras": 0,
                "total": 1
              }
            },
            {
              "batter": "Mohammad Nabi",
              "bowler": "Amjad Javed",
              "non_striker": "Najibullah Zadran",
              "runs": {
                "batter": 0,
                "extras": 0,
                "total": 0
              }
            },
            {
              "batter": "Mohammad Nabi",
              "bowler": "Amjad Javed",
              "non_striker": "Najibullah Zadran",
              "runs": {
                "batter": 2,
                "extras": 0,
                "total": 2
              }
            },
            {
              "batter": "Mohammad Nabi",
              "bowler": "Amjad Javed",
              "non_striker": "Najibullah Zadran",
              "runs": {
                "batter": 1,
                "extras": 0,
                "total": 1
              }
            },
            {
              "batter": "Najibullah Zadran",
              "bowler": "Amjad Javed",
              "non_striker": "Mohammad Nabi",
              "runs": {
                "batter": 1,
                "extras": 0,
                "total": 1
              }
            }
          ]
        },
        {
          "over": 15,
          "deliveries": [
            {
              "batter": "Najibullah Zadran",
              "bowler": "Mohammad Shahzad (2)",
              "non_striker": "Mohammad Nabi",
              "runs": {
                "batter": 4,
                "extras": 0,
                "total": 4
              }
            },
            {
              "batter": "Najibullah Zadran",
              "bowler": "Mohammad Shahzad (2)",
              "non_striker": "Mohammad Nabi",
              "runs": {
                "batter": 0,
                "extras": 0,
                "total": 0
              }
            },
            {
              "batter": "Najibullah Zadran",
              "bowler": "Mohammad Shahzad (2)",
              "non_striker": "Mohammad Nabi",
              "runs": {
                "batter": 2,
                "extras": 0,
                "total": 2
              }
            },
            {
              "batter": "Najibullah Zadran",
              "bowler": "Mohammad Shahzad (2)",
              "non_striker": "Mohammad Nabi",
              "runs": {
                "batter": 4,
                "extras": 0,
                "total": 4
              }
            },
            {
              "batter": "Najibullah Zadran",
              "bowler": "Mohammad Shahzad (2)",
              "non_striker": "Mohammad Nabi",
              "runs": {
                "batter": 6,
                "extras": 0,
                "total": 6
              }
            },
            {
              "batter": "Najibullah Zadran",
              "bowler": "Mohammad Shahzad (2)",
              "extras": {
                "wides": 1
              },
              "non_striker": "Mohammad Nabi",
              "runs": {
                "batter": 0,
                "extras": 1,
                "total": 1
              }
            },
            {
              "batter": "Najibullah Zadran",
              "bowler": "Mohammad Shahzad (2)",
              "non_striker": "Mohammad Nabi",
              "runs": {
                "batter": 1,
                "extras": 0,
                "total": 1
              }
            }
          ]
        },
        {
          "over": 16,
          "deliveries": [
            {
              "batter": "Najibullah Zadran",
              "bowler": "Atif Ali Khan",
              "non_striker": "Mohammad Nabi",
              "runs": {
                "batter": 1,
                "extras": 0,
                "total": 1
              }
            },
            {
              "batter": "Mohammad Nabi",
              "bowler": "Atif Ali Khan",
              "extras": {
                "legbyes": 1
              },
              "non_striker": "Najibullah Zadran",
              "runs": {
                "batter": 0,
                "extras": 1,
                "total": 1
              }
            },
            {
              "batter": "Najibullah Zadran",
              "bowler": "Atif Ali Khan",
              "non_striker": "Mohammad Nabi",
              "runs": {
                "batter": 2,
                "extras": 0,
                "total": 2
              }
            },
            {
              "batter": "Najibullah Zadran",
              "bowler": "Atif Ali Khan",
              "non_striker": "Mohammad Nabi",
              "runs": {
                "batter": 1,
                "extras": 0,
                "total": 1
              }
            },
            {
              "batter": "Mohammad Nabi",
              "bowler": "Atif Ali Khan",
              "non_striker": "Najibullah Zadran",
              "runs": {
                "batter": 1,
                "extras": 0,
                "total": 1
              }
            },
            {
              "batter": "Najibullah Zadran",
              "bowler": "Atif Ali Khan",
              "non_striker": "Mohammad Nabi",
              "runs": {
                "batter": 2,
                "extras": 0,
                "total": 2
              }
            }
          ]
        },
        {
          "over": 17,
          "deliveries": [
            {
              "batter": "Mohammad Nabi",
              "bowler": "Mohammad Shahzad (2)",
              "non_striker": "Najibullah Zadran",
              "runs": {
                "batter": 2,
                "extras": 0,
                "total": 2
              }
            },
            {
              "batter": "Mohammad Nabi",
              "bowler": "Mohammad Shahzad (2)",
              "non_striker": "Najibullah Zadran",
              "runs": {
                "batter": 1,
                "extras": 0,
                "total": 1
              }
            },
            {
              "batter": "Najibullah Zadran",
              "bowler": "Mohammad Shahzad (2)",
              "non_striker": "Mohammad Nabi",
              "runs": {
                "batter": 0,
                "extras": 0,
                "total": 0
              }
            },
            {
              "batter": "Najibullah Zadran",
              "bowler": "Mohammad Shahzad (2)",
              "non_striker": "Mohammad Nabi",
              "runs": {
                "batter": 6,
                "extras": 0,
                "total": 6
              }
            },
            {
              "batter": "Najibullah Zadran",
              "bowler": "Mohammad Shahzad (2)",
              "non_striker": "Mohammad Nabi",
              "runs": {
                "batter": 4,
                "extras": 0,
                "total": 4
              }
            },
            {
              "batter": "Najibullah Zadran",
              "bowler": "Mohammad Shahzad (2)",
              "non_striker": "Mohammad Nabi",
              "runs": {
                "batter": 6,
                "extras": 0,
                "total": 6
              }
            }
          ]
        },
        {
          "over": 18,
          "deliveries": [
            {
              "batter": "Mohammad Nabi",
              "bowler": "Mohammad Naveed",
              "non_striker": "Najibullah Zadran",
              "runs": {
                "batter": 1,
                "extras": 0,
                "total": 1
              }
            },
            {
              "batter": "Najibullah Zadran",
              "bowler": "Mohammad Naveed",
              "non_striker": "Mohammad Nabi",
              "runs": {
                "batter": 0,
                "extras": 0,
                "total": 0
              }
            },
            {
              "batter": "Najibullah Zadran",
              "bowler": "Mohammad Naveed",
              "non_striker": "Mohammad Nabi",
              "runs": {
                "batter": 0,
                "extras": 0,
                "total": 0
              }
            },
            {
              "batter": "Najibullah Zadran",
              "bowler": "Mohammad Naveed",
              "non_striker": "Mohammad Nabi",
              "runs": {
                "batter": 4,
                "extras": 0,
                "total": 4
              }
            },
            {
              "batter": "Najibullah Zadran",
              "bowler": "Mohammad Naveed",
              "non_striker": "Mohammad Nabi",
              "runs": {
                "batter": 2,
                "extras": 0,
                "total": 2
              }
            },
            {
              "batter": "Najibullah Zadran",
              "bowler": "Mohammad Naveed",
              "non_striker": "Mohammad Nabi",
              "runs": {
                "batter": 2,
                "extras": 0,
                "total": 2
              }
            }
          ]
        },
        {
          "over": 19,
          "deliveries": [
            {
              "batter": "Mohammad Nabi",
              "bowler": "Rohan Mustafa",
              "non_striker": "Najibullah Zadran",
              "runs": {
                "batter": 1,
                "extras": 0,
                "total": 1
              }
            },
            {
              "batter": "Najibullah Zadran",
              "bowler": "Rohan Mustafa",
              "non_striker": "Mohammad Nabi",
              "runs": {
                "batter": 2,
                "extras": 0,
                "total": 2
              }
            },
            {
              "batter": "Najibullah Zadran",
              "bowler": "Rohan Mustafa",
              "non_striker": "Mohammad Nabi",
              "runs": {
                "batter": 0,
                "extras": 0,
                "total": 0
              }
            },
            {
              "batter": "Najibullah Zadran",
              "bowler": "Rohan Mustafa",
              "non_striker": "Mohammad Nabi",
              "runs": {
                "batter": 4,
                "extras": 0,
                "total": 4
              }
            }
          ]
        }
      ],
      "powerplays": [
        {
          "from": 0.1,
          "to": 5.6,
          "type": "mandatory"
        }
      ],
      "target": {
        "overs": 20,
        "runs": 180
      }
    }
  ]
}