{
  "meta": {
    "data_version": "1.0.0",
    "created": "2017-01-21",
    "revision": 1
  },
  "info": {
    "balls_per_over": 6,
    "dates": [
      "2017-01-20"
    ],
    "event": {
      "name": "Desert T20 Challenge",
      "stage": "Semi Final"
    },
    "gender": "male",
    "match_type": "T20",
    "match_type_number": 586,
    "officials": {
      "match_referees": [
        "GF Labrooy"
      ],
      "reserve_umpires": [
        "Iftikhar Ali"
      ],
      "umpires": [
        "AJT Dowdalls",
        "AJ Neill"
      ]
    },
    "outcome": {
      "by": {
        "wickets": 8
      },
      "winner": "Afghanistan"
    },
    "overs": 20,
    "player_of_match": [
      "Mohammad Shahzad"
    ],
    "players": {
      "Afghanistan": [
        "Mohammad Shahzad",
        "Nawroz Mangal",
        "Asghar Stanikzai",
        "Samiullah Shenwari",
        "Mohammad Nabi",
        "Dawlat Zadran",
        "Gulbadin Naib",
        "Najibullah Zadran",
        "Rashid Khan",
        "Amir Hamza",
        "Fareed Ahmad"
      ],
      "Oman": [
        "Zeeshan Maqsood",
        "Khawar Ali",
        "Aqib Ilyas",
        "Mehran Khan",
        "Khurram Nawaz",
        "AV Lalcheta",
        "Naseem Khushi",
        "Mohammad Nadeem",
        "Sultan Ahmed",
        "Bilal Khan",
        "Kaleemullah"
      ]
    },
    "registry": {
      "people": {
        "AJ Neill": "7ffe0ce3",
        "AJT Dowdalls": "f06852e3",
        "AV Lalcheta": "b858be20",
        "Amir Hamza": "dca1ac2e",
        "Aqib Ilyas": "b3b39bed",
        "Asghar Stanikzai": "88679525",
        "Bilal Khan": "dcdb87f2",
        "Dawlat Zadran": "1fba2ae3",
        "Fareed Ahmad": "67b7bad4",
        "GF Labrooy": "8e088dbc",
        "Gulbadin Naib": "9f77963a",
        "Iftikhar Ali": "fc537391",
        "Kaleemullah": "72253b87",
        "Khawar Ali": "934b36a6",
        "Khurram Nawaz": "07ff32f5",
        "Mehran Khan": "d7bfcc0b",
        "Mohammad Nabi": "62af8546",
        "Mohammad Nadeem": "c5d7b244",
        "Mohammad Shahzad": "d6dcb0c9",
        "Najibullah Zadran": "1212cbec",
        "Naseem Khushi": "c63671e9",
        "Nawroz Mangal": "0503ae22",
        "Rashid Khan": "5f547c8b",
        "Samiullah Shenwari": "61646132",
        "Sultan Ahmed": "3bf7c034",
        "Zeeshan Maqsood": "34464143"
      }
    },
    "season": "2016/17",
    "team_type": "international",
    "teams": [
      "Afghanistan",
      "Oman"
    ],
    "toss": {
      "decision": "field",
      "winner": "Afghanistan"
    },
    "venue": "Dubai International Cricket Stadium"
  },
  "innings": [
    {
      "team": "Oman",
      "overs": [
        {
          "over": 0,
          "deliveries": [
            {
              "batter": "Zeeshan Maqsood",
              "bowler": "Fareed Ahmad",
              "non_striker": "Khawar Ali",
              "runs": {
                "batter": 1,
                "extras": 0,
                "total": 1
              }
            },
            {
              "batter": "Khawar Ali",
              "bowler": "Fareed Ahmad",
              "non_striker": "Zeeshan Maqsood",
              "runs": {
                "batter": 0,
                "extras": 0,
                "total": 0
              }
            },
            {
              "batter": "Khawar Ali",
              "bowler": "Fareed Ahmad",
              "non_striker": "Zeeshan Maqsood",
              "runs": {
                "batter": 0,
                "extras": 0,
                "total": 0
              }
            },
            {
              "batter": "Khawar Ali",
              "bowler": "Fareed Ahmad",
              "non_striker": "Zeeshan Maqsood",
              "runs": {
                "batter": 0,
                "extras": 0,
                "total": 0
              }
            },
            {
              "batter": "Khawar Ali",
              "bowler": "Fareed Ahmad",
              "non_striker": "Zeeshan Maqsood",
              "runs": {
                "batter": 0,
                "extras": 0,
                "total": 0
              }
            },
            {
              "batter": "Khawar Ali",
              "bowler": "Fareed Ahmad",
              "non_striker": "Zeeshan Maqsood",
              "runs": {
                "batter": 0,
                "extras": 0,
                "total": 0
              }
            }
          ]
        },
        {
          "over": 1,
          "deliveries": [
            {
              "batter": "Zeeshan Maqsood",
              "bowler": "Mohammad Nabi",
              "non_striker": "Khawar Ali",
              "runs": {
                "batter": 1,
                "extras": 0,
                "total": 1
              }
            },
            {
              "batter": "Khawar Ali",
              "bowler": "Mohammad Nabi",
              "non_striker": "Zeeshan Maqsood",
              "runs": {
                "batter": 1,
                "extras": 0,
                "total": 1
              }
            },
            {
              "batter": "Zeeshan Maqsood",
              "bowler": "Mohammad Nabi",
              "non_striker": "Khawar Ali",
              "runs": {
                "batter": 0,
                "extras": 0,
                "total": 0
              }
            },
            {
              "batter": "Zeeshan Maqsood",
              "bowler": "Mohammad Nabi",
              "extras": {
                "legbyes": 1
              },
              "non_striker": "Khawar Ali",
              "runs": {
                "batter": 0,
                "extras": 1,
                "total": 1
              }
            },
            {
              "batter": "Khawar Ali",
              "bowler": "Mohammad Nabi",
              "non_striker": "Zeeshan Maqsood",
              "runs": {
                "batter": 4,
                "extras": 0,
                "total": 4
              }
            },
            {
              "batter": "Khawar Ali",
              "bowler": "Mohammad Nabi",
              "non_striker": "Zeeshan Maqsood",
              "runs": {
                "batter": 0,
                "extras": 0,
                "total": 0
              }
            }
          ]
        },
        {
          "over": 2,
          "deliveries": [
            {
              "batter": "Zeeshan Maqsood",
              "bowler": "Fareed Ahmad",
              "extras": {
                "wides": 1
              },
              "non_striker": "Khawar Ali",
              "runs": {
                "batter": 0,
                "extras": 1,
                "total": 1
              }
            },
            {
              "batter": "Zeeshan Maqsood",
              "bowler": "Fareed Ahmad",
              "non_striker": "Khawar Ali",
              "runs": {
                "batter": 0,
                "extras": 0,
                "total": 0
              }
            },
            {
              "batter": "Zeeshan Maqsood",
              "bowler": "Fareed Ahmad",
              "extras": {
                "wides": 1
              },
              "non_striker": "Khawar Ali",
              "runs": {
                "batter": 0,
                "extras": 1,
                "total": 1
              }
            },
            {
              "batter": "Zeeshan Maqsood",
              "bowler": "Fareed Ahmad",
              "non_striker": "Khawar Ali",
              "runs": {
                "batter": 1,
                "extras": 0,
                "total": 1
              }
            },
            {
              "batter": "Khawar Ali",
              "bowler": "Fareed Ahmad",
              "non_striker": "Zeeshan Maqsood",
              "runs": {
                "batter": 0,
                "extras": 0,
                "total": 0
              },
              "wickets": [
                {
                  "kind": "caught",
                  "player_out": "Khawar Ali",
                  "fielders": [
                    {
                      "name": "Mohammad Shahzad"
                    }
                  ]
                }
              ]
            },
            {
              "batter": "Aqib Ilyas",
              "bowler": "Fareed Ahmad",
              "non_striker": "Zeeshan Maqsood",
              "runs": {
                "batter": 0,
                "extras": 0,
                "total": 0
              }
            },
            {
              "batter": "Aqib Ilyas",
              "bowler": "Fareed Ahmad",
              "non_striker": "Zeeshan Maqsood",
              "runs": {
                "batter": 0,
                "extras": 0,
                "total": 0
              }
            },
            {
              "batter": "Aqib Ilyas",
              "bowler": "Fareed Ahmad",
              "non_striker": "Zeeshan Maqsood",
              "runs": {
                "batter": 4,
                "extras": 0,
                "total": 4
              }
            }
          ]
        },
        {
          "over": 3,
          "deliveries": [
            {
              "batter": "Zeeshan Maqsood",
              "bowler": "Dawlat Zadran",
              "non_striker": "Aqib Ilyas",
              "runs": {
                "batter": 0,
                "extras": 0,
                "total": 0
              }
            },
            {
              "batter": "Zeeshan Maqsood",
              "bowler": "Dawlat Zadran",
              "non_striker": "Aqib Ilyas",
              "runs": {
                "batter": 1,
                "extras": 0,
                "total": 1
              }
            },
            {
              "batter": "Aqib Ilyas",
              "bowler": "Dawlat Zadran",
              "non_striker": "Zeeshan Maqsood",
              "runs": {
                "batter": 6,
                "extras": 0,
                "total": 6
              }
            },
            {
              "batter": "Aqib Ilyas",
              "bowler": "Dawlat Zadran",
              "non_striker": "Zeeshan Maqsood",
              "runs": {
                "batter": 0,
                "extras": 0,
                "total": 0
              }
            },
            {
              "batter": "Aqib Ilyas",
              "bowler": "Dawlat Zadran",
              "non_striker": "Zeeshan Maqsood",
              "runs": {
                "batter": 1,
                "extras": 0,
                "total": 1
              }
            },
            {
              "batter": "Zeeshan Maqsood",
              "bowler": "Dawlat Zadran",
              "non_striker": "Aqib Ilyas",
              "runs": {
                "batter": 1,
                "extras": 0,
                "total": 1
              }
            }
          ]
        },
        {
          "over": 4,
          "deliveries": [
            {
              "batter": "Zeeshan Maqsood",
              "bowler": "Mohammad Nabi",
              "non_striker": "Aqib Ilyas",
              "runs": {
                "batter": 3,
                "extras": 0,
                "total": 3
              }
            },
            {
              "batter": "Aqib Ilyas",
              "bowler": "Mohammad Nabi",
              "non_striker": "Zeeshan Maqsood",
              "runs": {
                "batter": 0,
                "extras": 0,
                "total": 0
              }
            },
            {
              "batter": "Aqib Ilyas",
              "bowler": "Mohammad Nabi",
              "non_striker": "Zeeshan Maqsood",
              "runs": {
                "batter": 0,
                "extras": 0,
                "total": 0
              }
            },
            {
              "batter": "Aqib Ilyas",
              "bowler": "Mohammad Nabi",
              "non_striker": "Zeeshan Maqsood",
              "runs": {
                "batter": 0,
                "extras": 0,
                "total": 0
              }
            },
            {
              "batter": "Aqib Ilyas",
              "bowler": "Mohammad Nabi",
              "non_striker": "Zeeshan Maqsood",
              "runs": {
                "batter": 0,
                "extras": 0,
                "total": 0
              }
            },
            {
              "batter": "Aqib Ilyas",
              "bowler": "Mohammad Nabi",
              "non_striker": "Zeeshan Maqsood",
              "runs": {
                "batter": 1,
                "extras": 0,
                "total": 1
              }
            }
          ]
        },
        {
          "over": 5,
          "deliveries": [
            {
              "batter": "Aqib Ilyas",
              "bowler": "Dawlat Zadran",
              "non_striker": "Zeeshan Maqsood",
              "runs": {
                "batter": 1,
                "extras": 0,
                "total": 1
              }
            },
            {
              "batter": "Zeeshan Maqsood",
              "bowler": "Dawlat Zadran",
              "non_striker": "Aqib Ilyas",
              "runs": {
                "batter": 4,
                "extras": 0,
                "total": 4
              }
            },
            {
              "batter": "Zeeshan Maqsood",
              "bowler": "Dawlat Zadran",
              "non_striker": "Aqib Ilyas",
              "runs": {
                "batter": 6,
                "extras": 0,
                "total": 6
              }
            },
            {
              "batter": "Zeeshan Maqsood",
              "bowler": "Dawlat Zadran",
              "non_striker": "Aqib Ilyas",
              "runs": {
                "batter": 4,
                "extras": 0,
                "total": 4
              }
            },
            {
              "batter": "Zeeshan Maqsood",
              "bowler": "Dawlat Zadran",
              "non_striker": "Aqib Ilyas",
              "runs": {
                "batter": 1,
                "extras": 0,
                "total": 1
              }
            },
            {
              "batter": "Aqib Ilyas",
              "bowler": "Dawlat Zadran",
              "non_striker": "Zeeshan Maqsood",
              "runs": {
                "batter": 1,
                "extras": 0,
                "total": 1
              }
            }
          ]
        },
        {
          "over": 6,
          "deliveries": [
            {
              "batter": "Aqib Ilyas",
              "bowler": "Amir Hamza",
              "non_striker": "Zeeshan Maqsood",
              "runs": {
                "batter": 1,
                "extras": 0,
                "total": 1
              }
            },
            {
              "batter": "Zeeshan Maqsood",
              "bowler": "Amir Hamza",
              "non_striker": "Aqib Ilyas",
              "runs": {
                "batter": 1,
                "extras": 0,
                "total": 1
              }
            },
            {
              "batter": "Aqib Ilyas",
              "bowler": "Amir Hamza",
              "non_striker": "Zeeshan Maqsood",
              "runs": {
                "batter": 0,
                "extras": 0,
                "total": 0
              },
              "wickets": [
                {
                  "kind": "stumped",
                  "player_out": "Aqib Ilyas",
                  "fielders": [
                    {
                      "name": "Mohammad Shahzad"
                    }
                  ]
                }
              ]
            },
            {
              "batter": "Mehran Khan",
              "bowler": "Amir Hamza",
              "non_striker": "Zeeshan Maqsood",
              "runs": {
                "batter": 1,
                "extras": 0,
                "total": 1
              }
            },
            {
              "batter": "Zeeshan Maqsood",
              "bowler": "Amir Hamza",
              "non_striker": "Mehran Khan",
              "runs": {
                "batter": 1,
                "extras": 0,
                "total": 1
              }
            },
            {
              "batter": "Mehran Khan",
              "bowler": "Amir Hamza",
              "non_striker": "Zeeshan Maqsood",
              "runs": {
                "batter": 0,
                "extras": 0,
                "total": 0
              }
            }
          ]
        },
        {
          "over": 7,
          "deliveries": [
            {
              "batter": "Zeeshan Maqsood",
              "bowler": "Mohammad Nabi",
              "non_striker": "Mehran Khan",
              "runs": {
                "batter": 0,
                "extras": 0,
                "total": 0
              }
            },
            {
              "batter": "Zeeshan Maqsood",
              "bowler": "Mohammad Nabi",
              "non_striker": "Mehran Khan",
              "runs": {
                "batter": 1,
                "extras": 0,
                "total": 1
              }
            },
            {
              "batter": "Mehran Khan",
              "bowler": "Mohammad Nabi",
              "non_striker": "Zeeshan Maqsood",
              "runs": {
                "batter": 6,
                "extras": 0,
                "total": 6
              }
            },
            {
              "batter": "Mehran Khan",
              "bowler": "Mohammad Nabi",
              "non_striker": "Zeeshan Maqsood",
              "runs": {
                "batter": 0,
                "extras": 0,
                "total": 0
              }
            },
            {
              "batter": "Mehran Khan",
              "bowler": "Mohammad Nabi",
              "non_striker": "Zeeshan Maqsood",
              "runs": {
                "batter": 1,
                "extras": 0,
                "total": 1
              }
            },
            {
              "batter": "Zeeshan Maqsood",
              "bowler": "Mohammad Nabi",
              "non_striker": "Mehran Khan",
              "runs": {
                "batter": 0,
                "extras": 0,
                "total": 0
              }
            }
          ]
        },
        {
          "over": 8,
          "deliveries": [
            {
              "batter": "Mehran Khan",
              "bowler": "Amir Hamza",
              "non_striker": "Zeeshan Maqsood",
              "runs": {
                "batter": 1,
                "extras": 0,
                "total": 1
              }
            },
            {
              "batter": "Zeeshan Maqsood",
              "bowler": "Amir Hamza",
              "non_striker": "Mehran Khan",
              "runs": {
                "batter": 0,
                "extras": 0,
                "total": 0
              }
            },
            {
              "batter": "Zeeshan Maqsood",
              "bowler": "Amir Hamza",
              "non_striker": "Mehran Khan",
              "runs": {
                "batter": 1,
                "extras": 0,
                "total": 1
              }
            },
            {
              "batter": "Mehran Khan",
              "bowler": "Amir Hamza",
              "non_striker": "Zeeshan Maqsood",
              "runs": {
                "batter": 1,
                "extras": 0,
                "total": 1
              }
            },
            {
              "batter": "Zeeshan Maqsood",
              "bowler": "Amir Hamza",
              "non_striker": "Mehran Khan",
              "runs": {
                "batter": 1,
                "extras": 0,
                "total": 1
              }
            },
            {
              "batter": "Mehran Khan",
              "bowler": "Amir Hamza",
              "non_striker": "Zeeshan Maqsood",
              "runs": {
                "batter": 0,
                "extras": 0,
                "total": 0
              }
            }
          ]
        },
        {
          "over": 9,
          "deliveries": [
            {
              "batter": "Zeeshan Maqsood",
              "bowler": "Rashid Khan",
              "non_striker": "Mehran Khan",
              "runs": {
                "batter": 0,
                "extras": 0,
                "total": 0
              }
            },
            {
              "batter": "Zeeshan Maqsood",
              "bowler": "Rashid Khan",
              "non_striker": "Mehran Khan",
              "runs": {
                "batter": 1,
                "extras": 0,
                "total": 1
              }
            },
            {
              "batter": "Mehran Khan",
              "bowler": "Rashid Khan",
              "non_striker": "Zeeshan Maqsood",
              "runs": {
                "batter": 0,
                "extras": 0,
                "total": 0
              }
            },
            {
              "batter": "Mehran Khan",
              "bowler": "Rashid Khan",
              "non_striker": "Zeeshan Maqsood",
              "runs": {
                "batter": 0,
                "extras": 0,
                "total": 0
              },
              "wickets": [
                {
                  "kind": "bowled",
                  "player_out": "Mehran Khan"
                }
              ]
            },
            {
              "batter": "Khurram Nawaz",
              "bowler": "Rashid Khan",
              "non_striker": "Zeeshan Maqsood",
              "runs": {
                "batter": 0,
                "extras": 0,
                "total": 0
              }
            },
            {
              "batter": "Khurram Nawaz",
              "bowler": "Rashid Khan",
              "non_striker": "Zeeshan Maqsood",
              "runs": {
                "batter": 1,
                "extras": 0,
                "total": 1
              }
            }
          ]
        },
        {
          "over": 10,
          "deliveries": [
            {
              "batter": "Khurram Nawaz",
              "bowler": "Amir Hamza",
              "non_striker": "Zeeshan Maqsood",
              "runs": {
                "batter": 1,
                "extras": 0,
                "total": 1
              }
            },
            {
              "batter": "Zeeshan Maqsood",
              "bowler": "Amir Hamza",
              "non_striker": "Khurram Nawaz",
              "runs": {
                "batter": 0,
                "extras": 0,
                "total": 0
              }
            },
            {
              "batter": "Zeeshan Maqsood",
              "bowler": "Amir Hamza",
              "non_striker": "Khurram Nawaz",
              "runs": {
                "batter": 0,
                "extras": 0,
                "total": 0
              }
            },
            {
              "batter": "Zeeshan Maqsood",
              "bowler": "Amir Hamza",
              "non_striker": "Khurram Nawaz",
              "runs": {
                "batter": 0,
                "extras": 0,
                "total": 0
              }
            },
            {
              "batter": "Zeeshan Maqsood",
              "bowler": "Amir Hamza",
              "non_striker": "Khurram Nawaz",
              "runs": {
                "batter": 0,
                "extras": 0,
                "total": 0
              }
            },
            {
              "batter": "Zeeshan Maqsood",
              "bowler": "Amir Hamza",
              "non_striker": "Khurram Nawaz",
              "runs": {
                "batter": 1,
                "extras": 0,
                "total": 1
              }
            }
          ]
        },
        {
          "over": 11,
          "deliveries": [
            {
              "batter": "Zeeshan Maqsood",
              "bowler": "Rashid Khan",
              "extras": {
                "wides": 1
              },
              "non_striker": "Khurram Nawaz",
              "runs": {
                "batter": 0,
                "extras": 1,
                "total": 1
              }
            },
            {
              "batter": "Zeeshan Maqsood",
              "bowler": "Rashid Khan",
              "non_striker": "Khurram Nawaz",
              "runs": {
                "batter": 0,
                "extras": 0,
                "total": 0
              }
            },
            {
              "batter": "Zeeshan Maqsood",
              "bowler": "Rashid Khan",
              "extras": {
                "wides": 1
              },
              "non_striker": "Khurram Nawaz",
              "runs": {
                "batter": 0,
                "extras": 1,
                "total": 1
              }
            },
            {
              "batter": "Zeeshan Maqsood",
              "bowler": "Rashid Khan",
              "non_striker": "Khurram Nawaz",
              "runs": {
                "batter": 2,
                "extras": 0,
                "total": 2
              }
            },
            {
              "batter": "Zeeshan Maqsood",
              "bowler": "Rashid Khan",
              "extras": {
                "wides": 1
              },
              "non_striker": "Khurram Nawaz",
              "runs": {
                "batter": 0,
                "extras": 1,
                "total": 1
              }
            },
            {
              "batter": "Zeeshan Maqsood",
              "bowler": "Rashid Khan",
              "non_striker": "Khurram Nawaz",
              "runs": {
                "batter": 0,
                "extras": 0,
                "total": 0
              }
            },
            {
              "batter": "Zeeshan Maqsood",
              "bowler": "Rashid Khan",
              "non_striker": "Khurram Nawaz",
              "runs": {
                "batter": 0,
                "extras": 0,
                "total": 0
              }
            },
            {
              "batter": "Zeeshan Maqsood",
              "bowler": "Rashid Khan",
              "non_striker": "Khurram Nawaz",
              "runs": {
                "batter": 1,
                "extras": 0,
                "total": 1
              }
            },
            {
              "batter": "Khurram Nawaz",
              "bowler": "Rashid Khan",
              "non_striker": "Zeeshan Maqsood",
              "runs": {
                "batter": 0,
                "extras": 0,
                "total": 0
              }
            }
          ]
        },
        {
          "over": 12,
          "deliveries": [
            {
              "batter": "Zeeshan Maqsood",
              "bowler": "Amir Hamza",
              "non_striker": "Khurram Nawaz",
              "runs": {
                "batter": 0,
                "extras": 0,
                "total": 0
              }
            },
            {
              "batter": "Zeeshan Maqsood",
              "bowler": "Amir Hamza",
              "non_striker": "Khurram Nawaz",
              "runs": {
                "batter": 0,
                "extras": 0,
                "total": 0
              },
              "wickets": [
                {
                  "kind": "run out",
                  "player_out": "Zeeshan Maqsood",
                  "fielders": [
                    {
                      "name": "Nawroz Mangal"
                    },
                    {
                      "name": "Mohammad Shahzad"
                    }
                  ]
                }
              ]
            },
            {
              "batter": "AV Lalcheta",
              "bowler": "Amir Hamza",
              "non_striker": "Khurram Nawaz",
              "runs": {
                "batter": 0,
                "extras": 0,
                "total": 0
              }
            },
            {
              "batter": "AV Lalcheta",
              "bowler": "Amir Hamza",
              "non_striker": "Khurram Nawaz",
              "runs": {
                "batter": 4,
                "extras": 0,
                "total": 4
              }
            },
            {
              "batter": "AV Lalcheta",
              "bowler": "Amir Hamza",
              "non_striker": "Khurram Nawaz",
              "runs": {
                "batter": 1,
                "extras": 0,
                "total": 1
              }
            },
            {
              "batter": "Khurram Nawaz",
              "bowler": "Amir Hamza",
              "non_striker": "AV Lalcheta",
              "runs": {
                "batter": 2,
                "extras": 0,
                "total": 2
              }
            }
          ]
        },
        {
          "over": 13,
          "deliveries": [
            {
              "batter": "AV Lalcheta",
              "bowler": "Mohammad Nabi",
              "non_striker": "Khurram Nawaz",
              "runs": {
                "batter": 1,
                "extras": 0,
                "total": 1
              }
            },
            {
              "batter": "Khurram Nawaz",
              "bowler": "Mohammad Nabi",
              "non_striker": "AV Lalcheta",
              "runs": {
                "batter": 1,
                "extras": 0,
                "total": 1
              }
            },
            {
              "batter": "AV Lalcheta",
              "bowler": "Mohammad Nabi",
              "non_striker": "Khurram Nawaz",
              "runs": {
                "batter": 1,
                "extras": 0,
                "total": 1
              }
            },
            {
              "batter": "Khurram Nawaz",
              "bowler": "Mohammad Nabi",
              "non_striker": "AV Lalcheta",
              "runs": {
                "batter": 1,
                "extras": 0,
                "total": 1
              }
            },
            {
              "batter": "AV Lalcheta",
              "bowler": "Mohammad Nabi",
              "non_striker": "Khurram Nawaz",
              "runs": {
                "batter": 0,
                "extras": 0,
                "total": 0
              }
            },
            {
              "batter": "AV Lalcheta",
              "bowler": "Mohammad Nabi",
              "non_striker": "Khurram Nawaz",
              "runs": {
                "batter": 6,
                "extras": 0,
                "total": 6
              }
            }
          ]
        },
        {
          "over": 14,
          "deliveries": [
            {
              "batter": "Khurram Nawaz",
              "bowler": "Samiullah Shenwari",
              "non_striker": "AV Lalcheta",
              "runs": {
                "batter": 2,
                "extras": 0,
                "total": 2
              }
            },
            {
              "batter": "Khurram Nawaz",
              "bowler": "Samiullah Shenwari",
              "non_striker": "AV Lalcheta",
              "runs": {
                "batter": 1,
                "extras": 0,
                "total": 1
              }
            },
            {
              "batter": "AV Lalcheta",
              "bowler": "Samiullah Shenwari",
              "non_striker": "Khurram Nawaz",
              "runs": {
                "batter": 2,
                "extras": 0,
                "total": 2
              }
            },
            {
              "batter": "AV Lalcheta",
              "bowler": "Samiullah Shenwari",
              "non_striker": "Khurram Nawaz",
              "runs": {
                "batter": 1,
                "extras": 0,
                "total": 1
              }
            },
            {
              "batter": "Khurram Nawaz",
              "bowler": "Samiullah Shenwari",
              "non_striker": "AV Lalcheta",
              "runs": {
                "batter": 1,
                "extras": 0,
                "total": 1
              }
            },
            {
              "batter": "AV Lalcheta",
              "bowler": "Samiullah Shenwari",
              "non_striker": "Khurram Nawaz",
              "runs": {
                "batter": 0,
                "extras": 0,
                "total": 0
              },
              "wickets": [
                {
                  "kind": "caught",
                  "player_out": "AV Lalcheta",
                  "fielders": [
                    {
                      "name": "Nawroz Mangal"
                    }
                  ]
                }
              ]
            }
          ]
        },
        {
          "over": 15,
          "deliveries": [
            {
              "batter": "Khurram Nawaz",
              "bowler": "Rashid Khan",
              "non_striker": "Naseem Khushi",
              "runs": {
                "batter": 1,
                "extras": 0,
                "total": 1
              }
            },
            {
              "batter": "Naseem Khushi",
              "bowler": "Rashid Khan",
              "extras": {
                "legbyes": 1
              },
              "non_striker": "Khurram Nawaz",
              "runs": {
                "batter": 0,
                "extras": 1,
                "total": 1
              }
            },
            {
              "batter": "Khurram Nawaz",
              "bowler": "Rashid Khan",
              "non_striker": "Naseem Khushi",
              "runs": {
                "batter": 1,
                "extras": 0,
                "total": 1
              }
            },
            {
              "batter": "Naseem Khushi",
              "bowler": "Rashid Khan",
              "non_striker": "Khurram Nawaz",
              "runs": {
                "batter": 0,
                "extras": 0,
                "total": 0
              }
            },
            {
              "batter": "Naseem Khushi",
              "bowler": "Rashid Khan",
              "non_striker": "Khurram Nawaz",
              "runs": {
                "batter": 1,
                "extras": 0,
                "total": 1
              }
            },
            {
              "batter": "Khurram Nawaz",
              "bowler": "Rashid Khan",
              "non_striker": "Naseem Khushi",
              "runs": {
                "batter": 1,
                "extras": 0,
                "total": 1
              }
            }
          ]
        },
        {
          "over": 16,
          "deliveries": [
            {
              "batter": "Khurram Nawaz",
              "bowler": "Fareed Ahmad",
              "non_striker": "Naseem Khushi",
              "runs": {
                "batter": 1,
                "extras": 0,
                "total": 1
              }
            },
            {
              "batter": "Naseem Khushi",
              "bowler": "Fareed Ahmad",
              "non_striker": "Khurram Nawaz",
              "runs": {
                "batter": 2,
                "extras": 0,
                "total": 2
              }
            },
            {
              "batter": "Naseem Khushi",
              "bowler": "Fareed Ahmad",
              "non_striker": "Khurram Nawaz",
              "runs": {
                "batter": 6,
                "extras": 0,
                "total": 6
              }
            },
            {
              "batter": "Naseem Khushi",
              "bowler": "Fareed Ahmad",
              "non_striker": "Khurram Nawaz",
              "runs": {
                "batter": 4,
                "extras": 0,
                "total": 4
              }
            },
            {
              "batter": "Naseem Khushi",
              "bowler": "Fareed Ahmad",
              "non_striker": "Khurram Nawaz",
              "runs": {
                "batter": 1,
                "extras": 0,
                "total": 1
              }
            },
            {
              "batter": "Khurram Nawaz",
              "bowler": "Fareed Ahmad",
              "non_striker": "Naseem Khushi",
              "runs": {
                "batter": 1,
                "extras": 0,
                "total": 1
              }
            }
          ]
        },
        {
          "over": 17,
          "deliveries": [
            {
              "batter": "Khurram Nawaz",
              "bowler": "Dawlat Zadran",
              "non_striker": "Naseem Khushi",
              "runs": {
                "batter": 1,
                "extras": 0,
                "total": 1
              }
            },
            {
              "batter": "Naseem Khushi",
              "bowler": "Dawlat Zadran",
              "non_striker": "Khurram Nawaz",
              "runs": {
                "batter": 6,
                "extras": 0,
                "total": 6
              }
            },
            {
              "batter": "Naseem Khushi",
              "bowler": "Dawlat Zadran",
              "non_striker": "Khurram Nawaz",
              "runs": {
                "batter": 0,
                "extras": 0,
                "total": 0
              }
            },
            {
              "batter": "Naseem Khushi",
              "bowler": "Dawlat Zadran",
              "non_striker": "Khurram Nawaz",
              "runs": {
                "batter": 1,
                "extras": 0,
                "total": 1
              }
            },
            {
              "batter": "Khurram Nawaz",
              "bowler": "Dawlat Zadran",
              "non_striker": "Naseem Khushi",
              "runs": {
                "batter": 2,
                "extras": 0,
                "total": 2
              }
            },
            {
              "batter": "Khurram Nawaz",
              "bowler": "Dawlat Zadran",
              "non_striker": "Naseem Khushi",
              "runs": {
                "batter": 6,
                "extras": 0,
                "total": 6
              }
            }
          ]
        },
        {
          "over": 18,
          "deliveries": [
            {
              "batter": "Naseem Khushi",
              "bowler": "Rashid Khan",
              "non_striker": "Khurram Nawaz",
              "runs": {
                "batter": 0,
                "extras": 0,
                "total": 0
              }
            },
            {
              "batter": "Naseem Khushi",
              "bowler": "Rashid Khan",
              "non_striker": "Khurram Nawaz",
              "runs": {
                "batter": 1,
                "extras": 0,
                "total": 1
              }
            },
            {
              "batter": "Khurram Nawaz",
              "bowler": "Rashid Khan",
              "non_striker": "Naseem Khushi",
              "runs": {
                "batter": 0,
                "extras": 0,
                "total": 0
              },
              "wickets": [
                {
                  "kind": "bowled",
                  "player_out": "Khurram Nawaz"
                }
              ]
            },
            {
              "batter": "Mohammad Nadeem",
              "bowler": "Rashid Khan",
              "non_striker": "Naseem Khushi",
              "runs": {
                "batter": 1,
                "extras": 0,
                "total": 1
              }
            },
            {
              "batter": "Naseem Khushi",
              "bowler": "Rashid Khan",
              "extras": {
                "byes": 4
              },
              "non_striker": "Mohammad Nadeem",
              "runs": {
                "batter": 0,
                "extras": 4,
                "total": 4
              }
            },
            {
              "batter": "Naseem Khushi",
              "bowler": "Rashid Khan",
              "non_striker": "Mohammad Nadeem",
              "runs": {
                "batter": 0,
                "extras": 0,
                "total": 0
              }
            }
          ]
        },
        {
          "over": 19,
          "deliveries": [
            {
              "batter": "Mohammad Nadeem",
              "bowler": "Fareed Ahmad",
              "non_striker": "Naseem Khushi",
              "runs": {
                "batter": 1,
                "extras": 0,
                "total": 1
              }
            },
            {
              "batter": "Naseem Khushi",
              "bowler": "Fareed Ahmad",
              "non_striker": "Mohammad Nadeem",
              "runs": {
                "batter": 1,
                "extras": 0,
                "total": 1
              }
            },
            {
              "batter": "Mohammad Nadeem",
              "bowler": "Fareed Ahmad",
              "non_striker": "Naseem Khushi",
              "runs": {
                "batter": 4,
                "extras": 0,
                "total": 4
              }
            },
            {
              "batter": "Mohammad Nadeem",
              "bowler": "Fareed Ahmad",
              "non_striker": "Naseem Khushi",
              "runs": {
                "batter": 0,
                "extras": 0,
                "total": 0
              },
              "wickets": [
                {
                  "kind": "caught",
                  "player_out": "Mohammad Nadeem",
                  "fielders": [
                    {
                      "name": "Gulbadin Naib"
                    }
                  ]
                }
              ]
            },
            {
              "batter": "Naseem Khushi",
              "bowler": "Fareed Ahmad",
              "non_striker": "Sultan Ahmed",
              "runs": {
                "batter": 6,
                "extras": 0,
                "total": 6
              }
            },
            {
              "batter": "Naseem Khushi",
              "bowler": "Fareed Ahmad",
              "non_striker": "Sultan Ahmed",
              "runs": {
                "batter": 0,
                "extras": 0,
                "total": 0
              },
              "wickets": [
                {
                  "kind": "caught",
                  "player_out": "Naseem Khushi",
                  "fielders": [
                    {
                      "name": "Mohammad Shahzad"
                    }
                  ]
                }
              ]
            }
          ]
        }
      ],
      "powerplays": [
        {
          "from": 0.1,
          "to": 5.6,
          "type": "mandatory"
        }
      ]
    },
    {
      "team": "Afghanistan",
      "overs": [
        {
          "over": 0,
          "deliveries": [
            {
              "batter": "Mohammad Shahzad",
              "bowler": "Bilal Khan",
              "non_striker": "Nawroz Mangal",
              "runs": {
                "batter": 4,
                "extras": 0,
                "total": 4
              }
            },
            {
              "batter": "Mohammad Shahzad",
              "bowler": "Bilal Khan",
              "extras": {
                "noballs": 1
              },
              "non_striker": "Nawroz Mangal",
              "runs": {
                "batter": 0,
                "extras": 1,
                "total": 1
              }
            },
            {
              "batter": "Mohammad Shahzad",
              "bowler": "Bilal Khan",
              "non_striker": "Nawroz Mangal",
              "runs": {
                "batter": 1,
                "extras": 0,
                "total": 1
              }
            },
            {
              "batter": "Nawroz Mangal",
              "bowler": "Bilal Khan",
              "non_striker": "Mohammad Shahzad",
              "runs": {
                "batter": 1,
                "extras": 0,
                "total": 1
              }
            },
            {
              "batter": "Mohammad Shahzad",
              "bowler": "Bilal Khan",
              "non_striker": "Nawroz Mangal",
              "runs": {
                "batter": 0,
                "extras": 0,
                "total": 0
              }
            },
            {
              "batter": "Mohammad Shahzad",
              "bowler": "Bilal Khan",
              "non_striker": "Nawroz Mangal",
              "runs": {
                "batter": 0,
                "extras": 0,
                "total": 0
              }
            },
            {
              "batter": "Mohammad Shahzad",
              "bowler": "Bilal Khan",
              "non_striker": "Nawroz Mangal",
              "runs": {
                "batter": 4,
                "extras": 0,
                "total": 4
              }
            }
          ]
        },
        {
          "over": 1,
          "deliveries": [
            {
              "batter": "Nawroz Mangal",
              "bowler": "AV Lalcheta",
              "non_striker": "Mohammad Shahzad",
              "runs": {
                "batter": 4,
                "extras": 0,
                "total": 4
              }
            },
            {
              "batter": "Nawroz Mangal",
              "bowler": "AV Lalcheta",
              "non_striker": "Mohammad Shahzad",
              "runs": {
                "batter": 1,
                "extras": 0,
                "total": 1
              }
            },
            {
              "batter": "Mohammad Shahzad",
              "bowler": "AV Lalcheta",
              "non_striker": "Nawroz Mangal",
              "runs": {
                "batter": 0,
                "extras": 0,
                "total": 0
              }
            },
            {
              "batter": "Mohammad Shahzad",
              "bowler": "AV Lalcheta",
              "non_striker": "Nawroz Mangal",
              "runs": {
                "batter": 1,
                "extras": 0,
                "total": 1
              }
            },
            {
              "batter": "Nawroz Mangal",
              "bowler": "AV Lalcheta",
              "non_striker": "Mohammad Shahzad",
              "runs": {
                "batter": 1,
                "extras": 0,
                "total": 1
              }
            },
            {
              "batter": "Mohammad Shahzad",
              "bowler": "AV Lalcheta",
              "non_striker": "Nawroz Mangal",
              "runs": {
                "batter": 0,
                "extras": 0,
                "total": 0
              }
            }
          ]
        },
        {
          "over": 2,
          "deliveries": [
            {
              "batter": "Nawroz Mangal",
              "bowler": "Kaleemullah",
              "non_striker": "Mohammad Shahzad",
              "runs": {
                "batter": 1,
                "extras": 0,
                "total": 1
              }
            },
            {
              "batter": "Mohammad Shahzad",
              "bowler": "Kaleemullah",
              "non_striker": "Nawroz Mangal",
              "runs": {
                "batter": 1,
                "extras": 0,
                "total": 1
              }
            },
            {
              "batter": "Nawroz Mangal",
              "bowler": "Kaleemullah",
              "non_striker": "Mohammad Shahzad",
              "runs": {
                "batter": 0,
                "extras": 0,
                "total": 0
              }
            },
            {
              "batter": "Nawroz Mangal",
              "bowler": "Kaleemullah",
              "non_striker": "Mohammad Shahzad",
              "runs": {
                "batter": 0,
                "extras": 0,
                "total": 0
              }
            },
            {
              "batter": "Nawroz Mangal",
              "bowler": "Kaleemullah",
              "non_striker": "Mohammad Shahzad",
              "runs": {
                "batter": 4,
                "extras": 0,
                "total": 4
              }
            },
            {
              "batter": "Nawroz Mangal",
              "bowler": "Kaleemullah",
              "non_striker": "Mohammad Shahzad",
              "runs": {
                "batter": 0,
                "extras": 0,
                "total": 0
              }
            }
          ]
        },
        {
          "over": 3,
          "deliveries": [
            {
              "batter": "Mohammad Shahzad",
              "bowler": "Bilal Khan",
              "non_striker": "Nawroz Mangal",
              "runs": {
                "batter": 1,
                "extras": 0,
                "total": 1
              }
            },
            {
              "batter": "Nawroz Mangal",
              "bowler": "Bilal Khan",
              "non_striker": "Mohammad Shahzad",
              "runs": {
                "batter": 1,
                "extras": 0,
                "total": 1
              }
            },
            {
              "batter": "Mohammad Shahzad",
              "bowler": "Bilal Khan",
              "non_striker": "Nawroz Mangal",
              "runs": {
                "batter": 4,
                "extras": 0,
                "total": 4
              }
            },
            {
              "batter": "Mohammad Shahzad",
              "bowler": "Bilal Khan",
              "non_striker": "Nawroz Mangal",
              "runs": {
                "batter": 1,
                "extras": 0,
                "total": 1
              }
            },
            {
              "batter": "Nawroz Mangal",
              "bowler": "Bilal Khan",
              "non_striker": "Mohammad Shahzad",
              "runs": {
                "batter": 0,
                "extras": 0,
                "total": 0
              }
            },
            {
              "batter": "Nawroz Mangal",
              "bowler": "Bilal Khan",
              "non_striker": "Mohammad Shahzad",
              "runs": {
                "batter": 0,
                "extras": 0,
                "total": 0
              }
            }
          ]
        },
        {
          "over": 4,
          "deliveries": [
            {
              "batter": "Mohammad Shahzad",
              "bowler": "Kaleemullah",
              "non_striker": "Nawroz Mangal",
              "runs": {
                "batter": 4,
                "extras": 0,
                "total": 4
              }
            },
            {
              "batter": "Mohammad Shahzad",
              "bowler": "Kaleemullah",
              "non_striker": "Nawroz Mangal",
              "runs": {
                "batter": 6,
                "extras": 0,
                "total": 6
              }
            },
            {
              "batter": "Mohammad Shahzad",
              "bowler": "Kaleemullah",
              "non_striker": "Nawroz Mangal",
              "runs": {
                "batter": 1,
                "extras": 0,
                "total": 1
              }
            },
            {
              "batter": "Nawroz Mangal",
              "bowler": "Kaleemullah",
              "non_striker": "Mohammad Shahzad",
              "runs": {
                "batter": 0,
                "extras": 0,
                "total": 0
              }
            },
            {
              "batter": "Nawroz Mangal",
              "bowler": "Kaleemullah",
              "extras": {
                "legbyes": 1
              },
              "non_striker": "Mohammad Shahzad",
              "runs": {
                "batter": 0,
                "extras": 1,
                "total": 1
              }
            },
            {
              "batter": "Mohammad Shahzad",
              "bowler": "Kaleemullah",
              "non_striker": "Nawroz Mangal",
              "runs": {
                "batter": 1,
                "extras": 0,
                "total": 1
              }
            }
          ]
        },
        {
          "over": 5,
          "deliveries": [
            {
              "batter": "Mohammad Shahzad",
              "bowler": "Mohammad Nadeem",
              "non_striker": "Nawroz Mangal",
              "runs": {
                "batter": 4,
                "extras": 0,
                "total": 4
              }
            },
            {
              "batter": "Mohammad Shahzad",
              "bowler": "Mohammad Nadeem",
              "non_striker": "Nawroz Mangal",
              "runs": {
                "batter": 0,
                "extras": 0,
                "total": 0
              }
            },
            {
              "batter": "Mohammad Shahzad",
              "bowler": "Mohammad Nadeem",
              "non_striker": "Nawroz Mangal",
              "runs": {
                "batter": 4,
                "extras": 0,
                "total": 4
              }
            },
            {
              "batter": "Mohammad Shahzad",
              "bowler": "Mohammad Nadeem",
              "non_striker": "Nawroz Mangal",
              "runs": {
                "batter": 2,
                "extras": 0,
                "total": 2
              }
            },
            {
              "batter": "Mohammad Shahzad",
              "bowler": "Mohammad Nadeem",
              "non_striker": "Nawroz Mangal",
              "runs": {
                "batter": 0,
                "extras": 0,
                "total": 0
              }
            },
            {
              "batter": "Mohammad Shahzad",
              "bowler": "Mohammad Nadeem",
              "non_striker": "Nawroz Mangal",
              "runs": {
                "batter": 0,
                "extras": 0,
                "total": 0
              }
            }
          ]
        },
        {
          "over": 6,
          "deliveries": [
            {
              "batter": "Nawroz Mangal",
              "bowler": "Zeeshan Maqsood",
              "non_striker": "Mohammad Shahzad",
              "runs": {
                "batter": 1,
                "extras": 0,
                "total": 1
              }
            },
            {
              "batter": "Mohammad Shahzad",
              "bowler": "Zeeshan Maqsood",
              "non_striker": "Nawroz Mangal",
              "runs": {
                "batter": 0,
                "extras": 0,
                "total": 0
              }
            },
            {
              "batter": "Mohammad Shahzad",
              "bowler": "Zeeshan Maqsood",
              "non_striker": "Nawroz Mangal",
              "runs": {
                "batter": 0,
                "extras": 0,
                "total": 0
              }
            },
            {
              "batter": "Mohammad Shahzad",
              "bowler": "Zeeshan Maqsood",
              "non_striker": "Nawroz Mangal",
              "runs": {
                "batter": 0,
                "extras": 0,
                "total": 0
              }
            },
            {
              "batter": "Mohammad Shahzad",
              "bowler": "Zeeshan Maqsood",
              "non_striker": "Nawroz Mangal",
              "runs": {
                "batter": 0,
                "extras": 0,
                "total": 0
              }
            },
            {
              "batter": "Mohammad Shahzad",
              "bowler": "Zeeshan Maqsood",
              "non_striker": "Nawroz Mangal",
              "runs": {
                "batter": 1,
                "extras": 0,
                "total": 1
              }
            }
          ]
        },
        {
          "over": 7,
          "deliveries": [
            {
              "batter": "Mohammad Shahzad",
              "bowler": "Mohammad Nadeem",
              "non_striker": "Nawroz Mangal",
              "runs": {
                "batter": 4,
                "extras": 0,
                "total": 4
              }
            },
            {
              "batter": "Mohammad Shahzad",
              "bowler": "Mohammad Nadeem",
              "non_striker": "Nawroz Mangal",
              "runs": {
                "batter": 1,
                "extras": 0,
                "total": 1
              }
            },
            {
              "batter": "Nawroz Mangal",
              "bowler": "Mohammad Nadeem",
              "non_striker": "Mohammad Shahzad",
              "runs": {
                "batter": 0,
                "extras": 0,
                "total": 0
              }
            },
            {
              "batter": "Nawroz Mangal",
              "bowler": "Mohammad Nadeem",
              "extras": {
                "legbyes": 1
              },
              "non_striker": "Mohammad Shahzad",
              "runs": {
                "batter": 0,
                "extras": 1,
                "total": 1
              }
            },
            {
              "batter": "Mohammad Shahzad",
              "bowler": "Mohammad Nadeem",
              "non_striker": "Nawroz Mangal",
              "runs": {
                "batter": 1,
                "extras": 0,
                "total": 1
              }
            },
            {
              "batter": "Nawroz Mangal",
              "bowler": "Mohammad Nadeem",
              "non_striker": "Mohammad Shahzad",
              "runs": {
                "batter": 2,
                "extras": 0,
                "total": 2
              }
            }
          ]
        },
        {
          "over": 8,
          "deliveries": [
            {
              "batter": "Mohammad Shahzad",
              "bowler": "Zeeshan Maqsood",
              "non_striker": "Nawroz Mangal",
              "runs": {
                "batter": 1,
                "extras": 0,
                "total": 1
              }
            },
            {
              "batter": "Nawroz Mangal",
              "bowler": "Zeeshan Maqsood",
              "non_striker": "Mohammad Shahzad",
              "runs": {
                "batter": 1,
                "extras": 0,
                "total": 1
              }
            },
            {
              "batter": "Mohammad Shahzad",
              "bowler": "Zeeshan Maqsood",
              "non_striker": "Nawroz Mangal",
              "runs": {
                "batter": 1,
                "extras": 0,
                "total": 1
              }
            },
            {
              "batter": "Nawroz Mangal",
              "bowler": "Zeeshan Maqsood",
              "non_striker": "Mohammad Shahzad",
              "runs": {
                "batter": 1,
                "extras": 0,
                "total": 1
              }
            },
            {
              "batter": "Mohammad Shahzad",
              "bowler": "Zeeshan Maqsood",
              "non_striker": "Nawroz Mangal",
              "runs": {
                "batter": 1,
                "extras": 0,
                "total": 1
              }
            },
            {
              "batter": "Nawroz Mangal",
              "bowler": "Zeeshan Maqsood",
              "non_striker": "Mohammad Shahzad",
              "runs": {
                "batter": 0,
                "extras": 0,
                "total": 0
              }
            }
          ]
        },
        {
          "over": 9,
          "deliveries": [
            {
              "batter": "Mohammad Shahzad",
              "bowler": "Khawar Ali",
              "non_striker": "Nawroz Mangal",
              "runs": {
                "batter": 1,
                "extras": 0,
                "total": 1
              }
            },
            {
              "batter": "Nawroz Mangal",
              "bowler": "Khawar Ali",
              "non_striker": "Mohammad Shahzad",
              "runs": {
                "batter": 1,
                "extras": 0,
                "total": 1
              }
            },
            {
              "batter": "Mohammad Shahzad",
              "bowler": "Khawar Ali",
              "non_striker": "Nawroz Mangal",
              "runs": {
                "batter": 1,
                "extras": 0,
                "total": 1
              }
            },
            {
              "batter": "Nawroz Mangal",
              "bowler": "Khawar Ali",
              "non_striker": "Mohammad Shahzad",
              "runs": {
                "batter": 6,
                "extras": 0,
                "total": 6
              }
            },
            {
              "batter": "Nawroz Mangal",
              "bowler": "Khawar Ali",
              "non_striker": "Mohammad Shahzad",
              "runs": {
                "batter": 0,
                "extras": 0,
                "total": 0
              }
            },
            {
              "batter": "Nawroz Mangal",
              "bowler": "Khawar Ali",
              "non_striker": "Mohammad Shahzad",
              "runs": {
                "batter": 0,
                "extras": 0,
                "total": 0
              }
            }
          ]
        },
        {
          "over": 10,
          "deliveries": [
            {
              "batter": "Mohammad Shahzad",
              "bowler": "Zeeshan Maqsood",
              "non_striker": "Nawroz Mangal",
              "runs": {
                "batter": 0,
                "extras": 0,
                "total": 0
              }
            },
            {
              "batter": "Mohammad Shahzad",
              "bowler": "Zeeshan Maqsood",
              "non_striker": "Nawroz Mangal",
              "runs": {
                "batter": 1,
                "extras": 0,
                "total": 1
              }
            },
            {
              "batter": "Nawroz Mangal",
              "bowler": "Zeeshan Maqsood",
              "non_striker": "Mohammad Shahzad",
              "runs": {
                "batter": 0,
                "extras": 0,
                "total": 0
              }
            },
            {
              "batter": "Nawroz Mangal",
              "bowler": "Zeeshan Maqsood",
              "non_striker": "Mohammad Shahzad",
              "runs": {
                "batter": 1,
                "extras": 0,
                "total": 1
              }
            },
            {
              "batter": "Mohammad Shahzad",
              "bowler": "Zeeshan Maqsood",
              "non_striker": "Nawroz Mangal",
              "runs": {
                "batter": 0,
                "extras": 0,
                "total": 0
              }
            },
            {
              "batter": "Mohammad Shahzad",
              "bowler": "Zeeshan Maqsood",
              "non_striker": "Nawroz Mangal",
              "runs": {
                "batter": 1,
                "extras": 0,
                "total": 1
              }
            }
          ]
        },
        {
          "over": 11,
          "deliveries": [
            {
              "batter": "Mohammad Shahzad",
              "bowler": "Khawar Ali",
              "non_striker": "Nawroz Mangal",
              "runs": {
                "batter": 0,
                "extras": 0,
                "total": 0
              }
            },
            {
              "batter": "Mohammad Shahzad",
              "bowler": "Khawar Ali",
              "non_striker": "Nawroz Mangal",
              "runs": {
                "batter": 1,
                "extras": 0,
                "total": 1
              }
            },
            {
              "batter": "Nawroz Mangal",
              "bowler": "Khawar Ali",
              "non_striker": "Mohammad Shahzad",
              "runs": {
                "batter": 4,
                "extras": 0,
                "total": 4
              }
            },
            {
              "batter": "Nawroz Mangal",
              "bowler": "Khawar Ali",
              "non_striker": "Mohammad Shahzad",
              "runs": {
                "batter": 4,
                "extras": 0,
                "total": 4
              }
            },
            {
              "batter": "Nawroz Mangal",
              "bowler": "Khawar Ali",
              "non_striker": "Mohammad Shahzad",
              "runs": {
                "batter": 0,
                "extras": 0,
                "total": 0
              },
              "wickets": [
                {
                  "kind": "caught",
                  "player_out": "Nawroz Mangal",
                  "fielders": [
                    {
                      "name": "Mohammad Nadeem"
                    }
                  ]
                }
              ]
            },
            {
              "batter": "Mohammad Shahzad",
              "bowler": "Khawar Ali",
              "non_striker": "Asghar Stanikzai",
              "runs": {
                "batter": 1,
                "extras": 0,
                "total": 1
              }
            }
          ]
        },
        {
          "over": 12,
          "deliveries": [
            {
              "batter": "Mohammad Shahzad",
              "bowler": "Zeeshan Maqsood",
              "non_striker": "Asghar Stanikzai",
              "runs": {
                "batter": 1,
                "extras": 0,
                "total": 1
              }
            },
            {
              "batter": "Asghar Stanikzai",
              "bowler": "Zeeshan Maqsood",
              "non_striker": "Mohammad Shahzad",
              "runs": {
                "batter": 1,
                "extras": 0,
                "total": 1
              }
            },
            {
              "batter": "Mohammad Shahzad",
              "bowler": "Zeeshan Maqsood",
              "non_striker": "Asghar Stanikzai",
              "runs": {
                "batter": 0,
                "extras": 0,
                "total": 0
              }
            },
            {
              "batter": "Mohammad Shahzad",
              "bowler": "Zeeshan Maqsood",
              "non_striker": "Asghar Stanikzai",
              "runs": {
                "batter": 1,
                "extras": 0,
                "total": 1
              }
            },
            {
              "batter": "Asghar Stanikzai",
              "bowler": "Zeeshan Maqsood",
              "non_striker": "Mohammad Shahzad",
              "runs": {
                "batter": 0,
                "extras": 0,
                "total": 0
              }
            },
            {
              "batter": "Asghar Stanikzai",
              "bowler": "Zeeshan Maqsood",
              "non_striker": "Mohammad Shahzad",
              "runs": {
                "batter": 0,
                "extras": 0,
                "total": 0
              }
            }
          ]
        },
        {
          "over": 13,
          "deliveries": [
            {
              "batter": "Mohammad Shahzad",
              "bowler": "Khawar Ali",
              "non_striker": "Asghar Stanikzai",
              "runs": {
                "batter": 1,
                "extras": 0,
                "total": 1
              }
            },
            {
              "batter": "Asghar Stanikzai",
              "bowler": "Khawar Ali",
              "non_striker": "Mohammad Shahzad",
              "runs": {
                "batter": 6,
                "extras": 0,
                "total": 6
              }
            },
            {
              "batter": "Asghar Stanikzai",
              "bowler": "Khawar Ali",
              "non_striker": "Mohammad Shahzad",
              "runs": {
                "batter": 4,
                "extras": 0,
                "total": 4
              }
            },
            {
              "batter": "Asghar Stanikzai",
              "bowler": "Khawar Ali",
              "non_striker": "Mohammad Shahzad",
              "runs": {
                "batter": 1,
                "extras": 0,
                "total": 1
              }
            },
            {
              "batter": "Mohammad Shahzad",
              "bowler": "Khawar Ali",
              "non_striker": "Asghar Stanikzai",
              "runs": {
                "batter": 0,
                "extras": 0,
                "total": 0
              }
            },
            {
              "batter": "Mohammad Shahzad",
              "bowler": "Khawar Ali",
              "non_striker": "Asghar Stanikzai",
              "runs": {
                "batter": 1,
                "extras": 0,
                "total": 1
              }
            }
          ]
        },
        {
          "over": 14,
          "deliveries": [
            {
              "batter": "Mohammad Shahzad",
              "bowler": "Mehran Khan",
              "non_striker": "Asghar Stanikzai",
              "runs": {
                "batter": 0,
                "extras": 0,
                "total": 0
              }
            },
            {
              "batter": "Mohammad Shahzad",
              "bowler": "Mehran Khan",
              "non_striker": "Asghar Stanikzai",
              "runs": {
                "batter": 6,
                "extras": 0,
                "total": 6
              }
            },
            {
              "batter": "Mohammad Shahzad",
              "bowler": "Mehran Khan",
              "non_striker": "Asghar Stanikzai",
              "runs": {
                "batter": 1,
                "extras": 0,
                "total": 1
              }
            },
            {
              "batter": "Asghar Stanikzai",
              "bowler": "Mehran Khan",
              "non_striker": "Mohammad Shahzad",
              "runs": {
                "batter": 2,
                "extras": 0,
                "total": 2
              }
            },
            {
              "batter": "Asghar Stanikzai",
              "bowler": "Mehran Khan",
              "non_striker": "Mohammad Shahzad",
              "runs": {
                "batter": 1,
                "extras": 0,
                "total": 1
              }
            },
            {
              "batter": "Mohammad Shahzad",
              "bowler": "Mehran Khan",
              "non_striker": "Asghar Stanikzai",
              "runs": {
                "batter": 1,
                "extras": 0,
                "total": 1
              }
            }
          ]
        },
        {
          "over": 15,
          "deliveries": [
            {
              "batter": "Mohammad Shahzad",
              "bowler": "AV Lalcheta",
              "non_striker": "Asghar Stanikzai",
              "runs": {
                "batter": 6,
                "extras": 0,
                "total": 6
              }
            },
            {
              "batter": "Mohammad Shahzad",
              "bowler": "AV Lalcheta",
              "non_striker": "Asghar Stanikzai",
              "runs": {
                "batter": 0,
                "extras": 0,
                "total": 0
              }
            },
            {
              "batter": "Mohammad Shahzad",
              "bowler": "AV Lalcheta",
              "non_striker": "Asghar Stanikzai",
              "runs": {
                "batter": 1,
                "extras": 0,
                "total": 1
              }
            },
            {
              "batter": "Asghar Stanikzai",
              "bowler": "AV Lalcheta",
              "non_striker": "Mohammad Shahzad",
              "runs": {
                "batter": 1,
                "extras": 0,
                "total": 1
              }
            },
            {
              "batter": "Mohammad Shahzad",
              "bowler": "AV Lalcheta",
              "non_striker": "Asghar Stanikzai",
              "runs": {
                "batter": 1,
                "extras": 0,
                "total": 1
              }
            },
            {
              "batter": "Asghar Stanikzai",
              "bowler": "AV Lalcheta",
              "non_striker": "Mohammad Shahzad",
              "runs": {
                "batter": 1,
                "extras": 0,
                "total": 1
              }
            }
          ]
        },
        {
          "over": 16,
          "deliveries": [
            {
              "batter": "Asghar Stanikzai",
              "bowler": "Bilal Khan",
              "non_striker": "Mohammad Shahzad",
              "runs": {
                "batter": 1,
                "extras": 0,
                "total": 1
              }
            },
            {
              "batter": "Mohammad Shahzad",
              "bowler": "Bilal Khan",
              "non_striker": "Asghar Stanikzai",
              "runs": {
                "batter": 4,
                "extras": 0,
                "total": 4
              }
            },
            {
              "batter": "Mohammad Shahzad",
              "bowler": "Bilal Khan",
              "non_striker": "Asghar Stanikzai",
              "runs": {
                "batter": 1,
                "extras": 0,
                "total": 1
              }
            },
            {
              "batter": "Asghar Stanikzai",
              "bowler": "Bilal Khan",
              "non_striker": "Mohammad Shahzad",
              "runs": {
                "batter": 1,
                "extras": 0,
                "total": 1
              }
            },
            {
              "batter": "Mohammad Shahzad",
              "bowler": "Bilal Khan",
              "non_striker": "Asghar Stanikzai",
              "runs": {
                "batter": 0,
                "extras": 0,
                "total": 0
              },
              "wickets": [
                {
                  "kind": "caught",
                  "player_out": "Mohammad Shahzad",
                  "fielders": [
                    {
                      "name": "Mohammad Nadeem"
                    }
                  ]
                }
              ]
            },
            {
              "batter": "Asghar Stanikzai",
              "bowler": "Bilal Khan",
              "non_striker": "Samiullah Shenwari",
              "runs": {
                "batter": 0,
                "extras": 0,
                "total": 0
              }
            }
          ]
        },
        {
          "over": 17,
          "deliveries": [
            {
              "batter": "Samiullah Shenwari",
              "bowler": "Kaleemullah",
              "non_striker": "Asghar Stanikzai",
              "runs": {
                "batter": 0,
                "extras": 0,
                "total": 0
              }
            },
            {
              "batter": "Samiullah Shenwari",
              "bowler": "Kaleemullah",
              "non_striker": "Asghar Stanikzai",
              "runs": {
                "batter": 1,
                "extras": 0,
                "total": 1
              }
            },
            {
              "batter": "Asghar Stanikzai",
              "bowler": "Kaleemullah",
              "extras": {
                "legbyes": 1
              },
              "non_striker": "Samiullah Shenwari",
              "runs": {
                "batter": 0,
                "extras": 1,
                "total": 1
              }
            },
            {
              "batter": "Samiullah Shenwari",
              "bowler": "Kaleemullah",
              "non_striker": "Asghar Stanikzai",
              "runs": {
                "batter": 1,
                "extras": 0,
                "total": 1
              }
            },
            {
              "batter": "Asghar Stanikzai",
              "bowler": "Kaleemullah",
              "non_striker": "Samiullah Shenwari",
              "runs": {
                "batter": 0,
                "extras": 0,
                "total": 0
              }
            },
            {
              "batter": "Asghar Stanikzai",
              "bowler": "Kaleemullah",
              "non_striker": "Samiullah Shenwari",
              "runs": {
                "batter": 1,
                "extras": 0,
                "total": 1
              }
            }
          ]
        },
        {
          "over": 18,
          "deliveries": [
            {
              "batter": "Asghar Stanikzai",
              "bowler": "Bilal Khan",
              "non_striker": "Samiullah Shenwari",
              "runs": {
                "batter": 4,
                "extras": 0,
                "total": 4
              }
            },
            {
              "batter": "Asghar Stanikzai",
              "bowler": "Bilal Khan",
              "non_striker": "Samiullah Shenwari",
              "runs": {
                "batter": 1,
                "extras": 0,
                "total": 1
              }
            },
            {
              "batter": "Samiullah Shenwari",
              "bowler": "Bilal Khan",
              "non_striker": "Asghar Stanikzai",
              "runs": {
                "batter": 4,
                "extras": 0,
                "total": 4
              }
            },
            {
              "batter": "Samiullah Shenwari",
              "bowler": "Bilal Khan",
              "extras": {
                "wides": 1
              },
              "non_striker": "Asghar Stanikzai",
              "runs": {
                "batter": 0,
                "extras": 1,
                "total": 1
              }
            }
          ]
        }
      ],
      "powerplays": [
        {
          "from": 0.1,
          "to": 5.6,
          "type": "mandatory"
        }
      ],
      "target": {
        "overs": 20,
        "runs": 150
      }
    }
  ]
}