{
  "meta": {
    "data_version": "1.0.0",
    "created": "2017-01-18",
    "revision": 1
  },
  "info": {
    "balls_per_over": 6,
    "city": "Abu Dhabi",
    "dates": [
      "2017-01-14"
    ],
    "event": {
      "group": "A",
      "match_number": 2,
      "name": "Desert T20 Challenge"
    },
    "gender": "male",
    "match_type": "T20",
    "match_type_number": 578,
    "officials": {
      "match_referees": [
        "DT Jukes"
      ],
      "reserve_umpires": [
        "AJT Dowdalls"
      ],
      "umpires": [
        "Iftikhar Ali",
        "BB Pradhan"
      ]
    },
    "outcome": {
      "by": {
        "wickets": 5
      },
      "winner": "Afghanistan"
    },
    "overs": 20,
    "player_of_match": [
      "Mohammad Nabi"
    ],
    "players": {
      "Afghanistan": [
        "Mohammad Shahzad",
        "Najeeb Tarakai",
        "Asghar Stanikzai",
        "Samiullah Shenwari",
        "Mohammad Nabi",
        "Gulbadin Naib",
        "Najibullah Zadran",
        "Rashid Khan",
        "Amir Hamza",
        "Dawlat Zadran",
        "Fareed Ahmad"
      ],
      "Ireland": [
        "PR Stirling",
        "SW Poynter",
        "WTS Porterfield",
        "KJ O'Brien",
        "GC Wilson",
        "GJ Thompson",
        "AR McBrine",
        "GH Dockrell",
        "WB Rankin",
        "J Little",
        "J Mulder"
      ]
    },
    "registry": {
      "people": {
        "AJT Dowdalls": "f06852e3",
        "AR McBrine": "e957b38f",
        "Amir Hamza": "dca1ac2e",
        "Asghar Stanikzai": "88679525",
        "BB Pradhan": "8603d942",
        "DT Jukes": "7c215d14",
        "Dawlat Zadran": "1fba2ae3",
        "Fareed Ahmad": "67b7bad4",
        "GC Wilson": "05de1a5a",
        "GH Dockrell": "99cddc5e",
        "GJ Thompson": "91f0792f",
        "Gulbadin Naib": "9f77963a",
        "Iftikhar Ali": "fc537391",
        "J Little": "9061a703",
        "J Mulder": "6b64e7a3",
        "KJ O'Brien": "243431b5",
        "Mohammad Nabi": "62af8546",
        "Mohammad Shahzad": "d6dcb0c9",
        "Najeeb Tarakai": "2683e28b",
        "Najibullah Zadran": "1212cbec",
        "PR Stirling": "cf494ffe",
        "Rashid Khan": "5f547c8b",
        "SW Poynter": "cdf59953",
        "Samiullah Shenwari": "61646132",
        "WB Rankin": "29b89ae8",
        "WTS Porterfield": "ec02b798"
      }
    },
    "season": "2016/17",
    "team_type": "international",
    "teams": [
      "Afghanistan",
      "Ireland"
    ],
    "toss": {
      "decision": "bat",
      "winner": "Ireland"
    },
    "venue": "Sheikh Zayed Stadium"
  },
  "innings": [
    {
      "team": "Ireland",
      "overs": [
        {
          "over": 0,
          "deliveries": [
            {
              "batter": "PR Stirling",
              "bowler": "Fareed Ahmad",
              "non_striker": "SW Poynter",
              "runs": {
                "batter": 1,
                "extras": 0,
                "total": 1
              }
            },
            {
              "batter": "SW Poynter",
              "bowler": "Fareed Ahmad",
              "non_striker": "PR Stirling",
              "runs": {
                "batter": 0,
                "extras": 0,
                "total": 0
              }
            },
            {
              "batter": "SW Poynter",
              "bowler": "Fareed Ahmad",
              "non_striker": "PR Stirling",
              "runs": {
                "batter": 0,
                "extras": 0,
                "total": 0
              }
            },
            {
              "batter": "SW Poynter",
              "bowler": "Fareed Ahmad",
              "non_striker": "PR Stirling",
              "runs": {
                "batter": 2,
                "extras": 0,
                "total": 2
              }
            },
            {
              "batter": "SW Poynter",
              "bowler": "Fareed Ahmad",
              "non_striker": "PR Stirling",
              "runs": {
                "batter": 0,
                "extras": 0,
                "total": 0
              }
            },
            {
              "batter": "SW Poynter",
              "bowler": "Fareed Ahmad",
              "non_striker": "PR Stirling",
              "runs": {
                "batter": 0,
                "extras": 0,
                "total": 0
              }
            }
          ]
        },
        {
          "over": 1,
          "deliveries": [
            {
              "batter": "PR Stirling",
              "bowler": "Dawlat Zadran",
              "non_striker": "SW Poynter",
              "runs": {
                "batter": 0,
                "extras": 0,
                "total": 0
              }
            },
            {
              "batter": "PR Stirling",
              "bowler": "Dawlat Zadran",
              "non_striker": "SW Poynter",
              "runs": {
                "batter": 4,
                "extras": 0,
                "total": 4
              }
            },
            {
              "batter": "PR Stirling",
              "bowler": "Dawlat Zadran",
              "non_striker": "SW Poynter",
              "runs": {
                "batter": 0,
                "extras": 0,
                "total": 0
              }
            },
            {
              "batter": "PR Stirling",
              "bowler": "Dawlat Zadran",
              "non_striker": "SW Poynter",
              "runs": {
                "batter": 1,
                "extras": 0,
                "total": 1
              }
            },
            {
              "batter": "SW Poynter",
              "bowler": "Dawlat Zadran",
              "non_striker": "PR Stirling",
              "runs": {
                "batter": 1,
                "extras": 0,
                "total": 1
              }
            },
            {
              "batter": "PR Stirling",
              "bowler": "Dawlat Zadran",
              "non_striker": "SW Poynter",
              "runs": {
                "batter": 0,
                "extras": 0,
                "total": 0
              }
            }
          ]
        },
        {
          "over": 2,
          "deliveries": [
            {
              "batter": "SW Poynter",
              "bowler": "Fareed Ahmad",
              "non_striker": "PR Stirling",
              "runs": {
                "batter": 0,
                "extras": 0,
                "total": 0
              }
            },
            {
              "batter": "SW Poynter",
              "bowler": "Fareed Ahmad",
              "non_striker": "PR Stirling",
              "runs": {
                "batter": 0,
                "extras": 0,
                "total": 0
              }
            },
            {
              "batter": "SW Poynter",
              "bowler": "Fareed Ahmad",
              "non_striker": "PR Stirling",
              "runs": {
                "batter": 0,
                "extras": 0,
                "total": 0
              }
            },
            {
              "batter": "SW Poynter",
              "bowler": "Fareed Ahmad",
              "non_striker": "PR Stirling",
              "runs": {
                "batter": 4,
                "extras": 0,
                "total": 4
              }
            },
            {
              "batter": "SW Poynter",
              "bowler": "Fareed Ahmad",
              "non_striker": "PR Stirling",
              "runs": {
                "batter": 2,
                "extras": 0,
                "total": 2
              }
            },
            {
              "batter": "SW Poynter",
              "bowler": "Fareed Ahmad",
              "non_striker": "PR Stirling",
              "runs": {
                "batter": 4,
                "extras": 0,
                "total": 4
              }
            }
          ]
        },
        {
          "over": 3,
          "deliveries": [
            {
              "batter": "PR Stirling",
              "bowler": "Amir Hamza",
              "non_striker": "SW Poynter",
              "runs": {
                "batter": 0,
                "extras": 0,
                "total": 0
              }
            },
            {
              "batter": "PR Stirling",
              "bowler": "Amir Hamza",
              "non_striker": "SW Poynter",
              "runs": {
                "batter": 1,
                "extras": 0,
                "total": 1
              }
            },
            {
              "batter": "SW Poynter",
              "bowler": "Amir Hamza",
              "non_striker": "PR Stirling",
              "runs": {
                "batter": 1,
                "extras": 0,
                "total": 1
              }
            },
            {
              "batter": "PR Stirling",
              "bowler": "Amir Hamza",
              "non_striker": "SW Poynter",
              "runs": {
                "batter": 4,
                "extras": 0,
                "total": 4
              }
            },
            {
              "batter": "PR Stirling",
              "bowler": "Amir Hamza",
              "non_striker": "SW Poynter",
              "runs": {
                "batter": 0,
                "extras": 0,
                "total": 0
              }
            },
            {
              "batter": "PR Stirling",
              "bowler": "Amir Hamza",
              "non_striker": "SW Poynter",
              "runs": {
                "batter": 2,
                "extras": 0,
                "total": 2
              }
            }
          ]
        },
        {
          "over": 4,
          "deliveries": [
            {
              "batter": "SW Poynter",
              "bowler": "Dawlat Zadran",
              "non_striker": "PR Stirling",
              "runs": {
                "batter": 0,
                "extras": 0,
                "total": 0
              }
            },
            {
              "batter": "SW Poynter",
              "bowler": "Dawlat Zadran",
              "non_striker": "PR Stirling",
              "runs": {
                "batter": 4,
                "extras": 0,
                "total": 4
              }
            },
            {
              "batter": "SW Poynter",
              "bowler": "Dawlat Zadran",
              "non_striker": "PR Stirling",
              "runs": {
                "batter": 0,
                "extras": 0,
                "total": 0
              }
            },
            {
              "batter": "SW Poynter",
              "bowler": "Dawlat Zadran",
              "non_striker": "PR Stirling",
              "runs": {
                "batter": 0,
                "extras": 0,
                "total": 0
              }
            },
            {
              "batter": "SW Poynter",
              "bowler": "Dawlat Zadran",
              "extras": {
                "legbyes": 1
              },
              "non_striker": "PR Stirling",
              "runs": {
                "batter": 0,
                "extras": 1,
                "total": 1
              }
            },
            {
              "batter": "PR Stirling",
              "bowler": "Dawlat Zadran",
              "non_striker": "SW Poynter",
              "runs": {
                "batter": 4,
                "extras": 0,
                "total": 4
              }
            }
          ]
        },
        {
          "over": 5,
          "deliveries": [
            {
              "batter": "SW Poynter",
              "bowler": "Mohammad Nabi",
              "non_striker": "PR Stirling",
              "runs": {
                "batter": 0,
                "extras": 0,
                "total": 0
              }
            },
            {
              "batter": "SW Poynter",
              "bowler": "Mohammad Nabi",
              "non_striker": "PR Stirling",
              "runs": {
                "batter": 0,
                "extras": 0,
                "total": 0
              },
              "wickets": [
                {
                  "kind": "bowled",
                  "player_out": "SW Poynter"
                }
              ]
            },
            {
              "batter": "WTS Porterfield",
              "bowler": "Mohammad Nabi",
              "non_striker": "PR Stirling",
              "runs": {
                "batter": 2,
                "extras": 0,
                "total": 2
              }
            },
            {
              "batter": "WTS Porterfield",
              "bowler": "Mohammad Nabi",
              "non_striker": "PR Stirling",
              "runs": {
                "batter": 4,
                "extras": 0,
                "total": 4
              }
            },
            {
              "batter": "WTS Porterfield",
              "bowler": "Mohammad Nabi",
              "non_striker": "PR Stirling",
              "runs": {
                "batter": 0,
                "extras": 0,
                "total": 0
              }
            },
            {
              "batter": "WTS Porterfield",
              "bowler": "Mohammad Nabi",
              "non_striker": "PR Stirling",
              "runs": {
                "batter": 0,
                "extras": 0,
                "total": 0
              }
            }
          ]
        },
        {
          "over": 6,
          "deliveries": [
            {
              "batter": "PR Stirling",
              "bowler": "Amir Hamza",
              "non_striker": "WTS Porterfield",
              "runs": {
                "batter": 2,
                "extras": 0,
                "total": 2
              }
            },
            {
              "batter": "PR Stirling",
              "bowler": "Amir Hamza",
              "non_striker": "WTS Porterfield",
              "runs": {
                "batter": 1,
                "extras": 0,
                "total": 1
              }
            },
            {
              "batter": "WTS Porterfield",
              "bowler": "Amir Hamza",
              "non_striker": "PR Stirling",
              "runs": {
                "batter": 1,
                "extras": 0,
                "total": 1
              }
            },
            {
              "batter": "PR Stirling",
              "bowler": "Amir Hamza",
              "non_striker": "WTS Porterfield",
              "runs": {
                "batter": 0,
                "extras": 0,
                "total": 0
              }
            },
            {
              "batter": "PR Stirling",
              "bowler": "Amir Hamza",
              "non_striker": "WTS Porterfield",
              "runs": {
                "batter": 0,
                "extras": 0,
                "total": 0
              }
            },
            {
              "batter": "PR Stirling",
              "bowler": "Amir Hamza",
              "non_striker": "WTS Porterfield",
              "runs": {
                "batter": 1,
                "extras": 0,
                "total": 1
              }
            }
          ]
        },
        {
          "over": 7,
          "deliveries": [
            {
              "batter": "PR Stirling",
              "bowler": "Mohammad Nabi",
              "non_striker": "WTS Porterfield",
              "runs": {
                "batter": 1,
                "extras": 0,
                "total": 1
              }
            },
            {
              "batter": "WTS Porterfield",
              "bowler": "Mohammad Nabi",
              "non_striker": "PR Stirling",
              "runs": {
                "batter": 1,
                "extras": 0,
                "total": 1
              }
            },
            {
              "batter": "PR Stirling",
              "bowler": "Mohammad Nabi",
              "non_striker": "WTS Porterfield",
              "runs": {
                "batter": 1,
                "extras": 0,
                "total": 1
              }
            },
            {
              "batter": "WTS Porterfield",
              "bowler": "Mohammad Nabi",
              "non_striker": "PR Stirling",
              "runs": {
                "batter": 1,
                "extras": 0,
                "total": 1
              }
            },
            {
              "batter": "PR Stirling",
              "bowler": "Mohammad Nabi",
              "non_striker": "WTS Porterfield",
              "runs": {
                "batter": 0,
                "extras": 0,
                "total": 0
              }
            },
            {
              "batter": "PR Stirling",
              "bowler": "Mohammad Nabi",
              "non_striker": "WTS Porterfield",
              "runs": {
                "batter": 0,
                "extras": 0,
                "total": 0
              }
            }
          ]
        },
        {
          "over": 8,
          "deliveries": [
            {
              "batter": "WTS Porterfield",
              "bowler": "Amir Hamza",
              "non_striker": "PR Stirling",
              "runs": {
                "batter": 1,
                "extras": 0,
                "total": 1
              }
            },
            {
              "batter": "PR Stirling",
              "bowler": "Amir Hamza",
              "non_striker": "WTS Porterfield",
              "runs": {
                "batter": 1,
                "extras": 0,
                "total": 1
              }
            },
            {
              "batter": "WTS Porterfield",
              "bowler": "Amir Hamza",
              "non_striker": "PR Stirling",
              "runs": {
                "batter": 1,
                "extras": 0,
                "total": 1
              }
            },
            {
              "batter": "PR Stirling",
              "bowler": "Amir Hamza",
              "non_striker": "WTS Porterfield",
              "runs": {
                "batter": 1,
                "extras": 0,
                "total": 1
              }
            },
            {
              "batter": "WTS Porterfield",
              "bowler": "Amir Hamza",
              "non_striker": "PR Stirling",
              "runs": {
                "batter": 1,
                "extras": 0,
                "total": 1
              }
            },
            {
              "batter": "PR Stirling",
              "bowler": "Amir Hamza",
              "non_striker": "WTS Porterfield",
              "runs": {
                "batter": 0,
                "extras": 0,
                "total": 0
              },
              "wickets": [
                {
                  "kind": "caught",
                  "player_out": "PR Stirling",
                  "fielders": [
                    {
                      "name": "Gulbadin Naib"
                    }
                  ]
                }
              ]
            }
          ]
        },
        {
          "over": 9,
          "deliveries": [
            {
              "batter": "WTS Porterfield",
              "bowler": "Dawlat Zadran",
              "non_striker": "KJ O'Brien",
              "runs": {
                "batter": 0,
                "extras": 0,
                "total": 0
              }
            },
            {
              "batter": "WTS Porterfield",
              "bowler": "Dawlat Zadran",
              "non_striker": "KJ O'Brien",
              "runs": {
                "batter": 2,
                "extras": 0,
                "total": 2
              }
            },
            {
              "batter": "WTS Porterfield",
              "bowler": "Dawlat Zadran",
              "non_striker": "KJ O'Brien",
              "runs": {
                "batter": 1,
                "extras": 0,
                "total": 1
              }
            },
            {
              "batter": "KJ O'Brien",
              "bowler": "Dawlat Zadran",
              "non_striker": "WTS Porterfield",
              "runs": {
                "batter": 0,
                "extras": 0,
                "total": 0
              }
            },
            {
              "batter": "KJ O'Brien",
              "bowler": "Dawlat Zadran",
              "non_striker": "WTS Porterfield",
              "runs": {
                "batter": 4,
                "extras": 0,
                "total": 4
              }
            },
            {
              "batter": "KJ O'Brien",
              "bowler": "Dawlat Zadran",
              "non_striker": "WTS Porterfield",
              "runs": {
                "batter": 0,
                "extras": 0,
                "total": 0
              }
            }
          ]
        },
        {
          "over": 10,
          "deliveries": [
            {
              "batter": "WTS Porterfield",
              "bowler": "Amir Hamza",
              "non_striker": "KJ O'Brien",
              "runs": {
                "batter": 0,
                "extras": 0,
                "total": 0
              }
            },
            {
              "batter": "WTS Porterfield",
              "bowler": "Amir Hamza",
              "non_striker": "KJ O'Brien",
              "runs": {
                "batter": 2,
                "extras": 0,
                "total": 2
              }
            },
            {
              "batter": "WTS Porterfield",
              "bowler": "Amir Hamza",
              "extras": {
                "legbyes": 1
              },
              "non_striker": "KJ O'Brien",
              "runs": {
                "batter": 0,
                "extras": 1,
                "total": 1
              }
            },
            {
              "batter": "KJ O'Brien",
              "bowler": "Amir Hamza",
              "non_striker": "WTS Porterfield",
              "runs": {
                "batter": 0,
                "extras": 0,
                "total": 0
              }
            },
            {
              "batter": "KJ O'Brien",
              "bowler": "Amir Hamza",
              "non_striker": "WTS Porterfield",
              "runs": {
                "batter": 1,
                "extras": 0,
                "total": 1
              }
            },
            {
              "batter": "WTS Porterfield",
              "bowler": "Amir Hamza",
              "non_striker": "KJ O'Brien",
              "runs": {
                "batter": 0,
                "extras": 0,
                "total": 0
              },
              "wickets": [
                {
                  "kind": "bowled",
                  "player_out": "WTS Porterfield"
                }
              ]
            }
          ]
        },
        {
          "over": 11,
          "deliveries": [
            {
              "batter": "KJ O'Brien",
              "bowler": "Mohammad Nabi",
              "non_striker": "GC Wilson",
              "runs": {
                "batter": 1,
                "extras": 0,
                "total": 1
              }
            },
            {
              "batter": "GC Wilson",
              "bowler": "Mohammad Nabi",
              "non_striker": "KJ O'Brien",
              "runs": {
                "batter": 0,
                "extras": 0,
                "total": 0
              }
            },
            {
              "batter": "GC Wilson",
              "bowler": "Mohammad Nabi",
              "non_striker": "KJ O'Brien",
              "runs": {
                "batter": 0,
                "extras": 0,
                "total": 0
              }
            },
            {
              "batter": "GC Wilson",
              "bowler": "Mohammad Nabi",
              "non_striker": "KJ O'Brien",
              "runs": {
                "batter": 1,
                "extras": 0,
                "total": 1
              }
            },
            {
              "batter": "KJ O'Brien",
              "bowler": "Mohammad Nabi",
              "non_striker": "GC Wilson",
              "runs": {
                "batter": 2,
                "extras": 0,
                "total": 2
              }
            },
            {
              "batter": "KJ O'Brien",
              "bowler": "Mohammad Nabi",
              "non_striker": "GC Wilson",
              "runs": {
                "batter": 4,
                "extras": 0,
                "total": 4
              }
            }
          ]
        },
        {
          "over": 12,
          "deliveries": [
            {
              "batter": "GC Wilson",
              "bowler": "Rashid Khan",
              "non_striker": "KJ O'Brien",
              "runs": {
                "batter": 1,
                "extras": 0,
                "total": 1
              }
            },
            {
              "batter": "KJ O'Brien",
              "bowler": "Rashid Khan",
              "non_striker": "GC Wilson",
              "runs": {
                "batter": 0,
                "extras": 0,
                "total": 0
              },
              "wickets": [
                {
                  "kind": "lbw",
                  "player_out": "KJ O'Brien"
                }
              ]
            },
            {
              "batter": "GJ Thompson",
              "bowler": "Rashid Khan",
              "non_striker": "GC Wilson",
              "runs": {
                "batter": 0,
                "extras": 0,
                "total": 0
              }
            },
            {
              "batter": "GJ Thompson",
              "bowler": "Rashid Khan",
              "non_striker": "GC Wilson",
              "runs": {
                "batter": 0,
                "extras": 0,
                "total": 0
              }
            },
            {
              "batter": "GJ Thompson",
              "bowler": "Rashid Khan",
              "extras": {
                "wides": 2
              },
              "non_striker": "GC Wilson",
              "runs": {
                "batter": 0,
                "extras": 2,
                "total": 2
              }
            },
            {
              "batter": "GC Wilson",
              "bowler": "Rashid Khan",
              "non_striker": "GJ Thompson",
              "runs": {
                "batter": 1,
                "extras": 0,
                "total": 1
              }
            },
            {
              "batter": "GJ Thompson",
              "bowler": "Rashid Khan",
              "non_striker": "GC Wilson",
              "runs": {
                "batter": 0,
                "extras": 0,
                "total": 0
              }
            }
          ]
        },
        {
          "over": 13,
          "deliveries": [
            {
              "batter": "GC Wilson",
              "bowler": "Fareed Ahmad",
              "non_striker": "GJ Thompson",
              "runs": {
                "batter": 1,
                "extras": 0,
                "total": 1
              }
            },
            {
              "batter": "GJ Thompson",
              "bowler": "Fareed Ahmad",
              "non_striker": "GC Wilson",
              "runs": {
                "batter": 0,
                "extras": 0,
                "total": 0
              }
            },
            {
              "batter": "GJ Thompson",
              "bowler": "Fareed Ahmad",
              "non_striker": "GC Wilson",
              "runs": {
                "batter": 1,
                "extras": 0,
                "total": 1
              }
            },
            {
              "batter": "GC Wilson",
              "bowler": "Fareed Ahmad",
              "non_striker": "GJ Thompson",
              "runs": {
                "batter": 4,
                "extras": 0,
                "total": 4
              }
            },
            {
              "batter": "GC Wilson",
              "bowler": "Fareed Ahmad",
              "non_striker": "GJ Thompson",
              "runs": {
                "batter": 1,
                "extras": 0,
                "total": 1
              }
            },
            {
              "batter": "GJ Thompson",
              "bowler": "Fareed Ahmad",
              "non_striker": "GC Wilson",
              "runs": {
                "batter": 0,
                "extras": 0,
                "total": 0
              }
            }
          ]
        },
        {
          "over": 14,
          "deliveries": [
            {
              "batter": "GC Wilson",
              "bowler": "Rashid Khan",
              "non_striker": "GJ Thompson",
              "runs": {
                "batter": 0,
                "extras": 0,
                "total": 0
              }
            },
            {
              "batter": "GC Wilson",
              "bowler": "Rashid Khan",
              "non_striker": "GJ Thompson",
              "runs": {
                "batter": 0,
                "extras": 0,
                "total": 0
              }
            },
            {
              "batter": "GC Wilson",
              "bowler": "Rashid Khan",
              "non_striker": "GJ Thompson",
              "runs": {
                "batter": 2,
                "extras": 0,
                "total": 2
              }
            },
            {
              "batter": "GC Wilson",
              "bowler": "Rashid Khan",
              "non_striker": "GJ Thompson",
              "runs": {
                "batter": 1,
                "extras": 0,
                "total": 1
              }
            },
            {
              "batter": "GJ Thompson",
              "bowler": "Rashid Khan",
              "non_striker": "GC Wilson",
              "runs": {
                "batter": 1,
                "extras": 0,
                "total": 1
              }
            },
            {
              "batter": "GC Wilson",
              "bowler": "Rashid Khan",
              "non_striker": "GJ Thompson",
              "runs": {
                "batter": 1,
                "extras": 0,
                "total": 1
              }
            }
          ]
        },
        {
          "over": 15,
          "deliveries": [
            {
              "batter": "GC Wilson",
              "bowler": "Mohammad Nabi",
              "non_striker": "GJ Thompson",
              "runs": {
                "batter": 2,
                "extras": 0,
                "total": 2
              }
            },
            {
              "batter": "GC Wilson",
              "bowler": "Mohammad Nabi",
              "non_striker": "GJ Thompson",
              "runs": {
                "batter": 1,
                "extras": 0,
                "total": 1
              }
            },
            {
              "batter": "GJ Thompson",
              "bowler": "Mohammad Nabi",
              "non_striker": "GC Wilson",
              "runs": {
                "batter": 1,
                "extras": 0,
                "total": 1
              }
            },
            {
              "batter": "GC Wilson",
              "bowler": "Mohammad Nabi",
              "non_striker": "GJ Thompson",
              "runs": {
                "batter": 4,
                "extras": 0,
                "total": 4
              }
            },
            {
              "batter": "GC Wilson",
              "bowler": "Mohammad Nabi",
              "non_striker": "GJ Thompson",
              "runs": {
                "batter": 1,
                "extras": 0,
                "total": 1
              }
            },
            {
              "batter": "GJ Thompson",
              "bowler": "Mohammad Nabi",
              "non_striker": "GC Wilson",
              "runs": {
                "batter": 0,
                "extras": 0,
                "total": 0
              },
              "wickets": [
                {
                  "kind": "lbw",
                  "player_out": "GJ Thompson"
                }
              ]
            }
          ]
        },
        {
          "over": 16,
          "deliveries": [
            {
              "batter": "GC Wilson",
              "bowler": "Rashid Khan",
              "non_striker": "AR McBrine",
              "runs": {
                "batter": 2,
                "extras": 0,
                "total": 2
              }
            },
            {
              "batter": "GC Wilson",
              "bowler": "Rashid Khan",
              "non_striker": "AR McBrine",
              "runs": {
                "batter": 0,
                "extras": 0,
                "total": 0
              },
              "wickets": [
                {
                  "kind": "lbw",
                  "player_out": "GC Wilson"
                }
              ]
            },
            {
              "batter": "GH Dockrell",
              "bowler": "Rashid Khan",
              "extras": {
                "legbyes": 1
              },
              "non_striker": "AR McBrine",
              "runs": {
                "batter": 0,
                "extras": 1,
                "total": 1
              }
            },
            {
              "batter": "AR McBrine",
              "bowler": "Rashid Khan",
              "non_striker": "GH Dockrell",
              "runs": {
                "batter": 1,
                "extras": 0,
                "total": 1
              }
            },
            {
              "batter": "GH Dockrell",
              "bowler": "Rashid Khan",
              "non_striker": "AR McBrine",
              "runs": {
                "batter": 2,
                "extras": 0,
                "total": 2
              }
            },
            {
              "batter": "GH Dockrell",
              "bowler": "Rashid Khan",
              "non_striker": "AR McBrine",
              "runs": {
                "batter": 1,
                "extras": 0,
                "total": 1
              }
            }
          ]
        },
        {
          "over": 17,
          "deliveries": [
            {
              "batter": "GH Dockrell",
              "bowler": "Dawlat Zadran",
              "non_striker": "AR McBrine",
              "runs": {
                "batter": 1,
                "extras": 0,
                "total": 1
              }
            },
            {
              "batter": "AR McBrine",
              "bowler": "Dawlat Zadran",
              "non_striker": "GH Dockrell",
              "runs": {
                "batter": 0,
                "extras": 0,
                "total": 0
              }
            },
            {
              "batter": "AR McBrine",
              "bowler": "Dawlat Zadran",
              "non_striker": "GH Dockrell",
              "runs": {
                "batter": 0,
                "extras": 0,
                "total": 0
              }
            },
            {
              "batter": "AR McBrine",
              "bowler": "Dawlat Zadran",
              "non_striker": "GH Dockrell",
              "runs": {
                "batter": 1,
                "extras": 0,
                "total": 1
              }
            },
            {
              "batter": "GH Dockrell",
              "bowler": "Dawlat Zadran",
              "non_striker": "AR McBrine",
              "runs": {
                "batter": 1,
                "extras": 0,
                "total": 1
              }
            },
            {
              "batter": "AR McBrine",
              "bowler": "Dawlat Zadran",
              "non_striker": "GH Dockrell",
              "runs": {
                "batter": 4,
                "extras": 0,
                "total": 4
              }
            }
          ]
        },
        {
          "over": 18,
          "deliveries": [
            {
              "batter": "GH Dockrell",
              "bowler": "Rashid Khan",
              "non_striker": "AR McBrine",
              "runs": {
                "batter": 4,
                "extras": 0,
                "total": 4
              }
            },
            {
              "batter": "GH Dockrell",
              "bowler": "Rashid Khan",
              "non_striker": "AR McBrine",
              "runs": {
                "batter": 2,
                "extras": 0,
                "total": 2
              }
            },
            {
              "batter": "GH Dockrell",
              "bowler": "Rashid Khan",
              "non_striker": "AR McBrine",
              "runs": {
                "batter": 1,
                "extras": 0,
                "total": 1
              }
            },
            {
              "batter": "AR McBrine",
              "bowler": "Rashid Khan",
              "non_striker": "GH Dockrell",
              "runs": {
                "batter": 0,
                "extras": 0,
                "total": 0
              }
            },
            {
              "batter": "AR McBrine",
              "bowler": "Rashid Khan",
              "non_striker": "GH Dockrell",
              "runs": {
                "batter": 0,
                "extras": 0,
                "total": 0
              }
            },
            {
              "batter": "AR McBrine",
              "bowler": "Rashid Khan",
              "non_striker": "GH Dockrell",
              "runs": {
                "batter": 0,
                "extras": 0,
                "total": 0
              }
            }
          ]
        },
        {
          "over": 19,
          "deliveries": [
            {
              "batter": "GH Dockrell",
              "bowler": "Fareed Ahmad",
              "non_striker": "AR McBrine",
              "runs": {
                "batter": 1,
                "extras": 0,
                "total": 1
              }
            },
            {
              "batter": "AR McBrine",
              "bowler": "Fareed Ahmad",
              "non_striker": "GH Dockrell",
              "runs": {
                "batter": 0,
                "extras": 0,
                "total": 0
              }
            },
            {
              "batter": "AR McBrine",
              "bowler": "Fareed Ahmad",
              "non_striker": "GH Dockrell",
              "runs": {
                "batter": 0,
                "extras": 0,
                "total": 0
              }
            },
            {
              "batter": "AR McBrine",
              "bowler": "Fareed Ahmad",
              "non_striker": "GH Dockrell",
              "runs": {
                "batter": 1,
                "extras": 0,
                "total": 1
              }
            },
            {
              "batter": "GH Dockrell",
              "bowler": "Fareed Ahmad",
              "extras": {
                "byes": 1
              },
              "non_striker": "AR McBrine",
              "runs": {
                "batter": 0,
                "extras": 1,
                "total": 1
              }
            },
            {
              "batter": "AR McBrine",
              "bowler": "Fareed Ahmad",
              "extras": {
                "byes": 1
              },
              "non_striker": "GH Dockrell",
              "runs": {
                "batter": 0,
                "extras": 1,
                "total": 1
              }
            }
          ]
        }
      ],
      "powerplays": [
        {
          "from": 0.1,
          "to": 5.6,
          "type": "mandatory"
        }
      ]
    },
    {
      "team": "Afghanistan",
      "overs": [
        {
          "over": 0,
          "deliveries": [
            {
              "batter": "Mohammad Shahzad",
              "bowler": "WB Rankin",
              "non_striker": "Najeeb Tarakai",
              "runs": {
                "batter": 0,
                "extras": 0,
                "total": 0
              }
            },
            {
              "batter": "Mohammad Shahzad",
              "bowler": "WB Rankin",
              "non_striker": "Najeeb Tarakai",
              "runs": {
                "batter": 0,
                "extras": 0,
                "total": 0
              }
            },
            {
              "batter": "Mohammad Shahzad",
              "bowler": "WB Rankin",
              "non_striker": "Najeeb Tarakai",
              "runs": {
                "batter": 0,
                "extras": 0,
                "total": 0
              }
            },
            {
              "batter": "Mohammad Shahzad",
              "bowler": "WB Rankin",
              "non_striker": "Najeeb Tarakai",
              "runs": {
                "batter": 1,
                "extras": 0,
                "total": 1
              }
            },
            {
              "batter": "Najeeb Tarakai",
              "bowler": "WB Rankin",
              "non_striker": "Mohammad Shahzad",
              "runs": {
                "batter": 0,
                "extras": 0,
                "total": 0
              }
            },
            {
              "batter": "Najeeb Tarakai",
              "bowler": "WB Rankin",
              "non_striker": "Mohammad Shahzad",
              "runs": {
                "batter": 0,
                "extras": 0,
                "total": 0
              }
            }
          ]
        },
        {
          "over": 1,
          "deliveries": [
            {
              "batter": "Mohammad Shahzad",
              "bowler": "AR McBrine",
              "non_striker": "Najeeb Tarakai",
              "runs": {
                "batter": 1,
                "extras": 0,
                "total": 1
              }
            },
            {
              "batter": "Najeeb Tarakai",
              "bowler": "AR McBrine",
              "non_striker": "Mohammad Shahzad",
              "runs": {
                "batter": 0,
                "extras": 0,
                "total": 0
              }
            },
            {
              "batter": "Najeeb Tarakai",
              "bowler": "AR McBrine",
              "non_striker": "Mohammad Shahzad",
              "runs": {
                "batter": 1,
                "extras": 0,
                "total": 1
              }
            },
            {
              "batter": "Mohammad Shahzad",
              "bowler": "AR McBrine",
              "non_striker": "Najeeb Tarakai",
              "runs": {
                "batter": 0,
                "extras": 0,
                "total": 0
              }
            },
            {
              "batter": "Mohammad Shahzad",
              "bowler": "AR McBrine",
              "non_striker": "Najeeb Tarakai",
              "runs": {
                "batter": 4,
                "extras": 0,
                "total": 4
              }
            },
            {
              "batter": "Mohammad Shahzad",
              "bowler": "AR McBrine",
              "non_striker": "Najeeb Tarakai",
              "runs": {
                "batter": 4,
                "extras": 0,
                "total": 4
              }
            }
          ]
        },
        {
          "over": 2,
          "deliveries": [
            {
              "batter": "Najeeb Tarakai",
              "bowler": "WB Rankin",
              "non_striker": "Mohammad Shahzad",
              "runs": {
                "batter": 4,
                "extras": 0,
                "total": 4
              }
            },
            {
              "batter": "Najeeb Tarakai",
              "bowler": "WB Rankin",
              "non_striker": "Mohammad Shahzad",
              "runs": {
                "batter": 0,
                "extras": 0,
                "total": 0
              }
            },
            {
              "batter": "Najeeb Tarakai",
              "bowler": "WB Rankin",
              "non_striker": "Mohammad Shahzad",
              "runs": {
                "batter": 4,
                "extras": 0,
                "total": 4
              }
            },
            {
              "batter": "Najeeb Tarakai",
              "bowler": "WB Rankin",
              "non_striker": "Mohammad Shahzad",
              "runs": {
                "batter": 2,
                "extras": 0,
                "total": 2
              }
            },
            {
              "batter": "Najeeb Tarakai",
              "bowler": "WB Rankin",
              "non_striker": "Mohammad Shahzad",
              "runs": {
                "batter": 1,
                "extras": 0,
                "total": 1
              }
            },
            {
              "batter": "Mohammad Shahzad",
              "bowler": "WB Rankin",
              "non_striker": "Najeeb Tarakai",
              "runs": {
                "batter": 0,
                "extras": 0,
                "total": 0
              }
            }
          ]
        },
        {
          "over": 3,
          "deliveries": [
            {
              "batter": "Najeeb Tarakai",
              "bowler": "GH Dockrell",
              "non_striker": "Mohammad Shahzad",
              "runs": {
                "batter": 0,
                "extras": 0,
                "total": 0
              }
            },
            {
              "batter": "Najeeb Tarakai",
              "bowler": "GH Dockrell",
              "non_striker": "Mohammad Shahzad",
              "runs": {
                "batter": 1,
                "extras": 0,
                "total": 1
              }
            },
            {
              "batter": "Mohammad Shahzad",
              "bowler": "GH Dockrell",
              "non_striker": "Najeeb Tarakai",
              "runs": {
                "batter": 0,
                "extras": 0,
                "total": 0
              }
            },
            {
              "batter": "Mohammad Shahzad",
              "bowler": "GH Dockrell",
              "non_striker": "Najeeb Tarakai",
              "runs": {
                "batter": 0,
                "extras": 0,
                "total": 0
              }
            },
            {
              "batter": "Mohammad Shahzad",
              "bowler": "GH Dockrell",
              "non_striker": "Najeeb Tarakai",
              "runs": {
                "batter": 1,
                "extras": 0,
                "total": 1
              }
            },
            {
              "batter": "Najeeb Tarakai",
              "bowler": "GH Dockrell",
              "non_striker": "Mohammad Shahzad",
              "runs": {
                "batter": 0,
                "extras": 0,
                "total": 0
              }
            }
          ]
        },
        {
          "over": 4,
          "deliveries": [
            {
              "batter": "Mohammad Shahzad",
              "bowler": "J Little",
              "non_striker": "Najeeb Tarakai",
              "runs": {
                "batter": 0,
                "extras": 0,
                "total": 0
              }
            },
            {
              "batter": "Mohammad Shahzad",
              "bowler": "J Little",
              "non_striker": "Najeeb Tarakai",
              "runs": {
                "batter": 4,
                "extras": 0,
                "total": 4
              }
            },
            {
              "batter": "Mohammad Shahzad",
              "bowler": "J Little",
              "non_striker": "Najeeb Tarakai",
              "runs": {
                "batter": 4,
                "extras": 0,
                "total": 4
              }
            },
            {
              "batter": "Mohammad Shahzad",
              "bowler": "J Little",
              "non_striker": "Najeeb Tarakai",
              "runs": {
                "batter": 0,
                "extras": 0,
                "total": 0
              }
            },
            {
              "batter": "Mohammad Shahzad",
              "bowler": "J Little",
              "non_striker": "Najeeb Tarakai",
              "runs": {
                "batter": 1,
                "extras": 0,
                "total": 1
              }
            },
            {
              "batter": "Najeeb Tarakai",
              "bowler": "J Little",
              "non_striker": "Mohammad Shahzad",
              "runs": {
                "batter": 1,
                "extras": 0,
                "total": 1
              }
            }
          ]
        },
        {
          "over": 5,
          "deliveries": [
            {
              "batter": "Najeeb Tarakai",
              "bowler": "GH Dockrell",
              "non_striker": "Mohammad Shahzad",
              "runs": {
                "batter": 1,
                "extras": 0,
                "total": 1
              }
            },
            {
              "batter": "Mohammad Shahzad",
              "bowler": "GH Dockrell",
              "non_striker": "Najeeb Tarakai",
              "runs": {
                "batter": 0,
                "extras": 0,
                "total": 0
              }
            },
            {
              "batter": "Mohammad Shahzad",
              "bowler": "GH Dockrell",
              "non_striker": "Najeeb Tarakai",
              "runs": {
                "batter": 4,
                "extras": 0,
                "total": 4
              }
            },
            {
              "batter": "Mohammad Shahzad",
              "bowler": "GH Dockrell",
              "non_striker": "Najeeb Tarakai",
              "runs": {
                "batter": 1,
                "extras": 0,
                "total": 1
              }
            },
            {
              "batter": "Najeeb Tarakai",
              "bowler": "GH Dockrell",
              "extras": {
                "legbyes": 1
              },
              "non_striker": "Mohammad Shahzad",
              "runs": {
                "batter": 0,
                "extras": 1,
                "total": 1
              }
            },
            {
              "batter": "Mohammad Shahzad",
              "bowler": "GH Dockrell",
              "non_striker": "Najeeb Tarakai",
              "runs": {
                "batter": 1,
                "extras": 0,
                "total": 1
              }
            }
          ]
        },
        {
          "over": 6,
          "deliveries": [
            {
              "batter": "Mohammad Shahzad",
              "bowler": "J Little",
              "non_striker": "Najeeb Tarakai",
              "runs": {
                "batter": 1,
                "extras": 0,
                "total": 1
              }
            },
            {
              "batter": "Najeeb Tarakai",
              "bowler": "J Little",
              "extras": {
                "wides": 1
              },
              "non_striker": "Mohammad Shahzad",
              "runs": {
                "batter": 0,
                "extras": 1,
                "total": 1
              }
            },
            {
              "batter": "Najeeb Tarakai",
              "bowler": "J Little",
              "non_striker": "Mohammad Shahzad",
              "runs": {
                "batter": 0,
                "extras": 0,
                "total": 0
              }
            },
            {
              "batter": "Najeeb Tarakai",
              "bowler": "J Little",
              "non_striker": "Mohammad Shahzad",
              "runs": {
                "batter": 0,
                "extras": 0,
                "total": 0
              }
            },
            {
              "batter": "Najeeb Tarakai",
              "bowler": "J Little",
              "non_striker": "Mohammad Shahzad",
              "runs": {
                "batter": 1,
                "extras": 0,
                "total": 1
              }
            },
            {
              "batter": "Mohammad Shahzad",
              "bowler": "J Little",
              "non_striker": "Najeeb Tarakai",
              "runs": {
                "batter": 1,
                "extras": 0,
                "total": 1
              }
            },
            {
              "batter": "Najeeb Tarakai",
              "bowler": "J Little",
              "non_striker": "Mohammad Shahzad",
              "runs": {
                "batter": 6,
                "extras": 0,
                "total": 6
              }
            }
          ]
        },
        {
          "over": 7,
          "deliveries": [
            {
              "batter": "Mohammad Shahzad",
              "bowler": "J Mulder",
              "non_striker": "Najeeb Tarakai",
              "runs": {
                "batter": 0,
                "extras": 0,
                "total": 0
              }
            },
            {
              "batter": "Mohammad Shahzad",
              "bowler": "J Mulder",
              "non_striker": "Najeeb Tarakai",
              "runs": {
                "batter": 1,
                "extras": 0,
                "total": 1
              }
            },
            {
              "batter": "Najeeb Tarakai",
              "bowler": "J Mulder",
              "non_striker": "Mohammad Shahzad",
              "runs": {
                "batter": 1,
                "extras": 0,
                "total": 1
              }
            },
            {
              "batter": "Mohammad Shahzad",
              "bowler": "J Mulder",
              "non_striker": "Najeeb Tarakai",
              "runs": {
                "batter": 0,
                "extras": 0,
                "total": 0
              }
            },
            {
              "batter": "Mohammad Shahzad",
              "bowler": "J Mulder",
              "non_striker": "Najeeb Tarakai",
              "runs": {
                "batter": 0,
                "extras": 0,
                "total": 0
              },
              "wickets": [
                {
                  "kind": "bowled",
                  "player_out": "Mohammad Shahzad"
                }
              ]
            },
            {
              "batter": "Asghar Stanikzai",
              "bowler": "J Mulder",
              "non_striker": "Najeeb Tarakai",
              "runs": {
                "batter": 0,
                "extras": 0,
                "total": 0
              }
            }
          ]
        },
        {
          "over": 8,
          "deliveries": [
            {
              "batter": "Najeeb Tarakai",
              "bowler": "GH Dockrell",
              "non_striker": "Asghar Stanikzai",
              "runs": {
                "batter": 1,
                "extras": 0,
                "total": 1
              }
            },
            {
              "batter": "Asghar Stanikzai",
              "bowler": "GH Dockrell",
              "non_striker": "Najeeb Tarakai",
              "runs": {
                "batter": 0,
                "extras": 0,
                "total": 0
              }
            },
            {
              "batter": "Asghar Stanikzai",
              "bowler": "GH Dockrell",
              "extras": {
                "wides": 1
              },
              "non_striker": "Najeeb Tarakai",
              "runs": {
                "batter": 0,
                "extras": 1,
                "total": 1
              }
            },
            {
              "batter": "Asghar Stanikzai",
              "bowler": "GH Dockrell",
              "non_striker": "Najeeb Tarakai",
              "runs": {
                "batter": 1,
                "extras": 0,
                "total": 1
              }
            },
            {
              "batter": "Najeeb Tarakai",
              "bowler": "GH Dockrell",
              "non_striker": "Asghar Stanikzai",
              "runs": {
                "batter": 1,
                "extras": 0,
                "total": 1
              }
            },
            {
              "batter": "Asghar Stanikzai",
              "bowler": "GH Dockrell",
              "non_striker": "Najeeb Tarakai",
              "runs": {
                "batter": 2,
                "extras": 0,
                "total": 2
              }
            },
            {
              "batter": "Najeeb Tarakai",
              "bowler": "GH Dockrell",
              "non_striker": "Asghar Stanikzai",
              "runs": {
                "batter": 2,
                "extras": 0,
                "total": 2
              }
            }
          ]
        },
        {
          "over": 9,
          "deliveries": [
            {
              "batter": "Asghar Stanikzai",
              "bowler": "J Mulder",
              "non_striker": "Najeeb Tarakai",
              "runs": {
                "batter": 2,
                "extras": 0,
                "total": 2
              }
            },
            {
              "batter": "Asghar Stanikzai",
              "bowler": "J Mulder",
              "non_striker": "Najeeb Tarakai",
              "runs": {
                "batter": 1,
                "extras": 0,
                "total": 1
              }
            },
            {
              "batter": "Najeeb Tarakai",
              "bowler": "J Mulder",
              "non_striker": "Asghar Stanikzai",
              "runs": {
                "batter": 1,
                "extras": 0,
                "total": 1
              }
            },
            {
              "batter": "Asghar Stanikzai",
              "bowler": "J Mulder",
              "non_striker": "Najeeb Tarakai",
              "runs": {
                "batter": 0,
                "extras": 0,
                "total": 0
              }
            },
            {
              "batter": "Asghar Stanikzai",
              "bowler": "J Mulder",
              "non_striker": "Najeeb Tarakai",
              "runs": {
                "batter": 0,
                "extras": 0,
                "total": 0
              },
              "wickets": [
                {
                  "kind": "bowled",
                  "player_out": "Asghar Stanikzai"
                }
              ]
            },
            {
              "batter": "Samiullah Shenwari",
              "bowler": "J Mulder",
              "non_striker": "Najeeb Tarakai",
              "runs": {
                "batter": 0,
                "extras": 0,
                "total": 0
              }
            }
          ]
        },
        {
          "over": 10,
          "deliveries": [
            {
              "batter": "Najeeb Tarakai",
              "bowler": "KJ O'Brien",
              "extras": {
                "wides": 5
              },
              "non_striker": "Samiullah Shenwari",
              "runs": {
                "batter": 0,
                "extras": 5,
                "total": 5
              }
            },
            {
              "batter": "Najeeb Tarakai",
              "bowler": "KJ O'Brien",
              "non_striker": "Samiullah Shenwari",
              "runs": {
                "batter": 1,
                "extras": 0,
                "total": 1
              }
            },
            {
              "batter": "Samiullah Shenwari",
              "bowler": "KJ O'Brien",
              "non_striker": "Najeeb Tarakai",
              "runs": {
                "batter": 0,
                "extras": 0,
                "total": 0
              }
            },
            {
              "batter": "Samiullah Shenwari",
              "bowler": "KJ O'Brien",
              "non_striker": "Najeeb Tarakai",
              "runs": {
                "batter": 0,
                "extras": 0,
                "total": 0
              }
            },
            {
              "batter": "Samiullah Shenwari",
              "bowler": "KJ O'Brien",
              "non_striker": "Najeeb Tarakai",
              "runs": {
                "batter": 1,
                "extras": 0,
                "total": 1
              }
            },
            {
              "batter": "Najeeb Tarakai",
              "bowler": "KJ O'Brien",
              "non_striker": "Samiullah Shenwari",
              "runs": {
                "batter": 1,
                "extras": 0,
                "total": 1
              }
            },
            {
              "batter": "Samiullah Shenwari",
              "bowler": "KJ O'Brien",
              "non_striker": "Najeeb Tarakai",
              "runs": {
                "batter": 1,
                "extras": 0,
                "total": 1
              }
            }
          ]
        },
        {
          "over": 11,
          "deliveries": [
            {
              "batter": "Samiullah Shenwari",
              "bowler": "J Mulder",
              "non_striker": "Najeeb Tarakai",
              "runs": {
                "batter": 1,
                "extras": 0,
                "total": 1
              }
            },
            {
              "batter": "Najeeb Tarakai",
              "bowler": "J Mulder",
              "non_striker": "Samiullah Shenwari",
              "runs": {
                "batter": 1,
                "extras": 0,
                "total": 1
              }
            },
            {
              "batter": "Samiullah Shenwari",
              "bowler": "J Mulder",
              "non_striker": "Najeeb Tarakai",
              "runs": {
                "batter": 4,
                "extras": 0,
                "total": 4
              }
            },
            {
              "batter": "Samiullah Shenwari",
              "bowler": "J Mulder",
              "non_striker": "Najeeb Tarakai",
              "runs": {
                "batter": 0,
                "extras": 0,
                "total": 0
              },
              "wickets": [
                {
                  "kind": "run out",
                  "player_out": "Najeeb Tarakai",
                  "fielders": [
                    {
                      "name": "J Little"
                    },
                    {
                      "name": "J Mulder"
                    }
                  ]
                }
              ]
            },
            {
              "batter": "Samiullah Shenwari",
              "bowler": "J Mulder",
              "non_striker": "Mohammad Nabi",
              "runs": {
                "batter": 1,
                "extras": 0,
                "total": 1
              }
            },
            {
              "batter": "Mohammad Nabi",
              "bowler": "J Mulder",
              "non_striker": "Samiullah Shenwari",
              "runs": {
                "batter": 0,
                "extras": 0,
                "total": 0
              }
            }
          ]
        },
        {
          "over": 12,
          "deliveries": [
            {
              "batter": "Samiullah Shenwari",
              "bowler": "WB Rankin",
              "non_striker": "Mohammad Nabi",
              "runs": {
                "batter": 0,
                "extras": 0,
                "total": 0
              }
            },
            {
              "batter": "Samiullah Shenwari",
              "bowler": "WB Rankin",
              "non_striker": "Mohammad Nabi",
              "runs": {
                "batter": 0,
                "extras": 0,
                "total": 0
              }
            },
            {
              "batter": "Samiullah Shenwari",
              "bowler": "WB Rankin",
              "non_striker": "Mohammad Nabi",
              "runs": {
                "batter": 4,
                "extras": 0,
                "total": 4
              }
            },
            {
              "batter": "Samiullah Shenwari",
              "bowler": "WB Rankin",
              "non_striker": "Mohammad Nabi",
              "runs": {
                "batter": 1,
                "extras": 0,
                "total": 1
              }
            },
            {
              "batter": "Mohammad Nabi",
              "bowler": "WB Rankin",
              "non_striker": "Samiullah Shenwari",
              "runs": {
                "batter": 4,
                "extras": 0,
                "total": 4
              }
            },
            {
              "batter": "Mohammad Nabi",
              "bowler": "WB Rankin",
              "non_striker": "Samiullah Shenwari",
              "runs": {
                "batter": 0,
                "extras": 0,
                "total": 0
              }
            }
          ]
        },
        {
          "over": 13,
          "deliveries": [
            {
              "batter": "Samiullah Shenwari",
              "bowler": "GH Dockrell",
              "non_striker": "Mohammad Nabi",
              "runs": {
                "batter": 0,
                "extras": 0,
                "total": 0
              }
            },
            {
              "batter": "Samiullah Shenwari",
              "bowler": "GH Dockrell",
              "non_striker": "Mohammad Nabi",
              "runs": {
                "batter": 0,
                "extras": 0,
                "total": 0
              },
              "wickets": [
                {
                  "kind": "lbw",
                  "player_out": "Samiullah Shenwari"
                }
              ]
            },
            {
              "batter": "Gulbadin Naib",
              "bowler": "GH Dockrell",
              "non_striker": "Mohammad Nabi",
              "runs": {
                "batter": 0,
                "extras": 0,
                "total": 0
              }
            },
            {
              "batter": "Gulbadin Naib",
              "bowler": "GH Dockrell",
              "non_striker": "Mohammad Nabi",
              "runs": {
                "batter": 1,
                "extras": 0,
                "total": 1
              }
            },
            {
              "batter": "Mohammad Nabi",
              "bowler": "GH Dockrell",
              "non_striker": "Gulbadin Naib",
              "runs": {
                "batter": 1,
                "extras": 0,
                "total": 1
              }
            },
            {
              "batter": "Gulbadin Naib",
              "bowler": "GH Dockrell",
              "non_striker": "Mohammad Nabi",
              "runs": {
                "batter": 0,
                "extras": 0,
                "total": 0
              }
            }
          ]
        },
        {
          "over": 14,
          "deliveries": [
            {
              "batter": "Mohammad Nabi",
              "bowler": "J Little",
              "non_striker": "Gulbadin Naib",
              "runs": {
                "batter": 1,
                "extras": 0,
                "total": 1
              }
            },
            {
              "batter": "Gulbadin Naib",
              "bowler": "J Little",
              "non_striker": "Mohammad Nabi",
              "runs": {
                "batter": 1,
                "extras": 0,
                "total": 1
              }
            },
            {
              "batter": "Mohammad Nabi",
              "bowler": "J Little",
              "non_striker": "Gulbadin Naib",
              "runs": {
                "batter": 0,
                "extras": 0,
                "total": 0
              }
            },
            {
              "batter": "Mohammad Nabi",
              "bowler": "J Little",
              "non_striker": "Gulbadin Naib",
              "runs": {
                "batter": 2,
                "extras": 0,
                "total": 2
              }
            },
            {
              "batter": "Mohammad Nabi",
              "bowler": "J Little",
              "non_striker": "Gulbadin Naib",
              "runs": {
                "batter": 1,
                "extras": 0,
                "total": 1
              }
            },
            {
              "batter": "Gulbadin Naib",
              "bowler": "J Little",
              "non_striker": "Mohammad Nabi",
              "runs": {
                "batter": 0,
                "extras": 0,
                "total": 0
              }
            }
          ]
        },
        {
          "over": 15,
          "deliveries": [
            {
              "batter": "Mohammad Nabi",
              "bowler": "AR McBrine",
              "non_striker": "Gulbadin Naib",
              "runs": {
                "batter": 0,
                "extras": 0,
                "total": 0
              }
            },
            {
              "batter": "Mohammad Nabi",
              "bowler": "AR McBrine",
              "non_striker": "Gulbadin Naib",
              "runs": {
                "batter": 1,
                "extras": 0,
                "total": 1
              }
            },
            {
              "batter": "Gulbadin Naib",
              "bowler": "AR McBrine",
              "non_striker": "Mohammad Nabi",
              "runs": {
                "batter": 0,
                "extras": 0,
                "total": 0
              }
            },
            {
              "batter": "Gulbadin Naib",
              "bowler": "AR McBrine",
              "non_striker": "Mohammad Nabi",
              "runs": {
                "batter": 0,
                "extras": 0,
                "total": 0
              },
              "wickets": [
                {
                  "kind": "bowled",
                  "player_out": "Gulbadin Naib"
                }
              ]
            },
            {
              "batter": "Najibullah Zadran",
              "bowler": "AR McBrine",
              "non_striker": "Mohammad Nabi",
              "runs": {
                "batter": 0,
                "extras": 0,
                "total": 0
              }
            },
            {
              "batter": "Najibullah Zadran",
              "bowler": "AR McBrine",
              "non_striker": "Mohammad Nabi",
              "runs": {
                "batter": 1,
                "extras": 0,
                "total": 1
              }
            }
          ]
        },
        {
          "over": 16,
          "deliveries": [
            {
              "batter": "Najibullah Zadran",
              "bowler": "J Mulder",
              "non_striker": "Mohammad Nabi",
              "runs": {
                "batter": 0,
                "extras": 0,
                "total": 0
              }
            },
            {
              "batter": "Najibullah Zadran",
              "bowler": "J Mulder",
              "non_striker": "Mohammad Nabi",
              "runs": {
                "batter": 0,
                "extras": 0,
                "total": 0
              }
            },
            {
              "batter": "Najibullah Zadran",
              "bowler": "J Mulder",
              "non_striker": "Mohammad Nabi",
              "runs": {
                "batter": 2,
                "extras": 0,
                "total": 2
              }
            },
            {
              "batter": "Najibullah Zadran",
              "bowler": "J Mulder",
              "non_striker": "Mohammad Nabi",
              "runs": {
                "batter": 1,
                "extras": 0,
                "total": 1
              }
            },
            {
              "batter": "Mohammad Nabi",
              "bowler": "J Mulder",
              "non_striker": "Najibullah Zadran",
              "runs": {
                "batter": 6,
                "extras": 0,
                "total": 6
              }
            },
            {
              "batter": "Mohammad Nabi",
              "bowler": "J Mulder",
              "non_striker": "Najibullah Zadran",
              "runs": {
                "batter": 1,
                "extras": 0,
                "total": 1
              }
            }
          ]
        },
        {
          "over": 17,
          "deliveries": [
            {
              "batter": "Mohammad Nabi",
              "bowler": "WB Rankin",
              "non_striker": "Najibullah Zadran",
              "runs": {
                "batter": 1,
                "extras": 0,
                "total": 1
              }
            },
            {
              "batter": "Najibullah Zadran",
              "bowler": "WB Rankin",
              "non_striker": "Mohammad Nabi",
              "runs": {
                "batter": 0,
                "extras": 0,
                "total": 0
              }
            },
            {
              "batter": "Najibullah Zadran",
              "bowler": "WB Rankin",
              "non_striker": "Mohammad Nabi",
              "runs": {
                "batter": 1,
                "extras": 0,
                "total": 1
              }
            },
            {
              "batter": "Mohammad Nabi",
              "bowler": "WB Rankin",
              "non_striker": "Najibullah Zadran",
              "runs": {
                "batter": 1,
                "extras": 0,
                "total": 1
              }
            },
            {
              "batter": "Najibullah Zadran",
              "bowler": "WB Rankin",
              "non_striker": "Mohammad Nabi",
              "runs": {
                "batter": 1,
                "extras": 0,
                "total": 1
              }
            },
            {
              "batter": "Mohammad Nabi",
              "bowler": "WB Rankin",
              "non_striker": "Najibullah Zadran",
              "runs": {
                "batter": 6,
                "extras": 0,
                "total": 6
              }
            }
          ]
        },
        {
          "over": 18,
          "deliveries": [
            {
              "batter": "Najibullah Zadran",
              "bowler": "J Little",
              "non_striker": "Mohammad Nabi",
              "runs": {
                "batter": 4,
                "extras": 0,
                "total": 4
              }
            },
            {
              "batter": "Najibullah Zadran",
              "bowler": "J Little",
              "non_striker": "Mohammad Nabi",
              "runs": {
                "batter": 1,
                "extras": 0,
                "total": 1
              }
            },
            {
              "batter": "Mohammad Nabi",
              "bowler": "J Little",
              "non_striker": "Najibullah Zadran",
              "runs": {
                "batter": 0,
                "extras": 0,
                "total": 0
              }
            },
            {
              "batter": "Mohammad Nabi",
              "bowler": "J Little",
              "non_striker": "Najibullah Zadran",
              "runs": {
                "batter": 1,
                "extras": 0,
                "total": 1
              }
            }
          ]
        }
      ],
      "powerplays": [
        {
          "from": 0.1,
          "to": 5.6,
          "type": "mandatory"
        }
      ],
      "target": {
        "overs": 20,
        "runs": 126
      }
    }
  ]
}