{
  "meta": {
    "data_version": "1.0.0",
    "created": "2020-07-06",
    "revision": 1
  },
  "info": {
    "balls_per_over": 6,
    "dates": [
      "2018-02-05"
    ],
    "event": {
      "name": "Afghanistan tour of United Arab Emirates",
      "match_number": 1
    },
    "gender": "male",
    "match_type": "T20",
    "match_type_number": 643,
    "missing": [
      "reviews"
    ],
    "officials": {
      "match_referees": [
        "RB Richardson"
      ],
      "reserve_umpires": [
        "Izatullah Safi"
      ],
      "tv_umpires": [
        "Ahmed Shah Pakteen"
      ],
      "umpires": [
        "Bismillah Shinwari",
        "Ahmed Shah Durrani"
      ]
    },
    "outcome": {
      "winner": "Afghanistan",
      "by": {
        "wickets": 5
      }
    },
    "overs": 20,
    "player_of_match": [
      "Mohammad Nabi"
    ],
    "players": {
      "Zimbabwe": [
        "H Masakadza",
        "SF Mire",
        "BRM Taylor",
        "Sikandar Raza",
        "RP Burl",
        "PJ Moor",
        "AG Cremer",
        "MN Waller",
        "KM Jarvis",
        "TL Chatara",
        "B Muzarabani"
      ],
      "Afghanistan": [
        "Mohammad Shahzad",
        "Karim Sadiq",
        "Asghar Stanikzai",
        "Mohammad Nabi",
        "Sharafuddin Ashraf",
        "Najibullah Zadran",
        "Shafiqullah",
        "Aftab Alam",
        "Mujeeb Ur Rahman",
        "Rashid Khan",
        "Gulbadin Naib"
      ]
    },
    "registry": {
      "people": {
        "AG Cremer": "9f0270e0",
        "Aftab Alam": "2a3a3786",
        "Ahmed Shah Durrani": "af23265a",
        "Ahmed Shah Pakteen": "43602937",
        "Asghar Stanikzai": "88679525",
        "B Muzarabani": "449f4e3c",
        "BRM Taylor": "53597be1",
        "Bismillah Shinwari": "cae815a0",
        "Gulbadin Naib": "9f77963a",
        "H Masakadza": "31fbf891",
        "Izatullah Safi": "0429e73e",
        "KM Jarvis": "59792462",
        "Karim Sadiq": "13e5908b",
        "MN Waller": "ec4dada1",
        "Mohammad Nabi": "62af8546",
        "Mohammad Shahzad": "d6dcb0c9",
        "Mujeeb Ur Rahman": "7d92277a",
        "Najibullah Zadran": "1212cbec",
        "PJ Moor": "a1d3540a",
        "RB Richardson": "410e2f12",
        "RP Burl": "b08252b8",
        "Rashid Khan": "5f547c8b",
        "SF Mire": "3300d23c",
        "Shafiqullah": "ba4d600a",
        "Sharafuddin Ashraf": "7e678d00",
        "Sikandar Raza": "26d041c4",
        "TL Chatara": "5bbabe59"
      }
    },
    "season": "2017/18",
    "team_type": "international",
    "teams": [
      "Zimbabwe",
      "Afghanistan"
    ],
    "toss": {
      "decision": "field",
      "winner": "Afghanistan"
    },
    "venue": "Sharjah Cricket Stadium"
  },
  "innings": [
    {
      "team": "Zimbabwe",
      "overs": [
        {
          "over": 0,
          "deliveries": [
            {
              "batter": "H Masakadza",
              "bowler": "Mujeeb Ur Rahman",
              "extras": {
                "legbyes": 1
              },
              "non_striker": "SF Mire",
              "runs": {
                "batter": 0,
                "extras": 1,
                "total": 1
              }
            },
            {
              "batter": "SF Mire",
              "bowler": "Mujeeb Ur Rahman",
              "non_striker": "H Masakadza",
              "runs": {
                "batter": 0,
                "extras": 0,
                "total": 0
              }
            },
            {
              "batter": "SF Mire",
              "bowler": "Mujeeb Ur Rahman",
              "non_striker": "H Masakadza",
              "runs": {
                "batter": 0,
                "extras": 0,
                "total": 0
              }
            },
            {
              "batter": "SF Mire",
              "bowler": "Mujeeb Ur Rahman",
              "non_striker": "H Masakadza",
              "runs": {
                "batter": 0,
                "extras": 0,
                "total": 0
              }
            },
            {
              "batter": "SF Mire",
              "bowler": "Mujeeb Ur Rahman",
              "non_striker": "H Masakadza",
              "runs": {
                "batter": 4,
                "extras": 0,
                "total": 4
              }
            },
            {
              "batter": "SF Mire",
              "bowler": "Mujeeb Ur Rahman",
              "extras": {
                "wides": 1
              },
              "non_striker": "H Masakadza",
              "runs": {
                "batter": 0,
                "extras": 1,
                "total": 1
              }
            },
            {
              "batter": "SF Mire",
              "bowler": "Mujeeb Ur Rahman",
              "non_striker": "H Masakadza",
              "runs": {
                "batter": 0,
                "extras": 0,
                "total": 0
              }
            }
          ]
        },
        {
          "over": 1,
          "deliveries": [
            {
              "batter": "H Masakadza",
              "bowler": "Sharafuddin Ashraf",
              "non_striker": "SF Mire",
              "runs": {
                "batter": 4,
                "extras": 0,
                "total": 4
              }
            },
            {
              "batter": "H Masakadza",
              "bowler": "Sharafuddin Ashraf",
              "non_striker": "SF Mire",
              "runs": {
                "batter": 0,
                "extras": 0,
                "total": 0
              }
            },
            {
              "batter": "H Masakadza",
              "bowler": "Sharafuddin Ashraf",
              "non_striker": "SF Mire",
              "runs": {
                "batter": 0,
                "extras": 0,
                "total": 0
              }
            },
            {
              "batter": "H Masakadza",
              "bowler": "Sharafuddin Ashraf",
              "non_striker": "SF Mire",
              "runs": {
                "batter": 1,
                "extras": 0,
                "total": 1
              }
            },
            {
              "batter": "SF Mire",
              "bowler": "Sharafuddin Ashraf",
              "non_striker": "H Masakadza",
              "runs": {
                "batter": 0,
                "extras": 0,
                "total": 0
              }
            },
            {
              "batter": "SF Mire",
              "bowler": "Sharafuddin Ashraf",
              "non_striker": "H Masakadza",
              "runs": {
                "batter": 0,
                "extras": 0,
                "total": 0
              }
            }
          ]
        },
        {
          "over": 2,
          "deliveries": [
            {
              "batter": "H Masakadza",
              "bowler": "Mujeeb Ur Rahman",
              "non_striker": "SF Mire",
              "runs": {
                "batter": 0,
                "extras": 0,
                "total": 0
              }
            },
            {
              "batter": "H Masakadza",
              "bowler": "Mujeeb Ur Rahman",
              "non_striker": "SF Mire",
              "runs": {
                "batter": 0,
                "extras": 0,
                "total": 0
              }
            },
            {
              "batter": "H Masakadza",
              "bowler": "Mujeeb Ur Rahman",
              "non_striker": "SF Mire",
              "runs": {
                "batter": 1,
                "extras": 0,
                "total": 1
              }
            },
            {
              "batter": "SF Mire",
              "bowler": "Mujeeb Ur Rahman",
              "non_striker": "H Masakadza",
              "runs": {
                "batter": 4,
                "extras": 0,
                "total": 4
              }
            },
            {
              "batter": "SF Mire",
              "bowler": "Mujeeb Ur Rahman",
              "non_striker": "H Masakadza",
              "runs": {
                "batter": 0,
                "extras": 0,
                "total": 0
              }
            },
            {
              "batter": "SF Mire",
              "bowler": "Mujeeb Ur Rahman",
              "non_striker": "H Masakadza",
              "runs": {
                "batter": 4,
                "extras": 0,
                "total": 4
              }
            }
          ]
        },
        {
          "over": 3,
          "deliveries": [
            {
              "batter": "H Masakadza",
              "bowler": "Sharafuddin Ashraf",
              "non_striker": "SF Mire",
              "runs": {
                "batter": 6,
                "extras": 0,
                "total": 6
              }
            },
            {
              "batter": "H Masakadza",
              "bowler": "Sharafuddin Ashraf",
              "non_striker": "SF Mire",
              "runs": {
                "batter": 1,
                "extras": 0,
                "total": 1
              }
            },
            {
              "batter": "SF Mire",
              "bowler": "Sharafuddin Ashraf",
              "non_striker": "H Masakadza",
              "runs": {
                "batter": 4,
                "extras": 0,
                "total": 4
              }
            },
            {
              "batter": "SF Mire",
              "bowler": "Sharafuddin Ashraf",
              "non_striker": "H Masakadza",
              "runs": {
                "batter": 6,
                "extras": 0,
                "total": 6
              }
            },
            {
              "batter": "SF Mire",
              "bowler": "Sharafuddin Ashraf",
              "non_striker": "H Masakadza",
              "runs": {
                "batter": 0,
                "extras": 0,
                "total": 0
              }
            },
            {
              "batter": "SF Mire",
              "bowler": "Sharafuddin Ashraf",
              "non_striker": "H Masakadza",
              "runs": {
                "batter": 6,
                "extras": 0,
                "total": 6
              }
            }
          ]
        },
        {
          "over": 4,
          "deliveries": [
            {
              "batter": "H Masakadza",
              "bowler": "Mujeeb Ur Rahman",
              "non_striker": "SF Mire",
              "runs": {
                "batter": 1,
                "extras": 0,
                "total": 1
              }
            },
            {
              "batter": "SF Mire",
              "bowler": "Mujeeb Ur Rahman",
              "extras": {
                "wides": 1
              },
              "non_striker": "H Masakadza",
              "runs": {
                "batter": 0,
                "extras": 1,
                "total": 1
              }
            },
            {
              "batter": "SF Mire",
              "bowler": "Mujeeb Ur Rahman",
              "non_striker": "H Masakadza",
              "runs": {
                "batter": 1,
                "extras": 0,
                "total": 1
              }
            },
            {
              "batter": "H Masakadza",
              "bowler": "Mujeeb Ur Rahman",
              "non_striker": "SF Mire",
              "runs": {
                "batter": 0,
                "extras": 0,
                "total": 0
              }
            },
            {
              "batter": "H Masakadza",
              "bowler": "Mujeeb Ur Rahman",
              "non_striker": "SF Mire",
              "runs": {
                "batter": 0,
                "extras": 0,
                "total": 0
              }
            },
            {
              "batter": "H Masakadza",
              "bowler": "Mujeeb Ur Rahman",
              "extras": {
                "legbyes": 1
              },
              "non_striker": "SF Mire",
              "runs": {
                "batter": 0,
                "extras": 1,
                "total": 1
              }
            },
            {
              "batter": "SF Mire",
              "bowler": "Mujeeb Ur Rahman",
              "non_striker": "H Masakadza",
              "runs": {
                "batter": 1,
                "extras": 0,
                "total": 1
              }
            }
          ]
        },
        {
          "over": 5,
          "deliveries": [
            {
              "batter": "SF Mire",
              "bowler": "Aftab Alam",
              "non_striker": "H Masakadza",
              "runs": {
                "batter": 0,
                "extras": 0,
                "total": 0
              }
            },
            {
              "batter": "SF Mire",
              "bowler": "Aftab Alam",
              "non_striker": "H Masakadza",
              "runs": {
                "batter": 0,
                "extras": 0,
                "total": 0
              }
            },
            {
              "batter": "SF Mire",
              "bowler": "Aftab Alam",
              "non_striker": "H Masakadza",
              "runs": {
                "batter": 0,
                "extras": 0,
                "total": 0
              }
            },
            {
              "batter": "SF Mire",
              "bowler": "Aftab Alam",
              "non_striker": "H Masakadza",
              "runs": {
                "batter": 4,
                "extras": 0,
                "total": 4
              }
            },
            {
              "batter": "SF Mire",
              "bowler": "Aftab Alam",
              "non_striker": "H Masakadza",
              "runs": {
                "batter": 0,
                "extras": 0,
                "total": 0
              },
              "wickets": [
                {
                  "player_out": "SF Mire",
                  "fielders": [
                    {
                      "name": "Mohammad Nabi"
                    }
                  ],
                  "kind": "caught"
                }
              ]
            },
            {
              "batter": "BRM Taylor",
              "bowler": "Aftab Alam",
              "non_striker": "H Masakadza",
              "runs": {
                "batter": 0,
                "extras": 0,
                "total": 0
              }
            }
          ]
        },
        {
          "over": 6,
          "deliveries": [
            {
              "batter": "H Masakadza",
              "bowler": "Mujeeb Ur Rahman",
              "non_striker": "BRM Taylor",
              "runs": {
                "batter": 1,
                "extras": 0,
                "total": 1
              }
            },
            {
              "batter": "BRM Taylor",
              "bowler": "Mujeeb Ur Rahman",
              "non_striker": "H Masakadza",
              "runs": {
                "batter": 0,
                "extras": 0,
                "total": 0
              }
            },
            {
              "batter": "BRM Taylor",
              "bowler": "Mujeeb Ur Rahman",
              "non_striker": "H Masakadza",
              "runs": {
                "batter": 0,
                "extras": 0,
                "total": 0
              }
            },
            {
              "batter": "BRM Taylor",
              "bowler": "Mujeeb Ur Rahman",
              "non_striker": "H Masakadza",
              "runs": {
                "batter": 0,
                "extras": 0,
                "total": 0
              }
            },
            {
              "batter": "BRM Taylor",
              "bowler": "Mujeeb Ur Rahman",
              "non_striker": "H Masakadza",
              "runs": {
                "batter": 0,
                "extras": 0,
                "total": 0
              }
            },
            {
              "batter": "BRM Taylor",
              "bowler": "Mujeeb Ur Rahman",
              "extras": {
                "wides": 5
              },
              "non_striker": "H Masakadza",
              "runs": {
                "batter": 0,
                "extras": 5,
                "total": 5
              }
            },
            {
              "batter": "BRM Taylor",
              "bowler": "Mujeeb Ur Rahman",
              "non_striker": "H Masakadza",
              "runs": {
                "batter": 1,
                "extras": 0,
                "total": 1
              }
            }
          ]
        },
        {
          "over": 7,
          "deliveries": [
            {
              "batter": "BRM Taylor",
              "bowler": "Aftab Alam",
              "non_striker": "H Masakadza",
              "runs": {
                "batter": 1,
                "extras": 0,
                "total": 1
              }
            },
            {
              "batter": "H Masakadza",
              "bowler": "Aftab Alam",
              "non_striker": "BRM Taylor",
              "runs": {
                "batter": 1,
                "extras": 0,
                "total": 1
              }
            },
            {
              "batter": "BRM Taylor",
              "bowler": "Aftab Alam",
              "non_striker": "H Masakadza",
              "runs": {
                "batter": 1,
                "extras": 0,
                "total": 1
              }
            },
            {
              "batter": "H Masakadza",
              "bowler": "Aftab Alam",
              "non_striker": "BRM Taylor",
              "runs": {
                "batter": 0,
                "extras": 0,
                "total": 0
              }
            },
            {
              "batter": "H Masakadza",
              "bowler": "Aftab Alam",
              "non_striker": "BRM Taylor",
              "runs": {
                "batter": 0,
                "extras": 0,
                "total": 0
              }
            },
            {
              "batter": "H Masakadza",
              "bowler": "Aftab Alam",
              "non_striker": "BRM Taylor",
              "runs": {
                "batter": 1,
                "extras": 0,
                "total": 1
              }
            }
          ]
        },
        {
          "over": 8,
          "deliveries": [
            {
              "batter": "H Masakadza",
              "bowler": "Gulbadin Naib",
              "non_striker": "BRM Taylor",
              "runs": {
                "batter": 1,
                "extras": 0,
                "total": 1
              }
            },
            {
              "batter": "BRM Taylor",
              "bowler": "Gulbadin Naib",
              "non_striker": "H Masakadza",
              "runs": {
                "batter": 0,
                "extras": 0,
                "total": 0
              }
            },
            {
              "batter": "BRM Taylor",
              "bowler": "Gulbadin Naib",
              "extras": {
                "legbyes": 1
              },
              "non_striker": "H Masakadza",
              "runs": {
                "batter": 0,
                "extras": 1,
                "total": 1
              }
            },
            {
              "batter": "H Masakadza",
              "bowler": "Gulbadin Naib",
              "non_striker": "BRM Taylor",
              "runs": {
                "batter": 0,
                "extras": 0,
                "total": 0
              }
            },
            {
              "batter": "H Masakadza",
              "bowler": "Gulbadin Naib",
              "non_striker": "BRM Taylor",
              "runs": {
                "batter": 0,
                "extras": 0,
                "total": 0
              }
            },
            {
              "batter": "H Masakadza",
              "bowler": "Gulbadin Naib",
              "non_striker": "BRM Taylor",
              "runs": {
                "batter": 0,
                "extras": 0,
                "total": 0
              },
              "wickets": [
                {
                  "player_out": "H Masakadza",
                  "kind": "bowled"
                }
              ]
            }
          ]
        },
        {
          "over": 9,
          "deliveries": [
            {
              "batter": "BRM Taylor",
              "bowler": "Sharafuddin Ashraf",
              "non_striker": "Sikandar Raza",
              "runs": {
                "batter": 0,
                "extras": 0,
                "total": 0
              },
              "wickets": [
                {
                  "player_out": "BRM Taylor",
                  "kind": "run out"
                }
              ]
            },
            {
              "batter": "RP Burl",
              "bowler": "Sharafuddin Ashraf",
              "non_striker": "Sikandar Raza",
              "runs": {
                "batter": 1,
                "extras": 0,
                "total": 1
              }
            },
            {
              "batter": "Sikandar Raza",
              "bowler": "Sharafuddin Ashraf",
              "non_striker": "RP Burl",
              "runs": {
                "batter": 1,
                "extras": 0,
                "total": 1
              }
            },
            {
              "batter": "RP Burl",
              "bowler": "Sharafuddin Ashraf",
              "non_striker": "Sikandar Raza",
              "runs": {
                "batter": 0,
                "extras": 0,
                "total": 0
              }
            },
            {
              "batter": "RP Burl",
              "bowler": "Sharafuddin Ashraf",
              "non_striker": "Sikandar Raza",
              "runs": {
                "batter": 1,
                "extras": 0,
                "total": 1
              }
            },
            {
              "batter": "Sikandar Raza",
              "bowler": "Sharafuddin Ashraf",
              "non_striker": "RP Burl",
              "runs": {
                "batter": 0,
                "extras": 0,
                "total": 0
              },
              "wickets": [
                {
                  "player_out": "Sikandar Raza",
                  "fielders": [
                    {
                      "name": "Najibullah Zadran"
                    }
                  ],
                  "kind": "caught"
                }
              ]
            }
          ]
        },
        {
          "over": 10,
          "deliveries": [
            {
              "batter": "RP Burl",
              "bowler": "Gulbadin Naib",
              "non_striker": "PJ Moor",
              "runs": {
                "batter": 0,
                "extras": 0,
                "total": 0
              }
            },
            {
              "batter": "RP Burl",
              "bowler": "Gulbadin Naib",
              "non_striker": "PJ Moor",
              "runs": {
                "batter": 0,
                "extras": 0,
                "total": 0
              }
            },
            {
              "batter": "RP Burl",
              "bowler": "Gulbadin Naib",
              "non_striker": "PJ Moor",
              "runs": {
                "batter": 0,
                "extras": 0,
                "total": 0
              }
            },
            {
              "batter": "RP Burl",
              "bowler": "Gulbadin Naib",
              "non_striker": "PJ Moor",
              "runs": {
                "batter": 0,
                "extras": 0,
                "total": 0
              }
            },
            {
              "batter": "RP Burl",
              "bowler": "Gulbadin Naib",
              "non_striker": "PJ Moor",
              "runs": {
                "batter": 2,
                "extras": 0,
                "total": 2
              }
            },
            {
              "batter": "RP Burl",
              "bowler": "Gulbadin Naib",
              "non_striker": "PJ Moor",
              "runs": {
                "batter": 1,
                "extras": 0,
                "total": 1
              }
            }
          ]
        },
        {
          "over": 11,
          "deliveries": [
            {
              "batter": "RP Burl",
              "bowler": "Rashid Khan",
              "extras": {
                "wides": 1
              },
              "non_striker": "PJ Moor",
              "runs": {
                "batter": 0,
                "extras": 1,
                "total": 1
              }
            },
            {
              "batter": "RP Burl",
              "bowler": "Rashid Khan",
              "non_striker": "PJ Moor",
              "runs": {
                "batter": 1,
                "extras": 0,
                "total": 1
              }
            },
            {
              "batter": "PJ Moor",
              "bowler": "Rashid Khan",
              "non_striker": "RP Burl",
              "runs": {
                "batter": 0,
                "extras": 0,
                "total": 0
              }
            },
            {
              "batter": "PJ Moor",
              "bowler": "Rashid Khan",
              "non_striker": "RP Burl",
              "runs": {
                "batter": 0,
                "extras": 0,
                "total": 0
              }
            },
            {
              "batter": "PJ Moor",
              "bowler": "Rashid Khan",
              "non_striker": "RP Burl",
              "runs": {
                "batter": 1,
                "extras": 0,
                "total": 1
              }
            },
            {
              "batter": "RP Burl",
              "bowler": "Rashid Khan",
              "non_striker": "PJ Moor",
              "runs": {
                "batter": 1,
                "extras": 0,
                "total": 1
              }
            },
            {
              "batter": "PJ Moor",
              "bowler": "Rashid Khan",
              "non_striker": "RP Burl",
              "runs": {
                "batter": 1,
                "extras": 0,
                "total": 1
              }
            }
          ]
        },
        {
          "over": 12,
          "deliveries": [
            {
              "batter": "PJ Moor",
              "bowler": "Mohammad Nabi",
              "non_striker": "RP Burl",
              "runs": {
                "batter": 0,
                "extras": 0,
                "total": 0
              }
            },
            {
              "batter": "PJ Moor",
              "bowler": "Mohammad Nabi",
              "non_striker": "RP Burl",
              "runs": {
                "batter": 0,
                "extras": 0,
                "total": 0
              },
              "wickets": [
                {
                  "player_out": "PJ Moor",
                  "fielders": [
                    {
                      "name": "Karim Sadiq"
                    }
                  ],
                  "kind": "caught"
                }
              ]
            },
            {
              "batter": "RP Burl",
              "bowler": "Mohammad Nabi",
              "non_striker": "AG Cremer",
              "runs": {
                "batter": 1,
                "extras": 0,
                "total": 1
              }
            },
            {
              "batter": "AG Cremer",
              "bowler": "Mohammad Nabi",
              "non_striker": "RP Burl",
              "runs": {
                "batter": 0,
                "extras": 0,
                "total": 0
              }
            },
            {
              "batter": "AG Cremer",
              "bowler": "Mohammad Nabi",
              "non_striker": "RP Burl",
              "runs": {
                "batter": 1,
                "extras": 0,
                "total": 1
              }
            },
            {
              "batter": "RP Burl",
              "bowler": "Mohammad Nabi",
              "non_striker": "AG Cremer",
              "runs": {
                "batter": 0,
                "extras": 0,
                "total": 0
              }
            }
          ]
        },
        {
          "over": 13,
          "deliveries": [
            {
              "batter": "AG Cremer",
              "bowler": "Rashid Khan",
              "non_striker": "RP Burl",
              "runs": {
                "batter": 0,
                "extras": 0,
                "total": 0
              }
            },
            {
              "batter": "AG Cremer",
              "bowler": "Rashid Khan",
              "non_striker": "RP Burl",
              "runs": {
                "batter": 0,
                "extras": 0,
                "total": 0
              }
            },
            {
              "batter": "AG Cremer",
              "bowler": "Rashid Khan",
              "non_striker": "RP Burl",
              "runs": {
                "batter": 1,
                "extras": 0,
                "total": 1
              }
            },
            {
              "batter": "RP Burl",
              "bowler": "Rashid Khan",
              "non_striker": "AG Cremer",
              "runs": {
                "batter": 0,
                "extras": 0,
                "total": 0
              },
              "wickets": [
                {
                  "player_out": "RP Burl",
                  "kind": "lbw"
                }
              ]
            },
            {
              "batter": "MN Waller",
              "bowler": "Rashid Khan",
              "non_striker": "AG Cremer",
              "runs": {
                "batter": 1,
                "extras": 0,
                "total": 1
              }
            },
            {
              "batter": "AG Cremer",
              "bowler": "Rashid Khan",
              "non_striker": "MN Waller",
              "runs": {
                "batter": 1,
                "extras": 0,
                "total": 1
              }
            }
          ]
        },
        {
          "over": 14,
          "deliveries": [
            {
              "batter": "AG Cremer",
              "bowler": "Sharafuddin Ashraf",
              "non_striker": "MN Waller",
              "runs": {
                "batter": 0,
                "extras": 0,
                "total": 0
              }
            },
            {
              "batter": "AG Cremer",
              "bowler": "Sharafuddin Ashraf",
              "non_striker": "MN Waller",
              "runs": {
                "batter": 0,
                "extras": 0,
                "total": 0
              }
            },
            {
              "batter": "AG Cremer",
              "bowler": "Sharafuddin Ashraf",
              "non_striker": "MN Waller",
              "runs": {
                "batter": 0,
                "extras": 0,
                "total": 0
              },
              "wickets": [
                {
                  "player_out": "AG Cremer",
                  "kind": "caught and bowled"
                }
              ]
            },
            {
              "batter": "KM Jarvis",
              "bowler": "Sharafuddin Ashraf",
              "non_striker": "MN Waller",
              "runs": {
                "batter": 0,
                "extras": 0,
                "total": 0
              }
            },
            {
              "batter": "KM Jarvis",
              "bowler": "Sharafuddin Ashraf",
              "non_striker": "MN Waller",
              "runs": {
                "batter": 0,
                "extras": 0,
                "total": 0
              }
            },
            {
              "batter": "KM Jarvis",
              "bowler": "Sharafuddin Ashraf",
              "non_striker": "MN Waller",
              "runs": {
                "batter": 0,
                "extras": 0,
                "total": 0
              }
            }
          ]
        },
        {
          "over": 15,
          "deliveries": [
            {
              "batter": "MN Waller",
              "bowler": "Gulbadin Naib",
              "non_striker": "KM Jarvis",
              "runs": {
                "batter": 2,
                "extras": 0,
                "total": 2
              }
            },
            {
              "batter": "MN Waller",
              "bowler": "Gulbadin Naib",
              "non_striker": "KM Jarvis",
              "runs": {
                "batter": 1,
                "extras": 0,
                "total": 1
              }
            },
            {
              "batter": "KM Jarvis",
              "bowler": "Gulbadin Naib",
              "non_striker": "MN Waller",
              "runs": {
                "batter": 0,
                "extras": 0,
                "total": 0
              }
            },
            {
              "batter": "KM Jarvis",
              "bowler": "Gulbadin Naib",
              "non_striker": "MN Waller",
              "runs": {
                "batter": 0,
                "extras": 0,
                "total": 0
              }
            },
            {
              "batter": "KM Jarvis",
              "bowler": "Gulbadin Naib",
              "non_striker": "MN Waller",
              "runs": {
                "batter": 0,
                "extras": 0,
                "total": 0
              }
            },
            {
              "batter": "KM Jarvis",
              "bowler": "Gulbadin Naib",
              "non_striker": "MN Waller",
              "runs": {
                "batter": 1,
                "extras": 0,
                "total": 1
              }
            }
          ]
        },
        {
          "over": 16,
          "deliveries": [
            {
              "batter": "KM Jarvis",
              "bowler": "Rashid Khan",
              "non_striker": "MN Waller",
              "runs": {
                "batter": 0,
                "extras": 0,
                "total": 0
              },
              "wickets": [
                {
                  "player_out": "KM Jarvis",
                  "kind": "lbw"
                }
              ]
            },
            {
              "batter": "TL Chatara",
              "bowler": "Rashid Khan",
              "non_striker": "MN Waller",
              "runs": {
                "batter": 0,
                "extras": 0,
                "total": 0
              }
            },
            {
              "batter": "TL Chatara",
              "bowler": "Rashid Khan",
              "non_striker": "MN Waller",
              "runs": {
                "batter": 0,
                "extras": 0,
                "total": 0
              }
            },
            {
              "batter": "TL Chatara",
              "bowler": "Rashid Khan",
              "non_striker": "MN Waller",
              "runs": {
                "batter": 1,
                "extras": 0,
                "total": 1
              }
            },
            {
              "batter": "MN Waller",
              "bowler": "Rashid Khan",
              "extras": {
                "wides": 1
              },
              "non_striker": "TL Chatara",
              "runs": {
                "batter": 0,
                "extras": 1,
                "total": 1
              }
            },
            {
              "batter": "MN Waller",
              "bowler": "Rashid Khan",
              "non_striker": "TL Chatara",
              "runs": {
                "batter": 0,
                "extras": 0,
                "total": 0
              }
            },
            {
              "batter": "MN Waller",
              "bowler": "Rashid Khan",
              "non_striker": "TL Chatara",
              "runs": {
                "batter": 1,
                "extras": 0,
                "total": 1
              }
            }
          ]
        },
        {
          "over": 17,
          "deliveries": [
            {
              "batter": "MN Waller",
              "bowler": "Aftab Alam",
              "non_striker": "TL Chatara",
              "runs": {
                "batter": 4,
                "extras": 0,
                "total": 4
              }
            },
            {
              "batter": "MN Waller",
              "bowler": "Aftab Alam",
              "non_striker": "TL Chatara",
              "runs": {
                "batter": 0,
                "extras": 0,
                "total": 0
              }
            },
            {
              "batter": "MN Waller",
              "bowler": "Aftab Alam",
              "non_striker": "TL Chatara",
              "runs": {
                "batter": 1,
                "extras": 0,
                "total": 1
              }
            },
            {
              "batter": "TL Chatara",
              "bowler": "Aftab Alam",
              "non_striker": "MN Waller",
              "runs": {
                "batter": 1,
                "extras": 0,
                "total": 1
              }
            },
            {
              "batter": "MN Waller",
              "bowler": "Aftab Alam",
              "extras": {
                "legbyes": 1
              },
              "non_striker": "TL Chatara",
              "runs": {
                "batter": 0,
                "extras": 1,
                "total": 1
              }
            },
            {
              "batter": "TL Chatara",
              "bowler": "Aftab Alam",
              "non_striker": "MN Waller",
              "runs": {
                "batter": 0,
                "extras": 0,
                "total": 0
              }
            }
          ]
        },
        {
          "over": 18,
          "deliveries": [
            {
              "batter": "MN Waller",
              "bowler": "Rashid Khan",
              "extras": {
                "wides": 2
              },
              "non_striker": "TL Chatara",
              "runs": {
                "batter": 0,
                "extras": 2,
                "total": 2
              }
            },
            {
              "batter": "TL Chatara",
              "bowler": "Rashid Khan",
              "non_striker": "MN Waller",
              "runs": {
                "batter": 1,
                "extras": 0,
                "total": 1
              }
            },
            {
              "batter": "MN Waller",
              "bowler": "Rashid Khan",
              "non_striker": "TL Chatara",
              "runs": {
                "batter": 1,
                "extras": 0,
                "total": 1
              }
            },
            {
              "batter": "TL Chatara",
              "bowler": "Rashid Khan",
              "non_striker": "MN Waller",
              "runs": {
                "batter": 2,
                "extras": 0,
                "total": 2
              }
            },
            {
              "batter": "TL Chatara",
              "bowler": "Rashid Khan",
              "non_striker": "MN Waller",
              "runs": {
                "batter": 0,
                "extras": 0,
                "total": 0
              }
            },
            {
              "batter": "TL Chatara",
              "bowler": "Rashid Khan",
              "non_striker": "MN Waller",
              "runs": {
                "batter": 2,
                "extras": 0,
                "total": 2
              }
            },
            {
              "batter": "TL Chatara",
              "bowler": "Rashid Khan",
              "non_striker": "MN Waller",
              "runs": {
                "batter": 0,
                "extras": 0,
                "total": 0
              },
              "wickets": [
                {
                  "player_out": "TL Chatara",
                  "kind": "bowled"
                }
              ]
            }
          ]
        },
        {
          "over": 19,
          "deliveries": [
            {
              "batter": "MN Waller",
              "bowler": "Aftab Alam",
              "non_striker": "B Muzarabani",
              "runs": {
                "batter": 4,
                "extras": 0,
                "total": 4
              }
            },
            {
              "batter": "MN Waller",
              "bowler": "Aftab Alam",
              "non_striker": "B Muzarabani",
              "runs": {
                "batter": 2,
                "extras": 0,
                "total": 2
              }
            },
            {
              "batter": "MN Waller",
              "bowler": "Aftab Alam",
              "non_striker": "B Muzarabani",
              "runs": {
                "batter": 0,
                "extras": 0,
                "total": 0
              }
            },
            {
              "batter": "MN Waller",
              "bowler": "Aftab Alam",
              "non_striker": "B Muzarabani",
              "runs": {
                "batter": 6,
                "extras": 0,
                "total": 6
              }
            },
            {
              "batter": "MN Waller",
              "bowler": "Aftab Alam",
              "non_striker": "B Muzarabani",
              "runs": {
                "batter": 4,
                "extras": 0,
                "total": 4
              }
            },
            {
              "batter": "MN Waller",
              "bowler": "Aftab Alam",
              "extras": {
                "noballs": 1
              },
              "non_striker": "B Muzarabani",
              "runs": {
                "batter": 0,
                "extras": 1,
                "total": 1
              }
            },
            {
              "batter": "B Muzarabani",
              "bowler": "Aftab Alam",
              "non_striker": "MN Waller",
              "runs": {
                "batter": 0,
                "extras": 0,
                "total": 0
              }
            }
          ]
        }
      ],
      "powerplays": [
        {
          "from": 0.1,
          "to": 5.6,
          "type": "mandatory"
        }
      ]
    },
    {
      "team": "Afghanistan",
      "overs": [
        {
          "over": 0,
          "deliveries": [
            {
              "batter": "Mohammad Shahzad",
              "bowler": "KM Jarvis",
              "non_striker": "Karim Sadiq",
              "runs": {
                "batter": 0,
                "extras": 0,
                "total": 0
              }
            },
            {
              "batter": "Mohammad Shahzad",
              "bowler": "KM Jarvis",
              "non_striker": "Karim Sadiq",
              "runs": {
                "batter": 1,
                "extras": 0,
                "total": 1
              }
            },
            {
              "batter": "Karim Sadiq",
              "bowler": "KM Jarvis",
              "non_striker": "Mohammad Shahzad",
              "runs": {
                "batter": 0,
                "extras": 0,
                "total": 0
              }
            },
            {
              "batter": "Karim Sadiq",
              "bowler": "KM Jarvis",
              "non_striker": "Mohammad Shahzad",
              "runs": {
                "batter": 0,
                "extras": 0,
                "total": 0
              }
            },
            {
              "batter": "Karim Sadiq",
              "bowler": "KM Jarvis",
              "non_striker": "Mohammad Shahzad",
              "runs": {
                "batter": 0,
                "extras": 0,
                "total": 0
              }
            },
            {
              "batter": "Karim Sadiq",
              "bowler": "KM Jarvis",
              "non_striker": "Mohammad Shahzad",
              "runs": {
                "batter": 0,
                "extras": 0,
                "total": 0
              }
            }
          ]
        },
        {
          "over": 1,
          "deliveries": [
            {
              "batter": "Mohammad Shahzad",
              "bowler": "TL Chatara",
              "non_striker": "Karim Sadiq",
              "runs": {
                "batter": 0,
                "extras": 0,
                "total": 0
              }
            },
            {
              "batter": "Mohammad Shahzad",
              "bowler": "TL Chatara",
              "non_striker": "Karim Sadiq",
              "runs": {
                "batter": 1,
                "extras": 0,
                "total": 1
              }
            },
            {
              "batter": "Karim Sadiq",
              "bowler": "TL Chatara",
              "non_striker": "Mohammad Shahzad",
              "runs": {
                "batter": 4,
                "extras": 0,
                "total": 4
              }
            },
            {
              "batter": "Karim Sadiq",
              "bowler": "TL Chatara",
              "non_striker": "Mohammad Shahzad",
              "runs": {
                "batter": 1,
                "extras": 0,
                "total": 1
              }
            },
            {
              "batter": "Mohammad Shahzad",
              "bowler": "TL Chatara",
              "non_striker": "Karim Sadiq",
              "runs": {
                "batter": 2,
                "extras": 0,
                "total": 2
              }
            },
            {
              "batter": "Mohammad Shahzad",
              "bowler": "TL Chatara",
              "non_striker": "Karim Sadiq",
              "runs": {
                "batter": 6,
                "extras": 0,
                "total": 6
              }
            }
          ]
        },
        {
          "over": 2,
          "deliveries": [
            {
              "batter": "Karim Sadiq",
              "bowler": "KM Jarvis",
              "non_striker": "Mohammad Shahzad",
              "runs": {
                "batter": 0,
                "extras": 0,
                "total": 0
              },
              "wickets": [
                {
                  "player_out": "Karim Sadiq",
                  "fielders": [
                    {
                      "name": "BRM Taylor"
                    }
                  ],
                  "kind": "caught"
                }
              ]
            },
            {
              "batter": "Asghar Stanikzai",
              "bowler": "KM Jarvis",
              "non_striker": "Mohammad Shahzad",
              "runs": {
                "batter": 0,
                "extras": 0,
                "total": 0
              }
            },
            {
              "batter": "Asghar Stanikzai",
              "bowler": "KM Jarvis",
              "non_striker": "Mohammad Shahzad",
              "runs": {
                "batter": 0,
                "extras": 0,
                "total": 0
              }
            },
            {
              "batter": "Asghar Stanikzai",
              "bowler": "KM Jarvis",
              "non_striker": "Mohammad Shahzad",
              "runs": {
                "batter": 0,
                "extras": 0,
                "total": 0
              }
            },
            {
              "batter": "Asghar Stanikzai",
              "bowler": "KM Jarvis",
              "non_striker": "Mohammad Shahzad",
              "runs": {
                "batter": 4,
                "extras": 0,
                "total": 4
              }
            },
            {
              "batter": "Asghar Stanikzai",
              "bowler": "KM Jarvis",
              "non_striker": "Mohammad Shahzad",
              "runs": {
                "batter": 0,
                "extras": 0,
                "total": 0
              }
            }
          ]
        },
        {
          "over": 3,
          "deliveries": [
            {
              "batter": "Mohammad Shahzad",
              "bowler": "B Muzarabani",
              "extras": {
                "legbyes": 1
              },
              "non_striker": "Asghar Stanikzai",
              "runs": {
                "batter": 0,
                "extras": 1,
                "total": 1
              }
            },
            {
              "batter": "Asghar Stanikzai",
              "bowler": "B Muzarabani",
              "non_striker": "Mohammad Shahzad",
              "runs": {
                "batter": 1,
                "extras": 0,
                "total": 1
              }
            },
            {
              "batter": "Mohammad Shahzad",
              "bowler": "B Muzarabani",
              "non_striker": "Asghar Stanikzai",
              "runs": {
                "batter": 4,
                "extras": 0,
                "total": 4
              }
            },
            {
              "batter": "Mohammad Shahzad",
              "bowler": "B Muzarabani",
              "non_striker": "Asghar Stanikzai",
              "runs": {
                "batter": 6,
                "extras": 0,
                "total": 6
              }
            },
            {
              "batter": "Mohammad Shahzad",
              "bowler": "B Muzarabani",
              "extras": {
                "byes": 4
              },
              "non_striker": "Asghar Stanikzai",
              "runs": {
                "batter": 0,
                "extras": 4,
                "total": 4
              }
            },
            {
              "batter": "Mohammad Shahzad",
              "bowler": "B Muzarabani",
              "non_striker": "Asghar Stanikzai",
              "runs": {
                "batter": 0,
                "extras": 0,
                "total": 0
              },
              "wickets": [
                {
                  "player_out": "Mohammad Shahzad",
                  "fielders": [
                    {
                      "name": "BRM Taylor"
                    }
                  ],
                  "kind": "caught"
                }
              ]
            }
          ]
        },
        {
          "over": 4,
          "deliveries": [
            {
              "batter": "Asghar Stanikzai",
              "bowler": "KM Jarvis",
              "non_striker": "Mohammad Nabi",
              "runs": {
                "batter": 0,
                "extras": 0,
                "total": 0
              }
            },
            {
              "batter": "Asghar Stanikzai",
              "bowler": "KM Jarvis",
              "non_striker": "Mohammad Nabi",
              "runs": {
                "batter": 1,
                "extras": 0,
                "total": 1
              }
            },
            {
              "batter": "Mohammad Nabi",
              "bowler": "KM Jarvis",
              "extras": {
                "legbyes": 1
              },
              "non_striker": "Asghar Stanikzai",
              "runs": {
                "batter": 0,
                "extras": 1,
                "total": 1
              }
            },
            {
              "batter": "Asghar Stanikzai",
              "bowler": "KM Jarvis",
              "extras": {
                "wides": 1
              },
              "non_striker": "Mohammad Nabi",
              "runs": {
                "batter": 0,
                "extras": 1,
                "total": 1
              }
            },
            {
              "batter": "Asghar Stanikzai",
              "bowler": "KM Jarvis",
              "non_striker": "Mohammad Nabi",
              "runs": {
                "batter": 0,
                "extras": 0,
                "total": 0
              }
            },
            {
              "batter": "Asghar Stanikzai",
              "bowler": "KM Jarvis",
              "non_striker": "Mohammad Nabi",
              "runs": {
                "batter": 0,
                "extras": 0,
                "total": 0
              }
            },
            {
              "batter": "Asghar Stanikzai",
              "bowler": "KM Jarvis",
              "non_striker": "Mohammad Nabi",
              "runs": {
                "batter": 4,
                "extras": 0,
                "total": 4
              }
            }
          ]
        },
        {
          "over": 5,
          "deliveries": [
            {
              "batter": "Mohammad Nabi",
              "bowler": "B Muzarabani",
              "non_striker": "Asghar Stanikzai",
              "runs": {
                "batter": 0,
                "extras": 0,
                "total": 0
              }
            },
            {
              "batter": "Mohammad Nabi",
              "bowler": "B Muzarabani",
              "non_striker": "Asghar Stanikzai",
              "runs": {
                "batter": 0,
                "extras": 0,
                "total": 0
              }
            },
            {
              "batter": "Mohammad Nabi",
              "bowler": "B Muzarabani",
              "non_striker": "Asghar Stanikzai",
              "runs": {
                "batter": 0,
                "extras": 0,
                "total": 0
              }
            },
            {
              "batter": "Mohammad Nabi",
              "bowler": "B Muzarabani",
              "non_striker": "Asghar Stanikzai",
              "runs": {
                "batter": 4,
                "extras": 0,
                "total": 4
              }
            },
            {
              "batter": "Mohammad Nabi",
              "bowler": "B Muzarabani",
              "non_striker": "Asghar Stanikzai",
              "runs": {
                "batter": 4,
                "extras": 0,
                "total": 4
              }
            },
            {
              "batter": "Mohammad Nabi",
              "bowler": "B Muzarabani",
              "non_striker": "Asghar Stanikzai",
              "runs": {
                "batter": 0,
                "extras": 0,
                "total": 0
              }
            }
          ]
        },
        {
          "over": 6,
          "deliveries": [
            {
              "batter": "Asghar Stanikzai",
              "bowler": "TL Chatara",
              "non_striker": "Mohammad Nabi",
              "runs": {
                "batter": 0,
                "extras": 0,
                "total": 0
              }
            },
            {
              "batter": "Asghar Stanikzai",
              "bowler": "TL Chatara",
              "non_striker": "Mohammad Nabi",
              "runs": {
                "batter": 1,
                "extras": 0,
                "total": 1
              }
            },
            {
              "batter": "Asghar Stanikzai",
              "bowler": "TL Chatara",
              "non_striker": "Mohammad Nabi",
              "runs": {
                "batter": 0,
                "extras": 0,
                "total": 0
              }
            },
            {
              "batter": "Asghar Stanikzai",
              "bowler": "TL Chatara",
              "non_striker": "Mohammad Nabi",
              "runs": {
                "batter": 0,
                "extras": 0,
                "total": 0
              },
              "wickets": [
                {
                  "player_out": "Asghar Stanikzai",
                  "kind": "lbw"
                }
              ]
            },
            {
              "batter": "Sharafuddin Ashraf",
              "bowler": "TL Chatara",
              "non_striker": "Mohammad Nabi",
              "runs": {
                "batter": 1,
                "extras": 0,
                "total": 1
              }
            },
            {
              "batter": "Mohammad Nabi",
              "bowler": "TL Chatara",
              "non_striker": "Sharafuddin Ashraf",
              "runs": {
                "batter": 0,
                "extras": 0,
                "total": 0
              }
            }
          ]
        },
        {
          "over": 7,
          "deliveries": [
            {
              "batter": "Sharafuddin Ashraf",
              "bowler": "AG Cremer",
              "non_striker": "Mohammad Nabi",
              "runs": {
                "batter": 2,
                "extras": 0,
                "total": 2
              }
            },
            {
              "batter": "Sharafuddin Ashraf",
              "bowler": "AG Cremer",
              "non_striker": "Mohammad Nabi",
              "runs": {
                "batter": 1,
                "extras": 0,
                "total": 1
              }
            },
            {
              "batter": "Mohammad Nabi",
              "bowler": "AG Cremer",
              "non_striker": "Sharafuddin Ashraf",
              "runs": {
                "batter": 0,
                "extras": 0,
                "total": 0
              }
            },
            {
              "batter": "Mohammad Nabi",
              "bowler": "AG Cremer",
              "non_striker": "Sharafuddin Ashraf",
              "runs": {
                "batter": 1,
                "extras": 0,
                "total": 1
              }
            },
            {
              "batter": "Sharafuddin Ashraf",
              "bowler": "AG Cremer",
              "non_striker": "Mohammad Nabi",
              "runs": {
                "batter": 0,
                "extras": 0,
                "total": 0
              }
            },
            {
              "batter": "Sharafuddin Ashraf",
              "bowler": "AG Cremer",
              "non_striker": "Mohammad Nabi",
              "runs": {
                "batter": 1,
                "extras": 0,
                "total": 1
              }
            }
          ]
        },
        {
          "over": 8,
          "deliveries": [
            {
              "batter": "Sharafuddin Ashraf",
              "bowler": "TL Chatara",
              "non_striker": "Mohammad Nabi",
              "runs": {
                "batter": 4,
                "extras": 0,
                "total": 4
              }
            },
            {
              "batter": "Sharafuddin Ashraf",
              "bowler": "TL Chatara",
              "non_striker": "Mohammad Nabi",
              "runs": {
                "batter": 0,
                "extras": 0,
                "total": 0
              }
            },
            {
              "batter": "Sharafuddin Ashraf",
              "bowler": "TL Chatara",
              "non_striker": "Mohammad Nabi",
              "runs": {
                "batter": 1,
                "extras": 0,
                "total": 1
              }
            },
            {
              "batter": "Mohammad Nabi",
              "bowler": "TL Chatara",
              "non_striker": "Sharafuddin Ashraf",
              "runs": {
                "batter": 0,
                "extras": 0,
                "total": 0
              }
            },
            {
              "batter": "Mohammad Nabi",
              "bowler": "TL Chatara",
              "non_striker": "Sharafuddin Ashraf",
              "runs": {
                "batter": 0,
                "extras": 0,
                "total": 0
              }
            },
            {
              "batter": "Mohammad Nabi",
              "bowler": "TL Chatara",
              "non_striker": "Sharafuddin Ashraf",
              "runs": {
                "batter": 2,
                "extras": 0,
                "total": 2
              }
            }
          ]
        },
        {
          "over": 9,
          "deliveries": [
            {
              "batter": "Sharafuddin Ashraf",
              "bowler": "AG Cremer",
              "non_striker": "Mohammad Nabi",
              "runs": {
                "batter": 0,
                "extras": 0,
                "total": 0
              }
            },
            {
              "batter": "Sharafuddin Ashraf",
              "bowler": "AG Cremer",
              "non_striker": "Mohammad Nabi",
              "runs": {
                "batter": 6,
                "extras": 0,
                "total": 6
              }
            },
            {
              "batter": "Sharafuddin Ashraf",
              "bowler": "AG Cremer",
              "non_striker": "Mohammad Nabi",
              "runs": {
                "batter": 0,
                "extras": 0,
                "total": 0
              }
            },
            {
              "batter": "Sharafuddin Ashraf",
              "bowler": "AG Cremer",
              "non_striker": "Mohammad Nabi",
              "runs": {
                "batter": 1,
                "extras": 0,
                "total": 1
              }
            },
            {
              "batter": "Mohammad Nabi",
              "bowler": "AG Cremer",
              "non_striker": "Sharafuddin Ashraf",
              "runs": {
                "batter": 0,
                "extras": 0,
                "total": 0
              }
            },
            {
              "batter": "Mohammad Nabi",
              "bowler": "AG Cremer",
              "non_striker": "Sharafuddin Ashraf",
              "runs": {
                "batter": 6,
                "extras": 0,
                "total": 6
              }
            }
          ]
        },
        {
          "over": 10,
          "deliveries": [
            {
              "batter": "Sharafuddin Ashraf",
              "bowler": "RP Burl",
              "extras": {
                "wides": 1
              },
              "non_striker": "Mohammad Nabi",
              "runs": {
                "batter": 0,
                "extras": 1,
                "total": 1
              }
            },
            {
              "batter": "Sharafuddin Ashraf",
              "bowler": "RP Burl",
              "non_striker": "Mohammad Nabi",
              "runs": {
                "batter": 0,
                "extras": 0,
                "total": 0
              }
            },
            {
              "batter": "Sharafuddin Ashraf",
              "bowler": "RP Burl",
              "non_striker": "Mohammad Nabi",
              "runs": {
                "batter": 1,
                "extras": 0,
                "total": 1
              }
            },
            {
              "batter": "Mohammad Nabi",
              "bowler": "RP Burl",
              "non_striker": "Sharafuddin Ashraf",
              "runs": {
                "batter": 1,
                "extras": 0,
                "total": 1
              }
            },
            {
              "batter": "Sharafuddin Ashraf",
              "bowler": "RP Burl",
              "non_striker": "Mohammad Nabi",
              "runs": {
                "batter": 0,
                "extras": 0,
                "total": 0
              },
              "wickets": [
                {
                  "player_out": "Sharafuddin Ashraf",
                  "kind": "lbw"
                }
              ]
            },
            {
              "batter": "Najibullah Zadran",
              "bowler": "RP Burl",
              "non_striker": "Mohammad Nabi",
              "runs": {
                "batter": 0,
                "extras": 0,
                "total": 0
              }
            },
            {
              "batter": "Najibullah Zadran",
              "bowler": "RP Burl",
              "non_striker": "Mohammad Nabi",
              "runs": {
                "batter": 0,
                "extras": 0,
                "total": 0
              }
            }
          ]
        },
        {
          "over": 11,
          "deliveries": [
            {
              "batter": "Mohammad Nabi",
              "bowler": "B Muzarabani",
              "non_striker": "Najibullah Zadran",
              "runs": {
                "batter": 4,
                "extras": 0,
                "total": 4
              }
            },
            {
              "batter": "Mohammad Nabi",
              "bowler": "B Muzarabani",
              "non_striker": "Najibullah Zadran",
              "runs": {
                "batter": 0,
                "extras": 0,
                "total": 0
              }
            },
            {
              "batter": "Mohammad Nabi",
              "bowler": "B Muzarabani",
              "extras": {
                "legbyes": 1
              },
              "non_striker": "Najibullah Zadran",
              "runs": {
                "batter": 0,
                "extras": 1,
                "total": 1
              }
            },
            {
              "batter": "Najibullah Zadran",
              "bowler": "B Muzarabani",
              "non_striker": "Mohammad Nabi",
              "runs": {
                "batter": 0,
                "extras": 0,
                "total": 0
              }
            },
            {
              "batter": "Najibullah Zadran",
              "bowler": "B Muzarabani",
              "non_striker": "Mohammad Nabi",
              "runs": {
                "batter": 0,
                "extras": 0,
                "total": 0
              },
              "wickets": [
                {
                  "player_out": "Najibullah Zadran",
                  "fielders": [
                    {
                      "name": "BRM Taylor"
                    }
                  ],
                  "kind": "caught"
                }
              ]
            },
            {
              "batter": "Shafiqullah",
              "bowler": "B Muzarabani",
              "extras": {
                "legbyes": 2
              },
              "non_striker": "Mohammad Nabi",
              "runs": {
                "batter": 0,
                "extras": 2,
                "total": 2
              }
            }
          ]
        },
        {
          "over": 12,
          "deliveries": [
            {
              "batter": "Mohammad Nabi",
              "bowler": "RP Burl",
              "non_striker": "Shafiqullah",
              "runs": {
                "batter": 1,
                "extras": 0,
                "total": 1
              }
            },
            {
              "batter": "Shafiqullah",
              "bowler": "RP Burl",
              "non_striker": "Mohammad Nabi",
              "runs": {
                "batter": 0,
                "extras": 0,
                "total": 0
              }
            },
            {
              "batter": "Shafiqullah",
              "bowler": "RP Burl",
              "non_striker": "Mohammad Nabi",
              "runs": {
                "batter": 1,
                "extras": 0,
                "total": 1
              }
            },
            {
              "batter": "Mohammad Nabi",
              "bowler": "RP Burl",
              "non_striker": "Shafiqullah",
              "runs": {
                "batter": 0,
                "extras": 0,
                "total": 0
              }
            },
            {
              "batter": "Mohammad Nabi",
              "bowler": "RP Burl",
              "non_striker": "Shafiqullah",
              "runs": {
                "batter": 6,
                "extras": 0,
                "total": 6
              }
            },
            {
              "batter": "Mohammad Nabi",
              "bowler": "RP Burl",
              "non_striker": "Shafiqullah",
              "runs": {
                "batter": 0,
                "extras": 0,
                "total": 0
              }
            }
          ]
        },
        {
          "over": 13,
          "deliveries": [
            {
              "batter": "Shafiqullah",
              "bowler": "B Muzarabani",
              "non_striker": "Mohammad Nabi",
              "runs": {
                "batter": 1,
                "extras": 0,
                "total": 1
              }
            },
            {
              "batter": "Mohammad Nabi",
              "bowler": "B Muzarabani",
              "non_striker": "Shafiqullah",
              "runs": {
                "batter": 1,
                "extras": 0,
                "total": 1
              }
            },
            {
              "batter": "Shafiqullah",
              "bowler": "B Muzarabani",
              "non_striker": "Mohammad Nabi",
              "runs": {
                "batter": 4,
                "extras": 0,
                "total": 4
              }
            },
            {
              "batter": "Shafiqullah",
              "bowler": "B Muzarabani",
              "non_striker": "Mohammad Nabi",
              "runs": {
                "batter": 1,
                "extras": 0,
                "total": 1
              }
            },
            {
              "batter": "Mohammad Nabi",
              "bowler": "B Muzarabani",
              "non_striker": "Shafiqullah",
              "runs": {
                "batter": 0,
                "extras": 0,
                "total": 0
              }
            },
            {
              "batter": "Mohammad Nabi",
              "bowler": "B Muzarabani",
              "non_striker": "Shafiqullah",
              "runs": {
                "batter": 6,
                "extras": 0,
                "total": 6
              }
            }
          ]
        },
        {
          "over": 14,
          "deliveries": [
            {
              "batter": "Shafiqullah",
              "bowler": "KM Jarvis",
              "non_striker": "Mohammad Nabi",
              "runs": {
                "batter": 0,
                "extras": 0,
                "total": 0
              }
            },
            {
              "batter": "Shafiqullah",
              "bowler": "KM Jarvis",
              "extras": {
                "wides": 1
              },
              "non_striker": "Mohammad Nabi",
              "runs": {
                "batter": 0,
                "extras": 1,
                "total": 1
              }
            },
            {
              "batter": "Shafiqullah",
              "bowler": "KM Jarvis",
              "non_striker": "Mohammad Nabi",
              "runs": {
                "batter": 6,
                "extras": 0,
                "total": 6
              }
            },
            {
              "batter": "Shafiqullah",
              "bowler": "KM Jarvis",
              "non_striker": "Mohammad Nabi",
              "runs": {
                "batter": 1,
                "extras": 0,
                "total": 1
              }
            },
            {
              "batter": "Mohammad Nabi",
              "bowler": "KM Jarvis",
              "non_striker": "Shafiqullah",
              "runs": {
                "batter": 4,
                "extras": 0,
                "total": 4
              }
            },
            {
              "batter": "Mohammad Nabi",
              "bowler": "KM Jarvis",
              "extras": {
                "wides": 1
              },
              "non_striker": "Shafiqullah",
              "runs": {
                "batter": 0,
                "extras": 1,
                "total": 1
              }
            }
          ]
        }
      ],
      "powerplays": [
        {
          "from": 0.1,
          "to": 5.6,
          "type": "mandatory"
        }
      ],
      "target": {
        "overs": 20,
        "runs": 121
      }
    }
  ]
}