{
  "meta": {
    "data_version": "1.0.0",
    "created": "2020-06-26",
    "revision": 1
  },
  "info": {
    "balls_per_over": 6,
    "city": "Dublin",
    "dates": [
      "2018-06-06"
    ],
    "event": {
      "name": "New Zealand Women tour of Ireland and England"
    },
    "gender": "female",
    "match_type": "T20",
    "match_type_number": 425,
    "missing": [
      "player_of_match"
    ],
    "officials": {
      "match_referees": [
        "K Gallagher"
      ],
      "reserve_umpires": [
        "Aidan Seaver"
      ],
      "umpires": [
        "AA Baig",
        "AJ Neill"
      ]
    },
    "outcome": {
      "winner": "New Zealand",
      "by": {
        "wickets": 10
      }
    },
    "overs": 20,
    "players": {
      "Ireland": [
        "CMA Shillington",
        "CNIM Joyce",
        "MV Waldron",
        "GH Lewis",
        "IMHC Joyce",
        "SM Kavanagh",
        "L Delany",
        "AJ Kenealy",
        "Rachel Delaney",
        "L Maritz",
        "C Murray"
      ],
      "New Zealand": [
        "SW Bates",
        "JM Watkin",
        "LMM Tahuhu",
        "ML Green",
        "B Bezuidenhout",
        "AE Satterthwaite",
        "AC Kerr",
        "KE Broadmore",
        "AM Peterson",
        "LM Kasperek",
        "HM Rowe"
      ]
    },
    "registry": {
      "people": {
        "AA Baig": "5c67c7a6",
        "AC Kerr": "7673c908",
        "AE Satterthwaite": "72b7ed1e",
        "AJ Kenealy": "ca753f5d",
        "AJ Neill": "7ffe0ce3",
        "AM Peterson": "ae2c396f",
        "Aidan Seaver": "862c0b16",
        "B Bezuidenhout": "564afdcf",
        "C Murray": "5a50471c",
        "CMA Shillington": "60e11a00",
        "CNIM Joyce": "56418eae",
        "GH Lewis": "1b9d1579",
        "HM Rowe": "8ca1f93a",
        "IMHC Joyce": "d3b4b8ed",
        "JM Watkin": "7239a365",
        "K Gallagher": "704afd47",
        "KE Broadmore": "7c0055c1",
        "L Delany": "b4f73b44",
        "L Maritz": "ac8bca8d",
        "LM Kasperek": "9b73d523",
        "LMM Tahuhu": "60471339",
        "ML Green": "865eae1f",
        "MV Waldron": "2e4f11e9",
        "Rachel Delaney": "d284ef29",
        "SM Kavanagh": "7e9b3b60",
        "SW Bates": "89bbc67a"
      }
    },
    "season": "2018",
    "team_type": "international",
    "teams": [
      "Ireland",
      "New Zealand"
    ],
    "toss": {
      "decision": "bat",
      "winner": "Ireland"
    },
    "venue": "YMCA Cricket Club"
  },
  "innings": [
    {
      "team": "Ireland",
      "overs": [
        {
          "over": 0,
          "deliveries": [
            {
              "batter": "CMA Shillington",
              "bowler": "LMM Tahuhu",
              "non_striker": "CNIM Joyce",
              "runs": {
                "batter": 0,
                "extras": 0,
                "total": 0
              }
            },
            {
              "batter": "CMA Shillington",
              "bowler": "LMM Tahuhu",
              "non_striker": "CNIM Joyce",
              "runs": {
                "batter": 0,
                "extras": 0,
                "total": 0
              },
              "wickets": [
                {
                  "player_out": "CMA Shillington",
                  "fielders": [
                    {
                      "name": "B Bezuidenhout"
                    }
                  ],
                  "kind": "caught"
                }
              ]
            },
            {
              "batter": "MV Waldron",
              "bowler": "LMM Tahuhu",
              "non_striker": "CNIM Joyce",
              "runs": {
                "batter": 0,
                "extras": 0,
                "total": 0
              }
            },
            {
              "batter": "MV Waldron",
              "bowler": "LMM Tahuhu",
              "non_striker": "CNIM Joyce",
              "runs": {
                "batter": 0,
                "extras": 0,
                "total": 0
              }
            },
            {
              "batter": "MV Waldron",
              "bowler": "LMM Tahuhu",
              "non_striker": "CNIM Joyce",
              "runs": {
                "batter": 0,
                "extras": 0,
                "total": 0
              }
            },
            {
              "batter": "MV Waldron",
              "bowler": "LMM Tahuhu",
              "extras": {
                "wides": 1
              },
              "non_striker": "CNIM Joyce",
              "runs": {
                "batter": 0,
                "extras": 1,
                "total": 1
              }
            },
            {
              "batter": "MV Waldron",
              "bowler": "LMM Tahuhu",
              "non_striker": "CNIM Joyce",
              "runs": {
                "batter": 1,
                "extras": 0,
                "total": 1
              }
            }
          ]
        },
        {
          "over": 1,
          "deliveries": [
            {
              "batter": "MV Waldron",
              "bowler": "LM Kasperek",
              "non_striker": "CNIM Joyce",
              "runs": {
                "batter": 1,
                "extras": 0,
                "total": 1
              }
            },
            {
              "batter": "CNIM Joyce",
              "bowler": "LM Kasperek",
              "non_striker": "MV Waldron",
              "runs": {
                "batter": 0,
                "extras": 0,
                "total": 0
              }
            },
            {
              "batter": "CNIM Joyce",
              "bowler": "LM Kasperek",
              "non_striker": "MV Waldron",
              "runs": {
                "batter": 0,
                "extras": 0,
                "total": 0
              }
            },
            {
              "batter": "CNIM Joyce",
              "bowler": "LM Kasperek",
              "non_striker": "MV Waldron",
              "runs": {
                "batter": 0,
                "extras": 0,
                "total": 0
              }
            },
            {
              "batter": "CNIM Joyce",
              "bowler": "LM Kasperek",
              "non_striker": "MV Waldron",
              "runs": {
                "batter": 1,
                "extras": 0,
                "total": 1
              }
            },
            {
              "batter": "MV Waldron",
              "bowler": "LM Kasperek",
              "non_striker": "CNIM Joyce",
              "runs": {
                "batter": 0,
                "extras": 0,
                "total": 0
              }
            }
          ]
        },
        {
          "over": 2,
          "deliveries": [
            {
              "batter": "CNIM Joyce",
              "bowler": "LMM Tahuhu",
              "extras": {
                "wides": 1
              },
              "non_striker": "MV Waldron",
              "runs": {
                "batter": 0,
                "extras": 1,
                "total": 1
              }
            },
            {
              "batter": "CNIM Joyce",
              "bowler": "LMM Tahuhu",
              "non_striker": "MV Waldron",
              "runs": {
                "batter": 0,
                "extras": 0,
                "total": 0
              }
            },
            {
              "batter": "CNIM Joyce",
              "bowler": "LMM Tahuhu",
              "non_striker": "MV Waldron",
              "runs": {
                "batter": 1,
                "extras": 0,
                "total": 1
              }
            },
            {
              "batter": "MV Waldron",
              "bowler": "LMM Tahuhu",
              "extras": {
                "legbyes": 1
              },
              "non_striker": "CNIM Joyce",
              "runs": {
                "batter": 0,
                "extras": 1,
                "total": 1
              }
            },
            {
              "batter": "CNIM Joyce",
              "bowler": "LMM Tahuhu",
              "extras": {
                "legbyes": 1
              },
              "non_striker": "MV Waldron",
              "runs": {
                "batter": 0,
                "extras": 1,
                "total": 1
              }
            },
            {
              "batter": "MV Waldron",
              "bowler": "LMM Tahuhu",
              "non_striker": "CNIM Joyce",
              "runs": {
                "batter": 0,
                "extras": 0,
                "total": 0
              }
            },
            {
              "batter": "MV Waldron",
              "bowler": "LMM Tahuhu",
              "non_striker": "CNIM Joyce",
              "runs": {
                "batter": 1,
                "extras": 0,
                "total": 1
              }
            }
          ]
        },
        {
          "over": 3,
          "deliveries": [
            {
              "batter": "MV Waldron",
              "bowler": "LM Kasperek",
              "non_striker": "CNIM Joyce",
              "runs": {
                "batter": 1,
                "extras": 0,
                "total": 1
              }
            },
            {
              "batter": "CNIM Joyce",
              "bowler": "LM Kasperek",
              "non_striker": "MV Waldron",
              "runs": {
                "batter": 6,
                "extras": 0,
                "total": 6
              }
            },
            {
              "batter": "CNIM Joyce",
              "bowler": "LM Kasperek",
              "non_striker": "MV Waldron",
              "runs": {
                "batter": 0,
                "extras": 0,
                "total": 0
              }
            },
            {
              "batter": "CNIM Joyce",
              "bowler": "LM Kasperek",
              "non_striker": "MV Waldron",
              "runs": {
                "batter": 1,
                "extras": 0,
                "total": 1
              }
            },
            {
              "batter": "MV Waldron",
              "bowler": "LM Kasperek",
              "non_striker": "CNIM Joyce",
              "runs": {
                "batter": 0,
                "extras": 0,
                "total": 0
              },
              "wickets": [
                {
                  "player_out": "MV Waldron",
                  "fielders": [
                    {
                      "name": "B Bezuidenhout"
                    }
                  ],
                  "kind": "stumped"
                }
              ]
            },
            {
              "batter": "GH Lewis",
              "bowler": "LM Kasperek",
              "non_striker": "CNIM Joyce",
              "runs": {
                "batter": 0,
                "extras": 0,
                "total": 0
              }
            }
          ]
        },
        {
          "over": 4,
          "deliveries": [
            {
              "batter": "CNIM Joyce",
              "bowler": "HM Rowe",
              "non_striker": "GH Lewis",
              "runs": {
                "batter": 0,
                "extras": 0,
                "total": 0
              }
            },
            {
              "batter": "CNIM Joyce",
              "bowler": "HM Rowe",
              "non_striker": "GH Lewis",
              "runs": {
                "batter": 4,
                "extras": 0,
                "total": 4
              }
            },
            {
              "batter": "CNIM Joyce",
              "bowler": "HM Rowe",
              "non_striker": "GH Lewis",
              "runs": {
                "batter": 0,
                "extras": 0,
                "total": 0
              }
            },
            {
              "batter": "CNIM Joyce",
              "bowler": "HM Rowe",
              "non_striker": "GH Lewis",
              "runs": {
                "batter": 0,
                "extras": 0,
                "total": 0
              }
            },
            {
              "batter": "CNIM Joyce",
              "bowler": "HM Rowe",
              "non_striker": "GH Lewis",
              "runs": {
                "batter": 1,
                "extras": 0,
                "total": 1
              }
            },
            {
              "batter": "GH Lewis",
              "bowler": "HM Rowe",
              "non_striker": "CNIM Joyce",
              "runs": {
                "batter": 0,
                "extras": 0,
                "total": 0
              }
            }
          ]
        },
        {
          "over": 5,
          "deliveries": [
            {
              "batter": "CNIM Joyce",
              "bowler": "AM Peterson",
              "non_striker": "GH Lewis",
              "runs": {
                "batter": 2,
                "extras": 0,
                "total": 2
              }
            },
            {
              "batter": "CNIM Joyce",
              "bowler": "AM Peterson",
              "non_striker": "GH Lewis",
              "runs": {
                "batter": 4,
                "extras": 0,
                "total": 4
              }
            },
            {
              "batter": "CNIM Joyce",
              "bowler": "AM Peterson",
              "non_striker": "GH Lewis",
              "runs": {
                "batter": 0,
                "extras": 0,
                "total": 0
              }
            },
            {
              "batter": "CNIM Joyce",
              "bowler": "AM Peterson",
              "non_striker": "GH Lewis",
              "runs": {
                "batter": 4,
                "extras": 0,
                "total": 4
              }
            },
            {
              "batter": "CNIM Joyce",
              "bowler": "AM Peterson",
              "non_striker": "GH Lewis",
              "runs": {
                "batter": 1,
                "extras": 0,
                "total": 1
              }
            },
            {
              "batter": "GH Lewis",
              "bowler": "AM Peterson",
              "non_striker": "CNIM Joyce",
              "runs": {
                "batter": 1,
                "extras": 0,
                "total": 1
              }
            }
          ]
        },
        {
          "over": 6,
          "deliveries": [
            {
              "batter": "GH Lewis",
              "bowler": "HM Rowe",
              "non_striker": "CNIM Joyce",
              "runs": {
                "batter": 1,
                "extras": 0,
                "total": 1
              }
            },
            {
              "batter": "CNIM Joyce",
              "bowler": "HM Rowe",
              "non_striker": "GH Lewis",
              "runs": {
                "batter": 0,
                "extras": 0,
                "total": 0
              }
            },
            {
              "batter": "CNIM Joyce",
              "bowler": "HM Rowe",
              "non_striker": "GH Lewis",
              "runs": {
                "batter": 0,
                "extras": 0,
                "total": 0
              }
            },
            {
              "batter": "CNIM Joyce",
              "bowler": "HM Rowe",
              "non_striker": "GH Lewis",
              "runs": {
                "batter": 1,
                "extras": 0,
                "total": 1
              }
            },
            {
              "batter": "GH Lewis",
              "bowler": "HM Rowe",
              "non_striker": "CNIM Joyce",
              "runs": {
                "batter": 1,
                "extras": 0,
                "total": 1
              }
            },
            {
              "batter": "CNIM Joyce",
              "bowler": "HM Rowe",
              "non_striker": "GH Lewis",
              "runs": {
                "batter": 2,
                "extras": 0,
                "total": 2
              }
            }
          ]
        },
        {
          "over": 7,
          "deliveries": [
            {
              "batter": "GH Lewis",
              "bowler": "AC Kerr",
              "non_striker": "CNIM Joyce",
              "runs": {
                "batter": 1,
                "extras": 0,
                "total": 1
              }
            },
            {
              "batter": "CNIM Joyce",
              "bowler": "AC Kerr",
              "non_striker": "GH Lewis",
              "runs": {
                "batter": 0,
                "extras": 0,
                "total": 0
              }
            },
            {
              "batter": "CNIM Joyce",
              "bowler": "AC Kerr",
              "non_striker": "GH Lewis",
              "runs": {
                "batter": 1,
                "extras": 0,
                "total": 1
              }
            },
            {
              "batter": "GH Lewis",
              "bowler": "AC Kerr",
              "non_striker": "CNIM Joyce",
              "runs": {
                "batter": 1,
                "extras": 0,
                "total": 1
              }
            },
            {
              "batter": "CNIM Joyce",
              "bowler": "AC Kerr",
              "non_striker": "GH Lewis",
              "runs": {
                "batter": 0,
                "extras": 0,
                "total": 0
              }
            },
            {
              "batter": "CNIM Joyce",
              "bowler": "AC Kerr",
              "non_striker": "GH Lewis",
              "runs": {
                "batter": 1,
                "extras": 0,
                "total": 1
              }
            }
          ]
        },
        {
          "over": 8,
          "deliveries": [
            {
              "batter": "CNIM Joyce",
              "bowler": "LMM Tahuhu",
              "non_striker": "GH Lewis",
              "runs": {
                "batter": 0,
                "extras": 0,
                "total": 0
              },
              "wickets": [
                {
                  "player_out": "CNIM Joyce",
                  "fielders": [
                    {
                      "name": "KE Broadmore"
                    }
                  ],
                  "kind": "caught"
                }
              ]
            },
            {
              "batter": "GH Lewis",
              "bowler": "LMM Tahuhu",
              "non_striker": "IMHC Joyce",
              "runs": {
                "batter": 4,
                "extras": 0,
                "total": 4
              }
            },
            {
              "batter": "GH Lewis",
              "bowler": "LMM Tahuhu",
              "non_striker": "IMHC Joyce",
              "runs": {
                "batter": 0,
                "extras": 0,
                "total": 0
              }
            },
            {
              "batter": "GH Lewis",
              "bowler": "LMM Tahuhu",
              "non_striker": "IMHC Joyce",
              "runs": {
                "batter": 4,
                "extras": 0,
                "total": 4
              }
            },
            {
              "batter": "GH Lewis",
              "bowler": "LMM Tahuhu",
              "extras": {
                "wides": 1
              },
              "non_striker": "IMHC Joyce",
              "runs": {
                "batter": 0,
                "extras": 1,
                "total": 1
              }
            },
            {
              "batter": "GH Lewis",
              "bowler": "LMM Tahuhu",
              "non_striker": "IMHC Joyce",
              "runs": {
                "batter": 0,
                "extras": 0,
                "total": 0
              }
            },
            {
              "batter": "GH Lewis",
              "bowler": "LMM Tahuhu",
              "extras": {
                "legbyes": 1
              },
              "non_striker": "IMHC Joyce",
              "runs": {
                "batter": 0,
                "extras": 1,
                "total": 1
              }
            }
          ]
        },
        {
          "over": 9,
          "deliveries": [
            {
              "batter": "GH Lewis",
              "bowler": "AC Kerr",
              "non_striker": "IMHC Joyce",
              "runs": {
                "batter": 1,
                "extras": 0,
                "total": 1
              }
            },
            {
              "batter": "IMHC Joyce",
              "bowler": "AC Kerr",
              "non_striker": "GH Lewis",
              "runs": {
                "batter": 0,
                "extras": 0,
                "total": 0
              }
            },
            {
              "batter": "IMHC Joyce",
              "bowler": "AC Kerr",
              "non_striker": "GH Lewis",
              "runs": {
                "batter": 0,
                "extras": 0,
                "total": 0
              }
            },
            {
              "batter": "IMHC Joyce",
              "bowler": "AC Kerr",
              "non_striker": "GH Lewis",
              "runs": {
                "batter": 4,
                "extras": 0,
                "total": 4
              }
            },
            {
              "batter": "IMHC Joyce",
              "bowler": "AC Kerr",
              "extras": {
                "wides": 1
              },
              "non_striker": "GH Lewis",
              "runs": {
                "batter": 0,
                "extras": 1,
                "total": 1
              }
            },
            {
              "batter": "IMHC Joyce",
              "bowler": "AC Kerr",
              "non_striker": "GH Lewis",
              "runs": {
                "batter": 1,
                "extras": 0,
                "total": 1
              }
            },
            {
              "batter": "GH Lewis",
              "bowler": "AC Kerr",
              "non_striker": "IMHC Joyce",
              "runs": {
                "batter": 0,
                "extras": 0,
                "total": 0
              }
            }
          ]
        },
        {
          "over": 10,
          "deliveries": [
            {
              "batter": "IMHC Joyce",
              "bowler": "KE Broadmore",
              "non_striker": "GH Lewis",
              "runs": {
                "batter": 1,
                "extras": 0,
                "total": 1
              }
            },
            {
              "batter": "GH Lewis",
              "bowler": "KE Broadmore",
              "non_striker": "IMHC Joyce",
              "runs": {
                "batter": 1,
                "extras": 0,
                "total": 1
              }
            },
            {
              "batter": "IMHC Joyce",
              "bowler": "KE Broadmore",
              "non_striker": "GH Lewis",
              "runs": {
                "batter": 4,
                "extras": 0,
                "total": 4
              }
            },
            {
              "batter": "IMHC Joyce",
              "bowler": "KE Broadmore",
              "non_striker": "GH Lewis",
              "runs": {
                "batter": 0,
                "extras": 0,
                "total": 0
              }
            },
            {
              "batter": "IMHC Joyce",
              "bowler": "KE Broadmore",
              "non_striker": "GH Lewis",
              "runs": {
                "batter": 1,
                "extras": 0,
                "total": 1
              }
            },
            {
              "batter": "GH Lewis",
              "bowler": "KE Broadmore",
              "non_striker": "IMHC Joyce",
              "runs": {
                "batter": 4,
                "extras": 0,
                "total": 4
              }
            }
          ]
        },
        {
          "over": 11,
          "deliveries": [
            {
              "batter": "IMHC Joyce",
              "bowler": "LM Kasperek",
              "non_striker": "GH Lewis",
              "runs": {
                "batter": 0,
                "extras": 0,
                "total": 0
              }
            },
            {
              "batter": "IMHC Joyce",
              "bowler": "LM Kasperek",
              "non_striker": "GH Lewis",
              "runs": {
                "batter": 0,
                "extras": 0,
                "total": 0
              },
              "wickets": [
                {
                  "player_out": "IMHC Joyce",
                  "fielders": [
                    {
                      "name": "B Bezuidenhout"
                    }
                  ],
                  "kind": "caught"
                }
              ]
            },
            {
              "batter": "GH Lewis",
              "bowler": "LM Kasperek",
              "non_striker": "SM Kavanagh",
              "runs": {
                "batter": 2,
                "extras": 0,
                "total": 2
              }
            },
            {
              "batter": "GH Lewis",
              "bowler": "LM Kasperek",
              "non_striker": "SM Kavanagh",
              "runs": {
                "batter": 1,
                "extras": 0,
                "total": 1
              }
            },
            {
              "batter": "SM Kavanagh",
              "bowler": "LM Kasperek",
              "non_striker": "GH Lewis",
              "runs": {
                "batter": 3,
                "extras": 0,
                "total": 3
              }
            },
            {
              "batter": "GH Lewis",
              "bowler": "LM Kasperek",
              "non_striker": "SM Kavanagh",
              "runs": {
                "batter": 1,
                "extras": 0,
                "total": 1
              }
            }
          ]
        },
        {
          "over": 12,
          "deliveries": [
            {
              "batter": "GH Lewis",
              "bowler": "KE Broadmore",
              "non_striker": "SM Kavanagh",
              "runs": {
                "batter": 0,
                "extras": 0,
                "total": 0
              }
            },
            {
              "batter": "GH Lewis",
              "bowler": "KE Broadmore",
              "non_striker": "SM Kavanagh",
              "runs": {
                "batter": 1,
                "extras": 0,
                "total": 1
              }
            },
            {
              "batter": "SM Kavanagh",
              "bowler": "KE Broadmore",
              "non_striker": "GH Lewis",
              "runs": {
                "batter": 0,
                "extras": 0,
                "total": 0
              }
            },
            {
              "batter": "SM Kavanagh",
              "bowler": "KE Broadmore",
              "non_striker": "GH Lewis",
              "runs": {
                "batter": 4,
                "extras": 0,
                "total": 4
              }
            },
            {
              "batter": "SM Kavanagh",
              "bowler": "KE Broadmore",
              "non_striker": "GH Lewis",
              "runs": {
                "batter": 1,
                "extras": 0,
                "total": 1
              }
            },
            {
              "batter": "GH Lewis",
              "bowler": "KE Broadmore",
              "non_striker": "SM Kavanagh",
              "runs": {
                "batter": 1,
                "extras": 0,
                "total": 1
              }
            }
          ]
        },
        {
          "over": 13,
          "deliveries": [
            {
              "batter": "GH Lewis",
              "bowler": "AC Kerr",
              "non_striker": "SM Kavanagh",
              "runs": {
                "batter": 4,
                "extras": 0,
                "total": 4
              }
            },
            {
              "batter": "GH Lewis",
              "bowler": "AC Kerr",
              "extras": {
                "wides": 1
              },
              "non_striker": "SM Kavanagh",
              "runs": {
                "batter": 0,
                "extras": 1,
                "total": 1
              }
            },
            {
              "batter": "GH Lewis",
              "bowler": "AC Kerr",
              "non_striker": "SM Kavanagh",
              "runs": {
                "batter": 1,
                "extras": 0,
                "total": 1
              }
            },
            {
              "batter": "SM Kavanagh",
              "bowler": "AC Kerr",
              "non_striker": "GH Lewis",
              "runs": {
                "batter": 0,
                "extras": 0,
                "total": 0
              }
            },
            {
              "batter": "SM Kavanagh",
              "bowler": "AC Kerr",
              "non_striker": "GH Lewis",
              "runs": {
                "batter": 1,
                "extras": 0,
                "total": 1
              }
            },
            {
              "batter": "GH Lewis",
              "bowler": "AC Kerr",
              "non_striker": "SM Kavanagh",
              "runs": {
                "batter": 1,
                "extras": 0,
                "total": 1
              }
            },
            {
              "batter": "SM Kavanagh",
              "bowler": "AC Kerr",
              "non_striker": "GH Lewis",
              "runs": {
                "batter": 0,
                "extras": 0,
                "total": 0
              }
            }
          ]
        },
        {
          "over": 14,
          "deliveries": [
            {
              "batter": "GH Lewis",
              "bowler": "HM Rowe",
              "non_striker": "SM Kavanagh",
              "runs": {
                "batter": 0,
                "extras": 0,
                "total": 0
              }
            },
            {
              "batter": "GH Lewis",
              "bowler": "HM Rowe",
              "non_striker": "SM Kavanagh",
              "runs": {
                "batter": 0,
                "extras": 0,
                "total": 0
              }
            },
            {
              "batter": "GH Lewis",
              "bowler": "HM Rowe",
              "non_striker": "SM Kavanagh",
              "runs": {
                "batter": 4,
                "extras": 0,
                "total": 4
              }
            },
            {
              "batter": "GH Lewis",
              "bowler": "HM Rowe",
              "non_striker": "SM Kavanagh",
              "runs": {
                "batter": 4,
                "extras": 0,
                "total": 4
              }
            },
            {
              "batter": "GH Lewis",
              "bowler": "HM Rowe",
              "extras": {
                "legbyes": 1
              },
              "non_striker": "SM Kavanagh",
              "runs": {
                "batter": 0,
                "extras": 1,
                "total": 1
              }
            },
            {
              "batter": "SM Kavanagh",
              "bowler": "HM Rowe",
              "non_striker": "GH Lewis",
              "runs": {
                "batter": 0,
                "extras": 0,
                "total": 0
              }
            }
          ]
        },
        {
          "over": 15,
          "deliveries": [
            {
              "batter": "GH Lewis",
              "bowler": "AC Kerr",
              "non_striker": "SM Kavanagh",
              "runs": {
                "batter": 4,
                "extras": 0,
                "total": 4
              }
            },
            {
              "batter": "GH Lewis",
              "bowler": "AC Kerr",
              "extras": {
                "wides": 1
              },
              "non_striker": "SM Kavanagh",
              "runs": {
                "batter": 0,
                "extras": 1,
                "total": 1
              }
            },
            {
              "batter": "GH Lewis",
              "bowler": "AC Kerr",
              "non_striker": "SM Kavanagh",
              "runs": {
                "batter": 1,
                "extras": 0,
                "total": 1
              }
            },
            {
              "batter": "SM Kavanagh",
              "bowler": "AC Kerr",
              "non_striker": "GH Lewis",
              "runs": {
                "batter": 2,
                "extras": 0,
                "total": 2
              }
            },
            {
              "batter": "SM Kavanagh",
              "bowler": "AC Kerr",
              "non_striker": "GH Lewis",
              "runs": {
                "batter": 0,
                "extras": 0,
                "total": 0
              }
            },
            {
              "batter": "SM Kavanagh",
              "bowler": "AC Kerr",
              "non_striker": "GH Lewis",
              "runs": {
                "batter": 0,
                "extras": 0,
                "total": 0
              }
            },
            {
              "batter": "SM Kavanagh",
              "bowler": "AC Kerr",
              "non_striker": "GH Lewis",
              "runs": {
                "batter": 0,
                "extras": 0,
                "total": 0
              }
            }
          ]
        },
        {
          "over": 16,
          "deliveries": [
            {
              "batter": "GH Lewis",
              "bowler": "LMM Tahuhu",
              "non_striker": "SM Kavanagh",
              "runs": {
                "batter": 4,
                "extras": 0,
                "total": 4
              }
            },
            {
              "batter": "GH Lewis",
              "bowler": "LMM Tahuhu",
              "non_striker": "SM Kavanagh",
              "runs": {
                "batter": 0,
                "extras": 0,
                "total": 0
              }
            },
            {
              "batter": "GH Lewis",
              "bowler": "LMM Tahuhu",
              "non_striker": "SM Kavanagh",
              "runs": {
                "batter": 0,
                "extras": 0,
                "total": 0
              }
            },
            {
              "batter": "GH Lewis",
              "bowler": "LMM Tahuhu",
              "non_striker": "SM Kavanagh",
              "runs": {
                "batter": 0,
                "extras": 0,
                "total": 0
              }
            },
            {
              "batter": "GH Lewis",
              "bowler": "LMM Tahuhu",
              "non_striker": "SM Kavanagh",
              "runs": {
                "batter": 4,
                "extras": 0,
                "total": 4
              }
            },
            {
              "batter": "GH Lewis",
              "bowler": "LMM Tahuhu",
              "non_striker": "SM Kavanagh",
              "runs": {
                "batter": 0,
                "extras": 0,
                "total": 0
              }
            }
          ]
        },
        {
          "over": 17,
          "deliveries": [
            {
              "batter": "SM Kavanagh",
              "bowler": "AM Peterson",
              "non_striker": "GH Lewis",
              "runs": {
                "batter": 0,
                "extras": 0,
                "total": 0
              },
              "wickets": [
                {
                  "player_out": "SM Kavanagh",
                  "fielders": [
                    {
                      "name": "B Bezuidenhout"
                    }
                  ],
                  "kind": "stumped"
                }
              ]
            },
            {
              "batter": "L Delany",
              "bowler": "AM Peterson",
              "non_striker": "GH Lewis",
              "runs": {
                "batter": 1,
                "extras": 0,
                "total": 1
              }
            },
            {
              "batter": "GH Lewis",
              "bowler": "AM Peterson",
              "non_striker": "L Delany",
              "runs": {
                "batter": 4,
                "extras": 0,
                "total": 4
              }
            },
            {
              "batter": "GH Lewis",
              "bowler": "AM Peterson",
              "non_striker": "L Delany",
              "runs": {
                "batter": 1,
                "extras": 0,
                "total": 1
              }
            },
            {
              "batter": "L Delany",
              "bowler": "AM Peterson",
              "non_striker": "GH Lewis",
              "runs": {
                "batter": 1,
                "extras": 0,
                "total": 1
              }
            },
            {
              "batter": "GH Lewis",
              "bowler": "AM Peterson",
              "non_striker": "L Delany",
              "runs": {
                "batter": 0,
                "extras": 0,
                "total": 0
              }
            }
          ]
        },
        {
          "over": 18,
          "deliveries": [
            {
              "batter": "L Delany",
              "bowler": "KE Broadmore",
              "non_striker": "GH Lewis",
              "runs": {
                "batter": 1,
                "extras": 0,
                "total": 1
              }
            },
            {
              "batter": "GH Lewis",
              "bowler": "KE Broadmore",
              "non_striker": "L Delany",
              "runs": {
                "batter": 1,
                "extras": 0,
                "total": 1
              }
            },
            {
              "batter": "L Delany",
              "bowler": "KE Broadmore",
              "non_striker": "GH Lewis",
              "runs": {
                "batter": 0,
                "extras": 0,
                "total": 0
              },
              "wickets": [
                {
                  "player_out": "L Delany",
                  "fielders": [
                    {
                      "name": "B Bezuidenhout"
                    }
                  ],
                  "kind": "caught"
                }
              ]
            },
            {
              "batter": "AJ Kenealy",
              "bowler": "KE Broadmore",
              "non_striker": "GH Lewis",
              "runs": {
                "batter": 0,
                "extras": 0,
                "total": 0
              },
              "wickets": [
                {
                  "player_out": "AJ Kenealy",
                  "kind": "run out"
                }
              ]
            },
            {
              "batter": "GH Lewis",
              "bowler": "KE Broadmore",
              "non_striker": "Rachel Delaney",
              "runs": {
                "batter": 1,
                "extras": 0,
                "total": 1
              }
            },
            {
              "batter": "Rachel Delaney",
              "bowler": "KE Broadmore",
              "non_striker": "GH Lewis",
              "runs": {
                "batter": 0,
                "extras": 0,
                "total": 0
              }
            }
          ]
        },
        {
          "over": 19,
          "deliveries": [
            {
              "batter": "GH Lewis",
              "bowler": "LM Kasperek",
              "non_striker": "Rachel Delaney",
              "runs": {
                "batter": 2,
                "extras": 0,
                "total": 2
              }
            },
            {
              "batter": "GH Lewis",
              "bowler": "LM Kasperek",
              "non_striker": "Rachel Delaney",
              "runs": {
                "batter": 0,
                "extras": 0,
                "total": 0
              },
              "wickets": [
                {
                  "player_out": "GH Lewis",
                  "kind": "bowled"
                }
              ]
            },
            {
              "batter": "L Maritz",
              "bowler": "LM Kasperek",
              "non_striker": "Rachel Delaney",
              "runs": {
                "batter": 2,
                "extras": 0,
                "total": 2
              }
            },
            {
              "batter": "L Maritz",
              "bowler": "LM Kasperek",
              "non_striker": "Rachel Delaney",
              "runs": {
                "batter": 1,
                "extras": 0,
                "total": 1
              }
            },
            {
              "batter": "Rachel Delaney",
              "bowler": "LM Kasperek",
              "non_striker": "L Maritz",
              "runs": {
                "batter": 1,
                "extras": 0,
                "total": 1
              }
            },
            {
              "batter": "L Maritz",
              "bowler": "LM Kasperek",
              "non_striker": "Rachel Delaney",
              "runs": {
                "batter": 2,
                "extras": 0,
                "total": 2
              }
            }
          ]
        }
      ],
      "powerplays": [
        {
          "from": 0.1,
          "to": 5.6,
          "type": "mandatory"
        }
      ]
    },
    {
      "team": "New Zealand",
      "overs": [
        {
          "over": 0,
          "deliveries": [
            {
              "batter": "SW Bates",
              "bowler": "AJ Kenealy",
              "non_striker": "JM Watkin",
              "runs": {
                "batter": 0,
                "extras": 0,
                "total": 0
              }
            },
            {
              "batter": "SW Bates",
              "bowler": "AJ Kenealy",
              "non_striker": "JM Watkin",
              "runs": {
                "batter": 0,
                "extras": 0,
                "total": 0
              }
            },
            {
              "batter": "SW Bates",
              "bowler": "AJ Kenealy",
              "non_striker": "JM Watkin",
              "runs": {
                "batter": 1,
                "extras": 0,
                "total": 1
              }
            },
            {
              "batter": "JM Watkin",
              "bowler": "AJ Kenealy",
              "non_striker": "SW Bates",
              "runs": {
                "batter": 0,
                "extras": 0,
                "total": 0
              }
            },
            {
              "batter": "JM Watkin",
              "bowler": "AJ Kenealy",
              "non_striker": "SW Bates",
              "runs": {
                "batter": 4,
                "extras": 0,
                "total": 4
              }
            },
            {
              "batter": "JM Watkin",
              "bowler": "AJ Kenealy",
              "non_striker": "SW Bates",
              "runs": {
                "batter": 0,
                "extras": 0,
                "total": 0
              }
            }
          ]
        },
        {
          "over": 1,
          "deliveries": [
            {
              "batter": "SW Bates",
              "bowler": "IMHC Joyce",
              "non_striker": "JM Watkin",
              "runs": {
                "batter": 4,
                "extras": 0,
                "total": 4
              }
            },
            {
              "batter": "SW Bates",
              "bowler": "IMHC Joyce",
              "non_striker": "JM Watkin",
              "runs": {
                "batter": 4,
                "extras": 0,
                "total": 4
              }
            },
            {
              "batter": "SW Bates",
              "bowler": "IMHC Joyce",
              "non_striker": "JM Watkin",
              "runs": {
                "batter": 4,
                "extras": 0,
                "total": 4
              }
            },
            {
              "batter": "SW Bates",
              "bowler": "IMHC Joyce",
              "non_striker": "JM Watkin",
              "runs": {
                "batter": 4,
                "extras": 0,
                "total": 4
              }
            },
            {
              "batter": "SW Bates",
              "bowler": "IMHC Joyce",
              "non_striker": "JM Watkin",
              "runs": {
                "batter": 0,
                "extras": 0,
                "total": 0
              }
            },
            {
              "batter": "SW Bates",
              "bowler": "IMHC Joyce",
              "non_striker": "JM Watkin",
              "runs": {
                "batter": 0,
                "extras": 0,
                "total": 0
              }
            }
          ]
        },
        {
          "over": 2,
          "deliveries": [
            {
              "batter": "JM Watkin",
              "bowler": "AJ Kenealy",
              "non_striker": "SW Bates",
              "runs": {
                "batter": 0,
                "extras": 0,
                "total": 0
              }
            },
            {
              "batter": "JM Watkin",
              "bowler": "AJ Kenealy",
              "non_striker": "SW Bates",
              "runs": {
                "batter": 0,
                "extras": 0,
                "total": 0
              }
            },
            {
              "batter": "JM Watkin",
              "bowler": "AJ Kenealy",
              "non_striker": "SW Bates",
              "runs": {
                "batter": 2,
                "extras": 0,
                "total": 2
              }
            },
            {
              "batter": "JM Watkin",
              "bowler": "AJ Kenealy",
              "extras": {
                "noballs": 1
              },
              "non_striker": "SW Bates",
              "runs": {
                "batter": 2,
                "extras": 1,
                "total": 3
              }
            },
            {
              "batter": "JM Watkin",
              "bowler": "AJ Kenealy",
              "non_striker": "SW Bates",
              "runs": {
                "batter": 4,
                "extras": 0,
                "total": 4
              }
            },
            {
              "batter": "JM Watkin",
              "bowler": "AJ Kenealy",
              "non_striker": "SW Bates",
              "runs": {
                "batter": 0,
                "extras": 0,
                "total": 0
              }
            },
            {
              "batter": "JM Watkin",
              "bowler": "AJ Kenealy",
              "non_striker": "SW Bates",
              "runs": {
                "batter": 1,
                "extras": 0,
                "total": 1
              }
            }
          ]
        },
        {
          "over": 3,
          "deliveries": [
            {
              "batter": "JM Watkin",
              "bowler": "L Maritz",
              "non_striker": "SW Bates",
              "runs": {
                "batter": 0,
                "extras": 0,
                "total": 0
              }
            },
            {
              "batter": "JM Watkin",
              "bowler": "L Maritz",
              "non_striker": "SW Bates",
              "runs": {
                "batter": 0,
                "extras": 0,
                "total": 0
              }
            },
            {
              "batter": "JM Watkin",
              "bowler": "L Maritz",
              "non_striker": "SW Bates",
              "runs": {
                "batter": 4,
                "extras": 0,
                "total": 4
              }
            },
            {
              "batter": "JM Watkin",
              "bowler": "L Maritz",
              "non_striker": "SW Bates",
              "runs": {
                "batter": 0,
                "extras": 0,
                "total": 0
              }
            },
            {
              "batter": "JM Watkin",
              "bowler": "L Maritz",
              "extras": {
                "wides": 1
              },
              "non_striker": "SW Bates",
              "runs": {
                "batter": 0,
                "extras": 1,
                "total": 1
              }
            },
            {
              "batter": "JM Watkin",
              "bowler": "L Maritz",
              "non_striker": "SW Bates",
              "runs": {
                "batter": 4,
                "extras": 0,
                "total": 4
              }
            },
            {
              "batter": "JM Watkin",
              "bowler": "L Maritz",
              "non_striker": "SW Bates",
              "runs": {
                "batter": 4,
                "extras": 0,
                "total": 4
              }
            }
          ]
        },
        {
          "over": 4,
          "deliveries": [
            {
              "batter": "SW Bates",
              "bowler": "GH Lewis",
              "non_striker": "JM Watkin",
              "runs": {
                "batter": 1,
                "extras": 0,
                "total": 1
              }
            },
            {
              "batter": "JM Watkin",
              "bowler": "GH Lewis",
              "non_striker": "SW Bates",
              "runs": {
                "batter": 1,
                "extras": 0,
                "total": 1
              }
            },
            {
              "batter": "SW Bates",
              "bowler": "GH Lewis",
              "non_striker": "JM Watkin",
              "runs": {
                "batter": 1,
                "extras": 0,
                "total": 1
              }
            },
            {
              "batter": "JM Watkin",
              "bowler": "GH Lewis",
              "non_striker": "SW Bates",
              "runs": {
                "batter": 4,
                "extras": 0,
                "total": 4
              }
            },
            {
              "batter": "JM Watkin",
              "bowler": "GH Lewis",
              "non_striker": "SW Bates",
              "runs": {
                "batter": 6,
                "extras": 0,
                "total": 6
              }
            },
            {
              "batter": "JM Watkin",
              "bowler": "GH Lewis",
              "non_striker": "SW Bates",
              "runs": {
                "batter": 1,
                "extras": 0,
                "total": 1
              }
            }
          ]
        },
        {
          "over": 5,
          "deliveries": [
            {
              "batter": "JM Watkin",
              "bowler": "L Maritz",
              "non_striker": "SW Bates",
              "runs": {
                "batter": 1,
                "extras": 0,
                "total": 1
              }
            },
            {
              "batter": "SW Bates",
              "bowler": "L Maritz",
              "non_striker": "JM Watkin",
              "runs": {
                "batter": 4,
                "extras": 0,
                "total": 4
              }
            },
            {
              "batter": "SW Bates",
              "bowler": "L Maritz",
              "non_striker": "JM Watkin",
              "runs": {
                "batter": 0,
                "extras": 0,
                "total": 0
              }
            },
            {
              "batter": "SW Bates",
              "bowler": "L Maritz",
              "non_striker": "JM Watkin",
              "runs": {
                "batter": 4,
                "extras": 0,
                "total": 4
              }
            },
            {
              "batter": "SW Bates",
              "bowler": "L Maritz",
              "non_striker": "JM Watkin",
              "runs": {
                "batter": 0,
                "extras": 0,
                "total": 0
              }
            },
            {
              "batter": "SW Bates",
              "bowler": "L Maritz",
              "non_striker": "JM Watkin",
              "runs": {
                "batter": 0,
                "extras": 0,
                "total": 0
              }
            }
          ]
        },
        {
          "over": 6,
          "deliveries": [
            {
              "batter": "JM Watkin",
              "bowler": "GH Lewis",
              "non_striker": "SW Bates",
              "runs": {
                "batter": 4,
                "extras": 0,
                "total": 4
              }
            },
            {
              "batter": "JM Watkin",
              "bowler": "GH Lewis",
              "non_striker": "SW Bates",
              "runs": {
                "batter": 0,
                "extras": 0,
                "total": 0
              }
            },
            {
              "batter": "JM Watkin",
              "bowler": "GH Lewis",
              "non_striker": "SW Bates",
              "runs": {
                "batter": 4,
                "extras": 0,
                "total": 4
              }
            },
            {
              "batter": "JM Watkin",
              "bowler": "GH Lewis",
              "non_striker": "SW Bates",
              "runs": {
                "batter": 0,
                "extras": 0,
                "total": 0
              }
            },
            {
              "batter": "JM Watkin",
              "bowler": "GH Lewis",
              "non_striker": "SW Bates",
              "runs": {
                "batter": 6,
                "extras": 0,
                "total": 6
              }
            },
            {
              "batter": "JM Watkin",
              "bowler": "GH Lewis",
              "non_striker": "SW Bates",
              "runs": {
                "batter": 0,
                "extras": 0,
                "total": 0
              }
            }
          ]
        },
        {
          "over": 7,
          "deliveries": [
            {
              "batter": "SW Bates",
              "bowler": "C Murray",
              "non_striker": "JM Watkin",
              "runs": {
                "batter": 1,
                "extras": 0,
                "total": 1
              }
            },
            {
              "batter": "JM Watkin",
              "bowler": "C Murray",
              "non_striker": "SW Bates",
              "runs": {
                "batter": 4,
                "extras": 0,
                "total": 4
              }
            },
            {
              "batter": "JM Watkin",
              "bowler": "C Murray",
              "non_striker": "SW Bates",
              "runs": {
                "batter": 1,
                "extras": 0,
                "total": 1
              }
            },
            {
              "batter": "SW Bates",
              "bowler": "C Murray",
              "non_striker": "JM Watkin",
              "runs": {
                "batter": 1,
                "extras": 0,
                "total": 1
              }
            },
            {
              "batter": "JM Watkin",
              "bowler": "C Murray",
              "non_striker": "SW Bates",
              "runs": {
                "batter": 1,
                "extras": 0,
                "total": 1
              }
            },
            {
              "batter": "SW Bates",
              "bowler": "C Murray",
              "non_striker": "JM Watkin",
              "runs": {
                "batter": 4,
                "extras": 0,
                "total": 4
              }
            }
          ]
        },
        {
          "over": 8,
          "deliveries": [
            {
              "batter": "JM Watkin",
              "bowler": "AJ Kenealy",
              "non_striker": "SW Bates",
              "runs": {
                "batter": 1,
                "extras": 0,
                "total": 1
              }
            },
            {
              "batter": "SW Bates",
              "bowler": "AJ Kenealy",
              "non_striker": "JM Watkin",
              "runs": {
                "batter": 1,
                "extras": 0,
                "total": 1
              }
            },
            {
              "batter": "JM Watkin",
              "bowler": "AJ Kenealy",
              "non_striker": "SW Bates",
              "runs": {
                "batter": 1,
                "extras": 0,
                "total": 1
              }
            },
            {
              "batter": "SW Bates",
              "bowler": "AJ Kenealy",
              "non_striker": "JM Watkin",
              "runs": {
                "batter": 1,
                "extras": 0,
                "total": 1
              }
            },
            {
              "batter": "JM Watkin",
              "bowler": "AJ Kenealy",
              "non_striker": "SW Bates",
              "runs": {
                "batter": 2,
                "extras": 0,
                "total": 2
              }
            },
            {
              "batter": "JM Watkin",
              "bowler": "AJ Kenealy",
              "non_striker": "SW Bates",
              "runs": {
                "batter": 6,
                "extras": 0,
                "total": 6
              }
            }
          ]
        },
        {
          "over": 9,
          "deliveries": [
            {
              "batter": "SW Bates",
              "bowler": "C Murray",
              "non_striker": "JM Watkin",
              "runs": {
                "batter": 6,
                "extras": 0,
                "total": 6
              }
            },
            {
              "batter": "SW Bates",
              "bowler": "C Murray",
              "non_striker": "JM Watkin",
              "runs": {
                "batter": 4,
                "extras": 0,
                "total": 4
              }
            },
            {
              "batter": "SW Bates",
              "bowler": "C Murray",
              "non_striker": "JM Watkin",
              "runs": {
                "batter": 1,
                "extras": 0,
                "total": 1
              }
            },
            {
              "batter": "JM Watkin",
              "bowler": "C Murray",
              "non_striker": "SW Bates",
              "runs": {
                "batter": 4,
                "extras": 0,
                "total": 4
              }
            },
            {
              "batter": "JM Watkin",
              "bowler": "C Murray",
              "non_striker": "SW Bates",
              "runs": {
                "batter": 0,
                "extras": 0,
                "total": 0
              }
            },
            {
              "batter": "JM Watkin",
              "bowler": "C Murray",
              "non_striker": "SW Bates",
              "runs": {
                "batter": 4,
                "extras": 0,
                "total": 4
              }
            }
          ]
        },
        {
          "over": 10,
          "deliveries": [
            {
              "batter": "SW Bates",
              "bowler": "Rachel Delaney",
              "non_striker": "JM Watkin",
              "runs": {
                "batter": 4,
                "extras": 0,
                "total": 4
              }
            },
            {
              "batter": "SW Bates",
              "bowler": "Rachel Delaney",
              "non_striker": "JM Watkin",
              "runs": {
                "batter": 4,
                "extras": 0,
                "total": 4
              }
            },
            {
              "batter": "SW Bates",
              "bowler": "Rachel Delaney",
              "non_striker": "JM Watkin",
              "runs": {
                "batter": 2,
                "extras": 0,
                "total": 2
              }
            },
            {
              "batter": "SW Bates",
              "bowler": "Rachel Delaney",
              "non_striker": "JM Watkin",
              "runs": {
                "batter": 1,
                "extras": 0,
                "total": 1
              }
            },
            {
              "batter": "JM Watkin",
              "bowler": "Rachel Delaney",
              "non_striker": "SW Bates",
              "runs": {
                "batter": 1,
                "extras": 0,
                "total": 1
              }
            },
            {
              "batter": "SW Bates",
              "bowler": "Rachel Delaney",
              "non_striker": "JM Watkin",
              "runs": {
                "batter": 6,
                "extras": 0,
                "total": 6
              }
            }
          ]
        }
      ],
      "powerplays": [
        {
          "from": 0.1,
          "to": 5.6,
          "type": "mandatory"
        }
      ],
      "target": {
        "overs": 20,
        "runs": 137
      }
    }
  ]
}