{
  "meta": {
    "data_version": "1.0.0",
    "created": "2020-07-06",
    "revision": 1
  },
  "info": {
    "balls_per_over": 6,
    "city": "Dehradun",
    "dates": [
      "2018-06-07"
    ],
    "event": {
      "name": "Afghanistan tour of India",
      "match_number": 3
    },
    "gender": "male",
    "match_type": "T20",
    "match_type_number": 669,
    "missing": [
      "reviews"
    ],
    "officials": {
      "match_referees": [
        "AJ Pycroft"
      ],
      "reserve_umpires": [
        "Mehmood Kharotai"
      ],
      "tv_umpires": [
        "Bismillah Shinwari"
      ],
      "umpires": [
        "Ahmed Shah Pakteen",
        "Izatullah Safi"
      ]
    },
    "outcome": {
      "winner": "Afghanistan",
      "by": {
        "runs": 1
      }
    },
    "overs": 20,
    "player_of_match": [
      "Mushfiqur Rahim"
    ],
    "players": {
      "Afghanistan": [
        "Mohammad Shahzad",
        "Usman Ghani",
        "Asghar Stanikzai",
        "Samiullah Shenwari",
        "Mohammad Nabi",
        "Najibullah Zadran",
        "Shafiqullah",
        "Rashid Khan",
        "Karim Janat",
        "Mujeeb Ur Rahman",
        "Aftab Alam"
      ],
      "Bangladesh": [
        "Liton Das",
        "Tamim Iqbal",
        "Soumya Sarkar",
        "Mushfiqur Rahim",
        "Shakib Al Hasan",
        "Mahmudullah",
        "Ariful Haque",
        "Mehedi Hasan Miraz",
        "Abu Hider",
        "Nazmul Islam",
        "Abu Jayed"
      ]
    },
    "registry": {
      "people": {
        "AJ Pycroft": "685d3f80",
        "Abu Hider": "31803fac",
        "Abu Jayed": "1bb0993e",
        "Aftab Alam": "2a3a3786",
        "Ahmed Shah Pakteen": "43602937",
        "Ariful Haque": "ad1730bc",
        "Asghar Stanikzai": "88679525",
        "Bismillah Shinwari": "cae815a0",
        "Darwish Rasooli": "3b2114a5",
        "Izatullah Safi": "0429e73e",
        "Karim Janat": "62175638",
        "Liton Das": "0404d43c",
        "Mahmudullah": "bf1d7d3e",
        "Mehedi Hasan Miraz": "c58b0108",
        "Mehmood Kharotai": "29ea9edd",
        "Mohammad Nabi": "62af8546",
        "Mohammad Shahzad": "d6dcb0c9",
        "Mujeeb Ur Rahman": "7d92277a",
        "Mushfiqur Rahim": "a94e08ea",
        "Najibullah Zadran": "1212cbec",
        "Nazmul Islam": "6575e3bc",
        "Rashid Khan": "5f547c8b",
        "Sabbir Rahman": "7147f314",
        "Samiullah Shenwari": "61646132",
        "Shafiqullah": "ba4d600a",
        "Shakib Al Hasan": "7dc35884",
        "Soumya Sarkar": "4d9f9686",
        "Tamim Iqbal": "3b041a12",
        "Usman Ghani": "e3829b2a"
      }
    },
    "season": "2018",
    "team_type": "international",
    "teams": [
      "Afghanistan",
      "Bangladesh"
    ],
    "toss": {
      "decision": "bat",
      "winner": "Afghanistan"
    },
    "venue": "Rajiv Gandhi International Cricket Stadium"
  },
  "innings": [
    {
      "team": "Afghanistan",
      "overs": [
        {
          "over": 0,
          "deliveries": [
            {
              "batter": "Mohammad Shahzad",
              "bowler": "Mehedi Hasan Miraz",
              "non_striker": "Usman Ghani",
              "runs": {
                "batter": 0,
                "extras": 0,
                "total": 0
              }
            },
            {
              "batter": "Mohammad Shahzad",
              "bowler": "Mehedi Hasan Miraz",
              "non_striker": "Usman Ghani",
              "runs": {
                "batter": 4,
                "extras": 0,
                "total": 4
              }
            },
            {
              "batter": "Mohammad Shahzad",
              "bowler": "Mehedi Hasan Miraz",
              "extras": {
                "wides": 3
              },
              "non_striker": "Usman Ghani",
              "runs": {
                "batter": 0,
                "extras": 3,
                "total": 3
              }
            },
            {
              "batter": "Mohammad Shahzad",
              "bowler": "Mehedi Hasan Miraz",
              "non_striker": "Usman Ghani",
              "runs": {
                "batter": 0,
                "extras": 0,
                "total": 0
              }
            },
            {
              "batter": "Mohammad Shahzad",
              "bowler": "Mehedi Hasan Miraz",
              "non_striker": "Usman Ghani",
              "runs": {
                "batter": 0,
                "extras": 0,
                "total": 0
              }
            },
            {
              "batter": "Mohammad Shahzad",
              "bowler": "Mehedi Hasan Miraz",
              "extras": {
                "wides": 1
              },
              "non_striker": "Usman Ghani",
              "runs": {
                "batter": 0,
                "extras": 1,
                "total": 1
              }
            },
            {
              "batter": "Mohammad Shahzad",
              "bowler": "Mehedi Hasan Miraz",
              "non_striker": "Usman Ghani",
              "runs": {
                "batter": 4,
                "extras": 0,
                "total": 4
              }
            },
            {
              "batter": "Mohammad Shahzad",
              "bowler": "Mehedi Hasan Miraz",
              "non_striker": "Usman Ghani",
              "runs": {
                "batter": 6,
                "extras": 0,
                "total": 6
              }
            }
          ]
        },
        {
          "over": 1,
          "deliveries": [
            {
              "batter": "Usman Ghani",
              "bowler": "Nazmul Islam",
              "non_striker": "Mohammad Shahzad",
              "runs": {
                "batter": 0,
                "extras": 0,
                "total": 0
              }
            },
            {
              "batter": "Usman Ghani",
              "bowler": "Nazmul Islam",
              "non_striker": "Mohammad Shahzad",
              "runs": {
                "batter": 1,
                "extras": 0,
                "total": 1
              }
            },
            {
              "batter": "Mohammad Shahzad",
              "bowler": "Nazmul Islam",
              "non_striker": "Usman Ghani",
              "runs": {
                "batter": 1,
                "extras": 0,
                "total": 1
              }
            },
            {
              "batter": "Usman Ghani",
              "bowler": "Nazmul Islam",
              "non_striker": "Mohammad Shahzad",
              "runs": {
                "batter": 0,
                "extras": 0,
                "total": 0
              }
            },
            {
              "batter": "Usman Ghani",
              "bowler": "Nazmul Islam",
              "non_striker": "Mohammad Shahzad",
              "runs": {
                "batter": 0,
                "extras": 0,
                "total": 0
              }
            },
            {
              "batter": "Usman Ghani",
              "bowler": "Nazmul Islam",
              "non_striker": "Mohammad Shahzad",
              "runs": {
                "batter": 0,
                "extras": 0,
                "total": 0
              }
            }
          ]
        },
        {
          "over": 2,
          "deliveries": [
            {
              "batter": "Mohammad Shahzad",
              "bowler": "Shakib Al Hasan",
              "non_striker": "Usman Ghani",
              "runs": {
                "batter": 1,
                "extras": 0,
                "total": 1
              }
            },
            {
              "batter": "Usman Ghani",
              "bowler": "Shakib Al Hasan",
              "non_striker": "Mohammad Shahzad",
              "runs": {
                "batter": 1,
                "extras": 0,
                "total": 1
              }
            },
            {
              "batter": "Mohammad Shahzad",
              "bowler": "Shakib Al Hasan",
              "non_striker": "Usman Ghani",
              "runs": {
                "batter": 0,
                "extras": 0,
                "total": 0
              }
            },
            {
              "batter": "Mohammad Shahzad",
              "bowler": "Shakib Al Hasan",
              "non_striker": "Usman Ghani",
              "runs": {
                "batter": 4,
                "extras": 0,
                "total": 4
              }
            },
            {
              "batter": "Mohammad Shahzad",
              "bowler": "Shakib Al Hasan",
              "non_striker": "Usman Ghani",
              "runs": {
                "batter": 0,
                "extras": 0,
                "total": 0
              }
            },
            {
              "batter": "Mohammad Shahzad",
              "bowler": "Shakib Al Hasan",
              "non_striker": "Usman Ghani",
              "runs": {
                "batter": 0,
                "extras": 0,
                "total": 0
              }
            }
          ]
        },
        {
          "over": 3,
          "deliveries": [
            {
              "batter": "Usman Ghani",
              "bowler": "Abu Hider",
              "non_striker": "Mohammad Shahzad",
              "runs": {
                "batter": 0,
                "extras": 0,
                "total": 0
              }
            },
            {
              "batter": "Usman Ghani",
              "bowler": "Abu Hider",
              "extras": {
                "legbyes": 1
              },
              "non_striker": "Mohammad Shahzad",
              "runs": {
                "batter": 0,
                "extras": 1,
                "total": 1
              }
            },
            {
              "batter": "Mohammad Shahzad",
              "bowler": "Abu Hider",
              "non_striker": "Usman Ghani",
              "runs": {
                "batter": 1,
                "extras": 0,
                "total": 1
              }
            },
            {
              "batter": "Usman Ghani",
              "bowler": "Abu Hider",
              "extras": {
                "wides": 5
              },
              "non_striker": "Mohammad Shahzad",
              "runs": {
                "batter": 0,
                "extras": 5,
                "total": 5
              }
            },
            {
              "batter": "Usman Ghani",
              "bowler": "Abu Hider",
              "non_striker": "Mohammad Shahzad",
              "runs": {
                "batter": 0,
                "extras": 0,
                "total": 0
              }
            },
            {
              "batter": "Usman Ghani",
              "bowler": "Abu Hider",
              "non_striker": "Mohammad Shahzad",
              "runs": {
                "batter": 0,
                "extras": 0,
                "total": 0
              }
            },
            {
              "batter": "Usman Ghani",
              "bowler": "Abu Hider",
              "non_striker": "Mohammad Shahzad",
              "runs": {
                "batter": 1,
                "extras": 0,
                "total": 1
              }
            }
          ]
        },
        {
          "over": 4,
          "deliveries": [
            {
              "batter": "Usman Ghani",
              "bowler": "Shakib Al Hasan",
              "non_striker": "Mohammad Shahzad",
              "runs": {
                "batter": 0,
                "extras": 0,
                "total": 0
              }
            },
            {
              "batter": "Usman Ghani",
              "bowler": "Shakib Al Hasan",
              "non_striker": "Mohammad Shahzad",
              "runs": {
                "batter": 0,
                "extras": 0,
                "total": 0
              }
            },
            {
              "batter": "Usman Ghani",
              "bowler": "Shakib Al Hasan",
              "non_striker": "Mohammad Shahzad",
              "runs": {
                "batter": 1,
                "extras": 0,
                "total": 1
              }
            },
            {
              "batter": "Mohammad Shahzad",
              "bowler": "Shakib Al Hasan",
              "non_striker": "Usman Ghani",
              "runs": {
                "batter": 0,
                "extras": 0,
                "total": 0
              }
            },
            {
              "batter": "Mohammad Shahzad",
              "bowler": "Shakib Al Hasan",
              "non_striker": "Usman Ghani",
              "runs": {
                "batter": 0,
                "extras": 0,
                "total": 0
              }
            },
            {
              "batter": "Mohammad Shahzad",
              "bowler": "Shakib Al Hasan",
              "non_striker": "Usman Ghani",
              "runs": {
                "batter": 0,
                "extras": 0,
                "total": 0
              }
            }
          ]
        },
        {
          "over": 5,
          "deliveries": [
            {
              "batter": "Usman Ghani",
              "bowler": "Nazmul Islam",
              "non_striker": "Mohammad Shahzad",
              "runs": {
                "batter": 2,
                "extras": 0,
                "total": 2
              }
            },
            {
              "batter": "Usman Ghani",
              "bowler": "Nazmul Islam",
              "non_striker": "Mohammad Shahzad",
              "runs": {
                "batter": 0,
                "extras": 0,
                "total": 0
              }
            },
            {
              "batter": "Usman Ghani",
              "bowler": "Nazmul Islam",
              "non_striker": "Mohammad Shahzad",
              "runs": {
                "batter": 6,
                "extras": 0,
                "total": 6
              }
            },
            {
              "batter": "Usman Ghani",
              "bowler": "Nazmul Islam",
              "non_striker": "Mohammad Shahzad",
              "runs": {
                "batter": 0,
                "extras": 0,
                "total": 0
              }
            },
            {
              "batter": "Usman Ghani",
              "bowler": "Nazmul Islam",
              "non_striker": "Mohammad Shahzad",
              "runs": {
                "batter": 0,
                "extras": 0,
                "total": 0
              }
            },
            {
              "batter": "Usman Ghani",
              "bowler": "Nazmul Islam",
              "non_striker": "Mohammad Shahzad",
              "runs": {
                "batter": 0,
                "extras": 0,
                "total": 0
              }
            }
          ]
        },
        {
          "over": 6,
          "deliveries": [
            {
              "batter": "Mohammad Shahzad",
              "bowler": "Soumya Sarkar",
              "non_striker": "Usman Ghani",
              "runs": {
                "batter": 1,
                "extras": 0,
                "total": 1
              }
            },
            {
              "batter": "Usman Ghani",
              "bowler": "Soumya Sarkar",
              "non_striker": "Mohammad Shahzad",
              "runs": {
                "batter": 1,
                "extras": 0,
                "total": 1
              }
            },
            {
              "batter": "Mohammad Shahzad",
              "bowler": "Soumya Sarkar",
              "non_striker": "Usman Ghani",
              "runs": {
                "batter": 0,
                "extras": 0,
                "total": 0
              }
            },
            {
              "batter": "Mohammad Shahzad",
              "bowler": "Soumya Sarkar",
              "non_striker": "Usman Ghani",
              "runs": {
                "batter": 1,
                "extras": 0,
                "total": 1
              }
            },
            {
              "batter": "Usman Ghani",
              "bowler": "Soumya Sarkar",
              "extras": {
                "wides": 1
              },
              "non_striker": "Mohammad Shahzad",
              "runs": {
                "batter": 0,
                "extras": 1,
                "total": 1
              }
            },
            {
              "batter": "Usman Ghani",
              "bowler": "Soumya Sarkar",
              "non_striker": "Mohammad Shahzad",
              "runs": {
                "batter": 4,
                "extras": 0,
                "total": 4
              }
            },
            {
              "batter": "Usman Ghani",
              "bowler": "Soumya Sarkar",
              "non_striker": "Mohammad Shahzad",
              "runs": {
                "batter": 0,
                "extras": 0,
                "total": 0
              }
            }
          ]
        },
        {
          "over": 7,
          "deliveries": [
            {
              "batter": "Mohammad Shahzad",
              "bowler": "Nazmul Islam",
              "non_striker": "Usman Ghani",
              "runs": {
                "batter": 2,
                "extras": 0,
                "total": 2
              }
            },
            {
              "batter": "Mohammad Shahzad",
              "bowler": "Nazmul Islam",
              "non_striker": "Usman Ghani",
              "runs": {
                "batter": 1,
                "extras": 0,
                "total": 1
              }
            },
            {
              "batter": "Usman Ghani",
              "bowler": "Nazmul Islam",
              "non_striker": "Mohammad Shahzad",
              "runs": {
                "batter": 1,
                "extras": 0,
                "total": 1
              }
            },
            {
              "batter": "Mohammad Shahzad",
              "bowler": "Nazmul Islam",
              "non_striker": "Usman Ghani",
              "runs": {
                "batter": 0,
                "extras": 0,
                "total": 0
              },
              "wickets": [
                {
                  "player_out": "Mohammad Shahzad",
                  "kind": "lbw"
                }
              ]
            },
            {
              "batter": "Asghar Stanikzai",
              "bowler": "Nazmul Islam",
              "non_striker": "Usman Ghani",
              "runs": {
                "batter": 0,
                "extras": 0,
                "total": 0
              }
            },
            {
              "batter": "Asghar Stanikzai",
              "bowler": "Nazmul Islam",
              "non_striker": "Usman Ghani",
              "runs": {
                "batter": 1,
                "extras": 0,
                "total": 1
              }
            }
          ]
        },
        {
          "over": 8,
          "deliveries": [
            {
              "batter": "Asghar Stanikzai",
              "bowler": "Abu Jayed",
              "non_striker": "Usman Ghani",
              "runs": {
                "batter": 1,
                "extras": 0,
                "total": 1
              }
            },
            {
              "batter": "Usman Ghani",
              "bowler": "Abu Jayed",
              "non_striker": "Asghar Stanikzai",
              "runs": {
                "batter": 1,
                "extras": 0,
                "total": 1
              }
            },
            {
              "batter": "Asghar Stanikzai",
              "bowler": "Abu Jayed",
              "non_striker": "Usman Ghani",
              "runs": {
                "batter": 0,
                "extras": 0,
                "total": 0
              }
            },
            {
              "batter": "Asghar Stanikzai",
              "bowler": "Abu Jayed",
              "non_striker": "Usman Ghani",
              "runs": {
                "batter": 1,
                "extras": 0,
                "total": 1
              }
            },
            {
              "batter": "Usman Ghani",
              "bowler": "Abu Jayed",
              "non_striker": "Asghar Stanikzai",
              "runs": {
                "batter": 0,
                "extras": 0,
                "total": 0
              },
              "wickets": [
                {
                  "player_out": "Usman Ghani",
                  "fielders": [
                    {
                      "name": "Mushfiqur Rahim"
                    }
                  ],
                  "kind": "caught"
                }
              ]
            },
            {
              "batter": "Samiullah Shenwari",
              "bowler": "Abu Jayed",
              "non_striker": "Asghar Stanikzai",
              "runs": {
                "batter": 0,
                "extras": 0,
                "total": 0
              }
            }
          ]
        },
        {
          "over": 9,
          "deliveries": [
            {
              "batter": "Asghar Stanikzai",
              "bowler": "Abu Hider",
              "non_striker": "Samiullah Shenwari",
              "runs": {
                "batter": 1,
                "extras": 0,
                "total": 1
              }
            },
            {
              "batter": "Samiullah Shenwari",
              "bowler": "Abu Hider",
              "non_striker": "Asghar Stanikzai",
              "runs": {
                "batter": 0,
                "extras": 0,
                "total": 0
              }
            },
            {
              "batter": "Samiullah Shenwari",
              "bowler": "Abu Hider",
              "non_striker": "Asghar Stanikzai",
              "runs": {
                "batter": 1,
                "extras": 0,
                "total": 1
              }
            },
            {
              "batter": "Asghar Stanikzai",
              "bowler": "Abu Hider",
              "non_striker": "Samiullah Shenwari",
              "runs": {
                "batter": 1,
                "extras": 0,
                "total": 1
              }
            },
            {
              "batter": "Samiullah Shenwari",
              "bowler": "Abu Hider",
              "non_striker": "Asghar Stanikzai",
              "runs": {
                "batter": 1,
                "extras": 0,
                "total": 1
              }
            },
            {
              "batter": "Asghar Stanikzai",
              "bowler": "Abu Hider",
              "non_striker": "Samiullah Shenwari",
              "runs": {
                "batter": 1,
                "extras": 0,
                "total": 1
              }
            }
          ]
        },
        {
          "over": 10,
          "deliveries": [
            {
              "batter": "Asghar Stanikzai",
              "bowler": "Mehedi Hasan Miraz",
              "non_striker": "Samiullah Shenwari",
              "runs": {
                "batter": 6,
                "extras": 0,
                "total": 6
              }
            },
            {
              "batter": "Asghar Stanikzai",
              "bowler": "Mehedi Hasan Miraz",
              "non_striker": "Samiullah Shenwari",
              "runs": {
                "batter": 1,
                "extras": 0,
                "total": 1
              }
            },
            {
              "batter": "Samiullah Shenwari",
              "bowler": "Mehedi Hasan Miraz",
              "non_striker": "Asghar Stanikzai",
              "runs": {
                "batter": 1,
                "extras": 0,
                "total": 1
              }
            },
            {
              "batter": "Asghar Stanikzai",
              "bowler": "Mehedi Hasan Miraz",
              "non_striker": "Samiullah Shenwari",
              "runs": {
                "batter": 1,
                "extras": 0,
                "total": 1
              }
            },
            {
              "batter": "Samiullah Shenwari",
              "bowler": "Mehedi Hasan Miraz",
              "non_striker": "Asghar Stanikzai",
              "runs": {
                "batter": 0,
                "extras": 0,
                "total": 0
              }
            },
            {
              "batter": "Samiullah Shenwari",
              "bowler": "Mehedi Hasan Miraz",
              "non_striker": "Asghar Stanikzai",
              "runs": {
                "batter": 0,
                "extras": 0,
                "total": 0
              }
            }
          ]
        },
        {
          "over": 11,
          "deliveries": [
            {
              "batter": "Asghar Stanikzai",
              "bowler": "Abu Jayed",
              "non_striker": "Samiullah Shenwari",
              "runs": {
                "batter": 0,
                "extras": 0,
                "total": 0
              }
            },
            {
              "batter": "Asghar Stanikzai",
              "bowler": "Abu Jayed",
              "non_striker": "Samiullah Shenwari",
              "runs": {
                "batter": 1,
                "extras": 0,
                "total": 1
              }
            },
            {
              "batter": "Samiullah Shenwari",
              "bowler": "Abu Jayed",
              "non_striker": "Asghar Stanikzai",
              "runs": {
                "batter": 0,
                "extras": 0,
                "total": 0
              }
            },
            {
              "batter": "Samiullah Shenwari",
              "bowler": "Abu Jayed",
              "non_striker": "Asghar Stanikzai",
              "runs": {
                "batter": 1,
                "extras": 0,
                "total": 1
              }
            },
            {
              "batter": "Asghar Stanikzai",
              "bowler": "Abu Jayed",
              "extras": {
                "wides": 1
              },
              "non_striker": "Samiullah Shenwari",
              "runs": {
                "batter": 0,
                "extras": 1,
                "total": 1
              }
            },
            {
              "batter": "Asghar Stanikzai",
              "bowler": "Abu Jayed",
              "non_striker": "Samiullah Shenwari",
              "runs": {
                "batter": 6,
                "extras": 0,
                "total": 6
              }
            },
            {
              "batter": "Asghar Stanikzai",
              "bowler": "Abu Jayed",
              "non_striker": "Samiullah Shenwari",
              "runs": {
                "batter": 0,
                "extras": 0,
                "total": 0
              }
            }
          ]
        },
        {
          "over": 12,
          "deliveries": [
            {
              "batter": "Samiullah Shenwari",
              "bowler": "Ariful Haque",
              "non_striker": "Asghar Stanikzai",
              "runs": {
                "batter": 0,
                "extras": 0,
                "total": 0
              }
            },
            {
              "batter": "Samiullah Shenwari",
              "bowler": "Ariful Haque",
              "non_striker": "Asghar Stanikzai",
              "runs": {
                "batter": 6,
                "extras": 0,
                "total": 6
              }
            },
            {
              "batter": "Samiullah Shenwari",
              "bowler": "Ariful Haque",
              "non_striker": "Asghar Stanikzai",
              "runs": {
                "batter": 1,
                "extras": 0,
                "total": 1
              }
            },
            {
              "batter": "Asghar Stanikzai",
              "bowler": "Ariful Haque",
              "non_striker": "Samiullah Shenwari",
              "runs": {
                "batter": 6,
                "extras": 0,
                "total": 6
              }
            },
            {
              "batter": "Asghar Stanikzai",
              "bowler": "Ariful Haque",
              "non_striker": "Samiullah Shenwari",
              "runs": {
                "batter": 0,
                "extras": 0,
                "total": 0
              },
              "wickets": [
                {
                  "player_out": "Asghar Stanikzai",
                  "fielders": [
                    {
                      "name": "Sabbir Rahman",
                      "substitute": true
                    }
                  ],
                  "kind": "caught"
                }
              ]
            },
            {
              "batter": "Samiullah Shenwari",
              "bowler": "Ariful Haque",
              "non_striker": "Mohammad Nabi",
              "runs": {
                "batter": 0,
                "extras": 0,
                "total": 0
              }
            }
          ]
        },
        {
          "over": 13,
          "deliveries": [
            {
              "batter": "Mohammad Nabi",
              "bowler": "Abu Hider",
              "non_striker": "Samiullah Shenwari",
              "runs": {
                "batter": 1,
                "extras": 0,
                "total": 1
              }
            },
            {
              "batter": "Samiullah Shenwari",
              "bowler": "Abu Hider",
              "non_striker": "Mohammad Nabi",
              "runs": {
                "batter": 1,
                "extras": 0,
                "total": 1
              }
            },
            {
              "batter": "Mohammad Nabi",
              "bowler": "Abu Hider",
              "non_striker": "Samiullah Shenwari",
              "runs": {
                "batter": 0,
                "extras": 0,
                "total": 0
              }
            },
            {
              "batter": "Mohammad Nabi",
              "bowler": "Abu Hider",
              "non_striker": "Samiullah Shenwari",
              "runs": {
                "batter": 1,
                "extras": 0,
                "total": 1
              }
            },
            {
              "batter": "Samiullah Shenwari",
              "bowler": "Abu Hider",
              "extras": {
                "wides": 1
              },
              "non_striker": "Mohammad Nabi",
              "runs": {
                "batter": 0,
                "extras": 1,
                "total": 1
              }
            },
            {
              "batter": "Samiullah Shenwari",
              "bowler": "Abu Hider",
              "non_striker": "Mohammad Nabi",
              "runs": {
                "batter": 1,
                "extras": 0,
                "total": 1
              }
            },
            {
              "batter": "Mohammad Nabi",
              "bowler": "Abu Hider",
              "non_striker": "Samiullah Shenwari",
              "runs": {
                "batter": 1,
                "extras": 0,
                "total": 1
              }
            }
          ]
        },
        {
          "over": 14,
          "deliveries": [
            {
              "batter": "Mohammad Nabi",
              "bowler": "Abu Jayed",
              "non_striker": "Samiullah Shenwari",
              "runs": {
                "batter": 0,
                "extras": 0,
                "total": 0
              },
              "wickets": [
                {
                  "player_out": "Mohammad Nabi",
                  "fielders": [
                    {
                      "name": "Mahmudullah"
                    }
                  ],
                  "kind": "caught"
                }
              ]
            },
            {
              "batter": "Najibullah Zadran",
              "bowler": "Abu Jayed",
              "extras": {
                "legbyes": 2
              },
              "non_striker": "Samiullah Shenwari",
              "runs": {
                "batter": 0,
                "extras": 2,
                "total": 2
              }
            },
            {
              "batter": "Najibullah Zadran",
              "bowler": "Abu Jayed",
              "non_striker": "Samiullah Shenwari",
              "runs": {
                "batter": 1,
                "extras": 0,
                "total": 1
              }
            },
            {
              "batter": "Samiullah Shenwari",
              "bowler": "Abu Jayed",
              "non_striker": "Najibullah Zadran",
              "runs": {
                "batter": 1,
                "extras": 0,
                "total": 1
              }
            },
            {
              "batter": "Najibullah Zadran",
              "bowler": "Abu Jayed",
              "non_striker": "Samiullah Shenwari",
              "runs": {
                "batter": 1,
                "extras": 0,
                "total": 1
              }
            },
            {
              "batter": "Samiullah Shenwari",
              "bowler": "Abu Jayed",
              "non_striker": "Najibullah Zadran",
              "runs": {
                "batter": 1,
                "extras": 0,
                "total": 1
              }
            }
          ]
        },
        {
          "over": 15,
          "deliveries": [
            {
              "batter": "Samiullah Shenwari",
              "bowler": "Shakib Al Hasan",
              "non_striker": "Najibullah Zadran",
              "runs": {
                "batter": 1,
                "extras": 0,
                "total": 1
              }
            },
            {
              "batter": "Najibullah Zadran",
              "bowler": "Shakib Al Hasan",
              "non_striker": "Samiullah Shenwari",
              "runs": {
                "batter": 0,
                "extras": 0,
                "total": 0
              }
            },
            {
              "batter": "Najibullah Zadran",
              "bowler": "Shakib Al Hasan",
              "non_striker": "Samiullah Shenwari",
              "runs": {
                "batter": 0,
                "extras": 0,
                "total": 0
              }
            },
            {
              "batter": "Najibullah Zadran",
              "bowler": "Shakib Al Hasan",
              "non_striker": "Samiullah Shenwari",
              "runs": {
                "batter": 0,
                "extras": 0,
                "total": 0
              }
            },
            {
              "batter": "Najibullah Zadran",
              "bowler": "Shakib Al Hasan",
              "non_striker": "Samiullah Shenwari",
              "runs": {
                "batter": 0,
                "extras": 0,
                "total": 0
              }
            },
            {
              "batter": "Najibullah Zadran",
              "bowler": "Shakib Al Hasan",
              "non_striker": "Samiullah Shenwari",
              "runs": {
                "batter": 1,
                "extras": 0,
                "total": 1
              }
            }
          ]
        },
        {
          "over": 16,
          "deliveries": [
            {
              "batter": "Najibullah Zadran",
              "bowler": "Abu Jayed",
              "non_striker": "Samiullah Shenwari",
              "runs": {
                "batter": 0,
                "extras": 0,
                "total": 0
              }
            },
            {
              "batter": "Najibullah Zadran",
              "bowler": "Abu Jayed",
              "non_striker": "Samiullah Shenwari",
              "runs": {
                "batter": 0,
                "extras": 0,
                "total": 0
              }
            },
            {
              "batter": "Najibullah Zadran",
              "bowler": "Abu Jayed",
              "non_striker": "Samiullah Shenwari",
              "runs": {
                "batter": 6,
                "extras": 0,
                "total": 6
              }
            },
            {
              "batter": "Najibullah Zadran",
              "bowler": "Abu Jayed",
              "non_striker": "Samiullah Shenwari",
              "runs": {
                "batter": 4,
                "extras": 0,
                "total": 4
              }
            },
            {
              "batter": "Najibullah Zadran",
              "bowler": "Abu Jayed",
              "extras": {
                "legbyes": 1
              },
              "non_striker": "Samiullah Shenwari",
              "runs": {
                "batter": 0,
                "extras": 1,
                "total": 1
              }
            },
            {
              "batter": "Samiullah Shenwari",
              "bowler": "Abu Jayed",
              "non_striker": "Najibullah Zadran",
              "runs": {
                "batter": 1,
                "extras": 0,
                "total": 1
              }
            }
          ]
        },
        {
          "over": 17,
          "deliveries": [
            {
              "batter": "Samiullah Shenwari",
              "bowler": "Abu Hider",
              "non_striker": "Najibullah Zadran",
              "runs": {
                "batter": 4,
                "extras": 0,
                "total": 4
              }
            },
            {
              "batter": "Samiullah Shenwari",
              "bowler": "Abu Hider",
              "extras": {
                "legbyes": 1
              },
              "non_striker": "Najibullah Zadran",
              "runs": {
                "batter": 0,
                "extras": 1,
                "total": 1
              }
            },
            {
              "batter": "Najibullah Zadran",
              "bowler": "Abu Hider",
              "non_striker": "Samiullah Shenwari",
              "runs": {
                "batter": 1,
                "extras": 0,
                "total": 1
              }
            },
            {
              "batter": "Samiullah Shenwari",
              "bowler": "Abu Hider",
              "non_striker": "Najibullah Zadran",
              "runs": {
                "batter": 6,
                "extras": 0,
                "total": 6
              }
            },
            {
              "batter": "Samiullah Shenwari",
              "bowler": "Abu Hider",
              "non_striker": "Najibullah Zadran",
              "runs": {
                "batter": 1,
                "extras": 0,
                "total": 1
              }
            },
            {
              "batter": "Najibullah Zadran",
              "bowler": "Abu Hider",
              "non_striker": "Samiullah Shenwari",
              "runs": {
                "batter": 1,
                "extras": 0,
                "total": 1
              }
            }
          ]
        },
        {
          "over": 18,
          "deliveries": [
            {
              "batter": "Najibullah Zadran",
              "bowler": "Shakib Al Hasan",
              "non_striker": "Samiullah Shenwari",
              "runs": {
                "batter": 0,
                "extras": 0,
                "total": 0
              },
              "wickets": [
                {
                  "player_out": "Najibullah Zadran",
                  "fielders": [
                    {
                      "name": "Mahmudullah"
                    }
                  ],
                  "kind": "caught"
                }
              ]
            },
            {
              "batter": "Shafiqullah",
              "bowler": "Shakib Al Hasan",
              "non_striker": "Samiullah Shenwari",
              "runs": {
                "batter": 2,
                "extras": 0,
                "total": 2
              }
            },
            {
              "batter": "Shafiqullah",
              "bowler": "Shakib Al Hasan",
              "non_striker": "Samiullah Shenwari",
              "runs": {
                "batter": 1,
                "extras": 0,
                "total": 1
              }
            },
            {
              "batter": "Samiullah Shenwari",
              "bowler": "Shakib Al Hasan",
              "non_striker": "Shafiqullah",
              "runs": {
                "batter": 2,
                "extras": 0,
                "total": 2
              }
            },
            {
              "batter": "Samiullah Shenwari",
              "bowler": "Shakib Al Hasan",
              "non_striker": "Shafiqullah",
              "runs": {
                "batter": 1,
                "extras": 0,
                "total": 1
              }
            },
            {
              "batter": "Shafiqullah",
              "bowler": "Shakib Al Hasan",
              "non_striker": "Samiullah Shenwari",
              "runs": {
                "batter": 1,
                "extras": 0,
                "total": 1
              }
            }
          ]
        },
        {
          "over": 19,
          "deliveries": [
            {
              "batter": "Shafiqullah",
              "bowler": "Nazmul Islam",
              "non_striker": "Samiullah Shenwari",
              "runs": {
                "batter": 0,
                "extras": 0,
                "total": 0
              }
            },
            {
              "batter": "Shafiqullah",
              "bowler": "Nazmul Islam",
              "non_striker": "Samiullah Shenwari",
              "runs": {
                "batter": 0,
                "extras": 0,
                "total": 0
              },
              "wickets": [
                {
                  "player_out": "Shafiqullah",
                  "fielders": [
                    {
                      "name": "Mehedi Hasan Miraz"
                    }
                  ],
                  "kind": "caught"
                }
              ]
            },
            {
              "batter": "Samiullah Shenwari",
              "bowler": "Nazmul Islam",
              "non_striker": "Rashid Khan",
              "runs": {
                "batter": 1,
                "extras": 0,
                "total": 1
              }
            },
            {
              "batter": "Rashid Khan",
              "bowler": "Nazmul Islam",
              "non_striker": "Samiullah Shenwari",
              "runs": {
                "batter": 1,
                "extras": 0,
                "total": 1
              }
            },
            {
              "batter": "Samiullah Shenwari",
              "bowler": "Nazmul Islam",
              "non_striker": "Rashid Khan",
              "runs": {
                "batter": 0,
                "extras": 0,
                "total": 0
              }
            },
            {
              "batter": "Samiullah Shenwari",
              "bowler": "Nazmul Islam",
              "non_striker": "Rashid Khan",
              "runs": {
                "batter": 1,
                "extras": 0,
                "total": 1
              }
            }
          ]
        }
      ],
      "powerplays": [
        {
          "from": 0.1,
          "to": 5.6,
          "type": "mandatory"
        }
      ]
    },
    {
      "team": "Bangladesh",
      "overs": [
        {
          "over": 0,
          "deliveries": [
            {
              "batter": "Liton Das",
              "bowler": "Mujeeb Ur Rahman",
              "non_striker": "Tamim Iqbal",
              "runs": {
                "batter": 1,
                "extras": 0,
                "total": 1
              }
            },
            {
              "batter": "Tamim Iqbal",
              "bowler": "Mujeeb Ur Rahman",
              "extras": {
                "wides": 1
              },
              "non_striker": "Liton Das",
              "runs": {
                "batter": 0,
                "extras": 1,
                "total": 1
              }
            },
            {
              "batter": "Tamim Iqbal",
              "bowler": "Mujeeb Ur Rahman",
              "non_striker": "Liton Das",
              "runs": {
                "batter": 1,
                "extras": 0,
                "total": 1
              }
            },
            {
              "batter": "Liton Das",
              "bowler": "Mujeeb Ur Rahman",
              "non_striker": "Tamim Iqbal",
              "runs": {
                "batter": 0,
                "extras": 0,
                "total": 0
              }
            },
            {
              "batter": "Liton Das",
              "bowler": "Mujeeb Ur Rahman",
              "non_striker": "Tamim Iqbal",
              "runs": {
                "batter": 0,
                "extras": 0,
                "total": 0
              }
            },
            {
              "batter": "Liton Das",
              "bowler": "Mujeeb Ur Rahman",
              "non_striker": "Tamim Iqbal",
              "runs": {
                "batter": 1,
                "extras": 0,
                "total": 1
              }
            },
            {
              "batter": "Tamim Iqbal",
              "bowler": "Mujeeb Ur Rahman",
              "non_striker": "Liton Das",
              "runs": {
                "batter": 0,
                "extras": 0,
                "total": 0
              }
            }
          ]
        },
        {
          "over": 1,
          "deliveries": [
            {
              "batter": "Liton Das",
              "bowler": "Aftab Alam",
              "non_striker": "Tamim Iqbal",
              "runs": {
                "batter": 0,
                "extras": 0,
                "total": 0
              }
            },
            {
              "batter": "Liton Das",
              "bowler": "Aftab Alam",
              "non_striker": "Tamim Iqbal",
              "runs": {
                "batter": 2,
                "extras": 0,
                "total": 2
              }
            },
            {
              "batter": "Liton Das",
              "bowler": "Aftab Alam",
              "non_striker": "Tamim Iqbal",
              "runs": {
                "batter": 0,
                "extras": 0,
                "total": 0
              }
            },
            {
              "batter": "Liton Das",
              "bowler": "Aftab Alam",
              "non_striker": "Tamim Iqbal",
              "runs": {
                "batter": 4,
                "extras": 0,
                "total": 4
              }
            },
            {
              "batter": "Liton Das",
              "bowler": "Aftab Alam",
              "non_striker": "Tamim Iqbal",
              "runs": {
                "batter": 1,
                "extras": 0,
                "total": 1
              }
            },
            {
              "batter": "Tamim Iqbal",
              "bowler": "Aftab Alam",
              "non_striker": "Liton Das",
              "runs": {
                "batter": 0,
                "extras": 0,
                "total": 0
              }
            }
          ]
        },
        {
          "over": 2,
          "deliveries": [
            {
              "batter": "Liton Das",
              "bowler": "Mujeeb Ur Rahman",
              "non_striker": "Tamim Iqbal",
              "runs": {
                "batter": 1,
                "extras": 0,
                "total": 1
              }
            },
            {
              "batter": "Tamim Iqbal",
              "bowler": "Mujeeb Ur Rahman",
              "non_striker": "Liton Das",
              "runs": {
                "batter": 4,
                "extras": 0,
                "total": 4
              }
            },
            {
              "batter": "Tamim Iqbal",
              "bowler": "Mujeeb Ur Rahman",
              "non_striker": "Liton Das",
              "runs": {
                "batter": 0,
                "extras": 0,
                "total": 0
              }
            },
            {
              "batter": "Tamim Iqbal",
              "bowler": "Mujeeb Ur Rahman",
              "non_striker": "Liton Das",
              "runs": {
                "batter": 0,
                "extras": 0,
                "total": 0
              },
              "wickets": [
                {
                  "player_out": "Tamim Iqbal",
                  "fielders": [
                    {
                      "name": "Darwish Rasooli",
                      "substitute": true
                    }
                  ],
                  "kind": "caught"
                }
              ]
            },
            {
              "batter": "Soumya Sarkar",
              "bowler": "Mujeeb Ur Rahman",
              "non_striker": "Liton Das",
              "runs": {
                "batter": 0,
                "extras": 0,
                "total": 0
              }
            },
            {
              "batter": "Soumya Sarkar",
              "bowler": "Mujeeb Ur Rahman",
              "non_striker": "Liton Das",
              "runs": {
                "batter": 0,
                "extras": 0,
                "total": 0
              }
            }
          ]
        },
        {
          "over": 3,
          "deliveries": [
            {
              "batter": "Liton Das",
              "bowler": "Mohammad Nabi",
              "non_striker": "Soumya Sarkar",
              "runs": {
                "batter": 1,
                "extras": 0,
                "total": 1
              }
            },
            {
              "batter": "Soumya Sarkar",
              "bowler": "Mohammad Nabi",
              "non_striker": "Liton Das",
              "runs": {
                "batter": 0,
                "extras": 0,
                "total": 0
              }
            },
            {
              "batter": "Soumya Sarkar",
              "bowler": "Mohammad Nabi",
              "non_striker": "Liton Das",
              "runs": {
                "batter": 0,
                "extras": 0,
                "total": 0
              }
            },
            {
              "batter": "Soumya Sarkar",
              "bowler": "Mohammad Nabi",
              "non_striker": "Liton Das",
              "runs": {
                "batter": 0,
                "extras": 0,
                "total": 0
              }
            },
            {
              "batter": "Soumya Sarkar",
              "bowler": "Mohammad Nabi",
              "non_striker": "Liton Das",
              "runs": {
                "batter": 1,
                "extras": 0,
                "total": 1
              }
            },
            {
              "batter": "Liton Das",
              "bowler": "Mohammad Nabi",
              "non_striker": "Soumya Sarkar",
              "runs": {
                "batter": 0,
                "extras": 0,
                "total": 0
              }
            }
          ]
        },
        {
          "over": 4,
          "deliveries": [
            {
              "batter": "Soumya Sarkar",
              "bowler": "Mujeeb Ur Rahman",
              "non_striker": "Liton Das",
              "runs": {
                "batter": 2,
                "extras": 0,
                "total": 2
              }
            },
            {
              "batter": "Soumya Sarkar",
              "bowler": "Mujeeb Ur Rahman",
              "non_striker": "Liton Das",
              "runs": {
                "batter": 4,
                "extras": 0,
                "total": 4
              }
            },
            {
              "batter": "Soumya Sarkar",
              "bowler": "Mujeeb Ur Rahman",
              "non_striker": "Liton Das",
              "runs": {
                "batter": 0,
                "extras": 0,
                "total": 0
              }
            },
            {
              "batter": "Soumya Sarkar",
              "bowler": "Mujeeb Ur Rahman",
              "non_striker": "Liton Das",
              "runs": {
                "batter": 6,
                "extras": 0,
                "total": 6
              }
            },
            {
              "batter": "Soumya Sarkar",
              "bowler": "Mujeeb Ur Rahman",
              "non_striker": "Liton Das",
              "runs": {
                "batter": 0,
                "extras": 0,
                "total": 0
              }
            },
            {
              "batter": "Soumya Sarkar",
              "bowler": "Mujeeb Ur Rahman",
              "non_striker": "Liton Das",
              "runs": {
                "batter": 1,
                "extras": 0,
                "total": 1
              }
            }
          ]
        },
        {
          "over": 5,
          "deliveries": [
            {
              "batter": "Soumya Sarkar",
              "bowler": "Mohammad Nabi",
              "non_striker": "Liton Das",
              "runs": {
                "batter": 1,
                "extras": 0,
                "total": 1
              }
            },
            {
              "batter": "Liton Das",
              "bowler": "Mohammad Nabi",
              "non_striker": "Soumya Sarkar",
              "runs": {
                "batter": 0,
                "extras": 0,
                "total": 0
              },
              "wickets": [
                {
                  "player_out": "Soumya Sarkar",
                  "kind": "run out"
                }
              ]
            },
            {
              "batter": "Liton Das",
              "bowler": "Mohammad Nabi",
              "non_striker": "Mushfiqur Rahim",
              "runs": {
                "batter": 1,
                "extras": 0,
                "total": 1
              }
            },
            {
              "batter": "Mushfiqur Rahim",
              "bowler": "Mohammad Nabi",
              "non_striker": "Liton Das",
              "runs": {
                "batter": 2,
                "extras": 0,
                "total": 2
              }
            },
            {
              "batter": "Mushfiqur Rahim",
              "bowler": "Mohammad Nabi",
              "non_striker": "Liton Das",
              "runs": {
                "batter": 0,
                "extras": 0,
                "total": 0
              },
              "wickets": [
                {
                  "player_out": "Liton Das",
                  "kind": "run out"
                }
              ]
            },
            {
              "batter": "Mushfiqur Rahim",
              "bowler": "Mohammad Nabi",
              "non_striker": "Shakib Al Hasan",
              "runs": {
                "batter": 0,
                "extras": 0,
                "total": 0
              }
            }
          ]
        },
        {
          "over": 6,
          "deliveries": [
            {
              "batter": "Shakib Al Hasan",
              "bowler": "Karim Janat",
              "non_striker": "Mushfiqur Rahim",
              "runs": {
                "batter": 0,
                "extras": 0,
                "total": 0
              }
            },
            {
              "batter": "Shakib Al Hasan",
              "bowler": "Karim Janat",
              "non_striker": "Mushfiqur Rahim",
              "runs": {
                "batter": 1,
                "extras": 0,
                "total": 1
              }
            },
            {
              "batter": "Mushfiqur Rahim",
              "bowler": "Karim Janat",
              "extras": {
                "wides": 1
              },
              "non_striker": "Shakib Al Hasan",
              "runs": {
                "batter": 0,
                "extras": 1,
                "total": 1
              }
            },
            {
              "batter": "Mushfiqur Rahim",
              "bowler": "Karim Janat",
              "non_striker": "Shakib Al Hasan",
              "runs": {
                "batter": 4,
                "extras": 0,
                "total": 4
              }
            },
            {
              "batter": "Mushfiqur Rahim",
              "bowler": "Karim Janat",
              "non_striker": "Shakib Al Hasan",
              "runs": {
                "batter": 0,
                "extras": 0,
                "total": 0
              }
            },
            {
              "batter": "Mushfiqur Rahim",
              "bowler": "Karim Janat",
              "extras": {
                "wides": 1
              },
              "non_striker": "Shakib Al Hasan",
              "runs": {
                "batter": 0,
                "extras": 1,
                "total": 1
              }
            },
            {
              "batter": "Mushfiqur Rahim",
              "bowler": "Karim Janat",
              "non_striker": "Shakib Al Hasan",
              "runs": {
                "batter": 1,
                "extras": 0,
                "total": 1
              }
            },
            {
              "batter": "Shakib Al Hasan",
              "bowler": "Karim Janat",
              "non_striker": "Mushfiqur Rahim",
              "runs": {
                "batter": 1,
                "extras": 0,
                "total": 1
              }
            }
          ]
        },
        {
          "over": 7,
          "deliveries": [
            {
              "batter": "Shakib Al Hasan",
              "bowler": "Aftab Alam",
              "non_striker": "Mushfiqur Rahim",
              "runs": {
                "batter": 0,
                "extras": 0,
                "total": 0
              }
            },
            {
              "batter": "Shakib Al Hasan",
              "bowler": "Aftab Alam",
              "non_striker": "Mushfiqur Rahim",
              "runs": {
                "batter": 1,
                "extras": 0,
                "total": 1
              }
            },
            {
              "batter": "Mushfiqur Rahim",
              "bowler": "Aftab Alam",
              "non_striker": "Shakib Al Hasan",
              "runs": {
                "batter": 1,
                "extras": 0,
                "total": 1
              }
            },
            {
              "batter": "Shakib Al Hasan",
              "bowler": "Aftab Alam",
              "non_striker": "Mushfiqur Rahim",
              "runs": {
                "batter": 1,
                "extras": 0,
                "total": 1
              }
            },
            {
              "batter": "Mushfiqur Rahim",
              "bowler": "Aftab Alam",
              "non_striker": "Shakib Al Hasan",
              "runs": {
                "batter": 0,
                "extras": 0,
                "total": 0
              }
            },
            {
              "batter": "Mushfiqur Rahim",
              "bowler": "Aftab Alam",
              "non_striker": "Shakib Al Hasan",
              "runs": {
                "batter": 0,
                "extras": 0,
                "total": 0
              }
            }
          ]
        },
        {
          "over": 8,
          "deliveries": [
            {
              "batter": "Shakib Al Hasan",
              "bowler": "Karim Janat",
              "non_striker": "Mushfiqur Rahim",
              "runs": {
                "batter": 6,
                "extras": 0,
                "total": 6
              }
            },
            {
              "batter": "Shakib Al Hasan",
              "bowler": "Karim Janat",
              "non_striker": "Mushfiqur Rahim",
              "runs": {
                "batter": 0,
                "extras": 0,
                "total": 0
              }
            },
            {
              "batter": "Shakib Al Hasan",
              "bowler": "Karim Janat",
              "non_striker": "Mushfiqur Rahim",
              "runs": {
                "batter": 0,
                "extras": 0,
                "total": 0
              },
              "wickets": [
                {
                  "player_out": "Shakib Al Hasan",
                  "fielders": [
                    {
                      "name": "Samiullah Shenwari"
                    }
                  ],
                  "kind": "caught"
                }
              ]
            },
            {
              "batter": "Mahmudullah",
              "bowler": "Karim Janat",
              "non_striker": "Mushfiqur Rahim",
              "runs": {
                "batter": 1,
                "extras": 0,
                "total": 1
              }
            },
            {
              "batter": "Mushfiqur Rahim",
              "bowler": "Karim Janat",
              "non_striker": "Mahmudullah",
              "runs": {
                "batter": 1,
                "extras": 0,
                "total": 1
              }
            },
            {
              "batter": "Mahmudullah",
              "bowler": "Karim Janat",
              "non_striker": "Mushfiqur Rahim",
              "runs": {
                "batter": 1,
                "extras": 0,
                "total": 1
              }
            }
          ]
        },
        {
          "over": 9,
          "deliveries": [
            {
              "batter": "Mahmudullah",
              "bowler": "Mohammad Nabi",
              "non_striker": "Mushfiqur Rahim",
              "runs": {
                "batter": 1,
                "extras": 0,
                "total": 1
              }
            },
            {
              "batter": "Mushfiqur Rahim",
              "bowler": "Mohammad Nabi",
              "non_striker": "Mahmudullah",
              "runs": {
                "batter": 1,
                "extras": 0,
                "total": 1
              }
            },
            {
              "batter": "Mahmudullah",
              "bowler": "Mohammad Nabi",
              "non_striker": "Mushfiqur Rahim",
              "runs": {
                "batter": 1,
                "extras": 0,
                "total": 1
              }
            },
            {
              "batter": "Mushfiqur Rahim",
              "bowler": "Mohammad Nabi",
              "non_striker": "Mahmudullah",
              "runs": {
                "batter": 1,
                "extras": 0,
                "total": 1
              }
            },
            {
              "batter": "Mahmudullah",
              "bowler": "Mohammad Nabi",
              "non_striker": "Mushfiqur Rahim",
              "runs": {
                "batter": 0,
                "extras": 0,
                "total": 0
              }
            },
            {
              "batter": "Mahmudullah",
              "bowler": "Mohammad Nabi",
              "non_striker": "Mushfiqur Rahim",
              "runs": {
                "batter": 0,
                "extras": 0,
                "total": 0
              }
            }
          ]
        },
        {
          "over": 10,
          "deliveries": [
            {
              "batter": "Mushfiqur Rahim",
              "bowler": "Rashid Khan",
              "non_striker": "Mahmudullah",
              "runs": {
                "batter": 3,
                "extras": 0,
                "total": 3
              }
            },
            {
              "batter": "Mahmudullah",
              "bowler": "Rashid Khan",
              "non_striker": "Mushfiqur Rahim",
              "runs": {
                "batter": 0,
                "extras": 0,
                "total": 0
              }
            },
            {
              "batter": "Mahmudullah",
              "bowler": "Rashid Khan",
              "non_striker": "Mushfiqur Rahim",
              "runs": {
                "batter": 0,
                "extras": 0,
                "total": 0
              }
            },
            {
              "batter": "Mahmudullah",
              "bowler": "Rashid Khan",
              "non_striker": "Mushfiqur Rahim",
              "runs": {
                "batter": 4,
                "extras": 0,
                "total": 4
              }
            },
            {
              "batter": "Mahmudullah",
              "bowler": "Rashid Khan",
              "non_striker": "Mushfiqur Rahim",
              "runs": {
                "batter": 1,
                "extras": 0,
                "total": 1
              }
            },
            {
              "batter": "Mushfiqur Rahim",
              "bowler": "Rashid Khan",
              "non_striker": "Mahmudullah",
              "runs": {
                "batter": 0,
                "extras": 0,
                "total": 0
              }
            }
          ]
        },
        {
          "over": 11,
          "deliveries": [
            {
              "batter": "Mahmudullah",
              "bowler": "Karim Janat",
              "non_striker": "Mushfiqur Rahim",
              "runs": {
                "batter": 4,
                "extras": 0,
                "total": 4
              }
            },
            {
              "batter": "Mahmudullah",
              "bowler": "Karim Janat",
              "non_striker": "Mushfiqur Rahim",
              "runs": {
                "batter": 0,
                "extras": 0,
                "total": 0
              }
            },
            {
              "batter": "Mahmudullah",
              "bowler": "Karim Janat",
              "non_striker": "Mushfiqur Rahim",
              "runs": {
                "batter": 0,
                "extras": 0,
                "total": 0
              }
            },
            {
              "batter": "Mahmudullah",
              "bowler": "Karim Janat",
              "non_striker": "Mushfiqur Rahim",
              "runs": {
                "batter": 0,
                "extras": 0,
                "total": 0
              }
            },
            {
              "batter": "Mahmudullah",
              "bowler": "Karim Janat",
              "non_striker": "Mushfiqur Rahim",
              "runs": {
                "batter": 1,
                "extras": 0,
                "total": 1
              }
            },
            {
              "batter": "Mushfiqur Rahim",
              "bowler": "Karim Janat",
              "non_striker": "Mahmudullah",
              "runs": {
                "batter": 0,
                "extras": 0,
                "total": 0
              }
            }
          ]
        },
        {
          "over": 12,
          "deliveries": [
            {
              "batter": "Mahmudullah",
              "bowler": "Mujeeb Ur Rahman",
              "non_striker": "Mushfiqur Rahim",
              "runs": {
                "batter": 0,
                "extras": 0,
                "total": 0
              }
            },
            {
              "batter": "Mahmudullah",
              "bowler": "Mujeeb Ur Rahman",
              "non_striker": "Mushfiqur Rahim",
              "runs": {
                "batter": 1,
                "extras": 0,
                "total": 1
              }
            },
            {
              "batter": "Mushfiqur Rahim",
              "bowler": "Mujeeb Ur Rahman",
              "non_striker": "Mahmudullah",
              "runs": {
                "batter": 0,
                "extras": 0,
                "total": 0
              }
            },
            {
              "batter": "Mushfiqur Rahim",
              "bowler": "Mujeeb Ur Rahman",
              "non_striker": "Mahmudullah",
              "runs": {
                "batter": 0,
                "extras": 0,
                "total": 0
              }
            },
            {
              "batter": "Mushfiqur Rahim",
              "bowler": "Mujeeb Ur Rahman",
              "non_striker": "Mahmudullah",
              "runs": {
                "batter": 1,
                "extras": 0,
                "total": 1
              }
            },
            {
              "batter": "Mahmudullah",
              "bowler": "Mujeeb Ur Rahman",
              "non_striker": "Mushfiqur Rahim",
              "runs": {
                "batter": 1,
                "extras": 0,
                "total": 1
              }
            }
          ]
        },
        {
          "over": 13,
          "deliveries": [
            {
              "batter": "Mahmudullah",
              "bowler": "Mohammad Nabi",
              "non_striker": "Mushfiqur Rahim",
              "runs": {
                "batter": 1,
                "extras": 0,
                "total": 1
              }
            },
            {
              "batter": "Mushfiqur Rahim",
              "bowler": "Mohammad Nabi",
              "non_striker": "Mahmudullah",
              "runs": {
                "batter": 1,
                "extras": 0,
                "total": 1
              }
            },
            {
              "batter": "Mahmudullah",
              "bowler": "Mohammad Nabi",
              "non_striker": "Mushfiqur Rahim",
              "runs": {
                "batter": 0,
                "extras": 0,
                "total": 0
              }
            },
            {
              "batter": "Mahmudullah",
              "bowler": "Mohammad Nabi",
              "non_striker": "Mushfiqur Rahim",
              "runs": {
                "batter": 6,
                "extras": 0,
                "total": 6
              }
            },
            {
              "batter": "Mahmudullah",
              "bowler": "Mohammad Nabi",
              "non_striker": "Mushfiqur Rahim",
              "runs": {
                "batter": 2,
                "extras": 0,
                "total": 2
              }
            },
            {
              "batter": "Mahmudullah",
              "bowler": "Mohammad Nabi",
              "non_striker": "Mushfiqur Rahim",
              "runs": {
                "batter": 0,
                "extras": 0,
                "total": 0
              }
            }
          ]
        },
        {
          "over": 14,
          "deliveries": [
            {
              "batter": "Mushfiqur Rahim",
              "bowler": "Aftab Alam",
              "non_striker": "Mahmudullah",
              "runs": {
                "batter": 1,
                "extras": 0,
                "total": 1
              }
            },
            {
              "batter": "Mahmudullah",
              "bowler": "Aftab Alam",
              "non_striker": "Mushfiqur Rahim",
              "runs": {
                "batter": 1,
                "extras": 0,
                "total": 1
              }
            },
            {
              "batter": "Mushfiqur Rahim",
              "bowler": "Aftab Alam",
              "extras": {
                "byes": 1
              },
              "non_striker": "Mahmudullah",
              "runs": {
                "batter": 0,
                "extras": 1,
                "total": 1
              }
            },
            {
              "batter": "Mahmudullah",
              "bowler": "Aftab Alam",
              "non_striker": "Mushfiqur Rahim",
              "runs": {
                "batter": 1,
                "extras": 0,
                "total": 1
              }
            },
            {
              "batter": "Mushfiqur Rahim",
              "bowler": "Aftab Alam",
              "non_striker": "Mahmudullah",
              "runs": {
                "batter": 1,
                "extras": 0,
                "total": 1
              }
            },
            {
              "batter": "Mahmudullah",
              "bowler": "Aftab Alam",
              "non_striker": "Mushfiqur Rahim",
              "runs": {
                "batter": 0,
                "extras": 0,
                "total": 0
              }
            }
          ]
        },
        {
          "over": 15,
          "deliveries": [
            {
              "batter": "Mushfiqur Rahim",
              "bowler": "Rashid Khan",
              "non_striker": "Mahmudullah",
              "runs": {
                "batter": 4,
                "extras": 0,
                "total": 4
              }
            },
            {
              "batter": "Mushfiqur Rahim",
              "bowler": "Rashid Khan",
              "non_striker": "Mahmudullah",
              "runs": {
                "batter": 0,
                "extras": 0,
                "total": 0
              }
            },
            {
              "batter": "Mushfiqur Rahim",
              "bowler": "Rashid Khan",
              "non_striker": "Mahmudullah",
              "runs": {
                "batter": 1,
                "extras": 0,
                "total": 1
              }
            },
            {
              "batter": "Mahmudullah",
              "bowler": "Rashid Khan",
              "non_striker": "Mushfiqur Rahim",
              "runs": {
                "batter": 0,
                "extras": 0,
                "total": 0
              }
            },
            {
              "batter": "Mahmudullah",
              "bowler": "Rashid Khan",
              "non_striker": "Mushfiqur Rahim",
              "runs": {
                "batter": 1,
                "extras": 0,
                "total": 1
              }
            },
            {
              "batter": "Mushfiqur Rahim",
              "bowler": "Rashid Khan",
              "extras": {
                "legbyes": 1
              },
              "non_striker": "Mahmudullah",
              "runs": {
                "batter": 0,
                "extras": 1,
                "total": 1
              }
            }
          ]
        },
        {
          "over": 16,
          "deliveries": [
            {
              "batter": "Mushfiqur Rahim",
              "bowler": "Aftab Alam",
              "extras": {
                "legbyes": 1
              },
              "non_striker": "Mahmudullah",
              "runs": {
                "batter": 0,
                "extras": 1,
                "total": 1
              }
            },
            {
              "batter": "Mahmudullah",
              "bowler": "Aftab Alam",
              "non_striker": "Mushfiqur Rahim",
              "runs": {
                "batter": 0,
                "extras": 0,
                "total": 0
              }
            },
            {
              "batter": "Mahmudullah",
              "bowler": "Aftab Alam",
              "non_striker": "Mushfiqur Rahim",
              "runs": {
                "batter": 2,
                "extras": 0,
                "total": 2
              }
            },
            {
              "batter": "Mahmudullah",
              "bowler": "Aftab Alam",
              "non_striker": "Mushfiqur Rahim",
              "runs": {
                "batter": 6,
                "extras": 0,
                "total": 6
              }
            },
            {
              "batter": "Mahmudullah",
              "bowler": "Aftab Alam",
              "non_striker": "Mushfiqur Rahim",
              "runs": {
                "batter": 2,
                "extras": 0,
                "total": 2
              }
            },
            {
              "batter": "Mahmudullah",
              "bowler": "Aftab Alam",
              "non_striker": "Mushfiqur Rahim",
              "runs": {
                "batter": 4,
                "extras": 0,
                "total": 4
              }
            }
          ]
        },
        {
          "over": 17,
          "deliveries": [
            {
              "batter": "Mushfiqur Rahim",
              "bowler": "Rashid Khan",
              "non_striker": "Mahmudullah",
              "runs": {
                "batter": 1,
                "extras": 0,
                "total": 1
              }
            },
            {
              "batter": "Mahmudullah",
              "bowler": "Rashid Khan",
              "non_striker": "Mushfiqur Rahim",
              "runs": {
                "batter": 1,
                "extras": 0,
                "total": 1
              }
            },
            {
              "batter": "Mushfiqur Rahim",
              "bowler": "Rashid Khan",
              "non_striker": "Mahmudullah",
              "runs": {
                "batter": 0,
                "extras": 0,
                "total": 0
              }
            },
            {
              "batter": "Mushfiqur Rahim",
              "bowler": "Rashid Khan",
              "non_striker": "Mahmudullah",
              "runs": {
                "batter": 1,
                "extras": 0,
                "total": 1
              }
            },
            {
              "batter": "Mahmudullah",
              "bowler": "Rashid Khan",
              "non_striker": "Mushfiqur Rahim",
              "runs": {
                "batter": 0,
                "extras": 0,
                "total": 0
              }
            },
            {
              "batter": "Mahmudullah",
              "bowler": "Rashid Khan",
              "non_striker": "Mushfiqur Rahim",
              "runs": {
                "batter": 0,
                "extras": 0,
                "total": 0
              }
            }
          ]
        },
        {
          "over": 18,
          "deliveries": [
            {
              "batter": "Mushfiqur Rahim",
              "bowler": "Karim Janat",
              "non_striker": "Mahmudullah",
              "runs": {
                "batter": 4,
                "extras": 0,
                "total": 4
              }
            },
            {
              "batter": "Mushfiqur Rahim",
              "bowler": "Karim Janat",
              "non_striker": "Mahmudullah",
              "runs": {
                "batter": 4,
                "extras": 0,
                "total": 4
              }
            },
            {
              "batter": "Mushfiqur Rahim",
              "bowler": "Karim Janat",
              "non_striker": "Mahmudullah",
              "runs": {
                "batter": 4,
                "extras": 0,
                "total": 4
              }
            },
            {
              "batter": "Mushfiqur Rahim",
              "bowler": "Karim Janat",
              "non_striker": "Mahmudullah",
              "runs": {
                "batter": 4,
                "extras": 0,
                "total": 4
              }
            },
            {
              "batter": "Mushfiqur Rahim",
              "bowler": "Karim Janat",
              "non_striker": "Mahmudullah",
              "runs": {
                "batter": 4,
                "extras": 0,
                "total": 4
              }
            },
            {
              "batter": "Mushfiqur Rahim",
              "bowler": "Karim Janat",
              "non_striker": "Mahmudullah",
              "runs": {
                "batter": 1,
                "extras": 0,
                "total": 1
              }
            }
          ]
        },
        {
          "over": 19,
          "deliveries": [
            {
              "batter": "Mushfiqur Rahim",
              "bowler": "Rashid Khan",
              "non_striker": "Mahmudullah",
              "runs": {
                "batter": 0,
                "extras": 0,
                "total": 0
              },
              "wickets": [
                {
                  "player_out": "Mushfiqur Rahim",
                  "fielders": [
                    {
                      "name": "Najibullah Zadran"
                    }
                  ],
                  "kind": "caught"
                }
              ]
            },
            {
              "batter": "Mahmudullah",
              "bowler": "Rashid Khan",
              "non_striker": "Ariful Haque",
              "runs": {
                "batter": 1,
                "extras": 0,
                "total": 1
              }
            },
            {
              "batter": "Ariful Haque",
              "bowler": "Rashid Khan",
              "non_striker": "Mahmudullah",
              "runs": {
                "batter": 2,
                "extras": 0,
                "total": 2
              }
            },
            {
              "batter": "Ariful Haque",
              "bowler": "Rashid Khan",
              "non_striker": "Mahmudullah",
              "runs": {
                "batter": 1,
                "extras": 0,
                "total": 1
              }
            },
            {
              "batter": "Mahmudullah",
              "bowler": "Rashid Khan",
              "non_striker": "Ariful Haque",
              "runs": {
                "batter": 1,
                "extras": 0,
                "total": 1
              }
            },
            {
              "batter": "Ariful Haque",
              "bowler": "Rashid Khan",
              "non_striker": "Mahmudullah",
              "runs": {
                "batter": 2,
                "extras": 0,
                "total": 2
              },
              "wickets": [
                {
                  "player_out": "Mahmudullah",
                  "kind": "run out"
                }
              ]
            }
          ]
        }
      ],
      "powerplays": [
        {
          "from": 0.1,
          "to": 5.6,
          "type": "mandatory"
        }
      ],
      "target": {
        "overs": 20,
        "runs": 146
      }
    }
  ]
}