{
  "meta": {
    "data_version": "1.0.0",
    "created": "2020-07-01",
    "revision": 1
  },
  "info": {
    "balls_per_over": 6,
    "city": "Guyana",
    "dates": [
      "2018-11-11"
    ],
    "event": {
      "name": "ICC Women's T20 World Cup",
      "match_number": 6,
      "group": "B"
    },
    "gender": "female",
    "match_type": "T20",
    "match_type_number": 519,
    "officials": {
      "match_referees": [
        "RB Richardson"
      ],
      "reserve_umpires": [
        "GO Brathwaite"
      ],
      "tv_umpires": [
        "S George"
      ],
      "umpires": [
        "L Rusere",
        "WR Knights"
      ]
    },
    "outcome": {
      "winner": "Australia",
      "by": {
        "wickets": 9
      }
    },
    "overs": 20,
    "player_of_match": [
      "AJ Healy"
    ],
    "players": {
      "Ireland": [
        "CMA Shillington",
        "CNIM Joyce",
        "GH Lewis",
        "EAJ Richardson",
        "IMHC Joyce",
        "L Delany",
        "KJ Garth",
        "SM Kavanagh",
        "MV Waldron",
        "LK O'Reilly",
        "CJ Metcalfe"
      ],
      "Australia": [
        "AJ Healy",
        "BL Mooney",
        "EA Perry",
        "MM Lanning",
        "A Gardner",
        "EJ Villani",
        "RL Haynes",
        "S Molineux",
        "DM Kimmince",
        "G Wareham",
        "ML Schutt"
      ]
    },
    "registry": {
      "people": {
        "A Gardner": "bc969efb",
        "AJ Healy": "321644de",
        "BL Mooney": "52d1dbc8",
        "CJ Metcalfe": "d58fdb42",
        "CMA Shillington": "60e11a00",
        "CNIM Joyce": "56418eae",
        "DM Kimmince": "d693012d",
        "EA Perry": "be150fc8",
        "EAJ Richardson": "50ee0500",
        "EJ Villani": "cde96d97",
        "G Wareham": "f0b4e47d",
        "GH Lewis": "1b9d1579",
        "GO Brathwaite": "1ace56d4",
        "IMHC Joyce": "d3b4b8ed",
        "KJ Garth": "0b69a844",
        "L Delany": "b4f73b44",
        "L Rusere": "6a4734ae",
        "LK O'Reilly": "69a9bb78",
        "ML Schutt": "17608a6f",
        "MM Lanning": "27e003ce",
        "MV Waldron": "2e4f11e9",
        "RB Richardson": "410e2f12",
        "RL Haynes": "d7c6b0fb",
        "S George": "6d9e5a54",
        "S Molineux": "99e23670",
        "SM Kavanagh": "7e9b3b60",
        "WR Knights": "63cbf8d8"
      }
    },
    "season": "2018/19",
    "team_type": "international",
    "teams": [
      "Ireland",
      "Australia"
    ],
    "toss": {
      "decision": "bat",
      "winner": "Ireland"
    },
    "venue": "Providence Stadium"
  },
  "innings": [
    {
      "team": "Ireland",
      "overs": [
        {
          "over": 0,
          "deliveries": [
            {
              "batter": "CMA Shillington",
              "bowler": "ML Schutt",
              "non_striker": "CNIM Joyce",
              "runs": {
                "batter": 0,
                "extras": 0,
                "total": 0
              }
            },
            {
              "batter": "CMA Shillington",
              "bowler": "ML Schutt",
              "non_striker": "CNIM Joyce",
              "runs": {
                "batter": 0,
                "extras": 0,
                "total": 0
              }
            },
            {
              "batter": "CMA Shillington",
              "bowler": "ML Schutt",
              "non_striker": "CNIM Joyce",
              "runs": {
                "batter": 0,
                "extras": 0,
                "total": 0
              }
            },
            {
              "batter": "CMA Shillington",
              "bowler": "ML Schutt",
              "non_striker": "CNIM Joyce",
              "runs": {
                "batter": 1,
                "extras": 0,
                "total": 1
              }
            },
            {
              "batter": "CNIM Joyce",
              "bowler": "ML Schutt",
              "non_striker": "CMA Shillington",
              "runs": {
                "batter": 1,
                "extras": 0,
                "total": 1
              }
            },
            {
              "batter": "CMA Shillington",
              "bowler": "ML Schutt",
              "non_striker": "CNIM Joyce",
              "runs": {
                "batter": 4,
                "extras": 0,
                "total": 4
              }
            }
          ]
        },
        {
          "over": 1,
          "deliveries": [
            {
              "batter": "CNIM Joyce",
              "bowler": "S Molineux",
              "non_striker": "CMA Shillington",
              "runs": {
                "batter": 0,
                "extras": 0,
                "total": 0
              }
            },
            {
              "batter": "CNIM Joyce",
              "bowler": "S Molineux",
              "non_striker": "CMA Shillington",
              "runs": {
                "batter": 0,
                "extras": 0,
                "total": 0
              }
            },
            {
              "batter": "CNIM Joyce",
              "bowler": "S Molineux",
              "non_striker": "CMA Shillington",
              "runs": {
                "batter": 0,
                "extras": 0,
                "total": 0
              }
            },
            {
              "batter": "CNIM Joyce",
              "bowler": "S Molineux",
              "non_striker": "CMA Shillington",
              "runs": {
                "batter": 1,
                "extras": 0,
                "total": 1
              }
            },
            {
              "batter": "CMA Shillington",
              "bowler": "S Molineux",
              "non_striker": "CNIM Joyce",
              "runs": {
                "batter": 0,
                "extras": 0,
                "total": 0
              }
            },
            {
              "batter": "CMA Shillington",
              "bowler": "S Molineux",
              "non_striker": "CNIM Joyce",
              "runs": {
                "batter": 4,
                "extras": 0,
                "total": 4
              }
            }
          ]
        },
        {
          "over": 2,
          "deliveries": [
            {
              "batter": "CNIM Joyce",
              "bowler": "EA Perry",
              "extras": {
                "noballs": 1
              },
              "non_striker": "CMA Shillington",
              "runs": {
                "batter": 0,
                "extras": 1,
                "total": 1
              }
            },
            {
              "batter": "CNIM Joyce",
              "bowler": "EA Perry",
              "non_striker": "CMA Shillington",
              "runs": {
                "batter": 0,
                "extras": 0,
                "total": 0
              }
            },
            {
              "batter": "CNIM Joyce",
              "bowler": "EA Perry",
              "non_striker": "CMA Shillington",
              "runs": {
                "batter": 0,
                "extras": 0,
                "total": 0
              }
            },
            {
              "batter": "CNIM Joyce",
              "bowler": "EA Perry",
              "non_striker": "CMA Shillington",
              "runs": {
                "batter": 0,
                "extras": 0,
                "total": 0
              }
            },
            {
              "batter": "CNIM Joyce",
              "bowler": "EA Perry",
              "non_striker": "CMA Shillington",
              "runs": {
                "batter": 0,
                "extras": 0,
                "total": 0
              }
            },
            {
              "batter": "CNIM Joyce",
              "bowler": "EA Perry",
              "non_striker": "CMA Shillington",
              "runs": {
                "batter": 4,
                "extras": 0,
                "total": 4
              }
            },
            {
              "batter": "CNIM Joyce",
              "bowler": "EA Perry",
              "non_striker": "CMA Shillington",
              "runs": {
                "batter": 0,
                "extras": 0,
                "total": 0
              }
            }
          ]
        },
        {
          "over": 3,
          "deliveries": [
            {
              "batter": "CMA Shillington",
              "bowler": "S Molineux",
              "non_striker": "CNIM Joyce",
              "runs": {
                "batter": 1,
                "extras": 0,
                "total": 1
              }
            },
            {
              "batter": "CNIM Joyce",
              "bowler": "S Molineux",
              "non_striker": "CMA Shillington",
              "runs": {
                "batter": 0,
                "extras": 0,
                "total": 0
              }
            },
            {
              "batter": "CNIM Joyce",
              "bowler": "S Molineux",
              "non_striker": "CMA Shillington",
              "runs": {
                "batter": 0,
                "extras": 0,
                "total": 0
              }
            },
            {
              "batter": "CNIM Joyce",
              "bowler": "S Molineux",
              "non_striker": "CMA Shillington",
              "runs": {
                "batter": 0,
                "extras": 0,
                "total": 0
              }
            },
            {
              "batter": "CNIM Joyce",
              "bowler": "S Molineux",
              "non_striker": "CMA Shillington",
              "runs": {
                "batter": 1,
                "extras": 0,
                "total": 1
              }
            },
            {
              "batter": "CMA Shillington",
              "bowler": "S Molineux",
              "non_striker": "CNIM Joyce",
              "runs": {
                "batter": 1,
                "extras": 0,
                "total": 1
              }
            }
          ]
        },
        {
          "over": 4,
          "deliveries": [
            {
              "batter": "CMA Shillington",
              "bowler": "ML Schutt",
              "non_striker": "CNIM Joyce",
              "runs": {
                "batter": 0,
                "extras": 0,
                "total": 0
              }
            },
            {
              "batter": "CMA Shillington",
              "bowler": "ML Schutt",
              "non_striker": "CNIM Joyce",
              "runs": {
                "batter": 1,
                "extras": 0,
                "total": 1
              }
            },
            {
              "batter": "CNIM Joyce",
              "bowler": "ML Schutt",
              "non_striker": "CMA Shillington",
              "runs": {
                "batter": 0,
                "extras": 0,
                "total": 0
              }
            },
            {
              "batter": "CNIM Joyce",
              "bowler": "ML Schutt",
              "non_striker": "CMA Shillington",
              "runs": {
                "batter": 0,
                "extras": 0,
                "total": 0
              }
            },
            {
              "batter": "CNIM Joyce",
              "bowler": "ML Schutt",
              "non_striker": "CMA Shillington",
              "runs": {
                "batter": 1,
                "extras": 0,
                "total": 1
              }
            },
            {
              "batter": "CMA Shillington",
              "bowler": "ML Schutt",
              "non_striker": "CNIM Joyce",
              "runs": {
                "batter": 4,
                "extras": 0,
                "total": 4
              }
            }
          ]
        },
        {
          "over": 5,
          "deliveries": [
            {
              "batter": "CNIM Joyce",
              "bowler": "DM Kimmince",
              "non_striker": "CMA Shillington",
              "runs": {
                "batter": 0,
                "extras": 0,
                "total": 0
              }
            },
            {
              "batter": "CNIM Joyce",
              "bowler": "DM Kimmince",
              "non_striker": "CMA Shillington",
              "runs": {
                "batter": 0,
                "extras": 0,
                "total": 0
              }
            },
            {
              "batter": "CNIM Joyce",
              "bowler": "DM Kimmince",
              "non_striker": "CMA Shillington",
              "runs": {
                "batter": 0,
                "extras": 0,
                "total": 0
              }
            },
            {
              "batter": "CNIM Joyce",
              "bowler": "DM Kimmince",
              "non_striker": "CMA Shillington",
              "runs": {
                "batter": 1,
                "extras": 0,
                "total": 1
              }
            },
            {
              "batter": "CMA Shillington",
              "bowler": "DM Kimmince",
              "non_striker": "CNIM Joyce",
              "runs": {
                "batter": 0,
                "extras": 0,
                "total": 0
              }
            },
            {
              "batter": "CMA Shillington",
              "bowler": "DM Kimmince",
              "non_striker": "CNIM Joyce",
              "runs": {
                "batter": 1,
                "extras": 0,
                "total": 1
              }
            }
          ]
        },
        {
          "over": 6,
          "deliveries": [
            {
              "batter": "CMA Shillington",
              "bowler": "G Wareham",
              "non_striker": "CNIM Joyce",
              "runs": {
                "batter": 1,
                "extras": 0,
                "total": 1
              }
            },
            {
              "batter": "CNIM Joyce",
              "bowler": "G Wareham",
              "non_striker": "CMA Shillington",
              "runs": {
                "batter": 0,
                "extras": 0,
                "total": 0
              }
            },
            {
              "batter": "CNIM Joyce",
              "bowler": "G Wareham",
              "non_striker": "CMA Shillington",
              "runs": {
                "batter": 1,
                "extras": 0,
                "total": 1
              }
            },
            {
              "batter": "CMA Shillington",
              "bowler": "G Wareham",
              "non_striker": "CNIM Joyce",
              "runs": {
                "batter": 1,
                "extras": 0,
                "total": 1
              }
            },
            {
              "batter": "CNIM Joyce",
              "bowler": "G Wareham",
              "non_striker": "CMA Shillington",
              "runs": {
                "batter": 0,
                "extras": 0,
                "total": 0
              }
            },
            {
              "batter": "CNIM Joyce",
              "bowler": "G Wareham",
              "non_striker": "CMA Shillington",
              "runs": {
                "batter": 0,
                "extras": 0,
                "total": 0
              },
              "wickets": [
                {
                  "player_out": "CNIM Joyce",
                  "kind": "run out"
                }
              ]
            }
          ]
        },
        {
          "over": 7,
          "deliveries": [
            {
              "batter": "GH Lewis",
              "bowler": "EA Perry",
              "non_striker": "CMA Shillington",
              "runs": {
                "batter": 0,
                "extras": 0,
                "total": 0
              }
            },
            {
              "batter": "GH Lewis",
              "bowler": "EA Perry",
              "non_striker": "CMA Shillington",
              "runs": {
                "batter": 0,
                "extras": 0,
                "total": 0
              }
            },
            {
              "batter": "GH Lewis",
              "bowler": "EA Perry",
              "non_striker": "CMA Shillington",
              "runs": {
                "batter": 1,
                "extras": 0,
                "total": 1
              }
            },
            {
              "batter": "CMA Shillington",
              "bowler": "EA Perry",
              "non_striker": "GH Lewis",
              "runs": {
                "batter": 0,
                "extras": 0,
                "total": 0
              }
            },
            {
              "batter": "CMA Shillington",
              "bowler": "EA Perry",
              "non_striker": "GH Lewis",
              "runs": {
                "batter": 0,
                "extras": 0,
                "total": 0
              },
              "wickets": [
                {
                  "player_out": "CMA Shillington",
                  "kind": "bowled"
                }
              ]
            },
            {
              "batter": "EAJ Richardson",
              "bowler": "EA Perry",
              "non_striker": "GH Lewis",
              "runs": {
                "batter": 0,
                "extras": 0,
                "total": 0
              }
            }
          ]
        },
        {
          "over": 8,
          "deliveries": [
            {
              "batter": "GH Lewis",
              "bowler": "G Wareham",
              "non_striker": "EAJ Richardson",
              "runs": {
                "batter": 1,
                "extras": 0,
                "total": 1
              }
            },
            {
              "batter": "EAJ Richardson",
              "bowler": "G Wareham",
              "non_striker": "GH Lewis",
              "runs": {
                "batter": 1,
                "extras": 0,
                "total": 1
              }
            },
            {
              "batter": "GH Lewis",
              "bowler": "G Wareham",
              "non_striker": "EAJ Richardson",
              "runs": {
                "batter": 0,
                "extras": 0,
                "total": 0
              }
            },
            {
              "batter": "GH Lewis",
              "bowler": "G Wareham",
              "non_striker": "EAJ Richardson",
              "runs": {
                "batter": 0,
                "extras": 0,
                "total": 0
              }
            },
            {
              "batter": "GH Lewis",
              "bowler": "G Wareham",
              "non_striker": "EAJ Richardson",
              "runs": {
                "batter": 1,
                "extras": 0,
                "total": 1
              }
            },
            {
              "batter": "EAJ Richardson",
              "bowler": "G Wareham",
              "non_striker": "GH Lewis",
              "runs": {
                "batter": 0,
                "extras": 0,
                "total": 0
              }
            }
          ]
        },
        {
          "over": 9,
          "deliveries": [
            {
              "batter": "GH Lewis",
              "bowler": "EA Perry",
              "non_striker": "EAJ Richardson",
              "runs": {
                "batter": 1,
                "extras": 0,
                "total": 1
              }
            },
            {
              "batter": "EAJ Richardson",
              "bowler": "EA Perry",
              "non_striker": "GH Lewis",
              "runs": {
                "batter": 0,
                "extras": 0,
                "total": 0
              },
              "wickets": [
                {
                  "player_out": "EAJ Richardson",
                  "kind": "bowled"
                }
              ]
            },
            {
              "batter": "IMHC Joyce",
              "bowler": "EA Perry",
              "non_striker": "GH Lewis",
              "runs": {
                "batter": 0,
                "extras": 0,
                "total": 0
              }
            },
            {
              "batter": "IMHC Joyce",
              "bowler": "EA Perry",
              "non_striker": "GH Lewis",
              "runs": {
                "batter": 0,
                "extras": 0,
                "total": 0
              }
            },
            {
              "batter": "IMHC Joyce",
              "bowler": "EA Perry",
              "non_striker": "GH Lewis",
              "runs": {
                "batter": 0,
                "extras": 0,
                "total": 0
              }
            },
            {
              "batter": "IMHC Joyce",
              "bowler": "EA Perry",
              "non_striker": "GH Lewis",
              "runs": {
                "batter": 0,
                "extras": 0,
                "total": 0
              }
            }
          ]
        },
        {
          "over": 10,
          "deliveries": [
            {
              "batter": "GH Lewis",
              "bowler": "DM Kimmince",
              "extras": {
                "wides": 1
              },
              "non_striker": "IMHC Joyce",
              "runs": {
                "batter": 0,
                "extras": 1,
                "total": 1
              }
            },
            {
              "batter": "GH Lewis",
              "bowler": "DM Kimmince",
              "non_striker": "IMHC Joyce",
              "runs": {
                "batter": 0,
                "extras": 0,
                "total": 0
              }
            },
            {
              "batter": "GH Lewis",
              "bowler": "DM Kimmince",
              "non_striker": "IMHC Joyce",
              "runs": {
                "batter": 1,
                "extras": 0,
                "total": 1
              }
            },
            {
              "batter": "IMHC Joyce",
              "bowler": "DM Kimmince",
              "non_striker": "GH Lewis",
              "runs": {
                "batter": 0,
                "extras": 0,
                "total": 0
              }
            },
            {
              "batter": "IMHC Joyce",
              "bowler": "DM Kimmince",
              "non_striker": "GH Lewis",
              "runs": {
                "batter": 1,
                "extras": 0,
                "total": 1
              }
            },
            {
              "batter": "GH Lewis",
              "bowler": "DM Kimmince",
              "non_striker": "IMHC Joyce",
              "runs": {
                "batter": 0,
                "extras": 0,
                "total": 0
              }
            },
            {
              "batter": "GH Lewis",
              "bowler": "DM Kimmince",
              "non_striker": "IMHC Joyce",
              "runs": {
                "batter": 1,
                "extras": 0,
                "total": 1
              }
            }
          ]
        },
        {
          "over": 11,
          "deliveries": [
            {
              "batter": "GH Lewis",
              "bowler": "A Gardner",
              "non_striker": "IMHC Joyce",
              "runs": {
                "batter": 1,
                "extras": 0,
                "total": 1
              }
            },
            {
              "batter": "IMHC Joyce",
              "bowler": "A Gardner",
              "non_striker": "GH Lewis",
              "runs": {
                "batter": 0,
                "extras": 0,
                "total": 0
              },
              "wickets": [
                {
                  "player_out": "IMHC Joyce",
                  "kind": "bowled"
                }
              ]
            },
            {
              "batter": "L Delany",
              "bowler": "A Gardner",
              "non_striker": "GH Lewis",
              "runs": {
                "batter": 0,
                "extras": 0,
                "total": 0
              }
            },
            {
              "batter": "L Delany",
              "bowler": "A Gardner",
              "non_striker": "GH Lewis",
              "runs": {
                "batter": 0,
                "extras": 0,
                "total": 0
              }
            },
            {
              "batter": "L Delany",
              "bowler": "A Gardner",
              "non_striker": "GH Lewis",
              "runs": {
                "batter": 0,
                "extras": 0,
                "total": 0
              }
            },
            {
              "batter": "L Delany",
              "bowler": "A Gardner",
              "non_striker": "GH Lewis",
              "runs": {
                "batter": 4,
                "extras": 0,
                "total": 4
              }
            }
          ]
        },
        {
          "over": 12,
          "deliveries": [
            {
              "batter": "GH Lewis",
              "bowler": "DM Kimmince",
              "non_striker": "L Delany",
              "runs": {
                "batter": 0,
                "extras": 0,
                "total": 0
              }
            },
            {
              "batter": "GH Lewis",
              "bowler": "DM Kimmince",
              "non_striker": "L Delany",
              "runs": {
                "batter": 0,
                "extras": 0,
                "total": 0
              }
            },
            {
              "batter": "GH Lewis",
              "bowler": "DM Kimmince",
              "non_striker": "L Delany",
              "runs": {
                "batter": 1,
                "extras": 0,
                "total": 1
              }
            },
            {
              "batter": "L Delany",
              "bowler": "DM Kimmince",
              "non_striker": "GH Lewis",
              "runs": {
                "batter": 0,
                "extras": 0,
                "total": 0
              }
            },
            {
              "batter": "L Delany",
              "bowler": "DM Kimmince",
              "non_striker": "GH Lewis",
              "runs": {
                "batter": 1,
                "extras": 0,
                "total": 1
              }
            },
            {
              "batter": "GH Lewis",
              "bowler": "DM Kimmince",
              "non_striker": "L Delany",
              "runs": {
                "batter": 0,
                "extras": 0,
                "total": 0
              },
              "wickets": [
                {
                  "player_out": "GH Lewis",
                  "kind": "run out"
                }
              ]
            }
          ]
        },
        {
          "over": 13,
          "deliveries": [
            {
              "batter": "KJ Garth",
              "bowler": "S Molineux",
              "non_striker": "L Delany",
              "runs": {
                "batter": 1,
                "extras": 0,
                "total": 1
              }
            },
            {
              "batter": "L Delany",
              "bowler": "S Molineux",
              "non_striker": "KJ Garth",
              "runs": {
                "batter": 1,
                "extras": 0,
                "total": 1
              }
            },
            {
              "batter": "KJ Garth",
              "bowler": "S Molineux",
              "non_striker": "L Delany",
              "runs": {
                "batter": 0,
                "extras": 0,
                "total": 0
              }
            },
            {
              "batter": "KJ Garth",
              "bowler": "S Molineux",
              "non_striker": "L Delany",
              "runs": {
                "batter": 1,
                "extras": 0,
                "total": 1
              }
            },
            {
              "batter": "L Delany",
              "bowler": "S Molineux",
              "non_striker": "KJ Garth",
              "runs": {
                "batter": 0,
                "extras": 0,
                "total": 0
              }
            },
            {
              "batter": "L Delany",
              "bowler": "S Molineux",
              "non_striker": "KJ Garth",
              "runs": {
                "batter": 0,
                "extras": 0,
                "total": 0
              }
            }
          ]
        },
        {
          "over": 14,
          "deliveries": [
            {
              "batter": "KJ Garth",
              "bowler": "G Wareham",
              "non_striker": "L Delany",
              "runs": {
                "batter": 0,
                "extras": 0,
                "total": 0
              }
            },
            {
              "batter": "KJ Garth",
              "bowler": "G Wareham",
              "non_striker": "L Delany",
              "runs": {
                "batter": 0,
                "extras": 0,
                "total": 0
              }
            },
            {
              "batter": "KJ Garth",
              "bowler": "G Wareham",
              "non_striker": "L Delany",
              "runs": {
                "batter": 1,
                "extras": 0,
                "total": 1
              }
            },
            {
              "batter": "L Delany",
              "bowler": "G Wareham",
              "non_striker": "KJ Garth",
              "runs": {
                "batter": 1,
                "extras": 0,
                "total": 1
              }
            },
            {
              "batter": "KJ Garth",
              "bowler": "G Wareham",
              "non_striker": "L Delany",
              "runs": {
                "batter": 0,
                "extras": 0,
                "total": 0
              }
            },
            {
              "batter": "KJ Garth",
              "bowler": "G Wareham",
              "non_striker": "L Delany",
              "runs": {
                "batter": 0,
                "extras": 0,
                "total": 0
              }
            }
          ]
        },
        {
          "over": 15,
          "deliveries": [
            {
              "batter": "L Delany",
              "bowler": "EA Perry",
              "non_striker": "KJ Garth",
              "runs": {
                "batter": 0,
                "extras": 0,
                "total": 0
              }
            },
            {
              "batter": "L Delany",
              "bowler": "EA Perry",
              "non_striker": "KJ Garth",
              "runs": {
                "batter": 1,
                "extras": 0,
                "total": 1
              }
            },
            {
              "batter": "KJ Garth",
              "bowler": "EA Perry",
              "non_striker": "L Delany",
              "runs": {
                "batter": 1,
                "extras": 0,
                "total": 1
              }
            },
            {
              "batter": "L Delany",
              "bowler": "EA Perry",
              "non_striker": "KJ Garth",
              "runs": {
                "batter": 1,
                "extras": 0,
                "total": 1
              }
            },
            {
              "batter": "KJ Garth",
              "bowler": "EA Perry",
              "extras": {
                "wides": 1
              },
              "non_striker": "L Delany",
              "runs": {
                "batter": 0,
                "extras": 1,
                "total": 1
              }
            },
            {
              "batter": "KJ Garth",
              "bowler": "EA Perry",
              "non_striker": "L Delany",
              "runs": {
                "batter": 1,
                "extras": 0,
                "total": 1
              }
            },
            {
              "batter": "L Delany",
              "bowler": "EA Perry",
              "non_striker": "KJ Garth",
              "runs": {
                "batter": 0,
                "extras": 0,
                "total": 0
              }
            }
          ]
        },
        {
          "over": 16,
          "deliveries": [
            {
              "batter": "KJ Garth",
              "bowler": "ML Schutt",
              "non_striker": "L Delany",
              "runs": {
                "batter": 4,
                "extras": 0,
                "total": 4
              }
            },
            {
              "batter": "KJ Garth",
              "bowler": "ML Schutt",
              "non_striker": "L Delany",
              "runs": {
                "batter": 1,
                "extras": 0,
                "total": 1
              }
            },
            {
              "batter": "L Delany",
              "bowler": "ML Schutt",
              "non_striker": "KJ Garth",
              "runs": {
                "batter": 1,
                "extras": 0,
                "total": 1
              }
            },
            {
              "batter": "KJ Garth",
              "bowler": "ML Schutt",
              "non_striker": "L Delany",
              "runs": {
                "batter": 0,
                "extras": 0,
                "total": 0
              }
            },
            {
              "batter": "KJ Garth",
              "bowler": "ML Schutt",
              "non_striker": "L Delany",
              "runs": {
                "batter": 1,
                "extras": 0,
                "total": 1
              }
            },
            {
              "batter": "L Delany",
              "bowler": "ML Schutt",
              "non_striker": "KJ Garth",
              "runs": {
                "batter": 0,
                "extras": 0,
                "total": 0
              }
            }
          ]
        },
        {
          "over": 17,
          "deliveries": [
            {
              "batter": "KJ Garth",
              "bowler": "DM Kimmince",
              "extras": {
                "wides": 1
              },
              "non_striker": "L Delany",
              "runs": {
                "batter": 0,
                "extras": 1,
                "total": 1
              }
            },
            {
              "batter": "KJ Garth",
              "bowler": "DM Kimmince",
              "extras": {
                "wides": 5
              },
              "non_striker": "L Delany",
              "runs": {
                "batter": 0,
                "extras": 5,
                "total": 5
              }
            },
            {
              "batter": "KJ Garth",
              "bowler": "DM Kimmince",
              "non_striker": "L Delany",
              "runs": {
                "batter": 2,
                "extras": 0,
                "total": 2
              }
            },
            {
              "batter": "KJ Garth",
              "bowler": "DM Kimmince",
              "non_striker": "L Delany",
              "runs": {
                "batter": 0,
                "extras": 0,
                "total": 0
              }
            },
            {
              "batter": "KJ Garth",
              "bowler": "DM Kimmince",
              "non_striker": "L Delany",
              "runs": {
                "batter": 1,
                "extras": 0,
                "total": 1
              }
            },
            {
              "batter": "L Delany",
              "bowler": "DM Kimmince",
              "non_striker": "KJ Garth",
              "runs": {
                "batter": 1,
                "extras": 0,
                "total": 1
              }
            },
            {
              "batter": "KJ Garth",
              "bowler": "DM Kimmince",
              "non_striker": "L Delany",
              "runs": {
                "batter": 0,
                "extras": 0,
                "total": 0
              }
            },
            {
              "batter": "KJ Garth",
              "bowler": "DM Kimmince",
              "non_striker": "L Delany",
              "runs": {
                "batter": 1,
                "extras": 0,
                "total": 1
              }
            }
          ]
        },
        {
          "over": 18,
          "deliveries": [
            {
              "batter": "KJ Garth",
              "bowler": "S Molineux",
              "non_striker": "L Delany",
              "runs": {
                "batter": 1,
                "extras": 0,
                "total": 1
              }
            },
            {
              "batter": "L Delany",
              "bowler": "S Molineux",
              "non_striker": "KJ Garth",
              "runs": {
                "batter": 1,
                "extras": 0,
                "total": 1
              }
            },
            {
              "batter": "KJ Garth",
              "bowler": "S Molineux",
              "non_striker": "L Delany",
              "runs": {
                "batter": 2,
                "extras": 0,
                "total": 2
              }
            },
            {
              "batter": "KJ Garth",
              "bowler": "S Molineux",
              "non_striker": "L Delany",
              "runs": {
                "batter": 1,
                "extras": 0,
                "total": 1
              }
            },
            {
              "batter": "L Delany",
              "bowler": "S Molineux",
              "non_striker": "KJ Garth",
              "runs": {
                "batter": 1,
                "extras": 0,
                "total": 1
              }
            },
            {
              "batter": "KJ Garth",
              "bowler": "S Molineux",
              "non_striker": "L Delany",
              "runs": {
                "batter": 1,
                "extras": 0,
                "total": 1
              }
            }
          ]
        },
        {
          "over": 19,
          "deliveries": [
            {
              "batter": "KJ Garth",
              "bowler": "ML Schutt",
              "extras": {
                "byes": 1
              },
              "non_striker": "L Delany",
              "runs": {
                "batter": 0,
                "extras": 1,
                "total": 1
              }
            },
            {
              "batter": "L Delany",
              "bowler": "ML Schutt",
              "non_striker": "KJ Garth",
              "runs": {
                "batter": 1,
                "extras": 0,
                "total": 1
              }
            },
            {
              "batter": "KJ Garth",
              "bowler": "ML Schutt",
              "non_striker": "L Delany",
              "runs": {
                "batter": 4,
                "extras": 0,
                "total": 4
              }
            },
            {
              "batter": "KJ Garth",
              "bowler": "ML Schutt",
              "non_striker": "L Delany",
              "runs": {
                "batter": 0,
                "extras": 0,
                "total": 0
              },
              "wickets": [
                {
                  "player_out": "KJ Garth",
                  "kind": "bowled"
                }
              ]
            },
            {
              "batter": "SM Kavanagh",
              "bowler": "ML Schutt",
              "non_striker": "L Delany",
              "runs": {
                "batter": 2,
                "extras": 0,
                "total": 2
              }
            },
            {
              "batter": "SM Kavanagh",
              "bowler": "ML Schutt",
              "non_striker": "L Delany",
              "runs": {
                "batter": 4,
                "extras": 0,
                "total": 4
              }
            }
          ]
        }
      ],
      "powerplays": [
        {
          "from": 0.1,
          "to": 5.6,
          "type": "mandatory"
        }
      ]
    },
    {
      "team": "Australia",
      "penalty_runs": {
        "pre": 5
      },
      "overs": [
        {
          "over": 0,
          "deliveries": [
            {
              "batter": "AJ Healy",
              "bowler": "EAJ Richardson",
              "non_striker": "BL Mooney",
              "runs": {
                "batter": 0,
                "extras": 0,
                "total": 0
              }
            },
            {
              "batter": "AJ Healy",
              "bowler": "EAJ Richardson",
              "non_striker": "BL Mooney",
              "runs": {
                "batter": 1,
                "extras": 0,
                "total": 1
              }
            },
            {
              "batter": "BL Mooney",
              "bowler": "EAJ Richardson",
              "non_striker": "AJ Healy",
              "runs": {
                "batter": 0,
                "extras": 0,
                "total": 0
              }
            },
            {
              "batter": "BL Mooney",
              "bowler": "EAJ Richardson",
              "non_striker": "AJ Healy",
              "runs": {
                "batter": 1,
                "extras": 0,
                "total": 1
              }
            },
            {
              "batter": "AJ Healy",
              "bowler": "EAJ Richardson",
              "extras": {
                "noballs": 1
              },
              "non_striker": "BL Mooney",
              "runs": {
                "batter": 4,
                "extras": 1,
                "total": 5
              }
            },
            {
              "batter": "AJ Healy",
              "bowler": "EAJ Richardson",
              "non_striker": "BL Mooney",
              "runs": {
                "batter": 0,
                "extras": 0,
                "total": 0
              }
            },
            {
              "batter": "AJ Healy",
              "bowler": "EAJ Richardson",
              "non_striker": "BL Mooney",
              "runs": {
                "batter": 2,
                "extras": 0,
                "total": 2
              }
            }
          ]
        },
        {
          "over": 1,
          "deliveries": [
            {
              "batter": "BL Mooney",
              "bowler": "LK O'Reilly",
              "non_striker": "AJ Healy",
              "runs": {
                "batter": 0,
                "extras": 0,
                "total": 0
              }
            },
            {
              "batter": "BL Mooney",
              "bowler": "LK O'Reilly",
              "extras": {
                "wides": 1
              },
              "non_striker": "AJ Healy",
              "runs": {
                "batter": 0,
                "extras": 1,
                "total": 1
              }
            },
            {
              "batter": "BL Mooney",
              "bowler": "LK O'Reilly",
              "extras": {
                "wides": 1
              },
              "non_striker": "AJ Healy",
              "runs": {
                "batter": 0,
                "extras": 1,
                "total": 1
              }
            },
            {
              "batter": "BL Mooney",
              "bowler": "LK O'Reilly",
              "non_striker": "AJ Healy",
              "runs": {
                "batter": 0,
                "extras": 0,
                "total": 0
              }
            },
            {
              "batter": "BL Mooney",
              "bowler": "LK O'Reilly",
              "extras": {
                "wides": 1
              },
              "non_striker": "AJ Healy",
              "runs": {
                "batter": 0,
                "extras": 1,
                "total": 1
              }
            },
            {
              "batter": "BL Mooney",
              "bowler": "LK O'Reilly",
              "non_striker": "AJ Healy",
              "runs": {
                "batter": 1,
                "extras": 0,
                "total": 1
              }
            },
            {
              "batter": "AJ Healy",
              "bowler": "LK O'Reilly",
              "non_striker": "BL Mooney",
              "runs": {
                "batter": 1,
                "extras": 0,
                "total": 1
              }
            },
            {
              "batter": "BL Mooney",
              "bowler": "LK O'Reilly",
              "extras": {
                "wides": 1
              },
              "non_striker": "AJ Healy",
              "runs": {
                "batter": 0,
                "extras": 1,
                "total": 1
              }
            },
            {
              "batter": "BL Mooney",
              "bowler": "LK O'Reilly",
              "non_striker": "AJ Healy",
              "runs": {
                "batter": 0,
                "extras": 0,
                "total": 0
              }
            },
            {
              "batter": "BL Mooney",
              "bowler": "LK O'Reilly",
              "extras": {
                "wides": 1
              },
              "non_striker": "AJ Healy",
              "runs": {
                "batter": 0,
                "extras": 1,
                "total": 1
              }
            },
            {
              "batter": "BL Mooney",
              "bowler": "LK O'Reilly",
              "non_striker": "AJ Healy",
              "runs": {
                "batter": 1,
                "extras": 0,
                "total": 1
              }
            }
          ]
        },
        {
          "over": 2,
          "deliveries": [
            {
              "batter": "BL Mooney",
              "bowler": "CJ Metcalfe",
              "non_striker": "AJ Healy",
              "runs": {
                "batter": 1,
                "extras": 0,
                "total": 1
              }
            },
            {
              "batter": "AJ Healy",
              "bowler": "CJ Metcalfe",
              "non_striker": "BL Mooney",
              "runs": {
                "batter": 4,
                "extras": 0,
                "total": 4
              }
            },
            {
              "batter": "AJ Healy",
              "bowler": "CJ Metcalfe",
              "non_striker": "BL Mooney",
              "runs": {
                "batter": 0,
                "extras": 0,
                "total": 0
              }
            },
            {
              "batter": "AJ Healy",
              "bowler": "CJ Metcalfe",
              "non_striker": "BL Mooney",
              "runs": {
                "batter": 2,
                "extras": 0,
                "total": 2
              }
            },
            {
              "batter": "AJ Healy",
              "bowler": "CJ Metcalfe",
              "non_striker": "BL Mooney",
              "runs": {
                "batter": 4,
                "extras": 0,
                "total": 4
              }
            },
            {
              "batter": "AJ Healy",
              "bowler": "CJ Metcalfe",
              "non_striker": "BL Mooney",
              "runs": {
                "batter": 1,
                "extras": 0,
                "total": 1
              }
            }
          ]
        },
        {
          "over": 3,
          "deliveries": [
            {
              "batter": "AJ Healy",
              "bowler": "L Delany",
              "non_striker": "BL Mooney",
              "runs": {
                "batter": 4,
                "extras": 0,
                "total": 4
              }
            },
            {
              "batter": "AJ Healy",
              "bowler": "L Delany",
              "non_striker": "BL Mooney",
              "runs": {
                "batter": 4,
                "extras": 0,
                "total": 4
              }
            },
            {
              "batter": "AJ Healy",
              "bowler": "L Delany",
              "non_striker": "BL Mooney",
              "runs": {
                "batter": 1,
                "extras": 0,
                "total": 1
              }
            },
            {
              "batter": "BL Mooney",
              "bowler": "L Delany",
              "extras": {
                "legbyes": 2
              },
              "non_striker": "AJ Healy",
              "runs": {
                "batter": 0,
                "extras": 2,
                "total": 2
              }
            },
            {
              "batter": "BL Mooney",
              "bowler": "L Delany",
              "non_striker": "AJ Healy",
              "runs": {
                "batter": 0,
                "extras": 0,
                "total": 0
              }
            },
            {
              "batter": "BL Mooney",
              "bowler": "L Delany",
              "non_striker": "AJ Healy",
              "runs": {
                "batter": 4,
                "extras": 0,
                "total": 4
              }
            }
          ]
        },
        {
          "over": 4,
          "deliveries": [
            {
              "batter": "AJ Healy",
              "bowler": "IMHC Joyce",
              "non_striker": "BL Mooney",
              "runs": {
                "batter": 4,
                "extras": 0,
                "total": 4
              }
            },
            {
              "batter": "AJ Healy",
              "bowler": "IMHC Joyce",
              "non_striker": "BL Mooney",
              "runs": {
                "batter": 0,
                "extras": 0,
                "total": 0
              }
            },
            {
              "batter": "AJ Healy",
              "bowler": "IMHC Joyce",
              "non_striker": "BL Mooney",
              "runs": {
                "batter": 4,
                "extras": 0,
                "total": 4
              }
            },
            {
              "batter": "AJ Healy",
              "bowler": "IMHC Joyce",
              "non_striker": "BL Mooney",
              "runs": {
                "batter": 0,
                "extras": 0,
                "total": 0
              }
            },
            {
              "batter": "AJ Healy",
              "bowler": "IMHC Joyce",
              "non_striker": "BL Mooney",
              "runs": {
                "batter": 4,
                "extras": 0,
                "total": 4
              }
            },
            {
              "batter": "AJ Healy",
              "bowler": "IMHC Joyce",
              "non_striker": "BL Mooney",
              "runs": {
                "batter": 4,
                "extras": 0,
                "total": 4
              }
            }
          ]
        },
        {
          "over": 5,
          "deliveries": [
            {
              "batter": "BL Mooney",
              "bowler": "KJ Garth",
              "non_striker": "AJ Healy",
              "runs": {
                "batter": 0,
                "extras": 0,
                "total": 0
              }
            },
            {
              "batter": "BL Mooney",
              "bowler": "KJ Garth",
              "non_striker": "AJ Healy",
              "runs": {
                "batter": 4,
                "extras": 0,
                "total": 4
              }
            },
            {
              "batter": "BL Mooney",
              "bowler": "KJ Garth",
              "non_striker": "AJ Healy",
              "runs": {
                "batter": 2,
                "extras": 0,
                "total": 2
              }
            },
            {
              "batter": "BL Mooney",
              "bowler": "KJ Garth",
              "non_striker": "AJ Healy",
              "runs": {
                "batter": 0,
                "extras": 0,
                "total": 0
              },
              "wickets": [
                {
                  "player_out": "BL Mooney",
                  "fielders": [
                    {
                      "name": "L Delany"
                    }
                  ],
                  "kind": "caught"
                }
              ]
            },
            {
              "batter": "EA Perry",
              "bowler": "KJ Garth",
              "non_striker": "AJ Healy",
              "runs": {
                "batter": 1,
                "extras": 0,
                "total": 1
              }
            },
            {
              "batter": "AJ Healy",
              "bowler": "KJ Garth",
              "non_striker": "EA Perry",
              "runs": {
                "batter": 6,
                "extras": 0,
                "total": 6
              }
            }
          ]
        },
        {
          "over": 6,
          "deliveries": [
            {
              "batter": "EA Perry",
              "bowler": "EAJ Richardson",
              "non_striker": "AJ Healy",
              "runs": {
                "batter": 1,
                "extras": 0,
                "total": 1
              }
            },
            {
              "batter": "AJ Healy",
              "bowler": "EAJ Richardson",
              "non_striker": "EA Perry",
              "runs": {
                "batter": 1,
                "extras": 0,
                "total": 1
              }
            },
            {
              "batter": "EA Perry",
              "bowler": "EAJ Richardson",
              "non_striker": "AJ Healy",
              "runs": {
                "batter": 0,
                "extras": 0,
                "total": 0
              }
            },
            {
              "batter": "EA Perry",
              "bowler": "EAJ Richardson",
              "non_striker": "AJ Healy",
              "runs": {
                "batter": 0,
                "extras": 0,
                "total": 0
              }
            },
            {
              "batter": "EA Perry",
              "bowler": "EAJ Richardson",
              "non_striker": "AJ Healy",
              "runs": {
                "batter": 0,
                "extras": 0,
                "total": 0
              }
            },
            {
              "batter": "EA Perry",
              "bowler": "EAJ Richardson",
              "non_striker": "AJ Healy",
              "runs": {
                "batter": 6,
                "extras": 0,
                "total": 6
              }
            }
          ]
        },
        {
          "over": 7,
          "deliveries": [
            {
              "batter": "AJ Healy",
              "bowler": "KJ Garth",
              "non_striker": "EA Perry",
              "runs": {
                "batter": 0,
                "extras": 0,
                "total": 0
              }
            },
            {
              "batter": "AJ Healy",
              "bowler": "KJ Garth",
              "non_striker": "EA Perry",
              "runs": {
                "batter": 1,
                "extras": 0,
                "total": 1
              }
            },
            {
              "batter": "EA Perry",
              "bowler": "KJ Garth",
              "non_striker": "AJ Healy",
              "runs": {
                "batter": 1,
                "extras": 0,
                "total": 1
              }
            },
            {
              "batter": "AJ Healy",
              "bowler": "KJ Garth",
              "non_striker": "EA Perry",
              "runs": {
                "batter": 0,
                "extras": 0,
                "total": 0
              }
            },
            {
              "batter": "AJ Healy",
              "bowler": "KJ Garth",
              "extras": {
                "byes": 1
              },
              "non_striker": "EA Perry",
              "runs": {
                "batter": 0,
                "extras": 1,
                "total": 1
              }
            },
            {
              "batter": "EA Perry",
              "bowler": "KJ Garth",
              "non_striker": "AJ Healy",
              "runs": {
                "batter": 0,
                "extras": 0,
                "total": 0
              }
            }
          ]
        },
        {
          "over": 8,
          "deliveries": [
            {
              "batter": "AJ Healy",
              "bowler": "LK O'Reilly",
              "non_striker": "EA Perry",
              "runs": {
                "batter": 0,
                "extras": 0,
                "total": 0
              }
            },
            {
              "batter": "AJ Healy",
              "bowler": "LK O'Reilly",
              "non_striker": "EA Perry",
              "runs": {
                "batter": 0,
                "extras": 0,
                "total": 0
              }
            },
            {
              "batter": "AJ Healy",
              "bowler": "LK O'Reilly",
              "non_striker": "EA Perry",
              "runs": {
                "batter": 1,
                "extras": 0,
                "total": 1
              }
            },
            {
              "batter": "EA Perry",
              "bowler": "LK O'Reilly",
              "extras": {
                "legbyes": 1
              },
              "non_striker": "AJ Healy",
              "runs": {
                "batter": 0,
                "extras": 1,
                "total": 1
              }
            },
            {
              "batter": "AJ Healy",
              "bowler": "LK O'Reilly",
              "non_striker": "EA Perry",
              "runs": {
                "batter": 1,
                "extras": 0,
                "total": 1
              }
            },
            {
              "batter": "EA Perry",
              "bowler": "LK O'Reilly",
              "non_striker": "AJ Healy",
              "runs": {
                "batter": 0,
                "extras": 0,
                "total": 0
              }
            }
          ]
        },
        {
          "over": 9,
          "deliveries": [
            {
              "batter": "AJ Healy",
              "bowler": "KJ Garth",
              "non_striker": "EA Perry",
              "runs": {
                "batter": 2,
                "extras": 0,
                "total": 2
              }
            }
          ]
        }
      ],
      "powerplays": [
        {
          "from": 0.1,
          "to": 5.6,
          "type": "mandatory"
        }
      ],
      "target": {
        "overs": 20,
        "runs": 94
      }
    }
  ]
}