{
  "meta": {
    "data_version": "1.0.0",
    "created": "2020-07-06",
    "revision": 1
  },
  "info": {
    "balls_per_over": 6,
    "city": "Bready",
    "dates": [
      "2018-08-22"
    ],
    "event": {
      "name": "Afghanistan tour of Ireland",
      "match_number": 2
    },
    "gender": "male",
    "match_type": "T20",
    "match_type_number": 697,
    "missing": [
      "player_of_match"
    ],
    "officials": {
      "match_referees": [
        "RS Madugalle"
      ],
      "reserve_umpires": [
        "AJ Neill"
      ],
      "tv_umpires": [
        "R Black"
      ],
      "umpires": [
        "M Hawthorne",
        "PA Reynolds"
      ]
    },
    "outcome": {
      "winner": "Afghanistan",
      "by": {
        "runs": 81
      }
    },
    "overs": 20,
    "players": {
      "Afghanistan": [
        "Mohammad Shahzad",
        "Hazratullah",
        "Samiullah Shenwari",
        "Asghar Stanikzai",
        "Shafiqullah",
        "Mohammad Nabi",
        "Najibullah Zadran",
        "Rashid Khan",
        "Aftab Alam",
        "Fareed Ahmad",
        "Mujeeb Ur Rahman"
      ],
      "Ireland": [
        "PR Stirling",
        "SR Thompson",
        "WTS Porterfield",
        "A Balbirnie",
        "GC Wilson",
        "KJ O'Brien",
        "Simi Singh",
        "GH Dockrell",
        "J Little",
        "WB Rankin",
        "PKD Chase"
      ]
    },
    "registry": {
      "people": {
        "A Balbirnie": "6ef13460",
        "AJ Neill": "7ffe0ce3",
        "Aftab Alam": "2a3a3786",
        "Asghar Stanikzai": "88679525",
        "Fareed Ahmad": "67b7bad4",
        "GC Wilson": "05de1a5a",
        "GH Dockrell": "99cddc5e",
        "Hazratullah": "5ea51c25",
        "J Little": "9061a703",
        "KJ O'Brien": "243431b5",
        "M Hawthorne": "ea123ee4",
        "Mohammad Nabi": "62af8546",
        "Mohammad Shahzad": "d6dcb0c9",
        "Mujeeb Ur Rahman": "7d92277a",
        "Najibullah Zadran": "1212cbec",
        "PA Reynolds": "a416c9c3",
        "PKD Chase": "8c2aa0f9",
        "PR Stirling": "cf494ffe",
        "R Black": "156c8fb1",
        "RS Madugalle": "766b5798",
        "Rashid Khan": "5f547c8b",
        "SR Thompson": "7f3ad1ed",
        "Samiullah Shenwari": "61646132",
        "Shafiqullah": "ba4d600a",
        "Simi Singh": "c9945bdf",
        "Usman Ghani": "e3829b2a",
        "WB Rankin": "29b89ae8",
        "WTS Porterfield": "ec02b798"
      }
    },
    "season": "2018",
    "team_type": "international",
    "teams": [
      "Afghanistan",
      "Ireland"
    ],
    "toss": {
      "decision": "bat",
      "winner": "Afghanistan"
    },
    "venue": "Bready Cricket Club, Magheramason"
  },
  "innings": [
    {
      "team": "Afghanistan",
      "overs": [
        {
          "over": 0,
          "deliveries": [
            {
              "batter": "Mohammad Shahzad",
              "bowler": "WB Rankin",
              "non_striker": "Hazratullah",
              "runs": {
                "batter": 1,
                "extras": 0,
                "total": 1
              }
            },
            {
              "batter": "Hazratullah",
              "bowler": "WB Rankin",
              "non_striker": "Mohammad Shahzad",
              "runs": {
                "batter": 0,
                "extras": 0,
                "total": 0
              }
            },
            {
              "batter": "Hazratullah",
              "bowler": "WB Rankin",
              "non_striker": "Mohammad Shahzad",
              "runs": {
                "batter": 0,
                "extras": 0,
                "total": 0
              }
            },
            {
              "batter": "Hazratullah",
              "bowler": "WB Rankin",
              "non_striker": "Mohammad Shahzad",
              "runs": {
                "batter": 4,
                "extras": 0,
                "total": 4
              }
            },
            {
              "batter": "Hazratullah",
              "bowler": "WB Rankin",
              "non_striker": "Mohammad Shahzad",
              "runs": {
                "batter": 0,
                "extras": 0,
                "total": 0
              }
            },
            {
              "batter": "Hazratullah",
              "bowler": "WB Rankin",
              "non_striker": "Mohammad Shahzad",
              "runs": {
                "batter": 0,
                "extras": 0,
                "total": 0
              }
            }
          ]
        },
        {
          "over": 1,
          "deliveries": [
            {
              "batter": "Mohammad Shahzad",
              "bowler": "Simi Singh",
              "non_striker": "Hazratullah",
              "runs": {
                "batter": 0,
                "extras": 0,
                "total": 0
              }
            },
            {
              "batter": "Mohammad Shahzad",
              "bowler": "Simi Singh",
              "non_striker": "Hazratullah",
              "runs": {
                "batter": 0,
                "extras": 0,
                "total": 0
              }
            },
            {
              "batter": "Mohammad Shahzad",
              "bowler": "Simi Singh",
              "non_striker": "Hazratullah",
              "runs": {
                "batter": 0,
                "extras": 0,
                "total": 0
              }
            },
            {
              "batter": "Mohammad Shahzad",
              "bowler": "Simi Singh",
              "non_striker": "Hazratullah",
              "runs": {
                "batter": 0,
                "extras": 0,
                "total": 0
              },
              "wickets": [
                {
                  "player_out": "Mohammad Shahzad",
                  "fielders": [
                    {
                      "name": "WB Rankin"
                    }
                  ],
                  "kind": "caught"
                }
              ]
            },
            {
              "batter": "Samiullah Shenwari",
              "bowler": "Simi Singh",
              "non_striker": "Hazratullah",
              "runs": {
                "batter": 1,
                "extras": 0,
                "total": 1
              }
            },
            {
              "batter": "Hazratullah",
              "bowler": "Simi Singh",
              "non_striker": "Samiullah Shenwari",
              "runs": {
                "batter": 1,
                "extras": 0,
                "total": 1
              }
            }
          ]
        },
        {
          "over": 2,
          "deliveries": [
            {
              "batter": "Hazratullah",
              "bowler": "PKD Chase",
              "non_striker": "Samiullah Shenwari",
              "runs": {
                "batter": 0,
                "extras": 0,
                "total": 0
              }
            },
            {
              "batter": "Hazratullah",
              "bowler": "PKD Chase",
              "non_striker": "Samiullah Shenwari",
              "runs": {
                "batter": 1,
                "extras": 0,
                "total": 1
              }
            },
            {
              "batter": "Samiullah Shenwari",
              "bowler": "PKD Chase",
              "non_striker": "Hazratullah",
              "runs": {
                "batter": 0,
                "extras": 0,
                "total": 0
              }
            },
            {
              "batter": "Samiullah Shenwari",
              "bowler": "PKD Chase",
              "non_striker": "Hazratullah",
              "runs": {
                "batter": 0,
                "extras": 0,
                "total": 0
              }
            },
            {
              "batter": "Samiullah Shenwari",
              "bowler": "PKD Chase",
              "non_striker": "Hazratullah",
              "runs": {
                "batter": 0,
                "extras": 0,
                "total": 0
              },
              "wickets": [
                {
                  "player_out": "Samiullah Shenwari",
                  "fielders": [
                    {
                      "name": "GH Dockrell"
                    }
                  ],
                  "kind": "caught"
                }
              ]
            },
            {
              "batter": "Asghar Stanikzai",
              "bowler": "PKD Chase",
              "non_striker": "Hazratullah",
              "runs": {
                "batter": 0,
                "extras": 0,
                "total": 0
              }
            }
          ]
        },
        {
          "over": 3,
          "deliveries": [
            {
              "batter": "Hazratullah",
              "bowler": "Simi Singh",
              "non_striker": "Asghar Stanikzai",
              "runs": {
                "batter": 0,
                "extras": 0,
                "total": 0
              }
            },
            {
              "batter": "Hazratullah",
              "bowler": "Simi Singh",
              "non_striker": "Asghar Stanikzai",
              "runs": {
                "batter": 1,
                "extras": 0,
                "total": 1
              }
            },
            {
              "batter": "Asghar Stanikzai",
              "bowler": "Simi Singh",
              "non_striker": "Hazratullah",
              "runs": {
                "batter": 1,
                "extras": 0,
                "total": 1
              }
            },
            {
              "batter": "Hazratullah",
              "bowler": "Simi Singh",
              "non_striker": "Asghar Stanikzai",
              "runs": {
                "batter": 0,
                "extras": 0,
                "total": 0
              }
            },
            {
              "batter": "Hazratullah",
              "bowler": "Simi Singh",
              "non_striker": "Asghar Stanikzai",
              "runs": {
                "batter": 0,
                "extras": 0,
                "total": 0
              }
            },
            {
              "batter": "Hazratullah",
              "bowler": "Simi Singh",
              "non_striker": "Asghar Stanikzai",
              "runs": {
                "batter": 4,
                "extras": 0,
                "total": 4
              }
            }
          ]
        },
        {
          "over": 4,
          "deliveries": [
            {
              "batter": "Asghar Stanikzai",
              "bowler": "PKD Chase",
              "non_striker": "Hazratullah",
              "runs": {
                "batter": 0,
                "extras": 0,
                "total": 0
              }
            },
            {
              "batter": "Asghar Stanikzai",
              "bowler": "PKD Chase",
              "non_striker": "Hazratullah",
              "runs": {
                "batter": 1,
                "extras": 0,
                "total": 1
              }
            },
            {
              "batter": "Hazratullah",
              "bowler": "PKD Chase",
              "extras": {
                "wides": 1
              },
              "non_striker": "Asghar Stanikzai",
              "runs": {
                "batter": 0,
                "extras": 1,
                "total": 1
              }
            },
            {
              "batter": "Hazratullah",
              "bowler": "PKD Chase",
              "non_striker": "Asghar Stanikzai",
              "runs": {
                "batter": 4,
                "extras": 0,
                "total": 4
              }
            },
            {
              "batter": "Hazratullah",
              "bowler": "PKD Chase",
              "non_striker": "Asghar Stanikzai",
              "runs": {
                "batter": 6,
                "extras": 0,
                "total": 6
              }
            },
            {
              "batter": "Hazratullah",
              "bowler": "PKD Chase",
              "non_striker": "Asghar Stanikzai",
              "runs": {
                "batter": 1,
                "extras": 0,
                "total": 1
              }
            },
            {
              "batter": "Asghar Stanikzai",
              "bowler": "PKD Chase",
              "non_striker": "Hazratullah",
              "runs": {
                "batter": 0,
                "extras": 0,
                "total": 0
              }
            }
          ]
        },
        {
          "over": 5,
          "deliveries": [
            {
              "batter": "Hazratullah",
              "bowler": "Simi Singh",
              "non_striker": "Asghar Stanikzai",
              "runs": {
                "batter": 0,
                "extras": 0,
                "total": 0
              }
            },
            {
              "batter": "Hazratullah",
              "bowler": "Simi Singh",
              "non_striker": "Asghar Stanikzai",
              "runs": {
                "batter": 1,
                "extras": 0,
                "total": 1
              }
            },
            {
              "batter": "Asghar Stanikzai",
              "bowler": "Simi Singh",
              "non_striker": "Hazratullah",
              "runs": {
                "batter": 6,
                "extras": 0,
                "total": 6
              }
            },
            {
              "batter": "Asghar Stanikzai",
              "bowler": "Simi Singh",
              "non_striker": "Hazratullah",
              "runs": {
                "batter": 4,
                "extras": 0,
                "total": 4
              }
            },
            {
              "batter": "Asghar Stanikzai",
              "bowler": "Simi Singh",
              "non_striker": "Hazratullah",
              "runs": {
                "batter": 4,
                "extras": 0,
                "total": 4
              }
            },
            {
              "batter": "Asghar Stanikzai",
              "bowler": "Simi Singh",
              "non_striker": "Hazratullah",
              "runs": {
                "batter": 0,
                "extras": 0,
                "total": 0
              }
            }
          ]
        },
        {
          "over": 6,
          "deliveries": [
            {
              "batter": "Hazratullah",
              "bowler": "J Little",
              "non_striker": "Asghar Stanikzai",
              "runs": {
                "batter": 0,
                "extras": 0,
                "total": 0
              }
            },
            {
              "batter": "Hazratullah",
              "bowler": "J Little",
              "non_striker": "Asghar Stanikzai",
              "runs": {
                "batter": 0,
                "extras": 0,
                "total": 0
              }
            },
            {
              "batter": "Hazratullah",
              "bowler": "J Little",
              "non_striker": "Asghar Stanikzai",
              "runs": {
                "batter": 1,
                "extras": 0,
                "total": 1
              }
            },
            {
              "batter": "Asghar Stanikzai",
              "bowler": "J Little",
              "non_striker": "Hazratullah",
              "runs": {
                "batter": 0,
                "extras": 0,
                "total": 0
              }
            },
            {
              "batter": "Asghar Stanikzai",
              "bowler": "J Little",
              "extras": {
                "legbyes": 1
              },
              "non_striker": "Hazratullah",
              "runs": {
                "batter": 0,
                "extras": 1,
                "total": 1
              }
            },
            {
              "batter": "Hazratullah",
              "bowler": "J Little",
              "non_striker": "Asghar Stanikzai",
              "runs": {
                "batter": 0,
                "extras": 0,
                "total": 0
              }
            }
          ]
        },
        {
          "over": 7,
          "deliveries": [
            {
              "batter": "Asghar Stanikzai",
              "bowler": "GH Dockrell",
              "non_striker": "Hazratullah",
              "runs": {
                "batter": 1,
                "extras": 0,
                "total": 1
              }
            },
            {
              "batter": "Hazratullah",
              "bowler": "GH Dockrell",
              "non_striker": "Asghar Stanikzai",
              "runs": {
                "batter": 0,
                "extras": 0,
                "total": 0
              }
            },
            {
              "batter": "Hazratullah",
              "bowler": "GH Dockrell",
              "non_striker": "Asghar Stanikzai",
              "runs": {
                "batter": 1,
                "extras": 0,
                "total": 1
              }
            },
            {
              "batter": "Asghar Stanikzai",
              "bowler": "GH Dockrell",
              "non_striker": "Hazratullah",
              "runs": {
                "batter": 1,
                "extras": 0,
                "total": 1
              }
            },
            {
              "batter": "Hazratullah",
              "bowler": "GH Dockrell",
              "non_striker": "Asghar Stanikzai",
              "runs": {
                "batter": 4,
                "extras": 0,
                "total": 4
              }
            },
            {
              "batter": "Hazratullah",
              "bowler": "GH Dockrell",
              "non_striker": "Asghar Stanikzai",
              "runs": {
                "batter": 4,
                "extras": 0,
                "total": 4
              }
            }
          ]
        },
        {
          "over": 8,
          "deliveries": [
            {
              "batter": "Asghar Stanikzai",
              "bowler": "WB Rankin",
              "non_striker": "Hazratullah",
              "runs": {
                "batter": 0,
                "extras": 0,
                "total": 0
              }
            },
            {
              "batter": "Asghar Stanikzai",
              "bowler": "WB Rankin",
              "non_striker": "Hazratullah",
              "runs": {
                "batter": 1,
                "extras": 0,
                "total": 1
              }
            },
            {
              "batter": "Hazratullah",
              "bowler": "WB Rankin",
              "non_striker": "Asghar Stanikzai",
              "runs": {
                "batter": 1,
                "extras": 0,
                "total": 1
              }
            },
            {
              "batter": "Asghar Stanikzai",
              "bowler": "WB Rankin",
              "non_striker": "Hazratullah",
              "runs": {
                "batter": 1,
                "extras": 0,
                "total": 1
              }
            },
            {
              "batter": "Hazratullah",
              "bowler": "WB Rankin",
              "non_striker": "Asghar Stanikzai",
              "runs": {
                "batter": 0,
                "extras": 0,
                "total": 0
              }
            },
            {
              "batter": "Hazratullah",
              "bowler": "WB Rankin",
              "non_striker": "Asghar Stanikzai",
              "runs": {
                "batter": 0,
                "extras": 0,
                "total": 0
              }
            }
          ]
        },
        {
          "over": 9,
          "deliveries": [
            {
              "batter": "Asghar Stanikzai",
              "bowler": "J Little",
              "non_striker": "Hazratullah",
              "runs": {
                "batter": 6,
                "extras": 0,
                "total": 6
              }
            },
            {
              "batter": "Asghar Stanikzai",
              "bowler": "J Little",
              "non_striker": "Hazratullah",
              "runs": {
                "batter": 0,
                "extras": 0,
                "total": 0
              }
            },
            {
              "batter": "Asghar Stanikzai",
              "bowler": "J Little",
              "non_striker": "Hazratullah",
              "runs": {
                "batter": 2,
                "extras": 0,
                "total": 2
              }
            },
            {
              "batter": "Asghar Stanikzai",
              "bowler": "J Little",
              "non_striker": "Hazratullah",
              "runs": {
                "batter": 1,
                "extras": 0,
                "total": 1
              }
            },
            {
              "batter": "Hazratullah",
              "bowler": "J Little",
              "non_striker": "Asghar Stanikzai",
              "runs": {
                "batter": 4,
                "extras": 0,
                "total": 4
              }
            },
            {
              "batter": "Hazratullah",
              "bowler": "J Little",
              "non_striker": "Asghar Stanikzai",
              "runs": {
                "batter": 6,
                "extras": 0,
                "total": 6
              }
            }
          ]
        },
        {
          "over": 10,
          "deliveries": [
            {
              "batter": "Asghar Stanikzai",
              "bowler": "GH Dockrell",
              "non_striker": "Hazratullah",
              "runs": {
                "batter": 1,
                "extras": 0,
                "total": 1
              }
            },
            {
              "batter": "Hazratullah",
              "bowler": "GH Dockrell",
              "non_striker": "Asghar Stanikzai",
              "runs": {
                "batter": 1,
                "extras": 0,
                "total": 1
              }
            },
            {
              "batter": "Asghar Stanikzai",
              "bowler": "GH Dockrell",
              "non_striker": "Hazratullah",
              "runs": {
                "batter": 1,
                "extras": 0,
                "total": 1
              }
            },
            {
              "batter": "Hazratullah",
              "bowler": "GH Dockrell",
              "non_striker": "Asghar Stanikzai",
              "runs": {
                "batter": 1,
                "extras": 0,
                "total": 1
              }
            },
            {
              "batter": "Asghar Stanikzai",
              "bowler": "GH Dockrell",
              "non_striker": "Hazratullah",
              "runs": {
                "batter": 0,
                "extras": 0,
                "total": 0
              }
            },
            {
              "batter": "Asghar Stanikzai",
              "bowler": "GH Dockrell",
              "non_striker": "Hazratullah",
              "runs": {
                "batter": 0,
                "extras": 0,
                "total": 0
              }
            }
          ]
        },
        {
          "over": 11,
          "deliveries": [
            {
              "batter": "Hazratullah",
              "bowler": "PR Stirling",
              "non_striker": "Asghar Stanikzai",
              "runs": {
                "batter": 6,
                "extras": 0,
                "total": 6
              }
            },
            {
              "batter": "Hazratullah",
              "bowler": "PR Stirling",
              "non_striker": "Asghar Stanikzai",
              "runs": {
                "batter": 6,
                "extras": 0,
                "total": 6
              }
            },
            {
              "batter": "Hazratullah",
              "bowler": "PR Stirling",
              "non_striker": "Asghar Stanikzai",
              "runs": {
                "batter": 0,
                "extras": 0,
                "total": 0
              }
            },
            {
              "batter": "Hazratullah",
              "bowler": "PR Stirling",
              "non_striker": "Asghar Stanikzai",
              "runs": {
                "batter": 6,
                "extras": 0,
                "total": 6
              }
            },
            {
              "batter": "Hazratullah",
              "bowler": "PR Stirling",
              "non_striker": "Asghar Stanikzai",
              "runs": {
                "batter": 1,
                "extras": 0,
                "total": 1
              }
            },
            {
              "batter": "Asghar Stanikzai",
              "bowler": "PR Stirling",
              "non_striker": "Hazratullah",
              "runs": {
                "batter": 1,
                "extras": 0,
                "total": 1
              }
            }
          ]
        },
        {
          "over": 12,
          "deliveries": [
            {
              "batter": "Asghar Stanikzai",
              "bowler": "WB Rankin",
              "extras": {
                "wides": 1
              },
              "non_striker": "Hazratullah",
              "runs": {
                "batter": 0,
                "extras": 1,
                "total": 1
              }
            },
            {
              "batter": "Asghar Stanikzai",
              "bowler": "WB Rankin",
              "non_striker": "Hazratullah",
              "runs": {
                "batter": 0,
                "extras": 0,
                "total": 0
              }
            },
            {
              "batter": "Asghar Stanikzai",
              "bowler": "WB Rankin",
              "non_striker": "Hazratullah",
              "runs": {
                "batter": 1,
                "extras": 0,
                "total": 1
              }
            },
            {
              "batter": "Hazratullah",
              "bowler": "WB Rankin",
              "non_striker": "Asghar Stanikzai",
              "runs": {
                "batter": 1,
                "extras": 0,
                "total": 1
              }
            },
            {
              "batter": "Asghar Stanikzai",
              "bowler": "WB Rankin",
              "non_striker": "Hazratullah",
              "runs": {
                "batter": 1,
                "extras": 0,
                "total": 1
              }
            },
            {
              "batter": "Hazratullah",
              "bowler": "WB Rankin",
              "non_striker": "Asghar Stanikzai",
              "runs": {
                "batter": 0,
                "extras": 0,
                "total": 0
              }
            },
            {
              "batter": "Hazratullah",
              "bowler": "WB Rankin",
              "non_striker": "Asghar Stanikzai",
              "runs": {
                "batter": 0,
                "extras": 0,
                "total": 0
              }
            }
          ]
        },
        {
          "over": 13,
          "deliveries": [
            {
              "batter": "Asghar Stanikzai",
              "bowler": "GH Dockrell",
              "non_striker": "Hazratullah",
              "runs": {
                "batter": 0,
                "extras": 0,
                "total": 0
              }
            },
            {
              "batter": "Asghar Stanikzai",
              "bowler": "GH Dockrell",
              "non_striker": "Hazratullah",
              "runs": {
                "batter": 1,
                "extras": 0,
                "total": 1
              }
            },
            {
              "batter": "Hazratullah",
              "bowler": "GH Dockrell",
              "non_striker": "Asghar Stanikzai",
              "runs": {
                "batter": 0,
                "extras": 0,
                "total": 0
              }
            },
            {
              "batter": "Hazratullah",
              "bowler": "GH Dockrell",
              "non_striker": "Asghar Stanikzai",
              "runs": {
                "batter": 0,
                "extras": 0,
                "total": 0
              }
            },
            {
              "batter": "Hazratullah",
              "bowler": "GH Dockrell",
              "non_striker": "Asghar Stanikzai",
              "runs": {
                "batter": 1,
                "extras": 0,
                "total": 1
              }
            },
            {
              "batter": "Asghar Stanikzai",
              "bowler": "GH Dockrell",
              "non_striker": "Hazratullah",
              "runs": {
                "batter": 0,
                "extras": 0,
                "total": 0
              }
            }
          ]
        },
        {
          "over": 14,
          "deliveries": [
            {
              "batter": "Hazratullah",
              "bowler": "J Little",
              "non_striker": "Asghar Stanikzai",
              "runs": {
                "batter": 6,
                "extras": 0,
                "total": 6
              }
            },
            {
              "batter": "Hazratullah",
              "bowler": "J Little",
              "non_striker": "Asghar Stanikzai",
              "runs": {
                "batter": 1,
                "extras": 0,
                "total": 1
              }
            },
            {
              "batter": "Asghar Stanikzai",
              "bowler": "J Little",
              "non_striker": "Hazratullah",
              "runs": {
                "batter": 1,
                "extras": 0,
                "total": 1
              }
            },
            {
              "batter": "Hazratullah",
              "bowler": "J Little",
              "non_striker": "Asghar Stanikzai",
              "runs": {
                "batter": 6,
                "extras": 0,
                "total": 6
              }
            },
            {
              "batter": "Hazratullah",
              "bowler": "J Little",
              "non_striker": "Asghar Stanikzai",
              "runs": {
                "batter": 0,
                "extras": 0,
                "total": 0
              }
            },
            {
              "batter": "Hazratullah",
              "bowler": "J Little",
              "non_striker": "Asghar Stanikzai",
              "runs": {
                "batter": 1,
                "extras": 0,
                "total": 1
              }
            }
          ]
        },
        {
          "over": 15,
          "deliveries": [
            {
              "batter": "Hazratullah",
              "bowler": "GH Dockrell",
              "non_striker": "Asghar Stanikzai",
              "runs": {
                "batter": 0,
                "extras": 0,
                "total": 0
              }
            },
            {
              "batter": "Hazratullah",
              "bowler": "GH Dockrell",
              "non_striker": "Asghar Stanikzai",
              "runs": {
                "batter": 0,
                "extras": 0,
                "total": 0
              }
            },
            {
              "batter": "Hazratullah",
              "bowler": "GH Dockrell",
              "non_striker": "Asghar Stanikzai",
              "runs": {
                "batter": 0,
                "extras": 0,
                "total": 0
              }
            },
            {
              "batter": "Hazratullah",
              "bowler": "GH Dockrell",
              "non_striker": "Asghar Stanikzai",
              "runs": {
                "batter": 1,
                "extras": 0,
                "total": 1
              }
            },
            {
              "batter": "Asghar Stanikzai",
              "bowler": "GH Dockrell",
              "non_striker": "Hazratullah",
              "runs": {
                "batter": 1,
                "extras": 0,
                "total": 1
              }
            },
            {
              "batter": "Hazratullah",
              "bowler": "GH Dockrell",
              "non_striker": "Asghar Stanikzai",
              "runs": {
                "batter": 0,
                "extras": 0,
                "total": 0
              },
              "wickets": [
                {
                  "player_out": "Hazratullah",
                  "fielders": [
                    {
                      "name": "Simi Singh"
                    }
                  ],
                  "kind": "caught"
                }
              ]
            }
          ]
        },
        {
          "over": 16,
          "deliveries": [
            {
              "batter": "Asghar Stanikzai",
              "bowler": "J Little",
              "non_striker": "Shafiqullah",
              "runs": {
                "batter": 0,
                "extras": 0,
                "total": 0
              },
              "wickets": [
                {
                  "player_out": "Asghar Stanikzai",
                  "fielders": [
                    {
                      "name": "GH Dockrell"
                    }
                  ],
                  "kind": "caught"
                }
              ]
            },
            {
              "batter": "Shafiqullah",
              "bowler": "J Little",
              "non_striker": "Mohammad Nabi",
              "runs": {
                "batter": 1,
                "extras": 0,
                "total": 1
              }
            },
            {
              "batter": "Mohammad Nabi",
              "bowler": "J Little",
              "non_striker": "Shafiqullah",
              "runs": {
                "batter": 1,
                "extras": 0,
                "total": 1
              }
            },
            {
              "batter": "Shafiqullah",
              "bowler": "J Little",
              "non_striker": "Mohammad Nabi",
              "runs": {
                "batter": 1,
                "extras": 0,
                "total": 1
              }
            },
            {
              "batter": "Mohammad Nabi",
              "bowler": "J Little",
              "non_striker": "Shafiqullah",
              "runs": {
                "batter": 4,
                "extras": 0,
                "total": 4
              }
            },
            {
              "batter": "Mohammad Nabi",
              "bowler": "J Little",
              "non_striker": "Shafiqullah",
              "runs": {
                "batter": 6,
                "extras": 0,
                "total": 6
              }
            }
          ]
        },
        {
          "over": 17,
          "deliveries": [
            {
              "batter": "Shafiqullah",
              "bowler": "PKD Chase",
              "non_striker": "Mohammad Nabi",
              "runs": {
                "batter": 0,
                "extras": 0,
                "total": 0
              },
              "wickets": [
                {
                  "player_out": "Shafiqullah",
                  "kind": "caught and bowled"
                }
              ]
            },
            {
              "batter": "Mohammad Nabi",
              "bowler": "PKD Chase",
              "non_striker": "Najibullah Zadran",
              "runs": {
                "batter": 1,
                "extras": 0,
                "total": 1
              }
            },
            {
              "batter": "Najibullah Zadran",
              "bowler": "PKD Chase",
              "non_striker": "Mohammad Nabi",
              "runs": {
                "batter": 4,
                "extras": 0,
                "total": 4
              }
            },
            {
              "batter": "Najibullah Zadran",
              "bowler": "PKD Chase",
              "non_striker": "Mohammad Nabi",
              "runs": {
                "batter": 4,
                "extras": 0,
                "total": 4
              }
            },
            {
              "batter": "Najibullah Zadran",
              "bowler": "PKD Chase",
              "non_striker": "Mohammad Nabi",
              "runs": {
                "batter": 0,
                "extras": 0,
                "total": 0
              }
            },
            {
              "batter": "Najibullah Zadran",
              "bowler": "PKD Chase",
              "non_striker": "Mohammad Nabi",
              "runs": {
                "batter": 1,
                "extras": 0,
                "total": 1
              }
            }
          ]
        },
        {
          "over": 18,
          "deliveries": [
            {
              "batter": "Najibullah Zadran",
              "bowler": "WB Rankin",
              "non_striker": "Mohammad Nabi",
              "runs": {
                "batter": 1,
                "extras": 0,
                "total": 1
              }
            },
            {
              "batter": "Mohammad Nabi",
              "bowler": "WB Rankin",
              "non_striker": "Najibullah Zadran",
              "runs": {
                "batter": 0,
                "extras": 0,
                "total": 0
              },
              "wickets": [
                {
                  "player_out": "Mohammad Nabi",
                  "fielders": [
                    {
                      "name": "SR Thompson"
                    }
                  ],
                  "kind": "caught"
                }
              ]
            },
            {
              "batter": "Najibullah Zadran",
              "bowler": "WB Rankin",
              "non_striker": "Rashid Khan",
              "runs": {
                "batter": 1,
                "extras": 0,
                "total": 1
              }
            },
            {
              "batter": "Rashid Khan",
              "bowler": "WB Rankin",
              "non_striker": "Najibullah Zadran",
              "runs": {
                "batter": 0,
                "extras": 0,
                "total": 0
              }
            },
            {
              "batter": "Rashid Khan",
              "bowler": "WB Rankin",
              "non_striker": "Najibullah Zadran",
              "runs": {
                "batter": 0,
                "extras": 0,
                "total": 0
              },
              "wickets": [
                {
                  "player_out": "Rashid Khan",
                  "fielders": [
                    {
                      "name": "A Balbirnie"
                    }
                  ],
                  "kind": "caught"
                }
              ]
            },
            {
              "batter": "Najibullah Zadran",
              "bowler": "WB Rankin",
              "non_striker": "Aftab Alam",
              "runs": {
                "batter": 0,
                "extras": 0,
                "total": 0
              }
            }
          ]
        },
        {
          "over": 19,
          "deliveries": [
            {
              "batter": "Aftab Alam",
              "bowler": "PKD Chase",
              "non_striker": "Najibullah Zadran",
              "runs": {
                "batter": 1,
                "extras": 0,
                "total": 1
              }
            },
            {
              "batter": "Najibullah Zadran",
              "bowler": "PKD Chase",
              "non_striker": "Aftab Alam",
              "runs": {
                "batter": 2,
                "extras": 0,
                "total": 2
              }
            },
            {
              "batter": "Najibullah Zadran",
              "bowler": "PKD Chase",
              "extras": {
                "wides": 1
              },
              "non_striker": "Aftab Alam",
              "runs": {
                "batter": 0,
                "extras": 1,
                "total": 1
              }
            },
            {
              "batter": "Najibullah Zadran",
              "bowler": "PKD Chase",
              "non_striker": "Aftab Alam",
              "runs": {
                "batter": 6,
                "extras": 0,
                "total": 6
              }
            },
            {
              "batter": "Najibullah Zadran",
              "bowler": "PKD Chase",
              "non_striker": "Aftab Alam",
              "runs": {
                "batter": 1,
                "extras": 0,
                "total": 1
              }
            },
            {
              "batter": "Aftab Alam",
              "bowler": "PKD Chase",
              "non_striker": "Najibullah Zadran",
              "runs": {
                "batter": 0,
                "extras": 0,
                "total": 0
              }
            },
            {
              "batter": "Aftab Alam",
              "bowler": "PKD Chase",
              "non_striker": "Najibullah Zadran",
              "runs": {
                "batter": 0,
                "extras": 0,
                "total": 0
              },
              "wickets": [
                {
                  "player_out": "Aftab Alam",
                  "fielders": [
                    {
                      "name": "A Balbirnie"
                    }
                  ],
                  "kind": "caught"
                }
              ]
            }
          ]
        }
      ],
      "powerplays": [
        {
          "from": 0.1,
          "to": 5.6,
          "type": "mandatory"
        }
      ]
    },
    {
      "team": "Ireland",
      "overs": [
        {
          "over": 0,
          "deliveries": [
            {
              "batter": "PR Stirling",
              "bowler": "Mujeeb Ur Rahman",
              "non_striker": "SR Thompson",
              "runs": {
                "batter": 1,
                "extras": 0,
                "total": 1
              }
            },
            {
              "batter": "SR Thompson",
              "bowler": "Mujeeb Ur Rahman",
              "non_striker": "PR Stirling",
              "runs": {
                "batter": 0,
                "extras": 0,
                "total": 0
              }
            },
            {
              "batter": "SR Thompson",
              "bowler": "Mujeeb Ur Rahman",
              "non_striker": "PR Stirling",
              "runs": {
                "batter": 0,
                "extras": 0,
                "total": 0
              }
            },
            {
              "batter": "SR Thompson",
              "bowler": "Mujeeb Ur Rahman",
              "non_striker": "PR Stirling",
              "runs": {
                "batter": 1,
                "extras": 0,
                "total": 1
              }
            },
            {
              "batter": "PR Stirling",
              "bowler": "Mujeeb Ur Rahman",
              "non_striker": "SR Thompson",
              "runs": {
                "batter": 1,
                "extras": 0,
                "total": 1
              }
            },
            {
              "batter": "SR Thompson",
              "bowler": "Mujeeb Ur Rahman",
              "non_striker": "PR Stirling",
              "runs": {
                "batter": 1,
                "extras": 0,
                "total": 1
              }
            }
          ]
        },
        {
          "over": 1,
          "deliveries": [
            {
              "batter": "SR Thompson",
              "bowler": "Aftab Alam",
              "non_striker": "PR Stirling",
              "runs": {
                "batter": 0,
                "extras": 0,
                "total": 0
              }
            },
            {
              "batter": "SR Thompson",
              "bowler": "Aftab Alam",
              "non_striker": "PR Stirling",
              "runs": {
                "batter": 1,
                "extras": 0,
                "total": 1
              }
            },
            {
              "batter": "PR Stirling",
              "bowler": "Aftab Alam",
              "non_striker": "SR Thompson",
              "runs": {
                "batter": 0,
                "extras": 0,
                "total": 0
              }
            },
            {
              "batter": "PR Stirling",
              "bowler": "Aftab Alam",
              "non_striker": "SR Thompson",
              "runs": {
                "batter": 0,
                "extras": 0,
                "total": 0
              }
            },
            {
              "batter": "PR Stirling",
              "bowler": "Aftab Alam",
              "extras": {
                "wides": 1
              },
              "non_striker": "SR Thompson",
              "runs": {
                "batter": 0,
                "extras": 1,
                "total": 1
              }
            },
            {
              "batter": "PR Stirling",
              "bowler": "Aftab Alam",
              "non_striker": "SR Thompson",
              "runs": {
                "batter": 0,
                "extras": 0,
                "total": 0
              },
              "wickets": [
                {
                  "player_out": "PR Stirling",
                  "fielders": [
                    {
                      "name": "Rashid Khan"
                    }
                  ],
                  "kind": "caught"
                }
              ]
            },
            {
              "batter": "WTS Porterfield",
              "bowler": "Aftab Alam",
              "non_striker": "SR Thompson",
              "runs": {
                "batter": 1,
                "extras": 0,
                "total": 1
              }
            }
          ]
        },
        {
          "over": 2,
          "deliveries": [
            {
              "batter": "WTS Porterfield",
              "bowler": "Mujeeb Ur Rahman",
              "non_striker": "SR Thompson",
              "runs": {
                "batter": 1,
                "extras": 0,
                "total": 1
              }
            },
            {
              "batter": "SR Thompson",
              "bowler": "Mujeeb Ur Rahman",
              "non_striker": "WTS Porterfield",
              "runs": {
                "batter": 0,
                "extras": 0,
                "total": 0
              },
              "wickets": [
                {
                  "player_out": "SR Thompson",
                  "fielders": [
                    {
                      "name": "Mohammad Nabi"
                    }
                  ],
                  "kind": "caught"
                }
              ]
            },
            {
              "batter": "WTS Porterfield",
              "bowler": "Mujeeb Ur Rahman",
              "non_striker": "A Balbirnie",
              "runs": {
                "batter": 0,
                "extras": 0,
                "total": 0
              }
            },
            {
              "batter": "WTS Porterfield",
              "bowler": "Mujeeb Ur Rahman",
              "non_striker": "A Balbirnie",
              "runs": {
                "batter": 0,
                "extras": 0,
                "total": 0
              }
            },
            {
              "batter": "WTS Porterfield",
              "bowler": "Mujeeb Ur Rahman",
              "non_striker": "A Balbirnie",
              "runs": {
                "batter": 1,
                "extras": 0,
                "total": 1
              }
            },
            {
              "batter": "A Balbirnie",
              "bowler": "Mujeeb Ur Rahman",
              "non_striker": "WTS Porterfield",
              "runs": {
                "batter": 0,
                "extras": 0,
                "total": 0
              },
              "wickets": [
                {
                  "player_out": "A Balbirnie",
                  "kind": "caught and bowled"
                }
              ]
            }
          ]
        },
        {
          "over": 3,
          "deliveries": [
            {
              "batter": "WTS Porterfield",
              "bowler": "Aftab Alam",
              "non_striker": "GC Wilson",
              "runs": {
                "batter": 2,
                "extras": 0,
                "total": 2
              }
            },
            {
              "batter": "WTS Porterfield",
              "bowler": "Aftab Alam",
              "non_striker": "GC Wilson",
              "runs": {
                "batter": 1,
                "extras": 0,
                "total": 1
              }
            },
            {
              "batter": "GC Wilson",
              "bowler": "Aftab Alam",
              "non_striker": "WTS Porterfield",
              "runs": {
                "batter": 0,
                "extras": 0,
                "total": 0
              }
            },
            {
              "batter": "GC Wilson",
              "bowler": "Aftab Alam",
              "non_striker": "WTS Porterfield",
              "runs": {
                "batter": 0,
                "extras": 0,
                "total": 0
              }
            },
            {
              "batter": "GC Wilson",
              "bowler": "Aftab Alam",
              "non_striker": "WTS Porterfield",
              "runs": {
                "batter": 0,
                "extras": 0,
                "total": 0
              }
            },
            {
              "batter": "GC Wilson",
              "bowler": "Aftab Alam",
              "non_striker": "WTS Porterfield",
              "runs": {
                "batter": 1,
                "extras": 0,
                "total": 1
              }
            }
          ]
        },
        {
          "over": 4,
          "deliveries": [
            {
              "batter": "GC Wilson",
              "bowler": "Fareed Ahmad",
              "non_striker": "WTS Porterfield",
              "runs": {
                "batter": 1,
                "extras": 0,
                "total": 1
              }
            },
            {
              "batter": "WTS Porterfield",
              "bowler": "Fareed Ahmad",
              "non_striker": "GC Wilson",
              "runs": {
                "batter": 0,
                "extras": 0,
                "total": 0
              }
            },
            {
              "batter": "WTS Porterfield",
              "bowler": "Fareed Ahmad",
              "non_striker": "GC Wilson",
              "runs": {
                "batter": 1,
                "extras": 0,
                "total": 1
              }
            },
            {
              "batter": "GC Wilson",
              "bowler": "Fareed Ahmad",
              "non_striker": "WTS Porterfield",
              "runs": {
                "batter": 0,
                "extras": 0,
                "total": 0
              }
            },
            {
              "batter": "GC Wilson",
              "bowler": "Fareed Ahmad",
              "non_striker": "WTS Porterfield",
              "runs": {
                "batter": 0,
                "extras": 0,
                "total": 0
              }
            },
            {
              "batter": "GC Wilson",
              "bowler": "Fareed Ahmad",
              "non_striker": "WTS Porterfield",
              "runs": {
                "batter": 0,
                "extras": 0,
                "total": 0
              }
            }
          ]
        },
        {
          "over": 5,
          "deliveries": [
            {
              "batter": "WTS Porterfield",
              "bowler": "Mujeeb Ur Rahman",
              "non_striker": "GC Wilson",
              "runs": {
                "batter": 6,
                "extras": 0,
                "total": 6
              }
            },
            {
              "batter": "WTS Porterfield",
              "bowler": "Mujeeb Ur Rahman",
              "non_striker": "GC Wilson",
              "runs": {
                "batter": 0,
                "extras": 0,
                "total": 0
              }
            },
            {
              "batter": "WTS Porterfield",
              "bowler": "Mujeeb Ur Rahman",
              "non_striker": "GC Wilson",
              "runs": {
                "batter": 1,
                "extras": 0,
                "total": 1
              }
            },
            {
              "batter": "GC Wilson",
              "bowler": "Mujeeb Ur Rahman",
              "non_striker": "WTS Porterfield",
              "runs": {
                "batter": 1,
                "extras": 0,
                "total": 1
              }
            },
            {
              "batter": "WTS Porterfield",
              "bowler": "Mujeeb Ur Rahman",
              "non_striker": "GC Wilson",
              "runs": {
                "batter": 1,
                "extras": 0,
                "total": 1
              }
            },
            {
              "batter": "GC Wilson",
              "bowler": "Mujeeb Ur Rahman",
              "non_striker": "WTS Porterfield",
              "runs": {
                "batter": 1,
                "extras": 0,
                "total": 1
              }
            }
          ]
        },
        {
          "over": 6,
          "deliveries": [
            {
              "batter": "GC Wilson",
              "bowler": "Fareed Ahmad",
              "non_striker": "WTS Porterfield",
              "runs": {
                "batter": 0,
                "extras": 0,
                "total": 0
              }
            },
            {
              "batter": "GC Wilson",
              "bowler": "Fareed Ahmad",
              "non_striker": "WTS Porterfield",
              "runs": {
                "batter": 1,
                "extras": 0,
                "total": 1
              }
            },
            {
              "batter": "WTS Porterfield",
              "bowler": "Fareed Ahmad",
              "non_striker": "GC Wilson",
              "runs": {
                "batter": 2,
                "extras": 0,
                "total": 2
              }
            },
            {
              "batter": "WTS Porterfield",
              "bowler": "Fareed Ahmad",
              "non_striker": "GC Wilson",
              "runs": {
                "batter": 4,
                "extras": 0,
                "total": 4
              }
            },
            {
              "batter": "WTS Porterfield",
              "bowler": "Fareed Ahmad",
              "non_striker": "GC Wilson",
              "runs": {
                "batter": 4,
                "extras": 0,
                "total": 4
              }
            },
            {
              "batter": "WTS Porterfield",
              "bowler": "Fareed Ahmad",
              "non_striker": "GC Wilson",
              "runs": {
                "batter": 1,
                "extras": 0,
                "total": 1
              }
            }
          ]
        },
        {
          "over": 7,
          "deliveries": [
            {
              "batter": "WTS Porterfield",
              "bowler": "Mohammad Nabi",
              "non_striker": "GC Wilson",
              "runs": {
                "batter": 0,
                "extras": 0,
                "total": 0
              }
            },
            {
              "batter": "WTS Porterfield",
              "bowler": "Mohammad Nabi",
              "non_striker": "GC Wilson",
              "runs": {
                "batter": 1,
                "extras": 0,
                "total": 1
              }
            },
            {
              "batter": "GC Wilson",
              "bowler": "Mohammad Nabi",
              "non_striker": "WTS Porterfield",
              "runs": {
                "batter": 1,
                "extras": 0,
                "total": 1
              }
            },
            {
              "batter": "WTS Porterfield",
              "bowler": "Mohammad Nabi",
              "non_striker": "GC Wilson",
              "runs": {
                "batter": 0,
                "extras": 0,
                "total": 0
              }
            },
            {
              "batter": "WTS Porterfield",
              "bowler": "Mohammad Nabi",
              "non_striker": "GC Wilson",
              "runs": {
                "batter": 0,
                "extras": 0,
                "total": 0
              }
            },
            {
              "batter": "WTS Porterfield",
              "bowler": "Mohammad Nabi",
              "non_striker": "GC Wilson",
              "runs": {
                "batter": 6,
                "extras": 0,
                "total": 6
              }
            }
          ]
        },
        {
          "over": 8,
          "deliveries": [
            {
              "batter": "GC Wilson",
              "bowler": "Rashid Khan",
              "non_striker": "WTS Porterfield",
              "runs": {
                "batter": 1,
                "extras": 0,
                "total": 1
              }
            },
            {
              "batter": "WTS Porterfield",
              "bowler": "Rashid Khan",
              "non_striker": "GC Wilson",
              "runs": {
                "batter": 0,
                "extras": 0,
                "total": 0
              },
              "wickets": [
                {
                  "player_out": "WTS Porterfield",
                  "fielders": [
                    {
                      "name": "Aftab Alam"
                    }
                  ],
                  "kind": "caught"
                }
              ]
            },
            {
              "batter": "KJ O'Brien",
              "bowler": "Rashid Khan",
              "non_striker": "GC Wilson",
              "runs": {
                "batter": 0,
                "extras": 0,
                "total": 0
              }
            },
            {
              "batter": "KJ O'Brien",
              "bowler": "Rashid Khan",
              "non_striker": "GC Wilson",
              "runs": {
                "batter": 1,
                "extras": 0,
                "total": 1
              }
            },
            {
              "batter": "GC Wilson",
              "bowler": "Rashid Khan",
              "non_striker": "KJ O'Brien",
              "runs": {
                "batter": 1,
                "extras": 0,
                "total": 1
              }
            },
            {
              "batter": "KJ O'Brien",
              "bowler": "Rashid Khan",
              "non_striker": "GC Wilson",
              "runs": {
                "batter": 1,
                "extras": 0,
                "total": 1
              }
            }
          ]
        },
        {
          "over": 9,
          "deliveries": [
            {
              "batter": "KJ O'Brien",
              "bowler": "Mohammad Nabi",
              "non_striker": "GC Wilson",
              "runs": {
                "batter": 1,
                "extras": 0,
                "total": 1
              }
            },
            {
              "batter": "GC Wilson",
              "bowler": "Mohammad Nabi",
              "non_striker": "KJ O'Brien",
              "runs": {
                "batter": 0,
                "extras": 0,
                "total": 0
              }
            },
            {
              "batter": "GC Wilson",
              "bowler": "Mohammad Nabi",
              "non_striker": "KJ O'Brien",
              "runs": {
                "batter": 6,
                "extras": 0,
                "total": 6
              }
            },
            {
              "batter": "GC Wilson",
              "bowler": "Mohammad Nabi",
              "non_striker": "KJ O'Brien",
              "runs": {
                "batter": 0,
                "extras": 0,
                "total": 0
              }
            },
            {
              "batter": "GC Wilson",
              "bowler": "Mohammad Nabi",
              "non_striker": "KJ O'Brien",
              "runs": {
                "batter": 2,
                "extras": 0,
                "total": 2
              }
            },
            {
              "batter": "GC Wilson",
              "bowler": "Mohammad Nabi",
              "non_striker": "KJ O'Brien",
              "runs": {
                "batter": 1,
                "extras": 0,
                "total": 1
              }
            }
          ]
        },
        {
          "over": 10,
          "deliveries": [
            {
              "batter": "GC Wilson",
              "bowler": "Fareed Ahmad",
              "non_striker": "KJ O'Brien",
              "runs": {
                "batter": 1,
                "extras": 0,
                "total": 1
              }
            },
            {
              "batter": "KJ O'Brien",
              "bowler": "Fareed Ahmad",
              "non_striker": "GC Wilson",
              "runs": {
                "batter": 0,
                "extras": 0,
                "total": 0
              },
              "wickets": [
                {
                  "player_out": "KJ O'Brien",
                  "fielders": [
                    {
                      "name": "Usman Ghani",
                      "substitute": true
                    }
                  ],
                  "kind": "caught"
                }
              ]
            },
            {
              "batter": "GC Wilson",
              "bowler": "Fareed Ahmad",
              "non_striker": "Simi Singh",
              "runs": {
                "batter": 0,
                "extras": 0,
                "total": 0
              }
            },
            {
              "batter": "GC Wilson",
              "bowler": "Fareed Ahmad",
              "non_striker": "Simi Singh",
              "runs": {
                "batter": 2,
                "extras": 0,
                "total": 2
              }
            },
            {
              "batter": "GC Wilson",
              "bowler": "Fareed Ahmad",
              "non_striker": "Simi Singh",
              "runs": {
                "batter": 0,
                "extras": 0,
                "total": 0
              }
            },
            {
              "batter": "GC Wilson",
              "bowler": "Fareed Ahmad",
              "non_striker": "Simi Singh",
              "runs": {
                "batter": 2,
                "extras": 0,
                "total": 2
              }
            }
          ]
        },
        {
          "over": 11,
          "deliveries": [
            {
              "batter": "Simi Singh",
              "bowler": "Mohammad Nabi",
              "non_striker": "GC Wilson",
              "runs": {
                "batter": 0,
                "extras": 0,
                "total": 0
              }
            },
            {
              "batter": "Simi Singh",
              "bowler": "Mohammad Nabi",
              "non_striker": "GC Wilson",
              "runs": {
                "batter": 0,
                "extras": 0,
                "total": 0
              }
            },
            {
              "batter": "Simi Singh",
              "bowler": "Mohammad Nabi",
              "non_striker": "GC Wilson",
              "runs": {
                "batter": 0,
                "extras": 0,
                "total": 0
              },
              "wickets": [
                {
                  "player_out": "Simi Singh",
                  "kind": "bowled"
                }
              ]
            },
            {
              "batter": "GH Dockrell",
              "bowler": "Mohammad Nabi",
              "non_striker": "GC Wilson",
              "runs": {
                "batter": 1,
                "extras": 0,
                "total": 1
              }
            },
            {
              "batter": "GC Wilson",
              "bowler": "Mohammad Nabi",
              "non_striker": "GH Dockrell",
              "runs": {
                "batter": 0,
                "extras": 0,
                "total": 0
              }
            },
            {
              "batter": "GC Wilson",
              "bowler": "Mohammad Nabi",
              "non_striker": "GH Dockrell",
              "runs": {
                "batter": 0,
                "extras": 0,
                "total": 0
              }
            }
          ]
        },
        {
          "over": 12,
          "deliveries": [
            {
              "batter": "GH Dockrell",
              "bowler": "Rashid Khan",
              "non_striker": "GC Wilson",
              "runs": {
                "batter": 0,
                "extras": 0,
                "total": 0
              }
            },
            {
              "batter": "GH Dockrell",
              "bowler": "Rashid Khan",
              "non_striker": "GC Wilson",
              "runs": {
                "batter": 0,
                "extras": 0,
                "total": 0
              }
            },
            {
              "batter": "GH Dockrell",
              "bowler": "Rashid Khan",
              "non_striker": "GC Wilson",
              "runs": {
                "batter": 1,
                "extras": 0,
                "total": 1
              }
            },
            {
              "batter": "GC Wilson",
              "bowler": "Rashid Khan",
              "non_striker": "GH Dockrell",
              "runs": {
                "batter": 0,
                "extras": 0,
                "total": 0
              },
              "wickets": [
                {
                  "player_out": "GC Wilson",
                  "kind": "bowled"
                }
              ]
            },
            {
              "batter": "J Little",
              "bowler": "Rashid Khan",
              "non_striker": "GH Dockrell",
              "runs": {
                "batter": 1,
                "extras": 0,
                "total": 1
              }
            },
            {
              "batter": "GH Dockrell",
              "bowler": "Rashid Khan",
              "non_striker": "J Little",
              "runs": {
                "batter": 1,
                "extras": 0,
                "total": 1
              }
            }
          ]
        },
        {
          "over": 13,
          "deliveries": [
            {
              "batter": "GH Dockrell",
              "bowler": "Mujeeb Ur Rahman",
              "non_striker": "J Little",
              "runs": {
                "batter": 0,
                "extras": 0,
                "total": 0
              }
            },
            {
              "batter": "GH Dockrell",
              "bowler": "Mujeeb Ur Rahman",
              "non_striker": "J Little",
              "runs": {
                "batter": 0,
                "extras": 0,
                "total": 0
              },
              "wickets": [
                {
                  "player_out": "GH Dockrell",
                  "fielders": [
                    {
                      "name": "Samiullah Shenwari"
                    }
                  ],
                  "kind": "caught"
                }
              ]
            },
            {
              "batter": "WB Rankin",
              "bowler": "Mujeeb Ur Rahman",
              "non_striker": "J Little",
              "runs": {
                "batter": 0,
                "extras": 0,
                "total": 0
              }
            },
            {
              "batter": "WB Rankin",
              "bowler": "Mujeeb Ur Rahman",
              "non_striker": "J Little",
              "runs": {
                "batter": 1,
                "extras": 0,
                "total": 1
              }
            },
            {
              "batter": "J Little",
              "bowler": "Mujeeb Ur Rahman",
              "non_striker": "WB Rankin",
              "runs": {
                "batter": 0,
                "extras": 0,
                "total": 0
              }
            },
            {
              "batter": "J Little",
              "bowler": "Mujeeb Ur Rahman",
              "non_striker": "WB Rankin",
              "runs": {
                "batter": 0,
                "extras": 0,
                "total": 0
              }
            }
          ]
        },
        {
          "over": 14,
          "deliveries": [
            {
              "batter": "WB Rankin",
              "bowler": "Rashid Khan",
              "non_striker": "J Little",
              "runs": {
                "batter": 0,
                "extras": 0,
                "total": 0
              }
            },
            {
              "batter": "WB Rankin",
              "bowler": "Rashid Khan",
              "non_striker": "J Little",
              "runs": {
                "batter": 6,
                "extras": 0,
                "total": 6
              }
            },
            {
              "batter": "WB Rankin",
              "bowler": "Rashid Khan",
              "non_striker": "J Little",
              "runs": {
                "batter": 0,
                "extras": 0,
                "total": 0
              },
              "wickets": [
                {
                  "player_out": "WB Rankin",
                  "kind": "bowled"
                }
              ]
            },
            {
              "batter": "PKD Chase",
              "bowler": "Rashid Khan",
              "non_striker": "J Little",
              "runs": {
                "batter": 0,
                "extras": 0,
                "total": 0
              }
            },
            {
              "batter": "PKD Chase",
              "bowler": "Rashid Khan",
              "non_striker": "J Little",
              "runs": {
                "batter": 4,
                "extras": 0,
                "total": 4
              }
            },
            {
              "batter": "PKD Chase",
              "bowler": "Rashid Khan",
              "non_striker": "J Little",
              "runs": {
                "batter": 0,
                "extras": 0,
                "total": 0
              },
              "wickets": [
                {
                  "player_out": "PKD Chase",
                  "fielders": [
                    {
                      "name": "Mohammad Nabi"
                    }
                  ],
                  "kind": "caught"
                }
              ]
            }
          ]
        }
      ],
      "powerplays": [
        {
          "from": 0.1,
          "to": 5.6,
          "type": "mandatory"
        }
      ],
      "target": {
        "overs": 20,
        "runs": 161
      }
    }
  ]
}