{
  "meta": {
    "data_version": "1.0.0",
    "created": "2020-06-27",
    "revision": 1
  },
  "info": {
    "balls_per_over": 6,
    "dates": [
      "2018-09-24"
    ],
    "event": {
      "name": "India Women tour of Sri Lanka",
      "match_number": 4
    },
    "gender": "female",
    "match_type": "T20",
    "match_type_number": 497,
    "missing": [
      "reviews",
      "player_of_match"
    ],
    "officials": {
      "match_referees": [
        "GF Labrooy"
      ],
      "reserve_umpires": [
        "Kapila Kottahachchi"
      ],
      "umpires": [
        "JWHD Boteju",
        "REJ Martinesz"
      ]
    },
    "outcome": {
      "winner": "India",
      "by": {
        "wickets": 7
      }
    },
    "overs": 20,
    "players": {
      "Sri Lanka": [
        "BYA Mendis",
        "AC Jayangani",
        "GWHM Perera",
        "HASD Siriwardene",
        "NND de Silva",
        "LE Kaushalya",
        "KADA Kanchana",
        "KDU Prabodhani",
        "RS Vandort",
        "S Ravikumar",
        "OU Ranasinghe"
      ],
      "India": [
        "M Raj",
        "S Mandhana",
        "JI Rodrigues",
        "T Bhatia",
        "AA Patil",
        "V Krishnamurthy",
        "DB Sharma",
        "RP Yadav",
        "A Reddy",
        "Poonam Yadav",
        "H Kaur"
      ]
    },
    "registry": {
      "people": {
        "A Reddy": "eadc8924",
        "AA Patil": "7c1ba524",
        "AC Jayangani": "ac56b5a7",
        "BYA Mendis": "a9fabff4",
        "DB Sharma": "201fef33",
        "GF Labrooy": "8e088dbc",
        "GWHM Perera": "53068b45",
        "H Kaur": "53cd8da6",
        "HASD Siriwardene": "dbd79036",
        "JI Rodrigues": "cb08b611",
        "JWHD Boteju": "7934d6fb",
        "KADA Kanchana": "4ac6664d",
        "KDU Prabodhani": "a0fdf513",
        "Kapila Kottahachchi": "cef2bab6",
        "LE Kaushalya": "8b552293",
        "M Raj": "ec2269dc",
        "NND de Silva": "f0b4294e",
        "OU Ranasinghe": "52d3b7ff",
        "Poonam Yadav": "d0bb40b8",
        "REJ Martinesz": "140cdf29",
        "RP Yadav": "6c3aef71",
        "RS Vandort": "80e193fa",
        "S Mandhana": "5d2eda89",
        "S Ravikumar": "5597338d",
        "T Bhatia": "211dc1ce",
        "V Krishnamurthy": "c3f21798"
      }
    },
    "season": "2018",
    "team_type": "international",
    "teams": [
      "Sri Lanka",
      "India"
    ],
    "toss": {
      "decision": "field",
      "winner": "India"
    },
    "venue": "Colombo Cricket Club Ground"
  },
  "innings": [
    {
      "team": "Sri Lanka",
      "overs": [
        {
          "over": 0,
          "deliveries": [
            {
              "batter": "BYA Mendis",
              "bowler": "A Reddy",
              "non_striker": "AC Jayangani",
              "runs": {
                "batter": 4,
                "extras": 0,
                "total": 4
              }
            },
            {
              "batter": "BYA Mendis",
              "bowler": "A Reddy",
              "non_striker": "AC Jayangani",
              "runs": {
                "batter": 4,
                "extras": 0,
                "total": 4
              }
            },
            {
              "batter": "BYA Mendis",
              "bowler": "A Reddy",
              "extras": {
                "wides": 1
              },
              "non_striker": "AC Jayangani",
              "runs": {
                "batter": 0,
                "extras": 1,
                "total": 1
              }
            },
            {
              "batter": "BYA Mendis",
              "bowler": "A Reddy",
              "non_striker": "AC Jayangani",
              "runs": {
                "batter": 0,
                "extras": 0,
                "total": 0
              }
            },
            {
              "batter": "BYA Mendis",
              "bowler": "A Reddy",
              "non_striker": "AC Jayangani",
              "runs": {
                "batter": 0,
                "extras": 0,
                "total": 0
              }
            },
            {
              "batter": "BYA Mendis",
              "bowler": "A Reddy",
              "non_striker": "AC Jayangani",
              "runs": {
                "batter": 4,
                "extras": 0,
                "total": 4
              }
            },
            {
              "batter": "BYA Mendis",
              "bowler": "A Reddy",
              "non_striker": "AC Jayangani",
              "runs": {
                "batter": 1,
                "extras": 0,
                "total": 1
              }
            }
          ]
        },
        {
          "over": 1,
          "deliveries": [
            {
              "batter": "BYA Mendis",
              "bowler": "DB Sharma",
              "non_striker": "AC Jayangani",
              "runs": {
                "batter": 0,
                "extras": 0,
                "total": 0
              }
            },
            {
              "batter": "BYA Mendis",
              "bowler": "DB Sharma",
              "non_striker": "AC Jayangani",
              "runs": {
                "batter": 0,
                "extras": 0,
                "total": 0
              }
            },
            {
              "batter": "BYA Mendis",
              "bowler": "DB Sharma",
              "non_striker": "AC Jayangani",
              "runs": {
                "batter": 1,
                "extras": 0,
                "total": 1
              }
            },
            {
              "batter": "AC Jayangani",
              "bowler": "DB Sharma",
              "non_striker": "BYA Mendis",
              "runs": {
                "batter": 4,
                "extras": 0,
                "total": 4
              }
            },
            {
              "batter": "AC Jayangani",
              "bowler": "DB Sharma",
              "non_striker": "BYA Mendis",
              "runs": {
                "batter": 0,
                "extras": 0,
                "total": 0
              }
            },
            {
              "batter": "AC Jayangani",
              "bowler": "DB Sharma",
              "non_striker": "BYA Mendis",
              "runs": {
                "batter": 0,
                "extras": 0,
                "total": 0
              }
            }
          ]
        },
        {
          "over": 2,
          "deliveries": [
            {
              "batter": "BYA Mendis",
              "bowler": "AA Patil",
              "non_striker": "AC Jayangani",
              "runs": {
                "batter": 1,
                "extras": 0,
                "total": 1
              }
            },
            {
              "batter": "AC Jayangani",
              "bowler": "AA Patil",
              "extras": {
                "wides": 1
              },
              "non_striker": "BYA Mendis",
              "runs": {
                "batter": 0,
                "extras": 1,
                "total": 1
              }
            },
            {
              "batter": "AC Jayangani",
              "bowler": "AA Patil",
              "extras": {
                "wides": 1
              },
              "non_striker": "BYA Mendis",
              "runs": {
                "batter": 0,
                "extras": 1,
                "total": 1
              }
            },
            {
              "batter": "AC Jayangani",
              "bowler": "AA Patil",
              "non_striker": "BYA Mendis",
              "runs": {
                "batter": 0,
                "extras": 0,
                "total": 0
              }
            },
            {
              "batter": "AC Jayangani",
              "bowler": "AA Patil",
              "non_striker": "BYA Mendis",
              "runs": {
                "batter": 1,
                "extras": 0,
                "total": 1
              }
            },
            {
              "batter": "BYA Mendis",
              "bowler": "AA Patil",
              "non_striker": "AC Jayangani",
              "runs": {
                "batter": 4,
                "extras": 0,
                "total": 4
              }
            },
            {
              "batter": "BYA Mendis",
              "bowler": "AA Patil",
              "non_striker": "AC Jayangani",
              "runs": {
                "batter": 0,
                "extras": 0,
                "total": 0
              },
              "wickets": [
                {
                  "player_out": "BYA Mendis",
                  "fielders": [
                    {
                      "name": "V Krishnamurthy"
                    }
                  ],
                  "kind": "caught"
                }
              ]
            },
            {
              "batter": "AC Jayangani",
              "bowler": "AA Patil",
              "non_striker": "GWHM Perera",
              "runs": {
                "batter": 6,
                "extras": 0,
                "total": 6
              }
            }
          ]
        },
        {
          "over": 3,
          "deliveries": [
            {
              "batter": "GWHM Perera",
              "bowler": "DB Sharma",
              "non_striker": "AC Jayangani",
              "runs": {
                "batter": 0,
                "extras": 0,
                "total": 0
              }
            },
            {
              "batter": "GWHM Perera",
              "bowler": "DB Sharma",
              "non_striker": "AC Jayangani",
              "runs": {
                "batter": 0,
                "extras": 0,
                "total": 0
              }
            },
            {
              "batter": "GWHM Perera",
              "bowler": "DB Sharma",
              "non_striker": "AC Jayangani",
              "runs": {
                "batter": 4,
                "extras": 0,
                "total": 4
              }
            },
            {
              "batter": "GWHM Perera",
              "bowler": "DB Sharma",
              "non_striker": "AC Jayangani",
              "runs": {
                "batter": 0,
                "extras": 0,
                "total": 0
              }
            },
            {
              "batter": "GWHM Perera",
              "bowler": "DB Sharma",
              "non_striker": "AC Jayangani",
              "runs": {
                "batter": 0,
                "extras": 0,
                "total": 0
              }
            },
            {
              "batter": "GWHM Perera",
              "bowler": "DB Sharma",
              "non_striker": "AC Jayangani",
              "runs": {
                "batter": 2,
                "extras": 0,
                "total": 2
              }
            }
          ]
        },
        {
          "over": 4,
          "deliveries": [
            {
              "batter": "AC Jayangani",
              "bowler": "AA Patil",
              "non_striker": "GWHM Perera",
              "runs": {
                "batter": 1,
                "extras": 0,
                "total": 1
              }
            },
            {
              "batter": "GWHM Perera",
              "bowler": "AA Patil",
              "non_striker": "AC Jayangani",
              "runs": {
                "batter": 4,
                "extras": 0,
                "total": 4
              }
            },
            {
              "batter": "GWHM Perera",
              "bowler": "AA Patil",
              "non_striker": "AC Jayangani",
              "runs": {
                "batter": 0,
                "extras": 0,
                "total": 0
              },
              "wickets": [
                {
                  "player_out": "GWHM Perera",
                  "kind": "bowled"
                }
              ]
            },
            {
              "batter": "HASD Siriwardene",
              "bowler": "AA Patil",
              "non_striker": "AC Jayangani",
              "runs": {
                "batter": 0,
                "extras": 0,
                "total": 0
              }
            },
            {
              "batter": "HASD Siriwardene",
              "bowler": "AA Patil",
              "non_striker": "AC Jayangani",
              "runs": {
                "batter": 0,
                "extras": 0,
                "total": 0
              }
            },
            {
              "batter": "HASD Siriwardene",
              "bowler": "AA Patil",
              "non_striker": "AC Jayangani",
              "runs": {
                "batter": 2,
                "extras": 0,
                "total": 2
              }
            }
          ]
        },
        {
          "over": 5,
          "deliveries": [
            {
              "batter": "AC Jayangani",
              "bowler": "Poonam Yadav",
              "non_striker": "HASD Siriwardene",
              "runs": {
                "batter": 1,
                "extras": 0,
                "total": 1
              }
            },
            {
              "batter": "HASD Siriwardene",
              "bowler": "Poonam Yadav",
              "non_striker": "AC Jayangani",
              "runs": {
                "batter": 0,
                "extras": 0,
                "total": 0
              }
            },
            {
              "batter": "HASD Siriwardene",
              "bowler": "Poonam Yadav",
              "non_striker": "AC Jayangani",
              "runs": {
                "batter": 0,
                "extras": 0,
                "total": 0
              }
            },
            {
              "batter": "HASD Siriwardene",
              "bowler": "Poonam Yadav",
              "non_striker": "AC Jayangani",
              "runs": {
                "batter": 1,
                "extras": 0,
                "total": 1
              }
            },
            {
              "batter": "AC Jayangani",
              "bowler": "Poonam Yadav",
              "non_striker": "HASD Siriwardene",
              "runs": {
                "batter": 0,
                "extras": 0,
                "total": 0
              }
            },
            {
              "batter": "AC Jayangani",
              "bowler": "Poonam Yadav",
              "non_striker": "HASD Siriwardene",
              "runs": {
                "batter": 4,
                "extras": 0,
                "total": 4
              }
            }
          ]
        },
        {
          "over": 6,
          "deliveries": [
            {
              "batter": "HASD Siriwardene",
              "bowler": "RP Yadav",
              "non_striker": "AC Jayangani",
              "runs": {
                "batter": 0,
                "extras": 0,
                "total": 0
              }
            },
            {
              "batter": "HASD Siriwardene",
              "bowler": "RP Yadav",
              "non_striker": "AC Jayangani",
              "runs": {
                "batter": 1,
                "extras": 0,
                "total": 1
              }
            },
            {
              "batter": "AC Jayangani",
              "bowler": "RP Yadav",
              "non_striker": "HASD Siriwardene",
              "runs": {
                "batter": 0,
                "extras": 0,
                "total": 0
              }
            },
            {
              "batter": "AC Jayangani",
              "bowler": "RP Yadav",
              "non_striker": "HASD Siriwardene",
              "runs": {
                "batter": 1,
                "extras": 0,
                "total": 1
              }
            },
            {
              "batter": "HASD Siriwardene",
              "bowler": "RP Yadav",
              "non_striker": "AC Jayangani",
              "runs": {
                "batter": 1,
                "extras": 0,
                "total": 1
              }
            },
            {
              "batter": "AC Jayangani",
              "bowler": "RP Yadav",
              "non_striker": "HASD Siriwardene",
              "runs": {
                "batter": 0,
                "extras": 0,
                "total": 0
              }
            }
          ]
        },
        {
          "over": 7,
          "deliveries": [
            {
              "batter": "HASD Siriwardene",
              "bowler": "Poonam Yadav",
              "non_striker": "AC Jayangani",
              "runs": {
                "batter": 2,
                "extras": 0,
                "total": 2
              }
            },
            {
              "batter": "HASD Siriwardene",
              "bowler": "Poonam Yadav",
              "non_striker": "AC Jayangani",
              "runs": {
                "batter": 2,
                "extras": 0,
                "total": 2
              }
            },
            {
              "batter": "HASD Siriwardene",
              "bowler": "Poonam Yadav",
              "non_striker": "AC Jayangani",
              "runs": {
                "batter": 0,
                "extras": 0,
                "total": 0
              }
            },
            {
              "batter": "HASD Siriwardene",
              "bowler": "Poonam Yadav",
              "non_striker": "AC Jayangani",
              "runs": {
                "batter": 1,
                "extras": 0,
                "total": 1
              }
            },
            {
              "batter": "AC Jayangani",
              "bowler": "Poonam Yadav",
              "non_striker": "HASD Siriwardene",
              "runs": {
                "batter": 0,
                "extras": 0,
                "total": 0
              }
            },
            {
              "batter": "AC Jayangani",
              "bowler": "Poonam Yadav",
              "non_striker": "HASD Siriwardene",
              "runs": {
                "batter": 1,
                "extras": 0,
                "total": 1
              }
            }
          ]
        },
        {
          "over": 8,
          "deliveries": [
            {
              "batter": "AC Jayangani",
              "bowler": "RP Yadav",
              "non_striker": "HASD Siriwardene",
              "runs": {
                "batter": 2,
                "extras": 0,
                "total": 2
              }
            },
            {
              "batter": "AC Jayangani",
              "bowler": "RP Yadav",
              "non_striker": "HASD Siriwardene",
              "runs": {
                "batter": 1,
                "extras": 0,
                "total": 1
              }
            },
            {
              "batter": "HASD Siriwardene",
              "bowler": "RP Yadav",
              "non_striker": "AC Jayangani",
              "runs": {
                "batter": 1,
                "extras": 0,
                "total": 1
              }
            },
            {
              "batter": "AC Jayangani",
              "bowler": "RP Yadav",
              "extras": {
                "wides": 1
              },
              "non_striker": "HASD Siriwardene",
              "runs": {
                "batter": 0,
                "extras": 1,
                "total": 1
              }
            },
            {
              "batter": "AC Jayangani",
              "bowler": "RP Yadav",
              "non_striker": "HASD Siriwardene",
              "runs": {
                "batter": 1,
                "extras": 0,
                "total": 1
              }
            },
            {
              "batter": "HASD Siriwardene",
              "bowler": "RP Yadav",
              "non_striker": "AC Jayangani",
              "runs": {
                "batter": 4,
                "extras": 0,
                "total": 4
              }
            },
            {
              "batter": "HASD Siriwardene",
              "bowler": "RP Yadav",
              "non_striker": "AC Jayangani",
              "runs": {
                "batter": 1,
                "extras": 0,
                "total": 1
              }
            }
          ]
        },
        {
          "over": 9,
          "deliveries": [
            {
              "batter": "HASD Siriwardene",
              "bowler": "Poonam Yadav",
              "non_striker": "AC Jayangani",
              "runs": {
                "batter": 6,
                "extras": 0,
                "total": 6
              }
            },
            {
              "batter": "HASD Siriwardene",
              "bowler": "Poonam Yadav",
              "non_striker": "AC Jayangani",
              "runs": {
                "batter": 0,
                "extras": 0,
                "total": 0
              }
            },
            {
              "batter": "HASD Siriwardene",
              "bowler": "Poonam Yadav",
              "non_striker": "AC Jayangani",
              "runs": {
                "batter": 1,
                "extras": 0,
                "total": 1
              }
            },
            {
              "batter": "AC Jayangani",
              "bowler": "Poonam Yadav",
              "non_striker": "HASD Siriwardene",
              "runs": {
                "batter": 1,
                "extras": 0,
                "total": 1
              }
            },
            {
              "batter": "HASD Siriwardene",
              "bowler": "Poonam Yadav",
              "non_striker": "AC Jayangani",
              "runs": {
                "batter": 1,
                "extras": 0,
                "total": 1
              }
            },
            {
              "batter": "AC Jayangani",
              "bowler": "Poonam Yadav",
              "non_striker": "HASD Siriwardene",
              "runs": {
                "batter": 0,
                "extras": 0,
                "total": 0
              }
            }
          ]
        },
        {
          "over": 10,
          "deliveries": [
            {
              "batter": "HASD Siriwardene",
              "bowler": "A Reddy",
              "non_striker": "AC Jayangani",
              "runs": {
                "batter": 4,
                "extras": 0,
                "total": 4
              }
            },
            {
              "batter": "HASD Siriwardene",
              "bowler": "A Reddy",
              "non_striker": "AC Jayangani",
              "runs": {
                "batter": 1,
                "extras": 0,
                "total": 1
              }
            },
            {
              "batter": "AC Jayangani",
              "bowler": "A Reddy",
              "non_striker": "HASD Siriwardene",
              "runs": {
                "batter": 1,
                "extras": 0,
                "total": 1
              }
            },
            {
              "batter": "HASD Siriwardene",
              "bowler": "A Reddy",
              "non_striker": "AC Jayangani",
              "runs": {
                "batter": 1,
                "extras": 0,
                "total": 1
              }
            },
            {
              "batter": "AC Jayangani",
              "bowler": "A Reddy",
              "non_striker": "HASD Siriwardene",
              "runs": {
                "batter": 0,
                "extras": 0,
                "total": 0
              }
            },
            {
              "batter": "AC Jayangani",
              "bowler": "A Reddy",
              "non_striker": "HASD Siriwardene",
              "runs": {
                "batter": 1,
                "extras": 0,
                "total": 1
              }
            }
          ]
        },
        {
          "over": 11,
          "deliveries": [
            {
              "batter": "AC Jayangani",
              "bowler": "RP Yadav",
              "non_striker": "HASD Siriwardene",
              "runs": {
                "batter": 1,
                "extras": 0,
                "total": 1
              }
            },
            {
              "batter": "HASD Siriwardene",
              "bowler": "RP Yadav",
              "non_striker": "AC Jayangani",
              "runs": {
                "batter": 1,
                "extras": 0,
                "total": 1
              }
            },
            {
              "batter": "AC Jayangani",
              "bowler": "RP Yadav",
              "non_striker": "HASD Siriwardene",
              "runs": {
                "batter": 0,
                "extras": 0,
                "total": 0
              }
            },
            {
              "batter": "AC Jayangani",
              "bowler": "RP Yadav",
              "non_striker": "HASD Siriwardene",
              "runs": {
                "batter": 4,
                "extras": 0,
                "total": 4
              }
            },
            {
              "batter": "AC Jayangani",
              "bowler": "RP Yadav",
              "extras": {
                "wides": 1
              },
              "non_striker": "HASD Siriwardene",
              "runs": {
                "batter": 0,
                "extras": 1,
                "total": 1
              },
              "wickets": [
                {
                  "player_out": "AC Jayangani",
                  "fielders": [
                    {
                      "name": "T Bhatia"
                    }
                  ],
                  "kind": "stumped"
                }
              ]
            },
            {
              "batter": "NND de Silva",
              "bowler": "RP Yadav",
              "non_striker": "HASD Siriwardene",
              "runs": {
                "batter": 0,
                "extras": 0,
                "total": 0
              }
            },
            {
              "batter": "NND de Silva",
              "bowler": "RP Yadav",
              "non_striker": "HASD Siriwardene",
              "runs": {
                "batter": 0,
                "extras": 0,
                "total": 0
              }
            }
          ]
        },
        {
          "over": 12,
          "deliveries": [
            {
              "batter": "HASD Siriwardene",
              "bowler": "A Reddy",
              "non_striker": "NND de Silva",
              "runs": {
                "batter": 0,
                "extras": 0,
                "total": 0
              }
            },
            {
              "batter": "HASD Siriwardene",
              "bowler": "A Reddy",
              "non_striker": "NND de Silva",
              "runs": {
                "batter": 1,
                "extras": 0,
                "total": 1
              }
            },
            {
              "batter": "NND de Silva",
              "bowler": "A Reddy",
              "non_striker": "HASD Siriwardene",
              "runs": {
                "batter": 1,
                "extras": 0,
                "total": 1
              }
            },
            {
              "batter": "HASD Siriwardene",
              "bowler": "A Reddy",
              "non_striker": "NND de Silva",
              "runs": {
                "batter": 4,
                "extras": 0,
                "total": 4
              }
            },
            {
              "batter": "HASD Siriwardene",
              "bowler": "A Reddy",
              "non_striker": "NND de Silva",
              "runs": {
                "batter": 0,
                "extras": 0,
                "total": 0
              }
            },
            {
              "batter": "HASD Siriwardene",
              "bowler": "A Reddy",
              "extras": {
                "wides": 1
              },
              "non_striker": "NND de Silva",
              "runs": {
                "batter": 0,
                "extras": 1,
                "total": 1
              }
            },
            {
              "batter": "HASD Siriwardene",
              "bowler": "A Reddy",
              "non_striker": "NND de Silva",
              "runs": {
                "batter": 1,
                "extras": 0,
                "total": 1
              }
            }
          ]
        },
        {
          "over": 13,
          "deliveries": [
            {
              "batter": "HASD Siriwardene",
              "bowler": "DB Sharma",
              "non_striker": "NND de Silva",
              "runs": {
                "batter": 1,
                "extras": 0,
                "total": 1
              }
            },
            {
              "batter": "NND de Silva",
              "bowler": "DB Sharma",
              "non_striker": "HASD Siriwardene",
              "runs": {
                "batter": 1,
                "extras": 0,
                "total": 1
              }
            },
            {
              "batter": "HASD Siriwardene",
              "bowler": "DB Sharma",
              "non_striker": "NND de Silva",
              "runs": {
                "batter": 2,
                "extras": 0,
                "total": 2
              }
            },
            {
              "batter": "HASD Siriwardene",
              "bowler": "DB Sharma",
              "extras": {
                "wides": 1
              },
              "non_striker": "NND de Silva",
              "runs": {
                "batter": 0,
                "extras": 1,
                "total": 1
              }
            },
            {
              "batter": "HASD Siriwardene",
              "bowler": "DB Sharma",
              "non_striker": "NND de Silva",
              "runs": {
                "batter": 0,
                "extras": 0,
                "total": 0
              },
              "wickets": [
                {
                  "player_out": "HASD Siriwardene",
                  "fielders": [
                    {
                      "name": "V Krishnamurthy"
                    }
                  ],
                  "kind": "caught"
                }
              ]
            },
            {
              "batter": "NND de Silva",
              "bowler": "DB Sharma",
              "non_striker": "LE Kaushalya",
              "runs": {
                "batter": 1,
                "extras": 0,
                "total": 1
              }
            },
            {
              "batter": "LE Kaushalya",
              "bowler": "DB Sharma",
              "non_striker": "NND de Silva",
              "runs": {
                "batter": 1,
                "extras": 0,
                "total": 1
              }
            }
          ]
        },
        {
          "over": 14,
          "deliveries": [
            {
              "batter": "LE Kaushalya",
              "bowler": "AA Patil",
              "non_striker": "NND de Silva",
              "runs": {
                "batter": 0,
                "extras": 0,
                "total": 0
              }
            },
            {
              "batter": "LE Kaushalya",
              "bowler": "AA Patil",
              "non_striker": "NND de Silva",
              "runs": {
                "batter": 1,
                "extras": 0,
                "total": 1
              }
            },
            {
              "batter": "NND de Silva",
              "bowler": "AA Patil",
              "non_striker": "LE Kaushalya",
              "runs": {
                "batter": 1,
                "extras": 0,
                "total": 1
              }
            },
            {
              "batter": "LE Kaushalya",
              "bowler": "AA Patil",
              "non_striker": "NND de Silva",
              "runs": {
                "batter": 1,
                "extras": 0,
                "total": 1
              }
            },
            {
              "batter": "NND de Silva",
              "bowler": "AA Patil",
              "non_striker": "LE Kaushalya",
              "runs": {
                "batter": 0,
                "extras": 0,
                "total": 0
              }
            },
            {
              "batter": "NND de Silva",
              "bowler": "AA Patil",
              "non_striker": "LE Kaushalya",
              "runs": {
                "batter": 4,
                "extras": 0,
                "total": 4
              }
            }
          ]
        },
        {
          "over": 15,
          "deliveries": [
            {
              "batter": "NND de Silva",
              "bowler": "DB Sharma",
              "non_striker": "LE Kaushalya",
              "runs": {
                "batter": 0,
                "extras": 0,
                "total": 0
              }
            },
            {
              "batter": "NND de Silva",
              "bowler": "DB Sharma",
              "non_striker": "LE Kaushalya",
              "runs": {
                "batter": 3,
                "extras": 0,
                "total": 3
              }
            },
            {
              "batter": "LE Kaushalya",
              "bowler": "DB Sharma",
              "non_striker": "NND de Silva",
              "runs": {
                "batter": 2,
                "extras": 0,
                "total": 2
              }
            },
            {
              "batter": "LE Kaushalya",
              "bowler": "DB Sharma",
              "non_striker": "NND de Silva",
              "runs": {
                "batter": 1,
                "extras": 0,
                "total": 1
              }
            },
            {
              "batter": "NND de Silva",
              "bowler": "DB Sharma",
              "non_striker": "LE Kaushalya",
              "runs": {
                "batter": 1,
                "extras": 0,
                "total": 1
              }
            },
            {
              "batter": "LE Kaushalya",
              "bowler": "DB Sharma",
              "non_striker": "NND de Silva",
              "runs": {
                "batter": 1,
                "extras": 0,
                "total": 1
              }
            }
          ]
        },
        {
          "over": 16,
          "deliveries": [
            {
              "batter": "LE Kaushalya",
              "bowler": "AA Patil",
              "non_striker": "NND de Silva",
              "runs": {
                "batter": 1,
                "extras": 0,
                "total": 1
              }
            },
            {
              "batter": "NND de Silva",
              "bowler": "AA Patil",
              "non_striker": "LE Kaushalya",
              "runs": {
                "batter": 2,
                "extras": 0,
                "total": 2
              }
            },
            {
              "batter": "NND de Silva",
              "bowler": "AA Patil",
              "non_striker": "LE Kaushalya",
              "runs": {
                "batter": 1,
                "extras": 0,
                "total": 1
              }
            },
            {
              "batter": "LE Kaushalya",
              "bowler": "AA Patil",
              "extras": {
                "wides": 1
              },
              "non_striker": "NND de Silva",
              "runs": {
                "batter": 0,
                "extras": 1,
                "total": 1
              }
            },
            {
              "batter": "LE Kaushalya",
              "bowler": "AA Patil",
              "non_striker": "NND de Silva",
              "runs": {
                "batter": 1,
                "extras": 0,
                "total": 1
              }
            },
            {
              "batter": "NND de Silva",
              "bowler": "AA Patil",
              "non_striker": "LE Kaushalya",
              "runs": {
                "batter": 0,
                "extras": 0,
                "total": 0
              },
              "wickets": [
                {
                  "player_out": "NND de Silva",
                  "fielders": [
                    {
                      "name": "RP Yadav"
                    }
                  ],
                  "kind": "caught"
                }
              ]
            },
            {
              "batter": "LE Kaushalya",
              "bowler": "AA Patil",
              "non_striker": "KADA Kanchana",
              "runs": {
                "batter": 2,
                "extras": 0,
                "total": 2
              }
            }
          ]
        }
      ],
      "powerplays": [
        {
          "from": 0.1,
          "to": 4.6,
          "type": "mandatory"
        }
      ]
    },
    {
      "team": "India",
      "overs": [
        {
          "over": 0,
          "deliveries": [
            {
              "batter": "M Raj",
              "bowler": "KDU Prabodhani",
              "non_striker": "S Mandhana",
              "runs": {
                "batter": 4,
                "extras": 0,
                "total": 4
              }
            },
            {
              "batter": "M Raj",
              "bowler": "KDU Prabodhani",
              "non_striker": "S Mandhana",
              "runs": {
                "batter": 2,
                "extras": 0,
                "total": 2
              }
            },
            {
              "batter": "M Raj",
              "bowler": "KDU Prabodhani",
              "extras": {
                "wides": 1
              },
              "non_striker": "S Mandhana",
              "runs": {
                "batter": 0,
                "extras": 1,
                "total": 1
              }
            },
            {
              "batter": "M Raj",
              "bowler": "KDU Prabodhani",
              "non_striker": "S Mandhana",
              "runs": {
                "batter": 4,
                "extras": 0,
                "total": 4
              }
            },
            {
              "batter": "M Raj",
              "bowler": "KDU Prabodhani",
              "non_striker": "S Mandhana",
              "runs": {
                "batter": 1,
                "extras": 0,
                "total": 1
              }
            },
            {
              "batter": "S Mandhana",
              "bowler": "KDU Prabodhani",
              "non_striker": "M Raj",
              "runs": {
                "batter": 1,
                "extras": 0,
                "total": 1
              }
            },
            {
              "batter": "M Raj",
              "bowler": "KDU Prabodhani",
              "non_striker": "S Mandhana",
              "runs": {
                "batter": 0,
                "extras": 0,
                "total": 0
              }
            }
          ]
        },
        {
          "over": 1,
          "deliveries": [
            {
              "batter": "S Mandhana",
              "bowler": "OU Ranasinghe",
              "non_striker": "M Raj",
              "runs": {
                "batter": 4,
                "extras": 0,
                "total": 4
              }
            },
            {
              "batter": "S Mandhana",
              "bowler": "OU Ranasinghe",
              "non_striker": "M Raj",
              "runs": {
                "batter": 0,
                "extras": 0,
                "total": 0
              },
              "wickets": [
                {
                  "player_out": "S Mandhana",
                  "kind": "bowled"
                }
              ]
            },
            {
              "batter": "JI Rodrigues",
              "bowler": "OU Ranasinghe",
              "non_striker": "M Raj",
              "runs": {
                "batter": 1,
                "extras": 0,
                "total": 1
              }
            },
            {
              "batter": "M Raj",
              "bowler": "OU Ranasinghe",
              "non_striker": "JI Rodrigues",
              "runs": {
                "batter": 0,
                "extras": 0,
                "total": 0
              }
            },
            {
              "batter": "M Raj",
              "bowler": "OU Ranasinghe",
              "non_striker": "JI Rodrigues",
              "runs": {
                "batter": 0,
                "extras": 0,
                "total": 0
              },
              "wickets": [
                {
                  "player_out": "M Raj",
                  "fielders": [
                    {
                      "name": "KDU Prabodhani"
                    }
                  ],
                  "kind": "caught"
                }
              ]
            },
            {
              "batter": "T Bhatia",
              "bowler": "OU Ranasinghe",
              "non_striker": "JI Rodrigues",
              "runs": {
                "batter": 0,
                "extras": 0,
                "total": 0
              }
            }
          ]
        },
        {
          "over": 2,
          "deliveries": [
            {
              "batter": "JI Rodrigues",
              "bowler": "KADA Kanchana",
              "non_striker": "T Bhatia",
              "runs": {
                "batter": 0,
                "extras": 0,
                "total": 0
              }
            },
            {
              "batter": "JI Rodrigues",
              "bowler": "KADA Kanchana",
              "non_striker": "T Bhatia",
              "runs": {
                "batter": 0,
                "extras": 0,
                "total": 0
              }
            },
            {
              "batter": "JI Rodrigues",
              "bowler": "KADA Kanchana",
              "extras": {
                "wides": 1
              },
              "non_striker": "T Bhatia",
              "runs": {
                "batter": 0,
                "extras": 1,
                "total": 1
              }
            },
            {
              "batter": "JI Rodrigues",
              "bowler": "KADA Kanchana",
              "non_striker": "T Bhatia",
              "runs": {
                "batter": 4,
                "extras": 0,
                "total": 4
              }
            },
            {
              "batter": "JI Rodrigues",
              "bowler": "KADA Kanchana",
              "extras": {
                "wides": 1
              },
              "non_striker": "T Bhatia",
              "runs": {
                "batter": 0,
                "extras": 1,
                "total": 1
              }
            },
            {
              "batter": "JI Rodrigues",
              "bowler": "KADA Kanchana",
              "extras": {
                "wides": 1
              },
              "non_striker": "T Bhatia",
              "runs": {
                "batter": 0,
                "extras": 1,
                "total": 1
              }
            },
            {
              "batter": "JI Rodrigues",
              "bowler": "KADA Kanchana",
              "non_striker": "T Bhatia",
              "runs": {
                "batter": 1,
                "extras": 0,
                "total": 1
              }
            },
            {
              "batter": "T Bhatia",
              "bowler": "KADA Kanchana",
              "non_striker": "JI Rodrigues",
              "runs": {
                "batter": 0,
                "extras": 0,
                "total": 0
              }
            },
            {
              "batter": "T Bhatia",
              "bowler": "KADA Kanchana",
              "extras": {
                "wides": 1
              },
              "non_striker": "JI Rodrigues",
              "runs": {
                "batter": 0,
                "extras": 1,
                "total": 1
              }
            },
            {
              "batter": "T Bhatia",
              "bowler": "KADA Kanchana",
              "non_striker": "JI Rodrigues",
              "runs": {
                "batter": 4,
                "extras": 0,
                "total": 4
              }
            }
          ]
        },
        {
          "over": 3,
          "deliveries": [
            {
              "batter": "JI Rodrigues",
              "bowler": "OU Ranasinghe",
              "non_striker": "T Bhatia",
              "runs": {
                "batter": 1,
                "extras": 0,
                "total": 1
              }
            },
            {
              "batter": "T Bhatia",
              "bowler": "OU Ranasinghe",
              "non_striker": "JI Rodrigues",
              "runs": {
                "batter": 1,
                "extras": 0,
                "total": 1
              }
            },
            {
              "batter": "JI Rodrigues",
              "bowler": "OU Ranasinghe",
              "extras": {
                "wides": 1
              },
              "non_striker": "T Bhatia",
              "runs": {
                "batter": 0,
                "extras": 1,
                "total": 1
              }
            },
            {
              "batter": "JI Rodrigues",
              "bowler": "OU Ranasinghe",
              "non_striker": "T Bhatia",
              "runs": {
                "batter": 6,
                "extras": 0,
                "total": 6
              }
            },
            {
              "batter": "JI Rodrigues",
              "bowler": "OU Ranasinghe",
              "non_striker": "T Bhatia",
              "runs": {
                "batter": 0,
                "extras": 0,
                "total": 0
              }
            },
            {
              "batter": "JI Rodrigues",
              "bowler": "OU Ranasinghe",
              "non_striker": "T Bhatia",
              "runs": {
                "batter": 1,
                "extras": 0,
                "total": 1
              }
            },
            {
              "batter": "T Bhatia",
              "bowler": "OU Ranasinghe",
              "non_striker": "JI Rodrigues",
              "runs": {
                "batter": 0,
                "extras": 0,
                "total": 0
              },
              "wickets": [
                {
                  "player_out": "T Bhatia",
                  "fielders": [
                    {
                      "name": "AC Jayangani"
                    }
                  ],
                  "kind": "caught"
                }
              ]
            }
          ]
        },
        {
          "over": 4,
          "deliveries": [
            {
              "batter": "AA Patil",
              "bowler": "S Ravikumar",
              "non_striker": "JI Rodrigues",
              "runs": {
                "batter": 0,
                "extras": 0,
                "total": 0
              }
            },
            {
              "batter": "AA Patil",
              "bowler": "S Ravikumar",
              "non_striker": "JI Rodrigues",
              "runs": {
                "batter": 1,
                "extras": 0,
                "total": 1
              }
            },
            {
              "batter": "JI Rodrigues",
              "bowler": "S Ravikumar",
              "extras": {
                "legbyes": 1
              },
              "non_striker": "AA Patil",
              "runs": {
                "batter": 0,
                "extras": 1,
                "total": 1
              }
            },
            {
              "batter": "AA Patil",
              "bowler": "S Ravikumar",
              "non_striker": "JI Rodrigues",
              "runs": {
                "batter": 1,
                "extras": 0,
                "total": 1
              }
            },
            {
              "batter": "JI Rodrigues",
              "bowler": "S Ravikumar",
              "non_striker": "AA Patil",
              "runs": {
                "batter": 4,
                "extras": 0,
                "total": 4
              }
            },
            {
              "batter": "JI Rodrigues",
              "bowler": "S Ravikumar",
              "non_striker": "AA Patil",
              "runs": {
                "batter": 0,
                "extras": 0,
                "total": 0
              }
            }
          ]
        },
        {
          "over": 5,
          "deliveries": [
            {
              "batter": "AA Patil",
              "bowler": "HASD Siriwardene",
              "non_striker": "JI Rodrigues",
              "runs": {
                "batter": 1,
                "extras": 0,
                "total": 1
              }
            },
            {
              "batter": "JI Rodrigues",
              "bowler": "HASD Siriwardene",
              "non_striker": "AA Patil",
              "runs": {
                "batter": 0,
                "extras": 0,
                "total": 0
              }
            },
            {
              "batter": "JI Rodrigues",
              "bowler": "HASD Siriwardene",
              "non_striker": "AA Patil",
              "runs": {
                "batter": 0,
                "extras": 0,
                "total": 0
              }
            },
            {
              "batter": "JI Rodrigues",
              "bowler": "HASD Siriwardene",
              "non_striker": "AA Patil",
              "runs": {
                "batter": 1,
                "extras": 0,
                "total": 1
              }
            },
            {
              "batter": "AA Patil",
              "bowler": "HASD Siriwardene",
              "non_striker": "JI Rodrigues",
              "runs": {
                "batter": 0,
                "extras": 0,
                "total": 0
              }
            },
            {
              "batter": "AA Patil",
              "bowler": "HASD Siriwardene",
              "non_striker": "JI Rodrigues",
              "runs": {
                "batter": 2,
                "extras": 0,
                "total": 2
              }
            }
          ]
        },
        {
          "over": 6,
          "deliveries": [
            {
              "batter": "JI Rodrigues",
              "bowler": "AC Jayangani",
              "non_striker": "AA Patil",
              "runs": {
                "batter": 1,
                "extras": 0,
                "total": 1
              }
            },
            {
              "batter": "AA Patil",
              "bowler": "AC Jayangani",
              "non_striker": "JI Rodrigues",
              "runs": {
                "batter": 2,
                "extras": 0,
                "total": 2
              }
            },
            {
              "batter": "AA Patil",
              "bowler": "AC Jayangani",
              "non_striker": "JI Rodrigues",
              "runs": {
                "batter": 0,
                "extras": 0,
                "total": 0
              }
            },
            {
              "batter": "AA Patil",
              "bowler": "AC Jayangani",
              "non_striker": "JI Rodrigues",
              "runs": {
                "batter": 0,
                "extras": 0,
                "total": 0
              }
            },
            {
              "batter": "AA Patil",
              "bowler": "AC Jayangani",
              "non_striker": "JI Rodrigues",
              "runs": {
                "batter": 1,
                "extras": 0,
                "total": 1
              }
            },
            {
              "batter": "JI Rodrigues",
              "bowler": "AC Jayangani",
              "non_striker": "AA Patil",
              "runs": {
                "batter": 0,
                "extras": 0,
                "total": 0
              }
            }
          ]
        },
        {
          "over": 7,
          "deliveries": [
            {
              "batter": "AA Patil",
              "bowler": "HASD Siriwardene",
              "non_striker": "JI Rodrigues",
              "runs": {
                "batter": 1,
                "extras": 0,
                "total": 1
              }
            },
            {
              "batter": "JI Rodrigues",
              "bowler": "HASD Siriwardene",
              "non_striker": "AA Patil",
              "runs": {
                "batter": 1,
                "extras": 0,
                "total": 1
              }
            },
            {
              "batter": "AA Patil",
              "bowler": "HASD Siriwardene",
              "non_striker": "JI Rodrigues",
              "runs": {
                "batter": 1,
                "extras": 0,
                "total": 1
              }
            },
            {
              "batter": "JI Rodrigues",
              "bowler": "HASD Siriwardene",
              "non_striker": "AA Patil",
              "runs": {
                "batter": 1,
                "extras": 0,
                "total": 1
              }
            },
            {
              "batter": "AA Patil",
              "bowler": "HASD Siriwardene",
              "non_striker": "JI Rodrigues",
              "runs": {
                "batter": 4,
                "extras": 0,
                "total": 4
              }
            },
            {
              "batter": "AA Patil",
              "bowler": "HASD Siriwardene",
              "non_striker": "JI Rodrigues",
              "runs": {
                "batter": 1,
                "extras": 0,
                "total": 1
              }
            }
          ]
        },
        {
          "over": 8,
          "deliveries": [
            {
              "batter": "AA Patil",
              "bowler": "S Ravikumar",
              "non_striker": "JI Rodrigues",
              "runs": {
                "batter": 1,
                "extras": 0,
                "total": 1
              }
            },
            {
              "batter": "JI Rodrigues",
              "bowler": "S Ravikumar",
              "non_striker": "AA Patil",
              "runs": {
                "batter": 4,
                "extras": 0,
                "total": 4
              }
            },
            {
              "batter": "JI Rodrigues",
              "bowler": "S Ravikumar",
              "non_striker": "AA Patil",
              "runs": {
                "batter": 1,
                "extras": 0,
                "total": 1
              }
            },
            {
              "batter": "AA Patil",
              "bowler": "S Ravikumar",
              "non_striker": "JI Rodrigues",
              "runs": {
                "batter": 1,
                "extras": 0,
                "total": 1
              }
            },
            {
              "batter": "JI Rodrigues",
              "bowler": "S Ravikumar",
              "non_striker": "AA Patil",
              "runs": {
                "batter": 0,
                "extras": 0,
                "total": 0
              }
            },
            {
              "batter": "JI Rodrigues",
              "bowler": "S Ravikumar",
              "non_striker": "AA Patil",
              "runs": {
                "batter": 4,
                "extras": 0,
                "total": 4
              }
            }
          ]
        },
        {
          "over": 9,
          "deliveries": [
            {
              "batter": "AA Patil",
              "bowler": "AC Jayangani",
              "non_striker": "JI Rodrigues",
              "runs": {
                "batter": 1,
                "extras": 0,
                "total": 1
              }
            },
            {
              "batter": "JI Rodrigues",
              "bowler": "AC Jayangani",
              "non_striker": "AA Patil",
              "runs": {
                "batter": 1,
                "extras": 0,
                "total": 1
              }
            },
            {
              "batter": "AA Patil",
              "bowler": "AC Jayangani",
              "non_striker": "JI Rodrigues",
              "runs": {
                "batter": 1,
                "extras": 0,
                "total": 1
              }
            },
            {
              "batter": "JI Rodrigues",
              "bowler": "AC Jayangani",
              "non_striker": "AA Patil",
              "runs": {
                "batter": 4,
                "extras": 0,
                "total": 4
              }
            },
            {
              "batter": "JI Rodrigues",
              "bowler": "AC Jayangani",
              "non_striker": "AA Patil",
              "runs": {
                "batter": 0,
                "extras": 0,
                "total": 0
              }
            },
            {
              "batter": "JI Rodrigues",
              "bowler": "AC Jayangani",
              "non_striker": "AA Patil",
              "runs": {
                "batter": 2,
                "extras": 0,
                "total": 2
              }
            }
          ]
        },
        {
          "over": 10,
          "deliveries": [
            {
              "batter": "AA Patil",
              "bowler": "KDU Prabodhani",
              "non_striker": "JI Rodrigues",
              "runs": {
                "batter": 0,
                "extras": 0,
                "total": 0
              }
            },
            {
              "batter": "AA Patil",
              "bowler": "KDU Prabodhani",
              "non_striker": "JI Rodrigues",
              "runs": {
                "batter": 4,
                "extras": 0,
                "total": 4
              }
            },
            {
              "batter": "AA Patil",
              "bowler": "KDU Prabodhani",
              "non_striker": "JI Rodrigues",
              "runs": {
                "batter": 1,
                "extras": 0,
                "total": 1
              }
            },
            {
              "batter": "JI Rodrigues",
              "bowler": "KDU Prabodhani",
              "non_striker": "AA Patil",
              "runs": {
                "batter": 1,
                "extras": 0,
                "total": 1
              }
            },
            {
              "batter": "AA Patil",
              "bowler": "KDU Prabodhani",
              "non_striker": "JI Rodrigues",
              "runs": {
                "batter": 0,
                "extras": 0,
                "total": 0
              }
            },
            {
              "batter": "AA Patil",
              "bowler": "KDU Prabodhani",
              "non_striker": "JI Rodrigues",
              "runs": {
                "batter": 1,
                "extras": 0,
                "total": 1
              }
            }
          ]
        },
        {
          "over": 11,
          "deliveries": [
            {
              "batter": "AA Patil",
              "bowler": "OU Ranasinghe",
              "non_striker": "JI Rodrigues",
              "runs": {
                "batter": 1,
                "extras": 0,
                "total": 1
              }
            },
            {
              "batter": "JI Rodrigues",
              "bowler": "OU Ranasinghe",
              "non_striker": "AA Patil",
              "runs": {
                "batter": 1,
                "extras": 0,
                "total": 1
              }
            },
            {
              "batter": "AA Patil",
              "bowler": "OU Ranasinghe",
              "non_striker": "JI Rodrigues",
              "runs": {
                "batter": 4,
                "extras": 0,
                "total": 4
              }
            },
            {
              "batter": "AA Patil",
              "bowler": "OU Ranasinghe",
              "non_striker": "JI Rodrigues",
              "runs": {
                "batter": 1,
                "extras": 0,
                "total": 1
              }
            },
            {
              "batter": "JI Rodrigues",
              "bowler": "OU Ranasinghe",
              "non_striker": "AA Patil",
              "runs": {
                "batter": 1,
                "extras": 0,
                "total": 1
              }
            },
            {
              "batter": "AA Patil",
              "bowler": "OU Ranasinghe",
              "non_striker": "JI Rodrigues",
              "runs": {
                "batter": 1,
                "extras": 0,
                "total": 1
              }
            }
          ]
        },
        {
          "over": 12,
          "deliveries": [
            {
              "batter": "AA Patil",
              "bowler": "NND de Silva",
              "non_striker": "JI Rodrigues",
              "runs": {
                "batter": 1,
                "extras": 0,
                "total": 1
              }
            },
            {
              "batter": "JI Rodrigues",
              "bowler": "NND de Silva",
              "non_striker": "AA Patil",
              "runs": {
                "batter": 1,
                "extras": 0,
                "total": 1
              }
            },
            {
              "batter": "AA Patil",
              "bowler": "NND de Silva",
              "non_striker": "JI Rodrigues",
              "runs": {
                "batter": 1,
                "extras": 0,
                "total": 1
              }
            },
            {
              "batter": "JI Rodrigues",
              "bowler": "NND de Silva",
              "extras": {
                "legbyes": 1
              },
              "non_striker": "AA Patil",
              "runs": {
                "batter": 0,
                "extras": 1,
                "total": 1
              }
            },
            {
              "batter": "AA Patil",
              "bowler": "NND de Silva",
              "extras": {
                "wides": 1
              },
              "non_striker": "JI Rodrigues",
              "runs": {
                "batter": 0,
                "extras": 1,
                "total": 1
              }
            },
            {
              "batter": "AA Patil",
              "bowler": "NND de Silva",
              "non_striker": "JI Rodrigues",
              "runs": {
                "batter": 0,
                "extras": 0,
                "total": 0
              }
            },
            {
              "batter": "AA Patil",
              "bowler": "NND de Silva",
              "non_striker": "JI Rodrigues",
              "runs": {
                "batter": 4,
                "extras": 0,
                "total": 4
              }
            }
          ]
        },
        {
          "over": 13,
          "deliveries": [
            {
              "batter": "JI Rodrigues",
              "bowler": "HASD Siriwardene",
              "non_striker": "AA Patil",
              "runs": {
                "batter": 1,
                "extras": 0,
                "total": 1
              }
            },
            {
              "batter": "AA Patil",
              "bowler": "HASD Siriwardene",
              "non_striker": "JI Rodrigues",
              "runs": {
                "batter": 4,
                "extras": 0,
                "total": 4
              }
            },
            {
              "batter": "AA Patil",
              "bowler": "HASD Siriwardene",
              "non_striker": "JI Rodrigues",
              "runs": {
                "batter": 0,
                "extras": 0,
                "total": 0
              }
            },
            {
              "batter": "AA Patil",
              "bowler": "HASD Siriwardene",
              "non_striker": "JI Rodrigues",
              "runs": {
                "batter": 4,
                "extras": 0,
                "total": 4
              }
            },
            {
              "batter": "AA Patil",
              "bowler": "HASD Siriwardene",
              "non_striker": "JI Rodrigues",
              "runs": {
                "batter": 0,
                "extras": 0,
                "total": 0
              }
            },
            {
              "batter": "AA Patil",
              "bowler": "HASD Siriwardene",
              "non_striker": "JI Rodrigues",
              "runs": {
                "batter": 4,
                "extras": 0,
                "total": 4
              }
            }
          ]
        },
        {
          "over": 14,
          "deliveries": [
            {
              "batter": "JI Rodrigues",
              "bowler": "AC Jayangani",
              "non_striker": "AA Patil",
              "runs": {
                "batter": 1,
                "extras": 0,
                "total": 1
              }
            },
            {
              "batter": "AA Patil",
              "bowler": "AC Jayangani",
              "non_striker": "JI Rodrigues",
              "runs": {
                "batter": 0,
                "extras": 0,
                "total": 0
              }
            },
            {
              "batter": "AA Patil",
              "bowler": "AC Jayangani",
              "non_striker": "JI Rodrigues",
              "runs": {
                "batter": 0,
                "extras": 0,
                "total": 0
              }
            },
            {
              "batter": "AA Patil",
              "bowler": "AC Jayangani",
              "non_striker": "JI Rodrigues",
              "runs": {
                "batter": 1,
                "extras": 0,
                "total": 1
              }
            },
            {
              "batter": "JI Rodrigues",
              "bowler": "AC Jayangani",
              "extras": {
                "wides": 1
              },
              "non_striker": "AA Patil",
              "runs": {
                "batter": 0,
                "extras": 1,
                "total": 1
              }
            },
            {
              "batter": "JI Rodrigues",
              "bowler": "AC Jayangani",
              "non_striker": "AA Patil",
              "runs": {
                "batter": 1,
                "extras": 0,
                "total": 1
              }
            },
            {
              "batter": "AA Patil",
              "bowler": "AC Jayangani",
              "non_striker": "JI Rodrigues",
              "runs": {
                "batter": 1,
                "extras": 0,
                "total": 1
              }
            }
          ]
        },
        {
          "over": 15,
          "deliveries": [
            {
              "batter": "AA Patil",
              "bowler": "OU Ranasinghe",
              "non_striker": "JI Rodrigues",
              "runs": {
                "batter": 1,
                "extras": 0,
                "total": 1
              }
            },
            {
              "batter": "JI Rodrigues",
              "bowler": "OU Ranasinghe",
              "non_striker": "AA Patil",
              "runs": {
                "batter": 1,
                "extras": 0,
                "total": 1
              }
            },
            {
              "batter": "AA Patil",
              "bowler": "OU Ranasinghe",
              "non_striker": "JI Rodrigues",
              "runs": {
                "batter": 1,
                "extras": 0,
                "total": 1
              }
            },
            {
              "batter": "JI Rodrigues",
              "bowler": "OU Ranasinghe",
              "non_striker": "AA Patil",
              "runs": {
                "batter": 6,
                "extras": 0,
                "total": 6
              }
            }
          ]
        }
      ],
      "powerplays": [
        {
          "from": 0.1,
          "to": 4.6,
          "type": "mandatory"
        }
      ],
      "target": {
        "overs": 17,
        "runs": 135
      }
    }
  ]
}