{
  "meta": {
    "data_version": "1.0.0",
    "created": "2020-06-24",
    "revision": 1
  },
  "info": {
    "balls_per_over": 6,
    "city": "Gaborone",
    "dates": [
      "2018-08-23"
    ],
    "event": {
      "name": "Botswana Cricket Association Women's T20I Series",
      "match_number": 12
    },
    "gender": "female",
    "match_type": "T20",
    "match_type_number": 480,
    "missing": [
      "umpires",
      "player_of_match"
    ],
    "outcome": {
      "winner": "Sierra Leone",
      "by": {
        "runs": 56
      }
    },
    "overs": 20,
    "players": {
      "Sierra Leone": [
        "M Sankoh",
        "Adama Kamara",
        "Aminata Kamara",
        "AM Kamara",
        "L Bull",
        "F Bangur",
        "J Kowa",
        "R Kassim",
        "Z Kamara",
        "F Parkinson",
        "I Koroma"
      ],
      "Malawi": [
        "M Mabvuka",
        "T Tereza",
        "T Luka",
        "M Dailesi",
        "S Hussein",
        "S Dzimau",
        "D Ndipo",
        "D Dzimau",
        "T Chabila",
        "V Phiri",
        "B Ndipo"
      ]
    },
    "registry": {
      "people": {
        "AM Kamara": "4ca3d67d",
        "Adama Kamara": "e45ac860",
        "Aminata Kamara": "f7aca3b3",
        "B Ndipo": "5e118871",
        "D Dzimau": "1191807f",
        "D Ndipo": "38e55b24",
        "F Bangur": "1530ae9d",
        "F Parkinson": "9b819b10",
        "I Koroma": "fce5bfd2",
        "J Kowa": "9d80f576",
        "L Bull": "256d29e8",
        "M Dailesi": "1aa600b6",
        "M Mabvuka": "6061de69",
        "M Sankoh": "4206b29c",
        "R Kassim": "119dc992",
        "S Dzimau": "4fc3eddf",
        "S Hussein": "5bb73a3c",
        "T Chabila": "f18b67a3",
        "T Luka": "44e008a5",
        "T Tereza": "167ccf56",
        "V Phiri": "8ffa1b3c",
        "Z Kamara": "a4e98e6b"
      }
    },
    "season": "2018",
    "team_type": "international",
    "teams": [
      "Sierra Leone",
      "Malawi"
    ],
    "toss": {
      "decision": "bat",
      "winner": "Sierra Leone"
    },
    "venue": "Botswana Cricket Association Oval 2"
  },
  "innings": [
    {
      "team": "Sierra Leone",
      "overs": [
        {
          "over": 0,
          "deliveries": [
            {
              "batter": "M Sankoh",
              "bowler": "S Hussein",
              "non_striker": "Adama Kamara",
              "runs": {
                "batter": 2,
                "extras": 0,
                "total": 2
              }
            },
            {
              "batter": "M Sankoh",
              "bowler": "S Hussein",
              "non_striker": "Adama Kamara",
              "runs": {
                "batter": 0,
                "extras": 0,
                "total": 0
              }
            },
            {
              "batter": "M Sankoh",
              "bowler": "S Hussein",
              "non_striker": "Adama Kamara",
              "runs": {
                "batter": 2,
                "extras": 0,
                "total": 2
              }
            },
            {
              "batter": "M Sankoh",
              "bowler": "S Hussein",
              "non_striker": "Adama Kamara",
              "runs": {
                "batter": 0,
                "extras": 0,
                "total": 0
              }
            },
            {
              "batter": "M Sankoh",
              "bowler": "S Hussein",
              "extras": {
                "noballs": 1
              },
              "non_striker": "Adama Kamara",
              "runs": {
                "batter": 1,
                "extras": 1,
                "total": 2
              }
            },
            {
              "batter": "Adama Kamara",
              "bowler": "S Hussein",
              "non_striker": "M Sankoh",
              "runs": {
                "batter": 0,
                "extras": 0,
                "total": 0
              }
            },
            {
              "batter": "Adama Kamara",
              "bowler": "S Hussein",
              "non_striker": "M Sankoh",
              "runs": {
                "batter": 4,
                "extras": 0,
                "total": 4
              }
            }
          ]
        },
        {
          "over": 1,
          "deliveries": [
            {
              "batter": "M Sankoh",
              "bowler": "B Ndipo",
              "extras": {
                "wides": 1
              },
              "non_striker": "Adama Kamara",
              "runs": {
                "batter": 0,
                "extras": 1,
                "total": 1
              }
            },
            {
              "batter": "M Sankoh",
              "bowler": "B Ndipo",
              "non_striker": "Adama Kamara",
              "runs": {
                "batter": 0,
                "extras": 0,
                "total": 0
              }
            },
            {
              "batter": "M Sankoh",
              "bowler": "B Ndipo",
              "non_striker": "Adama Kamara",
              "runs": {
                "batter": 1,
                "extras": 0,
                "total": 1
              }
            },
            {
              "batter": "Adama Kamara",
              "bowler": "B Ndipo",
              "non_striker": "M Sankoh",
              "runs": {
                "batter": 0,
                "extras": 0,
                "total": 0
              }
            },
            {
              "batter": "Adama Kamara",
              "bowler": "B Ndipo",
              "non_striker": "M Sankoh",
              "runs": {
                "batter": 1,
                "extras": 0,
                "total": 1
              }
            },
            {
              "batter": "M Sankoh",
              "bowler": "B Ndipo",
              "extras": {
                "wides": 1
              },
              "non_striker": "Adama Kamara",
              "runs": {
                "batter": 0,
                "extras": 1,
                "total": 1
              }
            },
            {
              "batter": "Adama Kamara",
              "bowler": "B Ndipo",
              "non_striker": "M Sankoh",
              "runs": {
                "batter": 1,
                "extras": 0,
                "total": 1
              }
            },
            {
              "batter": "M Sankoh",
              "bowler": "B Ndipo",
              "non_striker": "Adama Kamara",
              "runs": {
                "batter": 0,
                "extras": 0,
                "total": 0
              }
            }
          ]
        },
        {
          "over": 2,
          "deliveries": [
            {
              "batter": "Adama Kamara",
              "bowler": "S Hussein",
              "non_striker": "M Sankoh",
              "runs": {
                "batter": 0,
                "extras": 0,
                "total": 0
              }
            },
            {
              "batter": "Adama Kamara",
              "bowler": "S Hussein",
              "extras": {
                "wides": 1
              },
              "non_striker": "M Sankoh",
              "runs": {
                "batter": 0,
                "extras": 1,
                "total": 1
              }
            },
            {
              "batter": "Adama Kamara",
              "bowler": "S Hussein",
              "non_striker": "M Sankoh",
              "runs": {
                "batter": 4,
                "extras": 0,
                "total": 4
              }
            },
            {
              "batter": "Adama Kamara",
              "bowler": "S Hussein",
              "non_striker": "M Sankoh",
              "runs": {
                "batter": 1,
                "extras": 0,
                "total": 1
              }
            },
            {
              "batter": "M Sankoh",
              "bowler": "S Hussein",
              "non_striker": "Adama Kamara",
              "runs": {
                "batter": 0,
                "extras": 0,
                "total": 0
              }
            },
            {
              "batter": "M Sankoh",
              "bowler": "S Hussein",
              "non_striker": "Adama Kamara",
              "runs": {
                "batter": 0,
                "extras": 0,
                "total": 0
              }
            },
            {
              "batter": "M Sankoh",
              "bowler": "S Hussein",
              "non_striker": "Adama Kamara",
              "runs": {
                "batter": 0,
                "extras": 0,
                "total": 0
              }
            }
          ]
        },
        {
          "over": 3,
          "deliveries": [
            {
              "batter": "Adama Kamara",
              "bowler": "B Ndipo",
              "non_striker": "M Sankoh",
              "runs": {
                "batter": 0,
                "extras": 0,
                "total": 0
              }
            },
            {
              "batter": "Adama Kamara",
              "bowler": "B Ndipo",
              "non_striker": "M Sankoh",
              "runs": {
                "batter": 1,
                "extras": 0,
                "total": 1
              }
            },
            {
              "batter": "M Sankoh",
              "bowler": "B Ndipo",
              "extras": {
                "wides": 1
              },
              "non_striker": "Adama Kamara",
              "runs": {
                "batter": 0,
                "extras": 1,
                "total": 1
              }
            },
            {
              "batter": "M Sankoh",
              "bowler": "B Ndipo",
              "non_striker": "Adama Kamara",
              "runs": {
                "batter": 0,
                "extras": 0,
                "total": 0
              }
            },
            {
              "batter": "M Sankoh",
              "bowler": "B Ndipo",
              "non_striker": "Adama Kamara",
              "runs": {
                "batter": 0,
                "extras": 0,
                "total": 0
              }
            },
            {
              "batter": "M Sankoh",
              "bowler": "B Ndipo",
              "non_striker": "Adama Kamara",
              "runs": {
                "batter": 0,
                "extras": 0,
                "total": 0
              }
            },
            {
              "batter": "M Sankoh",
              "bowler": "B Ndipo",
              "extras": {
                "wides": 1
              },
              "non_striker": "Adama Kamara",
              "runs": {
                "batter": 0,
                "extras": 1,
                "total": 1
              }
            },
            {
              "batter": "M Sankoh",
              "bowler": "B Ndipo",
              "non_striker": "Adama Kamara",
              "runs": {
                "batter": 0,
                "extras": 0,
                "total": 0
              }
            }
          ]
        },
        {
          "over": 4,
          "deliveries": [
            {
              "batter": "Adama Kamara",
              "bowler": "T Luka",
              "non_striker": "M Sankoh",
              "runs": {
                "batter": 1,
                "extras": 0,
                "total": 1
              }
            },
            {
              "batter": "M Sankoh",
              "bowler": "T Luka",
              "non_striker": "Adama Kamara",
              "runs": {
                "batter": 0,
                "extras": 0,
                "total": 0
              }
            },
            {
              "batter": "M Sankoh",
              "bowler": "T Luka",
              "non_striker": "Adama Kamara",
              "runs": {
                "batter": 0,
                "extras": 0,
                "total": 0
              },
              "wickets": [
                {
                  "player_out": "M Sankoh",
                  "kind": "run out"
                }
              ]
            },
            {
              "batter": "Aminata Kamara",
              "bowler": "T Luka",
              "extras": {
                "wides": 1
              },
              "non_striker": "Adama Kamara",
              "runs": {
                "batter": 0,
                "extras": 1,
                "total": 1
              }
            },
            {
              "batter": "Aminata Kamara",
              "bowler": "T Luka",
              "non_striker": "Adama Kamara",
              "runs": {
                "batter": 0,
                "extras": 0,
                "total": 0
              }
            },
            {
              "batter": "Aminata Kamara",
              "bowler": "T Luka",
              "non_striker": "Adama Kamara",
              "runs": {
                "batter": 4,
                "extras": 0,
                "total": 4
              }
            },
            {
              "batter": "Aminata Kamara",
              "bowler": "T Luka",
              "non_striker": "Adama Kamara",
              "runs": {
                "batter": 0,
                "extras": 0,
                "total": 0
              }
            }
          ]
        },
        {
          "over": 5,
          "deliveries": [
            {
              "batter": "Adama Kamara",
              "bowler": "M Mabvuka",
              "extras": {
                "wides": 1
              },
              "non_striker": "Aminata Kamara",
              "runs": {
                "batter": 0,
                "extras": 1,
                "total": 1
              }
            },
            {
              "batter": "Adama Kamara",
              "bowler": "M Mabvuka",
              "non_striker": "Aminata Kamara",
              "runs": {
                "batter": 0,
                "extras": 0,
                "total": 0
              }
            },
            {
              "batter": "Aminata Kamara",
              "bowler": "M Mabvuka",
              "non_striker": "Adama Kamara",
              "runs": {
                "batter": 4,
                "extras": 0,
                "total": 4
              }
            },
            {
              "batter": "Aminata Kamara",
              "bowler": "M Mabvuka",
              "non_striker": "Adama Kamara",
              "runs": {
                "batter": 1,
                "extras": 0,
                "total": 1
              }
            },
            {
              "batter": "Adama Kamara",
              "bowler": "M Mabvuka",
              "non_striker": "Aminata Kamara",
              "runs": {
                "batter": 1,
                "extras": 0,
                "total": 1
              }
            },
            {
              "batter": "Aminata Kamara",
              "bowler": "M Mabvuka",
              "extras": {
                "noballs": 1
              },
              "non_striker": "Adama Kamara",
              "runs": {
                "batter": 1,
                "extras": 1,
                "total": 2
              }
            },
            {
              "batter": "Adama Kamara",
              "bowler": "M Mabvuka",
              "non_striker": "Aminata Kamara",
              "runs": {
                "batter": 0,
                "extras": 0,
                "total": 0
              }
            },
            {
              "batter": "Adama Kamara",
              "bowler": "M Mabvuka",
              "non_striker": "Aminata Kamara",
              "runs": {
                "batter": 2,
                "extras": 0,
                "total": 2
              }
            }
          ]
        },
        {
          "over": 6,
          "deliveries": [
            {
              "batter": "Aminata Kamara",
              "bowler": "T Luka",
              "non_striker": "Adama Kamara",
              "runs": {
                "batter": 0,
                "extras": 0,
                "total": 0
              }
            },
            {
              "batter": "Aminata Kamara",
              "bowler": "T Luka",
              "non_striker": "Adama Kamara",
              "runs": {
                "batter": 1,
                "extras": 0,
                "total": 1
              }
            },
            {
              "batter": "Adama Kamara",
              "bowler": "T Luka",
              "non_striker": "Aminata Kamara",
              "runs": {
                "batter": 1,
                "extras": 0,
                "total": 1
              }
            },
            {
              "batter": "Aminata Kamara",
              "bowler": "T Luka",
              "non_striker": "Adama Kamara",
              "runs": {
                "batter": 1,
                "extras": 0,
                "total": 1
              }
            },
            {
              "batter": "Adama Kamara",
              "bowler": "T Luka",
              "extras": {
                "wides": 1
              },
              "non_striker": "Aminata Kamara",
              "runs": {
                "batter": 0,
                "extras": 1,
                "total": 1
              }
            },
            {
              "batter": "Adama Kamara",
              "bowler": "T Luka",
              "non_striker": "Aminata Kamara",
              "runs": {
                "batter": 0,
                "extras": 0,
                "total": 0
              }
            },
            {
              "batter": "Adama Kamara",
              "bowler": "T Luka",
              "extras": {
                "wides": 1
              },
              "non_striker": "Aminata Kamara",
              "runs": {
                "batter": 0,
                "extras": 1,
                "total": 1
              }
            },
            {
              "batter": "Adama Kamara",
              "bowler": "T Luka",
              "non_striker": "Aminata Kamara",
              "runs": {
                "batter": 1,
                "extras": 0,
                "total": 1
              }
            }
          ]
        },
        {
          "over": 7,
          "deliveries": [
            {
              "batter": "Adama Kamara",
              "bowler": "M Mabvuka",
              "extras": {
                "wides": 1
              },
              "non_striker": "Aminata Kamara",
              "runs": {
                "batter": 0,
                "extras": 1,
                "total": 1
              }
            },
            {
              "batter": "Adama Kamara",
              "bowler": "M Mabvuka",
              "non_striker": "Aminata Kamara",
              "runs": {
                "batter": 2,
                "extras": 0,
                "total": 2
              }
            },
            {
              "batter": "Adama Kamara",
              "bowler": "M Mabvuka",
              "non_striker": "Aminata Kamara",
              "runs": {
                "batter": 0,
                "extras": 0,
                "total": 0
              },
              "wickets": [
                {
                  "player_out": "Adama Kamara",
                  "kind": "lbw"
                }
              ]
            },
            {
              "batter": "AM Kamara",
              "bowler": "M Mabvuka",
              "non_striker": "Aminata Kamara",
              "runs": {
                "batter": 1,
                "extras": 0,
                "total": 1
              }
            },
            {
              "batter": "Aminata Kamara",
              "bowler": "M Mabvuka",
              "extras": {
                "wides": 1
              },
              "non_striker": "AM Kamara",
              "runs": {
                "batter": 0,
                "extras": 1,
                "total": 1
              }
            },
            {
              "batter": "Aminata Kamara",
              "bowler": "M Mabvuka",
              "non_striker": "AM Kamara",
              "runs": {
                "batter": 4,
                "extras": 0,
                "total": 4
              }
            },
            {
              "batter": "Aminata Kamara",
              "bowler": "M Mabvuka",
              "extras": {
                "wides": 1
              },
              "non_striker": "AM Kamara",
              "runs": {
                "batter": 0,
                "extras": 1,
                "total": 1
              }
            },
            {
              "batter": "Aminata Kamara",
              "bowler": "M Mabvuka",
              "non_striker": "AM Kamara",
              "runs": {
                "batter": 0,
                "extras": 0,
                "total": 0
              }
            },
            {
              "batter": "Aminata Kamara",
              "bowler": "M Mabvuka",
              "non_striker": "AM Kamara",
              "runs": {
                "batter": 0,
                "extras": 0,
                "total": 0
              }
            }
          ]
        },
        {
          "over": 8,
          "deliveries": [
            {
              "batter": "AM Kamara",
              "bowler": "D Dzimau",
              "non_striker": "Aminata Kamara",
              "runs": {
                "batter": 0,
                "extras": 0,
                "total": 0
              }
            },
            {
              "batter": "AM Kamara",
              "bowler": "D Dzimau",
              "non_striker": "Aminata Kamara",
              "runs": {
                "batter": 0,
                "extras": 0,
                "total": 0
              }
            },
            {
              "batter": "AM Kamara",
              "bowler": "D Dzimau",
              "non_striker": "Aminata Kamara",
              "runs": {
                "batter": 0,
                "extras": 0,
                "total": 0
              }
            },
            {
              "batter": "AM Kamara",
              "bowler": "D Dzimau",
              "non_striker": "Aminata Kamara",
              "runs": {
                "batter": 4,
                "extras": 0,
                "total": 4
              }
            },
            {
              "batter": "AM Kamara",
              "bowler": "D Dzimau",
              "non_striker": "Aminata Kamara",
              "runs": {
                "batter": 1,
                "extras": 0,
                "total": 1
              }
            },
            {
              "batter": "Aminata Kamara",
              "bowler": "D Dzimau",
              "extras": {
                "wides": 1
              },
              "non_striker": "AM Kamara",
              "runs": {
                "batter": 0,
                "extras": 1,
                "total": 1
              }
            },
            {
              "batter": "Aminata Kamara",
              "bowler": "D Dzimau",
              "non_striker": "AM Kamara",
              "runs": {
                "batter": 0,
                "extras": 0,
                "total": 0
              }
            }
          ]
        },
        {
          "over": 9,
          "deliveries": [
            {
              "batter": "AM Kamara",
              "bowler": "V Phiri",
              "extras": {
                "wides": 1
              },
              "non_striker": "Aminata Kamara",
              "runs": {
                "batter": 0,
                "extras": 1,
                "total": 1
              }
            },
            {
              "batter": "AM Kamara",
              "bowler": "V Phiri",
              "non_striker": "Aminata Kamara",
              "runs": {
                "batter": 0,
                "extras": 0,
                "total": 0
              }
            },
            {
              "batter": "AM Kamara",
              "bowler": "V Phiri",
              "non_striker": "Aminata Kamara",
              "runs": {
                "batter": 1,
                "extras": 0,
                "total": 1
              }
            },
            {
              "batter": "Aminata Kamara",
              "bowler": "V Phiri",
              "non_striker": "AM Kamara",
              "runs": {
                "batter": 1,
                "extras": 0,
                "total": 1
              }
            },
            {
              "batter": "AM Kamara",
              "bowler": "V Phiri",
              "non_striker": "Aminata Kamara",
              "runs": {
                "batter": 1,
                "extras": 0,
                "total": 1
              }
            },
            {
              "batter": "Aminata Kamara",
              "bowler": "V Phiri",
              "non_striker": "AM Kamara",
              "runs": {
                "batter": 0,
                "extras": 0,
                "total": 0
              }
            },
            {
              "batter": "Aminata Kamara",
              "bowler": "V Phiri",
              "non_striker": "AM Kamara",
              "runs": {
                "batter": 1,
                "extras": 0,
                "total": 1
              }
            }
          ]
        },
        {
          "over": 10,
          "deliveries": [
            {
              "batter": "Aminata Kamara",
              "bowler": "D Dzimau",
              "non_striker": "AM Kamara",
              "runs": {
                "batter": 4,
                "extras": 0,
                "total": 4
              }
            },
            {
              "batter": "Aminata Kamara",
              "bowler": "D Dzimau",
              "non_striker": "AM Kamara",
              "runs": {
                "batter": 0,
                "extras": 0,
                "total": 0
              }
            },
            {
              "batter": "Aminata Kamara",
              "bowler": "D Dzimau",
              "non_striker": "AM Kamara",
              "runs": {
                "batter": 1,
                "extras": 0,
                "total": 1
              }
            },
            {
              "batter": "AM Kamara",
              "bowler": "D Dzimau",
              "non_striker": "Aminata Kamara",
              "runs": {
                "batter": 2,
                "extras": 0,
                "total": 2
              }
            },
            {
              "batter": "AM Kamara",
              "bowler": "D Dzimau",
              "extras": {
                "wides": 1
              },
              "non_striker": "Aminata Kamara",
              "runs": {
                "batter": 0,
                "extras": 1,
                "total": 1
              }
            },
            {
              "batter": "AM Kamara",
              "bowler": "D Dzimau",
              "non_striker": "Aminata Kamara",
              "runs": {
                "batter": 0,
                "extras": 0,
                "total": 0
              }
            },
            {
              "batter": "AM Kamara",
              "bowler": "D Dzimau",
              "non_striker": "Aminata Kamara",
              "runs": {
                "batter": 1,
                "extras": 0,
                "total": 1
              }
            }
          ]
        },
        {
          "over": 11,
          "deliveries": [
            {
              "batter": "AM Kamara",
              "bowler": "V Phiri",
              "non_striker": "Aminata Kamara",
              "runs": {
                "batter": 0,
                "extras": 0,
                "total": 0
              }
            },
            {
              "batter": "AM Kamara",
              "bowler": "V Phiri",
              "non_striker": "Aminata Kamara",
              "runs": {
                "batter": 0,
                "extras": 0,
                "total": 0
              }
            },
            {
              "batter": "AM Kamara",
              "bowler": "V Phiri",
              "non_striker": "Aminata Kamara",
              "runs": {
                "batter": 1,
                "extras": 0,
                "total": 1
              }
            },
            {
              "batter": "Aminata Kamara",
              "bowler": "V Phiri",
              "non_striker": "AM Kamara",
              "runs": {
                "batter": 1,
                "extras": 0,
                "total": 1
              }
            },
            {
              "batter": "AM Kamara",
              "bowler": "V Phiri",
              "non_striker": "Aminata Kamara",
              "runs": {
                "batter": 4,
                "extras": 0,
                "total": 4
              }
            },
            {
              "batter": "AM Kamara",
              "bowler": "V Phiri",
              "non_striker": "Aminata Kamara",
              "runs": {
                "batter": 0,
                "extras": 0,
                "total": 0
              }
            }
          ]
        },
        {
          "over": 12,
          "deliveries": [
            {
              "batter": "Aminata Kamara",
              "bowler": "S Hussein",
              "non_striker": "AM Kamara",
              "runs": {
                "batter": 0,
                "extras": 0,
                "total": 0
              }
            },
            {
              "batter": "Aminata Kamara",
              "bowler": "S Hussein",
              "non_striker": "AM Kamara",
              "runs": {
                "batter": 1,
                "extras": 0,
                "total": 1
              }
            },
            {
              "batter": "AM Kamara",
              "bowler": "S Hussein",
              "non_striker": "Aminata Kamara",
              "runs": {
                "batter": 4,
                "extras": 0,
                "total": 4
              }
            },
            {
              "batter": "AM Kamara",
              "bowler": "S Hussein",
              "non_striker": "Aminata Kamara",
              "runs": {
                "batter": 0,
                "extras": 0,
                "total": 0
              }
            },
            {
              "batter": "AM Kamara",
              "bowler": "S Hussein",
              "non_striker": "Aminata Kamara",
              "runs": {
                "batter": 1,
                "extras": 0,
                "total": 1
              }
            },
            {
              "batter": "Aminata Kamara",
              "bowler": "S Hussein",
              "non_striker": "AM Kamara",
              "runs": {
                "batter": 4,
                "extras": 0,
                "total": 4
              }
            }
          ]
        },
        {
          "over": 13,
          "deliveries": [
            {
              "batter": "AM Kamara",
              "bowler": "B Ndipo",
              "extras": {
                "wides": 3
              },
              "non_striker": "Aminata Kamara",
              "runs": {
                "batter": 0,
                "extras": 3,
                "total": 3
              }
            },
            {
              "batter": "AM Kamara",
              "bowler": "B Ndipo",
              "non_striker": "Aminata Kamara",
              "runs": {
                "batter": 1,
                "extras": 0,
                "total": 1
              }
            },
            {
              "batter": "Aminata Kamara",
              "bowler": "B Ndipo",
              "non_striker": "AM Kamara",
              "runs": {
                "batter": 1,
                "extras": 0,
                "total": 1
              }
            },
            {
              "batter": "AM Kamara",
              "bowler": "B Ndipo",
              "extras": {
                "legbyes": 1
              },
              "non_striker": "Aminata Kamara",
              "runs": {
                "batter": 0,
                "extras": 1,
                "total": 1
              }
            },
            {
              "batter": "Aminata Kamara",
              "bowler": "B Ndipo",
              "non_striker": "AM Kamara",
              "runs": {
                "batter": 1,
                "extras": 0,
                "total": 1
              }
            },
            {
              "batter": "AM Kamara",
              "bowler": "B Ndipo",
              "non_striker": "Aminata Kamara",
              "runs": {
                "batter": 0,
                "extras": 0,
                "total": 0
              }
            },
            {
              "batter": "AM Kamara",
              "bowler": "B Ndipo",
              "non_striker": "Aminata Kamara",
              "runs": {
                "batter": 2,
                "extras": 0,
                "total": 2
              }
            }
          ]
        },
        {
          "over": 14,
          "deliveries": [
            {
              "batter": "Aminata Kamara",
              "bowler": "T Luka",
              "extras": {
                "wides": 1
              },
              "non_striker": "AM Kamara",
              "runs": {
                "batter": 0,
                "extras": 1,
                "total": 1
              }
            },
            {
              "batter": "Aminata Kamara",
              "bowler": "T Luka",
              "non_striker": "AM Kamara",
              "runs": {
                "batter": 1,
                "extras": 0,
                "total": 1
              }
            },
            {
              "batter": "AM Kamara",
              "bowler": "T Luka",
              "non_striker": "Aminata Kamara",
              "runs": {
                "batter": 0,
                "extras": 0,
                "total": 0
              }
            },
            {
              "batter": "AM Kamara",
              "bowler": "T Luka",
              "non_striker": "Aminata Kamara",
              "runs": {
                "batter": 2,
                "extras": 0,
                "total": 2
              }
            },
            {
              "batter": "AM Kamara",
              "bowler": "T Luka",
              "non_striker": "Aminata Kamara",
              "runs": {
                "batter": 4,
                "extras": 0,
                "total": 4
              }
            },
            {
              "batter": "AM Kamara",
              "bowler": "T Luka",
              "non_striker": "Aminata Kamara",
              "runs": {
                "batter": 2,
                "extras": 0,
                "total": 2
              }
            },
            {
              "batter": "AM Kamara",
              "bowler": "T Luka",
              "non_striker": "Aminata Kamara",
              "runs": {
                "batter": 0,
                "extras": 0,
                "total": 0
              }
            }
          ]
        },
        {
          "over": 15,
          "deliveries": [
            {
              "batter": "Aminata Kamara",
              "bowler": "D Dzimau",
              "non_striker": "AM Kamara",
              "runs": {
                "batter": 0,
                "extras": 0,
                "total": 0
              }
            },
            {
              "batter": "Aminata Kamara",
              "bowler": "D Dzimau",
              "non_striker": "AM Kamara",
              "runs": {
                "batter": 1,
                "extras": 0,
                "total": 1
              }
            },
            {
              "batter": "AM Kamara",
              "bowler": "D Dzimau",
              "extras": {
                "wides": 2
              },
              "non_striker": "Aminata Kamara",
              "runs": {
                "batter": 0,
                "extras": 2,
                "total": 2
              }
            },
            {
              "batter": "Aminata Kamara",
              "bowler": "D Dzimau",
              "non_striker": "AM Kamara",
              "runs": {
                "batter": 1,
                "extras": 0,
                "total": 1
              }
            },
            {
              "batter": "AM Kamara",
              "bowler": "D Dzimau",
              "non_striker": "Aminata Kamara",
              "runs": {
                "batter": 1,
                "extras": 0,
                "total": 1
              }
            },
            {
              "batter": "Aminata Kamara",
              "bowler": "D Dzimau",
              "non_striker": "AM Kamara",
              "runs": {
                "batter": 0,
                "extras": 0,
                "total": 0
              }
            },
            {
              "batter": "Aminata Kamara",
              "bowler": "D Dzimau",
              "non_striker": "AM Kamara",
              "runs": {
                "batter": 2,
                "extras": 0,
                "total": 2
              }
            }
          ]
        },
        {
          "over": 16,
          "deliveries": [
            {
              "batter": "AM Kamara",
              "bowler": "S Dzimau",
              "non_striker": "Aminata Kamara",
              "runs": {
                "batter": 2,
                "extras": 0,
                "total": 2
              }
            },
            {
              "batter": "AM Kamara",
              "bowler": "S Dzimau",
              "non_striker": "Aminata Kamara",
              "runs": {
                "batter": 2,
                "extras": 0,
                "total": 2
              }
            },
            {
              "batter": "AM Kamara",
              "bowler": "S Dzimau",
              "extras": {
                "wides": 1
              },
              "non_striker": "Aminata Kamara",
              "runs": {
                "batter": 0,
                "extras": 1,
                "total": 1
              }
            },
            {
              "batter": "AM Kamara",
              "bowler": "S Dzimau",
              "non_striker": "Aminata Kamara",
              "runs": {
                "batter": 1,
                "extras": 0,
                "total": 1
              }
            },
            {
              "batter": "Aminata Kamara",
              "bowler": "S Dzimau",
              "non_striker": "AM Kamara",
              "runs": {
                "batter": 0,
                "extras": 0,
                "total": 0
              }
            },
            {
              "batter": "Aminata Kamara",
              "bowler": "S Dzimau",
              "non_striker": "AM Kamara",
              "runs": {
                "batter": 0,
                "extras": 0,
                "total": 0
              }
            },
            {
              "batter": "Aminata Kamara",
              "bowler": "S Dzimau",
              "extras": {
                "wides": 1
              },
              "non_striker": "AM Kamara",
              "runs": {
                "batter": 0,
                "extras": 1,
                "total": 1
              }
            },
            {
              "batter": "Aminata Kamara",
              "bowler": "S Dzimau",
              "extras": {
                "legbyes": 1
              },
              "non_striker": "AM Kamara",
              "runs": {
                "batter": 0,
                "extras": 1,
                "total": 1
              }
            }
          ]
        },
        {
          "over": 17,
          "deliveries": [
            {
              "batter": "Aminata Kamara",
              "bowler": "B Ndipo",
              "non_striker": "AM Kamara",
              "runs": {
                "batter": 0,
                "extras": 0,
                "total": 0
              }
            },
            {
              "batter": "Aminata Kamara",
              "bowler": "B Ndipo",
              "non_striker": "AM Kamara",
              "runs": {
                "batter": 0,
                "extras": 0,
                "total": 0
              }
            },
            {
              "batter": "Aminata Kamara",
              "bowler": "B Ndipo",
              "non_striker": "AM Kamara",
              "runs": {
                "batter": 1,
                "extras": 0,
                "total": 1
              }
            },
            {
              "batter": "AM Kamara",
              "bowler": "B Ndipo",
              "non_striker": "Aminata Kamara",
              "runs": {
                "batter": 1,
                "extras": 0,
                "total": 1
              }
            },
            {
              "batter": "Aminata Kamara",
              "bowler": "B Ndipo",
              "non_striker": "AM Kamara",
              "runs": {
                "batter": 1,
                "extras": 0,
                "total": 1
              }
            },
            {
              "batter": "AM Kamara",
              "bowler": "B Ndipo",
              "non_striker": "Aminata Kamara",
              "runs": {
                "batter": 1,
                "extras": 0,
                "total": 1
              }
            }
          ]
        },
        {
          "over": 18,
          "deliveries": [
            {
              "batter": "AM Kamara",
              "bowler": "V Phiri",
              "non_striker": "Aminata Kamara",
              "runs": {
                "batter": 1,
                "extras": 0,
                "total": 1
              }
            },
            {
              "batter": "Aminata Kamara",
              "bowler": "V Phiri",
              "non_striker": "AM Kamara",
              "runs": {
                "batter": 2,
                "extras": 0,
                "total": 2
              }
            },
            {
              "batter": "Aminata Kamara",
              "bowler": "V Phiri",
              "non_striker": "AM Kamara",
              "runs": {
                "batter": 0,
                "extras": 0,
                "total": 0
              }
            },
            {
              "batter": "Aminata Kamara",
              "bowler": "V Phiri",
              "non_striker": "AM Kamara",
              "runs": {
                "batter": 0,
                "extras": 0,
                "total": 0
              }
            },
            {
              "batter": "Aminata Kamara",
              "bowler": "V Phiri",
              "non_striker": "AM Kamara",
              "runs": {
                "batter": 4,
                "extras": 0,
                "total": 4
              }
            },
            {
              "batter": "Aminata Kamara",
              "bowler": "V Phiri",
              "non_striker": "AM Kamara",
              "runs": {
                "batter": 0,
                "extras": 0,
                "total": 0
              }
            }
          ]
        },
        {
          "over": 19,
          "deliveries": [
            {
              "batter": "AM Kamara",
              "bowler": "S Hussein",
              "extras": {
                "wides": 1
              },
              "non_striker": "Aminata Kamara",
              "runs": {
                "batter": 0,
                "extras": 1,
                "total": 1
              }
            },
            {
              "batter": "AM Kamara",
              "bowler": "S Hussein",
              "non_striker": "Aminata Kamara",
              "runs": {
                "batter": 2,
                "extras": 0,
                "total": 2
              }
            },
            {
              "batter": "AM Kamara",
              "bowler": "S Hussein",
              "non_striker": "Aminata Kamara",
              "runs": {
                "batter": 2,
                "extras": 0,
                "total": 2
              }
            },
            {
              "batter": "AM Kamara",
              "bowler": "S Hussein",
              "non_striker": "Aminata Kamara",
              "runs": {
                "batter": 0,
                "extras": 0,
                "total": 0
              },
              "wickets": [
                {
                  "player_out": "AM Kamara",
                  "fielders": [
                    {
                      "name": "M Dailesi"
                    }
                  ],
                  "kind": "caught"
                }
              ]
            },
            {
              "batter": "L Bull",
              "bowler": "S Hussein",
              "non_striker": "Aminata Kamara",
              "runs": {
                "batter": 1,
                "extras": 0,
                "total": 1
              }
            },
            {
              "batter": "Aminata Kamara",
              "bowler": "S Hussein",
              "extras": {
                "wides": 1
              },
              "non_striker": "L Bull",
              "runs": {
                "batter": 0,
                "extras": 1,
                "total": 1
              }
            },
            {
              "batter": "Aminata Kamara",
              "bowler": "S Hussein",
              "non_striker": "L Bull",
              "runs": {
                "batter": 0,
                "extras": 0,
                "total": 0
              }
            },
            {
              "batter": "Aminata Kamara",
              "bowler": "S Hussein",
              "non_striker": "L Bull",
              "runs": {
                "batter": 2,
                "extras": 0,
                "total": 2
              }
            },
            {
              "batter": "Aminata Kamara",
              "bowler": "S Hussein",
              "non_striker": "L Bull",
              "runs": {
                "batter": 1,
                "extras": 0,
                "total": 1
              }
            }
          ]
        }
      ],
      "powerplays": [
        {
          "from": 0.1,
          "to": 5.8,
          "type": "mandatory"
        }
      ],
      "miscounted_overs": {
        "19": {
          "balls": "7"
        }
      }
    },
    {
      "team": "Malawi",
      "overs": [
        {
          "over": 0,
          "deliveries": [
            {
              "batter": "M Mabvuka",
              "bowler": "Z Kamara",
              "non_striker": "T Tereza",
              "runs": {
                "batter": 0,
                "extras": 0,
                "total": 0
              }
            },
            {
              "batter": "M Mabvuka",
              "bowler": "Z Kamara",
              "non_striker": "T Tereza",
              "runs": {
                "batter": 0,
                "extras": 0,
                "total": 0
              }
            },
            {
              "batter": "M Mabvuka",
              "bowler": "Z Kamara",
              "non_striker": "T Tereza",
              "runs": {
                "batter": 0,
                "extras": 0,
                "total": 0
              }
            },
            {
              "batter": "M Mabvuka",
              "bowler": "Z Kamara",
              "extras": {
                "wides": 1
              },
              "non_striker": "T Tereza",
              "runs": {
                "batter": 0,
                "extras": 1,
                "total": 1
              }
            },
            {
              "batter": "M Mabvuka",
              "bowler": "Z Kamara",
              "extras": {
                "wides": 1
              },
              "non_striker": "T Tereza",
              "runs": {
                "batter": 0,
                "extras": 1,
                "total": 1
              }
            },
            {
              "batter": "M Mabvuka",
              "bowler": "Z Kamara",
              "non_striker": "T Tereza",
              "runs": {
                "batter": 0,
                "extras": 0,
                "total": 0
              }
            },
            {
              "batter": "M Mabvuka",
              "bowler": "Z Kamara",
              "non_striker": "T Tereza",
              "runs": {
                "batter": 0,
                "extras": 0,
                "total": 0
              }
            },
            {
              "batter": "M Mabvuka",
              "bowler": "Z Kamara",
              "extras": {
                "wides": 1
              },
              "non_striker": "T Tereza",
              "runs": {
                "batter": 0,
                "extras": 1,
                "total": 1
              }
            },
            {
              "batter": "M Mabvuka",
              "bowler": "Z Kamara",
              "non_striker": "T Tereza",
              "runs": {
                "batter": 0,
                "extras": 0,
                "total": 0
              },
              "wickets": [
                {
                  "player_out": "M Mabvuka",
                  "kind": "bowled"
                }
              ]
            }
          ]
        },
        {
          "over": 1,
          "deliveries": [
            {
              "batter": "T Tereza",
              "bowler": "J Kowa",
              "non_striker": "T Luka",
              "runs": {
                "batter": 0,
                "extras": 0,
                "total": 0
              }
            },
            {
              "batter": "T Tereza",
              "bowler": "J Kowa",
              "extras": {
                "byes": 1
              },
              "non_striker": "T Luka",
              "runs": {
                "batter": 0,
                "extras": 1,
                "total": 1
              }
            },
            {
              "batter": "T Luka",
              "bowler": "J Kowa",
              "non_striker": "T Tereza",
              "runs": {
                "batter": 1,
                "extras": 0,
                "total": 1
              }
            },
            {
              "batter": "T Tereza",
              "bowler": "J Kowa",
              "non_striker": "T Luka",
              "runs": {
                "batter": 0,
                "extras": 0,
                "total": 0
              }
            },
            {
              "batter": "T Tereza",
              "bowler": "J Kowa",
              "non_striker": "T Luka",
              "runs": {
                "batter": 0,
                "extras": 0,
                "total": 0
              }
            },
            {
              "batter": "T Tereza",
              "bowler": "J Kowa",
              "extras": {
                "wides": 1
              },
              "non_striker": "T Luka",
              "runs": {
                "batter": 0,
                "extras": 1,
                "total": 1
              }
            },
            {
              "batter": "T Tereza",
              "bowler": "J Kowa",
              "non_striker": "T Luka",
              "runs": {
                "batter": 0,
                "extras": 0,
                "total": 0
              }
            }
          ]
        },
        {
          "over": 2,
          "deliveries": [
            {
              "batter": "T Luka",
              "bowler": "Z Kamara",
              "extras": {
                "wides": 1
              },
              "non_striker": "T Tereza",
              "runs": {
                "batter": 0,
                "extras": 1,
                "total": 1
              }
            },
            {
              "batter": "T Luka",
              "bowler": "Z Kamara",
              "non_striker": "T Tereza",
              "runs": {
                "batter": 0,
                "extras": 0,
                "total": 0
              }
            },
            {
              "batter": "T Luka",
              "bowler": "Z Kamara",
              "non_striker": "T Tereza",
              "runs": {
                "batter": 0,
                "extras": 0,
                "total": 0
              }
            },
            {
              "batter": "T Luka",
              "bowler": "Z Kamara",
              "non_striker": "T Tereza",
              "runs": {
                "batter": 0,
                "extras": 0,
                "total": 0
              }
            },
            {
              "batter": "T Luka",
              "bowler": "Z Kamara",
              "non_striker": "T Tereza",
              "runs": {
                "batter": 0,
                "extras": 0,
                "total": 0
              }
            },
            {
              "batter": "T Luka",
              "bowler": "Z Kamara",
              "non_striker": "T Tereza",
              "runs": {
                "batter": 1,
                "extras": 0,
                "total": 1
              }
            },
            {
              "batter": "T Tereza",
              "bowler": "Z Kamara",
              "non_striker": "T Luka",
              "runs": {
                "batter": 0,
                "extras": 0,
                "total": 0
              }
            }
          ]
        },
        {
          "over": 3,
          "deliveries": [
            {
              "batter": "T Luka",
              "bowler": "J Kowa",
              "non_striker": "T Tereza",
              "runs": {
                "batter": 0,
                "extras": 0,
                "total": 0
              }
            },
            {
              "batter": "T Luka",
              "bowler": "J Kowa",
              "non_striker": "T Tereza",
              "runs": {
                "batter": 0,
                "extras": 0,
                "total": 0
              }
            },
            {
              "batter": "T Luka",
              "bowler": "J Kowa",
              "non_striker": "T Tereza",
              "runs": {
                "batter": 0,
                "extras": 0,
                "total": 0
              }
            },
            {
              "batter": "T Luka",
              "bowler": "J Kowa",
              "non_striker": "T Tereza",
              "runs": {
                "batter": 0,
                "extras": 0,
                "total": 0
              }
            },
            {
              "batter": "T Luka",
              "bowler": "J Kowa",
              "non_striker": "T Tereza",
              "runs": {
                "batter": 0,
                "extras": 0,
                "total": 0
              }
            },
            {
              "batter": "T Luka",
              "bowler": "J Kowa",
              "non_striker": "T Tereza",
              "runs": {
                "batter": 0,
                "extras": 0,
                "total": 0
              },
              "wickets": [
                {
                  "player_out": "T Luka",
                  "fielders": [
                    {
                      "name": "AM Kamara"
                    }
                  ],
                  "kind": "caught"
                }
              ]
            }
          ]
        },
        {
          "over": 4,
          "deliveries": [
            {
              "batter": "T Tereza",
              "bowler": "Z Kamara",
              "non_striker": "M Dailesi",
              "runs": {
                "batter": 0,
                "extras": 0,
                "total": 0
              }
            },
            {
              "batter": "T Tereza",
              "bowler": "Z Kamara",
              "non_striker": "M Dailesi",
              "runs": {
                "batter": 1,
                "extras": 0,
                "total": 1
              }
            },
            {
              "batter": "M Dailesi",
              "bowler": "Z Kamara",
              "non_striker": "T Tereza",
              "runs": {
                "batter": 0,
                "extras": 0,
                "total": 0
              }
            },
            {
              "batter": "M Dailesi",
              "bowler": "Z Kamara",
              "non_striker": "T Tereza",
              "runs": {
                "batter": 0,
                "extras": 0,
                "total": 0
              }
            },
            {
              "batter": "M Dailesi",
              "bowler": "Z Kamara",
              "non_striker": "T Tereza",
              "runs": {
                "batter": 0,
                "extras": 0,
                "total": 0
              }
            },
            {
              "batter": "M Dailesi",
              "bowler": "Z Kamara",
              "non_striker": "T Tereza",
              "runs": {
                "batter": 0,
                "extras": 0,
                "total": 0
              }
            }
          ]
        },
        {
          "over": 5,
          "deliveries": [
            {
              "batter": "T Tereza",
              "bowler": "J Kowa",
              "extras": {
                "wides": 1
              },
              "non_striker": "M Dailesi",
              "runs": {
                "batter": 0,
                "extras": 1,
                "total": 1
              }
            },
            {
              "batter": "T Tereza",
              "bowler": "J Kowa",
              "non_striker": "M Dailesi",
              "runs": {
                "batter": 0,
                "extras": 0,
                "total": 0
              }
            },
            {
              "batter": "T Tereza",
              "bowler": "J Kowa",
              "non_striker": "M Dailesi",
              "runs": {
                "batter": 0,
                "extras": 0,
                "total": 0
              }
            },
            {
              "batter": "T Tereza",
              "bowler": "J Kowa",
              "non_striker": "M Dailesi",
              "runs": {
                "batter": 0,
                "extras": 0,
                "total": 0
              }
            },
            {
              "batter": "T Tereza",
              "bowler": "J Kowa",
              "non_striker": "M Dailesi",
              "runs": {
                "batter": 0,
                "extras": 0,
                "total": 0
              }
            },
            {
              "batter": "T Tereza",
              "bowler": "J Kowa",
              "extras": {
                "wides": 1
              },
              "non_striker": "M Dailesi",
              "runs": {
                "batter": 0,
                "extras": 1,
                "total": 1
              }
            },
            {
              "batter": "T Tereza",
              "bowler": "J Kowa",
              "non_striker": "M Dailesi",
              "runs": {
                "batter": 0,
                "extras": 0,
                "total": 0
              }
            },
            {
              "batter": "T Tereza",
              "bowler": "J Kowa",
              "non_striker": "M Dailesi",
              "runs": {
                "batter": 2,
                "extras": 0,
                "total": 2
              }
            }
          ]
        },
        {
          "over": 6,
          "deliveries": [
            {
              "batter": "M Dailesi",
              "bowler": "Z Kamara",
              "non_striker": "T Tereza",
              "runs": {
                "batter": 0,
                "extras": 0,
                "total": 0
              }
            },
            {
              "batter": "M Dailesi",
              "bowler": "Z Kamara",
              "non_striker": "T Tereza",
              "runs": {
                "batter": 0,
                "extras": 0,
                "total": 0
              },
              "wickets": [
                {
                  "player_out": "M Dailesi",
                  "fielders": [
                    {
                      "name": "Adama Kamara"
                    }
                  ],
                  "kind": "caught"
                }
              ]
            },
            {
              "batter": "S Hussein",
              "bowler": "Z Kamara",
              "non_striker": "T Tereza",
              "runs": {
                "batter": 0,
                "extras": 0,
                "total": 0
              }
            },
            {
              "batter": "S Hussein",
              "bowler": "Z Kamara",
              "non_striker": "T Tereza",
              "runs": {
                "batter": 0,
                "extras": 0,
                "total": 0
              }
            },
            {
              "batter": "S Hussein",
              "bowler": "Z Kamara",
              "non_striker": "T Tereza",
              "runs": {
                "batter": 1,
                "extras": 0,
                "total": 1
              }
            },
            {
              "batter": "T Tereza",
              "bowler": "Z Kamara",
              "extras": {
                "wides": 1
              },
              "non_striker": "S Hussein",
              "runs": {
                "batter": 0,
                "extras": 1,
                "total": 1
              }
            },
            {
              "batter": "T Tereza",
              "bowler": "Z Kamara",
              "extras": {
                "wides": 1
              },
              "non_striker": "S Hussein",
              "runs": {
                "batter": 0,
                "extras": 1,
                "total": 1
              }
            },
            {
              "batter": "T Tereza",
              "bowler": "Z Kamara",
              "non_striker": "S Hussein",
              "runs": {
                "batter": 0,
                "extras": 0,
                "total": 0
              }
            }
          ]
        },
        {
          "over": 7,
          "deliveries": [
            {
              "batter": "S Hussein",
              "bowler": "J Kowa",
              "extras": {
                "byes": 4
              },
              "non_striker": "T Tereza",
              "runs": {
                "batter": 0,
                "extras": 4,
                "total": 4
              }
            },
            {
              "batter": "S Hussein",
              "bowler": "J Kowa",
              "non_striker": "T Tereza",
              "runs": {
                "batter": 0,
                "extras": 0,
                "total": 0
              }
            },
            {
              "batter": "S Hussein",
              "bowler": "J Kowa",
              "non_striker": "T Tereza",
              "runs": {
                "batter": 0,
                "extras": 0,
                "total": 0
              }
            },
            {
              "batter": "S Hussein",
              "bowler": "J Kowa",
              "non_striker": "T Tereza",
              "runs": {
                "batter": 0,
                "extras": 0,
                "total": 0
              }
            },
            {
              "batter": "S Hussein",
              "bowler": "J Kowa",
              "non_striker": "T Tereza",
              "runs": {
                "batter": 1,
                "extras": 0,
                "total": 1
              }
            },
            {
              "batter": "T Tereza",
              "bowler": "J Kowa",
              "non_striker": "S Hussein",
              "runs": {
                "batter": 0,
                "extras": 0,
                "total": 0
              }
            }
          ]
        },
        {
          "over": 8,
          "deliveries": [
            {
              "batter": "S Hussein",
              "bowler": "Aminata Kamara",
              "non_striker": "T Tereza",
              "runs": {
                "batter": 0,
                "extras": 0,
                "total": 0
              }
            },
            {
              "batter": "S Hussein",
              "bowler": "Aminata Kamara",
              "non_striker": "T Tereza",
              "runs": {
                "batter": 4,
                "extras": 0,
                "total": 4
              }
            },
            {
              "batter": "S Hussein",
              "bowler": "Aminata Kamara",
              "non_striker": "T Tereza",
              "runs": {
                "batter": 2,
                "extras": 0,
                "total": 2
              }
            },
            {
              "batter": "S Hussein",
              "bowler": "Aminata Kamara",
              "non_striker": "T Tereza",
              "runs": {
                "batter": 0,
                "extras": 0,
                "total": 0
              }
            },
            {
              "batter": "S Hussein",
              "bowler": "Aminata Kamara",
              "non_striker": "T Tereza",
              "runs": {
                "batter": 0,
                "extras": 0,
                "total": 0
              }
            },
            {
              "batter": "S Hussein",
              "bowler": "Aminata Kamara",
              "non_striker": "T Tereza",
              "runs": {
                "batter": 0,
                "extras": 0,
                "total": 0
              }
            }
          ]
        },
        {
          "over": 9,
          "deliveries": [
            {
              "batter": "T Tereza",
              "bowler": "AM Kamara",
              "non_striker": "S Hussein",
              "runs": {
                "batter": 4,
                "extras": 0,
                "total": 4
              }
            },
            {
              "batter": "T Tereza",
              "bowler": "AM Kamara",
              "non_striker": "S Hussein",
              "runs": {
                "batter": 1,
                "extras": 0,
                "total": 1
              }
            },
            {
              "batter": "S Hussein",
              "bowler": "AM Kamara",
              "extras": {
                "wides": 1
              },
              "non_striker": "T Tereza",
              "runs": {
                "batter": 0,
                "extras": 1,
                "total": 1
              }
            },
            {
              "batter": "S Hussein",
              "bowler": "AM Kamara",
              "non_striker": "T Tereza",
              "runs": {
                "batter": 0,
                "extras": 0,
                "total": 0
              }
            },
            {
              "batter": "S Hussein",
              "bowler": "AM Kamara",
              "non_striker": "T Tereza",
              "runs": {
                "batter": 0,
                "extras": 0,
                "total": 0
              }
            },
            {
              "batter": "S Hussein",
              "bowler": "AM Kamara",
              "non_striker": "T Tereza",
              "runs": {
                "batter": 0,
                "extras": 0,
                "total": 0
              }
            },
            {
              "batter": "S Hussein",
              "bowler": "AM Kamara",
              "non_striker": "T Tereza",
              "runs": {
                "batter": 4,
                "extras": 0,
                "total": 4
              }
            }
          ]
        },
        {
          "over": 10,
          "deliveries": [
            {
              "batter": "T Tereza",
              "bowler": "Aminata Kamara",
              "non_striker": "S Hussein",
              "runs": {
                "batter": 1,
                "extras": 0,
                "total": 1
              }
            },
            {
              "batter": "S Hussein",
              "bowler": "Aminata Kamara",
              "non_striker": "T Tereza",
              "runs": {
                "batter": 0,
                "extras": 0,
                "total": 0
              }
            },
            {
              "batter": "S Hussein",
              "bowler": "Aminata Kamara",
              "non_striker": "T Tereza",
              "runs": {
                "batter": 0,
                "extras": 0,
                "total": 0
              }
            },
            {
              "batter": "S Hussein",
              "bowler": "Aminata Kamara",
              "extras": {
                "legbyes": 1
              },
              "non_striker": "T Tereza",
              "runs": {
                "batter": 0,
                "extras": 1,
                "total": 1
              }
            },
            {
              "batter": "T Tereza",
              "bowler": "Aminata Kamara",
              "non_striker": "S Hussein",
              "runs": {
                "batter": 1,
                "extras": 0,
                "total": 1
              }
            },
            {
              "batter": "S Hussein",
              "bowler": "Aminata Kamara",
              "non_striker": "T Tereza",
              "runs": {
                "batter": 1,
                "extras": 0,
                "total": 1
              }
            }
          ]
        },
        {
          "over": 11,
          "deliveries": [
            {
              "batter": "S Hussein",
              "bowler": "Adama Kamara",
              "non_striker": "T Tereza",
              "runs": {
                "batter": 0,
                "extras": 0,
                "total": 0
              }
            },
            {
              "batter": "S Hussein",
              "bowler": "Adama Kamara",
              "extras": {
                "byes": 2
              },
              "non_striker": "T Tereza",
              "runs": {
                "batter": 0,
                "extras": 2,
                "total": 2
              }
            },
            {
              "batter": "S Hussein",
              "bowler": "Adama Kamara",
              "non_striker": "T Tereza",
              "runs": {
                "batter": 2,
                "extras": 0,
                "total": 2
              }
            },
            {
              "batter": "S Hussein",
              "bowler": "Adama Kamara",
              "non_striker": "T Tereza",
              "runs": {
                "batter": 0,
                "extras": 0,
                "total": 0
              }
            },
            {
              "batter": "S Hussein",
              "bowler": "Adama Kamara",
              "non_striker": "T Tereza",
              "runs": {
                "batter": 1,
                "extras": 0,
                "total": 1
              }
            },
            {
              "batter": "T Tereza",
              "bowler": "Adama Kamara",
              "non_striker": "S Hussein",
              "runs": {
                "batter": 0,
                "extras": 0,
                "total": 0
              }
            }
          ]
        },
        {
          "over": 12,
          "deliveries": [
            {
              "batter": "S Hussein",
              "bowler": "Aminata Kamara",
              "extras": {
                "byes": 1
              },
              "non_striker": "T Tereza",
              "runs": {
                "batter": 0,
                "extras": 1,
                "total": 1
              }
            },
            {
              "batter": "T Tereza",
              "bowler": "Aminata Kamara",
              "non_striker": "S Hussein",
              "runs": {
                "batter": 0,
                "extras": 0,
                "total": 0
              }
            },
            {
              "batter": "T Tereza",
              "bowler": "Aminata Kamara",
              "extras": {
                "wides": 1
              },
              "non_striker": "S Hussein",
              "runs": {
                "batter": 0,
                "extras": 1,
                "total": 1
              }
            },
            {
              "batter": "T Tereza",
              "bowler": "Aminata Kamara",
              "non_striker": "S Hussein",
              "runs": {
                "batter": 0,
                "extras": 0,
                "total": 0
              }
            },
            {
              "batter": "T Tereza",
              "bowler": "Aminata Kamara",
              "non_striker": "S Hussein",
              "runs": {
                "batter": 0,
                "extras": 0,
                "total": 0
              }
            },
            {
              "batter": "T Tereza",
              "bowler": "Aminata Kamara",
              "non_striker": "S Hussein",
              "runs": {
                "batter": 1,
                "extras": 0,
                "total": 1
              }
            },
            {
              "batter": "S Hussein",
              "bowler": "Aminata Kamara",
              "non_striker": "T Tereza",
              "runs": {
                "batter": 1,
                "extras": 0,
                "total": 1
              }
            }
          ]
        },
        {
          "over": 13,
          "deliveries": [
            {
              "batter": "S Hussein",
              "bowler": "Adama Kamara",
              "extras": {
                "byes": 4
              },
              "non_striker": "T Tereza",
              "runs": {
                "batter": 0,
                "extras": 4,
                "total": 4
              }
            },
            {
              "batter": "S Hussein",
              "bowler": "Adama Kamara",
              "non_striker": "T Tereza",
              "runs": {
                "batter": 4,
                "extras": 0,
                "total": 4
              }
            },
            {
              "batter": "S Hussein",
              "bowler": "Adama Kamara",
              "non_striker": "T Tereza",
              "runs": {
                "batter": 0,
                "extras": 0,
                "total": 0
              }
            },
            {
              "batter": "S Hussein",
              "bowler": "Adama Kamara",
              "non_striker": "T Tereza",
              "runs": {
                "batter": 0,
                "extras": 0,
                "total": 0
              },
              "wickets": [
                {
                  "player_out": "S Hussein",
                  "fielders": [
                    {
                      "name": "M Sankoh"
                    }
                  ],
                  "kind": "caught"
                }
              ]
            },
            {
              "batter": "S Dzimau",
              "bowler": "Adama Kamara",
              "non_striker": "T Tereza",
              "runs": {
                "batter": 1,
                "extras": 0,
                "total": 1
              }
            },
            {
              "batter": "T Tereza",
              "bowler": "Adama Kamara",
              "non_striker": "S Dzimau",
              "runs": {
                "batter": 1,
                "extras": 0,
                "total": 1
              }
            }
          ]
        },
        {
          "over": 14,
          "deliveries": [
            {
              "batter": "T Tereza",
              "bowler": "Aminata Kamara",
              "non_striker": "S Dzimau",
              "runs": {
                "batter": 0,
                "extras": 0,
                "total": 0
              }
            },
            {
              "batter": "T Tereza",
              "bowler": "Aminata Kamara",
              "non_striker": "S Dzimau",
              "runs": {
                "batter": 0,
                "extras": 0,
                "total": 0
              },
              "wickets": [
                {
                  "player_out": "T Tereza",
                  "fielders": [
                    {
                      "name": "I Koroma"
                    }
                  ],
                  "kind": "caught"
                }
              ]
            },
            {
              "batter": "D Ndipo",
              "bowler": "Aminata Kamara",
              "non_striker": "S Dzimau",
              "runs": {
                "batter": 0,
                "extras": 0,
                "total": 0
              }
            },
            {
              "batter": "D Ndipo",
              "bowler": "Aminata Kamara",
              "non_striker": "S Dzimau",
              "runs": {
                "batter": 4,
                "extras": 0,
                "total": 4
              }
            },
            {
              "batter": "D Ndipo",
              "bowler": "Aminata Kamara",
              "non_striker": "S Dzimau",
              "runs": {
                "batter": 0,
                "extras": 0,
                "total": 0
              }
            },
            {
              "batter": "D Ndipo",
              "bowler": "Aminata Kamara",
              "non_striker": "S Dzimau",
              "runs": {
                "batter": 1,
                "extras": 0,
                "total": 1
              }
            }
          ]
        },
        {
          "over": 15,
          "deliveries": [
            {
              "batter": "D Ndipo",
              "bowler": "Adama Kamara",
              "non_striker": "S Dzimau",
              "runs": {
                "batter": 4,
                "extras": 0,
                "total": 4
              }
            },
            {
              "batter": "D Ndipo",
              "bowler": "Adama Kamara",
              "non_striker": "S Dzimau",
              "runs": {
                "batter": 1,
                "extras": 0,
                "total": 1
              }
            },
            {
              "batter": "S Dzimau",
              "bowler": "Adama Kamara",
              "non_striker": "D Ndipo",
              "runs": {
                "batter": 0,
                "extras": 0,
                "total": 0
              }
            },
            {
              "batter": "S Dzimau",
              "bowler": "Adama Kamara",
              "non_striker": "D Ndipo",
              "runs": {
                "batter": 0,
                "extras": 0,
                "total": 0
              }
            },
            {
              "batter": "S Dzimau",
              "bowler": "Adama Kamara",
              "non_striker": "D Ndipo",
              "runs": {
                "batter": 1,
                "extras": 0,
                "total": 1
              }
            },
            {
              "batter": "D Ndipo",
              "bowler": "Adama Kamara",
              "non_striker": "S Dzimau",
              "runs": {
                "batter": 0,
                "extras": 0,
                "total": 0
              }
            }
          ]
        },
        {
          "over": 16,
          "deliveries": [
            {
              "batter": "S Dzimau",
              "bowler": "F Bangur",
              "non_striker": "D Ndipo",
              "runs": {
                "batter": 1,
                "extras": 0,
                "total": 1
              }
            },
            {
              "batter": "D Ndipo",
              "bowler": "F Bangur",
              "non_striker": "S Dzimau",
              "runs": {
                "batter": 1,
                "extras": 0,
                "total": 1
              }
            },
            {
              "batter": "S Dzimau",
              "bowler": "F Bangur",
              "extras": {
                "byes": 1
              },
              "non_striker": "D Ndipo",
              "runs": {
                "batter": 0,
                "extras": 1,
                "total": 1
              }
            },
            {
              "batter": "D Ndipo",
              "bowler": "F Bangur",
              "non_striker": "S Dzimau",
              "runs": {
                "batter": 0,
                "extras": 0,
                "total": 0
              }
            },
            {
              "batter": "D Ndipo",
              "bowler": "F Bangur",
              "non_striker": "S Dzimau",
              "runs": {
                "batter": 2,
                "extras": 0,
                "total": 2
              }
            },
            {
              "batter": "D Ndipo",
              "bowler": "F Bangur",
              "non_striker": "S Dzimau",
              "runs": {
                "batter": 0,
                "extras": 0,
                "total": 0
              }
            }
          ]
        },
        {
          "over": 17,
          "deliveries": [
            {
              "batter": "S Dzimau",
              "bowler": "Adama Kamara",
              "non_striker": "D Ndipo",
              "runs": {
                "batter": 1,
                "extras": 0,
                "total": 1
              }
            },
            {
              "batter": "D Ndipo",
              "bowler": "Adama Kamara",
              "non_striker": "S Dzimau",
              "runs": {
                "batter": 1,
                "extras": 0,
                "total": 1
              }
            },
            {
              "batter": "S Dzimau",
              "bowler": "Adama Kamara",
              "non_striker": "D Ndipo",
              "runs": {
                "batter": 1,
                "extras": 0,
                "total": 1
              }
            },
            {
              "batter": "S Dzimau",
              "bowler": "Adama Kamara",
              "non_striker": "D Ndipo",
              "runs": {
                "batter": 0,
                "extras": 0,
                "total": 0
              }
            },
            {
              "batter": "S Dzimau",
              "bowler": "Adama Kamara",
              "non_striker": "D Ndipo",
              "runs": {
                "batter": 2,
                "extras": 0,
                "total": 2
              }
            },
            {
              "batter": "S Dzimau",
              "bowler": "Adama Kamara",
              "non_striker": "D Ndipo",
              "runs": {
                "batter": 0,
                "extras": 0,
                "total": 0
              }
            }
          ]
        },
        {
          "over": 18,
          "deliveries": [
            {
              "batter": "D Ndipo",
              "bowler": "F Bangur",
              "non_striker": "S Dzimau",
              "runs": {
                "batter": 0,
                "extras": 0,
                "total": 0
              }
            },
            {
              "batter": "D Ndipo",
              "bowler": "F Bangur",
              "extras": {
                "wides": 1
              },
              "non_striker": "S Dzimau",
              "runs": {
                "batter": 0,
                "extras": 1,
                "total": 1
              }
            },
            {
              "batter": "D Ndipo",
              "bowler": "F Bangur",
              "non_striker": "S Dzimau",
              "runs": {
                "batter": 0,
                "extras": 0,
                "total": 0
              }
            },
            {
              "batter": "S Dzimau",
              "bowler": "F Bangur",
              "non_striker": "D Ndipo",
              "runs": {
                "batter": 1,
                "extras": 0,
                "total": 1
              }
            },
            {
              "batter": "S Dzimau",
              "bowler": "F Bangur",
              "non_striker": "D Ndipo",
              "runs": {
                "batter": 1,
                "extras": 0,
                "total": 1
              }
            },
            {
              "batter": "D Ndipo",
              "bowler": "F Bangur",
              "non_striker": "S Dzimau",
              "runs": {
                "batter": 4,
                "extras": 0,
                "total": 4
              }
            },
            {
              "batter": "D Ndipo",
              "bowler": "F Bangur",
              "non_striker": "S Dzimau",
              "runs": {
                "batter": 0,
                "extras": 0,
                "total": 0
              }
            }
          ]
        },
        {
          "over": 19,
          "deliveries": [
            {
              "batter": "S Dzimau",
              "bowler": "AM Kamara",
              "extras": {
                "wides": 1
              },
              "non_striker": "D Ndipo",
              "runs": {
                "batter": 0,
                "extras": 1,
                "total": 1
              }
            },
            {
              "batter": "S Dzimau",
              "bowler": "AM Kamara",
              "non_striker": "D Ndipo",
              "runs": {
                "batter": 0,
                "extras": 0,
                "total": 0
              }
            },
            {
              "batter": "S Dzimau",
              "bowler": "AM Kamara",
              "non_striker": "D Ndipo",
              "runs": {
                "batter": 1,
                "extras": 0,
                "total": 1
              }
            },
            {
              "batter": "S Dzimau",
              "bowler": "AM Kamara",
              "non_striker": "D Ndipo",
              "runs": {
                "batter": 0,
                "extras": 0,
                "total": 0
              },
              "wickets": [
                {
                  "player_out": "S Dzimau",
                  "fielders": [
                    {
                      "name": "F Parkinson"
                    }
                  ],
                  "kind": "caught"
                }
              ]
            },
            {
              "batter": "D Dzimau",
              "bowler": "AM Kamara",
              "non_striker": "D Ndipo",
              "runs": {
                "batter": 0,
                "extras": 0,
                "total": 0
              }
            },
            {
              "batter": "D Dzimau",
              "bowler": "AM Kamara",
              "non_striker": "D Ndipo",
              "runs": {
                "batter": 1,
                "extras": 0,
                "total": 1
              }
            },
            {
              "batter": "D Ndipo",
              "bowler": "AM Kamara",
              "non_striker": "D Dzimau",
              "runs": {
                "batter": 1,
                "extras": 0,
                "total": 1
              }
            }
          ]
        }
      ],
      "powerplays": [
        {
          "from": 0.1,
          "to": 5.8,
          "type": "mandatory"
        }
      ],
      "target": {
        "overs": 20,
        "runs": 149
      }
    }
  ]
}