{
  "meta": {
    "data_version": "1.0.0",
    "created": "2020-06-24",
    "revision": 1
  },
  "info": {
    "balls_per_over": 6,
    "city": "Gaborone",
    "dates": [
      "2018-08-21"
    ],
    "event": {
      "name": "Botswana Cricket Association Women's T20I Series",
      "match_number": 5
    },
    "gender": "female",
    "match_type": "T20",
    "match_type_number": 473,
    "missing": [
      "umpires",
      "player_of_match"
    ],
    "outcome": {
      "winner": "Namibia",
      "by": {
        "wickets": 7
      }
    },
    "overs": 20,
    "players": {
      "Sierra Leone": [
        "M King",
        "Adama Kamara",
        "M Sankoh",
        "Aminata Kamara",
        "AM Kamara",
        "L Bull",
        "Z Kamara",
        "I Koroma",
        "J Kowa",
        "F Bangur",
        "R Kassim"
      ],
      "Namibia": [
        "Yasmeen Khan",
        "JA Diergaardt",
        "A van der Merwe",
        "W Mwatile",
        "KA Green",
        "D Foerster",
        "S Namusha",
        "SN Shihepo",
        "V Hamunyela",
        "Reehana Khan",
        "E Simeon"
      ]
    },
    "registry": {
      "people": {
        "A van der Merwe": "02610bad",
        "AM Kamara": "4ca3d67d",
        "Adama Kamara": "e45ac860",
        "Aminata Kamara": "f7aca3b3",
        "D Foerster": "5596d5bf",
        "E Simeon": "6d97d2e2",
        "F Bangur": "1530ae9d",
        "I Koroma": "fce5bfd2",
        "J Kowa": "9d80f576",
        "JA Diergaardt": "b72a8938",
        "KA Green": "fa9fdefa",
        "L Bull": "256d29e8",
        "M King": "00015688",
        "M Sankoh": "4206b29c",
        "R Kassim": "119dc992",
        "Reehana Khan": "4cf05de9",
        "S Namusha": "ba0e04b2",
        "SN Shihepo": "1b3f7dbb",
        "V Hamunyela": "d758a366",
        "W Mwatile": "5728635a",
        "Yasmeen Khan": "ade5c0c0",
        "Z Kamara": "a4e98e6b"
      }
    },
    "season": "2018",
    "team_type": "international",
    "teams": [
      "Sierra Leone",
      "Namibia"
    ],
    "toss": {
      "decision": "field",
      "winner": "Namibia"
    },
    "venue": "Botswana Cricket Association Oval 1"
  },
  "innings": [
    {
      "team": "Sierra Leone",
      "overs": [
        {
          "over": 0,
          "deliveries": [
            {
              "batter": "M King",
              "bowler": "SN Shihepo",
              "non_striker": "Adama Kamara",
              "runs": {
                "batter": 1,
                "extras": 0,
                "total": 1
              }
            },
            {
              "batter": "Adama Kamara",
              "bowler": "SN Shihepo",
              "non_striker": "M King",
              "runs": {
                "batter": 0,
                "extras": 0,
                "total": 0
              }
            },
            {
              "batter": "Adama Kamara",
              "bowler": "SN Shihepo",
              "non_striker": "M King",
              "runs": {
                "batter": 1,
                "extras": 0,
                "total": 1
              }
            },
            {
              "batter": "M King",
              "bowler": "SN Shihepo",
              "extras": {
                "wides": 1
              },
              "non_striker": "Adama Kamara",
              "runs": {
                "batter": 0,
                "extras": 1,
                "total": 1
              }
            },
            {
              "batter": "M King",
              "bowler": "SN Shihepo",
              "extras": {
                "wides": 1
              },
              "non_striker": "Adama Kamara",
              "runs": {
                "batter": 0,
                "extras": 1,
                "total": 1
              }
            },
            {
              "batter": "M King",
              "bowler": "SN Shihepo",
              "non_striker": "Adama Kamara",
              "runs": {
                "batter": 0,
                "extras": 0,
                "total": 0
              }
            },
            {
              "batter": "M King",
              "bowler": "SN Shihepo",
              "extras": {
                "wides": 1
              },
              "non_striker": "Adama Kamara",
              "runs": {
                "batter": 0,
                "extras": 1,
                "total": 1
              }
            },
            {
              "batter": "M King",
              "bowler": "SN Shihepo",
              "extras": {
                "wides": 2
              },
              "non_striker": "Adama Kamara",
              "runs": {
                "batter": 0,
                "extras": 2,
                "total": 2
              }
            },
            {
              "batter": "Adama Kamara",
              "bowler": "SN Shihepo",
              "non_striker": "M King",
              "runs": {
                "batter": 0,
                "extras": 0,
                "total": 0
              }
            },
            {
              "batter": "Adama Kamara",
              "bowler": "SN Shihepo",
              "non_striker": "M King",
              "runs": {
                "batter": 0,
                "extras": 0,
                "total": 0
              }
            }
          ]
        },
        {
          "over": 1,
          "deliveries": [
            {
              "batter": "M King",
              "bowler": "S Namusha",
              "non_striker": "Adama Kamara",
              "runs": {
                "batter": 0,
                "extras": 0,
                "total": 0
              }
            },
            {
              "batter": "M King",
              "bowler": "S Namusha",
              "non_striker": "Adama Kamara",
              "runs": {
                "batter": 0,
                "extras": 0,
                "total": 0
              }
            },
            {
              "batter": "M King",
              "bowler": "S Namusha",
              "non_striker": "Adama Kamara",
              "runs": {
                "batter": 1,
                "extras": 0,
                "total": 1
              }
            },
            {
              "batter": "Adama Kamara",
              "bowler": "S Namusha",
              "non_striker": "M King",
              "runs": {
                "batter": 0,
                "extras": 0,
                "total": 0
              }
            },
            {
              "batter": "Adama Kamara",
              "bowler": "S Namusha",
              "non_striker": "M King",
              "runs": {
                "batter": 0,
                "extras": 0,
                "total": 0
              }
            },
            {
              "batter": "Adama Kamara",
              "bowler": "S Namusha",
              "non_striker": "M King",
              "runs": {
                "batter": 0,
                "extras": 0,
                "total": 0
              }
            }
          ]
        },
        {
          "over": 2,
          "deliveries": [
            {
              "batter": "M King",
              "bowler": "W Mwatile",
              "non_striker": "Adama Kamara",
              "runs": {
                "batter": 0,
                "extras": 0,
                "total": 0
              }
            },
            {
              "batter": "M King",
              "bowler": "W Mwatile",
              "extras": {
                "wides": 1
              },
              "non_striker": "Adama Kamara",
              "runs": {
                "batter": 0,
                "extras": 1,
                "total": 1
              }
            },
            {
              "batter": "M King",
              "bowler": "W Mwatile",
              "non_striker": "Adama Kamara",
              "runs": {
                "batter": 0,
                "extras": 0,
                "total": 0
              }
            },
            {
              "batter": "M King",
              "bowler": "W Mwatile",
              "non_striker": "Adama Kamara",
              "runs": {
                "batter": 0,
                "extras": 0,
                "total": 0
              }
            },
            {
              "batter": "M King",
              "bowler": "W Mwatile",
              "non_striker": "Adama Kamara",
              "runs": {
                "batter": 0,
                "extras": 0,
                "total": 0
              }
            },
            {
              "batter": "M King",
              "bowler": "W Mwatile",
              "non_striker": "Adama Kamara",
              "runs": {
                "batter": 4,
                "extras": 0,
                "total": 4
              }
            },
            {
              "batter": "M King",
              "bowler": "W Mwatile",
              "non_striker": "Adama Kamara",
              "runs": {
                "batter": 0,
                "extras": 0,
                "total": 0
              }
            }
          ]
        },
        {
          "over": 3,
          "deliveries": [
            {
              "batter": "Adama Kamara",
              "bowler": "S Namusha",
              "non_striker": "M King",
              "runs": {
                "batter": 0,
                "extras": 0,
                "total": 0
              }
            },
            {
              "batter": "Adama Kamara",
              "bowler": "S Namusha",
              "non_striker": "M King",
              "runs": {
                "batter": 1,
                "extras": 0,
                "total": 1
              }
            },
            {
              "batter": "M King",
              "bowler": "S Namusha",
              "non_striker": "Adama Kamara",
              "runs": {
                "batter": 0,
                "extras": 0,
                "total": 0
              }
            },
            {
              "batter": "M King",
              "bowler": "S Namusha",
              "non_striker": "Adama Kamara",
              "runs": {
                "batter": 0,
                "extras": 0,
                "total": 0
              }
            },
            {
              "batter": "M King",
              "bowler": "S Namusha",
              "non_striker": "Adama Kamara",
              "runs": {
                "batter": 0,
                "extras": 0,
                "total": 0
              }
            },
            {
              "batter": "M King",
              "bowler": "S Namusha",
              "non_striker": "Adama Kamara",
              "runs": {
                "batter": 0,
                "extras": 0,
                "total": 0
              }
            }
          ]
        },
        {
          "over": 4,
          "deliveries": [
            {
              "batter": "Adama Kamara",
              "bowler": "W Mwatile",
              "non_striker": "M King",
              "runs": {
                "batter": 0,
                "extras": 0,
                "total": 0
              }
            },
            {
              "batter": "Adama Kamara",
              "bowler": "W Mwatile",
              "extras": {
                "wides": 1
              },
              "non_striker": "M King",
              "runs": {
                "batter": 0,
                "extras": 1,
                "total": 1
              }
            },
            {
              "batter": "Adama Kamara",
              "bowler": "W Mwatile",
              "non_striker": "M King",
              "runs": {
                "batter": 0,
                "extras": 0,
                "total": 0
              },
              "wickets": [
                {
                  "player_out": "Adama Kamara",
                  "kind": "bowled"
                }
              ]
            },
            {
              "batter": "M Sankoh",
              "bowler": "W Mwatile",
              "non_striker": "M King",
              "runs": {
                "batter": 0,
                "extras": 0,
                "total": 0
              },
              "wickets": [
                {
                  "player_out": "M Sankoh",
                  "kind": "bowled"
                }
              ]
            },
            {
              "batter": "Aminata Kamara",
              "bowler": "W Mwatile",
              "extras": {
                "legbyes": 1
              },
              "non_striker": "M King",
              "runs": {
                "batter": 0,
                "extras": 1,
                "total": 1
              }
            },
            {
              "batter": "M King",
              "bowler": "W Mwatile",
              "non_striker": "Aminata Kamara",
              "runs": {
                "batter": 0,
                "extras": 0,
                "total": 0
              }
            },
            {
              "batter": "M King",
              "bowler": "W Mwatile",
              "non_striker": "Aminata Kamara",
              "runs": {
                "batter": 2,
                "extras": 0,
                "total": 2
              }
            }
          ]
        },
        {
          "over": 5,
          "deliveries": [
            {
              "batter": "Aminata Kamara",
              "bowler": "S Namusha",
              "non_striker": "M King",
              "runs": {
                "batter": 0,
                "extras": 0,
                "total": 0
              }
            },
            {
              "batter": "Aminata Kamara",
              "bowler": "S Namusha",
              "non_striker": "M King",
              "runs": {
                "batter": 1,
                "extras": 0,
                "total": 1
              }
            },
            {
              "batter": "M King",
              "bowler": "S Namusha",
              "non_striker": "Aminata Kamara",
              "runs": {
                "batter": 0,
                "extras": 0,
                "total": 0
              }
            },
            {
              "batter": "M King",
              "bowler": "S Namusha",
              "non_striker": "Aminata Kamara",
              "runs": {
                "batter": 0,
                "extras": 0,
                "total": 0
              }
            },
            {
              "batter": "M King",
              "bowler": "S Namusha",
              "non_striker": "Aminata Kamara",
              "runs": {
                "batter": 1,
                "extras": 0,
                "total": 1
              }
            },
            {
              "batter": "Aminata Kamara",
              "bowler": "S Namusha",
              "non_striker": "M King",
              "runs": {
                "batter": 0,
                "extras": 0,
                "total": 0
              }
            }
          ]
        },
        {
          "over": 6,
          "deliveries": [
            {
              "batter": "M King",
              "bowler": "W Mwatile",
              "non_striker": "Aminata Kamara",
              "runs": {
                "batter": 0,
                "extras": 0,
                "total": 0
              }
            },
            {
              "batter": "M King",
              "bowler": "W Mwatile",
              "non_striker": "Aminata Kamara",
              "runs": {
                "batter": 0,
                "extras": 0,
                "total": 0
              }
            },
            {
              "batter": "M King",
              "bowler": "W Mwatile",
              "non_striker": "Aminata Kamara",
              "runs": {
                "batter": 0,
                "extras": 0,
                "total": 0
              }
            },
            {
              "batter": "M King",
              "bowler": "W Mwatile",
              "non_striker": "Aminata Kamara",
              "runs": {
                "batter": 0,
                "extras": 0,
                "total": 0
              }
            },
            {
              "batter": "M King",
              "bowler": "W Mwatile",
              "non_striker": "Aminata Kamara",
              "runs": {
                "batter": 1,
                "extras": 0,
                "total": 1
              },
              "wickets": [
                {
                  "player_out": "M King",
                  "kind": "run out"
                }
              ]
            },
            {
              "batter": "Aminata Kamara",
              "bowler": "W Mwatile",
              "extras": {
                "wides": 1
              },
              "non_striker": "AM Kamara",
              "runs": {
                "batter": 0,
                "extras": 1,
                "total": 1
              }
            },
            {
              "batter": "Aminata Kamara",
              "bowler": "W Mwatile",
              "non_striker": "AM Kamara",
              "runs": {
                "batter": 0,
                "extras": 0,
                "total": 0
              }
            }
          ]
        },
        {
          "over": 7,
          "deliveries": [
            {
              "batter": "Aminata Kamara",
              "bowler": "JA Diergaardt",
              "non_striker": "AM Kamara",
              "runs": {
                "batter": 0,
                "extras": 0,
                "total": 0
              }
            },
            {
              "batter": "Aminata Kamara",
              "bowler": "JA Diergaardt",
              "non_striker": "AM Kamara",
              "runs": {
                "batter": 0,
                "extras": 0,
                "total": 0
              }
            },
            {
              "batter": "Aminata Kamara",
              "bowler": "JA Diergaardt",
              "non_striker": "AM Kamara",
              "runs": {
                "batter": 2,
                "extras": 0,
                "total": 2
              }
            },
            {
              "batter": "Aminata Kamara",
              "bowler": "JA Diergaardt",
              "non_striker": "AM Kamara",
              "runs": {
                "batter": 1,
                "extras": 0,
                "total": 1
              }
            },
            {
              "batter": "AM Kamara",
              "bowler": "JA Diergaardt",
              "non_striker": "Aminata Kamara",
              "runs": {
                "batter": 0,
                "extras": 0,
                "total": 0
              }
            },
            {
              "batter": "AM Kamara",
              "bowler": "JA Diergaardt",
              "non_striker": "Aminata Kamara",
              "runs": {
                "batter": 1,
                "extras": 0,
                "total": 1
              }
            }
          ]
        },
        {
          "over": 8,
          "deliveries": [
            {
              "batter": "AM Kamara",
              "bowler": "SN Shihepo",
              "non_striker": "Aminata Kamara",
              "runs": {
                "batter": 1,
                "extras": 0,
                "total": 1
              }
            },
            {
              "batter": "Aminata Kamara",
              "bowler": "SN Shihepo",
              "non_striker": "AM Kamara",
              "runs": {
                "batter": 1,
                "extras": 0,
                "total": 1
              }
            },
            {
              "batter": "AM Kamara",
              "bowler": "SN Shihepo",
              "non_striker": "Aminata Kamara",
              "runs": {
                "batter": 1,
                "extras": 0,
                "total": 1
              }
            },
            {
              "batter": "Aminata Kamara",
              "bowler": "SN Shihepo",
              "non_striker": "AM Kamara",
              "runs": {
                "batter": 2,
                "extras": 0,
                "total": 2
              }
            },
            {
              "batter": "Aminata Kamara",
              "bowler": "SN Shihepo",
              "non_striker": "AM Kamara",
              "runs": {
                "batter": 0,
                "extras": 0,
                "total": 0
              }
            },
            {
              "batter": "Aminata Kamara",
              "bowler": "SN Shihepo",
              "non_striker": "AM Kamara",
              "runs": {
                "batter": 0,
                "extras": 0,
                "total": 0
              }
            }
          ]
        },
        {
          "over": 9,
          "deliveries": [
            {
              "batter": "AM Kamara",
              "bowler": "JA Diergaardt",
              "non_striker": "Aminata Kamara",
              "runs": {
                "batter": 1,
                "extras": 0,
                "total": 1
              }
            },
            {
              "batter": "Aminata Kamara",
              "bowler": "JA Diergaardt",
              "non_striker": "AM Kamara",
              "runs": {
                "batter": 0,
                "extras": 0,
                "total": 0
              },
              "wickets": [
                {
                  "player_out": "Aminata Kamara",
                  "fielders": [
                    {
                      "name": "Yasmeen Khan"
                    }
                  ],
                  "kind": "caught"
                }
              ]
            },
            {
              "batter": "L Bull",
              "bowler": "JA Diergaardt",
              "non_striker": "AM Kamara",
              "runs": {
                "batter": 0,
                "extras": 0,
                "total": 0
              }
            },
            {
              "batter": "L Bull",
              "bowler": "JA Diergaardt",
              "non_striker": "AM Kamara",
              "runs": {
                "batter": 1,
                "extras": 0,
                "total": 1
              }
            },
            {
              "batter": "AM Kamara",
              "bowler": "JA Diergaardt",
              "non_striker": "L Bull",
              "runs": {
                "batter": 1,
                "extras": 0,
                "total": 1
              }
            },
            {
              "batter": "L Bull",
              "bowler": "JA Diergaardt",
              "extras": {
                "wides": 5
              },
              "non_striker": "AM Kamara",
              "runs": {
                "batter": 0,
                "extras": 5,
                "total": 5
              }
            },
            {
              "batter": "L Bull",
              "bowler": "JA Diergaardt",
              "non_striker": "AM Kamara",
              "runs": {
                "batter": 1,
                "extras": 0,
                "total": 1
              }
            }
          ]
        },
        {
          "over": 10,
          "deliveries": [
            {
              "batter": "L Bull",
              "bowler": "SN Shihepo",
              "non_striker": "AM Kamara",
              "runs": {
                "batter": 0,
                "extras": 0,
                "total": 0
              }
            },
            {
              "batter": "L Bull",
              "bowler": "SN Shihepo",
              "non_striker": "AM Kamara",
              "runs": {
                "batter": 0,
                "extras": 0,
                "total": 0
              }
            },
            {
              "batter": "L Bull",
              "bowler": "SN Shihepo",
              "non_striker": "AM Kamara",
              "runs": {
                "batter": 0,
                "extras": 0,
                "total": 0
              }
            },
            {
              "batter": "L Bull",
              "bowler": "SN Shihepo",
              "non_striker": "AM Kamara",
              "runs": {
                "batter": 0,
                "extras": 0,
                "total": 0
              }
            },
            {
              "batter": "L Bull",
              "bowler": "SN Shihepo",
              "non_striker": "AM Kamara",
              "runs": {
                "batter": 1,
                "extras": 0,
                "total": 1
              }
            },
            {
              "batter": "AM Kamara",
              "bowler": "SN Shihepo",
              "non_striker": "L Bull",
              "runs": {
                "batter": 0,
                "extras": 0,
                "total": 0
              }
            }
          ]
        },
        {
          "over": 11,
          "deliveries": [
            {
              "batter": "L Bull",
              "bowler": "KA Green",
              "non_striker": "AM Kamara",
              "runs": {
                "batter": 1,
                "extras": 0,
                "total": 1
              }
            },
            {
              "batter": "AM Kamara",
              "bowler": "KA Green",
              "non_striker": "L Bull",
              "runs": {
                "batter": 0,
                "extras": 0,
                "total": 0
              }
            },
            {
              "batter": "AM Kamara",
              "bowler": "KA Green",
              "non_striker": "L Bull",
              "runs": {
                "batter": 1,
                "extras": 0,
                "total": 1
              }
            },
            {
              "batter": "L Bull",
              "bowler": "KA Green",
              "non_striker": "AM Kamara",
              "runs": {
                "batter": 0,
                "extras": 0,
                "total": 0
              }
            },
            {
              "batter": "L Bull",
              "bowler": "KA Green",
              "extras": {
                "wides": 5
              },
              "non_striker": "AM Kamara",
              "runs": {
                "batter": 0,
                "extras": 5,
                "total": 5
              }
            },
            {
              "batter": "L Bull",
              "bowler": "KA Green",
              "non_striker": "AM Kamara",
              "runs": {
                "batter": 0,
                "extras": 0,
                "total": 0
              }
            },
            {
              "batter": "L Bull",
              "bowler": "KA Green",
              "non_striker": "AM Kamara",
              "runs": {
                "batter": 0,
                "extras": 0,
                "total": 0
              }
            }
          ]
        },
        {
          "over": 12,
          "deliveries": [
            {
              "batter": "AM Kamara",
              "bowler": "SN Shihepo",
              "non_striker": "L Bull",
              "runs": {
                "batter": 1,
                "extras": 0,
                "total": 1
              }
            },
            {
              "batter": "L Bull",
              "bowler": "SN Shihepo",
              "non_striker": "AM Kamara",
              "runs": {
                "batter": 0,
                "extras": 0,
                "total": 0
              }
            },
            {
              "batter": "L Bull",
              "bowler": "SN Shihepo",
              "non_striker": "AM Kamara",
              "runs": {
                "batter": 0,
                "extras": 0,
                "total": 0
              }
            },
            {
              "batter": "L Bull",
              "bowler": "SN Shihepo",
              "non_striker": "AM Kamara",
              "runs": {
                "batter": 1,
                "extras": 0,
                "total": 1
              }
            },
            {
              "batter": "AM Kamara",
              "bowler": "SN Shihepo",
              "non_striker": "L Bull",
              "runs": {
                "batter": 0,
                "extras": 0,
                "total": 0
              }
            },
            {
              "batter": "AM Kamara",
              "bowler": "SN Shihepo",
              "non_striker": "L Bull",
              "runs": {
                "batter": 1,
                "extras": 0,
                "total": 1
              }
            }
          ]
        },
        {
          "over": 13,
          "deliveries": [
            {
              "batter": "AM Kamara",
              "bowler": "KA Green",
              "non_striker": "L Bull",
              "runs": {
                "batter": 1,
                "extras": 0,
                "total": 1
              }
            },
            {
              "batter": "L Bull",
              "bowler": "KA Green",
              "non_striker": "AM Kamara",
              "runs": {
                "batter": 0,
                "extras": 0,
                "total": 0
              }
            },
            {
              "batter": "L Bull",
              "bowler": "KA Green",
              "non_striker": "AM Kamara",
              "runs": {
                "batter": 1,
                "extras": 0,
                "total": 1
              }
            },
            {
              "batter": "AM Kamara",
              "bowler": "KA Green",
              "non_striker": "L Bull",
              "runs": {
                "batter": 2,
                "extras": 0,
                "total": 2
              }
            },
            {
              "batter": "AM Kamara",
              "bowler": "KA Green",
              "non_striker": "L Bull",
              "runs": {
                "batter": 1,
                "extras": 0,
                "total": 1
              }
            },
            {
              "batter": "L Bull",
              "bowler": "KA Green",
              "non_striker": "AM Kamara",
              "runs": {
                "batter": 1,
                "extras": 0,
                "total": 1
              }
            }
          ]
        },
        {
          "over": 14,
          "deliveries": [
            {
              "batter": "L Bull",
              "bowler": "D Foerster",
              "non_striker": "AM Kamara",
              "runs": {
                "batter": 1,
                "extras": 0,
                "total": 1
              }
            },
            {
              "batter": "AM Kamara",
              "bowler": "D Foerster",
              "non_striker": "L Bull",
              "runs": {
                "batter": 1,
                "extras": 0,
                "total": 1
              }
            },
            {
              "batter": "L Bull",
              "bowler": "D Foerster",
              "non_striker": "AM Kamara",
              "runs": {
                "batter": 1,
                "extras": 0,
                "total": 1
              }
            },
            {
              "batter": "AM Kamara",
              "bowler": "D Foerster",
              "extras": {
                "wides": 1
              },
              "non_striker": "L Bull",
              "runs": {
                "batter": 0,
                "extras": 1,
                "total": 1
              }
            },
            {
              "batter": "AM Kamara",
              "bowler": "D Foerster",
              "extras": {
                "wides": 1
              },
              "non_striker": "L Bull",
              "runs": {
                "batter": 0,
                "extras": 1,
                "total": 1
              }
            },
            {
              "batter": "AM Kamara",
              "bowler": "D Foerster",
              "non_striker": "L Bull",
              "runs": {
                "batter": 4,
                "extras": 0,
                "total": 4
              }
            },
            {
              "batter": "AM Kamara",
              "bowler": "D Foerster",
              "non_striker": "L Bull",
              "runs": {
                "batter": 1,
                "extras": 0,
                "total": 1
              }
            },
            {
              "batter": "L Bull",
              "bowler": "D Foerster",
              "non_striker": "AM Kamara",
              "runs": {
                "batter": 0,
                "extras": 0,
                "total": 0
              }
            }
          ]
        },
        {
          "over": 15,
          "deliveries": [
            {
              "batter": "AM Kamara",
              "bowler": "KA Green",
              "non_striker": "L Bull",
              "runs": {
                "batter": 1,
                "extras": 0,
                "total": 1
              }
            },
            {
              "batter": "L Bull",
              "bowler": "KA Green",
              "non_striker": "AM Kamara",
              "runs": {
                "batter": 0,
                "extras": 0,
                "total": 0
              }
            },
            {
              "batter": "L Bull",
              "bowler": "KA Green",
              "non_striker": "AM Kamara",
              "runs": {
                "batter": 1,
                "extras": 0,
                "total": 1
              }
            },
            {
              "batter": "AM Kamara",
              "bowler": "KA Green",
              "non_striker": "L Bull",
              "runs": {
                "batter": 1,
                "extras": 0,
                "total": 1
              }
            },
            {
              "batter": "L Bull",
              "bowler": "KA Green",
              "non_striker": "AM Kamara",
              "runs": {
                "batter": 1,
                "extras": 0,
                "total": 1
              }
            },
            {
              "batter": "AM Kamara",
              "bowler": "KA Green",
              "non_striker": "L Bull",
              "runs": {
                "batter": 0,
                "extras": 0,
                "total": 0
              }
            }
          ]
        },
        {
          "over": 16,
          "deliveries": [
            {
              "batter": "L Bull",
              "bowler": "D Foerster",
              "non_striker": "AM Kamara",
              "runs": {
                "batter": 1,
                "extras": 0,
                "total": 1
              }
            },
            {
              "batter": "AM Kamara",
              "bowler": "D Foerster",
              "non_striker": "L Bull",
              "runs": {
                "batter": 0,
                "extras": 0,
                "total": 0
              },
              "wickets": [
                {
                  "player_out": "AM Kamara",
                  "kind": "run out"
                }
              ]
            },
            {
              "batter": "Z Kamara",
              "bowler": "D Foerster",
              "non_striker": "L Bull",
              "runs": {
                "batter": 1,
                "extras": 0,
                "total": 1
              }
            },
            {
              "batter": "L Bull",
              "bowler": "D Foerster",
              "non_striker": "Z Kamara",
              "runs": {
                "batter": 0,
                "extras": 0,
                "total": 0
              }
            },
            {
              "batter": "L Bull",
              "bowler": "D Foerster",
              "non_striker": "Z Kamara",
              "runs": {
                "batter": 0,
                "extras": 0,
                "total": 0
              }
            },
            {
              "batter": "L Bull",
              "bowler": "D Foerster",
              "non_striker": "Z Kamara",
              "runs": {
                "batter": 0,
                "extras": 0,
                "total": 0
              }
            }
          ]
        },
        {
          "over": 17,
          "deliveries": [
            {
              "batter": "Z Kamara",
              "bowler": "KA Green",
              "non_striker": "L Bull",
              "runs": {
                "batter": 2,
                "extras": 0,
                "total": 2
              }
            },
            {
              "batter": "Z Kamara",
              "bowler": "KA Green",
              "non_striker": "L Bull",
              "runs": {
                "batter": 0,
                "extras": 0,
                "total": 0
              }
            },
            {
              "batter": "Z Kamara",
              "bowler": "KA Green",
              "non_striker": "L Bull",
              "runs": {
                "batter": 0,
                "extras": 0,
                "total": 0
              }
            },
            {
              "batter": "Z Kamara",
              "bowler": "KA Green",
              "non_striker": "L Bull",
              "runs": {
                "batter": 1,
                "extras": 0,
                "total": 1
              }
            },
            {
              "batter": "L Bull",
              "bowler": "KA Green",
              "extras": {
                "wides": 1
              },
              "non_striker": "Z Kamara",
              "runs": {
                "batter": 0,
                "extras": 1,
                "total": 1
              }
            },
            {
              "batter": "L Bull",
              "bowler": "KA Green",
              "non_striker": "Z Kamara",
              "runs": {
                "batter": 0,
                "extras": 0,
                "total": 0
              },
              "wickets": [
                {
                  "player_out": "L Bull",
                  "kind": "run out"
                }
              ]
            },
            {
              "batter": "Z Kamara",
              "bowler": "KA Green",
              "non_striker": "I Koroma",
              "runs": {
                "batter": 0,
                "extras": 0,
                "total": 0
              }
            }
          ]
        },
        {
          "over": 18,
          "deliveries": [
            {
              "batter": "I Koroma",
              "bowler": "W Mwatile",
              "non_striker": "Z Kamara",
              "runs": {
                "batter": 0,
                "extras": 0,
                "total": 0
              }
            },
            {
              "batter": "I Koroma",
              "bowler": "W Mwatile",
              "non_striker": "Z Kamara",
              "runs": {
                "batter": 4,
                "extras": 0,
                "total": 4
              }
            },
            {
              "batter": "I Koroma",
              "bowler": "W Mwatile",
              "non_striker": "Z Kamara",
              "runs": {
                "batter": 0,
                "extras": 0,
                "total": 0
              }
            },
            {
              "batter": "I Koroma",
              "bowler": "W Mwatile",
              "non_striker": "Z Kamara",
              "runs": {
                "batter": 0,
                "extras": 0,
                "total": 0
              }
            },
            {
              "batter": "I Koroma",
              "bowler": "W Mwatile",
              "non_striker": "Z Kamara",
              "runs": {
                "batter": 0,
                "extras": 0,
                "total": 0
              }
            },
            {
              "batter": "I Koroma",
              "bowler": "W Mwatile",
              "non_striker": "Z Kamara",
              "runs": {
                "batter": 1,
                "extras": 0,
                "total": 1
              }
            }
          ]
        },
        {
          "over": 19,
          "deliveries": [
            {
              "batter": "I Koroma",
              "bowler": "JA Diergaardt",
              "non_striker": "Z Kamara",
              "runs": {
                "batter": 0,
                "extras": 0,
                "total": 0
              }
            },
            {
              "batter": "I Koroma",
              "bowler": "JA Diergaardt",
              "non_striker": "Z Kamara",
              "runs": {
                "batter": 1,
                "extras": 0,
                "total": 1
              }
            },
            {
              "batter": "Z Kamara",
              "bowler": "JA Diergaardt",
              "non_striker": "I Koroma",
              "runs": {
                "batter": 0,
                "extras": 0,
                "total": 0
              }
            },
            {
              "batter": "Z Kamara",
              "bowler": "JA Diergaardt",
              "non_striker": "I Koroma",
              "runs": {
                "batter": 0,
                "extras": 0,
                "total": 0
              }
            },
            {
              "batter": "Z Kamara",
              "bowler": "JA Diergaardt",
              "non_striker": "I Koroma",
              "runs": {
                "batter": 0,
                "extras": 0,
                "total": 0
              }
            },
            {
              "batter": "Z Kamara",
              "bowler": "JA Diergaardt",
              "non_striker": "I Koroma",
              "runs": {
                "batter": 0,
                "extras": 0,
                "total": 0
              },
              "wickets": [
                {
                  "player_out": "I Koroma",
                  "kind": "run out"
                }
              ]
            }
          ]
        }
      ],
      "powerplays": [
        {
          "from": 0.1,
          "to": 5.6,
          "type": "mandatory"
        }
      ]
    },
    {
      "team": "Namibia",
      "overs": [
        {
          "over": 0,
          "deliveries": [
            {
              "batter": "Yasmeen Khan",
              "bowler": "F Bangur",
              "extras": {
                "noballs": 1
              },
              "non_striker": "JA Diergaardt",
              "runs": {
                "batter": 0,
                "extras": 1,
                "total": 1
              }
            },
            {
              "batter": "Yasmeen Khan",
              "bowler": "F Bangur",
              "extras": {
                "wides": 1
              },
              "non_striker": "JA Diergaardt",
              "runs": {
                "batter": 0,
                "extras": 1,
                "total": 1
              }
            },
            {
              "batter": "Yasmeen Khan",
              "bowler": "F Bangur",
              "non_striker": "JA Diergaardt",
              "runs": {
                "batter": 2,
                "extras": 0,
                "total": 2
              }
            },
            {
              "batter": "Yasmeen Khan",
              "bowler": "F Bangur",
              "extras": {
                "noballs": 1
              },
              "non_striker": "JA Diergaardt",
              "runs": {
                "batter": 0,
                "extras": 1,
                "total": 1
              }
            },
            {
              "batter": "Yasmeen Khan",
              "bowler": "F Bangur",
              "extras": {
                "wides": 1
              },
              "non_striker": "JA Diergaardt",
              "runs": {
                "batter": 0,
                "extras": 1,
                "total": 1
              }
            },
            {
              "batter": "Yasmeen Khan",
              "bowler": "F Bangur",
              "non_striker": "JA Diergaardt",
              "runs": {
                "batter": 0,
                "extras": 0,
                "total": 0
              }
            },
            {
              "batter": "Yasmeen Khan",
              "bowler": "F Bangur",
              "non_striker": "JA Diergaardt",
              "runs": {
                "batter": 1,
                "extras": 0,
                "total": 1
              }
            },
            {
              "batter": "JA Diergaardt",
              "bowler": "F Bangur",
              "non_striker": "Yasmeen Khan",
              "runs": {
                "batter": 1,
                "extras": 0,
                "total": 1
              }
            },
            {
              "batter": "Yasmeen Khan",
              "bowler": "F Bangur",
              "non_striker": "JA Diergaardt",
              "runs": {
                "batter": 1,
                "extras": 0,
                "total": 1
              }
            },
            {
              "batter": "JA Diergaardt",
              "bowler": "F Bangur",
              "non_striker": "Yasmeen Khan",
              "runs": {
                "batter": 4,
                "extras": 0,
                "total": 4
              }
            }
          ]
        },
        {
          "over": 1,
          "deliveries": [
            {
              "batter": "Yasmeen Khan",
              "bowler": "J Kowa",
              "non_striker": "JA Diergaardt",
              "runs": {
                "batter": 0,
                "extras": 0,
                "total": 0
              }
            },
            {
              "batter": "Yasmeen Khan",
              "bowler": "J Kowa",
              "extras": {
                "wides": 1
              },
              "non_striker": "JA Diergaardt",
              "runs": {
                "batter": 0,
                "extras": 1,
                "total": 1
              }
            },
            {
              "batter": "Yasmeen Khan",
              "bowler": "J Kowa",
              "non_striker": "JA Diergaardt",
              "runs": {
                "batter": 1,
                "extras": 0,
                "total": 1
              }
            },
            {
              "batter": "JA Diergaardt",
              "bowler": "J Kowa",
              "non_striker": "Yasmeen Khan",
              "runs": {
                "batter": 0,
                "extras": 0,
                "total": 0
              }
            },
            {
              "batter": "JA Diergaardt",
              "bowler": "J Kowa",
              "non_striker": "Yasmeen Khan",
              "runs": {
                "batter": 0,
                "extras": 0,
                "total": 0
              },
              "wickets": [
                {
                  "player_out": "JA Diergaardt",
                  "fielders": [
                    {
                      "name": "M King"
                    }
                  ],
                  "kind": "caught"
                }
              ]
            },
            {
              "batter": "A van der Merwe",
              "bowler": "J Kowa",
              "non_striker": "Yasmeen Khan",
              "runs": {
                "batter": 0,
                "extras": 0,
                "total": 0
              }
            },
            {
              "batter": "A van der Merwe",
              "bowler": "J Kowa",
              "non_striker": "Yasmeen Khan",
              "runs": {
                "batter": 0,
                "extras": 0,
                "total": 0
              }
            }
          ]
        },
        {
          "over": 2,
          "deliveries": [
            {
              "batter": "Yasmeen Khan",
              "bowler": "F Bangur",
              "non_striker": "A van der Merwe",
              "runs": {
                "batter": 2,
                "extras": 0,
                "total": 2
              }
            },
            {
              "batter": "Yasmeen Khan",
              "bowler": "F Bangur",
              "non_striker": "A van der Merwe",
              "runs": {
                "batter": 0,
                "extras": 0,
                "total": 0
              }
            },
            {
              "batter": "Yasmeen Khan",
              "bowler": "F Bangur",
              "non_striker": "A van der Merwe",
              "runs": {
                "batter": 2,
                "extras": 0,
                "total": 2
              }
            },
            {
              "batter": "Yasmeen Khan",
              "bowler": "F Bangur",
              "non_striker": "A van der Merwe",
              "runs": {
                "batter": 0,
                "extras": 0,
                "total": 0
              }
            },
            {
              "batter": "Yasmeen Khan",
              "bowler": "F Bangur",
              "non_striker": "A van der Merwe",
              "runs": {
                "batter": 1,
                "extras": 0,
                "total": 1
              },
              "wickets": [
                {
                  "player_out": "Yasmeen Khan",
                  "kind": "run out"
                }
              ]
            },
            {
              "batter": "W Mwatile",
              "bowler": "F Bangur",
              "non_striker": "A van der Merwe",
              "runs": {
                "batter": 0,
                "extras": 0,
                "total": 0
              }
            }
          ]
        },
        {
          "over": 3,
          "deliveries": [
            {
              "batter": "A van der Merwe",
              "bowler": "J Kowa",
              "extras": {
                "wides": 1
              },
              "non_striker": "W Mwatile",
              "runs": {
                "batter": 0,
                "extras": 1,
                "total": 1
              }
            },
            {
              "batter": "A van der Merwe",
              "bowler": "J Kowa",
              "extras": {
                "wides": 1
              },
              "non_striker": "W Mwatile",
              "runs": {
                "batter": 0,
                "extras": 1,
                "total": 1
              }
            },
            {
              "batter": "A van der Merwe",
              "bowler": "J Kowa",
              "non_striker": "W Mwatile",
              "runs": {
                "batter": 2,
                "extras": 0,
                "total": 2
              }
            },
            {
              "batter": "A van der Merwe",
              "bowler": "J Kowa",
              "extras": {
                "wides": 1
              },
              "non_striker": "W Mwatile",
              "runs": {
                "batter": 0,
                "extras": 1,
                "total": 1
              }
            },
            {
              "batter": "A van der Merwe",
              "bowler": "J Kowa",
              "non_striker": "W Mwatile",
              "runs": {
                "batter": 1,
                "extras": 0,
                "total": 1
              }
            },
            {
              "batter": "W Mwatile",
              "bowler": "J Kowa",
              "non_striker": "A van der Merwe",
              "runs": {
                "batter": 2,
                "extras": 0,
                "total": 2
              }
            },
            {
              "batter": "W Mwatile",
              "bowler": "J Kowa",
              "non_striker": "A van der Merwe",
              "runs": {
                "batter": 0,
                "extras": 0,
                "total": 0
              }
            },
            {
              "batter": "W Mwatile",
              "bowler": "J Kowa",
              "non_striker": "A van der Merwe",
              "runs": {
                "batter": 0,
                "extras": 0,
                "total": 0
              },
              "wickets": [
                {
                  "player_out": "W Mwatile",
                  "kind": "bowled"
                }
              ]
            },
            {
              "batter": "KA Green",
              "bowler": "J Kowa",
              "non_striker": "A van der Merwe",
              "runs": {
                "batter": 0,
                "extras": 0,
                "total": 0
              }
            }
          ]
        },
        {
          "over": 4,
          "deliveries": [
            {
              "batter": "A van der Merwe",
              "bowler": "F Bangur",
              "non_striker": "KA Green",
              "runs": {
                "batter": 1,
                "extras": 0,
                "total": 1
              }
            },
            {
              "batter": "KA Green",
              "bowler": "F Bangur",
              "non_striker": "A van der Merwe",
              "runs": {
                "batter": 4,
                "extras": 0,
                "total": 4
              }
            },
            {
              "batter": "KA Green",
              "bowler": "F Bangur",
              "non_striker": "A van der Merwe",
              "runs": {
                "batter": 1,
                "extras": 0,
                "total": 1
              }
            },
            {
              "batter": "A van der Merwe",
              "bowler": "F Bangur",
              "non_striker": "KA Green",
              "runs": {
                "batter": 1,
                "extras": 0,
                "total": 1
              }
            },
            {
              "batter": "KA Green",
              "bowler": "F Bangur",
              "non_striker": "A van der Merwe",
              "runs": {
                "batter": 0,
                "extras": 0,
                "total": 0
              }
            },
            {
              "batter": "KA Green",
              "bowler": "F Bangur",
              "non_striker": "A van der Merwe",
              "runs": {
                "batter": 0,
                "extras": 0,
                "total": 0
              }
            }
          ]
        },
        {
          "over": 5,
          "deliveries": [
            {
              "batter": "A van der Merwe",
              "bowler": "J Kowa",
              "non_striker": "KA Green",
              "runs": {
                "batter": 4,
                "extras": 0,
                "total": 4
              }
            },
            {
              "batter": "A van der Merwe",
              "bowler": "J Kowa",
              "non_striker": "KA Green",
              "runs": {
                "batter": 0,
                "extras": 0,
                "total": 0
              }
            },
            {
              "batter": "A van der Merwe",
              "bowler": "J Kowa",
              "extras": {
                "wides": 1
              },
              "non_striker": "KA Green",
              "runs": {
                "batter": 0,
                "extras": 1,
                "total": 1
              }
            },
            {
              "batter": "A van der Merwe",
              "bowler": "J Kowa",
              "extras": {
                "wides": 1
              },
              "non_striker": "KA Green",
              "runs": {
                "batter": 0,
                "extras": 1,
                "total": 1
              }
            },
            {
              "batter": "A van der Merwe",
              "bowler": "J Kowa",
              "non_striker": "KA Green",
              "runs": {
                "batter": 4,
                "extras": 0,
                "total": 4
              }
            },
            {
              "batter": "A van der Merwe",
              "bowler": "J Kowa",
              "non_striker": "KA Green",
              "runs": {
                "batter": 0,
                "extras": 0,
                "total": 0
              }
            },
            {
              "batter": "A van der Merwe",
              "bowler": "J Kowa",
              "non_striker": "KA Green",
              "runs": {
                "batter": 2,
                "extras": 0,
                "total": 2
              }
            },
            {
              "batter": "A van der Merwe",
              "bowler": "J Kowa",
              "non_striker": "KA Green",
              "runs": {
                "batter": 0,
                "extras": 0,
                "total": 0
              }
            }
          ]
        },
        {
          "over": 6,
          "deliveries": [
            {
              "batter": "KA Green",
              "bowler": "Aminata Kamara",
              "extras": {
                "byes": 1
              },
              "non_striker": "A van der Merwe",
              "runs": {
                "batter": 0,
                "extras": 1,
                "total": 1
              }
            },
            {
              "batter": "A van der Merwe",
              "bowler": "Aminata Kamara",
              "non_striker": "KA Green",
              "runs": {
                "batter": 0,
                "extras": 0,
                "total": 0
              }
            },
            {
              "batter": "A van der Merwe",
              "bowler": "Aminata Kamara",
              "non_striker": "KA Green",
              "runs": {
                "batter": 0,
                "extras": 0,
                "total": 0
              }
            },
            {
              "batter": "A van der Merwe",
              "bowler": "Aminata Kamara",
              "non_striker": "KA Green",
              "runs": {
                "batter": 4,
                "extras": 0,
                "total": 4
              }
            },
            {
              "batter": "A van der Merwe",
              "bowler": "Aminata Kamara",
              "non_striker": "KA Green",
              "runs": {
                "batter": 0,
                "extras": 0,
                "total": 0
              }
            },
            {
              "batter": "A van der Merwe",
              "bowler": "Aminata Kamara",
              "non_striker": "KA Green",
              "runs": {
                "batter": 2,
                "extras": 0,
                "total": 2
              }
            }
          ]
        },
        {
          "over": 7,
          "deliveries": [
            {
              "batter": "KA Green",
              "bowler": "AM Kamara",
              "non_striker": "A van der Merwe",
              "runs": {
                "batter": 1,
                "extras": 0,
                "total": 1
              }
            },
            {
              "batter": "A van der Merwe",
              "bowler": "AM Kamara",
              "non_striker": "KA Green",
              "runs": {
                "batter": 0,
                "extras": 0,
                "total": 0
              }
            },
            {
              "batter": "A van der Merwe",
              "bowler": "AM Kamara",
              "non_striker": "KA Green",
              "runs": {
                "batter": 0,
                "extras": 0,
                "total": 0
              }
            },
            {
              "batter": "A van der Merwe",
              "bowler": "AM Kamara",
              "non_striker": "KA Green",
              "runs": {
                "batter": 4,
                "extras": 0,
                "total": 4
              }
            },
            {
              "batter": "A van der Merwe",
              "bowler": "AM Kamara",
              "non_striker": "KA Green",
              "runs": {
                "batter": 0,
                "extras": 0,
                "total": 0
              }
            },
            {
              "batter": "A van der Merwe",
              "bowler": "AM Kamara",
              "non_striker": "KA Green",
              "runs": {
                "batter": 0,
                "extras": 0,
                "total": 0
              }
            }
          ]
        },
        {
          "over": 8,
          "deliveries": [
            {
              "batter": "KA Green",
              "bowler": "Aminata Kamara",
              "non_striker": "A van der Merwe",
              "runs": {
                "batter": 4,
                "extras": 0,
                "total": 4
              }
            },
            {
              "batter": "KA Green",
              "bowler": "Aminata Kamara",
              "non_striker": "A van der Merwe",
              "runs": {
                "batter": 0,
                "extras": 0,
                "total": 0
              }
            },
            {
              "batter": "KA Green",
              "bowler": "Aminata Kamara",
              "non_striker": "A van der Merwe",
              "runs": {
                "batter": 0,
                "extras": 0,
                "total": 0
              }
            },
            {
              "batter": "KA Green",
              "bowler": "Aminata Kamara",
              "non_striker": "A van der Merwe",
              "runs": {
                "batter": 0,
                "extras": 0,
                "total": 0
              }
            },
            {
              "batter": "KA Green",
              "bowler": "Aminata Kamara",
              "non_striker": "A van der Merwe",
              "runs": {
                "batter": 2,
                "extras": 0,
                "total": 2
              }
            },
            {
              "batter": "KA Green",
              "bowler": "Aminata Kamara",
              "non_striker": "A van der Merwe",
              "runs": {
                "batter": 1,
                "extras": 0,
                "total": 1
              }
            }
          ]
        },
        {
          "over": 9,
          "deliveries": [
            {
              "batter": "KA Green",
              "bowler": "AM Kamara",
              "extras": {
                "wides": 1
              },
              "non_striker": "A van der Merwe",
              "runs": {
                "batter": 0,
                "extras": 1,
                "total": 1
              }
            },
            {
              "batter": "KA Green",
              "bowler": "AM Kamara",
              "non_striker": "A van der Merwe",
              "runs": {
                "batter": 2,
                "extras": 0,
                "total": 2
              }
            },
            {
              "batter": "KA Green",
              "bowler": "AM Kamara",
              "non_striker": "A van der Merwe",
              "runs": {
                "batter": 4,
                "extras": 0,
                "total": 4
              }
            },
            {
              "batter": "KA Green",
              "bowler": "AM Kamara",
              "non_striker": "A van der Merwe",
              "runs": {
                "batter": 2,
                "extras": 0,
                "total": 2
              }
            },
            {
              "batter": "KA Green",
              "bowler": "AM Kamara",
              "non_striker": "A van der Merwe",
              "runs": {
                "batter": 0,
                "extras": 0,
                "total": 0
              }
            },
            {
              "batter": "KA Green",
              "bowler": "AM Kamara",
              "non_striker": "A van der Merwe",
              "runs": {
                "batter": 0,
                "extras": 0,
                "total": 0
              }
            },
            {
              "batter": "KA Green",
              "bowler": "AM Kamara",
              "non_striker": "A van der Merwe",
              "runs": {
                "batter": 0,
                "extras": 0,
                "total": 0
              }
            }
          ]
        },
        {
          "over": 10,
          "deliveries": [
            {
              "batter": "A van der Merwe",
              "bowler": "Aminata Kamara",
              "non_striker": "KA Green",
              "runs": {
                "batter": 0,
                "extras": 0,
                "total": 0
              }
            },
            {
              "batter": "A van der Merwe",
              "bowler": "Aminata Kamara",
              "non_striker": "KA Green",
              "runs": {
                "batter": 0,
                "extras": 0,
                "total": 0
              }
            },
            {
              "batter": "A van der Merwe",
              "bowler": "Aminata Kamara",
              "non_striker": "KA Green",
              "runs": {
                "batter": 1,
                "extras": 0,
                "total": 1
              }
            },
            {
              "batter": "KA Green",
              "bowler": "Aminata Kamara",
              "extras": {
                "wides": 2
              },
              "non_striker": "A van der Merwe",
              "runs": {
                "batter": 0,
                "extras": 2,
                "total": 2
              }
            },
            {
              "batter": "A van der Merwe",
              "bowler": "Aminata Kamara",
              "non_striker": "KA Green",
              "runs": {
                "batter": 0,
                "extras": 0,
                "total": 0
              }
            },
            {
              "batter": "A van der Merwe",
              "bowler": "Aminata Kamara",
              "non_striker": "KA Green",
              "runs": {
                "batter": 1,
                "extras": 0,
                "total": 1
              }
            },
            {
              "batter": "KA Green",
              "bowler": "Aminata Kamara",
              "non_striker": "A van der Merwe",
              "runs": {
                "batter": 4,
                "extras": 0,
                "total": 4
              }
            }
          ]
        },
        {
          "over": 11,
          "deliveries": [
            {
              "batter": "A van der Merwe",
              "bowler": "AM Kamara",
              "non_striker": "KA Green",
              "runs": {
                "batter": 1,
                "extras": 0,
                "total": 1
              }
            }
          ]
        }
      ],
      "powerplays": [
        {
          "from": 0.1,
          "to": 5.8,
          "type": "mandatory"
        }
      ],
      "target": {
        "overs": 20,
        "runs": 84
      }
    }
  ]
}