{
  "meta": {
    "data_version": "1.0.0",
    "created": "2020-06-24",
    "revision": 1
  },
  "info": {
    "balls_per_over": 6,
    "city": "Gaborone",
    "dates": [
      "2018-08-24"
    ],
    "event": {
      "name": "Botswana Cricket Association Women's T20I Series",
      "match_number": 13
    },
    "gender": "female",
    "match_type": "T20",
    "match_type_number": 483,
    "missing": [
      "umpires",
      "player_of_match"
    ],
    "outcome": {
      "winner": "Sierra Leone",
      "by": {
        "runs": 80
      }
    },
    "overs": 20,
    "players": {
      "Sierra Leone": [
        "AM Kamara",
        "M Sankoh",
        "Aminata Kamara",
        "Z Kamara",
        "J Kowa",
        "L Bull",
        "F Bangur",
        "R Kassim",
        "Adama Kamara",
        "F Parkinson",
        "I Koroma"
      ],
      "Lesotho": [
        "T Khabo",
        "T Kobeli",
        "R Khasana",
        "L Khotso",
        "M Moalosi",
        "M Mohasane",
        "T Ramabitsa",
        "M Tsarsi",
        "B Lekau",
        "P Pheko",
        "T Koloi"
      ]
    },
    "registry": {
      "people": {
        "AM Kamara": "4ca3d67d",
        "Adama Kamara": "e45ac860",
        "Aminata Kamara": "f7aca3b3",
        "B Lekau": "2fdcecae",
        "F Bangur": "1530ae9d",
        "F Parkinson": "9b819b10",
        "I Koroma": "fce5bfd2",
        "J Kowa": "9d80f576",
        "L Bull": "256d29e8",
        "L Khotso": "99772efd",
        "M Moalosi": "34628c4a",
        "M Mohasane": "210aa845",
        "M Sankoh": "4206b29c",
        "M Tsarsi": "0f42a805",
        "P Pheko": "24e0b90f",
        "R Kassim": "119dc992",
        "R Khasana": "5a6b2c1d",
        "T Khabo": "7be9cb29",
        "T Kobeli": "10f52b3a",
        "T Koloi": "97b1bd58",
        "T Ramabitsa": "3a341948",
        "Z Kamara": "a4e98e6b"
      }
    },
    "season": "2018",
    "team_type": "international",
    "teams": [
      "Sierra Leone",
      "Lesotho"
    ],
    "toss": {
      "decision": "bat",
      "winner": "Sierra Leone"
    },
    "venue": "Botswana Cricket Association Oval 1"
  },
  "innings": [
    {
      "team": "Sierra Leone",
      "overs": [
        {
          "over": 0,
          "deliveries": [
            {
              "batter": "AM Kamara",
              "bowler": "T Ramabitsa",
              "non_striker": "M Sankoh",
              "runs": {
                "batter": 1,
                "extras": 0,
                "total": 1
              }
            },
            {
              "batter": "M Sankoh",
              "bowler": "T Ramabitsa",
              "extras": {
                "wides": 1
              },
              "non_striker": "AM Kamara",
              "runs": {
                "batter": 0,
                "extras": 1,
                "total": 1
              }
            },
            {
              "batter": "M Sankoh",
              "bowler": "T Ramabitsa",
              "non_striker": "AM Kamara",
              "runs": {
                "batter": 0,
                "extras": 0,
                "total": 0
              }
            },
            {
              "batter": "M Sankoh",
              "bowler": "T Ramabitsa",
              "non_striker": "AM Kamara",
              "runs": {
                "batter": 0,
                "extras": 0,
                "total": 0
              }
            },
            {
              "batter": "M Sankoh",
              "bowler": "T Ramabitsa",
              "non_striker": "AM Kamara",
              "runs": {
                "batter": 1,
                "extras": 0,
                "total": 1
              }
            },
            {
              "batter": "AM Kamara",
              "bowler": "T Ramabitsa",
              "non_striker": "M Sankoh",
              "runs": {
                "batter": 1,
                "extras": 0,
                "total": 1
              }
            },
            {
              "batter": "M Sankoh",
              "bowler": "T Ramabitsa",
              "extras": {
                "wides": 1
              },
              "non_striker": "AM Kamara",
              "runs": {
                "batter": 0,
                "extras": 1,
                "total": 1
              }
            },
            {
              "batter": "M Sankoh",
              "bowler": "T Ramabitsa",
              "non_striker": "AM Kamara",
              "runs": {
                "batter": 0,
                "extras": 0,
                "total": 0
              }
            }
          ]
        },
        {
          "over": 1,
          "deliveries": [
            {
              "batter": "AM Kamara",
              "bowler": "L Khotso",
              "non_striker": "M Sankoh",
              "runs": {
                "batter": 0,
                "extras": 0,
                "total": 0
              }
            },
            {
              "batter": "AM Kamara",
              "bowler": "L Khotso",
              "extras": {
                "wides": 1
              },
              "non_striker": "M Sankoh",
              "runs": {
                "batter": 0,
                "extras": 1,
                "total": 1
              }
            },
            {
              "batter": "AM Kamara",
              "bowler": "L Khotso",
              "non_striker": "M Sankoh",
              "runs": {
                "batter": 0,
                "extras": 0,
                "total": 0
              }
            },
            {
              "batter": "AM Kamara",
              "bowler": "L Khotso",
              "extras": {
                "byes": 2
              },
              "non_striker": "M Sankoh",
              "runs": {
                "batter": 0,
                "extras": 2,
                "total": 2
              }
            },
            {
              "batter": "AM Kamara",
              "bowler": "L Khotso",
              "non_striker": "M Sankoh",
              "runs": {
                "batter": 1,
                "extras": 0,
                "total": 1
              }
            },
            {
              "batter": "M Sankoh",
              "bowler": "L Khotso",
              "extras": {
                "wides": 1
              },
              "non_striker": "AM Kamara",
              "runs": {
                "batter": 0,
                "extras": 1,
                "total": 1
              }
            },
            {
              "batter": "M Sankoh",
              "bowler": "L Khotso",
              "non_striker": "AM Kamara",
              "runs": {
                "batter": 2,
                "extras": 0,
                "total": 2
              }
            },
            {
              "batter": "M Sankoh",
              "bowler": "L Khotso",
              "extras": {
                "wides": 1
              },
              "non_striker": "AM Kamara",
              "runs": {
                "batter": 0,
                "extras": 1,
                "total": 1
              }
            },
            {
              "batter": "M Sankoh",
              "bowler": "L Khotso",
              "extras": {
                "wides": 1
              },
              "non_striker": "AM Kamara",
              "runs": {
                "batter": 0,
                "extras": 1,
                "total": 1
              }
            },
            {
              "batter": "M Sankoh",
              "bowler": "L Khotso",
              "non_striker": "AM Kamara",
              "runs": {
                "batter": 0,
                "extras": 0,
                "total": 0
              }
            }
          ]
        },
        {
          "over": 2,
          "deliveries": [
            {
              "batter": "AM Kamara",
              "bowler": "T Ramabitsa",
              "non_striker": "M Sankoh",
              "runs": {
                "batter": 0,
                "extras": 0,
                "total": 0
              }
            },
            {
              "batter": "AM Kamara",
              "bowler": "T Ramabitsa",
              "non_striker": "M Sankoh",
              "runs": {
                "batter": 0,
                "extras": 0,
                "total": 0
              }
            },
            {
              "batter": "AM Kamara",
              "bowler": "T Ramabitsa",
              "non_striker": "M Sankoh",
              "runs": {
                "batter": 0,
                "extras": 0,
                "total": 0
              }
            },
            {
              "batter": "AM Kamara",
              "bowler": "T Ramabitsa",
              "non_striker": "M Sankoh",
              "runs": {
                "batter": 4,
                "extras": 0,
                "total": 4
              }
            },
            {
              "batter": "AM Kamara",
              "bowler": "T Ramabitsa",
              "non_striker": "M Sankoh",
              "runs": {
                "batter": 1,
                "extras": 0,
                "total": 1
              }
            },
            {
              "batter": "M Sankoh",
              "bowler": "T Ramabitsa",
              "extras": {
                "wides": 1
              },
              "non_striker": "AM Kamara",
              "runs": {
                "batter": 0,
                "extras": 1,
                "total": 1
              }
            },
            {
              "batter": "M Sankoh",
              "bowler": "T Ramabitsa",
              "non_striker": "AM Kamara",
              "runs": {
                "batter": 0,
                "extras": 0,
                "total": 0
              }
            }
          ]
        },
        {
          "over": 3,
          "deliveries": [
            {
              "batter": "AM Kamara",
              "bowler": "L Khotso",
              "non_striker": "M Sankoh",
              "runs": {
                "batter": 0,
                "extras": 0,
                "total": 0
              }
            },
            {
              "batter": "AM Kamara",
              "bowler": "L Khotso",
              "non_striker": "M Sankoh",
              "runs": {
                "batter": 0,
                "extras": 0,
                "total": 0
              }
            },
            {
              "batter": "AM Kamara",
              "bowler": "L Khotso",
              "extras": {
                "wides": 1
              },
              "non_striker": "M Sankoh",
              "runs": {
                "batter": 0,
                "extras": 1,
                "total": 1
              }
            },
            {
              "batter": "AM Kamara",
              "bowler": "L Khotso",
              "extras": {
                "wides": 1
              },
              "non_striker": "M Sankoh",
              "runs": {
                "batter": 0,
                "extras": 1,
                "total": 1
              }
            },
            {
              "batter": "AM Kamara",
              "bowler": "L Khotso",
              "non_striker": "M Sankoh",
              "runs": {
                "batter": 1,
                "extras": 0,
                "total": 1
              }
            },
            {
              "batter": "M Sankoh",
              "bowler": "L Khotso",
              "non_striker": "AM Kamara",
              "runs": {
                "batter": 1,
                "extras": 0,
                "total": 1
              }
            },
            {
              "batter": "AM Kamara",
              "bowler": "L Khotso",
              "non_striker": "M Sankoh",
              "runs": {
                "batter": 1,
                "extras": 0,
                "total": 1
              }
            },
            {
              "batter": "M Sankoh",
              "bowler": "L Khotso",
              "non_striker": "AM Kamara",
              "runs": {
                "batter": 1,
                "extras": 0,
                "total": 1
              }
            }
          ]
        },
        {
          "over": 4,
          "deliveries": [
            {
              "batter": "M Sankoh",
              "bowler": "T Ramabitsa",
              "non_striker": "AM Kamara",
              "runs": {
                "batter": 0,
                "extras": 0,
                "total": 0
              }
            },
            {
              "batter": "M Sankoh",
              "bowler": "T Ramabitsa",
              "non_striker": "AM Kamara",
              "runs": {
                "batter": 0,
                "extras": 0,
                "total": 0
              }
            },
            {
              "batter": "M Sankoh",
              "bowler": "T Ramabitsa",
              "extras": {
                "wides": 1
              },
              "non_striker": "AM Kamara",
              "runs": {
                "batter": 0,
                "extras": 1,
                "total": 1
              }
            },
            {
              "batter": "M Sankoh",
              "bowler": "T Ramabitsa",
              "non_striker": "AM Kamara",
              "runs": {
                "batter": 0,
                "extras": 0,
                "total": 0
              }
            },
            {
              "batter": "M Sankoh",
              "bowler": "T Ramabitsa",
              "non_striker": "AM Kamara",
              "runs": {
                "batter": 0,
                "extras": 0,
                "total": 0
              }
            },
            {
              "batter": "M Sankoh",
              "bowler": "T Ramabitsa",
              "non_striker": "AM Kamara",
              "runs": {
                "batter": 0,
                "extras": 0,
                "total": 0
              }
            },
            {
              "batter": "M Sankoh",
              "bowler": "T Ramabitsa",
              "non_striker": "AM Kamara",
              "runs": {
                "batter": 2,
                "extras": 0,
                "total": 2
              }
            }
          ]
        },
        {
          "over": 5,
          "deliveries": [
            {
              "batter": "AM Kamara",
              "bowler": "L Khotso",
              "non_striker": "M Sankoh",
              "runs": {
                "batter": 0,
                "extras": 0,
                "total": 0
              }
            },
            {
              "batter": "AM Kamara",
              "bowler": "L Khotso",
              "non_striker": "M Sankoh",
              "runs": {
                "batter": 0,
                "extras": 0,
                "total": 0
              }
            },
            {
              "batter": "AM Kamara",
              "bowler": "L Khotso",
              "non_striker": "M Sankoh",
              "runs": {
                "batter": 0,
                "extras": 0,
                "total": 0
              }
            },
            {
              "batter": "AM Kamara",
              "bowler": "L Khotso",
              "non_striker": "M Sankoh",
              "runs": {
                "batter": 0,
                "extras": 0,
                "total": 0
              }
            },
            {
              "batter": "AM Kamara",
              "bowler": "L Khotso",
              "non_striker": "M Sankoh",
              "runs": {
                "batter": 1,
                "extras": 0,
                "total": 1
              }
            },
            {
              "batter": "M Sankoh",
              "bowler": "L Khotso",
              "non_striker": "AM Kamara",
              "runs": {
                "batter": 1,
                "extras": 0,
                "total": 1
              }
            }
          ]
        },
        {
          "over": 6,
          "deliveries": [
            {
              "batter": "M Sankoh",
              "bowler": "T Koloi",
              "extras": {
                "wides": 1
              },
              "non_striker": "AM Kamara",
              "runs": {
                "batter": 0,
                "extras": 1,
                "total": 1
              }
            },
            {
              "batter": "AM Kamara",
              "bowler": "T Koloi",
              "non_striker": "M Sankoh",
              "runs": {
                "batter": 3,
                "extras": 0,
                "total": 3
              }
            },
            {
              "batter": "M Sankoh",
              "bowler": "T Koloi",
              "non_striker": "AM Kamara",
              "runs": {
                "batter": 1,
                "extras": 0,
                "total": 1
              }
            },
            {
              "batter": "AM Kamara",
              "bowler": "T Koloi",
              "non_striker": "M Sankoh",
              "runs": {
                "batter": 1,
                "extras": 0,
                "total": 1
              }
            },
            {
              "batter": "M Sankoh",
              "bowler": "T Koloi",
              "non_striker": "AM Kamara",
              "runs": {
                "batter": 2,
                "extras": 0,
                "total": 2
              }
            },
            {
              "batter": "M Sankoh",
              "bowler": "T Koloi",
              "non_striker": "AM Kamara",
              "runs": {
                "batter": 1,
                "extras": 0,
                "total": 1
              }
            },
            {
              "batter": "AM Kamara",
              "bowler": "T Koloi",
              "non_striker": "M Sankoh",
              "runs": {
                "batter": 4,
                "extras": 0,
                "total": 4
              }
            }
          ]
        },
        {
          "over": 7,
          "deliveries": [
            {
              "batter": "M Sankoh",
              "bowler": "B Lekau",
              "extras": {
                "wides": 1
              },
              "non_striker": "AM Kamara",
              "runs": {
                "batter": 0,
                "extras": 1,
                "total": 1
              }
            },
            {
              "batter": "M Sankoh",
              "bowler": "B Lekau",
              "non_striker": "AM Kamara",
              "runs": {
                "batter": 0,
                "extras": 0,
                "total": 0
              }
            },
            {
              "batter": "M Sankoh",
              "bowler": "B Lekau",
              "non_striker": "AM Kamara",
              "runs": {
                "batter": 1,
                "extras": 0,
                "total": 1
              }
            },
            {
              "batter": "AM Kamara",
              "bowler": "B Lekau",
              "non_striker": "M Sankoh",
              "runs": {
                "batter": 2,
                "extras": 0,
                "total": 2
              }
            },
            {
              "batter": "AM Kamara",
              "bowler": "B Lekau",
              "extras": {
                "wides": 1
              },
              "non_striker": "M Sankoh",
              "runs": {
                "batter": 0,
                "extras": 1,
                "total": 1
              }
            },
            {
              "batter": "AM Kamara",
              "bowler": "B Lekau",
              "non_striker": "M Sankoh",
              "runs": {
                "batter": 2,
                "extras": 0,
                "total": 2
              }
            },
            {
              "batter": "AM Kamara",
              "bowler": "B Lekau",
              "non_striker": "M Sankoh",
              "runs": {
                "batter": 4,
                "extras": 0,
                "total": 4
              }
            },
            {
              "batter": "AM Kamara",
              "bowler": "B Lekau",
              "non_striker": "M Sankoh",
              "runs": {
                "batter": 1,
                "extras": 0,
                "total": 1
              }
            }
          ]
        },
        {
          "over": 8,
          "deliveries": [
            {
              "batter": "AM Kamara",
              "bowler": "T Koloi",
              "non_striker": "M Sankoh",
              "runs": {
                "batter": 0,
                "extras": 0,
                "total": 0
              }
            },
            {
              "batter": "AM Kamara",
              "bowler": "T Koloi",
              "non_striker": "M Sankoh",
              "runs": {
                "batter": 2,
                "extras": 0,
                "total": 2
              }
            },
            {
              "batter": "AM Kamara",
              "bowler": "T Koloi",
              "extras": {
                "wides": 1
              },
              "non_striker": "M Sankoh",
              "runs": {
                "batter": 0,
                "extras": 1,
                "total": 1
              }
            },
            {
              "batter": "AM Kamara",
              "bowler": "T Koloi",
              "non_striker": "M Sankoh",
              "runs": {
                "batter": 0,
                "extras": 0,
                "total": 0
              }
            },
            {
              "batter": "AM Kamara",
              "bowler": "T Koloi",
              "non_striker": "M Sankoh",
              "runs": {
                "batter": 0,
                "extras": 0,
                "total": 0
              }
            },
            {
              "batter": "AM Kamara",
              "bowler": "T Koloi",
              "non_striker": "M Sankoh",
              "runs": {
                "batter": 2,
                "extras": 0,
                "total": 2
              }
            },
            {
              "batter": "AM Kamara",
              "bowler": "T Koloi",
              "non_striker": "M Sankoh",
              "runs": {
                "batter": 1,
                "extras": 0,
                "total": 1
              }
            }
          ]
        },
        {
          "over": 9,
          "deliveries": [
            {
              "batter": "AM Kamara",
              "bowler": "B Lekau",
              "non_striker": "M Sankoh",
              "runs": {
                "batter": 3,
                "extras": 0,
                "total": 3
              }
            },
            {
              "batter": "M Sankoh",
              "bowler": "B Lekau",
              "extras": {
                "wides": 1
              },
              "non_striker": "AM Kamara",
              "runs": {
                "batter": 0,
                "extras": 1,
                "total": 1
              }
            },
            {
              "batter": "M Sankoh",
              "bowler": "B Lekau",
              "extras": {
                "wides": 1
              },
              "non_striker": "AM Kamara",
              "runs": {
                "batter": 0,
                "extras": 1,
                "total": 1
              }
            },
            {
              "batter": "M Sankoh",
              "bowler": "B Lekau",
              "extras": {
                "legbyes": 1
              },
              "non_striker": "AM Kamara",
              "runs": {
                "batter": 0,
                "extras": 1,
                "total": 1
              }
            },
            {
              "batter": "AM Kamara",
              "bowler": "B Lekau",
              "extras": {
                "wides": 1
              },
              "non_striker": "M Sankoh",
              "runs": {
                "batter": 0,
                "extras": 1,
                "total": 1
              }
            },
            {
              "batter": "AM Kamara",
              "bowler": "B Lekau",
              "non_striker": "M Sankoh",
              "runs": {
                "batter": 1,
                "extras": 0,
                "total": 1
              }
            },
            {
              "batter": "M Sankoh",
              "bowler": "B Lekau",
              "extras": {
                "wides": 1
              },
              "non_striker": "AM Kamara",
              "runs": {
                "batter": 0,
                "extras": 1,
                "total": 1
              }
            },
            {
              "batter": "M Sankoh",
              "bowler": "B Lekau",
              "non_striker": "AM Kamara",
              "runs": {
                "batter": 1,
                "extras": 0,
                "total": 1
              }
            },
            {
              "batter": "AM Kamara",
              "bowler": "B Lekau",
              "non_striker": "M Sankoh",
              "runs": {
                "batter": 1,
                "extras": 0,
                "total": 1
              }
            },
            {
              "batter": "M Sankoh",
              "bowler": "B Lekau",
              "non_striker": "AM Kamara",
              "runs": {
                "batter": 0,
                "extras": 0,
                "total": 0
              }
            }
          ]
        },
        {
          "over": 10,
          "deliveries": [
            {
              "batter": "AM Kamara",
              "bowler": "T Koloi",
              "non_striker": "M Sankoh",
              "runs": {
                "batter": 0,
                "extras": 0,
                "total": 0
              },
              "wickets": [
                {
                  "player_out": "M Sankoh",
                  "kind": "run out"
                }
              ]
            },
            {
              "batter": "Aminata Kamara",
              "bowler": "T Koloi",
              "non_striker": "AM Kamara",
              "runs": {
                "batter": 0,
                "extras": 0,
                "total": 0
              }
            },
            {
              "batter": "Aminata Kamara",
              "bowler": "T Koloi",
              "non_striker": "AM Kamara",
              "runs": {
                "batter": 0,
                "extras": 0,
                "total": 0
              }
            },
            {
              "batter": "Aminata Kamara",
              "bowler": "T Koloi",
              "non_striker": "AM Kamara",
              "runs": {
                "batter": 0,
                "extras": 0,
                "total": 0
              }
            },
            {
              "batter": "Aminata Kamara",
              "bowler": "T Koloi",
              "non_striker": "AM Kamara",
              "runs": {
                "batter": 1,
                "extras": 0,
                "total": 1
              }
            },
            {
              "batter": "AM Kamara",
              "bowler": "T Koloi",
              "non_striker": "Aminata Kamara",
              "runs": {
                "batter": 1,
                "extras": 0,
                "total": 1
              }
            }
          ]
        },
        {
          "over": 11,
          "deliveries": [
            {
              "batter": "AM Kamara",
              "bowler": "B Lekau",
              "non_striker": "Aminata Kamara",
              "runs": {
                "batter": 4,
                "extras": 0,
                "total": 4
              }
            },
            {
              "batter": "AM Kamara",
              "bowler": "B Lekau",
              "non_striker": "Aminata Kamara",
              "runs": {
                "batter": 0,
                "extras": 0,
                "total": 0
              }
            },
            {
              "batter": "AM Kamara",
              "bowler": "B Lekau",
              "non_striker": "Aminata Kamara",
              "runs": {
                "batter": 4,
                "extras": 0,
                "total": 4
              }
            },
            {
              "batter": "AM Kamara",
              "bowler": "B Lekau",
              "non_striker": "Aminata Kamara",
              "runs": {
                "batter": 2,
                "extras": 0,
                "total": 2
              }
            },
            {
              "batter": "AM Kamara",
              "bowler": "B Lekau",
              "non_striker": "Aminata Kamara",
              "runs": {
                "batter": 1,
                "extras": 0,
                "total": 1
              }
            },
            {
              "batter": "Aminata Kamara",
              "bowler": "B Lekau",
              "non_striker": "AM Kamara",
              "runs": {
                "batter": 2,
                "extras": 0,
                "total": 2
              }
            }
          ]
        },
        {
          "over": 12,
          "deliveries": [
            {
              "batter": "AM Kamara",
              "bowler": "T Ramabitsa",
              "non_striker": "Aminata Kamara",
              "runs": {
                "batter": 2,
                "extras": 0,
                "total": 2
              }
            },
            {
              "batter": "AM Kamara",
              "bowler": "T Ramabitsa",
              "non_striker": "Aminata Kamara",
              "runs": {
                "batter": 1,
                "extras": 0,
                "total": 1
              }
            },
            {
              "batter": "Aminata Kamara",
              "bowler": "T Ramabitsa",
              "non_striker": "AM Kamara",
              "runs": {
                "batter": 0,
                "extras": 0,
                "total": 0
              }
            },
            {
              "batter": "Aminata Kamara",
              "bowler": "T Ramabitsa",
              "non_striker": "AM Kamara",
              "runs": {
                "batter": 1,
                "extras": 0,
                "total": 1
              }
            },
            {
              "batter": "AM Kamara",
              "bowler": "T Ramabitsa",
              "non_striker": "Aminata Kamara",
              "runs": {
                "batter": 0,
                "extras": 0,
                "total": 0
              }
            },
            {
              "batter": "AM Kamara",
              "bowler": "T Ramabitsa",
              "non_striker": "Aminata Kamara",
              "runs": {
                "batter": 1,
                "extras": 0,
                "total": 1
              }
            }
          ]
        },
        {
          "over": 13,
          "deliveries": [
            {
              "batter": "AM Kamara",
              "bowler": "L Khotso",
              "non_striker": "Aminata Kamara",
              "runs": {
                "batter": 2,
                "extras": 0,
                "total": 2
              }
            },
            {
              "batter": "AM Kamara",
              "bowler": "L Khotso",
              "extras": {
                "wides": 1
              },
              "non_striker": "Aminata Kamara",
              "runs": {
                "batter": 0,
                "extras": 1,
                "total": 1
              }
            },
            {
              "batter": "AM Kamara",
              "bowler": "L Khotso",
              "non_striker": "Aminata Kamara",
              "runs": {
                "batter": 4,
                "extras": 0,
                "total": 4
              }
            },
            {
              "batter": "AM Kamara",
              "bowler": "L Khotso",
              "non_striker": "Aminata Kamara",
              "runs": {
                "batter": 2,
                "extras": 0,
                "total": 2
              }
            },
            {
              "batter": "AM Kamara",
              "bowler": "L Khotso",
              "non_striker": "Aminata Kamara",
              "runs": {
                "batter": 2,
                "extras": 0,
                "total": 2
              }
            },
            {
              "batter": "AM Kamara",
              "bowler": "L Khotso",
              "non_striker": "Aminata Kamara",
              "runs": {
                "batter": 0,
                "extras": 0,
                "total": 0
              }
            },
            {
              "batter": "AM Kamara",
              "bowler": "L Khotso",
              "non_striker": "Aminata Kamara",
              "runs": {
                "batter": 1,
                "extras": 0,
                "total": 1
              }
            }
          ]
        },
        {
          "over": 14,
          "deliveries": [
            {
              "batter": "AM Kamara",
              "bowler": "T Khabo",
              "extras": {
                "wides": 2
              },
              "non_striker": "Aminata Kamara",
              "runs": {
                "batter": 0,
                "extras": 2,
                "total": 2
              }
            },
            {
              "batter": "Aminata Kamara",
              "bowler": "T Khabo",
              "non_striker": "AM Kamara",
              "runs": {
                "batter": 0,
                "extras": 0,
                "total": 0
              }
            },
            {
              "batter": "Aminata Kamara",
              "bowler": "T Khabo",
              "non_striker": "AM Kamara",
              "runs": {
                "batter": 3,
                "extras": 0,
                "total": 3
              }
            },
            {
              "batter": "AM Kamara",
              "bowler": "T Khabo",
              "non_striker": "Aminata Kamara",
              "runs": {
                "batter": 0,
                "extras": 0,
                "total": 0
              }
            },
            {
              "batter": "AM Kamara",
              "bowler": "T Khabo",
              "non_striker": "Aminata Kamara",
              "runs": {
                "batter": 2,
                "extras": 0,
                "total": 2
              }
            },
            {
              "batter": "AM Kamara",
              "bowler": "T Khabo",
              "non_striker": "Aminata Kamara",
              "runs": {
                "batter": 2,
                "extras": 0,
                "total": 2
              }
            },
            {
              "batter": "AM Kamara",
              "bowler": "T Khabo",
              "non_striker": "Aminata Kamara",
              "runs": {
                "batter": 0,
                "extras": 0,
                "total": 0
              }
            }
          ]
        },
        {
          "over": 15,
          "deliveries": [
            {
              "batter": "Aminata Kamara",
              "bowler": "B Lekau",
              "non_striker": "AM Kamara",
              "runs": {
                "batter": 1,
                "extras": 0,
                "total": 1
              }
            },
            {
              "batter": "AM Kamara",
              "bowler": "B Lekau",
              "extras": {
                "wides": 2
              },
              "non_striker": "Aminata Kamara",
              "runs": {
                "batter": 0,
                "extras": 2,
                "total": 2
              }
            },
            {
              "batter": "Aminata Kamara",
              "bowler": "B Lekau",
              "non_striker": "AM Kamara",
              "runs": {
                "batter": 1,
                "extras": 0,
                "total": 1
              }
            },
            {
              "batter": "AM Kamara",
              "bowler": "B Lekau",
              "non_striker": "Aminata Kamara",
              "runs": {
                "batter": 1,
                "extras": 0,
                "total": 1
              }
            },
            {
              "batter": "Aminata Kamara",
              "bowler": "B Lekau",
              "extras": {
                "wides": 1
              },
              "non_striker": "AM Kamara",
              "runs": {
                "batter": 0,
                "extras": 1,
                "total": 1
              }
            },
            {
              "batter": "Aminata Kamara",
              "bowler": "B Lekau",
              "non_striker": "AM Kamara",
              "runs": {
                "batter": 2,
                "extras": 0,
                "total": 2
              }
            },
            {
              "batter": "Aminata Kamara",
              "bowler": "B Lekau",
              "non_striker": "AM Kamara",
              "runs": {
                "batter": 0,
                "extras": 0,
                "total": 0
              },
              "wickets": [
                {
                  "player_out": "Aminata Kamara",
                  "kind": "lbw"
                }
              ]
            },
            {
              "batter": "Z Kamara",
              "bowler": "B Lekau",
              "non_striker": "AM Kamara",
              "runs": {
                "batter": 0,
                "extras": 0,
                "total": 0
              }
            }
          ]
        },
        {
          "over": 16,
          "deliveries": [
            {
              "batter": "AM Kamara",
              "bowler": "T Koloi",
              "non_striker": "Z Kamara",
              "runs": {
                "batter": 0,
                "extras": 0,
                "total": 0
              }
            },
            {
              "batter": "AM Kamara",
              "bowler": "T Koloi",
              "extras": {
                "wides": 1
              },
              "non_striker": "Z Kamara",
              "runs": {
                "batter": 0,
                "extras": 1,
                "total": 1
              }
            },
            {
              "batter": "AM Kamara",
              "bowler": "T Koloi",
              "extras": {
                "wides": 1
              },
              "non_striker": "Z Kamara",
              "runs": {
                "batter": 0,
                "extras": 1,
                "total": 1
              }
            },
            {
              "batter": "AM Kamara",
              "bowler": "T Koloi",
              "non_striker": "Z Kamara",
              "runs": {
                "batter": 1,
                "extras": 0,
                "total": 1
              }
            },
            {
              "batter": "Z Kamara",
              "bowler": "T Koloi",
              "non_striker": "AM Kamara",
              "runs": {
                "batter": 1,
                "extras": 0,
                "total": 1
              }
            },
            {
              "batter": "AM Kamara",
              "bowler": "T Koloi",
              "non_striker": "Z Kamara",
              "runs": {
                "batter": 2,
                "extras": 0,
                "total": 2
              }
            },
            {
              "batter": "AM Kamara",
              "bowler": "T Koloi",
              "extras": {
                "noballs": 1
              },
              "non_striker": "Z Kamara",
              "runs": {
                "batter": 4,
                "extras": 1,
                "total": 5
              }
            },
            {
              "batter": "AM Kamara",
              "bowler": "T Koloi",
              "non_striker": "Z Kamara",
              "runs": {
                "batter": 2,
                "extras": 0,
                "total": 2
              }
            },
            {
              "batter": "AM Kamara",
              "bowler": "T Koloi",
              "non_striker": "Z Kamara",
              "runs": {
                "batter": 2,
                "extras": 0,
                "total": 2
              }
            }
          ]
        },
        {
          "over": 17,
          "deliveries": [
            {
              "batter": "Z Kamara",
              "bowler": "T Khabo",
              "extras": {
                "wides": 1
              },
              "non_striker": "AM Kamara",
              "runs": {
                "batter": 0,
                "extras": 1,
                "total": 1
              }
            },
            {
              "batter": "Z Kamara",
              "bowler": "T Khabo",
              "non_striker": "AM Kamara",
              "runs": {
                "batter": 0,
                "extras": 0,
                "total": 0
              }
            },
            {
              "batter": "Z Kamara",
              "bowler": "T Khabo",
              "non_striker": "AM Kamara",
              "runs": {
                "batter": 0,
                "extras": 0,
                "total": 0
              }
            },
            {
              "batter": "Z Kamara",
              "bowler": "T Khabo",
              "non_striker": "AM Kamara",
              "runs": {
                "batter": 0,
                "extras": 0,
                "total": 0
              }
            },
            {
              "batter": "Z Kamara",
              "bowler": "T Khabo",
              "extras": {
                "wides": 1
              },
              "non_striker": "AM Kamara",
              "runs": {
                "batter": 0,
                "extras": 1,
                "total": 1
              }
            },
            {
              "batter": "Z Kamara",
              "bowler": "T Khabo",
              "extras": {
                "wides": 1
              },
              "non_striker": "AM Kamara",
              "runs": {
                "batter": 0,
                "extras": 1,
                "total": 1
              }
            },
            {
              "batter": "Z Kamara",
              "bowler": "T Khabo",
              "non_striker": "AM Kamara",
              "runs": {
                "batter": 2,
                "extras": 0,
                "total": 2
              }
            },
            {
              "batter": "Z Kamara",
              "bowler": "T Khabo",
              "non_striker": "AM Kamara",
              "runs": {
                "batter": 0,
                "extras": 0,
                "total": 0
              }
            },
            {
              "batter": "Z Kamara",
              "bowler": "T Khabo",
              "non_striker": "AM Kamara",
              "runs": {
                "batter": 0,
                "extras": 0,
                "total": 0
              },
              "wickets": [
                {
                  "player_out": "Z Kamara",
                  "kind": "lbw"
                }
              ]
            }
          ]
        },
        {
          "over": 18,
          "deliveries": [
            {
              "batter": "AM Kamara",
              "bowler": "T Kobeli",
              "non_striker": "J Kowa",
              "runs": {
                "batter": 0,
                "extras": 0,
                "total": 0
              }
            },
            {
              "batter": "J Kowa",
              "bowler": "T Kobeli",
              "non_striker": "AM Kamara",
              "runs": {
                "batter": 1,
                "extras": 0,
                "total": 1
              }
            },
            {
              "batter": "AM Kamara",
              "bowler": "T Kobeli",
              "non_striker": "J Kowa",
              "runs": {
                "batter": 1,
                "extras": 0,
                "total": 1
              }
            },
            {
              "batter": "J Kowa",
              "bowler": "T Kobeli",
              "non_striker": "AM Kamara",
              "runs": {
                "batter": 0,
                "extras": 0,
                "total": 0
              }
            },
            {
              "batter": "J Kowa",
              "bowler": "T Kobeli",
              "non_striker": "AM Kamara",
              "runs": {
                "batter": 2,
                "extras": 0,
                "total": 2
              }
            },
            {
              "batter": "J Kowa",
              "bowler": "T Kobeli",
              "extras": {
                "wides": 1
              },
              "non_striker": "AM Kamara",
              "runs": {
                "batter": 0,
                "extras": 1,
                "total": 1
              }
            },
            {
              "batter": "J Kowa",
              "bowler": "T Kobeli",
              "non_striker": "AM Kamara",
              "runs": {
                "batter": 1,
                "extras": 0,
                "total": 1
              }
            }
          ]
        },
        {
          "over": 19,
          "deliveries": [
            {
              "batter": "J Kowa",
              "bowler": "T Khabo",
              "non_striker": "AM Kamara",
              "runs": {
                "batter": 4,
                "extras": 0,
                "total": 4
              }
            },
            {
              "batter": "J Kowa",
              "bowler": "T Khabo",
              "extras": {
                "wides": 1
              },
              "non_striker": "AM Kamara",
              "runs": {
                "batter": 0,
                "extras": 1,
                "total": 1
              }
            },
            {
              "batter": "J Kowa",
              "bowler": "T Khabo",
              "non_striker": "AM Kamara",
              "runs": {
                "batter": 0,
                "extras": 0,
                "total": 0
              }
            },
            {
              "batter": "J Kowa",
              "bowler": "T Khabo",
              "non_striker": "AM Kamara",
              "runs": {
                "batter": 1,
                "extras": 0,
                "total": 1
              }
            },
            {
              "batter": "AM Kamara",
              "bowler": "T Khabo",
              "non_striker": "J Kowa",
              "runs": {
                "batter": 0,
                "extras": 0,
                "total": 0
              }
            },
            {
              "batter": "AM Kamara",
              "bowler": "T Khabo",
              "non_striker": "J Kowa",
              "runs": {
                "batter": 2,
                "extras": 0,
                "total": 2
              }
            },
            {
              "batter": "AM Kamara",
              "bowler": "T Khabo",
              "extras": {
                "wides": 1
              },
              "non_striker": "J Kowa",
              "runs": {
                "batter": 0,
                "extras": 1,
                "total": 1
              }
            },
            {
              "batter": "AM Kamara",
              "bowler": "T Khabo",
              "non_striker": "J Kowa",
              "runs": {
                "batter": 0,
                "extras": 0,
                "total": 0
              }
            }
          ]
        }
      ],
      "powerplays": [
        {
          "from": 0.1,
          "to": 5.6,
          "type": "mandatory"
        }
      ]
    },
    {
      "team": "Lesotho",
      "overs": [
        {
          "over": 0,
          "deliveries": [
            {
              "batter": "T Khabo",
              "bowler": "Aminata Kamara",
              "extras": {
                "wides": 5
              },
              "non_striker": "T Kobeli",
              "runs": {
                "batter": 0,
                "extras": 5,
                "total": 5
              }
            },
            {
              "batter": "T Khabo",
              "bowler": "Aminata Kamara",
              "non_striker": "T Kobeli",
              "runs": {
                "batter": 0,
                "extras": 0,
                "total": 0
              },
              "wickets": [
                {
                  "player_out": "T Khabo",
                  "kind": "bowled"
                }
              ]
            },
            {
              "batter": "R Khasana",
              "bowler": "Aminata Kamara",
              "non_striker": "T Kobeli",
              "runs": {
                "batter": 0,
                "extras": 0,
                "total": 0
              }
            },
            {
              "batter": "R Khasana",
              "bowler": "Aminata Kamara",
              "non_striker": "T Kobeli",
              "runs": {
                "batter": 0,
                "extras": 0,
                "total": 0
              }
            },
            {
              "batter": "R Khasana",
              "bowler": "Aminata Kamara",
              "extras": {
                "wides": 1
              },
              "non_striker": "T Kobeli",
              "runs": {
                "batter": 0,
                "extras": 1,
                "total": 1
              }
            },
            {
              "batter": "R Khasana",
              "bowler": "Aminata Kamara",
              "non_striker": "T Kobeli",
              "runs": {
                "batter": 0,
                "extras": 0,
                "total": 0
              }
            },
            {
              "batter": "R Khasana",
              "bowler": "Aminata Kamara",
              "non_striker": "T Kobeli",
              "runs": {
                "batter": 0,
                "extras": 0,
                "total": 0
              }
            },
            {
              "batter": "R Khasana",
              "bowler": "Aminata Kamara",
              "non_striker": "T Kobeli",
              "runs": {
                "batter": 1,
                "extras": 0,
                "total": 1
              }
            }
          ]
        },
        {
          "over": 1,
          "deliveries": [
            {
              "batter": "R Khasana",
              "bowler": "Z Kamara",
              "non_striker": "T Kobeli",
              "runs": {
                "batter": 1,
                "extras": 0,
                "total": 1
              }
            },
            {
              "batter": "T Kobeli",
              "bowler": "Z Kamara",
              "non_striker": "R Khasana",
              "runs": {
                "batter": 0,
                "extras": 0,
                "total": 0
              }
            },
            {
              "batter": "T Kobeli",
              "bowler": "Z Kamara",
              "non_striker": "R Khasana",
              "runs": {
                "batter": 1,
                "extras": 0,
                "total": 1
              }
            },
            {
              "batter": "R Khasana",
              "bowler": "Z Kamara",
              "extras": {
                "wides": 1
              },
              "non_striker": "T Kobeli",
              "runs": {
                "batter": 0,
                "extras": 1,
                "total": 1
              }
            },
            {
              "batter": "R Khasana",
              "bowler": "Z Kamara",
              "non_striker": "T Kobeli",
              "runs": {
                "batter": 0,
                "extras": 0,
                "total": 0
              },
              "wickets": [
                {
                  "player_out": "R Khasana",
                  "fielders": [
                    {
                      "name": "R Kassim"
                    }
                  ],
                  "kind": "caught"
                }
              ]
            },
            {
              "batter": "L Khotso",
              "bowler": "Z Kamara",
              "non_striker": "T Kobeli",
              "runs": {
                "batter": 0,
                "extras": 0,
                "total": 0
              }
            },
            {
              "batter": "L Khotso",
              "bowler": "Z Kamara",
              "non_striker": "T Kobeli",
              "runs": {
                "batter": 0,
                "extras": 0,
                "total": 0
              }
            }
          ]
        },
        {
          "over": 2,
          "deliveries": [
            {
              "batter": "T Kobeli",
              "bowler": "Aminata Kamara",
              "non_striker": "L Khotso",
              "runs": {
                "batter": 0,
                "extras": 0,
                "total": 0
              }
            },
            {
              "batter": "T Kobeli",
              "bowler": "Aminata Kamara",
              "non_striker": "L Khotso",
              "runs": {
                "batter": 1,
                "extras": 0,
                "total": 1
              }
            },
            {
              "batter": "L Khotso",
              "bowler": "Aminata Kamara",
              "non_striker": "T Kobeli",
              "runs": {
                "batter": 0,
                "extras": 0,
                "total": 0
              }
            },
            {
              "batter": "L Khotso",
              "bowler": "Aminata Kamara",
              "non_striker": "T Kobeli",
              "runs": {
                "batter": 0,
                "extras": 0,
                "total": 0
              }
            },
            {
              "batter": "L Khotso",
              "bowler": "Aminata Kamara",
              "non_striker": "T Kobeli",
              "runs": {
                "batter": 0,
                "extras": 0,
                "total": 0
              }
            },
            {
              "batter": "L Khotso",
              "bowler": "Aminata Kamara",
              "non_striker": "T Kobeli",
              "runs": {
                "batter": 0,
                "extras": 0,
                "total": 0
              },
              "wickets": [
                {
                  "player_out": "L Khotso",
                  "kind": "bowled"
                }
              ]
            }
          ]
        },
        {
          "over": 3,
          "deliveries": [
            {
              "batter": "T Kobeli",
              "bowler": "Z Kamara",
              "non_striker": "M Moalosi",
              "runs": {
                "batter": 0,
                "extras": 0,
                "total": 0
              }
            },
            {
              "batter": "T Kobeli",
              "bowler": "Z Kamara",
              "non_striker": "M Moalosi",
              "runs": {
                "batter": 0,
                "extras": 0,
                "total": 0
              }
            },
            {
              "batter": "T Kobeli",
              "bowler": "Z Kamara",
              "non_striker": "M Moalosi",
              "runs": {
                "batter": 0,
                "extras": 0,
                "total": 0
              }
            },
            {
              "batter": "T Kobeli",
              "bowler": "Z Kamara",
              "non_striker": "M Moalosi",
              "runs": {
                "batter": 0,
                "extras": 0,
                "total": 0
              }
            },
            {
              "batter": "T Kobeli",
              "bowler": "Z Kamara",
              "non_striker": "M Moalosi",
              "runs": {
                "batter": 0,
                "extras": 0,
                "total": 0
              }
            },
            {
              "batter": "T Kobeli",
              "bowler": "Z Kamara",
              "non_striker": "M Moalosi",
              "runs": {
                "batter": 0,
                "extras": 0,
                "total": 0
              }
            }
          ]
        },
        {
          "over": 4,
          "deliveries": [
            {
              "batter": "M Moalosi",
              "bowler": "Aminata Kamara",
              "non_striker": "T Kobeli",
              "runs": {
                "batter": 0,
                "extras": 0,
                "total": 0
              }
            },
            {
              "batter": "M Moalosi",
              "bowler": "Aminata Kamara",
              "non_striker": "T Kobeli",
              "runs": {
                "batter": 0,
                "extras": 0,
                "total": 0
              }
            },
            {
              "batter": "M Moalosi",
              "bowler": "Aminata Kamara",
              "non_striker": "T Kobeli",
              "runs": {
                "batter": 0,
                "extras": 0,
                "total": 0
              }
            },
            {
              "batter": "M Moalosi",
              "bowler": "Aminata Kamara",
              "non_striker": "T Kobeli",
              "runs": {
                "batter": 0,
                "extras": 0,
                "total": 0
              }
            },
            {
              "batter": "M Moalosi",
              "bowler": "Aminata Kamara",
              "non_striker": "T Kobeli",
              "runs": {
                "batter": 0,
                "extras": 0,
                "total": 0
              }
            },
            {
              "batter": "M Moalosi",
              "bowler": "Aminata Kamara",
              "non_striker": "T Kobeli",
              "runs": {
                "batter": 0,
                "extras": 0,
                "total": 0
              }
            }
          ]
        },
        {
          "over": 5,
          "deliveries": [
            {
              "batter": "T Kobeli",
              "bowler": "Z Kamara",
              "non_striker": "M Moalosi",
              "runs": {
                "batter": 1,
                "extras": 0,
                "total": 1
              }
            },
            {
              "batter": "M Moalosi",
              "bowler": "Z Kamara",
              "non_striker": "T Kobeli",
              "runs": {
                "batter": 0,
                "extras": 0,
                "total": 0
              }
            },
            {
              "batter": "M Moalosi",
              "bowler": "Z Kamara",
              "non_striker": "T Kobeli",
              "runs": {
                "batter": 0,
                "extras": 0,
                "total": 0
              }
            },
            {
              "batter": "M Moalosi",
              "bowler": "Z Kamara",
              "non_striker": "T Kobeli",
              "runs": {
                "batter": 1,
                "extras": 0,
                "total": 1
              }
            },
            {
              "batter": "T Kobeli",
              "bowler": "Z Kamara",
              "extras": {
                "wides": 1
              },
              "non_striker": "M Moalosi",
              "runs": {
                "batter": 0,
                "extras": 1,
                "total": 1
              }
            },
            {
              "batter": "T Kobeli",
              "bowler": "Z Kamara",
              "non_striker": "M Moalosi",
              "runs": {
                "batter": 0,
                "extras": 0,
                "total": 0
              }
            },
            {
              "batter": "T Kobeli",
              "bowler": "Z Kamara",
              "non_striker": "M Moalosi",
              "runs": {
                "batter": 0,
                "extras": 0,
                "total": 0
              }
            }
          ]
        },
        {
          "over": 6,
          "deliveries": [
            {
              "batter": "M Moalosi",
              "bowler": "Aminata Kamara",
              "non_striker": "T Kobeli",
              "runs": {
                "batter": 0,
                "extras": 0,
                "total": 0
              }
            },
            {
              "batter": "M Moalosi",
              "bowler": "Aminata Kamara",
              "non_striker": "T Kobeli",
              "runs": {
                "batter": 1,
                "extras": 0,
                "total": 1
              }
            },
            {
              "batter": "T Kobeli",
              "bowler": "Aminata Kamara",
              "non_striker": "M Moalosi",
              "runs": {
                "batter": 0,
                "extras": 0,
                "total": 0
              }
            },
            {
              "batter": "T Kobeli",
              "bowler": "Aminata Kamara",
              "extras": {
                "wides": 2
              },
              "non_striker": "M Moalosi",
              "runs": {
                "batter": 0,
                "extras": 2,
                "total": 2
              }
            },
            {
              "batter": "M Moalosi",
              "bowler": "Aminata Kamara",
              "non_striker": "T Kobeli",
              "runs": {
                "batter": 1,
                "extras": 0,
                "total": 1
              }
            },
            {
              "batter": "T Kobeli",
              "bowler": "Aminata Kamara",
              "extras": {
                "wides": 2
              },
              "non_striker": "M Moalosi",
              "runs": {
                "batter": 0,
                "extras": 2,
                "total": 2
              }
            },
            {
              "batter": "M Moalosi",
              "bowler": "Aminata Kamara",
              "non_striker": "T Kobeli",
              "runs": {
                "batter": 0,
                "extras": 0,
                "total": 0
              }
            },
            {
              "batter": "M Moalosi",
              "bowler": "Aminata Kamara",
              "non_striker": "T Kobeli",
              "runs": {
                "batter": 2,
                "extras": 0,
                "total": 2
              }
            }
          ]
        },
        {
          "over": 7,
          "deliveries": [
            {
              "batter": "T Kobeli",
              "bowler": "Z Kamara",
              "non_striker": "M Moalosi",
              "runs": {
                "batter": 4,
                "extras": 0,
                "total": 4
              }
            },
            {
              "batter": "T Kobeli",
              "bowler": "Z Kamara",
              "extras": {
                "wides": 2
              },
              "non_striker": "M Moalosi",
              "runs": {
                "batter": 0,
                "extras": 2,
                "total": 2
              }
            },
            {
              "batter": "M Moalosi",
              "bowler": "Z Kamara",
              "non_striker": "T Kobeli",
              "runs": {
                "batter": 1,
                "extras": 0,
                "total": 1
              }
            },
            {
              "batter": "T Kobeli",
              "bowler": "Z Kamara",
              "non_striker": "M Moalosi",
              "runs": {
                "batter": 0,
                "extras": 0,
                "total": 0
              }
            },
            {
              "batter": "T Kobeli",
              "bowler": "Z Kamara",
              "non_striker": "M Moalosi",
              "runs": {
                "batter": 0,
                "extras": 0,
                "total": 0
              }
            },
            {
              "batter": "T Kobeli",
              "bowler": "Z Kamara",
              "non_striker": "M Moalosi",
              "runs": {
                "batter": 1,
                "extras": 0,
                "total": 1
              }
            },
            {
              "batter": "M Moalosi",
              "bowler": "Z Kamara",
              "non_striker": "T Kobeli",
              "runs": {
                "batter": 0,
                "extras": 0,
                "total": 0
              }
            }
          ]
        },
        {
          "over": 8,
          "deliveries": [
            {
              "batter": "T Kobeli",
              "bowler": "Adama Kamara",
              "non_striker": "M Moalosi",
              "runs": {
                "batter": 2,
                "extras": 0,
                "total": 2
              }
            },
            {
              "batter": "T Kobeli",
              "bowler": "Adama Kamara",
              "extras": {
                "wides": 1
              },
              "non_striker": "M Moalosi",
              "runs": {
                "batter": 0,
                "extras": 1,
                "total": 1
              }
            },
            {
              "batter": "T Kobeli",
              "bowler": "Adama Kamara",
              "non_striker": "M Moalosi",
              "runs": {
                "batter": 0,
                "extras": 0,
                "total": 0
              }
            },
            {
              "batter": "T Kobeli",
              "bowler": "Adama Kamara",
              "non_striker": "M Moalosi",
              "runs": {
                "batter": 4,
                "extras": 0,
                "total": 4
              }
            },
            {
              "batter": "T Kobeli",
              "bowler": "Adama Kamara",
              "non_striker": "M Moalosi",
              "runs": {
                "batter": 0,
                "extras": 0,
                "total": 0
              }
            },
            {
              "batter": "T Kobeli",
              "bowler": "Adama Kamara",
              "non_striker": "M Moalosi",
              "runs": {
                "batter": 0,
                "extras": 0,
                "total": 0
              }
            },
            {
              "batter": "T Kobeli",
              "bowler": "Adama Kamara",
              "non_striker": "M Moalosi",
              "runs": {
                "batter": 0,
                "extras": 0,
                "total": 0
              }
            }
          ]
        },
        {
          "over": 9,
          "deliveries": [
            {
              "batter": "M Moalosi",
              "bowler": "J Kowa",
              "non_striker": "T Kobeli",
              "runs": {
                "batter": 0,
                "extras": 0,
                "total": 0
              }
            },
            {
              "batter": "M Moalosi",
              "bowler": "J Kowa",
              "non_striker": "T Kobeli",
              "runs": {
                "batter": 2,
                "extras": 0,
                "total": 2
              }
            },
            {
              "batter": "M Moalosi",
              "bowler": "J Kowa",
              "non_striker": "T Kobeli",
              "runs": {
                "batter": 0,
                "extras": 0,
                "total": 0
              }
            },
            {
              "batter": "M Moalosi",
              "bowler": "J Kowa",
              "non_striker": "T Kobeli",
              "runs": {
                "batter": 0,
                "extras": 0,
                "total": 0
              }
            },
            {
              "batter": "M Moalosi",
              "bowler": "J Kowa",
              "non_striker": "T Kobeli",
              "runs": {
                "batter": 1,
                "extras": 0,
                "total": 1
              }
            },
            {
              "batter": "T Kobeli",
              "bowler": "J Kowa",
              "non_striker": "M Moalosi",
              "runs": {
                "batter": 1,
                "extras": 0,
                "total": 1
              }
            }
          ]
        },
        {
          "over": 10,
          "deliveries": [
            {
              "batter": "T Kobeli",
              "bowler": "Adama Kamara",
              "non_striker": "M Moalosi",
              "runs": {
                "batter": 1,
                "extras": 0,
                "total": 1
              }
            },
            {
              "batter": "M Moalosi",
              "bowler": "Adama Kamara",
              "non_striker": "T Kobeli",
              "runs": {
                "batter": 1,
                "extras": 0,
                "total": 1
              }
            },
            {
              "batter": "T Kobeli",
              "bowler": "Adama Kamara",
              "extras": {
                "legbyes": 1
              },
              "non_striker": "M Moalosi",
              "runs": {
                "batter": 0,
                "extras": 1,
                "total": 1
              }
            },
            {
              "batter": "T Kobeli",
              "bowler": "Adama Kamara",
              "non_striker": "M Moalosi",
              "runs": {
                "batter": 1,
                "extras": 0,
                "total": 1
              }
            },
            {
              "batter": "T Kobeli",
              "bowler": "Adama Kamara",
              "non_striker": "M Moalosi",
              "runs": {
                "batter": 0,
                "extras": 0,
                "total": 0
              },
              "wickets": [
                {
                  "player_out": "T Kobeli",
                  "kind": "bowled"
                }
              ]
            },
            {
              "batter": "M Mohasane",
              "bowler": "Adama Kamara",
              "non_striker": "M Moalosi",
              "runs": {
                "batter": 0,
                "extras": 0,
                "total": 0
              }
            }
          ]
        },
        {
          "over": 11,
          "deliveries": [
            {
              "batter": "M Moalosi",
              "bowler": "J Kowa",
              "non_striker": "M Mohasane",
              "runs": {
                "batter": 0,
                "extras": 0,
                "total": 0
              }
            },
            {
              "batter": "M Moalosi",
              "bowler": "J Kowa",
              "non_striker": "M Mohasane",
              "runs": {
                "batter": 0,
                "extras": 0,
                "total": 0
              }
            },
            {
              "batter": "M Moalosi",
              "bowler": "J Kowa",
              "non_striker": "M Mohasane",
              "runs": {
                "batter": 0,
                "extras": 0,
                "total": 0
              }
            },
            {
              "batter": "M Moalosi",
              "bowler": "J Kowa",
              "non_striker": "M Mohasane",
              "runs": {
                "batter": 0,
                "extras": 0,
                "total": 0
              }
            },
            {
              "batter": "M Moalosi",
              "bowler": "J Kowa",
              "non_striker": "M Mohasane",
              "runs": {
                "batter": 0,
                "extras": 0,
                "total": 0
              }
            },
            {
              "batter": "M Moalosi",
              "bowler": "J Kowa",
              "non_striker": "M Mohasane",
              "runs": {
                "batter": 2,
                "extras": 0,
                "total": 2
              }
            }
          ]
        },
        {
          "over": 12,
          "deliveries": [
            {
              "batter": "M Mohasane",
              "bowler": "Adama Kamara",
              "non_striker": "M Moalosi",
              "runs": {
                "batter": 1,
                "extras": 0,
                "total": 1
              }
            },
            {
              "batter": "M Moalosi",
              "bowler": "Adama Kamara",
              "non_striker": "M Mohasane",
              "runs": {
                "batter": 1,
                "extras": 0,
                "total": 1
              }
            },
            {
              "batter": "M Mohasane",
              "bowler": "Adama Kamara",
              "non_striker": "M Moalosi",
              "runs": {
                "batter": 1,
                "extras": 0,
                "total": 1
              }
            },
            {
              "batter": "M Moalosi",
              "bowler": "Adama Kamara",
              "non_striker": "M Mohasane",
              "runs": {
                "batter": 1,
                "extras": 0,
                "total": 1
              }
            },
            {
              "batter": "M Mohasane",
              "bowler": "Adama Kamara",
              "non_striker": "M Moalosi",
              "runs": {
                "batter": 0,
                "extras": 0,
                "total": 0
              }
            },
            {
              "batter": "M Mohasane",
              "bowler": "Adama Kamara",
              "non_striker": "M Moalosi",
              "runs": {
                "batter": 0,
                "extras": 0,
                "total": 0
              }
            }
          ]
        },
        {
          "over": 13,
          "deliveries": [
            {
              "batter": "M Moalosi",
              "bowler": "J Kowa",
              "non_striker": "M Mohasane",
              "runs": {
                "batter": 0,
                "extras": 0,
                "total": 0
              }
            },
            {
              "batter": "M Moalosi",
              "bowler": "J Kowa",
              "extras": {
                "wides": 1
              },
              "non_striker": "M Mohasane",
              "runs": {
                "batter": 0,
                "extras": 1,
                "total": 1
              }
            },
            {
              "batter": "M Moalosi",
              "bowler": "J Kowa",
              "non_striker": "M Mohasane",
              "runs": {
                "batter": 0,
                "extras": 0,
                "total": 0
              }
            },
            {
              "batter": "M Moalosi",
              "bowler": "J Kowa",
              "non_striker": "M Mohasane",
              "runs": {
                "batter": 0,
                "extras": 0,
                "total": 0
              }
            },
            {
              "batter": "M Mohasane",
              "bowler": "J Kowa",
              "non_striker": "M Moalosi",
              "runs": {
                "batter": 1,
                "extras": 0,
                "total": 1
              }
            },
            {
              "batter": "M Moalosi",
              "bowler": "J Kowa",
              "non_striker": "M Mohasane",
              "runs": {
                "batter": 0,
                "extras": 0,
                "total": 0
              }
            },
            {
              "batter": "M Moalosi",
              "bowler": "J Kowa",
              "non_striker": "M Mohasane",
              "runs": {
                "batter": 0,
                "extras": 0,
                "total": 0
              }
            }
          ]
        },
        {
          "over": 14,
          "deliveries": [
            {
              "batter": "M Mohasane",
              "bowler": "F Bangur",
              "non_striker": "M Moalosi",
              "runs": {
                "batter": 0,
                "extras": 0,
                "total": 0
              }
            },
            {
              "batter": "M Mohasane",
              "bowler": "F Bangur",
              "non_striker": "M Moalosi",
              "runs": {
                "batter": 0,
                "extras": 0,
                "total": 0
              }
            },
            {
              "batter": "M Mohasane",
              "bowler": "F Bangur",
              "non_striker": "M Moalosi",
              "runs": {
                "batter": 2,
                "extras": 0,
                "total": 2
              }
            },
            {
              "batter": "M Mohasane",
              "bowler": "F Bangur",
              "non_striker": "M Moalosi",
              "runs": {
                "batter": 1,
                "extras": 0,
                "total": 1
              }
            },
            {
              "batter": "M Moalosi",
              "bowler": "F Bangur",
              "extras": {
                "wides": 1
              },
              "non_striker": "M Mohasane",
              "runs": {
                "batter": 0,
                "extras": 1,
                "total": 1
              }
            },
            {
              "batter": "M Moalosi",
              "bowler": "F Bangur",
              "extras": {
                "wides": 2
              },
              "non_striker": "M Mohasane",
              "runs": {
                "batter": 0,
                "extras": 2,
                "total": 2
              }
            },
            {
              "batter": "M Mohasane",
              "bowler": "F Bangur",
              "non_striker": "M Moalosi",
              "runs": {
                "batter": 0,
                "extras": 0,
                "total": 0
              }
            },
            {
              "batter": "M Mohasane",
              "bowler": "F Bangur",
              "non_striker": "M Moalosi",
              "runs": {
                "batter": 0,
                "extras": 0,
                "total": 0
              },
              "wickets": [
                {
                  "player_out": "M Mohasane",
                  "kind": "bowled"
                }
              ]
            }
          ]
        },
        {
          "over": 15,
          "deliveries": [
            {
              "batter": "M Moalosi",
              "bowler": "J Kowa",
              "non_striker": "T Ramabitsa",
              "runs": {
                "batter": 0,
                "extras": 0,
                "total": 0
              }
            },
            {
              "batter": "M Moalosi",
              "bowler": "J Kowa",
              "non_striker": "T Ramabitsa",
              "runs": {
                "batter": 0,
                "extras": 0,
                "total": 0
              }
            },
            {
              "batter": "M Moalosi",
              "bowler": "J Kowa",
              "non_striker": "T Ramabitsa",
              "runs": {
                "batter": 0,
                "extras": 0,
                "total": 0
              },
              "wickets": [
                {
                  "player_out": "M Moalosi",
                  "fielders": [
                    {
                      "name": "Z Kamara"
                    }
                  ],
                  "kind": "caught"
                }
              ]
            },
            {
              "batter": "M Tsarsi",
              "bowler": "J Kowa",
              "non_striker": "T Ramabitsa",
              "runs": {
                "batter": 4,
                "extras": 0,
                "total": 4
              }
            },
            {
              "batter": "M Tsarsi",
              "bowler": "J Kowa",
              "non_striker": "T Ramabitsa",
              "runs": {
                "batter": 1,
                "extras": 0,
                "total": 1
              }
            },
            {
              "batter": "T Ramabitsa",
              "bowler": "J Kowa",
              "non_striker": "M Tsarsi",
              "runs": {
                "batter": 0,
                "extras": 0,
                "total": 0
              }
            }
          ]
        },
        {
          "over": 16,
          "deliveries": [
            {
              "batter": "M Tsarsi",
              "bowler": "F Bangur",
              "extras": {
                "wides": 1
              },
              "non_striker": "T Ramabitsa",
              "runs": {
                "batter": 0,
                "extras": 1,
                "total": 1
              }
            },
            {
              "batter": "M Tsarsi",
              "bowler": "F Bangur",
              "non_striker": "T Ramabitsa",
              "runs": {
                "batter": 0,
                "extras": 0,
                "total": 0
              }
            },
            {
              "batter": "M Tsarsi",
              "bowler": "F Bangur",
              "non_striker": "T Ramabitsa",
              "runs": {
                "batter": 1,
                "extras": 0,
                "total": 1
              }
            },
            {
              "batter": "T Ramabitsa",
              "bowler": "F Bangur",
              "non_striker": "M Tsarsi",
              "runs": {
                "batter": 1,
                "extras": 0,
                "total": 1
              }
            },
            {
              "batter": "M Tsarsi",
              "bowler": "F Bangur",
              "non_striker": "T Ramabitsa",
              "runs": {
                "batter": 0,
                "extras": 0,
                "total": 0
              }
            },
            {
              "batter": "M Tsarsi",
              "bowler": "F Bangur",
              "extras": {
                "wides": 1
              },
              "non_striker": "T Ramabitsa",
              "runs": {
                "batter": 0,
                "extras": 1,
                "total": 1
              }
            },
            {
              "batter": "M Tsarsi",
              "bowler": "F Bangur",
              "non_striker": "T Ramabitsa",
              "runs": {
                "batter": 1,
                "extras": 0,
                "total": 1
              }
            },
            {
              "batter": "T Ramabitsa",
              "bowler": "F Bangur",
              "non_striker": "M Tsarsi",
              "runs": {
                "batter": 0,
                "extras": 0,
                "total": 0
              }
            }
          ]
        },
        {
          "over": 17,
          "deliveries": [
            {
              "batter": "M Tsarsi",
              "bowler": "AM Kamara",
              "non_striker": "T Ramabitsa",
              "runs": {
                "batter": 0,
                "extras": 0,
                "total": 0
              }
            },
            {
              "batter": "M Tsarsi",
              "bowler": "AM Kamara",
              "non_striker": "T Ramabitsa",
              "runs": {
                "batter": 2,
                "extras": 0,
                "total": 2
              }
            },
            {
              "batter": "M Tsarsi",
              "bowler": "AM Kamara",
              "non_striker": "T Ramabitsa",
              "runs": {
                "batter": 0,
                "extras": 0,
                "total": 0
              }
            },
            {
              "batter": "M Tsarsi",
              "bowler": "AM Kamara",
              "non_striker": "T Ramabitsa",
              "runs": {
                "batter": 0,
                "extras": 0,
                "total": 0
              }
            },
            {
              "batter": "M Tsarsi",
              "bowler": "AM Kamara",
              "non_striker": "T Ramabitsa",
              "runs": {
                "batter": 0,
                "extras": 0,
                "total": 0
              }
            },
            {
              "batter": "M Tsarsi",
              "bowler": "AM Kamara",
              "non_striker": "T Ramabitsa",
              "runs": {
                "batter": 1,
                "extras": 0,
                "total": 1
              }
            }
          ]
        },
        {
          "over": 18,
          "deliveries": [
            {
              "batter": "M Tsarsi",
              "bowler": "R Kassim",
              "non_striker": "T Ramabitsa",
              "runs": {
                "batter": 0,
                "extras": 0,
                "total": 0
              }
            },
            {
              "batter": "M Tsarsi",
              "bowler": "R Kassim",
              "non_striker": "T Ramabitsa",
              "runs": {
                "batter": 0,
                "extras": 0,
                "total": 0
              }
            },
            {
              "batter": "M Tsarsi",
              "bowler": "R Kassim",
              "non_striker": "T Ramabitsa",
              "runs": {
                "batter": 1,
                "extras": 0,
                "total": 1
              }
            },
            {
              "batter": "T Ramabitsa",
              "bowler": "R Kassim",
              "non_striker": "M Tsarsi",
              "runs": {
                "batter": 1,
                "extras": 0,
                "total": 1
              }
            },
            {
              "batter": "M Tsarsi",
              "bowler": "R Kassim",
              "non_striker": "T Ramabitsa",
              "runs": {
                "batter": 0,
                "extras": 0,
                "total": 0
              }
            },
            {
              "batter": "M Tsarsi",
              "bowler": "R Kassim",
              "extras": {
                "byes": 1
              },
              "non_striker": "T Ramabitsa",
              "runs": {
                "batter": 0,
                "extras": 1,
                "total": 1
              }
            }
          ]
        },
        {
          "over": 19,
          "deliveries": [
            {
              "batter": "M Tsarsi",
              "bowler": "AM Kamara",
              "non_striker": "T Ramabitsa",
              "runs": {
                "batter": 1,
                "extras": 0,
                "total": 1
              }
            },
            {
              "batter": "T Ramabitsa",
              "bowler": "AM Kamara",
              "non_striker": "M Tsarsi",
              "runs": {
                "batter": 1,
                "extras": 0,
                "total": 1
              }
            },
            {
              "batter": "M Tsarsi",
              "bowler": "AM Kamara",
              "non_striker": "T Ramabitsa",
              "runs": {
                "batter": 0,
                "extras": 0,
                "total": 0
              }
            },
            {
              "batter": "M Tsarsi",
              "bowler": "AM Kamara",
              "non_striker": "T Ramabitsa",
              "runs": {
                "batter": 0,
                "extras": 0,
                "total": 0
              }
            },
            {
              "batter": "M Tsarsi",
              "bowler": "AM Kamara",
              "non_striker": "T Ramabitsa",
              "runs": {
                "batter": 0,
                "extras": 0,
                "total": 0
              }
            },
            {
              "batter": "M Tsarsi",
              "bowler": "AM Kamara",
              "non_striker": "T Ramabitsa",
              "runs": {
                "batter": 0,
                "extras": 0,
                "total": 0
              }
            }
          ]
        }
      ],
      "powerplays": [
        {
          "from": 0.1,
          "to": 5.7,
          "type": "mandatory"
        }
      ],
      "target": {
        "overs": 20,
        "runs": 158
      }
    }
  ]
}