{
  "meta": {
    "data_version": "1.1.0",
    "created": "2022-01-07",
    "revision": 2
  },
  "info": {
    "balls_per_over": 6,
    "city": "Gaborone",
    "dates": [
      "2018-08-23"
    ],
    "event": {
      "name": "Botswana Cricket Association Women's T20I Series",
      "match_number": 11
    },
    "gender": "female",
    "match_type": "T20",
    "match_type_number": 479,
    "missing": [
      "umpires",
      "player_of_match"
    ],
    "outcome": {
      "winner": "Namibia",
      "by": {
        "runs": 179
      }
    },
    "overs": 20,
    "players": {
      "Namibia": [
        "Yasmeen Khan",
        "A van der Merwe",
        "W Mwatile",
        "KA Green",
        "E Simeon",
        "Reehana Khan",
        "D Foerster",
        "EU Kejarukua",
        "E Van Zyl",
        "SN Shihepo",
        "C Kauripeke"
      ],
      "Lesotho": [
        "T Kobeli",
        "M Matobole",
        "L Khotso",
        "T Ramabitsa",
        "B Lekau",
        "M Tsarsi",
        "T Khabo",
        "P Pheko",
        "M Mohasane",
        "B Phelenyane",
        "M Moalosi"
      ]
    },
    "registry": {
      "people": {
        "A van der Merwe": "02610bad",
        "B Lekau": "2fdcecae",
        "B Phelenyane": "c982ad6f",
        "C Kauripeke": "277d2704",
        "D Foerster": "5596d5bf",
        "E Simeon": "6d97d2e2",
        "E Van Zyl": "79ff52b5",
        "EU Kejarukua": "e7068bfd",
        "KA Green": "fa9fdefa",
        "L Khotso": "99772efd",
        "M Matobole": "6f37931c",
        "M Moalosi": "34628c4a",
        "M Mohasane": "210aa845",
        "M Tsarsi": "0f42a805",
        "P Pheko": "24e0b90f",
        "Reehana Khan": "4cf05de9",
        "SN Shihepo": "1b3f7dbb",
        "T Khabo": "7be9cb29",
        "T Kobeli": "10f52b3a",
        "T Ramabitsa": "3a341948",
        "W Mwatile": "5728635a",
        "Yasmeen Khan": "ade5c0c0"
      }
    },
    "season": "2018",
    "team_type": "international",
    "teams": [
      "Namibia",
      "Lesotho"
    ],
    "toss": {
      "decision": "field",
      "winner": "Lesotho"
    },
    "venue": "Botswana Cricket Association Oval 1, Gaborone"
  },
  "innings": [
    {
      "team": "Namibia",
      "overs": [
        {
          "over": 0,
          "deliveries": [
            {
              "batter": "Yasmeen Khan",
              "bowler": "T Khabo",
              "non_striker": "A van der Merwe",
              "runs": {
                "batter": 4,
                "extras": 0,
                "total": 4
              }
            },
            {
              "batter": "Yasmeen Khan",
              "bowler": "T Khabo",
              "non_striker": "A van der Merwe",
              "runs": {
                "batter": 1,
                "extras": 0,
                "total": 1
              }
            },
            {
              "batter": "A van der Merwe",
              "bowler": "T Khabo",
              "extras": {
                "wides": 1
              },
              "non_striker": "Yasmeen Khan",
              "runs": {
                "batter": 0,
                "extras": 1,
                "total": 1
              }
            },
            {
              "batter": "A van der Merwe",
              "bowler": "T Khabo",
              "non_striker": "Yasmeen Khan",
              "runs": {
                "batter": 0,
                "extras": 0,
                "total": 0
              }
            },
            {
              "batter": "A van der Merwe",
              "bowler": "T Khabo",
              "extras": {
                "wides": 2
              },
              "non_striker": "Yasmeen Khan",
              "runs": {
                "batter": 0,
                "extras": 2,
                "total": 2
              }
            },
            {
              "batter": "Yasmeen Khan",
              "bowler": "T Khabo",
              "non_striker": "A van der Merwe",
              "runs": {
                "batter": 0,
                "extras": 0,
                "total": 0
              }
            },
            {
              "batter": "Yasmeen Khan",
              "bowler": "T Khabo",
              "non_striker": "A van der Merwe",
              "runs": {
                "batter": 0,
                "extras": 0,
                "total": 0
              }
            },
            {
              "batter": "Yasmeen Khan",
              "bowler": "T Khabo",
              "extras": {
                "wides": 1
              },
              "non_striker": "A van der Merwe",
              "runs": {
                "batter": 0,
                "extras": 1,
                "total": 1
              }
            },
            {
              "batter": "Yasmeen Khan",
              "bowler": "T Khabo",
              "non_striker": "A van der Merwe",
              "runs": {
                "batter": 4,
                "extras": 0,
                "total": 4
              }
            }
          ]
        },
        {
          "over": 1,
          "deliveries": [
            {
              "batter": "A van der Merwe",
              "bowler": "B Lekau",
              "non_striker": "Yasmeen Khan",
              "runs": {
                "batter": 4,
                "extras": 0,
                "total": 4
              }
            },
            {
              "batter": "A van der Merwe",
              "bowler": "B Lekau",
              "extras": {
                "noballs": 1
              },
              "non_striker": "Yasmeen Khan",
              "runs": {
                "batter": 0,
                "extras": 1,
                "total": 1
              }
            },
            {
              "batter": "A van der Merwe",
              "bowler": "B Lekau",
              "extras": {
                "wides": 1
              },
              "non_striker": "Yasmeen Khan",
              "runs": {
                "batter": 0,
                "extras": 1,
                "total": 1
              }
            },
            {
              "batter": "A van der Merwe",
              "bowler": "B Lekau",
              "extras": {
                "wides": 1
              },
              "non_striker": "Yasmeen Khan",
              "runs": {
                "batter": 0,
                "extras": 1,
                "total": 1
              }
            },
            {
              "batter": "A van der Merwe",
              "bowler": "B Lekau",
              "extras": {
                "wides": 1
              },
              "non_striker": "Yasmeen Khan",
              "runs": {
                "batter": 0,
                "extras": 1,
                "total": 1
              }
            },
            {
              "batter": "A van der Merwe",
              "bowler": "B Lekau",
              "non_striker": "Yasmeen Khan",
              "runs": {
                "batter": 4,
                "extras": 0,
                "total": 4
              }
            },
            {
              "batter": "A van der Merwe",
              "bowler": "B Lekau",
              "non_striker": "Yasmeen Khan",
              "runs": {
                "batter": 2,
                "extras": 0,
                "total": 2
              }
            },
            {
              "batter": "A van der Merwe",
              "bowler": "B Lekau",
              "non_striker": "Yasmeen Khan",
              "runs": {
                "batter": 2,
                "extras": 0,
                "total": 2
              }
            },
            {
              "batter": "A van der Merwe",
              "bowler": "B Lekau",
              "non_striker": "Yasmeen Khan",
              "runs": {
                "batter": 0,
                "extras": 0,
                "total": 0
              }
            },
            {
              "batter": "A van der Merwe",
              "bowler": "B Lekau",
              "non_striker": "Yasmeen Khan",
              "runs": {
                "batter": 0,
                "extras": 0,
                "total": 0
              }
            }
          ]
        },
        {
          "over": 2,
          "deliveries": [
            {
              "batter": "Yasmeen Khan",
              "bowler": "T Khabo",
              "non_striker": "A van der Merwe",
              "runs": {
                "batter": 0,
                "extras": 0,
                "total": 0
              }
            },
            {
              "batter": "Yasmeen Khan",
              "bowler": "T Khabo",
              "non_striker": "A van der Merwe",
              "runs": {
                "batter": 4,
                "extras": 0,
                "total": 4
              }
            },
            {
              "batter": "Yasmeen Khan",
              "bowler": "T Khabo",
              "non_striker": "A van der Merwe",
              "runs": {
                "batter": 0,
                "extras": 0,
                "total": 0
              }
            },
            {
              "batter": "Yasmeen Khan",
              "bowler": "T Khabo",
              "non_striker": "A van der Merwe",
              "runs": {
                "batter": 0,
                "extras": 0,
                "total": 0
              }
            },
            {
              "batter": "Yasmeen Khan",
              "bowler": "T Khabo",
              "non_striker": "A van der Merwe",
              "runs": {
                "batter": 4,
                "extras": 0,
                "total": 4
              }
            },
            {
              "batter": "Yasmeen Khan",
              "bowler": "T Khabo",
              "non_striker": "A van der Merwe",
              "runs": {
                "batter": 4,
                "extras": 0,
                "total": 4
              }
            }
          ]
        },
        {
          "over": 3,
          "deliveries": [
            {
              "batter": "A van der Merwe",
              "bowler": "B Lekau",
              "extras": {
                "wides": 1
              },
              "non_striker": "Yasmeen Khan",
              "runs": {
                "batter": 0,
                "extras": 1,
                "total": 1
              }
            },
            {
              "batter": "A van der Merwe",
              "bowler": "B Lekau",
              "non_striker": "Yasmeen Khan",
              "runs": {
                "batter": 0,
                "extras": 0,
                "total": 0
              }
            },
            {
              "batter": "A van der Merwe",
              "bowler": "B Lekau",
              "non_striker": "Yasmeen Khan",
              "runs": {
                "batter": 0,
                "extras": 0,
                "total": 0
              }
            },
            {
              "batter": "A van der Merwe",
              "bowler": "B Lekau",
              "non_striker": "Yasmeen Khan",
              "runs": {
                "batter": 0,
                "extras": 0,
                "total": 0
              }
            },
            {
              "batter": "A van der Merwe",
              "bowler": "B Lekau",
              "non_striker": "Yasmeen Khan",
              "runs": {
                "batter": 1,
                "extras": 0,
                "total": 1
              }
            },
            {
              "batter": "Yasmeen Khan",
              "bowler": "B Lekau",
              "non_striker": "A van der Merwe",
              "runs": {
                "batter": 0,
                "extras": 0,
                "total": 0
              }
            },
            {
              "batter": "Yasmeen Khan",
              "bowler": "B Lekau",
              "non_striker": "A van der Merwe",
              "runs": {
                "batter": 0,
                "extras": 0,
                "total": 0
              }
            }
          ]
        },
        {
          "over": 4,
          "deliveries": [
            {
              "batter": "A van der Merwe",
              "bowler": "T Khabo",
              "extras": {
                "wides": 1
              },
              "non_striker": "Yasmeen Khan",
              "runs": {
                "batter": 0,
                "extras": 1,
                "total": 1
              }
            },
            {
              "batter": "A van der Merwe",
              "bowler": "T Khabo",
              "non_striker": "Yasmeen Khan",
              "runs": {
                "batter": 0,
                "extras": 0,
                "total": 0
              }
            },
            {
              "batter": "A van der Merwe",
              "bowler": "T Khabo",
              "non_striker": "Yasmeen Khan",
              "runs": {
                "batter": 1,
                "extras": 0,
                "total": 1
              }
            },
            {
              "batter": "Yasmeen Khan",
              "bowler": "T Khabo",
              "non_striker": "A van der Merwe",
              "runs": {
                "batter": 3,
                "extras": 0,
                "total": 3
              }
            },
            {
              "batter": "A van der Merwe",
              "bowler": "T Khabo",
              "non_striker": "Yasmeen Khan",
              "runs": {
                "batter": 2,
                "extras": 0,
                "total": 2
              }
            },
            {
              "batter": "A van der Merwe",
              "bowler": "T Khabo",
              "extras": {
                "wides": 1
              },
              "non_striker": "Yasmeen Khan",
              "runs": {
                "batter": 0,
                "extras": 1,
                "total": 1
              }
            },
            {
              "batter": "A van der Merwe",
              "bowler": "T Khabo",
              "non_striker": "Yasmeen Khan",
              "runs": {
                "batter": 0,
                "extras": 0,
                "total": 0
              }
            },
            {
              "batter": "A van der Merwe",
              "bowler": "T Khabo",
              "non_striker": "Yasmeen Khan",
              "runs": {
                "batter": 2,
                "extras": 0,
                "total": 2
              }
            }
          ]
        },
        {
          "over": 5,
          "deliveries": [
            {
              "batter": "Yasmeen Khan",
              "bowler": "B Lekau",
              "non_striker": "A van der Merwe",
              "runs": {
                "batter": 4,
                "extras": 0,
                "total": 4
              }
            },
            {
              "batter": "Yasmeen Khan",
              "bowler": "B Lekau",
              "non_striker": "A van der Merwe",
              "runs": {
                "batter": 0,
                "extras": 0,
                "total": 0
              }
            },
            {
              "batter": "Yasmeen Khan",
              "bowler": "B Lekau",
              "non_striker": "A van der Merwe",
              "runs": {
                "batter": 4,
                "extras": 0,
                "total": 4
              }
            },
            {
              "batter": "Yasmeen Khan",
              "bowler": "B Lekau",
              "non_striker": "A van der Merwe",
              "runs": {
                "batter": 1,
                "extras": 0,
                "total": 1
              }
            },
            {
              "batter": "A van der Merwe",
              "bowler": "B Lekau",
              "non_striker": "Yasmeen Khan",
              "runs": {
                "batter": 0,
                "extras": 0,
                "total": 0
              }
            },
            {
              "batter": "A van der Merwe",
              "bowler": "B Lekau",
              "non_striker": "Yasmeen Khan",
              "runs": {
                "batter": 1,
                "extras": 0,
                "total": 1
              }
            }
          ]
        },
        {
          "over": 6,
          "deliveries": [
            {
              "batter": "A van der Merwe",
              "bowler": "B Phelenyane",
              "non_striker": "Yasmeen Khan",
              "runs": {
                "batter": 0,
                "extras": 0,
                "total": 0
              }
            },
            {
              "batter": "A van der Merwe",
              "bowler": "B Phelenyane",
              "extras": {
                "wides": 1
              },
              "non_striker": "Yasmeen Khan",
              "runs": {
                "batter": 0,
                "extras": 1,
                "total": 1
              }
            },
            {
              "batter": "A van der Merwe",
              "bowler": "B Phelenyane",
              "extras": {
                "wides": 1
              },
              "non_striker": "Yasmeen Khan",
              "runs": {
                "batter": 0,
                "extras": 1,
                "total": 1
              }
            },
            {
              "batter": "A van der Merwe",
              "bowler": "B Phelenyane",
              "non_striker": "Yasmeen Khan",
              "runs": {
                "batter": 4,
                "extras": 0,
                "total": 4
              }
            },
            {
              "batter": "A van der Merwe",
              "bowler": "B Phelenyane",
              "non_striker": "Yasmeen Khan",
              "runs": {
                "batter": 0,
                "extras": 0,
                "total": 0
              }
            },
            {
              "batter": "A van der Merwe",
              "bowler": "B Phelenyane",
              "non_striker": "Yasmeen Khan",
              "runs": {
                "batter": 1,
                "extras": 0,
                "total": 1
              }
            },
            {
              "batter": "Yasmeen Khan",
              "bowler": "B Phelenyane",
              "extras": {
                "wides": 1
              },
              "non_striker": "A van der Merwe",
              "runs": {
                "batter": 0,
                "extras": 1,
                "total": 1
              }
            },
            {
              "batter": "Yasmeen Khan",
              "bowler": "B Phelenyane",
              "non_striker": "A van der Merwe",
              "runs": {
                "batter": 0,
                "extras": 0,
                "total": 0
              }
            },
            {
              "batter": "Yasmeen Khan",
              "bowler": "B Phelenyane",
              "non_striker": "A van der Merwe",
              "runs": {
                "batter": 1,
                "extras": 0,
                "total": 1
              }
            }
          ]
        },
        {
          "over": 7,
          "deliveries": [
            {
              "batter": "Yasmeen Khan",
              "bowler": "T Ramabitsa",
              "extras": {
                "wides": 1
              },
              "non_striker": "A van der Merwe",
              "runs": {
                "batter": 0,
                "extras": 1,
                "total": 1
              }
            },
            {
              "batter": "Yasmeen Khan",
              "bowler": "T Ramabitsa",
              "non_striker": "A van der Merwe",
              "runs": {
                "batter": 2,
                "extras": 0,
                "total": 2
              }
            },
            {
              "batter": "Yasmeen Khan",
              "bowler": "T Ramabitsa",
              "non_striker": "A van der Merwe",
              "runs": {
                "batter": 4,
                "extras": 0,
                "total": 4
              }
            },
            {
              "batter": "Yasmeen Khan",
              "bowler": "T Ramabitsa",
              "non_striker": "A van der Merwe",
              "runs": {
                "batter": 0,
                "extras": 0,
                "total": 0
              }
            },
            {
              "batter": "Yasmeen Khan",
              "bowler": "T Ramabitsa",
              "extras": {
                "wides": 1
              },
              "non_striker": "A van der Merwe",
              "runs": {
                "batter": 0,
                "extras": 1,
                "total": 1
              }
            },
            {
              "batter": "Yasmeen Khan",
              "bowler": "T Ramabitsa",
              "extras": {
                "wides": 1
              },
              "non_striker": "A van der Merwe",
              "runs": {
                "batter": 0,
                "extras": 1,
                "total": 1
              }
            },
            {
              "batter": "Yasmeen Khan",
              "bowler": "T Ramabitsa",
              "non_striker": "A van der Merwe",
              "runs": {
                "batter": 2,
                "extras": 0,
                "total": 2
              }
            },
            {
              "batter": "Yasmeen Khan",
              "bowler": "T Ramabitsa",
              "extras": {
                "wides": 1
              },
              "non_striker": "A van der Merwe",
              "runs": {
                "batter": 0,
                "extras": 1,
                "total": 1
              }
            },
            {
              "batter": "Yasmeen Khan",
              "bowler": "T Ramabitsa",
              "non_striker": "A van der Merwe",
              "runs": {
                "batter": 1,
                "extras": 0,
                "total": 1
              }
            },
            {
              "batter": "A van der Merwe",
              "bowler": "T Ramabitsa",
              "non_striker": "Yasmeen Khan",
              "runs": {
                "batter": 4,
                "extras": 0,
                "total": 4
              }
            }
          ]
        },
        {
          "over": 8,
          "deliveries": [
            {
              "batter": "Yasmeen Khan",
              "bowler": "B Phelenyane",
              "non_striker": "A van der Merwe",
              "runs": {
                "batter": 4,
                "extras": 0,
                "total": 4
              }
            },
            {
              "batter": "Yasmeen Khan",
              "bowler": "B Phelenyane",
              "non_striker": "A van der Merwe",
              "runs": {
                "batter": 1,
                "extras": 0,
                "total": 1
              }
            },
            {
              "batter": "A van der Merwe",
              "bowler": "B Phelenyane",
              "non_striker": "Yasmeen Khan",
              "runs": {
                "batter": 1,
                "extras": 0,
                "total": 1
              }
            },
            {
              "batter": "Yasmeen Khan",
              "bowler": "B Phelenyane",
              "non_striker": "A van der Merwe",
              "runs": {
                "batter": 2,
                "extras": 0,
                "total": 2
              }
            },
            {
              "batter": "Yasmeen Khan",
              "bowler": "B Phelenyane",
              "non_striker": "A van der Merwe",
              "runs": {
                "batter": 4,
                "extras": 0,
                "total": 4
              }
            },
            {
              "batter": "Yasmeen Khan",
              "bowler": "B Phelenyane",
              "non_striker": "A van der Merwe",
              "runs": {
                "batter": 4,
                "extras": 0,
                "total": 4
              }
            }
          ]
        },
        {
          "over": 9,
          "deliveries": [
            {
              "batter": "A van der Merwe",
              "bowler": "T Ramabitsa",
              "non_striker": "Yasmeen Khan",
              "runs": {
                "batter": 0,
                "extras": 0,
                "total": 0
              }
            },
            {
              "batter": "A van der Merwe",
              "bowler": "T Ramabitsa",
              "non_striker": "Yasmeen Khan",
              "runs": {
                "batter": 0,
                "extras": 0,
                "total": 0
              }
            },
            {
              "batter": "A van der Merwe",
              "bowler": "T Ramabitsa",
              "extras": {
                "wides": 1
              },
              "non_striker": "Yasmeen Khan",
              "runs": {
                "batter": 0,
                "extras": 1,
                "total": 1
              }
            },
            {
              "batter": "A van der Merwe",
              "bowler": "T Ramabitsa",
              "extras": {
                "wides": 1
              },
              "non_striker": "Yasmeen Khan",
              "runs": {
                "batter": 0,
                "extras": 1,
                "total": 1
              }
            },
            {
              "batter": "A van der Merwe",
              "bowler": "T Ramabitsa",
              "extras": {
                "wides": 1
              },
              "non_striker": "Yasmeen Khan",
              "runs": {
                "batter": 0,
                "extras": 1,
                "total": 1
              }
            },
            {
              "batter": "A van der Merwe",
              "bowler": "T Ramabitsa",
              "non_striker": "Yasmeen Khan",
              "runs": {
                "batter": 2,
                "extras": 0,
                "total": 2
              }
            },
            {
              "batter": "A van der Merwe",
              "bowler": "T Ramabitsa",
              "non_striker": "Yasmeen Khan",
              "runs": {
                "batter": 4,
                "extras": 0,
                "total": 4
              }
            },
            {
              "batter": "A van der Merwe",
              "bowler": "T Ramabitsa",
              "non_striker": "Yasmeen Khan",
              "runs": {
                "batter": 1,
                "extras": 0,
                "total": 1
              }
            },
            {
              "batter": "Yasmeen Khan",
              "bowler": "T Ramabitsa",
              "non_striker": "A van der Merwe",
              "runs": {
                "batter": 1,
                "extras": 0,
                "total": 1
              }
            }
          ]
        },
        {
          "over": 10,
          "deliveries": [
            {
              "batter": "Yasmeen Khan",
              "bowler": "B Phelenyane",
              "extras": {
                "wides": 1
              },
              "non_striker": "A van der Merwe",
              "runs": {
                "batter": 0,
                "extras": 1,
                "total": 1
              }
            },
            {
              "batter": "Yasmeen Khan",
              "bowler": "B Phelenyane",
              "non_striker": "A van der Merwe",
              "runs": {
                "batter": 2,
                "extras": 0,
                "total": 2
              }
            },
            {
              "batter": "Yasmeen Khan",
              "bowler": "B Phelenyane",
              "non_striker": "A van der Merwe",
              "runs": {
                "batter": 0,
                "extras": 0,
                "total": 0
              },
              "wickets": [
                {
                  "player_out": "Yasmeen Khan",
                  "kind": "bowled"
                }
              ]
            },
            {
              "batter": "W Mwatile",
              "bowler": "B Phelenyane",
              "non_striker": "A van der Merwe",
              "runs": {
                "batter": 4,
                "extras": 0,
                "total": 4
              }
            },
            {
              "batter": "W Mwatile",
              "bowler": "B Phelenyane",
              "non_striker": "A van der Merwe",
              "runs": {
                "batter": 0,
                "extras": 0,
                "total": 0
              }
            },
            {
              "batter": "W Mwatile",
              "bowler": "B Phelenyane",
              "non_striker": "A van der Merwe",
              "runs": {
                "batter": 1,
                "extras": 0,
                "total": 1
              }
            },
            {
              "batter": "A van der Merwe",
              "bowler": "B Phelenyane",
              "non_striker": "W Mwatile",
              "runs": {
                "batter": 4,
                "extras": 0,
                "total": 4
              }
            }
          ]
        },
        {
          "over": 11,
          "deliveries": [
            {
              "batter": "W Mwatile",
              "bowler": "T Ramabitsa",
              "non_striker": "A van der Merwe",
              "runs": {
                "batter": 0,
                "extras": 0,
                "total": 0
              }
            },
            {
              "batter": "W Mwatile",
              "bowler": "T Ramabitsa",
              "extras": {
                "wides": 1
              },
              "non_striker": "A van der Merwe",
              "runs": {
                "batter": 0,
                "extras": 1,
                "total": 1
              }
            },
            {
              "batter": "W Mwatile",
              "bowler": "T Ramabitsa",
              "non_striker": "A van der Merwe",
              "runs": {
                "batter": 1,
                "extras": 0,
                "total": 1
              }
            },
            {
              "batter": "A van der Merwe",
              "bowler": "T Ramabitsa",
              "non_striker": "W Mwatile",
              "runs": {
                "batter": 0,
                "extras": 0,
                "total": 0
              }
            },
            {
              "batter": "A van der Merwe",
              "bowler": "T Ramabitsa",
              "non_striker": "W Mwatile",
              "runs": {
                "batter": 1,
                "extras": 0,
                "total": 1
              }
            },
            {
              "batter": "W Mwatile",
              "bowler": "T Ramabitsa",
              "non_striker": "A van der Merwe",
              "runs": {
                "batter": 0,
                "extras": 0,
                "total": 0
              }
            },
            {
              "batter": "W Mwatile",
              "bowler": "T Ramabitsa",
              "non_striker": "A van der Merwe",
              "runs": {
                "batter": 0,
                "extras": 0,
                "total": 0
              }
            }
          ]
        },
        {
          "over": 12,
          "deliveries": [
            {
              "batter": "A van der Merwe",
              "bowler": "T Khabo",
              "non_striker": "W Mwatile",
              "runs": {
                "batter": 1,
                "extras": 0,
                "total": 1
              }
            },
            {
              "batter": "W Mwatile",
              "bowler": "T Khabo",
              "non_striker": "A van der Merwe",
              "runs": {
                "batter": 1,
                "extras": 0,
                "total": 1
              }
            },
            {
              "batter": "A van der Merwe",
              "bowler": "T Khabo",
              "non_striker": "W Mwatile",
              "runs": {
                "batter": 1,
                "extras": 0,
                "total": 1
              }
            },
            {
              "batter": "W Mwatile",
              "bowler": "T Khabo",
              "non_striker": "A van der Merwe",
              "runs": {
                "batter": 4,
                "extras": 0,
                "total": 4
              }
            },
            {
              "batter": "W Mwatile",
              "bowler": "T Khabo",
              "extras": {
                "wides": 1
              },
              "non_striker": "A van der Merwe",
              "runs": {
                "batter": 0,
                "extras": 1,
                "total": 1
              }
            },
            {
              "batter": "W Mwatile",
              "bowler": "T Khabo",
              "non_striker": "A van der Merwe",
              "runs": {
                "batter": 1,
                "extras": 0,
                "total": 1
              }
            },
            {
              "batter": "A van der Merwe",
              "bowler": "T Khabo",
              "non_striker": "W Mwatile",
              "runs": {
                "batter": 0,
                "extras": 0,
                "total": 0
              }
            }
          ]
        },
        {
          "over": 13,
          "deliveries": [
            {
              "batter": "W Mwatile",
              "bowler": "B Lekau",
              "non_striker": "A van der Merwe",
              "runs": {
                "batter": 1,
                "extras": 0,
                "total": 1
              }
            },
            {
              "batter": "A van der Merwe",
              "bowler": "B Lekau",
              "non_striker": "W Mwatile",
              "runs": {
                "batter": 2,
                "extras": 0,
                "total": 2
              }
            },
            {
              "batter": "A van der Merwe",
              "bowler": "B Lekau",
              "non_striker": "W Mwatile",
              "runs": {
                "batter": 2,
                "extras": 0,
                "total": 2
              }
            },
            {
              "batter": "A van der Merwe",
              "bowler": "B Lekau",
              "non_striker": "W Mwatile",
              "runs": {
                "batter": 4,
                "extras": 0,
                "total": 4
              }
            },
            {
              "batter": "A van der Merwe",
              "bowler": "B Lekau",
              "extras": {
                "wides": 1
              },
              "non_striker": "W Mwatile",
              "runs": {
                "batter": 0,
                "extras": 1,
                "total": 1
              }
            },
            {
              "batter": "A van der Merwe",
              "bowler": "B Lekau",
              "non_striker": "W Mwatile",
              "runs": {
                "batter": 0,
                "extras": 0,
                "total": 0
              }
            },
            {
              "batter": "A van der Merwe",
              "bowler": "B Lekau",
              "extras": {
                "wides": 1
              },
              "non_striker": "W Mwatile",
              "runs": {
                "batter": 0,
                "extras": 1,
                "total": 1
              }
            },
            {
              "batter": "A van der Merwe",
              "bowler": "B Lekau",
              "non_striker": "W Mwatile",
              "runs": {
                "batter": 1,
                "extras": 0,
                "total": 1
              }
            }
          ]
        },
        {
          "over": 14,
          "deliveries": [
            {
              "batter": "A van der Merwe",
              "bowler": "B Phelenyane",
              "non_striker": "W Mwatile",
              "runs": {
                "batter": 0,
                "extras": 0,
                "total": 0
              }
            },
            {
              "batter": "A van der Merwe",
              "bowler": "B Phelenyane",
              "non_striker": "W Mwatile",
              "runs": {
                "batter": 1,
                "extras": 0,
                "total": 1
              }
            },
            {
              "batter": "W Mwatile",
              "bowler": "B Phelenyane",
              "non_striker": "A van der Merwe",
              "runs": {
                "batter": 2,
                "extras": 0,
                "total": 2
              }
            },
            {
              "batter": "W Mwatile",
              "bowler": "B Phelenyane",
              "non_striker": "A van der Merwe",
              "runs": {
                "batter": 0,
                "extras": 0,
                "total": 0
              }
            },
            {
              "batter": "W Mwatile",
              "bowler": "B Phelenyane",
              "non_striker": "A van der Merwe",
              "runs": {
                "batter": 0,
                "extras": 0,
                "total": 0
              },
              "wickets": [
                {
                  "player_out": "W Mwatile",
                  "fielders": [
                    {
                      "name": "T Khabo"
                    }
                  ],
                  "kind": "caught"
                }
              ]
            },
            {
              "batter": "KA Green",
              "bowler": "B Phelenyane",
              "non_striker": "A van der Merwe",
              "runs": {
                "batter": 2,
                "extras": 0,
                "total": 2
              }
            }
          ]
        },
        {
          "over": 15,
          "deliveries": [
            {
              "batter": "A van der Merwe",
              "bowler": "L Khotso",
              "non_striker": "KA Green",
              "runs": {
                "batter": 1,
                "extras": 0,
                "total": 1
              }
            },
            {
              "batter": "KA Green",
              "bowler": "L Khotso",
              "non_striker": "A van der Merwe",
              "runs": {
                "batter": 2,
                "extras": 0,
                "total": 2
              }
            },
            {
              "batter": "KA Green",
              "bowler": "L Khotso",
              "non_striker": "A van der Merwe",
              "runs": {
                "batter": 0,
                "extras": 0,
                "total": 0
              }
            },
            {
              "batter": "KA Green",
              "bowler": "L Khotso",
              "extras": {
                "wides": 1
              },
              "non_striker": "A van der Merwe",
              "runs": {
                "batter": 0,
                "extras": 1,
                "total": 1
              }
            },
            {
              "batter": "KA Green",
              "bowler": "L Khotso",
              "non_striker": "A van der Merwe",
              "runs": {
                "batter": 4,
                "extras": 0,
                "total": 4
              }
            },
            {
              "batter": "KA Green",
              "bowler": "L Khotso",
              "non_striker": "A van der Merwe",
              "runs": {
                "batter": 1,
                "extras": 0,
                "total": 1
              }
            },
            {
              "batter": "A van der Merwe",
              "bowler": "L Khotso",
              "non_striker": "KA Green",
              "runs": {
                "batter": 1,
                "extras": 0,
                "total": 1
              }
            }
          ]
        },
        {
          "over": 16,
          "deliveries": [
            {
              "batter": "A van der Merwe",
              "bowler": "T Ramabitsa",
              "non_striker": "KA Green",
              "runs": {
                "batter": 1,
                "extras": 0,
                "total": 1
              }
            },
            {
              "batter": "KA Green",
              "bowler": "T Ramabitsa",
              "non_striker": "A van der Merwe",
              "runs": {
                "batter": 0,
                "extras": 0,
                "total": 0
              },
              "wickets": [
                {
                  "player_out": "KA Green",
                  "fielders": [
                    {
                      "name": "B Lekau"
                    }
                  ],
                  "kind": "caught"
                }
              ]
            },
            {
              "batter": "E Simeon",
              "bowler": "T Ramabitsa",
              "non_striker": "A van der Merwe",
              "runs": {
                "batter": 0,
                "extras": 0,
                "total": 0
              }
            },
            {
              "batter": "E Simeon",
              "bowler": "T Ramabitsa",
              "extras": {
                "wides": 1
              },
              "non_striker": "A van der Merwe",
              "runs": {
                "batter": 0,
                "extras": 1,
                "total": 1
              }
            },
            {
              "batter": "E Simeon",
              "bowler": "T Ramabitsa",
              "extras": {
                "wides": 1
              },
              "non_striker": "A van der Merwe",
              "runs": {
                "batter": 0,
                "extras": 1,
                "total": 1
              }
            },
            {
              "batter": "E Simeon",
              "bowler": "T Ramabitsa",
              "non_striker": "A van der Merwe",
              "runs": {
                "batter": 0,
                "extras": 0,
                "total": 0
              },
              "wickets": [
                {
                  "player_out": "E Simeon",
                  "fielders": [
                    {
                      "name": "B Phelenyane"
                    }
                  ],
                  "kind": "caught"
                }
              ]
            },
            {
              "batter": "Reehana Khan",
              "bowler": "T Ramabitsa",
              "non_striker": "A van der Merwe",
              "runs": {
                "batter": 1,
                "extras": 0,
                "total": 1
              }
            },
            {
              "batter": "A van der Merwe",
              "bowler": "T Ramabitsa",
              "extras": {
                "wides": 1
              },
              "non_striker": "Reehana Khan",
              "runs": {
                "batter": 0,
                "extras": 1,
                "total": 1
              }
            },
            {
              "batter": "A van der Merwe",
              "bowler": "T Ramabitsa",
              "non_striker": "Reehana Khan",
              "runs": {
                "batter": 0,
                "extras": 0,
                "total": 0
              }
            }
          ]
        },
        {
          "over": 17,
          "deliveries": [
            {
              "batter": "Reehana Khan",
              "bowler": "L Khotso",
              "non_striker": "A van der Merwe",
              "runs": {
                "batter": 0,
                "extras": 0,
                "total": 0
              }
            },
            {
              "batter": "Reehana Khan",
              "bowler": "L Khotso",
              "extras": {
                "wides": 1
              },
              "non_striker": "A van der Merwe",
              "runs": {
                "batter": 0,
                "extras": 1,
                "total": 1
              }
            },
            {
              "batter": "Reehana Khan",
              "bowler": "L Khotso",
              "non_striker": "A van der Merwe",
              "runs": {
                "batter": 1,
                "extras": 0,
                "total": 1
              }
            },
            {
              "batter": "A van der Merwe",
              "bowler": "L Khotso",
              "non_striker": "Reehana Khan",
              "runs": {
                "batter": 1,
                "extras": 0,
                "total": 1
              }
            },
            {
              "batter": "Reehana Khan",
              "bowler": "L Khotso",
              "non_striker": "A van der Merwe",
              "runs": {
                "batter": 0,
                "extras": 0,
                "total": 0
              },
              "wickets": [
                {
                  "player_out": "A van der Merwe",
                  "fielders": [
                    {
                      "name": "M Moalosi"
                    }
                  ],
                  "kind": "run out"
                }
              ]
            },
            {
              "batter": "Reehana Khan",
              "bowler": "L Khotso",
              "extras": {
                "wides": 1
              },
              "non_striker": "D Foerster",
              "runs": {
                "batter": 0,
                "extras": 1,
                "total": 1
              }
            },
            {
              "batter": "Reehana Khan",
              "bowler": "L Khotso",
              "extras": {
                "wides": 1
              },
              "non_striker": "D Foerster",
              "runs": {
                "batter": 0,
                "extras": 1,
                "total": 1
              }
            },
            {
              "batter": "D Foerster",
              "bowler": "L Khotso",
              "non_striker": "Reehana Khan",
              "runs": {
                "batter": 4,
                "extras": 0,
                "total": 4
              }
            },
            {
              "batter": "D Foerster",
              "bowler": "L Khotso",
              "non_striker": "Reehana Khan",
              "runs": {
                "batter": 0,
                "extras": 0,
                "total": 0
              }
            }
          ]
        },
        {
          "over": 18,
          "deliveries": [
            {
              "batter": "Reehana Khan",
              "bowler": "T Kobeli",
              "non_striker": "D Foerster",
              "runs": {
                "batter": 0,
                "extras": 0,
                "total": 0
              }
            },
            {
              "batter": "Reehana Khan",
              "bowler": "T Kobeli",
              "non_striker": "D Foerster",
              "runs": {
                "batter": 0,
                "extras": 0,
                "total": 0
              }
            },
            {
              "batter": "Reehana Khan",
              "bowler": "T Kobeli",
              "non_striker": "D Foerster",
              "runs": {
                "batter": 1,
                "extras": 0,
                "total": 1
              }
            },
            {
              "batter": "D Foerster",
              "bowler": "T Kobeli",
              "extras": {
                "wides": 1
              },
              "non_striker": "Reehana Khan",
              "runs": {
                "batter": 0,
                "extras": 1,
                "total": 1
              }
            },
            {
              "batter": "D Foerster",
              "bowler": "T Kobeli",
              "extras": {
                "wides": 1
              },
              "non_striker": "Reehana Khan",
              "runs": {
                "batter": 0,
                "extras": 1,
                "total": 1
              }
            },
            {
              "batter": "D Foerster",
              "bowler": "T Kobeli",
              "extras": {
                "wides": 1
              },
              "non_striker": "Reehana Khan",
              "runs": {
                "batter": 0,
                "extras": 1,
                "total": 1
              }
            },
            {
              "batter": "D Foerster",
              "bowler": "T Kobeli",
              "non_striker": "Reehana Khan",
              "runs": {
                "batter": 2,
                "extras": 0,
                "total": 2
              }
            },
            {
              "batter": "D Foerster",
              "bowler": "T Kobeli",
              "extras": {
                "wides": 1
              },
              "non_striker": "Reehana Khan",
              "runs": {
                "batter": 0,
                "extras": 1,
                "total": 1
              }
            },
            {
              "batter": "D Foerster",
              "bowler": "T Kobeli",
              "extras": {
                "wides": 1
              },
              "non_striker": "Reehana Khan",
              "runs": {
                "batter": 0,
                "extras": 1,
                "total": 1
              }
            },
            {
              "batter": "D Foerster",
              "bowler": "T Kobeli",
              "non_striker": "Reehana Khan",
              "runs": {
                "batter": 4,
                "extras": 0,
                "total": 4
              }
            },
            {
              "batter": "D Foerster",
              "bowler": "T Kobeli",
              "non_striker": "Reehana Khan",
              "runs": {
                "batter": 1,
                "extras": 0,
                "total": 1
              }
            }
          ]
        },
        {
          "over": 19,
          "deliveries": [
            {
              "batter": "D Foerster",
              "bowler": "L Khotso",
              "non_striker": "Reehana Khan",
              "runs": {
                "batter": 0,
                "extras": 0,
                "total": 0
              }
            },
            {
              "batter": "D Foerster",
              "bowler": "L Khotso",
              "non_striker": "Reehana Khan",
              "runs": {
                "batter": 1,
                "extras": 0,
                "total": 1
              }
            },
            {
              "batter": "Reehana Khan",
              "bowler": "L Khotso",
              "non_striker": "D Foerster",
              "runs": {
                "batter": 0,
                "extras": 0,
                "total": 0
              }
            },
            {
              "batter": "Reehana Khan",
              "bowler": "L Khotso",
              "non_striker": "D Foerster",
              "runs": {
                "batter": 4,
                "extras": 0,
                "total": 4
              }
            },
            {
              "batter": "Reehana Khan",
              "bowler": "L Khotso",
              "non_striker": "D Foerster",
              "runs": {
                "batter": 2,
                "extras": 0,
                "total": 2
              }
            },
            {
              "batter": "Reehana Khan",
              "bowler": "L Khotso",
              "extras": {
                "noballs": 1
              },
              "non_striker": "D Foerster",
              "runs": {
                "batter": 4,
                "extras": 1,
                "total": 5
              }
            },
            {
              "batter": "Reehana Khan",
              "bowler": "L Khotso",
              "non_striker": "D Foerster",
              "runs": {
                "batter": 4,
                "extras": 0,
                "total": 4
              }
            }
          ]
        }
      ],
      "powerplays": [
        {
          "from": 0.1,
          "to": 5.6,
          "type": "mandatory"
        }
      ]
    },
    {
      "team": "Lesotho",
      "overs": [
        {
          "over": 0,
          "deliveries": [
            {
              "batter": "T Kobeli",
              "bowler": "SN Shihepo",
              "non_striker": "M Matobole",
              "runs": {
                "batter": 0,
                "extras": 0,
                "total": 0
              }
            },
            {
              "batter": "T Kobeli",
              "bowler": "SN Shihepo",
              "non_striker": "M Matobole",
              "runs": {
                "batter": 0,
                "extras": 0,
                "total": 0
              }
            },
            {
              "batter": "T Kobeli",
              "bowler": "SN Shihepo",
              "non_striker": "M Matobole",
              "runs": {
                "batter": 0,
                "extras": 0,
                "total": 0
              }
            },
            {
              "batter": "T Kobeli",
              "bowler": "SN Shihepo",
              "extras": {
                "wides": 1
              },
              "non_striker": "M Matobole",
              "runs": {
                "batter": 0,
                "extras": 1,
                "total": 1
              }
            },
            {
              "batter": "T Kobeli",
              "bowler": "SN Shihepo",
              "non_striker": "M Matobole",
              "runs": {
                "batter": 0,
                "extras": 0,
                "total": 0
              }
            },
            {
              "batter": "T Kobeli",
              "bowler": "SN Shihepo",
              "non_striker": "M Matobole",
              "runs": {
                "batter": 1,
                "extras": 0,
                "total": 1
              }
            },
            {
              "batter": "M Matobole",
              "bowler": "SN Shihepo",
              "non_striker": "T Kobeli",
              "runs": {
                "batter": 4,
                "extras": 0,
                "total": 4
              }
            }
          ]
        },
        {
          "over": 1,
          "deliveries": [
            {
              "batter": "T Kobeli",
              "bowler": "W Mwatile",
              "non_striker": "M Matobole",
              "runs": {
                "batter": 0,
                "extras": 0,
                "total": 0
              }
            },
            {
              "batter": "T Kobeli",
              "bowler": "W Mwatile",
              "non_striker": "M Matobole",
              "runs": {
                "batter": 0,
                "extras": 0,
                "total": 0
              }
            },
            {
              "batter": "T Kobeli",
              "bowler": "W Mwatile",
              "non_striker": "M Matobole",
              "runs": {
                "batter": 0,
                "extras": 0,
                "total": 0
              }
            },
            {
              "batter": "T Kobeli",
              "bowler": "W Mwatile",
              "non_striker": "M Matobole",
              "runs": {
                "batter": 0,
                "extras": 0,
                "total": 0
              }
            },
            {
              "batter": "T Kobeli",
              "bowler": "W Mwatile",
              "non_striker": "M Matobole",
              "runs": {
                "batter": 0,
                "extras": 0,
                "total": 0
              }
            },
            {
              "batter": "T Kobeli",
              "bowler": "W Mwatile",
              "non_striker": "M Matobole",
              "runs": {
                "batter": 0,
                "extras": 0,
                "total": 0
              }
            }
          ]
        },
        {
          "over": 2,
          "deliveries": [
            {
              "batter": "M Matobole",
              "bowler": "SN Shihepo",
              "non_striker": "T Kobeli",
              "runs": {
                "batter": 0,
                "extras": 0,
                "total": 0
              }
            },
            {
              "batter": "M Matobole",
              "bowler": "SN Shihepo",
              "non_striker": "T Kobeli",
              "runs": {
                "batter": 0,
                "extras": 0,
                "total": 0
              }
            },
            {
              "batter": "M Matobole",
              "bowler": "SN Shihepo",
              "non_striker": "T Kobeli",
              "runs": {
                "batter": 1,
                "extras": 0,
                "total": 1
              }
            },
            {
              "batter": "T Kobeli",
              "bowler": "SN Shihepo",
              "non_striker": "M Matobole",
              "runs": {
                "batter": 0,
                "extras": 0,
                "total": 0
              }
            },
            {
              "batter": "T Kobeli",
              "bowler": "SN Shihepo",
              "non_striker": "M Matobole",
              "runs": {
                "batter": 0,
                "extras": 0,
                "total": 0
              }
            },
            {
              "batter": "T Kobeli",
              "bowler": "SN Shihepo",
              "non_striker": "M Matobole",
              "runs": {
                "batter": 1,
                "extras": 0,
                "total": 1
              }
            }
          ]
        },
        {
          "over": 3,
          "deliveries": [
            {
              "batter": "T Kobeli",
              "bowler": "W Mwatile",
              "extras": {
                "wides": 1
              },
              "non_striker": "M Matobole",
              "runs": {
                "batter": 0,
                "extras": 1,
                "total": 1
              }
            },
            {
              "batter": "T Kobeli",
              "bowler": "W Mwatile",
              "non_striker": "M Matobole",
              "runs": {
                "batter": 0,
                "extras": 0,
                "total": 0
              }
            },
            {
              "batter": "T Kobeli",
              "bowler": "W Mwatile",
              "non_striker": "M Matobole",
              "runs": {
                "batter": 0,
                "extras": 0,
                "total": 0
              }
            },
            {
              "batter": "T Kobeli",
              "bowler": "W Mwatile",
              "non_striker": "M Matobole",
              "runs": {
                "batter": 0,
                "extras": 0,
                "total": 0
              }
            },
            {
              "batter": "T Kobeli",
              "bowler": "W Mwatile",
              "non_striker": "M Matobole",
              "runs": {
                "batter": 0,
                "extras": 0,
                "total": 0
              }
            },
            {
              "batter": "T Kobeli",
              "bowler": "W Mwatile",
              "non_striker": "M Matobole",
              "runs": {
                "batter": 0,
                "extras": 0,
                "total": 0
              }
            },
            {
              "batter": "T Kobeli",
              "bowler": "W Mwatile",
              "extras": {
                "byes": 1
              },
              "non_striker": "M Matobole",
              "runs": {
                "batter": 0,
                "extras": 1,
                "total": 1
              }
            }
          ]
        },
        {
          "over": 4,
          "deliveries": [
            {
              "batter": "T Kobeli",
              "bowler": "SN Shihepo",
              "non_striker": "M Matobole",
              "runs": {
                "batter": 0,
                "extras": 0,
                "total": 0
              }
            },
            {
              "batter": "T Kobeli",
              "bowler": "SN Shihepo",
              "non_striker": "M Matobole",
              "runs": {
                "batter": 0,
                "extras": 0,
                "total": 0
              }
            },
            {
              "batter": "T Kobeli",
              "bowler": "SN Shihepo",
              "non_striker": "M Matobole",
              "runs": {
                "batter": 0,
                "extras": 0,
                "total": 0
              }
            },
            {
              "batter": "T Kobeli",
              "bowler": "SN Shihepo",
              "non_striker": "M Matobole",
              "runs": {
                "batter": 0,
                "extras": 0,
                "total": 0
              }
            },
            {
              "batter": "T Kobeli",
              "bowler": "SN Shihepo",
              "extras": {
                "wides": 1
              },
              "non_striker": "M Matobole",
              "runs": {
                "batter": 0,
                "extras": 1,
                "total": 1
              }
            },
            {
              "batter": "T Kobeli",
              "bowler": "SN Shihepo",
              "non_striker": "M Matobole",
              "runs": {
                "batter": 0,
                "extras": 0,
                "total": 0
              },
              "wickets": [
                {
                  "player_out": "T Kobeli",
                  "kind": "bowled"
                }
              ]
            },
            {
              "batter": "L Khotso",
              "bowler": "SN Shihepo",
              "non_striker": "M Matobole",
              "runs": {
                "batter": 0,
                "extras": 0,
                "total": 0
              }
            }
          ]
        },
        {
          "over": 5,
          "deliveries": [
            {
              "batter": "M Matobole",
              "bowler": "KA Green",
              "non_striker": "L Khotso",
              "runs": {
                "batter": 0,
                "extras": 0,
                "total": 0
              }
            },
            {
              "batter": "M Matobole",
              "bowler": "KA Green",
              "non_striker": "L Khotso",
              "runs": {
                "batter": 1,
                "extras": 0,
                "total": 1
              }
            },
            {
              "batter": "L Khotso",
              "bowler": "KA Green",
              "non_striker": "M Matobole",
              "runs": {
                "batter": 0,
                "extras": 0,
                "total": 0
              }
            },
            {
              "batter": "L Khotso",
              "bowler": "KA Green",
              "non_striker": "M Matobole",
              "runs": {
                "batter": 0,
                "extras": 0,
                "total": 0
              },
              "wickets": [
                {
                  "player_out": "L Khotso",
                  "fielders": [
                    {
                      "name": "E Simeon"
                    }
                  ],
                  "kind": "stumped"
                }
              ]
            },
            {
              "batter": "T Ramabitsa",
              "bowler": "KA Green",
              "non_striker": "M Matobole",
              "runs": {
                "batter": 4,
                "extras": 0,
                "total": 4
              }
            },
            {
              "batter": "T Ramabitsa",
              "bowler": "KA Green",
              "non_striker": "M Matobole",
              "runs": {
                "batter": 0,
                "extras": 0,
                "total": 0
              }
            }
          ]
        },
        {
          "over": 6,
          "deliveries": [
            {
              "batter": "M Matobole",
              "bowler": "C Kauripeke",
              "non_striker": "T Ramabitsa",
              "runs": {
                "batter": 0,
                "extras": 0,
                "total": 0
              }
            },
            {
              "batter": "M Matobole",
              "bowler": "C Kauripeke",
              "non_striker": "T Ramabitsa",
              "runs": {
                "batter": 0,
                "extras": 0,
                "total": 0
              }
            },
            {
              "batter": "M Matobole",
              "bowler": "C Kauripeke",
              "non_striker": "T Ramabitsa",
              "runs": {
                "batter": 0,
                "extras": 0,
                "total": 0
              },
              "wickets": [
                {
                  "player_out": "M Matobole",
                  "kind": "bowled"
                }
              ]
            },
            {
              "batter": "B Lekau",
              "bowler": "C Kauripeke",
              "non_striker": "T Ramabitsa",
              "runs": {
                "batter": 0,
                "extras": 0,
                "total": 0
              }
            },
            {
              "batter": "B Lekau",
              "bowler": "C Kauripeke",
              "non_striker": "T Ramabitsa",
              "runs": {
                "batter": 0,
                "extras": 0,
                "total": 0
              }
            },
            {
              "batter": "B Lekau",
              "bowler": "C Kauripeke",
              "non_striker": "T Ramabitsa",
              "runs": {
                "batter": 0,
                "extras": 0,
                "total": 0
              }
            }
          ]
        },
        {
          "over": 7,
          "deliveries": [
            {
              "batter": "T Ramabitsa",
              "bowler": "KA Green",
              "non_striker": "B Lekau",
              "runs": {
                "batter": 0,
                "extras": 0,
                "total": 0
              }
            },
            {
              "batter": "T Ramabitsa",
              "bowler": "KA Green",
              "non_striker": "B Lekau",
              "runs": {
                "batter": 0,
                "extras": 0,
                "total": 0
              }
            },
            {
              "batter": "T Ramabitsa",
              "bowler": "KA Green",
              "non_striker": "B Lekau",
              "runs": {
                "batter": 0,
                "extras": 0,
                "total": 0
              }
            },
            {
              "batter": "T Ramabitsa",
              "bowler": "KA Green",
              "non_striker": "B Lekau",
              "runs": {
                "batter": 0,
                "extras": 0,
                "total": 0
              }
            },
            {
              "batter": "T Ramabitsa",
              "bowler": "KA Green",
              "non_striker": "B Lekau",
              "runs": {
                "batter": 0,
                "extras": 0,
                "total": 0
              },
              "wickets": [
                {
                  "player_out": "T Ramabitsa",
                  "kind": "caught and bowled"
                }
              ]
            },
            {
              "batter": "M Tsarsi",
              "bowler": "KA Green",
              "non_striker": "B Lekau",
              "runs": {
                "batter": 0,
                "extras": 0,
                "total": 0
              }
            }
          ]
        },
        {
          "over": 8,
          "deliveries": [
            {
              "batter": "B Lekau",
              "bowler": "C Kauripeke",
              "non_striker": "M Tsarsi",
              "runs": {
                "batter": 0,
                "extras": 0,
                "total": 0
              }
            },
            {
              "batter": "B Lekau",
              "bowler": "C Kauripeke",
              "non_striker": "M Tsarsi",
              "runs": {
                "batter": 0,
                "extras": 0,
                "total": 0
              }
            },
            {
              "batter": "B Lekau",
              "bowler": "C Kauripeke",
              "non_striker": "M Tsarsi",
              "runs": {
                "batter": 0,
                "extras": 0,
                "total": 0
              }
            },
            {
              "batter": "B Lekau",
              "bowler": "C Kauripeke",
              "non_striker": "M Tsarsi",
              "runs": {
                "batter": 0,
                "extras": 0,
                "total": 0
              }
            },
            {
              "batter": "B Lekau",
              "bowler": "C Kauripeke",
              "non_striker": "M Tsarsi",
              "runs": {
                "batter": 0,
                "extras": 0,
                "total": 0
              }
            },
            {
              "batter": "B Lekau",
              "bowler": "C Kauripeke",
              "non_striker": "M Tsarsi",
              "runs": {
                "batter": 0,
                "extras": 0,
                "total": 0
              }
            }
          ]
        },
        {
          "over": 9,
          "deliveries": [
            {
              "batter": "M Tsarsi",
              "bowler": "EU Kejarukua",
              "non_striker": "B Lekau",
              "runs": {
                "batter": 0,
                "extras": 0,
                "total": 0
              }
            },
            {
              "batter": "M Tsarsi",
              "bowler": "EU Kejarukua",
              "non_striker": "B Lekau",
              "runs": {
                "batter": 0,
                "extras": 0,
                "total": 0
              }
            },
            {
              "batter": "M Tsarsi",
              "bowler": "EU Kejarukua",
              "non_striker": "B Lekau",
              "runs": {
                "batter": 0,
                "extras": 0,
                "total": 0
              }
            },
            {
              "batter": "M Tsarsi",
              "bowler": "EU Kejarukua",
              "non_striker": "B Lekau",
              "runs": {
                "batter": 0,
                "extras": 0,
                "total": 0
              }
            },
            {
              "batter": "M Tsarsi",
              "bowler": "EU Kejarukua",
              "non_striker": "B Lekau",
              "runs": {
                "batter": 0,
                "extras": 0,
                "total": 0
              }
            },
            {
              "batter": "M Tsarsi",
              "bowler": "EU Kejarukua",
              "non_striker": "B Lekau",
              "runs": {
                "batter": 0,
                "extras": 0,
                "total": 0
              }
            }
          ]
        },
        {
          "over": 10,
          "deliveries": [
            {
              "batter": "B Lekau",
              "bowler": "C Kauripeke",
              "non_striker": "M Tsarsi",
              "runs": {
                "batter": 0,
                "extras": 0,
                "total": 0
              }
            },
            {
              "batter": "B Lekau",
              "bowler": "C Kauripeke",
              "non_striker": "M Tsarsi",
              "runs": {
                "batter": 0,
                "extras": 0,
                "total": 0
              }
            },
            {
              "batter": "B Lekau",
              "bowler": "C Kauripeke",
              "non_striker": "M Tsarsi",
              "runs": {
                "batter": 0,
                "extras": 0,
                "total": 0
              }
            },
            {
              "batter": "B Lekau",
              "bowler": "C Kauripeke",
              "non_striker": "M Tsarsi",
              "runs": {
                "batter": 0,
                "extras": 0,
                "total": 0
              }
            },
            {
              "batter": "B Lekau",
              "bowler": "C Kauripeke",
              "non_striker": "M Tsarsi",
              "runs": {
                "batter": 0,
                "extras": 0,
                "total": 0
              }
            },
            {
              "batter": "B Lekau",
              "bowler": "C Kauripeke",
              "non_striker": "M Tsarsi",
              "runs": {
                "batter": 0,
                "extras": 0,
                "total": 0
              }
            }
          ]
        },
        {
          "over": 11,
          "deliveries": [
            {
              "batter": "M Tsarsi",
              "bowler": "EU Kejarukua",
              "non_striker": "B Lekau",
              "runs": {
                "batter": 0,
                "extras": 0,
                "total": 0
              }
            },
            {
              "batter": "M Tsarsi",
              "bowler": "EU Kejarukua",
              "extras": {
                "wides": 1
              },
              "non_striker": "B Lekau",
              "runs": {
                "batter": 0,
                "extras": 1,
                "total": 1
              }
            },
            {
              "batter": "M Tsarsi",
              "bowler": "EU Kejarukua",
              "non_striker": "B Lekau",
              "runs": {
                "batter": 0,
                "extras": 0,
                "total": 0
              }
            },
            {
              "batter": "M Tsarsi",
              "bowler": "EU Kejarukua",
              "non_striker": "B Lekau",
              "runs": {
                "batter": 0,
                "extras": 0,
                "total": 0
              }
            },
            {
              "batter": "M Tsarsi",
              "bowler": "EU Kejarukua",
              "non_striker": "B Lekau",
              "runs": {
                "batter": 0,
                "extras": 0,
                "total": 0
              }
            },
            {
              "batter": "M Tsarsi",
              "bowler": "EU Kejarukua",
              "extras": {
                "wides": 1
              },
              "non_striker": "B Lekau",
              "runs": {
                "batter": 0,
                "extras": 1,
                "total": 1
              }
            },
            {
              "batter": "M Tsarsi",
              "bowler": "EU Kejarukua",
              "extras": {
                "wides": 1
              },
              "non_striker": "B Lekau",
              "runs": {
                "batter": 0,
                "extras": 1,
                "total": 1
              }
            },
            {
              "batter": "M Tsarsi",
              "bowler": "EU Kejarukua",
              "non_striker": "B Lekau",
              "runs": {
                "batter": 0,
                "extras": 0,
                "total": 0
              }
            },
            {
              "batter": "M Tsarsi",
              "bowler": "EU Kejarukua",
              "non_striker": "B Lekau",
              "runs": {
                "batter": 0,
                "extras": 0,
                "total": 0
              },
              "wickets": [
                {
                  "player_out": "M Tsarsi",
                  "fielders": [
                    {
                      "name": "E Simeon"
                    }
                  ],
                  "kind": "caught"
                }
              ]
            }
          ]
        },
        {
          "over": 12,
          "deliveries": [
            {
              "batter": "B Lekau",
              "bowler": "Reehana Khan",
              "non_striker": "T Khabo",
              "runs": {
                "batter": 0,
                "extras": 0,
                "total": 0
              }
            },
            {
              "batter": "B Lekau",
              "bowler": "Reehana Khan",
              "non_striker": "T Khabo",
              "runs": {
                "batter": 0,
                "extras": 0,
                "total": 0
              }
            },
            {
              "batter": "B Lekau",
              "bowler": "Reehana Khan",
              "non_striker": "T Khabo",
              "runs": {
                "batter": 0,
                "extras": 0,
                "total": 0
              }
            },
            {
              "batter": "B Lekau",
              "bowler": "Reehana Khan",
              "non_striker": "T Khabo",
              "runs": {
                "batter": 0,
                "extras": 0,
                "total": 0
              }
            },
            {
              "batter": "B Lekau",
              "bowler": "Reehana Khan",
              "non_striker": "T Khabo",
              "runs": {
                "batter": 0,
                "extras": 0,
                "total": 0
              }
            },
            {
              "batter": "B Lekau",
              "bowler": "Reehana Khan",
              "non_striker": "T Khabo",
              "runs": {
                "batter": 0,
                "extras": 0,
                "total": 0
              }
            }
          ]
        },
        {
          "over": 13,
          "deliveries": [
            {
              "batter": "T Khabo",
              "bowler": "KA Green",
              "non_striker": "B Lekau",
              "runs": {
                "batter": 0,
                "extras": 0,
                "total": 0
              }
            },
            {
              "batter": "T Khabo",
              "bowler": "KA Green",
              "non_striker": "B Lekau",
              "runs": {
                "batter": 0,
                "extras": 0,
                "total": 0
              }
            },
            {
              "batter": "T Khabo",
              "bowler": "KA Green",
              "non_striker": "B Lekau",
              "runs": {
                "batter": 0,
                "extras": 0,
                "total": 0
              }
            },
            {
              "batter": "T Khabo",
              "bowler": "KA Green",
              "non_striker": "B Lekau",
              "runs": {
                "batter": 0,
                "extras": 0,
                "total": 0
              }
            },
            {
              "batter": "T Khabo",
              "bowler": "KA Green",
              "non_striker": "B Lekau",
              "runs": {
                "batter": 0,
                "extras": 0,
                "total": 0
              }
            },
            {
              "batter": "T Khabo",
              "bowler": "KA Green",
              "non_striker": "B Lekau",
              "runs": {
                "batter": 0,
                "extras": 0,
                "total": 0
              }
            }
          ]
        },
        {
          "over": 14,
          "deliveries": [
            {
              "batter": "B Lekau",
              "bowler": "Reehana Khan",
              "extras": {
                "wides": 1
              },
              "non_striker": "T Khabo",
              "runs": {
                "batter": 0,
                "extras": 1,
                "total": 1
              }
            },
            {
              "batter": "B Lekau",
              "bowler": "Reehana Khan",
              "non_striker": "T Khabo",
              "runs": {
                "batter": 0,
                "extras": 0,
                "total": 0
              }
            },
            {
              "batter": "B Lekau",
              "bowler": "Reehana Khan",
              "non_striker": "T Khabo",
              "runs": {
                "batter": 0,
                "extras": 0,
                "total": 0
              },
              "wickets": [
                {
                  "player_out": "B Lekau",
                  "kind": "bowled"
                }
              ]
            },
            {
              "batter": "P Pheko",
              "bowler": "Reehana Khan",
              "non_striker": "T Khabo",
              "runs": {
                "batter": 0,
                "extras": 0,
                "total": 0
              }
            },
            {
              "batter": "P Pheko",
              "bowler": "Reehana Khan",
              "non_striker": "T Khabo",
              "runs": {
                "batter": 0,
                "extras": 0,
                "total": 0
              }
            },
            {
              "batter": "P Pheko",
              "bowler": "Reehana Khan",
              "non_striker": "T Khabo",
              "runs": {
                "batter": 0,
                "extras": 0,
                "total": 0
              }
            },
            {
              "batter": "P Pheko",
              "bowler": "Reehana Khan",
              "non_striker": "T Khabo",
              "runs": {
                "batter": 0,
                "extras": 0,
                "total": 0
              }
            }
          ]
        },
        {
          "over": 15,
          "deliveries": [
            {
              "batter": "T Khabo",
              "bowler": "KA Green",
              "non_striker": "P Pheko",
              "runs": {
                "batter": 0,
                "extras": 0,
                "total": 0
              }
            },
            {
              "batter": "T Khabo",
              "bowler": "KA Green",
              "non_striker": "P Pheko",
              "runs": {
                "batter": 0,
                "extras": 0,
                "total": 0
              }
            },
            {
              "batter": "T Khabo",
              "bowler": "KA Green",
              "non_striker": "P Pheko",
              "runs": {
                "batter": 0,
                "extras": 0,
                "total": 0
              }
            },
            {
              "batter": "T Khabo",
              "bowler": "KA Green",
              "non_striker": "P Pheko",
              "runs": {
                "batter": 0,
                "extras": 0,
                "total": 0
              }
            },
            {
              "batter": "T Khabo",
              "bowler": "KA Green",
              "non_striker": "P Pheko",
              "runs": {
                "batter": 0,
                "extras": 0,
                "total": 0
              }
            },
            {
              "batter": "T Khabo",
              "bowler": "KA Green",
              "non_striker": "P Pheko",
              "runs": {
                "batter": 0,
                "extras": 0,
                "total": 0
              }
            }
          ]
        },
        {
          "over": 16,
          "deliveries": [
            {
              "batter": "P Pheko",
              "bowler": "Reehana Khan",
              "non_striker": "T Khabo",
              "runs": {
                "batter": 0,
                "extras": 0,
                "total": 0
              }
            },
            {
              "batter": "P Pheko",
              "bowler": "Reehana Khan",
              "non_striker": "T Khabo",
              "runs": {
                "batter": 0,
                "extras": 0,
                "total": 0
              }
            },
            {
              "batter": "P Pheko",
              "bowler": "Reehana Khan",
              "non_striker": "T Khabo",
              "runs": {
                "batter": 2,
                "extras": 0,
                "total": 2
              }
            },
            {
              "batter": "P Pheko",
              "bowler": "Reehana Khan",
              "non_striker": "T Khabo",
              "runs": {
                "batter": 0,
                "extras": 0,
                "total": 0
              }
            },
            {
              "batter": "P Pheko",
              "bowler": "Reehana Khan",
              "non_striker": "T Khabo",
              "runs": {
                "batter": 0,
                "extras": 0,
                "total": 0
              },
              "wickets": [
                {
                  "player_out": "P Pheko",
                  "fielders": [
                    {
                      "name": "W Mwatile"
                    }
                  ],
                  "kind": "caught"
                }
              ]
            },
            {
              "batter": "M Mohasane",
              "bowler": "Reehana Khan",
              "non_striker": "T Khabo",
              "runs": {
                "batter": 0,
                "extras": 0,
                "total": 0
              }
            }
          ]
        },
        {
          "over": 17,
          "deliveries": [
            {
              "batter": "T Khabo",
              "bowler": "D Foerster",
              "non_striker": "M Mohasane",
              "runs": {
                "batter": 0,
                "extras": 0,
                "total": 0
              }
            },
            {
              "batter": "T Khabo",
              "bowler": "D Foerster",
              "extras": {
                "wides": 1
              },
              "non_striker": "M Mohasane",
              "runs": {
                "batter": 0,
                "extras": 1,
                "total": 1
              }
            },
            {
              "batter": "T Khabo",
              "bowler": "D Foerster",
              "non_striker": "M Mohasane",
              "runs": {
                "batter": 0,
                "extras": 0,
                "total": 0
              }
            },
            {
              "batter": "T Khabo",
              "bowler": "D Foerster",
              "non_striker": "M Mohasane",
              "runs": {
                "batter": 0,
                "extras": 0,
                "total": 0
              }
            },
            {
              "batter": "T Khabo",
              "bowler": "D Foerster",
              "non_striker": "M Mohasane",
              "runs": {
                "batter": 1,
                "extras": 0,
                "total": 1
              }
            },
            {
              "batter": "M Mohasane",
              "bowler": "D Foerster",
              "non_striker": "T Khabo",
              "runs": {
                "batter": 0,
                "extras": 0,
                "total": 0
              }
            },
            {
              "batter": "M Mohasane",
              "bowler": "D Foerster",
              "non_striker": "T Khabo",
              "runs": {
                "batter": 0,
                "extras": 0,
                "total": 0
              }
            }
          ]
        },
        {
          "over": 18,
          "deliveries": [
            {
              "batter": "T Khabo",
              "bowler": "Reehana Khan",
              "non_striker": "M Mohasane",
              "runs": {
                "batter": 2,
                "extras": 0,
                "total": 2
              }
            },
            {
              "batter": "T Khabo",
              "bowler": "Reehana Khan",
              "non_striker": "M Mohasane",
              "runs": {
                "batter": 0,
                "extras": 0,
                "total": 0
              }
            },
            {
              "batter": "T Khabo",
              "bowler": "Reehana Khan",
              "non_striker": "M Mohasane",
              "runs": {
                "batter": 0,
                "extras": 0,
                "total": 0
              }
            },
            {
              "batter": "T Khabo",
              "bowler": "Reehana Khan",
              "non_striker": "M Mohasane",
              "runs": {
                "batter": 0,
                "extras": 0,
                "total": 0
              }
            },
            {
              "batter": "T Khabo",
              "bowler": "Reehana Khan",
              "non_striker": "M Mohasane",
              "runs": {
                "batter": 1,
                "extras": 0,
                "total": 1
              }
            },
            {
              "batter": "M Mohasane",
              "bowler": "Reehana Khan",
              "non_striker": "T Khabo",
              "runs": {
                "batter": 4,
                "extras": 0,
                "total": 4
              }
            }
          ]
        },
        {
          "over": 19,
          "deliveries": [
            {
              "batter": "T Khabo",
              "bowler": "D Foerster",
              "non_striker": "M Mohasane",
              "runs": {
                "batter": 0,
                "extras": 0,
                "total": 0
              }
            },
            {
              "batter": "T Khabo",
              "bowler": "D Foerster",
              "non_striker": "M Mohasane",
              "runs": {
                "batter": 0,
                "extras": 0,
                "total": 0
              }
            },
            {
              "batter": "T Khabo",
              "bowler": "D Foerster",
              "non_striker": "M Mohasane",
              "runs": {
                "batter": 0,
                "extras": 0,
                "total": 0
              }
            },
            {
              "batter": "T Khabo",
              "bowler": "D Foerster",
              "non_striker": "M Mohasane",
              "runs": {
                "batter": 0,
                "extras": 0,
                "total": 0
              }
            },
            {
              "batter": "T Khabo",
              "bowler": "D Foerster",
              "non_striker": "M Mohasane",
              "runs": {
                "batter": 0,
                "extras": 0,
                "total": 0
              }
            },
            {
              "batter": "T Khabo",
              "bowler": "D Foerster",
              "non_striker": "M Mohasane",
              "runs": {
                "batter": 0,
                "extras": 0,
                "total": 0
              }
            }
          ]
        }
      ],
      "powerplays": [
        {
          "from": 0.1,
          "to": 5.6,
          "type": "mandatory"
        }
      ],
      "target": {
        "overs": 20,
        "runs": 211
      }
    }
  ]
}