{
  "meta": {
    "data_version": "1.0.0",
    "created": "2020-06-24",
    "revision": 1
  },
  "info": {
    "balls_per_over": 6,
    "city": "Gaborone",
    "dates": [
      "2018-08-21"
    ],
    "event": {
      "name": "Botswana Cricket Association Women's T20I Series",
      "match_number": 7
    },
    "gender": "female",
    "match_type": "T20",
    "match_type_number": 475,
    "missing": [
      "umpires",
      "player_of_match"
    ],
    "outcome": {
      "winner": "Botswana",
      "by": {
        "wickets": 10
      }
    },
    "overs": 20,
    "players": {
      "Mozambique": [
        "O Mondlane",
        "M Matine",
        "C Murrombe",
        "P Cuinica",
        "F Guirrugo",
        "E Moiane",
        "I Chuma",
        "C Magaia",
        "A Salomao",
        "A Cossa",
        "O Matsolo"
      ],
      "Botswana": [
        "L Mophakedi",
        "O Batisani",
        "G Matome",
        "P Modimo",
        "S Mosweu",
        "T Legaabile",
        "B Madimabe",
        "M Ramafifi",
        "B Mpedi",
        "F Samanyika",
        "A Mokgotlhe"
      ]
    },
    "registry": {
      "people": {
        "A Cossa": "ef160d73",
        "A Mokgotlhe": "781f1a40",
        "A Salomao": "04e145f4",
        "B Madimabe": "1e481de4",
        "B Mpedi": "8c712051",
        "C Magaia": "bb4d1237",
        "C Murrombe": "2cf802eb",
        "E Moiane": "17f2fbf4",
        "F Guirrugo": "1745c7d4",
        "F Samanyika": "c42eed38",
        "G Matome": "a6898f7a",
        "I Chuma": "b1021056",
        "L Mophakedi": "c8cdbb92",
        "M Matine": "021b4be9",
        "M Ramafifi": "40d1b7bd",
        "O Batisani": "7ff6c967",
        "O Matsolo": "3c4a62c4",
        "O Mondlane": "7f97139f",
        "P Cuinica": "efca38df",
        "P Modimo": "74ed1b5f",
        "S Mosweu": "10726a80",
        "T Legaabile": "c7e59109"
      }
    },
    "season": "2018",
    "team_type": "international",
    "teams": [
      "Mozambique",
      "Botswana"
    ],
    "toss": {
      "decision": "bat",
      "winner": "Mozambique"
    },
    "venue": "Botswana Cricket Association Oval 1"
  },
  "innings": [
    {
      "team": "Mozambique",
      "overs": [
        {
          "over": 0,
          "deliveries": [
            {
              "batter": "O Mondlane",
              "bowler": "G Matome",
              "non_striker": "M Matine",
              "runs": {
                "batter": 0,
                "extras": 0,
                "total": 0
              }
            },
            {
              "batter": "O Mondlane",
              "bowler": "G Matome",
              "extras": {
                "wides": 1
              },
              "non_striker": "M Matine",
              "runs": {
                "batter": 0,
                "extras": 1,
                "total": 1
              }
            },
            {
              "batter": "O Mondlane",
              "bowler": "G Matome",
              "non_striker": "M Matine",
              "runs": {
                "batter": 1,
                "extras": 0,
                "total": 1
              }
            },
            {
              "batter": "M Matine",
              "bowler": "G Matome",
              "non_striker": "O Mondlane",
              "runs": {
                "batter": 4,
                "extras": 0,
                "total": 4
              }
            },
            {
              "batter": "M Matine",
              "bowler": "G Matome",
              "non_striker": "O Mondlane",
              "runs": {
                "batter": 0,
                "extras": 0,
                "total": 0
              }
            },
            {
              "batter": "M Matine",
              "bowler": "G Matome",
              "non_striker": "O Mondlane",
              "runs": {
                "batter": 0,
                "extras": 0,
                "total": 0
              }
            },
            {
              "batter": "M Matine",
              "bowler": "G Matome",
              "non_striker": "O Mondlane",
              "runs": {
                "batter": 0,
                "extras": 0,
                "total": 0
              }
            }
          ]
        },
        {
          "over": 1,
          "deliveries": [
            {
              "batter": "O Mondlane",
              "bowler": "T Legaabile",
              "non_striker": "M Matine",
              "runs": {
                "batter": 1,
                "extras": 0,
                "total": 1
              },
              "wickets": [
                {
                  "player_out": "O Mondlane",
                  "kind": "run out"
                }
              ]
            },
            {
              "batter": "C Murrombe",
              "bowler": "T Legaabile",
              "extras": {
                "wides": 1
              },
              "non_striker": "M Matine",
              "runs": {
                "batter": 0,
                "extras": 1,
                "total": 1
              }
            },
            {
              "batter": "C Murrombe",
              "bowler": "T Legaabile",
              "non_striker": "M Matine",
              "runs": {
                "batter": 1,
                "extras": 0,
                "total": 1
              }
            },
            {
              "batter": "M Matine",
              "bowler": "T Legaabile",
              "non_striker": "C Murrombe",
              "runs": {
                "batter": 0,
                "extras": 0,
                "total": 0
              }
            },
            {
              "batter": "M Matine",
              "bowler": "T Legaabile",
              "non_striker": "C Murrombe",
              "runs": {
                "batter": 0,
                "extras": 0,
                "total": 0
              }
            },
            {
              "batter": "M Matine",
              "bowler": "T Legaabile",
              "non_striker": "C Murrombe",
              "runs": {
                "batter": 0,
                "extras": 0,
                "total": 0
              }
            },
            {
              "batter": "M Matine",
              "bowler": "T Legaabile",
              "non_striker": "C Murrombe",
              "runs": {
                "batter": 0,
                "extras": 0,
                "total": 0
              }
            }
          ]
        },
        {
          "over": 2,
          "deliveries": [
            {
              "batter": "C Murrombe",
              "bowler": "G Matome",
              "non_striker": "M Matine",
              "runs": {
                "batter": 0,
                "extras": 0,
                "total": 0
              }
            },
            {
              "batter": "C Murrombe",
              "bowler": "G Matome",
              "non_striker": "M Matine",
              "runs": {
                "batter": 0,
                "extras": 0,
                "total": 0
              }
            },
            {
              "batter": "C Murrombe",
              "bowler": "G Matome",
              "non_striker": "M Matine",
              "runs": {
                "batter": 4,
                "extras": 0,
                "total": 4
              }
            },
            {
              "batter": "C Murrombe",
              "bowler": "G Matome",
              "non_striker": "M Matine",
              "runs": {
                "batter": 0,
                "extras": 0,
                "total": 0
              }
            },
            {
              "batter": "C Murrombe",
              "bowler": "G Matome",
              "non_striker": "M Matine",
              "runs": {
                "batter": 0,
                "extras": 0,
                "total": 0
              }
            },
            {
              "batter": "C Murrombe",
              "bowler": "G Matome",
              "non_striker": "M Matine",
              "runs": {
                "batter": 0,
                "extras": 0,
                "total": 0
              }
            }
          ]
        },
        {
          "over": 3,
          "deliveries": [
            {
              "batter": "M Matine",
              "bowler": "T Legaabile",
              "non_striker": "C Murrombe",
              "runs": {
                "batter": 0,
                "extras": 0,
                "total": 0
              }
            },
            {
              "batter": "M Matine",
              "bowler": "T Legaabile",
              "extras": {
                "wides": 1
              },
              "non_striker": "C Murrombe",
              "runs": {
                "batter": 0,
                "extras": 1,
                "total": 1
              }
            },
            {
              "batter": "M Matine",
              "bowler": "T Legaabile",
              "non_striker": "C Murrombe",
              "runs": {
                "batter": 0,
                "extras": 0,
                "total": 0
              }
            },
            {
              "batter": "M Matine",
              "bowler": "T Legaabile",
              "non_striker": "C Murrombe",
              "runs": {
                "batter": 4,
                "extras": 0,
                "total": 4
              }
            },
            {
              "batter": "M Matine",
              "bowler": "T Legaabile",
              "non_striker": "C Murrombe",
              "runs": {
                "batter": 0,
                "extras": 0,
                "total": 0
              }
            },
            {
              "batter": "M Matine",
              "bowler": "T Legaabile",
              "non_striker": "C Murrombe",
              "runs": {
                "batter": 0,
                "extras": 0,
                "total": 0
              }
            },
            {
              "batter": "M Matine",
              "bowler": "T Legaabile",
              "non_striker": "C Murrombe",
              "runs": {
                "batter": 0,
                "extras": 0,
                "total": 0
              },
              "wickets": [
                {
                  "player_out": "M Matine",
                  "fielders": [
                    {
                      "name": "L Mophakedi"
                    }
                  ],
                  "kind": "caught"
                }
              ]
            }
          ]
        },
        {
          "over": 4,
          "deliveries": [
            {
              "batter": "C Murrombe",
              "bowler": "G Matome",
              "non_striker": "P Cuinica",
              "runs": {
                "batter": 0,
                "extras": 0,
                "total": 0
              }
            },
            {
              "batter": "C Murrombe",
              "bowler": "G Matome",
              "non_striker": "P Cuinica",
              "runs": {
                "batter": 0,
                "extras": 0,
                "total": 0
              }
            },
            {
              "batter": "C Murrombe",
              "bowler": "G Matome",
              "non_striker": "P Cuinica",
              "runs": {
                "batter": 0,
                "extras": 0,
                "total": 0
              }
            },
            {
              "batter": "C Murrombe",
              "bowler": "G Matome",
              "non_striker": "P Cuinica",
              "runs": {
                "batter": 0,
                "extras": 0,
                "total": 0
              }
            },
            {
              "batter": "C Murrombe",
              "bowler": "G Matome",
              "non_striker": "P Cuinica",
              "runs": {
                "batter": 0,
                "extras": 0,
                "total": 0
              }
            },
            {
              "batter": "C Murrombe",
              "bowler": "G Matome",
              "non_striker": "P Cuinica",
              "runs": {
                "batter": 0,
                "extras": 0,
                "total": 0
              }
            }
          ]
        },
        {
          "over": 5,
          "deliveries": [
            {
              "batter": "P Cuinica",
              "bowler": "T Legaabile",
              "non_striker": "C Murrombe",
              "runs": {
                "batter": 0,
                "extras": 0,
                "total": 0
              }
            },
            {
              "batter": "P Cuinica",
              "bowler": "T Legaabile",
              "non_striker": "C Murrombe",
              "runs": {
                "batter": 0,
                "extras": 0,
                "total": 0
              }
            },
            {
              "batter": "P Cuinica",
              "bowler": "T Legaabile",
              "extras": {
                "wides": 1
              },
              "non_striker": "C Murrombe",
              "runs": {
                "batter": 0,
                "extras": 1,
                "total": 1
              }
            },
            {
              "batter": "P Cuinica",
              "bowler": "T Legaabile",
              "non_striker": "C Murrombe",
              "runs": {
                "batter": 0,
                "extras": 0,
                "total": 0
              }
            },
            {
              "batter": "P Cuinica",
              "bowler": "T Legaabile",
              "non_striker": "C Murrombe",
              "runs": {
                "batter": 2,
                "extras": 0,
                "total": 2
              }
            },
            {
              "batter": "P Cuinica",
              "bowler": "T Legaabile",
              "non_striker": "C Murrombe",
              "runs": {
                "batter": 0,
                "extras": 0,
                "total": 0
              }
            },
            {
              "batter": "P Cuinica",
              "bowler": "T Legaabile",
              "extras": {
                "wides": 1
              },
              "non_striker": "C Murrombe",
              "runs": {
                "batter": 0,
                "extras": 1,
                "total": 1
              }
            },
            {
              "batter": "P Cuinica",
              "bowler": "T Legaabile",
              "non_striker": "C Murrombe",
              "runs": {
                "batter": 1,
                "extras": 0,
                "total": 1
              }
            }
          ]
        },
        {
          "over": 6,
          "deliveries": [
            {
              "batter": "P Cuinica",
              "bowler": "B Mpedi",
              "non_striker": "C Murrombe",
              "runs": {
                "batter": 0,
                "extras": 0,
                "total": 0
              }
            },
            {
              "batter": "P Cuinica",
              "bowler": "B Mpedi",
              "extras": {
                "wides": 1
              },
              "non_striker": "C Murrombe",
              "runs": {
                "batter": 0,
                "extras": 1,
                "total": 1
              }
            },
            {
              "batter": "P Cuinica",
              "bowler": "B Mpedi",
              "non_striker": "C Murrombe",
              "runs": {
                "batter": 4,
                "extras": 0,
                "total": 4
              }
            },
            {
              "batter": "P Cuinica",
              "bowler": "B Mpedi",
              "extras": {
                "wides": 1
              },
              "non_striker": "C Murrombe",
              "runs": {
                "batter": 0,
                "extras": 1,
                "total": 1
              }
            },
            {
              "batter": "P Cuinica",
              "bowler": "B Mpedi",
              "non_striker": "C Murrombe",
              "runs": {
                "batter": 0,
                "extras": 0,
                "total": 0
              }
            },
            {
              "batter": "P Cuinica",
              "bowler": "B Mpedi",
              "non_striker": "C Murrombe",
              "runs": {
                "batter": 0,
                "extras": 0,
                "total": 0
              }
            },
            {
              "batter": "P Cuinica",
              "bowler": "B Mpedi",
              "non_striker": "C Murrombe",
              "runs": {
                "batter": 0,
                "extras": 0,
                "total": 0
              },
              "wickets": [
                {
                  "player_out": "P Cuinica",
                  "kind": "bowled"
                }
              ]
            },
            {
              "batter": "F Guirrugo",
              "bowler": "B Mpedi",
              "extras": {
                "wides": 2
              },
              "non_striker": "C Murrombe",
              "runs": {
                "batter": 0,
                "extras": 2,
                "total": 2
              }
            },
            {
              "batter": "C Murrombe",
              "bowler": "B Mpedi",
              "non_striker": "F Guirrugo",
              "runs": {
                "batter": 0,
                "extras": 0,
                "total": 0
              }
            }
          ]
        },
        {
          "over": 7,
          "deliveries": [
            {
              "batter": "F Guirrugo",
              "bowler": "A Mokgotlhe",
              "extras": {
                "wides": 1
              },
              "non_striker": "C Murrombe",
              "runs": {
                "batter": 0,
                "extras": 1,
                "total": 1
              }
            },
            {
              "batter": "F Guirrugo",
              "bowler": "A Mokgotlhe",
              "non_striker": "C Murrombe",
              "runs": {
                "batter": 0,
                "extras": 0,
                "total": 0
              }
            },
            {
              "batter": "F Guirrugo",
              "bowler": "A Mokgotlhe",
              "non_striker": "C Murrombe",
              "runs": {
                "batter": 0,
                "extras": 0,
                "total": 0
              }
            },
            {
              "batter": "F Guirrugo",
              "bowler": "A Mokgotlhe",
              "extras": {
                "legbyes": 1
              },
              "non_striker": "C Murrombe",
              "runs": {
                "batter": 0,
                "extras": 1,
                "total": 1
              }
            },
            {
              "batter": "C Murrombe",
              "bowler": "A Mokgotlhe",
              "non_striker": "F Guirrugo",
              "runs": {
                "batter": 0,
                "extras": 0,
                "total": 0
              }
            },
            {
              "batter": "C Murrombe",
              "bowler": "A Mokgotlhe",
              "non_striker": "F Guirrugo",
              "runs": {
                "batter": 0,
                "extras": 0,
                "total": 0
              }
            },
            {
              "batter": "C Murrombe",
              "bowler": "A Mokgotlhe",
              "non_striker": "F Guirrugo",
              "runs": {
                "batter": 0,
                "extras": 0,
                "total": 0
              }
            }
          ]
        },
        {
          "over": 8,
          "deliveries": [
            {
              "batter": "F Guirrugo",
              "bowler": "B Mpedi",
              "non_striker": "C Murrombe",
              "runs": {
                "batter": 0,
                "extras": 0,
                "total": 0
              }
            },
            {
              "batter": "F Guirrugo",
              "bowler": "B Mpedi",
              "non_striker": "C Murrombe",
              "runs": {
                "batter": 4,
                "extras": 0,
                "total": 4
              }
            },
            {
              "batter": "F Guirrugo",
              "bowler": "B Mpedi",
              "non_striker": "C Murrombe",
              "runs": {
                "batter": 1,
                "extras": 0,
                "total": 1
              }
            },
            {
              "batter": "C Murrombe",
              "bowler": "B Mpedi",
              "non_striker": "F Guirrugo",
              "runs": {
                "batter": 1,
                "extras": 0,
                "total": 1
              }
            },
            {
              "batter": "F Guirrugo",
              "bowler": "B Mpedi",
              "non_striker": "C Murrombe",
              "runs": {
                "batter": 0,
                "extras": 0,
                "total": 0
              }
            },
            {
              "batter": "F Guirrugo",
              "bowler": "B Mpedi",
              "non_striker": "C Murrombe",
              "runs": {
                "batter": 1,
                "extras": 0,
                "total": 1
              }
            }
          ]
        },
        {
          "over": 9,
          "deliveries": [
            {
              "batter": "F Guirrugo",
              "bowler": "A Mokgotlhe",
              "non_striker": "C Murrombe",
              "runs": {
                "batter": 0,
                "extras": 0,
                "total": 0
              }
            },
            {
              "batter": "F Guirrugo",
              "bowler": "A Mokgotlhe",
              "non_striker": "C Murrombe",
              "runs": {
                "batter": 0,
                "extras": 0,
                "total": 0
              }
            },
            {
              "batter": "F Guirrugo",
              "bowler": "A Mokgotlhe",
              "non_striker": "C Murrombe",
              "runs": {
                "batter": 1,
                "extras": 0,
                "total": 1
              }
            },
            {
              "batter": "C Murrombe",
              "bowler": "A Mokgotlhe",
              "non_striker": "F Guirrugo",
              "runs": {
                "batter": 0,
                "extras": 0,
                "total": 0
              }
            },
            {
              "batter": "C Murrombe",
              "bowler": "A Mokgotlhe",
              "non_striker": "F Guirrugo",
              "runs": {
                "batter": 2,
                "extras": 0,
                "total": 2
              }
            },
            {
              "batter": "C Murrombe",
              "bowler": "A Mokgotlhe",
              "non_striker": "F Guirrugo",
              "runs": {
                "batter": 0,
                "extras": 0,
                "total": 0
              }
            }
          ]
        },
        {
          "over": 10,
          "deliveries": [
            {
              "batter": "F Guirrugo",
              "bowler": "M Ramafifi",
              "non_striker": "C Murrombe",
              "runs": {
                "batter": 0,
                "extras": 0,
                "total": 0
              }
            },
            {
              "batter": "F Guirrugo",
              "bowler": "M Ramafifi",
              "non_striker": "C Murrombe",
              "runs": {
                "batter": 0,
                "extras": 0,
                "total": 0
              }
            },
            {
              "batter": "F Guirrugo",
              "bowler": "M Ramafifi",
              "non_striker": "C Murrombe",
              "runs": {
                "batter": 0,
                "extras": 0,
                "total": 0
              }
            },
            {
              "batter": "F Guirrugo",
              "bowler": "M Ramafifi",
              "non_striker": "C Murrombe",
              "runs": {
                "batter": 0,
                "extras": 0,
                "total": 0
              }
            },
            {
              "batter": "F Guirrugo",
              "bowler": "M Ramafifi",
              "non_striker": "C Murrombe",
              "runs": {
                "batter": 0,
                "extras": 0,
                "total": 0
              }
            },
            {
              "batter": "F Guirrugo",
              "bowler": "M Ramafifi",
              "non_striker": "C Murrombe",
              "runs": {
                "batter": 0,
                "extras": 0,
                "total": 0
              }
            }
          ]
        },
        {
          "over": 11,
          "deliveries": [
            {
              "batter": "C Murrombe",
              "bowler": "A Mokgotlhe",
              "non_striker": "F Guirrugo",
              "runs": {
                "batter": 0,
                "extras": 0,
                "total": 0
              }
            },
            {
              "batter": "C Murrombe",
              "bowler": "A Mokgotlhe",
              "non_striker": "F Guirrugo",
              "runs": {
                "batter": 0,
                "extras": 0,
                "total": 0
              }
            },
            {
              "batter": "C Murrombe",
              "bowler": "A Mokgotlhe",
              "extras": {
                "wides": 1
              },
              "non_striker": "F Guirrugo",
              "runs": {
                "batter": 0,
                "extras": 1,
                "total": 1
              }
            },
            {
              "batter": "C Murrombe",
              "bowler": "A Mokgotlhe",
              "non_striker": "F Guirrugo",
              "runs": {
                "batter": 1,
                "extras": 0,
                "total": 1
              }
            },
            {
              "batter": "F Guirrugo",
              "bowler": "A Mokgotlhe",
              "non_striker": "C Murrombe",
              "runs": {
                "batter": 0,
                "extras": 0,
                "total": 0
              }
            },
            {
              "batter": "F Guirrugo",
              "bowler": "A Mokgotlhe",
              "extras": {
                "wides": 1
              },
              "non_striker": "C Murrombe",
              "runs": {
                "batter": 0,
                "extras": 1,
                "total": 1
              }
            },
            {
              "batter": "F Guirrugo",
              "bowler": "A Mokgotlhe",
              "non_striker": "C Murrombe",
              "runs": {
                "batter": 0,
                "extras": 0,
                "total": 0
              }
            },
            {
              "batter": "F Guirrugo",
              "bowler": "A Mokgotlhe",
              "non_striker": "C Murrombe",
              "runs": {
                "batter": 0,
                "extras": 0,
                "total": 0
              }
            }
          ]
        },
        {
          "over": 12,
          "deliveries": [
            {
              "batter": "C Murrombe",
              "bowler": "M Ramafifi",
              "non_striker": "F Guirrugo",
              "runs": {
                "batter": 1,
                "extras": 0,
                "total": 1
              }
            },
            {
              "batter": "F Guirrugo",
              "bowler": "M Ramafifi",
              "non_striker": "C Murrombe",
              "runs": {
                "batter": 0,
                "extras": 0,
                "total": 0
              }
            },
            {
              "batter": "F Guirrugo",
              "bowler": "M Ramafifi",
              "non_striker": "C Murrombe",
              "runs": {
                "batter": 0,
                "extras": 0,
                "total": 0
              }
            },
            {
              "batter": "F Guirrugo",
              "bowler": "M Ramafifi",
              "non_striker": "C Murrombe",
              "runs": {
                "batter": 0,
                "extras": 0,
                "total": 0
              }
            },
            {
              "batter": "F Guirrugo",
              "bowler": "M Ramafifi",
              "non_striker": "C Murrombe",
              "runs": {
                "batter": 0,
                "extras": 0,
                "total": 0
              },
              "wickets": [
                {
                  "player_out": "F Guirrugo",
                  "fielders": [
                    {
                      "name": "L Mophakedi"
                    }
                  ],
                  "kind": "caught"
                }
              ]
            },
            {
              "batter": "E Moiane",
              "bowler": "M Ramafifi",
              "non_striker": "C Murrombe",
              "runs": {
                "batter": 0,
                "extras": 0,
                "total": 0
              }
            }
          ]
        },
        {
          "over": 13,
          "deliveries": [
            {
              "batter": "C Murrombe",
              "bowler": "P Modimo",
              "non_striker": "E Moiane",
              "runs": {
                "batter": 0,
                "extras": 0,
                "total": 0
              }
            },
            {
              "batter": "C Murrombe",
              "bowler": "P Modimo",
              "non_striker": "E Moiane",
              "runs": {
                "batter": 0,
                "extras": 0,
                "total": 0
              }
            },
            {
              "batter": "C Murrombe",
              "bowler": "P Modimo",
              "extras": {
                "wides": 2
              },
              "non_striker": "E Moiane",
              "runs": {
                "batter": 0,
                "extras": 2,
                "total": 2
              }
            },
            {
              "batter": "E Moiane",
              "bowler": "P Modimo",
              "non_striker": "C Murrombe",
              "runs": {
                "batter": 0,
                "extras": 0,
                "total": 0
              }
            },
            {
              "batter": "E Moiane",
              "bowler": "P Modimo",
              "extras": {
                "wides": 1
              },
              "non_striker": "C Murrombe",
              "runs": {
                "batter": 0,
                "extras": 1,
                "total": 1
              }
            },
            {
              "batter": "E Moiane",
              "bowler": "P Modimo",
              "non_striker": "C Murrombe",
              "runs": {
                "batter": 1,
                "extras": 0,
                "total": 1
              }
            },
            {
              "batter": "C Murrombe",
              "bowler": "P Modimo",
              "non_striker": "E Moiane",
              "runs": {
                "batter": 0,
                "extras": 0,
                "total": 0
              }
            },
            {
              "batter": "C Murrombe",
              "bowler": "P Modimo",
              "non_striker": "E Moiane",
              "runs": {
                "batter": 0,
                "extras": 0,
                "total": 0
              }
            }
          ]
        },
        {
          "over": 14,
          "deliveries": [
            {
              "batter": "E Moiane",
              "bowler": "M Ramafifi",
              "extras": {
                "wides": 1
              },
              "non_striker": "C Murrombe",
              "runs": {
                "batter": 0,
                "extras": 1,
                "total": 1
              }
            },
            {
              "batter": "E Moiane",
              "bowler": "M Ramafifi",
              "non_striker": "C Murrombe",
              "runs": {
                "batter": 0,
                "extras": 0,
                "total": 0
              }
            },
            {
              "batter": "E Moiane",
              "bowler": "M Ramafifi",
              "non_striker": "C Murrombe",
              "runs": {
                "batter": 0,
                "extras": 0,
                "total": 0
              }
            },
            {
              "batter": "E Moiane",
              "bowler": "M Ramafifi",
              "non_striker": "C Murrombe",
              "runs": {
                "batter": 1,
                "extras": 0,
                "total": 1
              }
            },
            {
              "batter": "C Murrombe",
              "bowler": "M Ramafifi",
              "non_striker": "E Moiane",
              "runs": {
                "batter": 0,
                "extras": 0,
                "total": 0
              }
            },
            {
              "batter": "C Murrombe",
              "bowler": "M Ramafifi",
              "non_striker": "E Moiane",
              "runs": {
                "batter": 0,
                "extras": 0,
                "total": 0
              }
            },
            {
              "batter": "C Murrombe",
              "bowler": "M Ramafifi",
              "non_striker": "E Moiane",
              "runs": {
                "batter": 0,
                "extras": 0,
                "total": 0
              }
            }
          ]
        },
        {
          "over": 15,
          "deliveries": [
            {
              "batter": "E Moiane",
              "bowler": "P Modimo",
              "non_striker": "C Murrombe",
              "runs": {
                "batter": 0,
                "extras": 0,
                "total": 0
              }
            },
            {
              "batter": "E Moiane",
              "bowler": "P Modimo",
              "non_striker": "C Murrombe",
              "runs": {
                "batter": 0,
                "extras": 0,
                "total": 0
              },
              "wickets": [
                {
                  "player_out": "E Moiane",
                  "fielders": [
                    {
                      "name": "A Mokgotlhe"
                    }
                  ],
                  "kind": "caught"
                }
              ]
            },
            {
              "batter": "C Murrombe",
              "bowler": "P Modimo",
              "non_striker": "I Chuma",
              "runs": {
                "batter": 0,
                "extras": 0,
                "total": 0
              }
            },
            {
              "batter": "C Murrombe",
              "bowler": "P Modimo",
              "extras": {
                "wides": 2
              },
              "non_striker": "I Chuma",
              "runs": {
                "batter": 0,
                "extras": 2,
                "total": 2
              }
            },
            {
              "batter": "I Chuma",
              "bowler": "P Modimo",
              "non_striker": "C Murrombe",
              "runs": {
                "batter": 0,
                "extras": 0,
                "total": 0
              },
              "wickets": [
                {
                  "player_out": "I Chuma",
                  "fielders": [
                    {
                      "name": "A Mokgotlhe"
                    }
                  ],
                  "kind": "caught"
                }
              ]
            },
            {
              "batter": "C Magaia",
              "bowler": "P Modimo",
              "non_striker": "C Murrombe",
              "runs": {
                "batter": 0,
                "extras": 0,
                "total": 0
              }
            },
            {
              "batter": "C Magaia",
              "bowler": "P Modimo",
              "non_striker": "C Murrombe",
              "runs": {
                "batter": 4,
                "extras": 0,
                "total": 4
              }
            }
          ]
        },
        {
          "over": 16,
          "deliveries": [
            {
              "batter": "C Murrombe",
              "bowler": "M Ramafifi",
              "non_striker": "C Magaia",
              "runs": {
                "batter": 0,
                "extras": 0,
                "total": 0
              }
            },
            {
              "batter": "C Murrombe",
              "bowler": "M Ramafifi",
              "non_striker": "C Magaia",
              "runs": {
                "batter": 0,
                "extras": 0,
                "total": 0
              }
            },
            {
              "batter": "C Murrombe",
              "bowler": "M Ramafifi",
              "non_striker": "C Magaia",
              "runs": {
                "batter": 0,
                "extras": 0,
                "total": 0
              }
            },
            {
              "batter": "C Murrombe",
              "bowler": "M Ramafifi",
              "non_striker": "C Magaia",
              "runs": {
                "batter": 0,
                "extras": 0,
                "total": 0
              }
            },
            {
              "batter": "C Murrombe",
              "bowler": "M Ramafifi",
              "non_striker": "C Magaia",
              "runs": {
                "batter": 0,
                "extras": 0,
                "total": 0
              },
              "wickets": [
                {
                  "player_out": "C Murrombe",
                  "fielders": [
                    {
                      "name": "L Mophakedi"
                    }
                  ],
                  "kind": "caught"
                }
              ]
            },
            {
              "batter": "A Salomao",
              "bowler": "M Ramafifi",
              "non_striker": "C Magaia",
              "runs": {
                "batter": 0,
                "extras": 0,
                "total": 0
              }
            }
          ]
        },
        {
          "over": 17,
          "deliveries": [
            {
              "batter": "C Magaia",
              "bowler": "P Modimo",
              "non_striker": "A Salomao",
              "runs": {
                "batter": 0,
                "extras": 0,
                "total": 0
              }
            },
            {
              "batter": "C Magaia",
              "bowler": "P Modimo",
              "extras": {
                "wides": 1
              },
              "non_striker": "A Salomao",
              "runs": {
                "batter": 0,
                "extras": 1,
                "total": 1
              }
            },
            {
              "batter": "C Magaia",
              "bowler": "P Modimo",
              "extras": {
                "wides": 1
              },
              "non_striker": "A Salomao",
              "runs": {
                "batter": 0,
                "extras": 1,
                "total": 1
              }
            },
            {
              "batter": "C Magaia",
              "bowler": "P Modimo",
              "extras": {
                "wides": 2
              },
              "non_striker": "A Salomao",
              "runs": {
                "batter": 0,
                "extras": 2,
                "total": 2
              }
            },
            {
              "batter": "A Salomao",
              "bowler": "P Modimo",
              "extras": {
                "wides": 1
              },
              "non_striker": "C Magaia",
              "runs": {
                "batter": 0,
                "extras": 1,
                "total": 1
              }
            },
            {
              "batter": "A Salomao",
              "bowler": "P Modimo",
              "non_striker": "C Magaia",
              "runs": {
                "batter": 1,
                "extras": 0,
                "total": 1
              }
            },
            {
              "batter": "C Magaia",
              "bowler": "P Modimo",
              "extras": {
                "wides": 1
              },
              "non_striker": "A Salomao",
              "runs": {
                "batter": 0,
                "extras": 1,
                "total": 1
              }
            },
            {
              "batter": "C Magaia",
              "bowler": "P Modimo",
              "non_striker": "A Salomao",
              "runs": {
                "batter": 4,
                "extras": 0,
                "total": 4
              }
            },
            {
              "batter": "C Magaia",
              "bowler": "P Modimo",
              "non_striker": "A Salomao",
              "runs": {
                "batter": 1,
                "extras": 0,
                "total": 1
              }
            },
            {
              "batter": "A Salomao",
              "bowler": "P Modimo",
              "non_striker": "C Magaia",
              "runs": {
                "batter": 1,
                "extras": 0,
                "total": 1
              }
            },
            {
              "batter": "C Magaia",
              "bowler": "P Modimo",
              "non_striker": "A Salomao",
              "runs": {
                "batter": 0,
                "extras": 0,
                "total": 0
              }
            }
          ]
        },
        {
          "over": 18,
          "deliveries": [
            {
              "batter": "A Salomao",
              "bowler": "G Matome",
              "non_striker": "C Magaia",
              "runs": {
                "batter": 1,
                "extras": 0,
                "total": 1
              }
            },
            {
              "batter": "C Magaia",
              "bowler": "G Matome",
              "extras": {
                "wides": 1
              },
              "non_striker": "A Salomao",
              "runs": {
                "batter": 0,
                "extras": 1,
                "total": 1
              }
            },
            {
              "batter": "C Magaia",
              "bowler": "G Matome",
              "extras": {
                "wides": 1
              },
              "non_striker": "A Salomao",
              "runs": {
                "batter": 0,
                "extras": 1,
                "total": 1
              }
            },
            {
              "batter": "C Magaia",
              "bowler": "G Matome",
              "non_striker": "A Salomao",
              "runs": {
                "batter": 0,
                "extras": 0,
                "total": 0
              }
            },
            {
              "batter": "C Magaia",
              "bowler": "G Matome",
              "non_striker": "A Salomao",
              "runs": {
                "batter": 1,
                "extras": 0,
                "total": 1
              }
            },
            {
              "batter": "A Salomao",
              "bowler": "G Matome",
              "non_striker": "C Magaia",
              "runs": {
                "batter": 0,
                "extras": 0,
                "total": 0
              }
            },
            {
              "batter": "A Salomao",
              "bowler": "G Matome",
              "non_striker": "C Magaia",
              "runs": {
                "batter": 1,
                "extras": 0,
                "total": 1
              }
            },
            {
              "batter": "C Magaia",
              "bowler": "G Matome",
              "non_striker": "A Salomao",
              "runs": {
                "batter": 0,
                "extras": 0,
                "total": 0
              }
            }
          ]
        },
        {
          "over": 19,
          "deliveries": [
            {
              "batter": "A Salomao",
              "bowler": "T Legaabile",
              "non_striker": "C Magaia",
              "runs": {
                "batter": 0,
                "extras": 0,
                "total": 0
              }
            },
            {
              "batter": "A Salomao",
              "bowler": "T Legaabile",
              "non_striker": "C Magaia",
              "runs": {
                "batter": 0,
                "extras": 0,
                "total": 0
              }
            },
            {
              "batter": "A Salomao",
              "bowler": "T Legaabile",
              "non_striker": "C Magaia",
              "runs": {
                "batter": 0,
                "extras": 0,
                "total": 0
              }
            },
            {
              "batter": "A Salomao",
              "bowler": "T Legaabile",
              "non_striker": "C Magaia",
              "runs": {
                "batter": 0,
                "extras": 0,
                "total": 0
              }
            },
            {
              "batter": "A Salomao",
              "bowler": "T Legaabile",
              "non_striker": "C Magaia",
              "runs": {
                "batter": 1,
                "extras": 0,
                "total": 1
              }
            },
            {
              "batter": "C Magaia",
              "bowler": "T Legaabile",
              "non_striker": "A Salomao",
              "runs": {
                "batter": 2,
                "extras": 0,
                "total": 2
              }
            }
          ]
        }
      ],
      "powerplays": [
        {
          "from": 0.1,
          "to": 5.8,
          "type": "mandatory"
        }
      ]
    },
    {
      "team": "Botswana",
      "overs": [
        {
          "over": 0,
          "deliveries": [
            {
              "batter": "L Mophakedi",
              "bowler": "P Cuinica",
              "extras": {
                "wides": 1
              },
              "non_striker": "O Batisani",
              "runs": {
                "batter": 0,
                "extras": 1,
                "total": 1
              }
            },
            {
              "batter": "L Mophakedi",
              "bowler": "P Cuinica",
              "non_striker": "O Batisani",
              "runs": {
                "batter": 0,
                "extras": 0,
                "total": 0
              }
            },
            {
              "batter": "L Mophakedi",
              "bowler": "P Cuinica",
              "non_striker": "O Batisani",
              "runs": {
                "batter": 0,
                "extras": 0,
                "total": 0
              }
            },
            {
              "batter": "L Mophakedi",
              "bowler": "P Cuinica",
              "non_striker": "O Batisani",
              "runs": {
                "batter": 0,
                "extras": 0,
                "total": 0
              }
            },
            {
              "batter": "L Mophakedi",
              "bowler": "P Cuinica",
              "extras": {
                "wides": 1
              },
              "non_striker": "O Batisani",
              "runs": {
                "batter": 0,
                "extras": 1,
                "total": 1
              }
            },
            {
              "batter": "L Mophakedi",
              "bowler": "P Cuinica",
              "extras": {
                "wides": 1
              },
              "non_striker": "O Batisani",
              "runs": {
                "batter": 0,
                "extras": 1,
                "total": 1
              }
            },
            {
              "batter": "L Mophakedi",
              "bowler": "P Cuinica",
              "non_striker": "O Batisani",
              "runs": {
                "batter": 4,
                "extras": 0,
                "total": 4
              }
            },
            {
              "batter": "L Mophakedi",
              "bowler": "P Cuinica",
              "non_striker": "O Batisani",
              "runs": {
                "batter": 0,
                "extras": 0,
                "total": 0
              }
            },
            {
              "batter": "L Mophakedi",
              "bowler": "P Cuinica",
              "non_striker": "O Batisani",
              "runs": {
                "batter": 2,
                "extras": 0,
                "total": 2
              }
            }
          ]
        },
        {
          "over": 1,
          "deliveries": [
            {
              "batter": "O Batisani",
              "bowler": "A Cossa",
              "non_striker": "L Mophakedi",
              "runs": {
                "batter": 2,
                "extras": 0,
                "total": 2
              }
            },
            {
              "batter": "O Batisani",
              "bowler": "A Cossa",
              "non_striker": "L Mophakedi",
              "runs": {
                "batter": 1,
                "extras": 0,
                "total": 1
              }
            },
            {
              "batter": "L Mophakedi",
              "bowler": "A Cossa",
              "non_striker": "O Batisani",
              "runs": {
                "batter": 1,
                "extras": 0,
                "total": 1
              }
            },
            {
              "batter": "O Batisani",
              "bowler": "A Cossa",
              "non_striker": "L Mophakedi",
              "runs": {
                "batter": 4,
                "extras": 0,
                "total": 4
              }
            },
            {
              "batter": "O Batisani",
              "bowler": "A Cossa",
              "non_striker": "L Mophakedi",
              "runs": {
                "batter": 0,
                "extras": 0,
                "total": 0
              }
            },
            {
              "batter": "O Batisani",
              "bowler": "A Cossa",
              "non_striker": "L Mophakedi",
              "runs": {
                "batter": 0,
                "extras": 0,
                "total": 0
              }
            }
          ]
        },
        {
          "over": 2,
          "deliveries": [
            {
              "batter": "L Mophakedi",
              "bowler": "P Cuinica",
              "non_striker": "O Batisani",
              "runs": {
                "batter": 0,
                "extras": 0,
                "total": 0
              }
            },
            {
              "batter": "L Mophakedi",
              "bowler": "P Cuinica",
              "non_striker": "O Batisani",
              "runs": {
                "batter": 0,
                "extras": 0,
                "total": 0
              }
            },
            {
              "batter": "L Mophakedi",
              "bowler": "P Cuinica",
              "non_striker": "O Batisani",
              "runs": {
                "batter": 3,
                "extras": 0,
                "total": 3
              }
            },
            {
              "batter": "O Batisani",
              "bowler": "P Cuinica",
              "non_striker": "L Mophakedi",
              "runs": {
                "batter": 1,
                "extras": 0,
                "total": 1
              }
            },
            {
              "batter": "L Mophakedi",
              "bowler": "P Cuinica",
              "extras": {
                "wides": 1
              },
              "non_striker": "O Batisani",
              "runs": {
                "batter": 0,
                "extras": 1,
                "total": 1
              }
            },
            {
              "batter": "L Mophakedi",
              "bowler": "P Cuinica",
              "non_striker": "O Batisani",
              "runs": {
                "batter": 0,
                "extras": 0,
                "total": 0
              }
            },
            {
              "batter": "L Mophakedi",
              "bowler": "P Cuinica",
              "non_striker": "O Batisani",
              "runs": {
                "batter": 2,
                "extras": 0,
                "total": 2
              }
            }
          ]
        },
        {
          "over": 3,
          "deliveries": [
            {
              "batter": "O Batisani",
              "bowler": "A Cossa",
              "non_striker": "L Mophakedi",
              "runs": {
                "batter": 0,
                "extras": 0,
                "total": 0
              }
            },
            {
              "batter": "O Batisani",
              "bowler": "A Cossa",
              "non_striker": "L Mophakedi",
              "runs": {
                "batter": 4,
                "extras": 0,
                "total": 4
              }
            },
            {
              "batter": "O Batisani",
              "bowler": "A Cossa",
              "non_striker": "L Mophakedi",
              "runs": {
                "batter": 0,
                "extras": 0,
                "total": 0
              }
            },
            {
              "batter": "O Batisani",
              "bowler": "A Cossa",
              "non_striker": "L Mophakedi",
              "runs": {
                "batter": 0,
                "extras": 0,
                "total": 0
              }
            },
            {
              "batter": "O Batisani",
              "bowler": "A Cossa",
              "non_striker": "L Mophakedi",
              "runs": {
                "batter": 4,
                "extras": 0,
                "total": 4
              }
            },
            {
              "batter": "O Batisani",
              "bowler": "A Cossa",
              "non_striker": "L Mophakedi",
              "runs": {
                "batter": 0,
                "extras": 0,
                "total": 0
              }
            }
          ]
        },
        {
          "over": 4,
          "deliveries": [
            {
              "batter": "L Mophakedi",
              "bowler": "P Cuinica",
              "non_striker": "O Batisani",
              "runs": {
                "batter": 1,
                "extras": 0,
                "total": 1
              }
            },
            {
              "batter": "O Batisani",
              "bowler": "P Cuinica",
              "non_striker": "L Mophakedi",
              "runs": {
                "batter": 0,
                "extras": 0,
                "total": 0
              }
            },
            {
              "batter": "O Batisani",
              "bowler": "P Cuinica",
              "non_striker": "L Mophakedi",
              "runs": {
                "batter": 0,
                "extras": 0,
                "total": 0
              }
            },
            {
              "batter": "O Batisani",
              "bowler": "P Cuinica",
              "extras": {
                "wides": 1
              },
              "non_striker": "L Mophakedi",
              "runs": {
                "batter": 0,
                "extras": 1,
                "total": 1
              }
            },
            {
              "batter": "O Batisani",
              "bowler": "P Cuinica",
              "extras": {
                "wides": 1
              },
              "non_striker": "L Mophakedi",
              "runs": {
                "batter": 0,
                "extras": 1,
                "total": 1
              }
            },
            {
              "batter": "O Batisani",
              "bowler": "P Cuinica",
              "non_striker": "L Mophakedi",
              "runs": {
                "batter": 1,
                "extras": 0,
                "total": 1
              }
            },
            {
              "batter": "L Mophakedi",
              "bowler": "P Cuinica",
              "non_striker": "O Batisani",
              "runs": {
                "batter": 1,
                "extras": 0,
                "total": 1
              }
            },
            {
              "batter": "L Mophakedi",
              "bowler": "P Cuinica",
              "non_striker": "O Batisani",
              "runs": {
                "batter": 0,
                "extras": 0,
                "total": 0
              }
            }
          ]
        },
        {
          "over": 5,
          "deliveries": [
            {
              "batter": "O Batisani",
              "bowler": "A Cossa",
              "extras": {
                "noballs": 1
              },
              "non_striker": "L Mophakedi",
              "runs": {
                "batter": 1,
                "extras": 1,
                "total": 2
              }
            },
            {
              "batter": "L Mophakedi",
              "bowler": "A Cossa",
              "non_striker": "O Batisani",
              "runs": {
                "batter": 1,
                "extras": 0,
                "total": 1
              }
            },
            {
              "batter": "O Batisani",
              "bowler": "A Cossa",
              "extras": {
                "wides": 1
              },
              "non_striker": "L Mophakedi",
              "runs": {
                "batter": 0,
                "extras": 1,
                "total": 1
              }
            },
            {
              "batter": "O Batisani",
              "bowler": "A Cossa",
              "non_striker": "L Mophakedi",
              "runs": {
                "batter": 0,
                "extras": 0,
                "total": 0
              }
            },
            {
              "batter": "O Batisani",
              "bowler": "A Cossa",
              "non_striker": "L Mophakedi",
              "runs": {
                "batter": 1,
                "extras": 0,
                "total": 1
              }
            },
            {
              "batter": "L Mophakedi",
              "bowler": "A Cossa",
              "non_striker": "O Batisani",
              "runs": {
                "batter": 0,
                "extras": 0,
                "total": 0
              }
            },
            {
              "batter": "L Mophakedi",
              "bowler": "A Cossa",
              "non_striker": "O Batisani",
              "runs": {
                "batter": 0,
                "extras": 0,
                "total": 0
              }
            },
            {
              "batter": "L Mophakedi",
              "bowler": "A Cossa",
              "non_striker": "O Batisani",
              "runs": {
                "batter": 0,
                "extras": 0,
                "total": 0
              }
            }
          ]
        },
        {
          "over": 6,
          "deliveries": [
            {
              "batter": "O Batisani",
              "bowler": "P Cuinica",
              "non_striker": "L Mophakedi",
              "runs": {
                "batter": 2,
                "extras": 0,
                "total": 2
              }
            },
            {
              "batter": "O Batisani",
              "bowler": "P Cuinica",
              "non_striker": "L Mophakedi",
              "runs": {
                "batter": 0,
                "extras": 0,
                "total": 0
              }
            },
            {
              "batter": "O Batisani",
              "bowler": "P Cuinica",
              "non_striker": "L Mophakedi",
              "runs": {
                "batter": 0,
                "extras": 0,
                "total": 0
              }
            },
            {
              "batter": "O Batisani",
              "bowler": "P Cuinica",
              "extras": {
                "wides": 1
              },
              "non_striker": "L Mophakedi",
              "runs": {
                "batter": 0,
                "extras": 1,
                "total": 1
              }
            },
            {
              "batter": "O Batisani",
              "bowler": "P Cuinica",
              "non_striker": "L Mophakedi",
              "runs": {
                "batter": 0,
                "extras": 0,
                "total": 0
              }
            },
            {
              "batter": "O Batisani",
              "bowler": "P Cuinica",
              "non_striker": "L Mophakedi",
              "runs": {
                "batter": 0,
                "extras": 0,
                "total": 0
              }
            },
            {
              "batter": "O Batisani",
              "bowler": "P Cuinica",
              "non_striker": "L Mophakedi",
              "runs": {
                "batter": 0,
                "extras": 0,
                "total": 0
              }
            }
          ]
        },
        {
          "over": 7,
          "deliveries": [
            {
              "batter": "L Mophakedi",
              "bowler": "A Cossa",
              "non_striker": "O Batisani",
              "runs": {
                "batter": 1,
                "extras": 0,
                "total": 1
              }
            },
            {
              "batter": "O Batisani",
              "bowler": "A Cossa",
              "non_striker": "L Mophakedi",
              "runs": {
                "batter": 0,
                "extras": 0,
                "total": 0
              }
            },
            {
              "batter": "O Batisani",
              "bowler": "A Cossa",
              "non_striker": "L Mophakedi",
              "runs": {
                "batter": 4,
                "extras": 0,
                "total": 4
              }
            },
            {
              "batter": "O Batisani",
              "bowler": "A Cossa",
              "extras": {
                "legbyes": 1
              },
              "non_striker": "L Mophakedi",
              "runs": {
                "batter": 0,
                "extras": 1,
                "total": 1
              }
            },
            {
              "batter": "L Mophakedi",
              "bowler": "A Cossa",
              "non_striker": "O Batisani",
              "runs": {
                "batter": 1,
                "extras": 0,
                "total": 1
              }
            },
            {
              "batter": "O Batisani",
              "bowler": "A Cossa",
              "non_striker": "L Mophakedi",
              "runs": {
                "batter": 1,
                "extras": 0,
                "total": 1
              }
            }
          ]
        },
        {
          "over": 8,
          "deliveries": [
            {
              "batter": "O Batisani",
              "bowler": "I Chuma",
              "non_striker": "L Mophakedi",
              "runs": {
                "batter": 0,
                "extras": 0,
                "total": 0
              }
            },
            {
              "batter": "O Batisani",
              "bowler": "I Chuma",
              "non_striker": "L Mophakedi",
              "runs": {
                "batter": 0,
                "extras": 0,
                "total": 0
              }
            },
            {
              "batter": "O Batisani",
              "bowler": "I Chuma",
              "non_striker": "L Mophakedi",
              "runs": {
                "batter": 2,
                "extras": 0,
                "total": 2
              }
            },
            {
              "batter": "O Batisani",
              "bowler": "I Chuma",
              "non_striker": "L Mophakedi",
              "runs": {
                "batter": 1,
                "extras": 0,
                "total": 1
              }
            },
            {
              "batter": "L Mophakedi",
              "bowler": "I Chuma",
              "non_striker": "O Batisani",
              "runs": {
                "batter": 1,
                "extras": 0,
                "total": 1
              }
            },
            {
              "batter": "O Batisani",
              "bowler": "I Chuma",
              "non_striker": "L Mophakedi",
              "runs": {
                "batter": 2,
                "extras": 0,
                "total": 2
              }
            }
          ]
        },
        {
          "over": 9,
          "deliveries": [
            {
              "batter": "L Mophakedi",
              "bowler": "O Matsolo",
              "extras": {
                "wides": 1
              },
              "non_striker": "O Batisani",
              "runs": {
                "batter": 0,
                "extras": 1,
                "total": 1
              }
            },
            {
              "batter": "L Mophakedi",
              "bowler": "O Matsolo",
              "non_striker": "O Batisani",
              "runs": {
                "batter": 0,
                "extras": 0,
                "total": 0
              }
            },
            {
              "batter": "L Mophakedi",
              "bowler": "O Matsolo",
              "non_striker": "O Batisani",
              "runs": {
                "batter": 1,
                "extras": 0,
                "total": 1
              }
            },
            {
              "batter": "O Batisani",
              "bowler": "O Matsolo",
              "non_striker": "L Mophakedi",
              "runs": {
                "batter": 0,
                "extras": 0,
                "total": 0
              }
            },
            {
              "batter": "O Batisani",
              "bowler": "O Matsolo",
              "non_striker": "L Mophakedi",
              "runs": {
                "batter": 4,
                "extras": 0,
                "total": 4
              }
            },
            {
              "batter": "O Batisani",
              "bowler": "O Matsolo",
              "non_striker": "L Mophakedi",
              "runs": {
                "batter": 0,
                "extras": 0,
                "total": 0
              }
            },
            {
              "batter": "O Batisani",
              "bowler": "O Matsolo",
              "non_striker": "L Mophakedi",
              "runs": {
                "batter": 1,
                "extras": 0,
                "total": 1
              }
            }
          ]
        },
        {
          "over": 10,
          "deliveries": [
            {
              "batter": "O Batisani",
              "bowler": "I Chuma",
              "extras": {
                "legbyes": 1
              },
              "non_striker": "L Mophakedi",
              "runs": {
                "batter": 0,
                "extras": 1,
                "total": 1
              }
            },
            {
              "batter": "L Mophakedi",
              "bowler": "I Chuma",
              "extras": {
                "wides": 1
              },
              "non_striker": "O Batisani",
              "runs": {
                "batter": 0,
                "extras": 1,
                "total": 1
              }
            },
            {
              "batter": "L Mophakedi",
              "bowler": "I Chuma",
              "extras": {
                "wides": 1
              },
              "non_striker": "O Batisani",
              "runs": {
                "batter": 0,
                "extras": 1,
                "total": 1
              }
            },
            {
              "batter": "L Mophakedi",
              "bowler": "I Chuma",
              "extras": {
                "wides": 1
              },
              "non_striker": "O Batisani",
              "runs": {
                "batter": 0,
                "extras": 1,
                "total": 1
              }
            },
            {
              "batter": "L Mophakedi",
              "bowler": "I Chuma",
              "non_striker": "O Batisani",
              "runs": {
                "batter": 1,
                "extras": 0,
                "total": 1
              }
            },
            {
              "batter": "O Batisani",
              "bowler": "I Chuma",
              "non_striker": "L Mophakedi",
              "runs": {
                "batter": 1,
                "extras": 0,
                "total": 1
              }
            },
            {
              "batter": "L Mophakedi",
              "bowler": "I Chuma",
              "non_striker": "O Batisani",
              "runs": {
                "batter": 1,
                "extras": 0,
                "total": 1
              }
            },
            {
              "batter": "O Batisani",
              "bowler": "I Chuma",
              "non_striker": "L Mophakedi",
              "runs": {
                "batter": 0,
                "extras": 0,
                "total": 0
              }
            },
            {
              "batter": "O Batisani",
              "bowler": "I Chuma",
              "non_striker": "L Mophakedi",
              "runs": {
                "batter": 4,
                "extras": 0,
                "total": 4
              }
            }
          ]
        },
        {
          "over": 11,
          "deliveries": [
            {
              "batter": "L Mophakedi",
              "bowler": "O Matsolo",
              "non_striker": "O Batisani",
              "runs": {
                "batter": 1,
                "extras": 0,
                "total": 1
              }
            },
            {
              "batter": "O Batisani",
              "bowler": "O Matsolo",
              "non_striker": "L Mophakedi",
              "runs": {
                "batter": 0,
                "extras": 0,
                "total": 0
              }
            },
            {
              "batter": "O Batisani",
              "bowler": "O Matsolo",
              "non_striker": "L Mophakedi",
              "runs": {
                "batter": 0,
                "extras": 0,
                "total": 0
              }
            },
            {
              "batter": "O Batisani",
              "bowler": "O Matsolo",
              "non_striker": "L Mophakedi",
              "runs": {
                "batter": 4,
                "extras": 0,
                "total": 4
              }
            }
          ]
        }
      ],
      "powerplays": [
        {
          "from": 0.1,
          "to": 5.8,
          "type": "mandatory"
        }
      ],
      "target": {
        "overs": 20,
        "runs": 81
      }
    }
  ]
}