{
  "meta": {
    "data_version": "1.0.0",
    "created": "2020-06-23",
    "revision": 2
  },
  "info": {
    "balls_per_over": 6,
    "city": "Gaborone",
    "dates": [
      "2018-08-25"
    ],
    "event": {
      "name": "Botswana Cricket Association Women's T20I Series",
      "stage": "5th Place Play-Off"
    },
    "gender": "female",
    "match_type": "T20",
    "match_type_number": 488,
    "missing": [
      "umpires",
      "player_of_match"
    ],
    "outcome": {
      "winner": "Malawi",
      "by": {
        "wickets": 9
      }
    },
    "overs": 20,
    "players": {
      "Lesotho": [
        "T Kobeli",
        "T Khabo",
        "N Tsiame",
        "R Khasana",
        "M Moalosi",
        "L Khotso",
        "M Mohasane",
        "T Ramabitsa",
        "P Pheko",
        "T Koloi",
        "B Phelenyane"
      ],
      "Malawi": [
        "M Mabvuka",
        "T Tereza",
        "D Ndipo",
        "T Chabila",
        "V Phiri",
        "B Ndipo",
        "M Dailesi",
        "D Dzimau",
        "S Dzimau",
        "S Hussein",
        "T Luka"
      ]
    },
    "registry": {
      "people": {
        "B Ndipo": "5e118871",
        "B Phelenyane": "c982ad6f",
        "D Dzimau": "1191807f",
        "D Ndipo": "38e55b24",
        "L Khotso": "99772efd",
        "M Dailesi": "1aa600b6",
        "M Mabvuka": "6061de69",
        "M Moalosi": "34628c4a",
        "M Mohasane": "210aa845",
        "N Tsiame": "62ee887e",
        "P Pheko": "24e0b90f",
        "R Khasana": "5a6b2c1d",
        "S Dzimau": "4fc3eddf",
        "S Hussein": "5bb73a3c",
        "T Chabila": "f18b67a3",
        "T Khabo": "7be9cb29",
        "T Kobeli": "10f52b3a",
        "T Koloi": "97b1bd58",
        "T Luka": "44e008a5",
        "T Ramabitsa": "3a341948",
        "T Tereza": "167ccf56",
        "V Phiri": "8ffa1b3c"
      }
    },
    "season": "2018",
    "team_type": "international",
    "teams": [
      "Lesotho",
      "Malawi"
    ],
    "toss": {
      "decision": "field",
      "winner": "Malawi"
    },
    "venue": "Botswana Cricket Association Oval 1"
  },
  "innings": [
    {
      "team": "Lesotho",
      "overs": [
        {
          "over": 0,
          "deliveries": [
            {
              "batter": "T Kobeli",
              "bowler": "S Hussein",
              "non_striker": "T Khabo",
              "runs": {
                "batter": 0,
                "extras": 0,
                "total": 0
              }
            },
            {
              "batter": "T Kobeli",
              "bowler": "S Hussein",
              "non_striker": "T Khabo",
              "runs": {
                "batter": 0,
                "extras": 0,
                "total": 0
              }
            },
            {
              "batter": "T Kobeli",
              "bowler": "S Hussein",
              "non_striker": "T Khabo",
              "runs": {
                "batter": 0,
                "extras": 0,
                "total": 0
              }
            },
            {
              "batter": "T Kobeli",
              "bowler": "S Hussein",
              "non_striker": "T Khabo",
              "runs": {
                "batter": 0,
                "extras": 0,
                "total": 0
              }
            },
            {
              "batter": "T Kobeli",
              "bowler": "S Hussein",
              "non_striker": "T Khabo",
              "runs": {
                "batter": 0,
                "extras": 0,
                "total": 0
              }
            },
            {
              "batter": "T Kobeli",
              "bowler": "S Hussein",
              "non_striker": "T Khabo",
              "runs": {
                "batter": 0,
                "extras": 0,
                "total": 0
              }
            }
          ]
        },
        {
          "over": 1,
          "deliveries": [
            {
              "batter": "T Khabo",
              "bowler": "D Dzimau",
              "non_striker": "T Kobeli",
              "runs": {
                "batter": 1,
                "extras": 0,
                "total": 1
              }
            },
            {
              "batter": "T Kobeli",
              "bowler": "D Dzimau",
              "non_striker": "T Khabo",
              "runs": {
                "batter": 0,
                "extras": 0,
                "total": 0
              },
              "wickets": [
                {
                  "player_out": "T Kobeli",
                  "kind": "lbw"
                }
              ]
            },
            {
              "batter": "N Tsiame",
              "bowler": "D Dzimau",
              "non_striker": "T Khabo",
              "runs": {
                "batter": 0,
                "extras": 0,
                "total": 0
              }
            },
            {
              "batter": "N Tsiame",
              "bowler": "D Dzimau",
              "non_striker": "T Khabo",
              "runs": {
                "batter": 0,
                "extras": 0,
                "total": 0
              }
            },
            {
              "batter": "N Tsiame",
              "bowler": "D Dzimau",
              "non_striker": "T Khabo",
              "runs": {
                "batter": 1,
                "extras": 0,
                "total": 1
              }
            },
            {
              "batter": "T Khabo",
              "bowler": "D Dzimau",
              "non_striker": "N Tsiame",
              "runs": {
                "batter": 0,
                "extras": 0,
                "total": 0
              }
            }
          ]
        },
        {
          "over": 2,
          "deliveries": [
            {
              "batter": "N Tsiame",
              "bowler": "S Hussein",
              "non_striker": "T Khabo",
              "runs": {
                "batter": 0,
                "extras": 0,
                "total": 0
              },
              "wickets": [
                {
                  "player_out": "N Tsiame",
                  "kind": "bowled"
                }
              ]
            },
            {
              "batter": "R Khasana",
              "bowler": "S Hussein",
              "non_striker": "T Khabo",
              "runs": {
                "batter": 1,
                "extras": 0,
                "total": 1
              }
            },
            {
              "batter": "T Khabo",
              "bowler": "S Hussein",
              "non_striker": "R Khasana",
              "runs": {
                "batter": 0,
                "extras": 0,
                "total": 0
              }
            },
            {
              "batter": "T Khabo",
              "bowler": "S Hussein",
              "non_striker": "R Khasana",
              "runs": {
                "batter": 0,
                "extras": 0,
                "total": 0
              }
            },
            {
              "batter": "T Khabo",
              "bowler": "S Hussein",
              "non_striker": "R Khasana",
              "runs": {
                "batter": 1,
                "extras": 0,
                "total": 1
              }
            },
            {
              "batter": "R Khasana",
              "bowler": "S Hussein",
              "non_striker": "T Khabo",
              "runs": {
                "batter": 0,
                "extras": 0,
                "total": 0
              }
            }
          ]
        },
        {
          "over": 3,
          "deliveries": [
            {
              "batter": "T Khabo",
              "bowler": "D Dzimau",
              "non_striker": "R Khasana",
              "runs": {
                "batter": 0,
                "extras": 0,
                "total": 0
              }
            },
            {
              "batter": "T Khabo",
              "bowler": "D Dzimau",
              "non_striker": "R Khasana",
              "runs": {
                "batter": 0,
                "extras": 0,
                "total": 0
              }
            },
            {
              "batter": "T Khabo",
              "bowler": "D Dzimau",
              "non_striker": "R Khasana",
              "runs": {
                "batter": 1,
                "extras": 0,
                "total": 1
              }
            },
            {
              "batter": "T Khabo",
              "bowler": "D Dzimau",
              "extras": {
                "wides": 1
              },
              "non_striker": "R Khasana",
              "runs": {
                "batter": 0,
                "extras": 1,
                "total": 1
              }
            },
            {
              "batter": "T Khabo",
              "bowler": "D Dzimau",
              "extras": {
                "noballs": 1
              },
              "non_striker": "R Khasana",
              "runs": {
                "batter": 1,
                "extras": 1,
                "total": 2
              }
            },
            {
              "batter": "R Khasana",
              "bowler": "D Dzimau",
              "non_striker": "T Khabo",
              "runs": {
                "batter": 0,
                "extras": 0,
                "total": 0
              }
            },
            {
              "batter": "R Khasana",
              "bowler": "D Dzimau",
              "non_striker": "T Khabo",
              "runs": {
                "batter": 1,
                "extras": 0,
                "total": 1
              }
            },
            {
              "batter": "T Khabo",
              "bowler": "D Dzimau",
              "non_striker": "R Khasana",
              "runs": {
                "batter": 0,
                "extras": 0,
                "total": 0
              }
            }
          ]
        },
        {
          "over": 4,
          "deliveries": [
            {
              "batter": "R Khasana",
              "bowler": "T Luka",
              "non_striker": "T Khabo",
              "runs": {
                "batter": 0,
                "extras": 0,
                "total": 0
              }
            },
            {
              "batter": "R Khasana",
              "bowler": "T Luka",
              "non_striker": "T Khabo",
              "runs": {
                "batter": 4,
                "extras": 0,
                "total": 4
              }
            },
            {
              "batter": "R Khasana",
              "bowler": "T Luka",
              "non_striker": "T Khabo",
              "runs": {
                "batter": 0,
                "extras": 0,
                "total": 0
              },
              "wickets": [
                {
                  "player_out": "R Khasana",
                  "kind": "bowled"
                }
              ]
            },
            {
              "batter": "M Moalosi",
              "bowler": "T Luka",
              "non_striker": "T Khabo",
              "runs": {
                "batter": 0,
                "extras": 0,
                "total": 0
              }
            },
            {
              "batter": "M Moalosi",
              "bowler": "T Luka",
              "non_striker": "T Khabo",
              "runs": {
                "batter": 1,
                "extras": 0,
                "total": 1
              }
            },
            {
              "batter": "T Khabo",
              "bowler": "T Luka",
              "non_striker": "M Moalosi",
              "runs": {
                "batter": 0,
                "extras": 0,
                "total": 0
              }
            }
          ]
        },
        {
          "over": 5,
          "deliveries": [
            {
              "batter": "M Moalosi",
              "bowler": "B Ndipo",
              "non_striker": "T Khabo",
              "runs": {
                "batter": 1,
                "extras": 0,
                "total": 1
              }
            },
            {
              "batter": "T Khabo",
              "bowler": "B Ndipo",
              "non_striker": "M Moalosi",
              "runs": {
                "batter": 2,
                "extras": 0,
                "total": 2
              }
            },
            {
              "batter": "T Khabo",
              "bowler": "B Ndipo",
              "non_striker": "M Moalosi",
              "runs": {
                "batter": 0,
                "extras": 0,
                "total": 0
              }
            },
            {
              "batter": "T Khabo",
              "bowler": "B Ndipo",
              "non_striker": "M Moalosi",
              "runs": {
                "batter": 0,
                "extras": 0,
                "total": 0
              }
            },
            {
              "batter": "T Khabo",
              "bowler": "B Ndipo",
              "extras": {
                "wides": 1
              },
              "non_striker": "M Moalosi",
              "runs": {
                "batter": 0,
                "extras": 1,
                "total": 1
              }
            },
            {
              "batter": "T Khabo",
              "bowler": "B Ndipo",
              "non_striker": "M Moalosi",
              "runs": {
                "batter": 0,
                "extras": 0,
                "total": 0
              }
            },
            {
              "batter": "T Khabo",
              "bowler": "B Ndipo",
              "non_striker": "M Moalosi",
              "runs": {
                "batter": 0,
                "extras": 0,
                "total": 0
              }
            }
          ]
        },
        {
          "over": 6,
          "deliveries": [
            {
              "batter": "M Moalosi",
              "bowler": "T Luka",
              "non_striker": "T Khabo",
              "runs": {
                "batter": 0,
                "extras": 0,
                "total": 0
              }
            },
            {
              "batter": "M Moalosi",
              "bowler": "T Luka",
              "non_striker": "T Khabo",
              "runs": {
                "batter": 1,
                "extras": 0,
                "total": 1
              }
            },
            {
              "batter": "T Khabo",
              "bowler": "T Luka",
              "non_striker": "M Moalosi",
              "runs": {
                "batter": 0,
                "extras": 0,
                "total": 0
              }
            },
            {
              "batter": "T Khabo",
              "bowler": "T Luka",
              "non_striker": "M Moalosi",
              "runs": {
                "batter": 1,
                "extras": 0,
                "total": 1
              }
            },
            {
              "batter": "M Moalosi",
              "bowler": "T Luka",
              "non_striker": "T Khabo",
              "runs": {
                "batter": 0,
                "extras": 0,
                "total": 0
              }
            },
            {
              "batter": "M Moalosi",
              "bowler": "T Luka",
              "non_striker": "T Khabo",
              "runs": {
                "batter": 0,
                "extras": 0,
                "total": 0
              },
              "wickets": [
                {
                  "player_out": "M Moalosi",
                  "kind": "run out"
                }
              ]
            }
          ]
        },
        {
          "over": 7,
          "deliveries": [
            {
              "batter": "L Khotso",
              "bowler": "B Ndipo",
              "non_striker": "T Khabo",
              "runs": {
                "batter": 0,
                "extras": 0,
                "total": 0
              }
            },
            {
              "batter": "L Khotso",
              "bowler": "B Ndipo",
              "non_striker": "T Khabo",
              "runs": {
                "batter": 0,
                "extras": 0,
                "total": 0
              }
            },
            {
              "batter": "L Khotso",
              "bowler": "B Ndipo",
              "non_striker": "T Khabo",
              "runs": {
                "batter": 0,
                "extras": 0,
                "total": 0
              }
            },
            {
              "batter": "L Khotso",
              "bowler": "B Ndipo",
              "non_striker": "T Khabo",
              "runs": {
                "batter": 0,
                "extras": 0,
                "total": 0
              }
            },
            {
              "batter": "L Khotso",
              "bowler": "B Ndipo",
              "non_striker": "T Khabo",
              "runs": {
                "batter": 0,
                "extras": 0,
                "total": 0
              }
            },
            {
              "batter": "L Khotso",
              "bowler": "B Ndipo",
              "non_striker": "T Khabo",
              "runs": {
                "batter": 0,
                "extras": 0,
                "total": 0
              }
            }
          ]
        },
        {
          "over": 8,
          "deliveries": [
            {
              "batter": "T Khabo",
              "bowler": "V Phiri",
              "non_striker": "L Khotso",
              "runs": {
                "batter": 0,
                "extras": 0,
                "total": 0
              }
            },
            {
              "batter": "T Khabo",
              "bowler": "V Phiri",
              "non_striker": "L Khotso",
              "runs": {
                "batter": 0,
                "extras": 0,
                "total": 0
              }
            },
            {
              "batter": "T Khabo",
              "bowler": "V Phiri",
              "non_striker": "L Khotso",
              "runs": {
                "batter": 1,
                "extras": 0,
                "total": 1
              }
            },
            {
              "batter": "L Khotso",
              "bowler": "V Phiri",
              "non_striker": "T Khabo",
              "runs": {
                "batter": 0,
                "extras": 0,
                "total": 0
              },
              "wickets": [
                {
                  "player_out": "L Khotso",
                  "kind": "bowled"
                }
              ]
            },
            {
              "batter": "M Mohasane",
              "bowler": "V Phiri",
              "non_striker": "T Khabo",
              "runs": {
                "batter": 0,
                "extras": 0,
                "total": 0
              }
            },
            {
              "batter": "M Mohasane",
              "bowler": "V Phiri",
              "non_striker": "T Khabo",
              "runs": {
                "batter": 1,
                "extras": 0,
                "total": 1
              }
            }
          ]
        },
        {
          "over": 9,
          "deliveries": [
            {
              "batter": "M Mohasane",
              "bowler": "T Luka",
              "non_striker": "T Khabo",
              "runs": {
                "batter": 0,
                "extras": 0,
                "total": 0
              },
              "wickets": [
                {
                  "player_out": "M Mohasane",
                  "fielders": [
                    {
                      "name": "S Hussein"
                    }
                  ],
                  "kind": "caught"
                }
              ]
            },
            {
              "batter": "T Ramabitsa",
              "bowler": "T Luka",
              "non_striker": "T Khabo",
              "runs": {
                "batter": 4,
                "extras": 0,
                "total": 4
              }
            },
            {
              "batter": "T Ramabitsa",
              "bowler": "T Luka",
              "extras": {
                "byes": 1
              },
              "non_striker": "T Khabo",
              "runs": {
                "batter": 0,
                "extras": 1,
                "total": 1
              }
            },
            {
              "batter": "T Khabo",
              "bowler": "T Luka",
              "extras": {
                "wides": 1
              },
              "non_striker": "T Ramabitsa",
              "runs": {
                "batter": 0,
                "extras": 1,
                "total": 1
              }
            },
            {
              "batter": "T Khabo",
              "bowler": "T Luka",
              "non_striker": "T Ramabitsa",
              "runs": {
                "batter": 0,
                "extras": 0,
                "total": 0
              }
            },
            {
              "batter": "T Khabo",
              "bowler": "T Luka",
              "non_striker": "T Ramabitsa",
              "runs": {
                "batter": 0,
                "extras": 0,
                "total": 0
              }
            },
            {
              "batter": "T Khabo",
              "bowler": "T Luka",
              "non_striker": "T Ramabitsa",
              "runs": {
                "batter": 0,
                "extras": 0,
                "total": 0
              }
            }
          ]
        },
        {
          "over": 10,
          "deliveries": [
            {
              "batter": "T Ramabitsa",
              "bowler": "S Hussein",
              "non_striker": "T Khabo",
              "runs": {
                "batter": 1,
                "extras": 0,
                "total": 1
              }
            },
            {
              "batter": "T Khabo",
              "bowler": "S Hussein",
              "non_striker": "T Ramabitsa",
              "runs": {
                "batter": 0,
                "extras": 0,
                "total": 0
              }
            },
            {
              "batter": "T Khabo",
              "bowler": "S Hussein",
              "non_striker": "T Ramabitsa",
              "runs": {
                "batter": 0,
                "extras": 0,
                "total": 0
              }
            },
            {
              "batter": "T Khabo",
              "bowler": "S Hussein",
              "non_striker": "T Ramabitsa",
              "runs": {
                "batter": 0,
                "extras": 0,
                "total": 0
              }
            },
            {
              "batter": "T Khabo",
              "bowler": "S Hussein",
              "non_striker": "T Ramabitsa",
              "runs": {
                "batter": 0,
                "extras": 0,
                "total": 0
              }
            },
            {
              "batter": "T Khabo",
              "bowler": "S Hussein",
              "extras": {
                "wides": 1
              },
              "non_striker": "T Ramabitsa",
              "runs": {
                "batter": 0,
                "extras": 1,
                "total": 1
              }
            },
            {
              "batter": "T Khabo",
              "bowler": "S Hussein",
              "non_striker": "T Ramabitsa",
              "runs": {
                "batter": 0,
                "extras": 0,
                "total": 0
              }
            }
          ]
        },
        {
          "over": 11,
          "deliveries": [
            {
              "batter": "T Ramabitsa",
              "bowler": "T Chabila",
              "non_striker": "T Khabo",
              "runs": {
                "batter": 0,
                "extras": 0,
                "total": 0
              }
            },
            {
              "batter": "T Ramabitsa",
              "bowler": "T Chabila",
              "non_striker": "T Khabo",
              "runs": {
                "batter": 1,
                "extras": 0,
                "total": 1
              }
            },
            {
              "batter": "T Khabo",
              "bowler": "T Chabila",
              "extras": {
                "wides": 1
              },
              "non_striker": "T Ramabitsa",
              "runs": {
                "batter": 0,
                "extras": 1,
                "total": 1
              }
            },
            {
              "batter": "T Khabo",
              "bowler": "T Chabila",
              "extras": {
                "wides": 1
              },
              "non_striker": "T Ramabitsa",
              "runs": {
                "batter": 0,
                "extras": 1,
                "total": 1
              }
            },
            {
              "batter": "T Khabo",
              "bowler": "T Chabila",
              "extras": {
                "wides": 1
              },
              "non_striker": "T Ramabitsa",
              "runs": {
                "batter": 0,
                "extras": 1,
                "total": 1
              }
            },
            {
              "batter": "T Khabo",
              "bowler": "T Chabila",
              "non_striker": "T Ramabitsa",
              "runs": {
                "batter": 0,
                "extras": 0,
                "total": 0
              }
            },
            {
              "batter": "T Khabo",
              "bowler": "T Chabila",
              "non_striker": "T Ramabitsa",
              "runs": {
                "batter": 2,
                "extras": 0,
                "total": 2
              }
            },
            {
              "batter": "T Khabo",
              "bowler": "T Chabila",
              "non_striker": "T Ramabitsa",
              "runs": {
                "batter": 0,
                "extras": 0,
                "total": 0
              }
            },
            {
              "batter": "T Khabo",
              "bowler": "T Chabila",
              "non_striker": "T Ramabitsa",
              "runs": {
                "batter": 0,
                "extras": 0,
                "total": 0
              }
            }
          ]
        },
        {
          "over": 12,
          "deliveries": [
            {
              "batter": "T Ramabitsa",
              "bowler": "D Dzimau",
              "non_striker": "T Khabo",
              "runs": {
                "batter": 4,
                "extras": 0,
                "total": 4
              }
            },
            {
              "batter": "T Ramabitsa",
              "bowler": "D Dzimau",
              "non_striker": "T Khabo",
              "runs": {
                "batter": 0,
                "extras": 0,
                "total": 0
              }
            },
            {
              "batter": "T Ramabitsa",
              "bowler": "D Dzimau",
              "non_striker": "T Khabo",
              "runs": {
                "batter": 0,
                "extras": 0,
                "total": 0
              }
            },
            {
              "batter": "T Ramabitsa",
              "bowler": "D Dzimau",
              "non_striker": "T Khabo",
              "runs": {
                "batter": 0,
                "extras": 0,
                "total": 0
              }
            },
            {
              "batter": "T Ramabitsa",
              "bowler": "D Dzimau",
              "non_striker": "T Khabo",
              "runs": {
                "batter": 0,
                "extras": 0,
                "total": 0
              }
            },
            {
              "batter": "T Ramabitsa",
              "bowler": "D Dzimau",
              "non_striker": "T Khabo",
              "runs": {
                "batter": 0,
                "extras": 0,
                "total": 0
              }
            }
          ]
        },
        {
          "over": 13,
          "deliveries": [
            {
              "batter": "T Khabo",
              "bowler": "V Phiri",
              "non_striker": "T Ramabitsa",
              "runs": {
                "batter": 1,
                "extras": 0,
                "total": 1
              }
            },
            {
              "batter": "T Ramabitsa",
              "bowler": "V Phiri",
              "non_striker": "T Khabo",
              "runs": {
                "batter": 1,
                "extras": 0,
                "total": 1
              }
            },
            {
              "batter": "T Khabo",
              "bowler": "V Phiri",
              "non_striker": "T Ramabitsa",
              "runs": {
                "batter": 0,
                "extras": 0,
                "total": 0
              }
            },
            {
              "batter": "T Khabo",
              "bowler": "V Phiri",
              "non_striker": "T Ramabitsa",
              "runs": {
                "batter": 0,
                "extras": 0,
                "total": 0
              }
            },
            {
              "batter": "T Khabo",
              "bowler": "V Phiri",
              "non_striker": "T Ramabitsa",
              "runs": {
                "batter": 0,
                "extras": 0,
                "total": 0
              }
            },
            {
              "batter": "T Khabo",
              "bowler": "V Phiri",
              "non_striker": "T Ramabitsa",
              "runs": {
                "batter": 0,
                "extras": 0,
                "total": 0
              }
            }
          ]
        },
        {
          "over": 14,
          "deliveries": [
            {
              "batter": "T Ramabitsa",
              "bowler": "B Ndipo",
              "non_striker": "T Khabo",
              "runs": {
                "batter": 0,
                "extras": 0,
                "total": 0
              }
            },
            {
              "batter": "T Ramabitsa",
              "bowler": "B Ndipo",
              "non_striker": "T Khabo",
              "runs": {
                "batter": 0,
                "extras": 0,
                "total": 0
              }
            },
            {
              "batter": "T Ramabitsa",
              "bowler": "B Ndipo",
              "extras": {
                "wides": 1
              },
              "non_striker": "T Khabo",
              "runs": {
                "batter": 0,
                "extras": 1,
                "total": 1
              }
            },
            {
              "batter": "T Ramabitsa",
              "bowler": "B Ndipo",
              "non_striker": "T Khabo",
              "runs": {
                "batter": 0,
                "extras": 0,
                "total": 0
              },
              "wickets": [
                {
                  "player_out": "T Ramabitsa",
                  "fielders": [
                    {
                      "name": "D Ndipo"
                    }
                  ],
                  "kind": "caught"
                }
              ]
            },
            {
              "batter": "P Pheko",
              "bowler": "B Ndipo",
              "extras": {
                "wides": 1
              },
              "non_striker": "T Khabo",
              "runs": {
                "batter": 0,
                "extras": 1,
                "total": 1
              }
            },
            {
              "batter": "P Pheko",
              "bowler": "B Ndipo",
              "non_striker": "T Khabo",
              "runs": {
                "batter": 0,
                "extras": 0,
                "total": 0
              }
            },
            {
              "batter": "P Pheko",
              "bowler": "B Ndipo",
              "non_striker": "T Khabo",
              "runs": {
                "batter": 0,
                "extras": 0,
                "total": 0
              }
            },
            {
              "batter": "P Pheko",
              "bowler": "B Ndipo",
              "non_striker": "T Khabo",
              "runs": {
                "batter": 0,
                "extras": 0,
                "total": 0
              },
              "wickets": [
                {
                  "player_out": "P Pheko",
                  "kind": "run out"
                }
              ]
            }
          ]
        },
        {
          "over": 15,
          "deliveries": [
            {
              "batter": "T Koloi",
              "bowler": "T Luka",
              "non_striker": "T Khabo",
              "runs": {
                "batter": 0,
                "extras": 0,
                "total": 0
              }
            },
            {
              "batter": "T Koloi",
              "bowler": "T Luka",
              "non_striker": "T Khabo",
              "runs": {
                "batter": 1,
                "extras": 0,
                "total": 1
              },
              "wickets": [
                {
                  "player_out": "T Koloi",
                  "kind": "run out"
                }
              ]
            },
            {
              "batter": "B Phelenyane",
              "bowler": "T Luka",
              "extras": {
                "wides": 1
              },
              "non_striker": "T Khabo",
              "runs": {
                "batter": 0,
                "extras": 1,
                "total": 1
              }
            },
            {
              "batter": "B Phelenyane",
              "bowler": "T Luka",
              "extras": {
                "wides": 1
              },
              "non_striker": "T Khabo",
              "runs": {
                "batter": 0,
                "extras": 1,
                "total": 1
              }
            },
            {
              "batter": "B Phelenyane",
              "bowler": "T Luka",
              "non_striker": "T Khabo",
              "runs": {
                "batter": 0,
                "extras": 0,
                "total": 0
              }
            },
            {
              "batter": "B Phelenyane",
              "bowler": "T Luka",
              "non_striker": "T Khabo",
              "runs": {
                "batter": 0,
                "extras": 0,
                "total": 0
              }
            },
            {
              "batter": "B Phelenyane",
              "bowler": "T Luka",
              "non_striker": "T Khabo",
              "runs": {
                "batter": 0,
                "extras": 0,
                "total": 0
              }
            },
            {
              "batter": "B Phelenyane",
              "bowler": "T Luka",
              "non_striker": "T Khabo",
              "runs": {
                "batter": 0,
                "extras": 0,
                "total": 0
              }
            }
          ]
        },
        {
          "over": 16,
          "deliveries": [
            {
              "batter": "T Khabo",
              "bowler": "S Hussein",
              "non_striker": "B Phelenyane",
              "runs": {
                "batter": 0,
                "extras": 0,
                "total": 0
              }
            },
            {
              "batter": "T Khabo",
              "bowler": "S Hussein",
              "non_striker": "B Phelenyane",
              "runs": {
                "batter": 0,
                "extras": 0,
                "total": 0
              }
            },
            {
              "batter": "T Khabo",
              "bowler": "S Hussein",
              "non_striker": "B Phelenyane",
              "runs": {
                "batter": 1,
                "extras": 0,
                "total": 1
              }
            },
            {
              "batter": "B Phelenyane",
              "bowler": "S Hussein",
              "non_striker": "T Khabo",
              "runs": {
                "batter": 0,
                "extras": 0,
                "total": 0
              }
            },
            {
              "batter": "B Phelenyane",
              "bowler": "S Hussein",
              "extras": {
                "legbyes": 1
              },
              "non_striker": "T Khabo",
              "runs": {
                "batter": 0,
                "extras": 1,
                "total": 1
              }
            },
            {
              "batter": "T Khabo",
              "bowler": "S Hussein",
              "non_striker": "B Phelenyane",
              "runs": {
                "batter": 0,
                "extras": 0,
                "total": 0
              }
            }
          ]
        },
        {
          "over": 17,
          "deliveries": [
            {
              "batter": "B Phelenyane",
              "bowler": "D Dzimau",
              "non_striker": "T Khabo",
              "runs": {
                "batter": 0,
                "extras": 0,
                "total": 0
              }
            },
            {
              "batter": "B Phelenyane",
              "bowler": "D Dzimau",
              "non_striker": "T Khabo",
              "runs": {
                "batter": 0,
                "extras": 0,
                "total": 0
              }
            },
            {
              "batter": "B Phelenyane",
              "bowler": "D Dzimau",
              "non_striker": "T Khabo",
              "runs": {
                "batter": 0,
                "extras": 0,
                "total": 0
              },
              "wickets": [
                {
                  "player_out": "B Phelenyane",
                  "kind": "bowled"
                }
              ]
            }
          ]
        }
      ],
      "powerplays": [
        {
          "from": 0.1,
          "to": 5.7,
          "type": "mandatory"
        }
      ]
    },
    {
      "team": "Malawi",
      "overs": [
        {
          "over": 0,
          "deliveries": [
            {
              "batter": "M Mabvuka",
              "bowler": "T Khabo",
              "non_striker": "T Tereza",
              "runs": {
                "batter": 0,
                "extras": 0,
                "total": 0
              }
            },
            {
              "batter": "M Mabvuka",
              "bowler": "T Khabo",
              "non_striker": "T Tereza",
              "runs": {
                "batter": 4,
                "extras": 0,
                "total": 4
              }
            },
            {
              "batter": "M Mabvuka",
              "bowler": "T Khabo",
              "non_striker": "T Tereza",
              "runs": {
                "batter": 1,
                "extras": 0,
                "total": 1
              }
            },
            {
              "batter": "T Tereza",
              "bowler": "T Khabo",
              "non_striker": "M Mabvuka",
              "runs": {
                "batter": 0,
                "extras": 0,
                "total": 0
              }
            },
            {
              "batter": "T Tereza",
              "bowler": "T Khabo",
              "non_striker": "M Mabvuka",
              "runs": {
                "batter": 4,
                "extras": 0,
                "total": 4
              }
            },
            {
              "batter": "T Tereza",
              "bowler": "T Khabo",
              "extras": {
                "wides": 2
              },
              "non_striker": "M Mabvuka",
              "runs": {
                "batter": 0,
                "extras": 2,
                "total": 2
              }
            },
            {
              "batter": "M Mabvuka",
              "bowler": "T Khabo",
              "non_striker": "T Tereza",
              "runs": {
                "batter": 0,
                "extras": 0,
                "total": 0
              }
            }
          ]
        },
        {
          "over": 1,
          "deliveries": [
            {
              "batter": "T Tereza",
              "bowler": "B Phelenyane",
              "non_striker": "M Mabvuka",
              "runs": {
                "batter": 1,
                "extras": 0,
                "total": 1
              }
            },
            {
              "batter": "M Mabvuka",
              "bowler": "B Phelenyane",
              "non_striker": "T Tereza",
              "runs": {
                "batter": 0,
                "extras": 0,
                "total": 0
              }
            },
            {
              "batter": "M Mabvuka",
              "bowler": "B Phelenyane",
              "non_striker": "T Tereza",
              "runs": {
                "batter": 0,
                "extras": 0,
                "total": 0
              }
            },
            {
              "batter": "M Mabvuka",
              "bowler": "B Phelenyane",
              "non_striker": "T Tereza",
              "runs": {
                "batter": 0,
                "extras": 0,
                "total": 0
              }
            },
            {
              "batter": "M Mabvuka",
              "bowler": "B Phelenyane",
              "extras": {
                "wides": 1
              },
              "non_striker": "T Tereza",
              "runs": {
                "batter": 0,
                "extras": 1,
                "total": 1
              }
            },
            {
              "batter": "M Mabvuka",
              "bowler": "B Phelenyane",
              "non_striker": "T Tereza",
              "runs": {
                "batter": 2,
                "extras": 0,
                "total": 2
              }
            },
            {
              "batter": "M Mabvuka",
              "bowler": "B Phelenyane",
              "non_striker": "T Tereza",
              "runs": {
                "batter": 4,
                "extras": 0,
                "total": 4
              }
            }
          ]
        },
        {
          "over": 2,
          "deliveries": [
            {
              "batter": "T Tereza",
              "bowler": "T Khabo",
              "non_striker": "M Mabvuka",
              "runs": {
                "batter": 0,
                "extras": 0,
                "total": 0
              }
            },
            {
              "batter": "T Tereza",
              "bowler": "T Khabo",
              "extras": {
                "wides": 3
              },
              "non_striker": "M Mabvuka",
              "runs": {
                "batter": 0,
                "extras": 3,
                "total": 3
              }
            },
            {
              "batter": "T Tereza",
              "bowler": "T Khabo",
              "non_striker": "M Mabvuka",
              "runs": {
                "batter": 0,
                "extras": 0,
                "total": 0
              }
            },
            {
              "batter": "T Tereza",
              "bowler": "T Khabo",
              "non_striker": "M Mabvuka",
              "runs": {
                "batter": 0,
                "extras": 0,
                "total": 0
              }
            },
            {
              "batter": "T Tereza",
              "bowler": "T Khabo",
              "extras": {
                "byes": 1
              },
              "non_striker": "M Mabvuka",
              "runs": {
                "batter": 0,
                "extras": 1,
                "total": 1
              }
            },
            {
              "batter": "M Mabvuka",
              "bowler": "T Khabo",
              "non_striker": "T Tereza",
              "runs": {
                "batter": 0,
                "extras": 0,
                "total": 0
              }
            },
            {
              "batter": "M Mabvuka",
              "bowler": "T Khabo",
              "non_striker": "T Tereza",
              "runs": {
                "batter": 0,
                "extras": 0,
                "total": 0
              }
            }
          ]
        },
        {
          "over": 3,
          "deliveries": [
            {
              "batter": "T Tereza",
              "bowler": "B Phelenyane",
              "non_striker": "M Mabvuka",
              "runs": {
                "batter": 1,
                "extras": 0,
                "total": 1
              }
            },
            {
              "batter": "M Mabvuka",
              "bowler": "B Phelenyane",
              "extras": {
                "legbyes": 1
              },
              "non_striker": "T Tereza",
              "runs": {
                "batter": 0,
                "extras": 1,
                "total": 1
              }
            },
            {
              "batter": "T Tereza",
              "bowler": "B Phelenyane",
              "non_striker": "M Mabvuka",
              "runs": {
                "batter": 2,
                "extras": 0,
                "total": 2
              }
            },
            {
              "batter": "T Tereza",
              "bowler": "B Phelenyane",
              "extras": {
                "wides": 1
              },
              "non_striker": "M Mabvuka",
              "runs": {
                "batter": 0,
                "extras": 1,
                "total": 1
              }
            },
            {
              "batter": "T Tereza",
              "bowler": "B Phelenyane",
              "non_striker": "M Mabvuka",
              "runs": {
                "batter": 0,
                "extras": 0,
                "total": 0
              }
            },
            {
              "batter": "T Tereza",
              "bowler": "B Phelenyane",
              "non_striker": "M Mabvuka",
              "runs": {
                "batter": 1,
                "extras": 0,
                "total": 1
              }
            },
            {
              "batter": "M Mabvuka",
              "bowler": "B Phelenyane",
              "non_striker": "T Tereza",
              "runs": {
                "batter": 1,
                "extras": 0,
                "total": 1
              }
            }
          ]
        },
        {
          "over": 4,
          "deliveries": [
            {
              "batter": "M Mabvuka",
              "bowler": "T Ramabitsa",
              "non_striker": "T Tereza",
              "runs": {
                "batter": 2,
                "extras": 0,
                "total": 2
              }
            },
            {
              "batter": "M Mabvuka",
              "bowler": "T Ramabitsa",
              "non_striker": "T Tereza",
              "runs": {
                "batter": 1,
                "extras": 0,
                "total": 1
              }
            },
            {
              "batter": "T Tereza",
              "bowler": "T Ramabitsa",
              "extras": {
                "wides": 1
              },
              "non_striker": "M Mabvuka",
              "runs": {
                "batter": 0,
                "extras": 1,
                "total": 1
              }
            },
            {
              "batter": "T Tereza",
              "bowler": "T Ramabitsa",
              "non_striker": "M Mabvuka",
              "runs": {
                "batter": 1,
                "extras": 0,
                "total": 1
              }
            },
            {
              "batter": "M Mabvuka",
              "bowler": "T Ramabitsa",
              "non_striker": "T Tereza",
              "runs": {
                "batter": 0,
                "extras": 0,
                "total": 0
              },
              "wickets": [
                {
                  "player_out": "M Mabvuka",
                  "fielders": [
                    {
                      "name": "P Pheko"
                    }
                  ],
                  "kind": "caught"
                }
              ]
            },
            {
              "batter": "D Ndipo",
              "bowler": "T Ramabitsa",
              "extras": {
                "wides": 1
              },
              "non_striker": "T Tereza",
              "runs": {
                "batter": 0,
                "extras": 1,
                "total": 1
              }
            },
            {
              "batter": "D Ndipo",
              "bowler": "T Ramabitsa",
              "non_striker": "T Tereza",
              "runs": {
                "batter": 4,
                "extras": 0,
                "total": 4
              }
            },
            {
              "batter": "D Ndipo",
              "bowler": "T Ramabitsa",
              "non_striker": "T Tereza",
              "runs": {
                "batter": 0,
                "extras": 0,
                "total": 0
              }
            }
          ]
        },
        {
          "over": 5,
          "deliveries": [
            {
              "batter": "T Tereza",
              "bowler": "B Phelenyane",
              "non_striker": "D Ndipo",
              "runs": {
                "batter": 2,
                "extras": 0,
                "total": 2
              }
            },
            {
              "batter": "T Tereza",
              "bowler": "B Phelenyane",
              "non_striker": "D Ndipo",
              "runs": {
                "batter": 0,
                "extras": 0,
                "total": 0
              }
            },
            {
              "batter": "T Tereza",
              "bowler": "B Phelenyane",
              "extras": {
                "wides": 2
              },
              "non_striker": "D Ndipo",
              "runs": {
                "batter": 0,
                "extras": 2,
                "total": 2
              }
            },
            {
              "batter": "D Ndipo",
              "bowler": "B Phelenyane",
              "non_striker": "T Tereza",
              "runs": {
                "batter": 1,
                "extras": 0,
                "total": 1
              }
            },
            {
              "batter": "T Tereza",
              "bowler": "B Phelenyane",
              "non_striker": "D Ndipo",
              "runs": {
                "batter": 2,
                "extras": 0,
                "total": 2
              }
            },
            {
              "batter": "T Tereza",
              "bowler": "B Phelenyane",
              "extras": {
                "wides": 1
              },
              "non_striker": "D Ndipo",
              "runs": {
                "batter": 0,
                "extras": 1,
                "total": 1
              }
            },
            {
              "batter": "T Tereza",
              "bowler": "B Phelenyane",
              "non_striker": "D Ndipo",
              "runs": {
                "batter": 1,
                "extras": 0,
                "total": 1
              }
            },
            {
              "batter": "D Ndipo",
              "bowler": "B Phelenyane",
              "non_striker": "T Tereza",
              "runs": {
                "batter": 0,
                "extras": 0,
                "total": 0
              }
            }
          ]
        },
        {
          "over": 6,
          "deliveries": [
            {
              "batter": "T Tereza",
              "bowler": "T Ramabitsa",
              "extras": {
                "noballs": 1
              },
              "non_striker": "D Ndipo",
              "runs": {
                "batter": 0,
                "extras": 1,
                "total": 1
              }
            }
          ]
        }
      ],
      "powerplays": [
        {
          "from": 0.1,
          "to": 5.8,
          "type": "mandatory"
        }
      ],
      "target": {
        "overs": 20,
        "runs": 50
      }
    }
  ]
}