{
  "meta": {
    "data_version": "1.0.0",
    "created": "2020-01-01",
    "revision": 1
  },
  "info": {
    "balls_per_over": 6,
    "city": "Windhoek",
    "dates": [
      "2019-04-03"
    ],
    "event": {
      "name": "Botswana Women tour of Namibia",
      "match_number": 7
    },
    "gender": "female",
    "match_type": "T20",
    "match_type_number": 609,
    "missing": [
      "player_of_match"
    ],
    "officials": {
      "umpires": [
        "Pieter Groenewald",
        "Hannes van Vuuren"
      ]
    },
    "outcome": {
      "winner": "Namibia",
      "by": {
        "runs": 88
      }
    },
    "overs": 20,
    "players": {
      "Namibia": [
        "A van der Merwe",
        "KA Green",
        "M Short",
        "Reehana Khan",
        "M Bosman",
        "EU Kejarukua",
        "SN Shihepo",
        "Yasmeen Khan",
        "D Foerster",
        "A van Schoor",
        "I van Zyl"
      ],
      "Botswana": [
        "F Samanyika",
        "L Mophakedi",
        "O Batisani",
        "G Matome",
        "T Modise",
        "T Legaabile",
        "B Gaanamong",
        "V Thari Thari",
        "O Keitsemang",
        "B Madimabe",
        "E Gare"
      ]
    },
    "registry": {
      "people": {
        "A van Schoor": "06209a4c",
        "A van der Merwe": "02610bad",
        "B Gaanamong": "73d19a42",
        "B Madimabe": "1e481de4",
        "D Foerster": "5596d5bf",
        "E Gare": "b3cd0cf9",
        "EU Kejarukua": "e7068bfd",
        "F Samanyika": "c42eed38",
        "G Matome": "a6898f7a",
        "Hannes van Vuuren": "41299a4e",
        "I van Zyl": "44c3cb6d",
        "KA Green": "fa9fdefa",
        "L Mophakedi": "c8cdbb92",
        "M Bosman": "7612d2cc",
        "M Short": "0e283b75",
        "O Batisani": "7ff6c967",
        "O Keitsemang": "5145239b",
        "Pieter Groenewald": "ab39592b",
        "Reehana Khan": "4cf05de9",
        "SN Shihepo": "1b3f7dbb",
        "T Legaabile": "c7e59109",
        "T Modise": "4569f6c7",
        "V Thari Thari": "89187d8b",
        "Yasmeen Khan": "ade5c0c0"
      }
    },
    "season": "2019",
    "team_type": "international",
    "teams": [
      "Namibia",
      "Botswana"
    ],
    "toss": {
      "decision": "bat",
      "winner": "Namibia"
    },
    "venue": "United Cricket Club Ground"
  },
  "innings": [
    {
      "team": "Namibia",
      "overs": [
        {
          "over": 0,
          "deliveries": [
            {
              "batter": "A van der Merwe",
              "bowler": "O Keitsemang",
              "non_striker": "KA Green",
              "runs": {
                "batter": 2,
                "extras": 0,
                "total": 2
              }
            },
            {
              "batter": "A van der Merwe",
              "bowler": "O Keitsemang",
              "extras": {
                "wides": 1
              },
              "non_striker": "KA Green",
              "runs": {
                "batter": 0,
                "extras": 1,
                "total": 1
              }
            },
            {
              "batter": "A van der Merwe",
              "bowler": "O Keitsemang",
              "non_striker": "KA Green",
              "runs": {
                "batter": 2,
                "extras": 0,
                "total": 2
              }
            },
            {
              "batter": "A van der Merwe",
              "bowler": "O Keitsemang",
              "extras": {
                "wides": 1
              },
              "non_striker": "KA Green",
              "runs": {
                "batter": 0,
                "extras": 1,
                "total": 1
              }
            },
            {
              "batter": "A van der Merwe",
              "bowler": "O Keitsemang",
              "non_striker": "KA Green",
              "runs": {
                "batter": 0,
                "extras": 0,
                "total": 0
              }
            },
            {
              "batter": "A van der Merwe",
              "bowler": "O Keitsemang",
              "extras": {
                "wides": 1
              },
              "non_striker": "KA Green",
              "runs": {
                "batter": 0,
                "extras": 1,
                "total": 1
              }
            },
            {
              "batter": "A van der Merwe",
              "bowler": "O Keitsemang",
              "non_striker": "KA Green",
              "runs": {
                "batter": 1,
                "extras": 0,
                "total": 1
              }
            },
            {
              "batter": "KA Green",
              "bowler": "O Keitsemang",
              "non_striker": "A van der Merwe",
              "runs": {
                "batter": 2,
                "extras": 0,
                "total": 2
              }
            },
            {
              "batter": "KA Green",
              "bowler": "O Keitsemang",
              "extras": {
                "wides": 1
              },
              "non_striker": "A van der Merwe",
              "runs": {
                "batter": 0,
                "extras": 1,
                "total": 1
              }
            },
            {
              "batter": "KA Green",
              "bowler": "O Keitsemang",
              "extras": {
                "wides": 1
              },
              "non_striker": "A van der Merwe",
              "runs": {
                "batter": 0,
                "extras": 1,
                "total": 1
              }
            },
            {
              "batter": "KA Green",
              "bowler": "O Keitsemang",
              "non_striker": "A van der Merwe",
              "runs": {
                "batter": 1,
                "extras": 0,
                "total": 1
              }
            }
          ]
        },
        {
          "over": 1,
          "deliveries": [
            {
              "batter": "KA Green",
              "bowler": "V Thari Thari",
              "non_striker": "A van der Merwe",
              "runs": {
                "batter": 2,
                "extras": 0,
                "total": 2
              }
            },
            {
              "batter": "KA Green",
              "bowler": "V Thari Thari",
              "non_striker": "A van der Merwe",
              "runs": {
                "batter": 0,
                "extras": 0,
                "total": 0
              },
              "wickets": [
                {
                  "kind": "caught",
                  "player_out": "KA Green",
                  "fielders": [
                    {
                      "name": "O Batisani"
                    }
                  ]
                }
              ]
            },
            {
              "batter": "M Short",
              "bowler": "V Thari Thari",
              "non_striker": "A van der Merwe",
              "runs": {
                "batter": 1,
                "extras": 0,
                "total": 1
              }
            },
            {
              "batter": "A van der Merwe",
              "bowler": "V Thari Thari",
              "non_striker": "M Short",
              "runs": {
                "batter": 1,
                "extras": 0,
                "total": 1
              }
            },
            {
              "batter": "M Short",
              "bowler": "V Thari Thari",
              "non_striker": "A van der Merwe",
              "runs": {
                "batter": 4,
                "extras": 0,
                "total": 4
              }
            },
            {
              "batter": "M Short",
              "bowler": "V Thari Thari",
              "non_striker": "A van der Merwe",
              "runs": {
                "batter": 4,
                "extras": 0,
                "total": 4
              }
            }
          ]
        },
        {
          "over": 2,
          "deliveries": [
            {
              "batter": "A van der Merwe",
              "bowler": "F Samanyika",
              "non_striker": "M Short",
              "runs": {
                "batter": 1,
                "extras": 0,
                "total": 1
              }
            },
            {
              "batter": "M Short",
              "bowler": "F Samanyika",
              "non_striker": "A van der Merwe",
              "runs": {
                "batter": 0,
                "extras": 0,
                "total": 0
              }
            },
            {
              "batter": "M Short",
              "bowler": "F Samanyika",
              "non_striker": "A van der Merwe",
              "runs": {
                "batter": 1,
                "extras": 0,
                "total": 1
              }
            },
            {
              "batter": "A van der Merwe",
              "bowler": "F Samanyika",
              "extras": {
                "wides": 1
              },
              "non_striker": "M Short",
              "runs": {
                "batter": 0,
                "extras": 1,
                "total": 1
              }
            },
            {
              "batter": "A van der Merwe",
              "bowler": "F Samanyika",
              "extras": {
                "wides": 1
              },
              "non_striker": "M Short",
              "runs": {
                "batter": 0,
                "extras": 1,
                "total": 1
              }
            },
            {
              "batter": "A van der Merwe",
              "bowler": "F Samanyika",
              "extras": {
                "wides": 1
              },
              "non_striker": "M Short",
              "runs": {
                "batter": 0,
                "extras": 1,
                "total": 1
              }
            },
            {
              "batter": "A van der Merwe",
              "bowler": "F Samanyika",
              "non_striker": "M Short",
              "runs": {
                "batter": 0,
                "extras": 0,
                "total": 0
              }
            },
            {
              "batter": "A van der Merwe",
              "bowler": "F Samanyika",
              "extras": {
                "wides": 1
              },
              "non_striker": "M Short",
              "runs": {
                "batter": 0,
                "extras": 1,
                "total": 1
              }
            },
            {
              "batter": "A van der Merwe",
              "bowler": "F Samanyika",
              "non_striker": "M Short",
              "runs": {
                "batter": 0,
                "extras": 0,
                "total": 0
              }
            },
            {
              "batter": "A van der Merwe",
              "bowler": "F Samanyika",
              "non_striker": "M Short",
              "runs": {
                "batter": 0,
                "extras": 0,
                "total": 0
              }
            }
          ]
        },
        {
          "over": 3,
          "deliveries": [
            {
              "batter": "M Short",
              "bowler": "V Thari Thari",
              "non_striker": "A van der Merwe",
              "runs": {
                "batter": 1,
                "extras": 0,
                "total": 1
              }
            },
            {
              "batter": "A van der Merwe",
              "bowler": "V Thari Thari",
              "non_striker": "M Short",
              "runs": {
                "batter": 1,
                "extras": 0,
                "total": 1
              }
            },
            {
              "batter": "M Short",
              "bowler": "V Thari Thari",
              "non_striker": "A van der Merwe",
              "runs": {
                "batter": 4,
                "extras": 0,
                "total": 4
              }
            },
            {
              "batter": "M Short",
              "bowler": "V Thari Thari",
              "extras": {
                "wides": 1
              },
              "non_striker": "A van der Merwe",
              "runs": {
                "batter": 0,
                "extras": 1,
                "total": 1
              }
            },
            {
              "batter": "M Short",
              "bowler": "V Thari Thari",
              "non_striker": "A van der Merwe",
              "runs": {
                "batter": 2,
                "extras": 0,
                "total": 2
              }
            },
            {
              "batter": "M Short",
              "bowler": "V Thari Thari",
              "non_striker": "A van der Merwe",
              "runs": {
                "batter": 2,
                "extras": 0,
                "total": 2
              }
            },
            {
              "batter": "M Short",
              "bowler": "V Thari Thari",
              "extras": {
                "wides": 1
              },
              "non_striker": "A van der Merwe",
              "runs": {
                "batter": 0,
                "extras": 1,
                "total": 1
              }
            },
            {
              "batter": "M Short",
              "bowler": "V Thari Thari",
              "non_striker": "A van der Merwe",
              "runs": {
                "batter": 1,
                "extras": 0,
                "total": 1
              }
            }
          ]
        },
        {
          "over": 4,
          "deliveries": [
            {
              "batter": "M Short",
              "bowler": "F Samanyika",
              "non_striker": "A van der Merwe",
              "runs": {
                "batter": 1,
                "extras": 0,
                "total": 1
              }
            },
            {
              "batter": "A van der Merwe",
              "bowler": "F Samanyika",
              "non_striker": "M Short",
              "runs": {
                "batter": 1,
                "extras": 0,
                "total": 1
              }
            },
            {
              "batter": "M Short",
              "bowler": "F Samanyika",
              "non_striker": "A van der Merwe",
              "runs": {
                "batter": 2,
                "extras": 0,
                "total": 2
              }
            },
            {
              "batter": "M Short",
              "bowler": "F Samanyika",
              "extras": {
                "wides": 1
              },
              "non_striker": "A van der Merwe",
              "runs": {
                "batter": 0,
                "extras": 1,
                "total": 1
              }
            },
            {
              "batter": "M Short",
              "bowler": "F Samanyika",
              "non_striker": "A van der Merwe",
              "runs": {
                "batter": 2,
                "extras": 0,
                "total": 2
              }
            },
            {
              "batter": "M Short",
              "bowler": "F Samanyika",
              "non_striker": "A van der Merwe",
              "runs": {
                "batter": 1,
                "extras": 0,
                "total": 1
              }
            },
            {
              "batter": "A van der Merwe",
              "bowler": "F Samanyika",
              "non_striker": "M Short",
              "runs": {
                "batter": 1,
                "extras": 0,
                "total": 1
              }
            }
          ]
        },
        {
          "over": 5,
          "deliveries": [
            {
              "batter": "A van der Merwe",
              "bowler": "B Gaanamong",
              "non_striker": "M Short",
              "runs": {
                "batter": 0,
                "extras": 0,
                "total": 0
              }
            },
            {
              "batter": "A van der Merwe",
              "bowler": "B Gaanamong",
              "extras": {
                "noballs": 1
              },
              "non_striker": "M Short",
              "runs": {
                "batter": 1,
                "extras": 1,
                "total": 2
              }
            },
            {
              "batter": "M Short",
              "bowler": "B Gaanamong",
              "non_striker": "A van der Merwe",
              "runs": {
                "batter": 1,
                "extras": 0,
                "total": 1
              }
            },
            {
              "batter": "A van der Merwe",
              "bowler": "B Gaanamong",
              "non_striker": "M Short",
              "runs": {
                "batter": 1,
                "extras": 0,
                "total": 1
              }
            },
            {
              "batter": "M Short",
              "bowler": "B Gaanamong",
              "non_striker": "A van der Merwe",
              "runs": {
                "batter": 1,
                "extras": 0,
                "total": 1
              }
            },
            {
              "batter": "A van der Merwe",
              "bowler": "B Gaanamong",
              "non_striker": "M Short",
              "runs": {
                "batter": 4,
                "extras": 0,
                "total": 4
              }
            },
            {
              "batter": "A van der Merwe",
              "bowler": "B Gaanamong",
              "non_striker": "M Short",
              "runs": {
                "batter": 1,
                "extras": 0,
                "total": 1
              }
            }
          ]
        },
        {
          "over": 6,
          "deliveries": [
            {
              "batter": "A van der Merwe",
              "bowler": "G Matome",
              "non_striker": "M Short",
              "runs": {
                "batter": 0,
                "extras": 0,
                "total": 0
              }
            },
            {
              "batter": "A van der Merwe",
              "bowler": "G Matome",
              "non_striker": "M Short",
              "runs": {
                "batter": 0,
                "extras": 0,
                "total": 0
              },
              "wickets": [
                {
                  "kind": "caught",
                  "player_out": "A van der Merwe",
                  "fielders": [
                    {
                      "name": "T Legaabile"
                    }
                  ]
                }
              ]
            },
            {
              "batter": "Reehana Khan",
              "bowler": "G Matome",
              "non_striker": "M Short",
              "runs": {
                "batter": 0,
                "extras": 0,
                "total": 0
              }
            },
            {
              "batter": "Reehana Khan",
              "bowler": "G Matome",
              "non_striker": "M Short",
              "runs": {
                "batter": 0,
                "extras": 0,
                "total": 0
              }
            },
            {
              "batter": "Reehana Khan",
              "bowler": "G Matome",
              "non_striker": "M Short",
              "runs": {
                "batter": 0,
                "extras": 0,
                "total": 0
              }
            },
            {
              "batter": "Reehana Khan",
              "bowler": "G Matome",
              "non_striker": "M Short",
              "runs": {
                "batter": 2,
                "extras": 0,
                "total": 2
              }
            }
          ]
        },
        {
          "over": 7,
          "deliveries": [
            {
              "batter": "M Short",
              "bowler": "B Gaanamong",
              "non_striker": "Reehana Khan",
              "runs": {
                "batter": 1,
                "extras": 0,
                "total": 1
              }
            },
            {
              "batter": "Reehana Khan",
              "bowler": "B Gaanamong",
              "non_striker": "M Short",
              "runs": {
                "batter": 1,
                "extras": 0,
                "total": 1
              }
            },
            {
              "batter": "M Short",
              "bowler": "B Gaanamong",
              "non_striker": "Reehana Khan",
              "runs": {
                "batter": 1,
                "extras": 0,
                "total": 1
              }
            },
            {
              "batter": "Reehana Khan",
              "bowler": "B Gaanamong",
              "non_striker": "M Short",
              "runs": {
                "batter": 1,
                "extras": 0,
                "total": 1
              }
            },
            {
              "batter": "M Short",
              "bowler": "B Gaanamong",
              "non_striker": "Reehana Khan",
              "runs": {
                "batter": 1,
                "extras": 0,
                "total": 1
              }
            },
            {
              "batter": "Reehana Khan",
              "bowler": "B Gaanamong",
              "non_striker": "M Short",
              "runs": {
                "batter": 2,
                "extras": 0,
                "total": 2
              }
            }
          ]
        },
        {
          "over": 8,
          "deliveries": [
            {
              "batter": "M Short",
              "bowler": "G Matome",
              "extras": {
                "wides": 1
              },
              "non_striker": "Reehana Khan",
              "runs": {
                "batter": 0,
                "extras": 1,
                "total": 1
              }
            },
            {
              "batter": "M Short",
              "bowler": "G Matome",
              "non_striker": "Reehana Khan",
              "runs": {
                "batter": 0,
                "extras": 0,
                "total": 0
              }
            },
            {
              "batter": "M Short",
              "bowler": "G Matome",
              "non_striker": "Reehana Khan",
              "runs": {
                "batter": 2,
                "extras": 0,
                "total": 2
              }
            },
            {
              "batter": "M Short",
              "bowler": "G Matome",
              "non_striker": "Reehana Khan",
              "runs": {
                "batter": 1,
                "extras": 0,
                "total": 1
              }
            },
            {
              "batter": "Reehana Khan",
              "bowler": "G Matome",
              "non_striker": "M Short",
              "runs": {
                "batter": 1,
                "extras": 0,
                "total": 1
              }
            },
            {
              "batter": "M Short",
              "bowler": "G Matome",
              "non_striker": "Reehana Khan",
              "runs": {
                "batter": 1,
                "extras": 0,
                "total": 1
              }
            },
            {
              "batter": "Reehana Khan",
              "bowler": "G Matome",
              "non_striker": "M Short",
              "runs": {
                "batter": 0,
                "extras": 0,
                "total": 0
              }
            }
          ]
        },
        {
          "over": 9,
          "deliveries": [
            {
              "batter": "M Short",
              "bowler": "B Gaanamong",
              "extras": {
                "noballs": 1
              },
              "non_striker": "Reehana Khan",
              "runs": {
                "batter": 0,
                "extras": 1,
                "total": 1
              }
            },
            {
              "batter": "M Short",
              "bowler": "B Gaanamong",
              "non_striker": "Reehana Khan",
              "runs": {
                "batter": 0,
                "extras": 0,
                "total": 0
              }
            },
            {
              "batter": "M Short",
              "bowler": "B Gaanamong",
              "extras": {
                "noballs": 1
              },
              "non_striker": "Reehana Khan",
              "runs": {
                "batter": 0,
                "extras": 1,
                "total": 1
              }
            },
            {
              "batter": "M Short",
              "bowler": "B Gaanamong",
              "non_striker": "Reehana Khan",
              "runs": {
                "batter": 1,
                "extras": 0,
                "total": 1
              }
            },
            {
              "batter": "Reehana Khan",
              "bowler": "B Gaanamong",
              "non_striker": "M Short",
              "runs": {
                "batter": 1,
                "extras": 0,
                "total": 1
              }
            },
            {
              "batter": "M Short",
              "bowler": "B Gaanamong",
              "non_striker": "Reehana Khan",
              "runs": {
                "batter": 0,
                "extras": 0,
                "total": 0
              },
              "wickets": [
                {
                  "kind": "caught",
                  "player_out": "M Short",
                  "fielders": [
                    {
                      "name": "B Madimabe"
                    }
                  ]
                }
              ]
            },
            {
              "batter": "M Bosman",
              "bowler": "B Gaanamong",
              "non_striker": "Reehana Khan",
              "runs": {
                "batter": 0,
                "extras": 0,
                "total": 0
              }
            },
            {
              "batter": "M Bosman",
              "bowler": "B Gaanamong",
              "extras": {
                "wides": 1
              },
              "non_striker": "Reehana Khan",
              "runs": {
                "batter": 0,
                "extras": 1,
                "total": 1
              }
            },
            {
              "batter": "M Bosman",
              "bowler": "B Gaanamong",
              "non_striker": "Reehana Khan",
              "runs": {
                "batter": 1,
                "extras": 0,
                "total": 1
              }
            }
          ]
        },
        {
          "over": 10,
          "deliveries": [
            {
              "batter": "M Bosman",
              "bowler": "G Matome",
              "non_striker": "Reehana Khan",
              "runs": {
                "batter": 1,
                "extras": 0,
                "total": 1
              }
            },
            {
              "batter": "Reehana Khan",
              "bowler": "G Matome",
              "non_striker": "M Bosman",
              "runs": {
                "batter": 0,
                "extras": 0,
                "total": 0
              }
            },
            {
              "batter": "Reehana Khan",
              "bowler": "G Matome",
              "non_striker": "M Bosman",
              "runs": {
                "batter": 1,
                "extras": 0,
                "total": 1
              }
            },
            {
              "batter": "M Bosman",
              "bowler": "G Matome",
              "non_striker": "Reehana Khan",
              "runs": {
                "batter": 0,
                "extras": 0,
                "total": 0
              }
            },
            {
              "batter": "M Bosman",
              "bowler": "G Matome",
              "non_striker": "Reehana Khan",
              "runs": {
                "batter": 0,
                "extras": 0,
                "total": 0
              }
            },
            {
              "batter": "M Bosman",
              "bowler": "G Matome",
              "non_striker": "Reehana Khan",
              "runs": {
                "batter": 0,
                "extras": 0,
                "total": 0
              }
            }
          ]
        },
        {
          "over": 11,
          "deliveries": [
            {
              "batter": "Reehana Khan",
              "bowler": "B Gaanamong",
              "extras": {
                "noballs": 1
              },
              "non_striker": "M Bosman",
              "runs": {
                "batter": 0,
                "extras": 1,
                "total": 1
              }
            },
            {
              "batter": "Reehana Khan",
              "bowler": "B Gaanamong",
              "non_striker": "M Bosman",
              "runs": {
                "batter": 0,
                "extras": 0,
                "total": 0
              }
            },
            {
              "batter": "Reehana Khan",
              "bowler": "B Gaanamong",
              "non_striker": "M Bosman",
              "runs": {
                "batter": 0,
                "extras": 0,
                "total": 0
              },
              "wickets": [
                {
                  "kind": "bowled",
                  "player_out": "Reehana Khan"
                }
              ]
            },
            {
              "batter": "EU Kejarukua",
              "bowler": "B Gaanamong",
              "extras": {
                "noballs": 1
              },
              "non_striker": "M Bosman",
              "runs": {
                "batter": 0,
                "extras": 1,
                "total": 1
              }
            },
            {
              "batter": "EU Kejarukua",
              "bowler": "B Gaanamong",
              "non_striker": "M Bosman",
              "runs": {
                "batter": 1,
                "extras": 0,
                "total": 1
              }
            },
            {
              "batter": "M Bosman",
              "bowler": "B Gaanamong",
              "non_striker": "EU Kejarukua",
              "runs": {
                "batter": 0,
                "extras": 0,
                "total": 0
              },
              "wickets": [
                {
                  "kind": "caught",
                  "player_out": "M Bosman",
                  "fielders": [
                    {
                      "name": "G Matome"
                    }
                  ]
                }
              ]
            },
            {
              "batter": "SN Shihepo",
              "bowler": "B Gaanamong",
              "non_striker": "EU Kejarukua",
              "runs": {
                "batter": 0,
                "extras": 0,
                "total": 0
              },
              "wickets": [
                {
                  "kind": "caught",
                  "player_out": "SN Shihepo",
                  "fielders": [
                    {
                      "name": "B Madimabe"
                    }
                  ]
                }
              ]
            },
            {
              "batter": "Yasmeen Khan",
              "bowler": "B Gaanamong",
              "extras": {
                "noballs": 1
              },
              "non_striker": "EU Kejarukua",
              "runs": {
                "batter": 0,
                "extras": 1,
                "total": 1
              }
            },
            {
              "batter": "Yasmeen Khan",
              "bowler": "B Gaanamong",
              "extras": {
                "wides": 1
              },
              "non_striker": "EU Kejarukua",
              "runs": {
                "batter": 0,
                "extras": 1,
                "total": 1
              }
            },
            {
              "batter": "Yasmeen Khan",
              "bowler": "B Gaanamong",
              "non_striker": "EU Kejarukua",
              "runs": {
                "batter": 2,
                "extras": 0,
                "total": 2
              }
            }
          ]
        },
        {
          "over": 12,
          "deliveries": [
            {
              "batter": "EU Kejarukua",
              "bowler": "G Matome",
              "non_striker": "Yasmeen Khan",
              "runs": {
                "batter": 0,
                "extras": 0,
                "total": 0
              }
            },
            {
              "batter": "EU Kejarukua",
              "bowler": "G Matome",
              "non_striker": "Yasmeen Khan",
              "runs": {
                "batter": 1,
                "extras": 0,
                "total": 1
              }
            },
            {
              "batter": "Yasmeen Khan",
              "bowler": "G Matome",
              "non_striker": "EU Kejarukua",
              "runs": {
                "batter": 1,
                "extras": 0,
                "total": 1
              }
            },
            {
              "batter": "EU Kejarukua",
              "bowler": "G Matome",
              "extras": {
                "byes": 1
              },
              "non_striker": "Yasmeen Khan",
              "runs": {
                "batter": 0,
                "extras": 1,
                "total": 1
              }
            },
            {
              "batter": "Yasmeen Khan",
              "bowler": "G Matome",
              "non_striker": "EU Kejarukua",
              "runs": {
                "batter": 0,
                "extras": 0,
                "total": 0
              },
              "wickets": [
                {
                  "kind": "caught",
                  "player_out": "Yasmeen Khan",
                  "fielders": [
                    {
                      "name": "T Modise"
                    }
                  ]
                }
              ]
            },
            {
              "batter": "EU Kejarukua",
              "bowler": "G Matome",
              "non_striker": "D Foerster",
              "runs": {
                "batter": 0,
                "extras": 0,
                "total": 0
              },
              "wickets": [
                {
                  "kind": "caught",
                  "player_out": "EU Kejarukua",
                  "fielders": [
                    {
                      "name": "B Madimabe"
                    }
                  ]
                }
              ]
            }
          ]
        },
        {
          "over": 13,
          "deliveries": [
            {
              "batter": "D Foerster",
              "bowler": "L Mophakedi",
              "non_striker": "A van Schoor",
              "runs": {
                "batter": 1,
                "extras": 0,
                "total": 1
              }
            },
            {
              "batter": "A van Schoor",
              "bowler": "L Mophakedi",
              "non_striker": "D Foerster",
              "runs": {
                "batter": 2,
                "extras": 0,
                "total": 2
              }
            },
            {
              "batter": "A van Schoor",
              "bowler": "L Mophakedi",
              "extras": {
                "noballs": 1
              },
              "non_striker": "D Foerster",
              "runs": {
                "batter": 0,
                "extras": 1,
                "total": 1
              }
            },
            {
              "batter": "A van Schoor",
              "bowler": "L Mophakedi",
              "non_striker": "D Foerster",
              "runs": {
                "batter": 0,
                "extras": 0,
                "total": 0
              }
            },
            {
              "batter": "A van Schoor",
              "bowler": "L Mophakedi",
              "extras": {
                "wides": 1
              },
              "non_striker": "D Foerster",
              "runs": {
                "batter": 0,
                "extras": 1,
                "total": 1
              }
            },
            {
              "batter": "A van Schoor",
              "bowler": "L Mophakedi",
              "non_striker": "D Foerster",
              "runs": {
                "batter": 1,
                "extras": 0,
                "total": 1
              }
            },
            {
              "batter": "D Foerster",
              "bowler": "L Mophakedi",
              "non_striker": "A van Schoor",
              "runs": {
                "batter": 0,
                "extras": 0,
                "total": 0
              }
            },
            {
              "batter": "D Foerster",
              "bowler": "L Mophakedi",
              "non_striker": "A van Schoor",
              "runs": {
                "batter": 1,
                "extras": 0,
                "total": 1
              }
            }
          ]
        },
        {
          "over": 14,
          "deliveries": [
            {
              "batter": "D Foerster",
              "bowler": "O Keitsemang",
              "non_striker": "A van Schoor",
              "runs": {
                "batter": 0,
                "extras": 0,
                "total": 0
              }
            },
            {
              "batter": "D Foerster",
              "bowler": "O Keitsemang",
              "non_striker": "A van Schoor",
              "runs": {
                "batter": 1,
                "extras": 0,
                "total": 1
              }
            },
            {
              "batter": "A van Schoor",
              "bowler": "O Keitsemang",
              "non_striker": "D Foerster",
              "runs": {
                "batter": 1,
                "extras": 0,
                "total": 1
              }
            },
            {
              "batter": "D Foerster",
              "bowler": "O Keitsemang",
              "non_striker": "A van Schoor",
              "runs": {
                "batter": 1,
                "extras": 0,
                "total": 1
              }
            },
            {
              "batter": "A van Schoor",
              "bowler": "O Keitsemang",
              "non_striker": "D Foerster",
              "runs": {
                "batter": 2,
                "extras": 0,
                "total": 2
              }
            },
            {
              "batter": "A van Schoor",
              "bowler": "O Keitsemang",
              "non_striker": "D Foerster",
              "runs": {
                "batter": 1,
                "extras": 0,
                "total": 1
              }
            }
          ]
        },
        {
          "over": 15,
          "deliveries": [
            {
              "batter": "A van Schoor",
              "bowler": "L Mophakedi",
              "non_striker": "D Foerster",
              "runs": {
                "batter": 1,
                "extras": 0,
                "total": 1
              }
            },
            {
              "batter": "D Foerster",
              "bowler": "L Mophakedi",
              "non_striker": "A van Schoor",
              "runs": {
                "batter": 1,
                "extras": 0,
                "total": 1
              }
            },
            {
              "batter": "A van Schoor",
              "bowler": "L Mophakedi",
              "non_striker": "D Foerster",
              "runs": {
                "batter": 2,
                "extras": 0,
                "total": 2
              }
            },
            {
              "batter": "A van Schoor",
              "bowler": "L Mophakedi",
              "non_striker": "D Foerster",
              "runs": {
                "batter": 2,
                "extras": 0,
                "total": 2
              }
            },
            {
              "batter": "A van Schoor",
              "bowler": "L Mophakedi",
              "non_striker": "D Foerster",
              "runs": {
                "batter": 0,
                "extras": 0,
                "total": 0
              }
            },
            {
              "batter": "A van Schoor",
              "bowler": "L Mophakedi",
              "non_striker": "D Foerster",
              "runs": {
                "batter": 1,
                "extras": 0,
                "total": 1
              }
            }
          ]
        },
        {
          "over": 16,
          "deliveries": [
            {
              "batter": "A van Schoor",
              "bowler": "O Keitsemang",
              "non_striker": "D Foerster",
              "runs": {
                "batter": 2,
                "extras": 0,
                "total": 2
              }
            },
            {
              "batter": "A van Schoor",
              "bowler": "O Keitsemang",
              "non_striker": "D Foerster",
              "runs": {
                "batter": 0,
                "extras": 0,
                "total": 0
              }
            },
            {
              "batter": "A van Schoor",
              "bowler": "O Keitsemang",
              "non_striker": "D Foerster",
              "runs": {
                "batter": 0,
                "extras": 0,
                "total": 0
              }
            },
            {
              "batter": "A van Schoor",
              "bowler": "O Keitsemang",
              "non_striker": "D Foerster",
              "runs": {
                "batter": 2,
                "extras": 0,
                "total": 2
              }
            },
            {
              "batter": "A van Schoor",
              "bowler": "O Keitsemang",
              "non_striker": "D Foerster",
              "runs": {
                "batter": 2,
                "extras": 0,
                "total": 2
              }
            },
            {
              "batter": "A van Schoor",
              "bowler": "O Keitsemang",
              "non_striker": "D Foerster",
              "runs": {
                "batter": 0,
                "extras": 0,
                "total": 0
              }
            }
          ]
        },
        {
          "over": 17,
          "deliveries": [
            {
              "batter": "D Foerster",
              "bowler": "L Mophakedi",
              "non_striker": "A van Schoor",
              "runs": {
                "batter": 1,
                "extras": 0,
                "total": 1
              }
            },
            {
              "batter": "A van Schoor",
              "bowler": "L Mophakedi",
              "extras": {
                "wides": 1
              },
              "non_striker": "D Foerster",
              "runs": {
                "batter": 0,
                "extras": 1,
                "total": 1
              }
            },
            {
              "batter": "A van Schoor",
              "bowler": "L Mophakedi",
              "extras": {
                "noballs": 1
              },
              "non_striker": "D Foerster",
              "runs": {
                "batter": 0,
                "extras": 1,
                "total": 1
              }
            },
            {
              "batter": "A van Schoor",
              "bowler": "L Mophakedi",
              "extras": {
                "byes": 1
              },
              "non_striker": "D Foerster",
              "runs": {
                "batter": 0,
                "extras": 1,
                "total": 1
              }
            },
            {
              "batter": "D Foerster",
              "bowler": "L Mophakedi",
              "extras": {
                "wides": 1
              },
              "non_striker": "A van Schoor",
              "runs": {
                "batter": 0,
                "extras": 1,
                "total": 1
              }
            },
            {
              "batter": "D Foerster",
              "bowler": "L Mophakedi",
              "non_striker": "A van Schoor",
              "runs": {
                "batter": 0,
                "extras": 0,
                "total": 0
              }
            },
            {
              "batter": "D Foerster",
              "bowler": "L Mophakedi",
              "non_striker": "A van Schoor",
              "runs": {
                "batter": 1,
                "extras": 0,
                "total": 1
              }
            },
            {
              "batter": "A van Schoor",
              "bowler": "L Mophakedi",
              "non_striker": "D Foerster",
              "runs": {
                "batter": 0,
                "extras": 0,
                "total": 0
              }
            },
            {
              "batter": "A van Schoor",
              "bowler": "L Mophakedi",
              "non_striker": "D Foerster",
              "runs": {
                "batter": 6,
                "extras": 0,
                "total": 6
              }
            }
          ]
        },
        {
          "over": 18,
          "deliveries": [
            {
              "batter": "D Foerster",
              "bowler": "O Keitsemang",
              "non_striker": "A van Schoor",
              "runs": {
                "batter": 0,
                "extras": 0,
                "total": 0
              }
            },
            {
              "batter": "D Foerster",
              "bowler": "O Keitsemang",
              "non_striker": "A van Schoor",
              "runs": {
                "batter": 1,
                "extras": 0,
                "total": 1
              }
            },
            {
              "batter": "A van Schoor",
              "bowler": "O Keitsemang",
              "non_striker": "D Foerster",
              "runs": {
                "batter": 2,
                "extras": 0,
                "total": 2
              }
            },
            {
              "batter": "A van Schoor",
              "bowler": "O Keitsemang",
              "non_striker": "D Foerster",
              "runs": {
                "batter": 0,
                "extras": 0,
                "total": 0
              }
            },
            {
              "batter": "A van Schoor",
              "bowler": "O Keitsemang",
              "non_striker": "D Foerster",
              "runs": {
                "batter": 4,
                "extras": 0,
                "total": 4
              }
            },
            {
              "batter": "A van Schoor",
              "bowler": "O Keitsemang",
              "non_striker": "D Foerster",
              "runs": {
                "batter": 0,
                "extras": 0,
                "total": 0
              }
            }
          ]
        },
        {
          "over": 19,
          "deliveries": [
            {
              "batter": "D Foerster",
              "bowler": "V Thari Thari",
              "non_striker": "A van Schoor",
              "runs": {
                "batter": 6,
                "extras": 0,
                "total": 6
              }
            },
            {
              "batter": "D Foerster",
              "bowler": "V Thari Thari",
              "non_striker": "A van Schoor",
              "runs": {
                "batter": 4,
                "extras": 0,
                "total": 4
              }
            },
            {
              "batter": "D Foerster",
              "bowler": "V Thari Thari",
              "extras": {
                "wides": 1
              },
              "non_striker": "A van Schoor",
              "runs": {
                "batter": 0,
                "extras": 1,
                "total": 1
              }
            },
            {
              "batter": "D Foerster",
              "bowler": "V Thari Thari",
              "extras": {
                "noballs": 1
              },
              "non_striker": "A van Schoor",
              "runs": {
                "batter": 0,
                "extras": 1,
                "total": 1
              }
            },
            {
              "batter": "D Foerster",
              "bowler": "V Thari Thari",
              "non_striker": "A van Schoor",
              "runs": {
                "batter": 1,
                "extras": 0,
                "total": 1
              }
            },
            {
              "batter": "A van Schoor",
              "bowler": "V Thari Thari",
              "non_striker": "D Foerster",
              "runs": {
                "batter": 0,
                "extras": 0,
                "total": 0
              }
            },
            {
              "batter": "A van Schoor",
              "bowler": "V Thari Thari",
              "non_striker": "D Foerster",
              "runs": {
                "batter": 6,
                "extras": 0,
                "total": 6
              }
            },
            {
              "batter": "A van Schoor",
              "bowler": "V Thari Thari",
              "extras": {
                "noballs": 1
              },
              "non_striker": "D Foerster",
              "runs": {
                "batter": 0,
                "extras": 1,
                "total": 1
              }
            },
            {
              "batter": "A van Schoor",
              "bowler": "V Thari Thari",
              "non_striker": "D Foerster",
              "runs": {
                "batter": 2,
                "extras": 0,
                "total": 2
              }
            }
          ]
        }
      ],
      "powerplays": [
        {
          "from": 0.1,
          "to": 5.7,
          "type": "mandatory"
        }
      ]
    },
    {
      "team": "Botswana",
      "overs": [
        {
          "over": 0,
          "deliveries": [
            {
              "batter": "F Samanyika",
              "bowler": "KA Green",
              "extras": {
                "wides": 1
              },
              "non_striker": "L Mophakedi",
              "runs": {
                "batter": 0,
                "extras": 1,
                "total": 1
              }
            },
            {
              "batter": "F Samanyika",
              "bowler": "KA Green",
              "non_striker": "L Mophakedi",
              "runs": {
                "batter": 1,
                "extras": 0,
                "total": 1
              }
            },
            {
              "batter": "L Mophakedi",
              "bowler": "KA Green",
              "non_striker": "F Samanyika",
              "runs": {
                "batter": 1,
                "extras": 0,
                "total": 1
              }
            },
            {
              "batter": "F Samanyika",
              "bowler": "KA Green",
              "non_striker": "L Mophakedi",
              "runs": {
                "batter": 0,
                "extras": 0,
                "total": 0
              }
            },
            {
              "batter": "F Samanyika",
              "bowler": "KA Green",
              "non_striker": "L Mophakedi",
              "runs": {
                "batter": 0,
                "extras": 0,
                "total": 0
              }
            },
            {
              "batter": "F Samanyika",
              "bowler": "KA Green",
              "non_striker": "L Mophakedi",
              "runs": {
                "batter": 0,
                "extras": 0,
                "total": 0
              }
            },
            {
              "batter": "F Samanyika",
              "bowler": "KA Green",
              "non_striker": "L Mophakedi",
              "runs": {
                "batter": 2,
                "extras": 0,
                "total": 2
              }
            }
          ]
        },
        {
          "over": 1,
          "deliveries": [
            {
              "batter": "L Mophakedi",
              "bowler": "M Short",
              "non_striker": "F Samanyika",
              "runs": {
                "batter": 1,
                "extras": 0,
                "total": 1
              }
            },
            {
              "batter": "F Samanyika",
              "bowler": "M Short",
              "non_striker": "L Mophakedi",
              "runs": {
                "batter": 0,
                "extras": 0,
                "total": 0
              }
            },
            {
              "batter": "F Samanyika",
              "bowler": "M Short",
              "non_striker": "L Mophakedi",
              "runs": {
                "batter": 0,
                "extras": 0,
                "total": 0
              }
            },
            {
              "batter": "F Samanyika",
              "bowler": "M Short",
              "non_striker": "L Mophakedi",
              "runs": {
                "batter": 4,
                "extras": 0,
                "total": 4
              }
            },
            {
              "batter": "F Samanyika",
              "bowler": "M Short",
              "extras": {
                "wides": 1
              },
              "non_striker": "L Mophakedi",
              "runs": {
                "batter": 0,
                "extras": 1,
                "total": 1
              }
            },
            {
              "batter": "F Samanyika",
              "bowler": "M Short",
              "non_striker": "L Mophakedi",
              "runs": {
                "batter": 0,
                "extras": 0,
                "total": 0
              }
            },
            {
              "batter": "F Samanyika",
              "bowler": "M Short",
              "non_striker": "L Mophakedi",
              "runs": {
                "batter": 0,
                "extras": 0,
                "total": 0
              }
            }
          ]
        },
        {
          "over": 2,
          "deliveries": [
            {
              "batter": "L Mophakedi",
              "bowler": "KA Green",
              "non_striker": "F Samanyika",
              "runs": {
                "batter": 0,
                "extras": 0,
                "total": 0
              }
            },
            {
              "batter": "L Mophakedi",
              "bowler": "KA Green",
              "non_striker": "F Samanyika",
              "runs": {
                "batter": 0,
                "extras": 0,
                "total": 0
              }
            },
            {
              "batter": "L Mophakedi",
              "bowler": "KA Green",
              "non_striker": "F Samanyika",
              "runs": {
                "batter": 0,
                "extras": 0,
                "total": 0
              }
            },
            {
              "batter": "L Mophakedi",
              "bowler": "KA Green",
              "non_striker": "F Samanyika",
              "runs": {
                "batter": 0,
                "extras": 0,
                "total": 0
              },
              "wickets": [
                {
                  "kind": "bowled",
                  "player_out": "L Mophakedi"
                }
              ]
            },
            {
              "batter": "O Batisani",
              "bowler": "KA Green",
              "non_striker": "F Samanyika",
              "runs": {
                "batter": 0,
                "extras": 0,
                "total": 0
              }
            },
            {
              "batter": "O Batisani",
              "bowler": "KA Green",
              "non_striker": "F Samanyika",
              "runs": {
                "batter": 1,
                "extras": 0,
                "total": 1
              }
            }
          ]
        },
        {
          "over": 3,
          "deliveries": [
            {
              "batter": "O Batisani",
              "bowler": "M Short",
              "non_striker": "F Samanyika",
              "runs": {
                "batter": 0,
                "extras": 0,
                "total": 0
              }
            },
            {
              "batter": "O Batisani",
              "bowler": "M Short",
              "non_striker": "F Samanyika",
              "runs": {
                "batter": 0,
                "extras": 0,
                "total": 0
              }
            },
            {
              "batter": "O Batisani",
              "bowler": "M Short",
              "non_striker": "F Samanyika",
              "runs": {
                "batter": 1,
                "extras": 0,
                "total": 1
              }
            },
            {
              "batter": "F Samanyika",
              "bowler": "M Short",
              "non_striker": "O Batisani",
              "runs": {
                "batter": 0,
                "extras": 0,
                "total": 0
              }
            },
            {
              "batter": "F Samanyika",
              "bowler": "M Short",
              "non_striker": "O Batisani",
              "runs": {
                "batter": 2,
                "extras": 0,
                "total": 2
              }
            },
            {
              "batter": "F Samanyika",
              "bowler": "M Short",
              "non_striker": "O Batisani",
              "runs": {
                "batter": 1,
                "extras": 0,
                "total": 1
              }
            }
          ]
        },
        {
          "over": 4,
          "deliveries": [
            {
              "batter": "F Samanyika",
              "bowler": "KA Green",
              "non_striker": "O Batisani",
              "runs": {
                "batter": 0,
                "extras": 0,
                "total": 0
              }
            },
            {
              "batter": "F Samanyika",
              "bowler": "KA Green",
              "non_striker": "O Batisani",
              "runs": {
                "batter": 0,
                "extras": 0,
                "total": 0
              }
            },
            {
              "batter": "F Samanyika",
              "bowler": "KA Green",
              "non_striker": "O Batisani",
              "runs": {
                "batter": 0,
                "extras": 0,
                "total": 0
              }
            },
            {
              "batter": "F Samanyika",
              "bowler": "KA Green",
              "non_striker": "O Batisani",
              "runs": {
                "batter": 0,
                "extras": 0,
                "total": 0
              }
            },
            {
              "batter": "F Samanyika",
              "bowler": "KA Green",
              "non_striker": "O Batisani",
              "runs": {
                "batter": 0,
                "extras": 0,
                "total": 0
              }
            },
            {
              "batter": "F Samanyika",
              "bowler": "KA Green",
              "non_striker": "O Batisani",
              "runs": {
                "batter": 0,
                "extras": 0,
                "total": 0
              }
            }
          ]
        },
        {
          "over": 5,
          "deliveries": [
            {
              "batter": "O Batisani",
              "bowler": "M Short",
              "extras": {
                "wides": 1
              },
              "non_striker": "F Samanyika",
              "runs": {
                "batter": 0,
                "extras": 1,
                "total": 1
              }
            },
            {
              "batter": "O Batisani",
              "bowler": "M Short",
              "non_striker": "F Samanyika",
              "runs": {
                "batter": 0,
                "extras": 0,
                "total": 0
              }
            },
            {
              "batter": "O Batisani",
              "bowler": "M Short",
              "non_striker": "F Samanyika",
              "runs": {
                "batter": 0,
                "extras": 0,
                "total": 0
              }
            },
            {
              "batter": "O Batisani",
              "bowler": "M Short",
              "non_striker": "F Samanyika",
              "runs": {
                "batter": 0,
                "extras": 0,
                "total": 0
              }
            },
            {
              "batter": "O Batisani",
              "bowler": "M Short",
              "non_striker": "F Samanyika",
              "runs": {
                "batter": 0,
                "extras": 0,
                "total": 0
              }
            },
            {
              "batter": "O Batisani",
              "bowler": "M Short",
              "non_striker": "F Samanyika",
              "runs": {
                "batter": 0,
                "extras": 0,
                "total": 0
              }
            },
            {
              "batter": "O Batisani",
              "bowler": "M Short",
              "non_striker": "F Samanyika",
              "runs": {
                "batter": 2,
                "extras": 0,
                "total": 2
              }
            }
          ]
        },
        {
          "over": 6,
          "deliveries": [
            {
              "batter": "F Samanyika",
              "bowler": "EU Kejarukua",
              "non_striker": "O Batisani",
              "runs": {
                "batter": 0,
                "extras": 0,
                "total": 0
              }
            },
            {
              "batter": "F Samanyika",
              "bowler": "EU Kejarukua",
              "non_striker": "O Batisani",
              "runs": {
                "batter": 0,
                "extras": 0,
                "total": 0
              }
            },
            {
              "batter": "F Samanyika",
              "bowler": "EU Kejarukua",
              "non_striker": "O Batisani",
              "runs": {
                "batter": 0,
                "extras": 0,
                "total": 0
              }
            },
            {
              "batter": "F Samanyika",
              "bowler": "EU Kejarukua",
              "non_striker": "O Batisani",
              "runs": {
                "batter": 2,
                "extras": 0,
                "total": 2
              }
            },
            {
              "batter": "F Samanyika",
              "bowler": "EU Kejarukua",
              "non_striker": "O Batisani",
              "runs": {
                "batter": 1,
                "extras": 0,
                "total": 1
              }
            },
            {
              "batter": "O Batisani",
              "bowler": "EU Kejarukua",
              "non_striker": "F Samanyika",
              "runs": {
                "batter": 0,
                "extras": 0,
                "total": 0
              }
            }
          ]
        },
        {
          "over": 7,
          "deliveries": [
            {
              "batter": "F Samanyika",
              "bowler": "D Foerster",
              "non_striker": "O Batisani",
              "runs": {
                "batter": 4,
                "extras": 0,
                "total": 4
              }
            },
            {
              "batter": "F Samanyika",
              "bowler": "D Foerster",
              "non_striker": "O Batisani",
              "runs": {
                "batter": 1,
                "extras": 0,
                "total": 1
              }
            },
            {
              "batter": "O Batisani",
              "bowler": "D Foerster",
              "non_striker": "F Samanyika",
              "runs": {
                "batter": 0,
                "extras": 0,
                "total": 0
              }
            },
            {
              "batter": "O Batisani",
              "bowler": "D Foerster",
              "non_striker": "F Samanyika",
              "runs": {
                "batter": 0,
                "extras": 0,
                "total": 0
              }
            },
            {
              "batter": "O Batisani",
              "bowler": "D Foerster",
              "non_striker": "F Samanyika",
              "runs": {
                "batter": 0,
                "extras": 0,
                "total": 0
              }
            },
            {
              "batter": "O Batisani",
              "bowler": "D Foerster",
              "non_striker": "F Samanyika",
              "runs": {
                "batter": 1,
                "extras": 0,
                "total": 1
              }
            }
          ]
        },
        {
          "over": 8,
          "deliveries": [
            {
              "batter": "O Batisani",
              "bowler": "EU Kejarukua",
              "non_striker": "F Samanyika",
              "runs": {
                "batter": 0,
                "extras": 0,
                "total": 0
              },
              "wickets": [
                {
                  "kind": "caught",
                  "player_out": "O Batisani",
                  "fielders": [
                    {
                      "name": "SN Shihepo"
                    }
                  ]
                }
              ]
            },
            {
              "batter": "G Matome",
              "bowler": "EU Kejarukua",
              "non_striker": "F Samanyika",
              "runs": {
                "batter": 0,
                "extras": 0,
                "total": 0
              }
            },
            {
              "batter": "G Matome",
              "bowler": "EU Kejarukua",
              "extras": {
                "wides": 1
              },
              "non_striker": "F Samanyika",
              "runs": {
                "batter": 0,
                "extras": 1,
                "total": 1
              }
            },
            {
              "batter": "G Matome",
              "bowler": "EU Kejarukua",
              "non_striker": "F Samanyika",
              "runs": {
                "batter": 0,
                "extras": 0,
                "total": 0
              }
            },
            {
              "batter": "G Matome",
              "bowler": "EU Kejarukua",
              "non_striker": "F Samanyika",
              "runs": {
                "batter": 2,
                "extras": 0,
                "total": 2
              }
            },
            {
              "batter": "G Matome",
              "bowler": "EU Kejarukua",
              "non_striker": "F Samanyika",
              "runs": {
                "batter": 1,
                "extras": 0,
                "total": 1
              }
            },
            {
              "batter": "F Samanyika",
              "bowler": "EU Kejarukua",
              "non_striker": "G Matome",
              "runs": {
                "batter": 1,
                "extras": 0,
                "total": 1
              }
            }
          ]
        },
        {
          "over": 9,
          "deliveries": [
            {
              "batter": "F Samanyika",
              "bowler": "D Foerster",
              "non_striker": "G Matome",
              "runs": {
                "batter": 0,
                "extras": 0,
                "total": 0
              }
            },
            {
              "batter": "F Samanyika",
              "bowler": "D Foerster",
              "non_striker": "G Matome",
              "runs": {
                "batter": 0,
                "extras": 0,
                "total": 0
              }
            },
            {
              "batter": "F Samanyika",
              "bowler": "D Foerster",
              "non_striker": "G Matome",
              "runs": {
                "batter": 0,
                "extras": 0,
                "total": 0
              }
            },
            {
              "batter": "F Samanyika",
              "bowler": "D Foerster",
              "non_striker": "G Matome",
              "runs": {
                "batter": 1,
                "extras": 0,
                "total": 1
              }
            },
            {
              "batter": "G Matome",
              "bowler": "D Foerster",
              "non_striker": "F Samanyika",
              "runs": {
                "batter": 0,
                "extras": 0,
                "total": 0
              }
            },
            {
              "batter": "G Matome",
              "bowler": "D Foerster",
              "extras": {
                "byes": 1
              },
              "non_striker": "F Samanyika",
              "runs": {
                "batter": 0,
                "extras": 1,
                "total": 1
              }
            }
          ]
        },
        {
          "over": 10,
          "deliveries": [
            {
              "batter": "G Matome",
              "bowler": "EU Kejarukua",
              "non_striker": "F Samanyika",
              "runs": {
                "batter": 0,
                "extras": 0,
                "total": 0
              }
            },
            {
              "batter": "G Matome",
              "bowler": "EU Kejarukua",
              "non_striker": "F Samanyika",
              "runs": {
                "batter": 2,
                "extras": 0,
                "total": 2
              }
            },
            {
              "batter": "G Matome",
              "bowler": "EU Kejarukua",
              "non_striker": "F Samanyika",
              "runs": {
                "batter": 1,
                "extras": 0,
                "total": 1
              }
            },
            {
              "batter": "F Samanyika",
              "bowler": "EU Kejarukua",
              "non_striker": "G Matome",
              "runs": {
                "batter": 0,
                "extras": 0,
                "total": 0
              }
            },
            {
              "batter": "F Samanyika",
              "bowler": "EU Kejarukua",
              "non_striker": "G Matome",
              "runs": {
                "batter": 2,
                "extras": 0,
                "total": 2
              }
            },
            {
              "batter": "F Samanyika",
              "bowler": "EU Kejarukua",
              "non_striker": "G Matome",
              "runs": {
                "batter": 1,
                "extras": 0,
                "total": 1
              }
            }
          ]
        },
        {
          "over": 11,
          "deliveries": [
            {
              "batter": "F Samanyika",
              "bowler": "D Foerster",
              "non_striker": "G Matome",
              "runs": {
                "batter": 1,
                "extras": 0,
                "total": 1
              }
            },
            {
              "batter": "G Matome",
              "bowler": "D Foerster",
              "non_striker": "F Samanyika",
              "runs": {
                "batter": 0,
                "extras": 0,
                "total": 0
              }
            },
            {
              "batter": "G Matome",
              "bowler": "D Foerster",
              "non_striker": "F Samanyika",
              "runs": {
                "batter": 1,
                "extras": 0,
                "total": 1
              }
            },
            {
              "batter": "F Samanyika",
              "bowler": "D Foerster",
              "non_striker": "G Matome",
              "runs": {
                "batter": 0,
                "extras": 0,
                "total": 0
              }
            },
            {
              "batter": "F Samanyika",
              "bowler": "D Foerster",
              "non_striker": "G Matome",
              "runs": {
                "batter": 1,
                "extras": 0,
                "total": 1
              }
            },
            {
              "batter": "G Matome",
              "bowler": "D Foerster",
              "extras": {
                "wides": 1
              },
              "non_striker": "F Samanyika",
              "runs": {
                "batter": 0,
                "extras": 1,
                "total": 1
              }
            },
            {
              "batter": "G Matome",
              "bowler": "D Foerster",
              "non_striker": "F Samanyika",
              "runs": {
                "batter": 0,
                "extras": 0,
                "total": 0
              }
            }
          ]
        },
        {
          "over": 12,
          "deliveries": [
            {
              "batter": "F Samanyika",
              "bowler": "SN Shihepo",
              "non_striker": "G Matome",
              "runs": {
                "batter": 0,
                "extras": 0,
                "total": 0
              }
            },
            {
              "batter": "F Samanyika",
              "bowler": "SN Shihepo",
              "non_striker": "G Matome",
              "runs": {
                "batter": 1,
                "extras": 0,
                "total": 1
              }
            },
            {
              "batter": "G Matome",
              "bowler": "SN Shihepo",
              "extras": {
                "wides": 1
              },
              "non_striker": "F Samanyika",
              "runs": {
                "batter": 0,
                "extras": 1,
                "total": 1
              }
            },
            {
              "batter": "G Matome",
              "bowler": "SN Shihepo",
              "non_striker": "F Samanyika",
              "runs": {
                "batter": 0,
                "extras": 0,
                "total": 0
              }
            },
            {
              "batter": "G Matome",
              "bowler": "SN Shihepo",
              "non_striker": "F Samanyika",
              "runs": {
                "batter": 1,
                "extras": 0,
                "total": 1
              }
            },
            {
              "batter": "F Samanyika",
              "bowler": "SN Shihepo",
              "non_striker": "G Matome",
              "runs": {
                "batter": 1,
                "extras": 0,
                "total": 1
              }
            },
            {
              "batter": "G Matome",
              "bowler": "SN Shihepo",
              "non_striker": "F Samanyika",
              "runs": {
                "batter": 2,
                "extras": 0,
                "total": 2
              }
            }
          ]
        },
        {
          "over": 13,
          "deliveries": [
            {
              "batter": "F Samanyika",
              "bowler": "D Foerster",
              "non_striker": "G Matome",
              "runs": {
                "batter": 2,
                "extras": 0,
                "total": 2
              }
            },
            {
              "batter": "F Samanyika",
              "bowler": "D Foerster",
              "non_striker": "G Matome",
              "runs": {
                "batter": 1,
                "extras": 0,
                "total": 1
              }
            },
            {
              "batter": "G Matome",
              "bowler": "D Foerster",
              "non_striker": "F Samanyika",
              "runs": {
                "batter": 2,
                "extras": 0,
                "total": 2
              }
            },
            {
              "batter": "G Matome",
              "bowler": "D Foerster",
              "non_striker": "F Samanyika",
              "runs": {
                "batter": 0,
                "extras": 0,
                "total": 0
              }
            },
            {
              "batter": "G Matome",
              "bowler": "D Foerster",
              "non_striker": "F Samanyika",
              "runs": {
                "batter": 1,
                "extras": 0,
                "total": 1
              }
            },
            {
              "batter": "F Samanyika",
              "bowler": "D Foerster",
              "non_striker": "G Matome",
              "runs": {
                "batter": 0,
                "extras": 0,
                "total": 0
              }
            }
          ]
        },
        {
          "over": 14,
          "deliveries": [
            {
              "batter": "G Matome",
              "bowler": "SN Shihepo",
              "extras": {
                "wides": 1
              },
              "non_striker": "F Samanyika",
              "runs": {
                "batter": 0,
                "extras": 1,
                "total": 1
              }
            },
            {
              "batter": "G Matome",
              "bowler": "SN Shihepo",
              "non_striker": "F Samanyika",
              "runs": {
                "batter": 0,
                "extras": 0,
                "total": 0
              }
            },
            {
              "batter": "G Matome",
              "bowler": "SN Shihepo",
              "non_striker": "F Samanyika",
              "runs": {
                "batter": 0,
                "extras": 0,
                "total": 0
              }
            },
            {
              "batter": "G Matome",
              "bowler": "SN Shihepo",
              "non_striker": "F Samanyika",
              "runs": {
                "batter": 0,
                "extras": 0,
                "total": 0
              }
            },
            {
              "batter": "G Matome",
              "bowler": "SN Shihepo",
              "non_striker": "F Samanyika",
              "runs": {
                "batter": 2,
                "extras": 0,
                "total": 2
              }
            },
            {
              "batter": "G Matome",
              "bowler": "SN Shihepo",
              "non_striker": "F Samanyika",
              "runs": {
                "batter": 1,
                "extras": 0,
                "total": 1
              }
            },
            {
              "batter": "F Samanyika",
              "bowler": "SN Shihepo",
              "non_striker": "G Matome",
              "runs": {
                "batter": 0,
                "extras": 0,
                "total": 0
              }
            }
          ]
        },
        {
          "over": 15,
          "deliveries": [
            {
              "batter": "G Matome",
              "bowler": "M Short",
              "non_striker": "F Samanyika",
              "runs": {
                "batter": 0,
                "extras": 0,
                "total": 0
              }
            },
            {
              "batter": "G Matome",
              "bowler": "M Short",
              "non_striker": "F Samanyika",
              "runs": {
                "batter": 1,
                "extras": 0,
                "total": 1
              }
            },
            {
              "batter": "F Samanyika",
              "bowler": "M Short",
              "non_striker": "G Matome",
              "runs": {
                "batter": 1,
                "extras": 0,
                "total": 1
              }
            },
            {
              "batter": "G Matome",
              "bowler": "M Short",
              "non_striker": "F Samanyika",
              "runs": {
                "batter": 1,
                "extras": 0,
                "total": 1
              }
            },
            {
              "batter": "F Samanyika",
              "bowler": "M Short",
              "non_striker": "G Matome",
              "runs": {
                "batter": 0,
                "extras": 0,
                "total": 0
              }
            },
            {
              "batter": "F Samanyika",
              "bowler": "M Short",
              "non_striker": "G Matome",
              "runs": {
                "batter": 0,
                "extras": 0,
                "total": 0
              }
            }
          ]
        },
        {
          "over": 16,
          "deliveries": [
            {
              "batter": "G Matome",
              "bowler": "SN Shihepo",
              "non_striker": "F Samanyika",
              "runs": {
                "batter": 0,
                "extras": 0,
                "total": 0
              },
              "wickets": [
                {
                  "kind": "bowled",
                  "player_out": "G Matome"
                }
              ]
            },
            {
              "batter": "T Modise",
              "bowler": "SN Shihepo",
              "non_striker": "F Samanyika",
              "runs": {
                "batter": 0,
                "extras": 0,
                "total": 0
              }
            },
            {
              "batter": "T Modise",
              "bowler": "SN Shihepo",
              "extras": {
                "wides": 1
              },
              "non_striker": "F Samanyika",
              "runs": {
                "batter": 0,
                "extras": 1,
                "total": 1
              }
            },
            {
              "batter": "T Modise",
              "bowler": "SN Shihepo",
              "non_striker": "F Samanyika",
              "runs": {
                "batter": 0,
                "extras": 0,
                "total": 0
              }
            },
            {
              "batter": "T Modise",
              "bowler": "SN Shihepo",
              "non_striker": "F Samanyika",
              "runs": {
                "batter": 1,
                "extras": 0,
                "total": 1
              }
            },
            {
              "batter": "F Samanyika",
              "bowler": "SN Shihepo",
              "non_striker": "T Modise",
              "runs": {
                "batter": 0,
                "extras": 0,
                "total": 0
              }
            },
            {
              "batter": "F Samanyika",
              "bowler": "SN Shihepo",
              "non_striker": "T Modise",
              "runs": {
                "batter": 0,
                "extras": 0,
                "total": 0
              }
            }
          ]
        },
        {
          "over": 17,
          "deliveries": [
            {
              "batter": "T Modise",
              "bowler": "EU Kejarukua",
              "non_striker": "F Samanyika",
              "runs": {
                "batter": 0,
                "extras": 0,
                "total": 0
              }
            },
            {
              "batter": "T Modise",
              "bowler": "EU Kejarukua",
              "non_striker": "F Samanyika",
              "runs": {
                "batter": 1,
                "extras": 0,
                "total": 1
              }
            },
            {
              "batter": "F Samanyika",
              "bowler": "EU Kejarukua",
              "non_striker": "T Modise",
              "runs": {
                "batter": 1,
                "extras": 0,
                "total": 1
              }
            },
            {
              "batter": "T Modise",
              "bowler": "EU Kejarukua",
              "non_striker": "F Samanyika",
              "runs": {
                "batter": 0,
                "extras": 0,
                "total": 0
              }
            },
            {
              "batter": "T Modise",
              "bowler": "EU Kejarukua",
              "non_striker": "F Samanyika",
              "runs": {
                "batter": 0,
                "extras": 0,
                "total": 0
              }
            },
            {
              "batter": "T Modise",
              "bowler": "EU Kejarukua",
              "non_striker": "F Samanyika",
              "runs": {
                "batter": 2,
                "extras": 0,
                "total": 2
              }
            }
          ]
        },
        {
          "over": 18,
          "deliveries": [
            {
              "batter": "F Samanyika",
              "bowler": "SN Shihepo",
              "non_striker": "T Modise",
              "runs": {
                "batter": 2,
                "extras": 0,
                "total": 2
              }
            },
            {
              "batter": "F Samanyika",
              "bowler": "SN Shihepo",
              "non_striker": "T Modise",
              "runs": {
                "batter": 0,
                "extras": 0,
                "total": 0
              }
            },
            {
              "batter": "F Samanyika",
              "bowler": "SN Shihepo",
              "non_striker": "T Modise",
              "runs": {
                "batter": 0,
                "extras": 0,
                "total": 0
              }
            },
            {
              "batter": "F Samanyika",
              "bowler": "SN Shihepo",
              "non_striker": "T Modise",
              "runs": {
                "batter": 0,
                "extras": 0,
                "total": 0
              }
            },
            {
              "batter": "F Samanyika",
              "bowler": "SN Shihepo",
              "non_striker": "T Modise",
              "runs": {
                "batter": 0,
                "extras": 0,
                "total": 0
              }
            },
            {
              "batter": "F Samanyika",
              "bowler": "SN Shihepo",
              "non_striker": "T Modise",
              "runs": {
                "batter": 1,
                "extras": 0,
                "total": 1
              }
            }
          ]
        },
        {
          "over": 19,
          "deliveries": [
            {
              "batter": "F Samanyika",
              "bowler": "KA Green",
              "non_striker": "T Modise",
              "runs": {
                "batter": 1,
                "extras": 0,
                "total": 1
              }
            },
            {
              "batter": "T Modise",
              "bowler": "KA Green",
              "non_striker": "F Samanyika",
              "runs": {
                "batter": 1,
                "extras": 0,
                "total": 1
              }
            },
            {
              "batter": "F Samanyika",
              "bowler": "KA Green",
              "non_striker": "T Modise",
              "runs": {
                "batter": 0,
                "extras": 0,
                "total": 0
              },
              "wickets": [
                {
                  "kind": "bowled",
                  "player_out": "F Samanyika"
                }
              ]
            },
            {
              "batter": "T Legaabile",
              "bowler": "KA Green",
              "non_striker": "T Modise",
              "runs": {
                "batter": 0,
                "extras": 0,
                "total": 0
              }
            },
            {
              "batter": "T Legaabile",
              "bowler": "KA Green",
              "non_striker": "T Modise",
              "runs": {
                "batter": 0,
                "extras": 0,
                "total": 0
              },
              "wickets": [
                {
                  "kind": "caught",
                  "player_out": "T Legaabile",
                  "fielders": [
                    {
                      "name": "EU Kejarukua"
                    }
                  ]
                }
              ]
            },
            {
              "batter": "T Modise",
              "bowler": "KA Green",
              "non_striker": "B Gaanamong",
              "runs": {
                "batter": 0,
                "extras": 0,
                "total": 0
              }
            }
          ]
        }
      ],
      "powerplays": [
        {
          "from": 0.1,
          "to": 5.7,
          "type": "mandatory"
        }
      ],
      "target": {
        "overs": 20,
        "runs": 164
      }
    }
  ]
}