{
  "meta": {
    "data_version": "1.0.0",
    "created": "2019-11-01",
    "revision": 1
  },
  "info": {
    "balls_per_over": 6,
    "city": "Port Vila",
    "dates": [
      "2019-05-09"
    ],
    "event": {
      "name": "ICC Women's T20 World Cup East Asia-Pacific Region Qualifier",
      "match_number": 10
    },
    "gender": "female",
    "match_type": "T20",
    "match_type_number": 644,
    "officials": {
      "match_referees": [
        "SR Bernard"
      ],
      "reserve_umpires": [
        "ZK Shem"
      ],
      "umpires": [
        "Suresh Subramanian",
        "Kim Cotton"
      ]
    },
    "outcome": {
      "winner": "Japan",
      "by": {
        "runs": 31
      }
    },
    "overs": 20,
    "player_of_match": [
      "N Tokizawa"
    ],
    "players": {
      "Japan": [
        "A Kitayama",
        "Erika Oda",
        "M Kanno",
        "M Yanagida",
        "Eri Iko",
        "R Endo",
        "N Tokizawa",
        "M Shiraishi",
        "A Kano",
        "S Miyaji",
        "R Kanai"
      ],
      "Fiji": [
        "I Waqavakatoga",
        "S Lote",
        "M Vua",
        "S Lomani",
        "R Muriyalo",
        "W Ofamoli",
        "A Tagilala",
        "L Samani",
        "M Tilau",
        "L Rika",
        "L Vuadreu"
      ]
    },
    "registry": {
      "people": {
        "A Kano": "e92841c0",
        "A Kitayama": "34c205b1",
        "A Tagilala": "c057e647",
        "Eri Iko": "657dbd65",
        "Erika Oda": "4c8a1197",
        "I Waqavakatoga": "31d220f5",
        "Kim Cotton": "67a7c2ee",
        "L Rika": "fe12944e",
        "L Samani": "0ec3085b",
        "L Vuadreu": "6c724896",
        "M Kanno": "97fc39fd",
        "M Shiraishi": "79b4af2d",
        "M Tilau": "745815a1",
        "M Vua": "dcff5376",
        "M Yanagida": "f20e7e23",
        "N Tokizawa": "0e818f80",
        "R Endo": "9235396c",
        "R Kanai": "54a3d69f",
        "R Muriyalo": "a2fc9177",
        "S Lomani": "b85ac5bb",
        "S Lote": "09c07ae4",
        "S Miyaji": "3aca2ed5",
        "SR Bernard": "800187dc",
        "Suresh Subramanian": "4e869e23",
        "W Ofamoli": "8e4664a4",
        "ZK Shem": "87ffd217"
      }
    },
    "season": "2019",
    "team_type": "international",
    "teams": [
      "Fiji",
      "Japan"
    ],
    "toss": {
      "decision": "bat",
      "winner": "Japan"
    },
    "venue": "Ground 2, Independence Park"
  },
  "innings": [
    {
      "team": "Japan",
      "overs": [
        {
          "over": 0,
          "deliveries": [
            {
              "batter": "A Kitayama",
              "bowler": "M Vua",
              "non_striker": "Erika Oda",
              "runs": {
                "batter": 0,
                "extras": 0,
                "total": 0
              }
            },
            {
              "batter": "A Kitayama",
              "bowler": "M Vua",
              "non_striker": "Erika Oda",
              "runs": {
                "batter": 2,
                "extras": 0,
                "total": 2
              }
            },
            {
              "batter": "A Kitayama",
              "bowler": "M Vua",
              "non_striker": "Erika Oda",
              "runs": {
                "batter": 0,
                "extras": 0,
                "total": 0
              }
            },
            {
              "batter": "A Kitayama",
              "bowler": "M Vua",
              "extras": {
                "legbyes": 2
              },
              "non_striker": "Erika Oda",
              "runs": {
                "batter": 0,
                "extras": 2,
                "total": 2
              }
            },
            {
              "batter": "A Kitayama",
              "bowler": "M Vua",
              "non_striker": "Erika Oda",
              "runs": {
                "batter": 0,
                "extras": 0,
                "total": 0
              },
              "wickets": [
                {
                  "kind": "lbw",
                  "player_out": "A Kitayama"
                }
              ]
            },
            {
              "batter": "M Kanno",
              "bowler": "M Vua",
              "extras": {
                "wides": 1
              },
              "non_striker": "Erika Oda",
              "runs": {
                "batter": 0,
                "extras": 1,
                "total": 1
              }
            },
            {
              "batter": "M Kanno",
              "bowler": "M Vua",
              "non_striker": "Erika Oda",
              "runs": {
                "batter": 0,
                "extras": 0,
                "total": 0
              }
            }
          ]
        },
        {
          "over": 1,
          "deliveries": [
            {
              "batter": "Erika Oda",
              "bowler": "M Tilau",
              "extras": {
                "legbyes": 1
              },
              "non_striker": "M Kanno",
              "runs": {
                "batter": 0,
                "extras": 1,
                "total": 1
              }
            },
            {
              "batter": "M Kanno",
              "bowler": "M Tilau",
              "non_striker": "Erika Oda",
              "runs": {
                "batter": 1,
                "extras": 0,
                "total": 1
              }
            },
            {
              "batter": "Erika Oda",
              "bowler": "M Tilau",
              "non_striker": "M Kanno",
              "runs": {
                "batter": 4,
                "extras": 0,
                "total": 4
              }
            },
            {
              "batter": "Erika Oda",
              "bowler": "M Tilau",
              "non_striker": "M Kanno",
              "runs": {
                "batter": 0,
                "extras": 0,
                "total": 0
              },
              "wickets": [
                {
                  "kind": "bowled",
                  "player_out": "Erika Oda"
                }
              ]
            },
            {
              "batter": "M Yanagida",
              "bowler": "M Tilau",
              "non_striker": "M Kanno",
              "runs": {
                "batter": 1,
                "extras": 0,
                "total": 1
              }
            },
            {
              "batter": "M Kanno",
              "bowler": "M Tilau",
              "non_striker": "M Yanagida",
              "runs": {
                "batter": 0,
                "extras": 0,
                "total": 0
              }
            }
          ]
        },
        {
          "over": 2,
          "deliveries": [
            {
              "batter": "M Yanagida",
              "bowler": "M Vua",
              "non_striker": "M Kanno",
              "runs": {
                "batter": 0,
                "extras": 0,
                "total": 0
              }
            },
            {
              "batter": "M Yanagida",
              "bowler": "M Vua",
              "extras": {
                "wides": 1
              },
              "non_striker": "M Kanno",
              "runs": {
                "batter": 0,
                "extras": 1,
                "total": 1
              }
            },
            {
              "batter": "M Yanagida",
              "bowler": "M Vua",
              "non_striker": "M Kanno",
              "runs": {
                "batter": 0,
                "extras": 0,
                "total": 0
              }
            },
            {
              "batter": "M Yanagida",
              "bowler": "M Vua",
              "non_striker": "M Kanno",
              "runs": {
                "batter": 1,
                "extras": 0,
                "total": 1
              },
              "wickets": [
                {
                  "kind": "run out",
                  "player_out": "M Yanagida"
                }
              ]
            },
            {
              "batter": "M Kanno",
              "bowler": "M Vua",
              "non_striker": "Eri Iko",
              "runs": {
                "batter": 0,
                "extras": 0,
                "total": 0
              }
            },
            {
              "batter": "M Kanno",
              "bowler": "M Vua",
              "non_striker": "Eri Iko",
              "runs": {
                "batter": 0,
                "extras": 0,
                "total": 0
              }
            },
            {
              "batter": "M Kanno",
              "bowler": "M Vua",
              "non_striker": "Eri Iko",
              "runs": {
                "batter": 2,
                "extras": 0,
                "total": 2
              }
            }
          ]
        },
        {
          "over": 3,
          "deliveries": [
            {
              "batter": "Eri Iko",
              "bowler": "M Tilau",
              "non_striker": "M Kanno",
              "runs": {
                "batter": 1,
                "extras": 0,
                "total": 1
              }
            },
            {
              "batter": "M Kanno",
              "bowler": "M Tilau",
              "non_striker": "Eri Iko",
              "runs": {
                "batter": 0,
                "extras": 0,
                "total": 0
              }
            },
            {
              "batter": "M Kanno",
              "bowler": "M Tilau",
              "non_striker": "Eri Iko",
              "runs": {
                "batter": 1,
                "extras": 0,
                "total": 1
              }
            },
            {
              "batter": "Eri Iko",
              "bowler": "M Tilau",
              "non_striker": "M Kanno",
              "runs": {
                "batter": 0,
                "extras": 0,
                "total": 0
              }
            },
            {
              "batter": "Eri Iko",
              "bowler": "M Tilau",
              "non_striker": "M Kanno",
              "runs": {
                "batter": 1,
                "extras": 0,
                "total": 1
              }
            },
            {
              "batter": "M Kanno",
              "bowler": "M Tilau",
              "non_striker": "Eri Iko",
              "runs": {
                "batter": 0,
                "extras": 0,
                "total": 0
              }
            }
          ]
        },
        {
          "over": 4,
          "deliveries": [
            {
              "batter": "Eri Iko",
              "bowler": "R Muriyalo",
              "non_striker": "M Kanno",
              "runs": {
                "batter": 1,
                "extras": 0,
                "total": 1
              }
            },
            {
              "batter": "M Kanno",
              "bowler": "R Muriyalo",
              "non_striker": "Eri Iko",
              "runs": {
                "batter": 0,
                "extras": 0,
                "total": 0
              }
            },
            {
              "batter": "M Kanno",
              "bowler": "R Muriyalo",
              "non_striker": "Eri Iko",
              "runs": {
                "batter": 0,
                "extras": 0,
                "total": 0
              }
            },
            {
              "batter": "M Kanno",
              "bowler": "R Muriyalo",
              "non_striker": "Eri Iko",
              "runs": {
                "batter": 0,
                "extras": 0,
                "total": 0
              }
            },
            {
              "batter": "M Kanno",
              "bowler": "R Muriyalo",
              "non_striker": "Eri Iko",
              "runs": {
                "batter": 0,
                "extras": 0,
                "total": 0
              }
            },
            {
              "batter": "M Kanno",
              "bowler": "R Muriyalo",
              "non_striker": "Eri Iko",
              "runs": {
                "batter": 1,
                "extras": 0,
                "total": 1
              }
            }
          ]
        },
        {
          "over": 5,
          "deliveries": [
            {
              "batter": "M Kanno",
              "bowler": "M Tilau",
              "non_striker": "Eri Iko",
              "runs": {
                "batter": 3,
                "extras": 0,
                "total": 3
              }
            },
            {
              "batter": "Eri Iko",
              "bowler": "M Tilau",
              "non_striker": "M Kanno",
              "runs": {
                "batter": 0,
                "extras": 0,
                "total": 0
              }
            },
            {
              "batter": "Eri Iko",
              "bowler": "M Tilau",
              "non_striker": "M Kanno",
              "runs": {
                "batter": 1,
                "extras": 0,
                "total": 1
              }
            },
            {
              "batter": "M Kanno",
              "bowler": "M Tilau",
              "extras": {
                "wides": 2
              },
              "non_striker": "Eri Iko",
              "runs": {
                "batter": 0,
                "extras": 2,
                "total": 2
              }
            },
            {
              "batter": "Eri Iko",
              "bowler": "M Tilau",
              "non_striker": "M Kanno",
              "runs": {
                "batter": 4,
                "extras": 0,
                "total": 4
              }
            },
            {
              "batter": "Eri Iko",
              "bowler": "M Tilau",
              "non_striker": "M Kanno",
              "runs": {
                "batter": 1,
                "extras": 0,
                "total": 1
              },
              "wickets": [
                {
                  "kind": "run out",
                  "player_out": "M Kanno"
                }
              ]
            },
            {
              "batter": "R Endo",
              "bowler": "M Tilau",
              "non_striker": "Eri Iko",
              "runs": {
                "batter": 0,
                "extras": 0,
                "total": 0
              }
            }
          ]
        },
        {
          "over": 6,
          "deliveries": [
            {
              "batter": "Eri Iko",
              "bowler": "M Vua",
              "non_striker": "R Endo",
              "runs": {
                "batter": 0,
                "extras": 0,
                "total": 0
              }
            },
            {
              "batter": "Eri Iko",
              "bowler": "M Vua",
              "non_striker": "R Endo",
              "runs": {
                "batter": 1,
                "extras": 0,
                "total": 1
              }
            },
            {
              "batter": "R Endo",
              "bowler": "M Vua",
              "non_striker": "Eri Iko",
              "runs": {
                "batter": 1,
                "extras": 0,
                "total": 1
              }
            },
            {
              "batter": "Eri Iko",
              "bowler": "M Vua",
              "non_striker": "R Endo",
              "runs": {
                "batter": 1,
                "extras": 0,
                "total": 1
              }
            },
            {
              "batter": "R Endo",
              "bowler": "M Vua",
              "non_striker": "Eri Iko",
              "runs": {
                "batter": 1,
                "extras": 0,
                "total": 1
              }
            },
            {
              "batter": "Eri Iko",
              "bowler": "M Vua",
              "non_striker": "R Endo",
              "runs": {
                "batter": 0,
                "extras": 0,
                "total": 0
              }
            }
          ]
        },
        {
          "over": 7,
          "deliveries": [
            {
              "batter": "R Endo",
              "bowler": "R Muriyalo",
              "extras": {
                "wides": 1
              },
              "non_striker": "Eri Iko",
              "runs": {
                "batter": 0,
                "extras": 1,
                "total": 1
              }
            },
            {
              "batter": "R Endo",
              "bowler": "R Muriyalo",
              "non_striker": "Eri Iko",
              "runs": {
                "batter": 0,
                "extras": 0,
                "total": 0
              }
            },
            {
              "batter": "R Endo",
              "bowler": "R Muriyalo",
              "non_striker": "Eri Iko",
              "runs": {
                "batter": 0,
                "extras": 0,
                "total": 0
              }
            },
            {
              "batter": "R Endo",
              "bowler": "R Muriyalo",
              "non_striker": "Eri Iko",
              "runs": {
                "batter": 2,
                "extras": 0,
                "total": 2
              }
            },
            {
              "batter": "R Endo",
              "bowler": "R Muriyalo",
              "non_striker": "Eri Iko",
              "runs": {
                "batter": 2,
                "extras": 0,
                "total": 2
              }
            },
            {
              "batter": "R Endo",
              "bowler": "R Muriyalo",
              "non_striker": "Eri Iko",
              "runs": {
                "batter": 1,
                "extras": 0,
                "total": 1
              }
            },
            {
              "batter": "Eri Iko",
              "bowler": "R Muriyalo",
              "non_striker": "R Endo",
              "runs": {
                "batter": 2,
                "extras": 0,
                "total": 2
              }
            }
          ]
        },
        {
          "over": 8,
          "deliveries": [
            {
              "batter": "R Endo",
              "bowler": "M Vua",
              "non_striker": "Eri Iko",
              "runs": {
                "batter": 1,
                "extras": 0,
                "total": 1
              }
            },
            {
              "batter": "Eri Iko",
              "bowler": "M Vua",
              "non_striker": "R Endo",
              "runs": {
                "batter": 0,
                "extras": 0,
                "total": 0
              }
            },
            {
              "batter": "Eri Iko",
              "bowler": "M Vua",
              "non_striker": "R Endo",
              "runs": {
                "batter": 1,
                "extras": 0,
                "total": 1
              }
            },
            {
              "batter": "R Endo",
              "bowler": "M Vua",
              "non_striker": "Eri Iko",
              "runs": {
                "batter": 1,
                "extras": 0,
                "total": 1
              }
            },
            {
              "batter": "Eri Iko",
              "bowler": "M Vua",
              "non_striker": "R Endo",
              "runs": {
                "batter": 2,
                "extras": 0,
                "total": 2
              }
            },
            {
              "batter": "Eri Iko",
              "bowler": "M Vua",
              "non_striker": "R Endo",
              "runs": {
                "batter": 0,
                "extras": 0,
                "total": 0
              }
            }
          ]
        },
        {
          "over": 9,
          "deliveries": [
            {
              "batter": "R Endo",
              "bowler": "R Muriyalo",
              "non_striker": "Eri Iko",
              "runs": {
                "batter": 1,
                "extras": 0,
                "total": 1
              }
            },
            {
              "batter": "Eri Iko",
              "bowler": "R Muriyalo",
              "extras": {
                "noballs": 1
              },
              "non_striker": "R Endo",
              "runs": {
                "batter": 1,
                "extras": 1,
                "total": 2
              }
            },
            {
              "batter": "R Endo",
              "bowler": "R Muriyalo",
              "extras": {
                "legbyes": 1
              },
              "non_striker": "Eri Iko",
              "runs": {
                "batter": 0,
                "extras": 1,
                "total": 1
              }
            },
            {
              "batter": "Eri Iko",
              "bowler": "R Muriyalo",
              "extras": {
                "legbyes": 1
              },
              "non_striker": "R Endo",
              "runs": {
                "batter": 0,
                "extras": 1,
                "total": 1
              }
            },
            {
              "batter": "R Endo",
              "bowler": "R Muriyalo",
              "extras": {
                "wides": 1
              },
              "non_striker": "Eri Iko",
              "runs": {
                "batter": 0,
                "extras": 1,
                "total": 1
              }
            },
            {
              "batter": "R Endo",
              "bowler": "R Muriyalo",
              "non_striker": "Eri Iko",
              "runs": {
                "batter": 0,
                "extras": 0,
                "total": 0
              }
            },
            {
              "batter": "R Endo",
              "bowler": "R Muriyalo",
              "extras": {
                "byes": 1
              },
              "non_striker": "Eri Iko",
              "runs": {
                "batter": 0,
                "extras": 1,
                "total": 1
              }
            },
            {
              "batter": "Eri Iko",
              "bowler": "R Muriyalo",
              "non_striker": "R Endo",
              "runs": {
                "batter": 0,
                "extras": 0,
                "total": 0
              }
            }
          ]
        },
        {
          "over": 10,
          "deliveries": [
            {
              "batter": "R Endo",
              "bowler": "L Samani",
              "non_striker": "Eri Iko",
              "runs": {
                "batter": 0,
                "extras": 0,
                "total": 0
              }
            },
            {
              "batter": "R Endo",
              "bowler": "L Samani",
              "non_striker": "Eri Iko",
              "runs": {
                "batter": 1,
                "extras": 0,
                "total": 1
              }
            },
            {
              "batter": "Eri Iko",
              "bowler": "L Samani",
              "non_striker": "R Endo",
              "runs": {
                "batter": 1,
                "extras": 0,
                "total": 1
              }
            },
            {
              "batter": "R Endo",
              "bowler": "L Samani",
              "non_striker": "Eri Iko",
              "runs": {
                "batter": 0,
                "extras": 0,
                "total": 0
              }
            },
            {
              "batter": "R Endo",
              "bowler": "L Samani",
              "extras": {
                "wides": 1
              },
              "non_striker": "Eri Iko",
              "runs": {
                "batter": 0,
                "extras": 1,
                "total": 1
              }
            },
            {
              "batter": "R Endo",
              "bowler": "L Samani",
              "extras": {
                "wides": 2
              },
              "non_striker": "Eri Iko",
              "runs": {
                "batter": 0,
                "extras": 2,
                "total": 2
              }
            },
            {
              "batter": "Eri Iko",
              "bowler": "L Samani",
              "non_striker": "R Endo",
              "runs": {
                "batter": 1,
                "extras": 0,
                "total": 1
              }
            },
            {
              "batter": "R Endo",
              "bowler": "L Samani",
              "non_striker": "Eri Iko",
              "runs": {
                "batter": 1,
                "extras": 0,
                "total": 1
              }
            }
          ]
        },
        {
          "over": 11,
          "deliveries": [
            {
              "batter": "R Endo",
              "bowler": "M Tilau",
              "non_striker": "Eri Iko",
              "runs": {
                "batter": 1,
                "extras": 0,
                "total": 1
              }
            },
            {
              "batter": "Eri Iko",
              "bowler": "M Tilau",
              "non_striker": "R Endo",
              "runs": {
                "batter": 1,
                "extras": 0,
                "total": 1
              }
            },
            {
              "batter": "R Endo",
              "bowler": "M Tilau",
              "non_striker": "Eri Iko",
              "runs": {
                "batter": 0,
                "extras": 0,
                "total": 0
              },
              "wickets": [
                {
                  "kind": "caught",
                  "player_out": "R Endo",
                  "fielders": [
                    {
                      "name": "M Vua"
                    }
                  ]
                }
              ]
            },
            {
              "batter": "N Tokizawa",
              "bowler": "M Tilau",
              "non_striker": "Eri Iko",
              "runs": {
                "batter": 0,
                "extras": 0,
                "total": 0
              }
            },
            {
              "batter": "N Tokizawa",
              "bowler": "M Tilau",
              "non_striker": "Eri Iko",
              "runs": {
                "batter": 1,
                "extras": 0,
                "total": 1
              }
            },
            {
              "batter": "Eri Iko",
              "bowler": "M Tilau",
              "non_striker": "N Tokizawa",
              "runs": {
                "batter": 1,
                "extras": 0,
                "total": 1
              }
            }
          ]
        },
        {
          "over": 12,
          "deliveries": [
            {
              "batter": "Eri Iko",
              "bowler": "L Vuadreu",
              "non_striker": "N Tokizawa",
              "runs": {
                "batter": 0,
                "extras": 0,
                "total": 0
              }
            },
            {
              "batter": "Eri Iko",
              "bowler": "L Vuadreu",
              "non_striker": "N Tokizawa",
              "runs": {
                "batter": 1,
                "extras": 0,
                "total": 1
              },
              "wickets": [
                {
                  "kind": "run out",
                  "player_out": "Eri Iko"
                }
              ]
            },
            {
              "batter": "M Shiraishi",
              "bowler": "L Vuadreu",
              "non_striker": "N Tokizawa",
              "runs": {
                "batter": 1,
                "extras": 0,
                "total": 1
              }
            },
            {
              "batter": "N Tokizawa",
              "bowler": "L Vuadreu",
              "non_striker": "M Shiraishi",
              "runs": {
                "batter": 0,
                "extras": 0,
                "total": 0
              }
            },
            {
              "batter": "N Tokizawa",
              "bowler": "L Vuadreu",
              "extras": {
                "wides": 1
              },
              "non_striker": "M Shiraishi",
              "runs": {
                "batter": 0,
                "extras": 1,
                "total": 1
              }
            },
            {
              "batter": "N Tokizawa",
              "bowler": "L Vuadreu",
              "non_striker": "M Shiraishi",
              "runs": {
                "batter": 0,
                "extras": 0,
                "total": 0
              }
            },
            {
              "batter": "N Tokizawa",
              "bowler": "L Vuadreu",
              "non_striker": "M Shiraishi",
              "runs": {
                "batter": 1,
                "extras": 0,
                "total": 1
              }
            }
          ]
        },
        {
          "over": 13,
          "deliveries": [
            {
              "batter": "N Tokizawa",
              "bowler": "A Tagilala",
              "non_striker": "M Shiraishi",
              "runs": {
                "batter": 0,
                "extras": 0,
                "total": 0
              }
            },
            {
              "batter": "N Tokizawa",
              "bowler": "A Tagilala",
              "extras": {
                "wides": 1
              },
              "non_striker": "M Shiraishi",
              "runs": {
                "batter": 0,
                "extras": 1,
                "total": 1
              }
            },
            {
              "batter": "N Tokizawa",
              "bowler": "A Tagilala",
              "non_striker": "M Shiraishi",
              "runs": {
                "batter": 2,
                "extras": 0,
                "total": 2
              }
            },
            {
              "batter": "N Tokizawa",
              "bowler": "A Tagilala",
              "non_striker": "M Shiraishi",
              "runs": {
                "batter": 1,
                "extras": 0,
                "total": 1
              }
            },
            {
              "batter": "M Shiraishi",
              "bowler": "A Tagilala",
              "non_striker": "N Tokizawa",
              "runs": {
                "batter": 0,
                "extras": 0,
                "total": 0
              }
            },
            {
              "batter": "M Shiraishi",
              "bowler": "A Tagilala",
              "extras": {
                "wides": 1
              },
              "non_striker": "N Tokizawa",
              "runs": {
                "batter": 0,
                "extras": 1,
                "total": 1
              }
            },
            {
              "batter": "M Shiraishi",
              "bowler": "A Tagilala",
              "non_striker": "N Tokizawa",
              "runs": {
                "batter": 0,
                "extras": 0,
                "total": 0
              }
            },
            {
              "batter": "M Shiraishi",
              "bowler": "A Tagilala",
              "non_striker": "N Tokizawa",
              "runs": {
                "batter": 1,
                "extras": 0,
                "total": 1
              }
            }
          ]
        },
        {
          "over": 14,
          "deliveries": [
            {
              "batter": "M Shiraishi",
              "bowler": "L Vuadreu",
              "non_striker": "N Tokizawa",
              "runs": {
                "batter": 1,
                "extras": 0,
                "total": 1
              }
            },
            {
              "batter": "N Tokizawa",
              "bowler": "L Vuadreu",
              "non_striker": "M Shiraishi",
              "runs": {
                "batter": 1,
                "extras": 0,
                "total": 1
              }
            },
            {
              "batter": "M Shiraishi",
              "bowler": "L Vuadreu",
              "extras": {
                "wides": 3
              },
              "non_striker": "N Tokizawa",
              "runs": {
                "batter": 0,
                "extras": 3,
                "total": 3
              }
            },
            {
              "batter": "M Shiraishi",
              "bowler": "L Vuadreu",
              "non_striker": "N Tokizawa",
              "runs": {
                "batter": 0,
                "extras": 0,
                "total": 0
              },
              "wickets": [
                {
                  "kind": "bowled",
                  "player_out": "M Shiraishi"
                }
              ]
            },
            {
              "batter": "A Kano",
              "bowler": "L Vuadreu",
              "non_striker": "N Tokizawa",
              "runs": {
                "batter": 0,
                "extras": 0,
                "total": 0
              },
              "wickets": [
                {
                  "kind": "run out",
                  "player_out": "N Tokizawa"
                }
              ]
            },
            {
              "batter": "A Kano",
              "bowler": "L Vuadreu",
              "extras": {
                "wides": 2
              },
              "non_striker": "S Miyaji",
              "runs": {
                "batter": 0,
                "extras": 2,
                "total": 2
              }
            },
            {
              "batter": "S Miyaji",
              "bowler": "L Vuadreu",
              "non_striker": "A Kano",
              "runs": {
                "batter": 1,
                "extras": 0,
                "total": 1
              }
            },
            {
              "batter": "A Kano",
              "bowler": "L Vuadreu",
              "non_striker": "S Miyaji",
              "runs": {
                "batter": 0,
                "extras": 0,
                "total": 0
              }
            }
          ]
        },
        {
          "over": 15,
          "deliveries": [
            {
              "batter": "S Miyaji",
              "bowler": "A Tagilala",
              "non_striker": "A Kano",
              "runs": {
                "batter": 4,
                "extras": 0,
                "total": 4
              }
            },
            {
              "batter": "S Miyaji",
              "bowler": "A Tagilala",
              "non_striker": "A Kano",
              "runs": {
                "batter": 1,
                "extras": 0,
                "total": 1
              }
            },
            {
              "batter": "A Kano",
              "bowler": "A Tagilala",
              "non_striker": "S Miyaji",
              "runs": {
                "batter": 0,
                "extras": 0,
                "total": 0
              }
            },
            {
              "batter": "A Kano",
              "bowler": "A Tagilala",
              "non_striker": "S Miyaji",
              "runs": {
                "batter": 0,
                "extras": 0,
                "total": 0
              }
            },
            {
              "batter": "A Kano",
              "bowler": "A Tagilala",
              "non_striker": "S Miyaji",
              "runs": {
                "batter": 1,
                "extras": 0,
                "total": 1
              }
            },
            {
              "batter": "S Miyaji",
              "bowler": "A Tagilala",
              "non_striker": "A Kano",
              "runs": {
                "batter": 1,
                "extras": 0,
                "total": 1
              }
            }
          ]
        },
        {
          "over": 16,
          "deliveries": [
            {
              "batter": "S Miyaji",
              "bowler": "L Vuadreu",
              "non_striker": "A Kano",
              "runs": {
                "batter": 0,
                "extras": 0,
                "total": 0
              }
            },
            {
              "batter": "S Miyaji",
              "bowler": "L Vuadreu",
              "non_striker": "A Kano",
              "runs": {
                "batter": 1,
                "extras": 0,
                "total": 1
              }
            },
            {
              "batter": "A Kano",
              "bowler": "L Vuadreu",
              "extras": {
                "wides": 1
              },
              "non_striker": "S Miyaji",
              "runs": {
                "batter": 0,
                "extras": 1,
                "total": 1
              }
            },
            {
              "batter": "A Kano",
              "bowler": "L Vuadreu",
              "non_striker": "S Miyaji",
              "runs": {
                "batter": 1,
                "extras": 0,
                "total": 1
              }
            },
            {
              "batter": "S Miyaji",
              "bowler": "L Vuadreu",
              "non_striker": "A Kano",
              "runs": {
                "batter": 1,
                "extras": 0,
                "total": 1
              }
            },
            {
              "batter": "A Kano",
              "bowler": "L Vuadreu",
              "non_striker": "S Miyaji",
              "runs": {
                "batter": 1,
                "extras": 0,
                "total": 1
              }
            },
            {
              "batter": "S Miyaji",
              "bowler": "L Vuadreu",
              "non_striker": "A Kano",
              "runs": {
                "batter": 1,
                "extras": 0,
                "total": 1
              }
            }
          ]
        },
        {
          "over": 17,
          "deliveries": [
            {
              "batter": "S Miyaji",
              "bowler": "A Tagilala",
              "non_striker": "A Kano",
              "runs": {
                "batter": 1,
                "extras": 0,
                "total": 1
              }
            },
            {
              "batter": "A Kano",
              "bowler": "A Tagilala",
              "extras": {
                "wides": 1
              },
              "non_striker": "S Miyaji",
              "runs": {
                "batter": 0,
                "extras": 1,
                "total": 1
              }
            },
            {
              "batter": "A Kano",
              "bowler": "A Tagilala",
              "non_striker": "S Miyaji",
              "runs": {
                "batter": 2,
                "extras": 0,
                "total": 2
              }
            },
            {
              "batter": "A Kano",
              "bowler": "A Tagilala",
              "non_striker": "S Miyaji",
              "runs": {
                "batter": 1,
                "extras": 0,
                "total": 1
              }
            },
            {
              "batter": "S Miyaji",
              "bowler": "A Tagilala",
              "non_striker": "A Kano",
              "runs": {
                "batter": 1,
                "extras": 0,
                "total": 1
              }
            },
            {
              "batter": "A Kano",
              "bowler": "A Tagilala",
              "non_striker": "S Miyaji",
              "runs": {
                "batter": 1,
                "extras": 0,
                "total": 1
              }
            },
            {
              "batter": "S Miyaji",
              "bowler": "A Tagilala",
              "non_striker": "A Kano",
              "runs": {
                "batter": 1,
                "extras": 0,
                "total": 1
              }
            }
          ]
        },
        {
          "over": 18,
          "deliveries": [
            {
              "batter": "S Miyaji",
              "bowler": "L Vuadreu",
              "non_striker": "A Kano",
              "runs": {
                "batter": 4,
                "extras": 0,
                "total": 4
              }
            },
            {
              "batter": "S Miyaji",
              "bowler": "L Vuadreu",
              "extras": {
                "wides": 1
              },
              "non_striker": "A Kano",
              "runs": {
                "batter": 0,
                "extras": 1,
                "total": 1
              }
            },
            {
              "batter": "S Miyaji",
              "bowler": "L Vuadreu",
              "non_striker": "A Kano",
              "runs": {
                "batter": 1,
                "extras": 0,
                "total": 1
              }
            },
            {
              "batter": "A Kano",
              "bowler": "L Vuadreu",
              "non_striker": "S Miyaji",
              "runs": {
                "batter": 0,
                "extras": 0,
                "total": 0
              },
              "wickets": [
                {
                  "kind": "bowled",
                  "player_out": "A Kano"
                }
              ]
            },
            {
              "batter": "R Kanai",
              "bowler": "L Vuadreu",
              "non_striker": "S Miyaji",
              "runs": {
                "batter": 0,
                "extras": 0,
                "total": 0
              }
            },
            {
              "batter": "R Kanai",
              "bowler": "L Vuadreu",
              "non_striker": "S Miyaji",
              "runs": {
                "batter": 0,
                "extras": 0,
                "total": 0
              }
            },
            {
              "batter": "R Kanai",
              "bowler": "L Vuadreu",
              "extras": {
                "wides": 1
              },
              "non_striker": "S Miyaji",
              "runs": {
                "batter": 0,
                "extras": 1,
                "total": 1
              }
            },
            {
              "batter": "R Kanai",
              "bowler": "L Vuadreu",
              "non_striker": "S Miyaji",
              "runs": {
                "batter": 0,
                "extras": 0,
                "total": 0
              }
            }
          ]
        },
        {
          "over": 19,
          "deliveries": [
            {
              "batter": "S Miyaji",
              "bowler": "R Muriyalo",
              "non_striker": "R Kanai",
              "runs": {
                "batter": 0,
                "extras": 0,
                "total": 0
              }
            },
            {
              "batter": "S Miyaji",
              "bowler": "R Muriyalo",
              "non_striker": "R Kanai",
              "runs": {
                "batter": 2,
                "extras": 0,
                "total": 2
              }
            },
            {
              "batter": "S Miyaji",
              "bowler": "R Muriyalo",
              "non_striker": "R Kanai",
              "runs": {
                "batter": 1,
                "extras": 0,
                "total": 1
              }
            },
            {
              "batter": "R Kanai",
              "bowler": "R Muriyalo",
              "non_striker": "S Miyaji",
              "runs": {
                "batter": 1,
                "extras": 0,
                "total": 1
              }
            },
            {
              "batter": "S Miyaji",
              "bowler": "R Muriyalo",
              "non_striker": "R Kanai",
              "runs": {
                "batter": 0,
                "extras": 0,
                "total": 0
              }
            },
            {
              "batter": "S Miyaji",
              "bowler": "R Muriyalo",
              "non_striker": "R Kanai",
              "runs": {
                "batter": 1,
                "extras": 0,
                "total": 1
              }
            }
          ]
        }
      ],
      "powerplays": [
        {
          "from": 0.1,
          "to": 5.7,
          "type": "mandatory"
        }
      ]
    },
    {
      "team": "Fiji",
      "overs": [
        {
          "over": 0,
          "deliveries": [
            {
              "batter": "I Waqavakatoga",
              "bowler": "N Tokizawa",
              "non_striker": "S Lote",
              "runs": {
                "batter": 0,
                "extras": 0,
                "total": 0
              }
            },
            {
              "batter": "I Waqavakatoga",
              "bowler": "N Tokizawa",
              "non_striker": "S Lote",
              "runs": {
                "batter": 0,
                "extras": 0,
                "total": 0
              }
            },
            {
              "batter": "I Waqavakatoga",
              "bowler": "N Tokizawa",
              "non_striker": "S Lote",
              "runs": {
                "batter": 1,
                "extras": 0,
                "total": 1
              }
            },
            {
              "batter": "S Lote",
              "bowler": "N Tokizawa",
              "non_striker": "I Waqavakatoga",
              "runs": {
                "batter": 0,
                "extras": 0,
                "total": 0
              },
              "wickets": [
                {
                  "kind": "lbw",
                  "player_out": "S Lote"
                }
              ]
            },
            {
              "batter": "M Vua",
              "bowler": "N Tokizawa",
              "extras": {
                "wides": 1
              },
              "non_striker": "I Waqavakatoga",
              "runs": {
                "batter": 0,
                "extras": 1,
                "total": 1
              }
            },
            {
              "batter": "M Vua",
              "bowler": "N Tokizawa",
              "non_striker": "I Waqavakatoga",
              "runs": {
                "batter": 0,
                "extras": 0,
                "total": 0
              }
            },
            {
              "batter": "M Vua",
              "bowler": "N Tokizawa",
              "non_striker": "I Waqavakatoga",
              "runs": {
                "batter": 0,
                "extras": 0,
                "total": 0
              }
            }
          ]
        },
        {
          "over": 1,
          "deliveries": [
            {
              "batter": "I Waqavakatoga",
              "bowler": "S Miyaji",
              "non_striker": "M Vua",
              "runs": {
                "batter": 0,
                "extras": 0,
                "total": 0
              }
            },
            {
              "batter": "I Waqavakatoga",
              "bowler": "S Miyaji",
              "non_striker": "M Vua",
              "runs": {
                "batter": 0,
                "extras": 0,
                "total": 0
              }
            },
            {
              "batter": "I Waqavakatoga",
              "bowler": "S Miyaji",
              "non_striker": "M Vua",
              "runs": {
                "batter": 0,
                "extras": 0,
                "total": 0
              }
            },
            {
              "batter": "I Waqavakatoga",
              "bowler": "S Miyaji",
              "non_striker": "M Vua",
              "runs": {
                "batter": 1,
                "extras": 0,
                "total": 1
              }
            },
            {
              "batter": "M Vua",
              "bowler": "S Miyaji",
              "non_striker": "I Waqavakatoga",
              "runs": {
                "batter": 4,
                "extras": 0,
                "total": 4
              }
            },
            {
              "batter": "M Vua",
              "bowler": "S Miyaji",
              "non_striker": "I Waqavakatoga",
              "runs": {
                "batter": 0,
                "extras": 0,
                "total": 0
              }
            }
          ]
        },
        {
          "over": 2,
          "deliveries": [
            {
              "batter": "I Waqavakatoga",
              "bowler": "N Tokizawa",
              "extras": {
                "wides": 1
              },
              "non_striker": "M Vua",
              "runs": {
                "batter": 0,
                "extras": 1,
                "total": 1
              }
            },
            {
              "batter": "I Waqavakatoga",
              "bowler": "N Tokizawa",
              "non_striker": "M Vua",
              "runs": {
                "batter": 0,
                "extras": 0,
                "total": 0
              }
            },
            {
              "batter": "I Waqavakatoga",
              "bowler": "N Tokizawa",
              "non_striker": "M Vua",
              "runs": {
                "batter": 1,
                "extras": 0,
                "total": 1
              }
            },
            {
              "batter": "M Vua",
              "bowler": "N Tokizawa",
              "non_striker": "I Waqavakatoga",
              "runs": {
                "batter": 1,
                "extras": 0,
                "total": 1
              }
            },
            {
              "batter": "I Waqavakatoga",
              "bowler": "N Tokizawa",
              "non_striker": "M Vua",
              "runs": {
                "batter": 0,
                "extras": 0,
                "total": 0
              }
            },
            {
              "batter": "I Waqavakatoga",
              "bowler": "N Tokizawa",
              "non_striker": "M Vua",
              "runs": {
                "batter": 0,
                "extras": 0,
                "total": 0
              }
            },
            {
              "batter": "I Waqavakatoga",
              "bowler": "N Tokizawa",
              "non_striker": "M Vua",
              "runs": {
                "batter": 0,
                "extras": 0,
                "total": 0
              },
              "wickets": [
                {
                  "kind": "bowled",
                  "player_out": "I Waqavakatoga"
                }
              ]
            }
          ]
        },
        {
          "over": 3,
          "deliveries": [
            {
              "batter": "M Vua",
              "bowler": "S Miyaji",
              "non_striker": "S Lomani",
              "runs": {
                "batter": 0,
                "extras": 0,
                "total": 0
              }
            },
            {
              "batter": "M Vua",
              "bowler": "S Miyaji",
              "non_striker": "S Lomani",
              "runs": {
                "batter": 0,
                "extras": 0,
                "total": 0
              }
            },
            {
              "batter": "M Vua",
              "bowler": "S Miyaji",
              "non_striker": "S Lomani",
              "runs": {
                "batter": 0,
                "extras": 0,
                "total": 0
              },
              "wickets": [
                {
                  "kind": "bowled",
                  "player_out": "M Vua"
                }
              ]
            },
            {
              "batter": "R Muriyalo",
              "bowler": "S Miyaji",
              "non_striker": "S Lomani",
              "runs": {
                "batter": 1,
                "extras": 0,
                "total": 1
              }
            },
            {
              "batter": "S Lomani",
              "bowler": "S Miyaji",
              "non_striker": "R Muriyalo",
              "runs": {
                "batter": 0,
                "extras": 0,
                "total": 0
              }
            },
            {
              "batter": "S Lomani",
              "bowler": "S Miyaji",
              "non_striker": "R Muriyalo",
              "runs": {
                "batter": 0,
                "extras": 0,
                "total": 0
              }
            }
          ]
        },
        {
          "over": 4,
          "deliveries": [
            {
              "batter": "R Muriyalo",
              "bowler": "N Tokizawa",
              "non_striker": "S Lomani",
              "runs": {
                "batter": 0,
                "extras": 0,
                "total": 0
              }
            },
            {
              "batter": "R Muriyalo",
              "bowler": "N Tokizawa",
              "non_striker": "S Lomani",
              "runs": {
                "batter": 0,
                "extras": 0,
                "total": 0
              }
            },
            {
              "batter": "R Muriyalo",
              "bowler": "N Tokizawa",
              "non_striker": "S Lomani",
              "runs": {
                "batter": 1,
                "extras": 0,
                "total": 1
              }
            },
            {
              "batter": "S Lomani",
              "bowler": "N Tokizawa",
              "non_striker": "R Muriyalo",
              "runs": {
                "batter": 0,
                "extras": 0,
                "total": 0
              }
            },
            {
              "batter": "S Lomani",
              "bowler": "N Tokizawa",
              "non_striker": "R Muriyalo",
              "runs": {
                "batter": 0,
                "extras": 0,
                "total": 0
              }
            },
            {
              "batter": "S Lomani",
              "bowler": "N Tokizawa",
              "non_striker": "R Muriyalo",
              "runs": {
                "batter": 0,
                "extras": 0,
                "total": 0
              }
            }
          ]
        },
        {
          "over": 5,
          "deliveries": [
            {
              "batter": "R Muriyalo",
              "bowler": "S Miyaji",
              "non_striker": "S Lomani",
              "runs": {
                "batter": 4,
                "extras": 0,
                "total": 4
              }
            },
            {
              "batter": "R Muriyalo",
              "bowler": "S Miyaji",
              "non_striker": "S Lomani",
              "runs": {
                "batter": 1,
                "extras": 0,
                "total": 1
              }
            },
            {
              "batter": "S Lomani",
              "bowler": "S Miyaji",
              "non_striker": "R Muriyalo",
              "runs": {
                "batter": 0,
                "extras": 0,
                "total": 0
              }
            },
            {
              "batter": "S Lomani",
              "bowler": "S Miyaji",
              "non_striker": "R Muriyalo",
              "runs": {
                "batter": 1,
                "extras": 0,
                "total": 1
              }
            },
            {
              "batter": "R Muriyalo",
              "bowler": "S Miyaji",
              "non_striker": "S Lomani",
              "runs": {
                "batter": 0,
                "extras": 0,
                "total": 0
              },
              "wickets": [
                {
                  "kind": "caught",
                  "player_out": "R Muriyalo",
                  "fielders": [
                    {
                      "name": "M Yanagida"
                    }
                  ]
                }
              ]
            },
            {
              "batter": "W Ofamoli",
              "bowler": "S Miyaji",
              "non_striker": "S Lomani",
              "runs": {
                "batter": 0,
                "extras": 0,
                "total": 0
              }
            }
          ]
        },
        {
          "over": 6,
          "deliveries": [
            {
              "batter": "S Lomani",
              "bowler": "M Kanno",
              "non_striker": "W Ofamoli",
              "runs": {
                "batter": 1,
                "extras": 0,
                "total": 1
              }
            },
            {
              "batter": "W Ofamoli",
              "bowler": "M Kanno",
              "non_striker": "S Lomani",
              "runs": {
                "batter": 0,
                "extras": 0,
                "total": 0
              }
            },
            {
              "batter": "W Ofamoli",
              "bowler": "M Kanno",
              "non_striker": "S Lomani",
              "runs": {
                "batter": 0,
                "extras": 0,
                "total": 0
              }
            },
            {
              "batter": "W Ofamoli",
              "bowler": "M Kanno",
              "non_striker": "S Lomani",
              "runs": {
                "batter": 0,
                "extras": 0,
                "total": 0
              }
            },
            {
              "batter": "W Ofamoli",
              "bowler": "M Kanno",
              "extras": {
                "legbyes": 1
              },
              "non_striker": "S Lomani",
              "runs": {
                "batter": 0,
                "extras": 1,
                "total": 1
              }
            },
            {
              "batter": "S Lomani",
              "bowler": "M Kanno",
              "non_striker": "W Ofamoli",
              "runs": {
                "batter": 0,
                "extras": 0,
                "total": 0
              }
            }
          ]
        },
        {
          "over": 7,
          "deliveries": [
            {
              "batter": "S Lomani",
              "bowler": "R Kanai",
              "non_striker": "W Ofamoli",
              "runs": {
                "batter": 0,
                "extras": 0,
                "total": 0
              }
            },
            {
              "batter": "S Lomani",
              "bowler": "R Kanai",
              "non_striker": "W Ofamoli",
              "runs": {
                "batter": 0,
                "extras": 0,
                "total": 0
              }
            },
            {
              "batter": "S Lomani",
              "bowler": "R Kanai",
              "non_striker": "W Ofamoli",
              "runs": {
                "batter": 0,
                "extras": 0,
                "total": 0
              }
            },
            {
              "batter": "S Lomani",
              "bowler": "R Kanai",
              "non_striker": "W Ofamoli",
              "runs": {
                "batter": 0,
                "extras": 0,
                "total": 0
              }
            },
            {
              "batter": "S Lomani",
              "bowler": "R Kanai",
              "non_striker": "W Ofamoli",
              "runs": {
                "batter": 1,
                "extras": 0,
                "total": 1
              }
            },
            {
              "batter": "W Ofamoli",
              "bowler": "R Kanai",
              "non_striker": "S Lomani",
              "runs": {
                "batter": 0,
                "extras": 0,
                "total": 0
              }
            }
          ]
        },
        {
          "over": 8,
          "deliveries": [
            {
              "batter": "S Lomani",
              "bowler": "M Kanno",
              "non_striker": "W Ofamoli",
              "runs": {
                "batter": 1,
                "extras": 0,
                "total": 1
              }
            },
            {
              "batter": "W Ofamoli",
              "bowler": "M Kanno",
              "non_striker": "S Lomani",
              "runs": {
                "batter": 1,
                "extras": 0,
                "total": 1
              }
            },
            {
              "batter": "S Lomani",
              "bowler": "M Kanno",
              "non_striker": "W Ofamoli",
              "runs": {
                "batter": 0,
                "extras": 0,
                "total": 0
              }
            },
            {
              "batter": "S Lomani",
              "bowler": "M Kanno",
              "non_striker": "W Ofamoli",
              "runs": {
                "batter": 0,
                "extras": 0,
                "total": 0
              }
            },
            {
              "batter": "S Lomani",
              "bowler": "M Kanno",
              "non_striker": "W Ofamoli",
              "runs": {
                "batter": 1,
                "extras": 0,
                "total": 1
              }
            },
            {
              "batter": "W Ofamoli",
              "bowler": "M Kanno",
              "non_striker": "S Lomani",
              "runs": {
                "batter": 0,
                "extras": 0,
                "total": 0
              }
            }
          ]
        },
        {
          "over": 9,
          "deliveries": [
            {
              "batter": "S Lomani",
              "bowler": "R Kanai",
              "non_striker": "W Ofamoli",
              "runs": {
                "batter": 0,
                "extras": 0,
                "total": 0
              }
            },
            {
              "batter": "S Lomani",
              "bowler": "R Kanai",
              "non_striker": "W Ofamoli",
              "runs": {
                "batter": 0,
                "extras": 0,
                "total": 0
              }
            },
            {
              "batter": "S Lomani",
              "bowler": "R Kanai",
              "non_striker": "W Ofamoli",
              "runs": {
                "batter": 1,
                "extras": 0,
                "total": 1
              }
            },
            {
              "batter": "W Ofamoli",
              "bowler": "R Kanai",
              "non_striker": "S Lomani",
              "runs": {
                "batter": 0,
                "extras": 0,
                "total": 0
              }
            },
            {
              "batter": "W Ofamoli",
              "bowler": "R Kanai",
              "extras": {
                "wides": 1
              },
              "non_striker": "S Lomani",
              "runs": {
                "batter": 0,
                "extras": 1,
                "total": 1
              }
            },
            {
              "batter": "W Ofamoli",
              "bowler": "R Kanai",
              "non_striker": "S Lomani",
              "runs": {
                "batter": 0,
                "extras": 0,
                "total": 0
              },
              "wickets": [
                {
                  "kind": "lbw",
                  "player_out": "W Ofamoli"
                }
              ]
            },
            {
              "batter": "A Tagilala",
              "bowler": "R Kanai",
              "non_striker": "S Lomani",
              "runs": {
                "batter": 0,
                "extras": 0,
                "total": 0
              }
            }
          ]
        },
        {
          "over": 10,
          "deliveries": [
            {
              "batter": "S Lomani",
              "bowler": "M Yanagida",
              "extras": {
                "noballs": 1
              },
              "non_striker": "A Tagilala",
              "runs": {
                "batter": 4,
                "extras": 1,
                "total": 5
              }
            },
            {
              "batter": "S Lomani",
              "bowler": "M Yanagida",
              "extras": {
                "noballs": 1
              },
              "non_striker": "A Tagilala",
              "runs": {
                "batter": 0,
                "extras": 1,
                "total": 1
              }
            },
            {
              "batter": "S Lomani",
              "bowler": "M Yanagida",
              "non_striker": "A Tagilala",
              "runs": {
                "batter": 0,
                "extras": 0,
                "total": 0
              }
            },
            {
              "batter": "S Lomani",
              "bowler": "M Yanagida",
              "extras": {
                "noballs": 1
              },
              "non_striker": "A Tagilala",
              "runs": {
                "batter": 1,
                "extras": 1,
                "total": 2
              }
            },
            {
              "batter": "A Tagilala",
              "bowler": "M Yanagida",
              "non_striker": "S Lomani",
              "runs": {
                "batter": 1,
                "extras": 0,
                "total": 1
              }
            },
            {
              "batter": "S Lomani",
              "bowler": "M Yanagida",
              "extras": {
                "wides": 1
              },
              "non_striker": "A Tagilala",
              "runs": {
                "batter": 0,
                "extras": 1,
                "total": 1
              }
            },
            {
              "batter": "S Lomani",
              "bowler": "M Yanagida",
              "non_striker": "A Tagilala",
              "runs": {
                "batter": 0,
                "extras": 0,
                "total": 0
              }
            },
            {
              "batter": "S Lomani",
              "bowler": "M Yanagida",
              "extras": {
                "noballs": 1
              },
              "non_striker": "A Tagilala",
              "runs": {
                "batter": 1,
                "extras": 1,
                "total": 2
              }
            },
            {
              "batter": "A Tagilala",
              "bowler": "M Yanagida",
              "non_striker": "S Lomani",
              "runs": {
                "batter": 1,
                "extras": 0,
                "total": 1
              }
            },
            {
              "batter": "S Lomani",
              "bowler": "M Yanagida",
              "extras": {
                "wides": 1
              },
              "non_striker": "A Tagilala",
              "runs": {
                "batter": 0,
                "extras": 1,
                "total": 1
              }
            },
            {
              "batter": "S Lomani",
              "bowler": "M Yanagida",
              "non_striker": "A Tagilala",
              "runs": {
                "batter": 0,
                "extras": 0,
                "total": 0
              }
            },
            {
              "batter": "S Lomani",
              "bowler": "M Yanagida",
              "non_striker": "A Tagilala",
              "runs": {
                "batter": 1,
                "extras": 0,
                "total": 1
              }
            }
          ]
        },
        {
          "over": 11,
          "deliveries": [
            {
              "batter": "S Lomani",
              "bowler": "R Kanai",
              "non_striker": "A Tagilala",
              "runs": {
                "batter": 0,
                "extras": 0,
                "total": 0
              }
            },
            {
              "batter": "S Lomani",
              "bowler": "R Kanai",
              "non_striker": "A Tagilala",
              "runs": {
                "batter": 1,
                "extras": 0,
                "total": 1
              }
            },
            {
              "batter": "A Tagilala",
              "bowler": "R Kanai",
              "non_striker": "S Lomani",
              "runs": {
                "batter": 2,
                "extras": 0,
                "total": 2
              }
            },
            {
              "batter": "A Tagilala",
              "bowler": "R Kanai",
              "non_striker": "S Lomani",
              "runs": {
                "batter": 0,
                "extras": 0,
                "total": 0
              }
            },
            {
              "batter": "A Tagilala",
              "bowler": "R Kanai",
              "non_striker": "S Lomani",
              "runs": {
                "batter": 0,
                "extras": 0,
                "total": 0
              }
            },
            {
              "batter": "A Tagilala",
              "bowler": "R Kanai",
              "non_striker": "S Lomani",
              "runs": {
                "batter": 1,
                "extras": 0,
                "total": 1
              }
            }
          ]
        },
        {
          "over": 12,
          "deliveries": [
            {
              "batter": "A Tagilala",
              "bowler": "R Endo",
              "non_striker": "S Lomani",
              "runs": {
                "batter": 0,
                "extras": 0,
                "total": 0
              }
            },
            {
              "batter": "A Tagilala",
              "bowler": "R Endo",
              "non_striker": "S Lomani",
              "runs": {
                "batter": 4,
                "extras": 0,
                "total": 4
              }
            },
            {
              "batter": "A Tagilala",
              "bowler": "R Endo",
              "extras": {
                "noballs": 1
              },
              "non_striker": "S Lomani",
              "runs": {
                "batter": 1,
                "extras": 1,
                "total": 2
              }
            },
            {
              "batter": "S Lomani",
              "bowler": "R Endo",
              "non_striker": "A Tagilala",
              "runs": {
                "batter": 0,
                "extras": 0,
                "total": 0
              }
            },
            {
              "batter": "S Lomani",
              "bowler": "R Endo",
              "non_striker": "A Tagilala",
              "runs": {
                "batter": 0,
                "extras": 0,
                "total": 0
              }
            },
            {
              "batter": "S Lomani",
              "bowler": "R Endo",
              "non_striker": "A Tagilala",
              "runs": {
                "batter": 0,
                "extras": 0,
                "total": 0
              }
            },
            {
              "batter": "S Lomani",
              "bowler": "R Endo",
              "non_striker": "A Tagilala",
              "runs": {
                "batter": 1,
                "extras": 0,
                "total": 1
              }
            }
          ]
        },
        {
          "over": 13,
          "deliveries": [
            {
              "batter": "S Lomani",
              "bowler": "R Kanai",
              "non_striker": "A Tagilala",
              "runs": {
                "batter": 1,
                "extras": 0,
                "total": 1
              }
            },
            {
              "batter": "A Tagilala",
              "bowler": "R Kanai",
              "non_striker": "S Lomani",
              "runs": {
                "batter": 1,
                "extras": 0,
                "total": 1
              }
            },
            {
              "batter": "S Lomani",
              "bowler": "R Kanai",
              "non_striker": "A Tagilala",
              "runs": {
                "batter": 1,
                "extras": 0,
                "total": 1
              }
            },
            {
              "batter": "A Tagilala",
              "bowler": "R Kanai",
              "non_striker": "S Lomani",
              "runs": {
                "batter": 0,
                "extras": 0,
                "total": 0
              }
            },
            {
              "batter": "A Tagilala",
              "bowler": "R Kanai",
              "non_striker": "S Lomani",
              "runs": {
                "batter": 1,
                "extras": 0,
                "total": 1
              }
            },
            {
              "batter": "S Lomani",
              "bowler": "R Kanai",
              "non_striker": "A Tagilala",
              "runs": {
                "batter": 0,
                "extras": 0,
                "total": 0
              }
            }
          ]
        },
        {
          "over": 14,
          "deliveries": [
            {
              "batter": "A Tagilala",
              "bowler": "S Miyaji",
              "non_striker": "S Lomani",
              "runs": {
                "batter": 0,
                "extras": 0,
                "total": 0
              }
            },
            {
              "batter": "A Tagilala",
              "bowler": "S Miyaji",
              "non_striker": "S Lomani",
              "runs": {
                "batter": 0,
                "extras": 0,
                "total": 0
              }
            },
            {
              "batter": "A Tagilala",
              "bowler": "S Miyaji",
              "non_striker": "S Lomani",
              "runs": {
                "batter": 1,
                "extras": 0,
                "total": 1
              }
            },
            {
              "batter": "S Lomani",
              "bowler": "S Miyaji",
              "non_striker": "A Tagilala",
              "runs": {
                "batter": 1,
                "extras": 0,
                "total": 1
              }
            },
            {
              "batter": "A Tagilala",
              "bowler": "S Miyaji",
              "non_striker": "S Lomani",
              "runs": {
                "batter": 4,
                "extras": 0,
                "total": 4
              }
            },
            {
              "batter": "A Tagilala",
              "bowler": "S Miyaji",
              "non_striker": "S Lomani",
              "runs": {
                "batter": 1,
                "extras": 0,
                "total": 1
              }
            }
          ]
        },
        {
          "over": 15,
          "deliveries": [
            {
              "batter": "A Tagilala",
              "bowler": "M Kanno",
              "non_striker": "S Lomani",
              "runs": {
                "batter": 0,
                "extras": 0,
                "total": 0
              }
            },
            {
              "batter": "A Tagilala",
              "bowler": "M Kanno",
              "non_striker": "S Lomani",
              "runs": {
                "batter": 1,
                "extras": 0,
                "total": 1
              }
            },
            {
              "batter": "S Lomani",
              "bowler": "M Kanno",
              "non_striker": "A Tagilala",
              "runs": {
                "batter": 4,
                "extras": 0,
                "total": 4
              }
            },
            {
              "batter": "S Lomani",
              "bowler": "M Kanno",
              "non_striker": "A Tagilala",
              "runs": {
                "batter": 1,
                "extras": 0,
                "total": 1
              }
            },
            {
              "batter": "A Tagilala",
              "bowler": "M Kanno",
              "non_striker": "S Lomani",
              "runs": {
                "batter": 2,
                "extras": 0,
                "total": 2
              }
            },
            {
              "batter": "A Tagilala",
              "bowler": "M Kanno",
              "extras": {
                "byes": 1
              },
              "non_striker": "S Lomani",
              "runs": {
                "batter": 0,
                "extras": 1,
                "total": 1
              }
            }
          ]
        },
        {
          "over": 16,
          "deliveries": [
            {
              "batter": "A Tagilala",
              "bowler": "R Endo",
              "non_striker": "S Lomani",
              "runs": {
                "batter": 0,
                "extras": 0,
                "total": 0
              }
            },
            {
              "batter": "A Tagilala",
              "bowler": "R Endo",
              "non_striker": "S Lomani",
              "runs": {
                "batter": 0,
                "extras": 0,
                "total": 0
              }
            },
            {
              "batter": "A Tagilala",
              "bowler": "R Endo",
              "non_striker": "S Lomani",
              "runs": {
                "batter": 0,
                "extras": 0,
                "total": 0
              }
            },
            {
              "batter": "A Tagilala",
              "bowler": "R Endo",
              "non_striker": "S Lomani",
              "runs": {
                "batter": 0,
                "extras": 0,
                "total": 0
              }
            },
            {
              "batter": "A Tagilala",
              "bowler": "R Endo",
              "non_striker": "S Lomani",
              "runs": {
                "batter": 1,
                "extras": 0,
                "total": 1
              }
            },
            {
              "batter": "S Lomani",
              "bowler": "R Endo",
              "non_striker": "A Tagilala",
              "runs": {
                "batter": 4,
                "extras": 0,
                "total": 4
              }
            }
          ]
        },
        {
          "over": 17,
          "deliveries": [
            {
              "batter": "A Tagilala",
              "bowler": "M Kanno",
              "non_striker": "S Lomani",
              "runs": {
                "batter": 0,
                "extras": 0,
                "total": 0
              }
            },
            {
              "batter": "A Tagilala",
              "bowler": "M Kanno",
              "non_striker": "S Lomani",
              "runs": {
                "batter": 1,
                "extras": 0,
                "total": 1
              }
            },
            {
              "batter": "S Lomani",
              "bowler": "M Kanno",
              "non_striker": "A Tagilala",
              "runs": {
                "batter": 0,
                "extras": 0,
                "total": 0
              }
            },
            {
              "batter": "S Lomani",
              "bowler": "M Kanno",
              "non_striker": "A Tagilala",
              "runs": {
                "batter": 0,
                "extras": 0,
                "total": 0
              },
              "wickets": [
                {
                  "kind": "lbw",
                  "player_out": "S Lomani"
                }
              ]
            },
            {
              "batter": "L Samani",
              "bowler": "M Kanno",
              "non_striker": "A Tagilala",
              "runs": {
                "batter": 0,
                "extras": 0,
                "total": 0
              }
            },
            {
              "batter": "L Samani",
              "bowler": "M Kanno",
              "non_striker": "A Tagilala",
              "runs": {
                "batter": 1,
                "extras": 0,
                "total": 1
              }
            }
          ]
        },
        {
          "over": 18,
          "deliveries": [
            {
              "batter": "L Samani",
              "bowler": "R Endo",
              "non_striker": "A Tagilala",
              "runs": {
                "batter": 1,
                "extras": 0,
                "total": 1
              }
            },
            {
              "batter": "A Tagilala",
              "bowler": "R Endo",
              "non_striker": "L Samani",
              "runs": {
                "batter": 0,
                "extras": 0,
                "total": 0
              }
            },
            {
              "batter": "A Tagilala",
              "bowler": "R Endo",
              "non_striker": "L Samani",
              "runs": {
                "batter": 2,
                "extras": 0,
                "total": 2
              }
            },
            {
              "batter": "A Tagilala",
              "bowler": "R Endo",
              "non_striker": "L Samani",
              "runs": {
                "batter": 1,
                "extras": 0,
                "total": 1
              }
            },
            {
              "batter": "L Samani",
              "bowler": "R Endo",
              "extras": {
                "wides": 1
              },
              "non_striker": "A Tagilala",
              "runs": {
                "batter": 0,
                "extras": 1,
                "total": 1
              }
            },
            {
              "batter": "L Samani",
              "bowler": "R Endo",
              "non_striker": "A Tagilala",
              "runs": {
                "batter": 0,
                "extras": 0,
                "total": 0
              }
            },
            {
              "batter": "L Samani",
              "bowler": "R Endo",
              "extras": {
                "wides": 1
              },
              "non_striker": "A Tagilala",
              "runs": {
                "batter": 0,
                "extras": 1,
                "total": 1
              }
            },
            {
              "batter": "L Samani",
              "bowler": "R Endo",
              "extras": {
                "wides": 1
              },
              "non_striker": "A Tagilala",
              "runs": {
                "batter": 0,
                "extras": 1,
                "total": 1
              }
            },
            {
              "batter": "L Samani",
              "bowler": "R Endo",
              "non_striker": "A Tagilala",
              "runs": {
                "batter": 0,
                "extras": 0,
                "total": 0
              },
              "wickets": [
                {
                  "kind": "bowled",
                  "player_out": "L Samani"
                }
              ]
            }
          ]
        },
        {
          "over": 19,
          "deliveries": [
            {
              "batter": "A Tagilala",
              "bowler": "N Tokizawa",
              "non_striker": "M Tilau",
              "runs": {
                "batter": 0,
                "extras": 0,
                "total": 0
              }
            },
            {
              "batter": "A Tagilala",
              "bowler": "N Tokizawa",
              "non_striker": "M Tilau",
              "runs": {
                "batter": 0,
                "extras": 0,
                "total": 0
              }
            },
            {
              "batter": "A Tagilala",
              "bowler": "N Tokizawa",
              "non_striker": "M Tilau",
              "runs": {
                "batter": 0,
                "extras": 0,
                "total": 0
              }
            },
            {
              "batter": "A Tagilala",
              "bowler": "N Tokizawa",
              "non_striker": "M Tilau",
              "runs": {
                "batter": 1,
                "extras": 0,
                "total": 1
              }
            },
            {
              "batter": "M Tilau",
              "bowler": "N Tokizawa",
              "non_striker": "A Tagilala",
              "runs": {
                "batter": 0,
                "extras": 0,
                "total": 0
              },
              "wickets": [
                {
                  "kind": "run out",
                  "player_out": "A Tagilala"
                }
              ]
            },
            {
              "batter": "L Rika",
              "bowler": "N Tokizawa",
              "non_striker": "M Tilau",
              "runs": {
                "batter": 0,
                "extras": 0,
                "total": 0
              }
            }
          ]
        }
      ],
      "powerplays": [
        {
          "from": 0.1,
          "to": 5.6,
          "type": "mandatory"
        }
      ],
      "target": {
        "overs": 20,
        "runs": 119
      }
    }
  ]
}