{
  "meta": {
    "data_version": "1.0.0",
    "created": "2019-10-19",
    "revision": 1
  },
  "info": {
    "balls_per_over": 6,
    "city": "Harare",
    "dates": [
      "2019-05-12"
    ],
    "event": {
      "name": "ICC Women's T20 World Cup Africa Region Qualifier",
      "stage": "Final"
    },
    "gender": "female",
    "match_type": "T20",
    "match_type_number": 654,
    "officials": {
      "match_referees": [
        "O Chirombe"
      ],
      "reserve_umpires": [
        "Patric Makumbi"
      ],
      "tv_umpires": [
        "R D'Mello"
      ],
      "umpires": [
        "IO Oyieko",
        "Lauren Agenbag"
      ]
    },
    "outcome": {
      "winner": "Zimbabwe",
      "by": {
        "runs": 50
      }
    },
    "overs": 20,
    "player_of_match": [
      "CS Mugeri"
    ],
    "players": {
      "Zimbabwe": [
        "M Mupachikwa",
        "SM Mayers",
        "CS Mugeri",
        "M Musonda",
        "J Nkomo",
        "AC Mushangwe",
        "A Ndiraya",
        "P Marange",
        "T Granger",
        "N Sibanda",
        "N Mutasa"
      ],
      "Namibia": [
        "A van der Merwe",
        "KA Green",
        "Yasmeen Khan",
        "I van Zyl",
        "SA Wittmann",
        "M Short",
        "JA Diergaardt",
        "D Foerster",
        "W Mwatile",
        "SN Shihepo",
        "V Hamunyela"
      ]
    },
    "registry": {
      "people": {
        "A Ndiraya": "c8e6bddd",
        "A van der Merwe": "02610bad",
        "AC Mushangwe": "db873292",
        "CS Mugeri": "99c86133",
        "D Foerster": "5596d5bf",
        "I van Zyl": "44c3cb6d",
        "IO Oyieko": "de4828fa",
        "J Nkomo": "36dfa62e",
        "JA Diergaardt": "b72a8938",
        "KA Green": "fa9fdefa",
        "Lauren Agenbag": "40849abd",
        "M Mupachikwa": "6657b319",
        "M Musonda": "94b52754",
        "M Short": "0e283b75",
        "N Mutasa": "b5341b28",
        "N Sibanda": "edf62a25",
        "O Chirombe": "6345307f",
        "P Marange": "a4f1fdd4",
        "Patric Makumbi": "e4c69c16",
        "R D'Mello": "f3c22863",
        "SA Wittmann": "531aef3b",
        "SM Mayers": "91d9613e",
        "SN Shihepo": "1b3f7dbb",
        "T Granger": "2beae660",
        "V Hamunyela": "d758a366",
        "W Mwatile": "5728635a",
        "Yasmeen Khan": "ade5c0c0"
      }
    },
    "season": "2019",
    "team_type": "international",
    "teams": [
      "Zimbabwe",
      "Namibia"
    ],
    "toss": {
      "decision": "field",
      "winner": "Namibia"
    },
    "venue": "Harare Sports Club"
  },
  "innings": [
    {
      "team": "Zimbabwe",
      "overs": [
        {
          "over": 0,
          "deliveries": [
            {
              "batter": "M Mupachikwa",
              "bowler": "SA Wittmann",
              "non_striker": "SM Mayers",
              "runs": {
                "batter": 2,
                "extras": 0,
                "total": 2
              }
            },
            {
              "batter": "M Mupachikwa",
              "bowler": "SA Wittmann",
              "non_striker": "SM Mayers",
              "runs": {
                "batter": 0,
                "extras": 0,
                "total": 0
              }
            },
            {
              "batter": "M Mupachikwa",
              "bowler": "SA Wittmann",
              "non_striker": "SM Mayers",
              "runs": {
                "batter": 0,
                "extras": 0,
                "total": 0
              }
            },
            {
              "batter": "M Mupachikwa",
              "bowler": "SA Wittmann",
              "non_striker": "SM Mayers",
              "runs": {
                "batter": 0,
                "extras": 0,
                "total": 0
              }
            },
            {
              "batter": "M Mupachikwa",
              "bowler": "SA Wittmann",
              "non_striker": "SM Mayers",
              "runs": {
                "batter": 0,
                "extras": 0,
                "total": 0
              }
            },
            {
              "batter": "M Mupachikwa",
              "bowler": "SA Wittmann",
              "non_striker": "SM Mayers",
              "runs": {
                "batter": 0,
                "extras": 0,
                "total": 0
              }
            }
          ]
        },
        {
          "over": 1,
          "deliveries": [
            {
              "batter": "SM Mayers",
              "bowler": "M Short",
              "non_striker": "M Mupachikwa",
              "runs": {
                "batter": 0,
                "extras": 0,
                "total": 0
              }
            },
            {
              "batter": "SM Mayers",
              "bowler": "M Short",
              "non_striker": "M Mupachikwa",
              "runs": {
                "batter": 0,
                "extras": 0,
                "total": 0
              }
            },
            {
              "batter": "SM Mayers",
              "bowler": "M Short",
              "non_striker": "M Mupachikwa",
              "runs": {
                "batter": 4,
                "extras": 0,
                "total": 4
              }
            },
            {
              "batter": "SM Mayers",
              "bowler": "M Short",
              "non_striker": "M Mupachikwa",
              "runs": {
                "batter": 0,
                "extras": 0,
                "total": 0
              }
            },
            {
              "batter": "SM Mayers",
              "bowler": "M Short",
              "extras": {
                "wides": 1
              },
              "non_striker": "M Mupachikwa",
              "runs": {
                "batter": 0,
                "extras": 1,
                "total": 1
              }
            },
            {
              "batter": "SM Mayers",
              "bowler": "M Short",
              "non_striker": "M Mupachikwa",
              "runs": {
                "batter": 1,
                "extras": 0,
                "total": 1
              }
            },
            {
              "batter": "M Mupachikwa",
              "bowler": "M Short",
              "non_striker": "SM Mayers",
              "runs": {
                "batter": 0,
                "extras": 0,
                "total": 0
              }
            }
          ]
        },
        {
          "over": 2,
          "deliveries": [
            {
              "batter": "SM Mayers",
              "bowler": "SA Wittmann",
              "extras": {
                "wides": 1
              },
              "non_striker": "M Mupachikwa",
              "runs": {
                "batter": 0,
                "extras": 1,
                "total": 1
              }
            },
            {
              "batter": "SM Mayers",
              "bowler": "SA Wittmann",
              "non_striker": "M Mupachikwa",
              "runs": {
                "batter": 0,
                "extras": 0,
                "total": 0
              }
            },
            {
              "batter": "SM Mayers",
              "bowler": "SA Wittmann",
              "non_striker": "M Mupachikwa",
              "runs": {
                "batter": 1,
                "extras": 0,
                "total": 1
              }
            },
            {
              "batter": "M Mupachikwa",
              "bowler": "SA Wittmann",
              "non_striker": "SM Mayers",
              "runs": {
                "batter": 2,
                "extras": 0,
                "total": 2
              }
            },
            {
              "batter": "M Mupachikwa",
              "bowler": "SA Wittmann",
              "non_striker": "SM Mayers",
              "runs": {
                "batter": 0,
                "extras": 0,
                "total": 0
              }
            },
            {
              "batter": "M Mupachikwa",
              "bowler": "SA Wittmann",
              "non_striker": "SM Mayers",
              "runs": {
                "batter": 0,
                "extras": 0,
                "total": 0
              }
            },
            {
              "batter": "M Mupachikwa",
              "bowler": "SA Wittmann",
              "non_striker": "SM Mayers",
              "runs": {
                "batter": 0,
                "extras": 0,
                "total": 0
              }
            }
          ]
        },
        {
          "over": 3,
          "deliveries": [
            {
              "batter": "SM Mayers",
              "bowler": "M Short",
              "non_striker": "M Mupachikwa",
              "runs": {
                "batter": 0,
                "extras": 0,
                "total": 0
              }
            },
            {
              "batter": "SM Mayers",
              "bowler": "M Short",
              "non_striker": "M Mupachikwa",
              "runs": {
                "batter": 0,
                "extras": 0,
                "total": 0
              }
            },
            {
              "batter": "SM Mayers",
              "bowler": "M Short",
              "non_striker": "M Mupachikwa",
              "runs": {
                "batter": 1,
                "extras": 0,
                "total": 1
              }
            },
            {
              "batter": "M Mupachikwa",
              "bowler": "M Short",
              "non_striker": "SM Mayers",
              "runs": {
                "batter": 0,
                "extras": 0,
                "total": 0
              }
            },
            {
              "batter": "M Mupachikwa",
              "bowler": "M Short",
              "non_striker": "SM Mayers",
              "runs": {
                "batter": 0,
                "extras": 0,
                "total": 0
              }
            },
            {
              "batter": "M Mupachikwa",
              "bowler": "M Short",
              "non_striker": "SM Mayers",
              "runs": {
                "batter": 0,
                "extras": 0,
                "total": 0
              }
            }
          ]
        },
        {
          "over": 4,
          "deliveries": [
            {
              "batter": "SM Mayers",
              "bowler": "SA Wittmann",
              "non_striker": "M Mupachikwa",
              "runs": {
                "batter": 0,
                "extras": 0,
                "total": 0
              }
            },
            {
              "batter": "SM Mayers",
              "bowler": "SA Wittmann",
              "non_striker": "M Mupachikwa",
              "runs": {
                "batter": 0,
                "extras": 0,
                "total": 0
              }
            },
            {
              "batter": "SM Mayers",
              "bowler": "SA Wittmann",
              "non_striker": "M Mupachikwa",
              "runs": {
                "batter": 0,
                "extras": 0,
                "total": 0
              }
            },
            {
              "batter": "SM Mayers",
              "bowler": "SA Wittmann",
              "non_striker": "M Mupachikwa",
              "runs": {
                "batter": 1,
                "extras": 0,
                "total": 1
              }
            },
            {
              "batter": "M Mupachikwa",
              "bowler": "SA Wittmann",
              "non_striker": "SM Mayers",
              "runs": {
                "batter": 0,
                "extras": 0,
                "total": 0
              }
            },
            {
              "batter": "M Mupachikwa",
              "bowler": "SA Wittmann",
              "non_striker": "SM Mayers",
              "runs": {
                "batter": 0,
                "extras": 0,
                "total": 0
              },
              "wickets": [
                {
                  "kind": "bowled",
                  "player_out": "M Mupachikwa"
                }
              ]
            }
          ]
        },
        {
          "over": 5,
          "deliveries": [
            {
              "batter": "SM Mayers",
              "bowler": "W Mwatile",
              "non_striker": "CS Mugeri",
              "runs": {
                "batter": 1,
                "extras": 0,
                "total": 1
              }
            },
            {
              "batter": "CS Mugeri",
              "bowler": "W Mwatile",
              "non_striker": "SM Mayers",
              "runs": {
                "batter": 0,
                "extras": 0,
                "total": 0
              }
            },
            {
              "batter": "CS Mugeri",
              "bowler": "W Mwatile",
              "non_striker": "SM Mayers",
              "runs": {
                "batter": 2,
                "extras": 0,
                "total": 2
              }
            },
            {
              "batter": "CS Mugeri",
              "bowler": "W Mwatile",
              "non_striker": "SM Mayers",
              "runs": {
                "batter": 1,
                "extras": 0,
                "total": 1
              }
            },
            {
              "batter": "SM Mayers",
              "bowler": "W Mwatile",
              "non_striker": "CS Mugeri",
              "runs": {
                "batter": 4,
                "extras": 0,
                "total": 4
              }
            },
            {
              "batter": "SM Mayers",
              "bowler": "W Mwatile",
              "non_striker": "CS Mugeri",
              "runs": {
                "batter": 0,
                "extras": 0,
                "total": 0
              }
            }
          ]
        },
        {
          "over": 6,
          "deliveries": [
            {
              "batter": "CS Mugeri",
              "bowler": "SN Shihepo",
              "non_striker": "SM Mayers",
              "runs": {
                "batter": 0,
                "extras": 0,
                "total": 0
              }
            },
            {
              "batter": "CS Mugeri",
              "bowler": "SN Shihepo",
              "non_striker": "SM Mayers",
              "runs": {
                "batter": 0,
                "extras": 0,
                "total": 0
              }
            },
            {
              "batter": "CS Mugeri",
              "bowler": "SN Shihepo",
              "non_striker": "SM Mayers",
              "runs": {
                "batter": 0,
                "extras": 0,
                "total": 0
              }
            },
            {
              "batter": "CS Mugeri",
              "bowler": "SN Shihepo",
              "non_striker": "SM Mayers",
              "runs": {
                "batter": 0,
                "extras": 0,
                "total": 0
              }
            },
            {
              "batter": "CS Mugeri",
              "bowler": "SN Shihepo",
              "non_striker": "SM Mayers",
              "runs": {
                "batter": 1,
                "extras": 0,
                "total": 1
              }
            },
            {
              "batter": "SM Mayers",
              "bowler": "SN Shihepo",
              "non_striker": "CS Mugeri",
              "runs": {
                "batter": 1,
                "extras": 0,
                "total": 1
              }
            }
          ]
        },
        {
          "over": 7,
          "deliveries": [
            {
              "batter": "SM Mayers",
              "bowler": "W Mwatile",
              "extras": {
                "wides": 1
              },
              "non_striker": "CS Mugeri",
              "runs": {
                "batter": 0,
                "extras": 1,
                "total": 1
              }
            },
            {
              "batter": "SM Mayers",
              "bowler": "W Mwatile",
              "non_striker": "CS Mugeri",
              "runs": {
                "batter": 0,
                "extras": 0,
                "total": 0
              }
            },
            {
              "batter": "SM Mayers",
              "bowler": "W Mwatile",
              "non_striker": "CS Mugeri",
              "runs": {
                "batter": 2,
                "extras": 0,
                "total": 2
              }
            },
            {
              "batter": "SM Mayers",
              "bowler": "W Mwatile",
              "non_striker": "CS Mugeri",
              "runs": {
                "batter": 0,
                "extras": 0,
                "total": 0
              }
            },
            {
              "batter": "SM Mayers",
              "bowler": "W Mwatile",
              "non_striker": "CS Mugeri",
              "runs": {
                "batter": 1,
                "extras": 0,
                "total": 1
              }
            },
            {
              "batter": "CS Mugeri",
              "bowler": "W Mwatile",
              "non_striker": "SM Mayers",
              "runs": {
                "batter": 0,
                "extras": 0,
                "total": 0
              }
            },
            {
              "batter": "CS Mugeri",
              "bowler": "W Mwatile",
              "non_striker": "SM Mayers",
              "runs": {
                "batter": 4,
                "extras": 0,
                "total": 4
              }
            }
          ]
        },
        {
          "over": 8,
          "deliveries": [
            {
              "batter": "SM Mayers",
              "bowler": "SN Shihepo",
              "non_striker": "CS Mugeri",
              "runs": {
                "batter": 0,
                "extras": 0,
                "total": 0
              }
            },
            {
              "batter": "SM Mayers",
              "bowler": "SN Shihepo",
              "non_striker": "CS Mugeri",
              "runs": {
                "batter": 1,
                "extras": 0,
                "total": 1
              }
            },
            {
              "batter": "CS Mugeri",
              "bowler": "SN Shihepo",
              "non_striker": "SM Mayers",
              "runs": {
                "batter": 2,
                "extras": 0,
                "total": 2
              }
            },
            {
              "batter": "CS Mugeri",
              "bowler": "SN Shihepo",
              "non_striker": "SM Mayers",
              "runs": {
                "batter": 4,
                "extras": 0,
                "total": 4
              }
            },
            {
              "batter": "CS Mugeri",
              "bowler": "SN Shihepo",
              "non_striker": "SM Mayers",
              "runs": {
                "batter": 0,
                "extras": 0,
                "total": 0
              }
            },
            {
              "batter": "CS Mugeri",
              "bowler": "SN Shihepo",
              "non_striker": "SM Mayers",
              "runs": {
                "batter": 1,
                "extras": 0,
                "total": 1
              }
            }
          ]
        },
        {
          "over": 9,
          "deliveries": [
            {
              "batter": "CS Mugeri",
              "bowler": "W Mwatile",
              "non_striker": "SM Mayers",
              "runs": {
                "batter": 0,
                "extras": 0,
                "total": 0
              }
            },
            {
              "batter": "CS Mugeri",
              "bowler": "W Mwatile",
              "non_striker": "SM Mayers",
              "runs": {
                "batter": 1,
                "extras": 0,
                "total": 1
              }
            },
            {
              "batter": "SM Mayers",
              "bowler": "W Mwatile",
              "non_striker": "CS Mugeri",
              "runs": {
                "batter": 0,
                "extras": 0,
                "total": 0
              }
            },
            {
              "batter": "SM Mayers",
              "bowler": "W Mwatile",
              "non_striker": "CS Mugeri",
              "runs": {
                "batter": 4,
                "extras": 0,
                "total": 4
              }
            },
            {
              "batter": "SM Mayers",
              "bowler": "W Mwatile",
              "non_striker": "CS Mugeri",
              "runs": {
                "batter": 1,
                "extras": 0,
                "total": 1
              }
            },
            {
              "batter": "CS Mugeri",
              "bowler": "W Mwatile",
              "non_striker": "SM Mayers",
              "runs": {
                "batter": 1,
                "extras": 0,
                "total": 1
              }
            }
          ]
        },
        {
          "over": 10,
          "deliveries": [
            {
              "batter": "CS Mugeri",
              "bowler": "I van Zyl",
              "non_striker": "SM Mayers",
              "runs": {
                "batter": 0,
                "extras": 0,
                "total": 0
              }
            },
            {
              "batter": "CS Mugeri",
              "bowler": "I van Zyl",
              "non_striker": "SM Mayers",
              "runs": {
                "batter": 1,
                "extras": 0,
                "total": 1
              }
            },
            {
              "batter": "SM Mayers",
              "bowler": "I van Zyl",
              "extras": {
                "wides": 1
              },
              "non_striker": "CS Mugeri",
              "runs": {
                "batter": 0,
                "extras": 1,
                "total": 1
              }
            },
            {
              "batter": "SM Mayers",
              "bowler": "I van Zyl",
              "non_striker": "CS Mugeri",
              "runs": {
                "batter": 2,
                "extras": 0,
                "total": 2
              }
            },
            {
              "batter": "SM Mayers",
              "bowler": "I van Zyl",
              "non_striker": "CS Mugeri",
              "runs": {
                "batter": 0,
                "extras": 0,
                "total": 0
              }
            },
            {
              "batter": "SM Mayers",
              "bowler": "I van Zyl",
              "non_striker": "CS Mugeri",
              "runs": {
                "batter": 1,
                "extras": 0,
                "total": 1
              }
            },
            {
              "batter": "CS Mugeri",
              "bowler": "I van Zyl",
              "non_striker": "SM Mayers",
              "runs": {
                "batter": 4,
                "extras": 0,
                "total": 4
              }
            }
          ]
        },
        {
          "over": 11,
          "deliveries": [
            {
              "batter": "SM Mayers",
              "bowler": "M Short",
              "extras": {
                "legbyes": 1
              },
              "non_striker": "CS Mugeri",
              "runs": {
                "batter": 0,
                "extras": 1,
                "total": 1
              }
            },
            {
              "batter": "CS Mugeri",
              "bowler": "M Short",
              "extras": {
                "wides": 1
              },
              "non_striker": "SM Mayers",
              "runs": {
                "batter": 0,
                "extras": 1,
                "total": 1
              }
            },
            {
              "batter": "CS Mugeri",
              "bowler": "M Short",
              "non_striker": "SM Mayers",
              "runs": {
                "batter": 1,
                "extras": 0,
                "total": 1
              }
            },
            {
              "batter": "SM Mayers",
              "bowler": "M Short",
              "non_striker": "CS Mugeri",
              "runs": {
                "batter": 1,
                "extras": 0,
                "total": 1
              }
            },
            {
              "batter": "CS Mugeri",
              "bowler": "M Short",
              "non_striker": "SM Mayers",
              "runs": {
                "batter": 1,
                "extras": 0,
                "total": 1
              }
            },
            {
              "batter": "SM Mayers",
              "bowler": "M Short",
              "non_striker": "CS Mugeri",
              "runs": {
                "batter": 0,
                "extras": 0,
                "total": 0
              }
            },
            {
              "batter": "SM Mayers",
              "bowler": "M Short",
              "non_striker": "CS Mugeri",
              "runs": {
                "batter": 2,
                "extras": 0,
                "total": 2
              }
            }
          ]
        },
        {
          "over": 12,
          "deliveries": [
            {
              "batter": "CS Mugeri",
              "bowler": "I van Zyl",
              "non_striker": "SM Mayers",
              "runs": {
                "batter": 4,
                "extras": 0,
                "total": 4
              }
            },
            {
              "batter": "CS Mugeri",
              "bowler": "I van Zyl",
              "non_striker": "SM Mayers",
              "runs": {
                "batter": 1,
                "extras": 0,
                "total": 1
              }
            },
            {
              "batter": "SM Mayers",
              "bowler": "I van Zyl",
              "non_striker": "CS Mugeri",
              "runs": {
                "batter": 1,
                "extras": 0,
                "total": 1
              }
            },
            {
              "batter": "CS Mugeri",
              "bowler": "I van Zyl",
              "non_striker": "SM Mayers",
              "runs": {
                "batter": 1,
                "extras": 0,
                "total": 1
              }
            },
            {
              "batter": "SM Mayers",
              "bowler": "I van Zyl",
              "non_striker": "CS Mugeri",
              "runs": {
                "batter": 1,
                "extras": 0,
                "total": 1
              }
            },
            {
              "batter": "CS Mugeri",
              "bowler": "I van Zyl",
              "non_striker": "SM Mayers",
              "runs": {
                "batter": 4,
                "extras": 0,
                "total": 4
              }
            }
          ]
        },
        {
          "over": 13,
          "deliveries": [
            {
              "batter": "SM Mayers",
              "bowler": "M Short",
              "non_striker": "CS Mugeri",
              "runs": {
                "batter": 1,
                "extras": 0,
                "total": 1
              }
            },
            {
              "batter": "CS Mugeri",
              "bowler": "M Short",
              "non_striker": "SM Mayers",
              "runs": {
                "batter": 1,
                "extras": 0,
                "total": 1
              }
            },
            {
              "batter": "SM Mayers",
              "bowler": "M Short",
              "non_striker": "CS Mugeri",
              "runs": {
                "batter": 0,
                "extras": 0,
                "total": 0
              }
            },
            {
              "batter": "SM Mayers",
              "bowler": "M Short",
              "non_striker": "CS Mugeri",
              "runs": {
                "batter": 1,
                "extras": 0,
                "total": 1
              }
            },
            {
              "batter": "CS Mugeri",
              "bowler": "M Short",
              "non_striker": "SM Mayers",
              "runs": {
                "batter": 1,
                "extras": 0,
                "total": 1
              }
            },
            {
              "batter": "SM Mayers",
              "bowler": "M Short",
              "non_striker": "CS Mugeri",
              "runs": {
                "batter": 1,
                "extras": 0,
                "total": 1
              }
            }
          ]
        },
        {
          "over": 14,
          "deliveries": [
            {
              "batter": "SM Mayers",
              "bowler": "I van Zyl",
              "non_striker": "CS Mugeri",
              "runs": {
                "batter": 0,
                "extras": 0,
                "total": 0
              },
              "wickets": [
                {
                  "kind": "run out",
                  "player_out": "CS Mugeri"
                }
              ]
            },
            {
              "batter": "M Musonda",
              "bowler": "I van Zyl",
              "non_striker": "SM Mayers",
              "runs": {
                "batter": 0,
                "extras": 0,
                "total": 0
              }
            },
            {
              "batter": "M Musonda",
              "bowler": "I van Zyl",
              "non_striker": "SM Mayers",
              "runs": {
                "batter": 0,
                "extras": 0,
                "total": 0
              }
            },
            {
              "batter": "M Musonda",
              "bowler": "I van Zyl",
              "non_striker": "SM Mayers",
              "runs": {
                "batter": 0,
                "extras": 0,
                "total": 0
              }
            },
            {
              "batter": "M Musonda",
              "bowler": "I van Zyl",
              "non_striker": "SM Mayers",
              "runs": {
                "batter": 1,
                "extras": 0,
                "total": 1
              }
            },
            {
              "batter": "SM Mayers",
              "bowler": "I van Zyl",
              "non_striker": "M Musonda",
              "runs": {
                "batter": 0,
                "extras": 0,
                "total": 0
              }
            }
          ]
        },
        {
          "over": 15,
          "deliveries": [
            {
              "batter": "M Musonda",
              "bowler": "KA Green",
              "non_striker": "SM Mayers",
              "runs": {
                "batter": 2,
                "extras": 0,
                "total": 2
              }
            },
            {
              "batter": "M Musonda",
              "bowler": "KA Green",
              "non_striker": "SM Mayers",
              "runs": {
                "batter": 0,
                "extras": 0,
                "total": 0
              }
            },
            {
              "batter": "M Musonda",
              "bowler": "KA Green",
              "non_striker": "SM Mayers",
              "runs": {
                "batter": 1,
                "extras": 0,
                "total": 1
              }
            },
            {
              "batter": "SM Mayers",
              "bowler": "KA Green",
              "non_striker": "M Musonda",
              "runs": {
                "batter": 2,
                "extras": 0,
                "total": 2
              }
            },
            {
              "batter": "SM Mayers",
              "bowler": "KA Green",
              "non_striker": "M Musonda",
              "runs": {
                "batter": 0,
                "extras": 0,
                "total": 0
              },
              "wickets": [
                {
                  "kind": "caught",
                  "player_out": "SM Mayers",
                  "fielders": [
                    {
                      "name": "W Mwatile"
                    }
                  ]
                }
              ]
            },
            {
              "batter": "J Nkomo",
              "bowler": "KA Green",
              "non_striker": "M Musonda",
              "runs": {
                "batter": 0,
                "extras": 0,
                "total": 0
              }
            }
          ]
        },
        {
          "over": 16,
          "deliveries": [
            {
              "batter": "M Musonda",
              "bowler": "I van Zyl",
              "non_striker": "J Nkomo",
              "runs": {
                "batter": 0,
                "extras": 0,
                "total": 0
              }
            },
            {
              "batter": "M Musonda",
              "bowler": "I van Zyl",
              "non_striker": "J Nkomo",
              "runs": {
                "batter": 0,
                "extras": 0,
                "total": 0
              }
            },
            {
              "batter": "M Musonda",
              "bowler": "I van Zyl",
              "non_striker": "J Nkomo",
              "runs": {
                "batter": 0,
                "extras": 0,
                "total": 0
              },
              "wickets": [
                {
                  "kind": "caught",
                  "player_out": "M Musonda",
                  "fielders": [
                    {
                      "name": "M Short"
                    }
                  ]
                }
              ]
            },
            {
              "batter": "AC Mushangwe",
              "bowler": "I van Zyl",
              "non_striker": "J Nkomo",
              "runs": {
                "batter": 0,
                "extras": 0,
                "total": 0
              }
            },
            {
              "batter": "AC Mushangwe",
              "bowler": "I van Zyl",
              "non_striker": "J Nkomo",
              "runs": {
                "batter": 1,
                "extras": 0,
                "total": 1
              }
            },
            {
              "batter": "J Nkomo",
              "bowler": "I van Zyl",
              "non_striker": "AC Mushangwe",
              "runs": {
                "batter": 2,
                "extras": 0,
                "total": 2
              }
            }
          ]
        },
        {
          "over": 17,
          "deliveries": [
            {
              "batter": "AC Mushangwe",
              "bowler": "KA Green",
              "non_striker": "J Nkomo",
              "runs": {
                "batter": 2,
                "extras": 0,
                "total": 2
              }
            },
            {
              "batter": "AC Mushangwe",
              "bowler": "KA Green",
              "non_striker": "J Nkomo",
              "runs": {
                "batter": 0,
                "extras": 0,
                "total": 0
              }
            },
            {
              "batter": "AC Mushangwe",
              "bowler": "KA Green",
              "non_striker": "J Nkomo",
              "runs": {
                "batter": 1,
                "extras": 0,
                "total": 1
              }
            },
            {
              "batter": "J Nkomo",
              "bowler": "KA Green",
              "non_striker": "AC Mushangwe",
              "runs": {
                "batter": 4,
                "extras": 0,
                "total": 4
              }
            },
            {
              "batter": "J Nkomo",
              "bowler": "KA Green",
              "non_striker": "AC Mushangwe",
              "runs": {
                "batter": 2,
                "extras": 0,
                "total": 2
              }
            },
            {
              "batter": "J Nkomo",
              "bowler": "KA Green",
              "non_striker": "AC Mushangwe",
              "runs": {
                "batter": 0,
                "extras": 0,
                "total": 0
              }
            }
          ]
        },
        {
          "over": 18,
          "deliveries": [
            {
              "batter": "AC Mushangwe",
              "bowler": "SA Wittmann",
              "non_striker": "J Nkomo",
              "runs": {
                "batter": 1,
                "extras": 0,
                "total": 1
              }
            },
            {
              "batter": "J Nkomo",
              "bowler": "SA Wittmann",
              "non_striker": "AC Mushangwe",
              "runs": {
                "batter": 4,
                "extras": 0,
                "total": 4
              }
            },
            {
              "batter": "J Nkomo",
              "bowler": "SA Wittmann",
              "non_striker": "AC Mushangwe",
              "runs": {
                "batter": 1,
                "extras": 0,
                "total": 1
              }
            },
            {
              "batter": "AC Mushangwe",
              "bowler": "SA Wittmann",
              "non_striker": "J Nkomo",
              "runs": {
                "batter": 1,
                "extras": 0,
                "total": 1
              }
            },
            {
              "batter": "J Nkomo",
              "bowler": "SA Wittmann",
              "non_striker": "AC Mushangwe",
              "runs": {
                "batter": 0,
                "extras": 0,
                "total": 0
              }
            },
            {
              "batter": "J Nkomo",
              "bowler": "SA Wittmann",
              "non_striker": "AC Mushangwe",
              "runs": {
                "batter": 1,
                "extras": 0,
                "total": 1
              }
            }
          ]
        },
        {
          "over": 19,
          "deliveries": [
            {
              "batter": "J Nkomo",
              "bowler": "KA Green",
              "extras": {
                "wides": 1
              },
              "non_striker": "AC Mushangwe",
              "runs": {
                "batter": 0,
                "extras": 1,
                "total": 1
              }
            },
            {
              "batter": "J Nkomo",
              "bowler": "KA Green",
              "non_striker": "AC Mushangwe",
              "runs": {
                "batter": 0,
                "extras": 0,
                "total": 0
              },
              "wickets": [
                {
                  "kind": "caught",
                  "player_out": "J Nkomo",
                  "fielders": [
                    {
                      "name": "W Mwatile"
                    }
                  ]
                }
              ]
            },
            {
              "batter": "AC Mushangwe",
              "bowler": "KA Green",
              "non_striker": "A Ndiraya",
              "runs": {
                "batter": 2,
                "extras": 0,
                "total": 2
              }
            },
            {
              "batter": "AC Mushangwe",
              "bowler": "KA Green",
              "non_striker": "A Ndiraya",
              "runs": {
                "batter": 2,
                "extras": 0,
                "total": 2
              }
            },
            {
              "batter": "AC Mushangwe",
              "bowler": "KA Green",
              "non_striker": "A Ndiraya",
              "runs": {
                "batter": 1,
                "extras": 0,
                "total": 1
              }
            },
            {
              "batter": "A Ndiraya",
              "bowler": "KA Green",
              "non_striker": "AC Mushangwe",
              "runs": {
                "batter": 1,
                "extras": 0,
                "total": 1
              }
            },
            {
              "batter": "AC Mushangwe",
              "bowler": "KA Green",
              "non_striker": "A Ndiraya",
              "runs": {
                "batter": 1,
                "extras": 0,
                "total": 1
              }
            }
          ]
        }
      ],
      "powerplays": [
        {
          "from": 0.1,
          "to": 5.6,
          "type": "mandatory"
        }
      ]
    },
    {
      "team": "Namibia",
      "overs": [
        {
          "over": 0,
          "deliveries": [
            {
              "batter": "A van der Merwe",
              "bowler": "J Nkomo",
              "non_striker": "KA Green",
              "runs": {
                "batter": 4,
                "extras": 0,
                "total": 4
              }
            },
            {
              "batter": "A van der Merwe",
              "bowler": "J Nkomo",
              "non_striker": "KA Green",
              "runs": {
                "batter": 0,
                "extras": 0,
                "total": 0
              }
            },
            {
              "batter": "A van der Merwe",
              "bowler": "J Nkomo",
              "non_striker": "KA Green",
              "runs": {
                "batter": 2,
                "extras": 0,
                "total": 2
              }
            },
            {
              "batter": "A van der Merwe",
              "bowler": "J Nkomo",
              "non_striker": "KA Green",
              "runs": {
                "batter": 0,
                "extras": 0,
                "total": 0
              }
            },
            {
              "batter": "A van der Merwe",
              "bowler": "J Nkomo",
              "non_striker": "KA Green",
              "runs": {
                "batter": 0,
                "extras": 0,
                "total": 0
              }
            },
            {
              "batter": "A van der Merwe",
              "bowler": "J Nkomo",
              "extras": {
                "legbyes": 1
              },
              "non_striker": "KA Green",
              "runs": {
                "batter": 0,
                "extras": 1,
                "total": 1
              }
            }
          ]
        },
        {
          "over": 1,
          "deliveries": [
            {
              "batter": "A van der Merwe",
              "bowler": "N Sibanda",
              "non_striker": "KA Green",
              "runs": {
                "batter": 1,
                "extras": 0,
                "total": 1
              }
            },
            {
              "batter": "KA Green",
              "bowler": "N Sibanda",
              "non_striker": "A van der Merwe",
              "runs": {
                "batter": 0,
                "extras": 0,
                "total": 0
              }
            },
            {
              "batter": "KA Green",
              "bowler": "N Sibanda",
              "non_striker": "A van der Merwe",
              "runs": {
                "batter": 0,
                "extras": 0,
                "total": 0
              }
            },
            {
              "batter": "KA Green",
              "bowler": "N Sibanda",
              "non_striker": "A van der Merwe",
              "runs": {
                "batter": 0,
                "extras": 0,
                "total": 0
              }
            },
            {
              "batter": "KA Green",
              "bowler": "N Sibanda",
              "non_striker": "A van der Merwe",
              "runs": {
                "batter": 0,
                "extras": 0,
                "total": 0
              }
            },
            {
              "batter": "KA Green",
              "bowler": "N Sibanda",
              "non_striker": "A van der Merwe",
              "runs": {
                "batter": 1,
                "extras": 0,
                "total": 1
              }
            }
          ]
        },
        {
          "over": 2,
          "deliveries": [
            {
              "batter": "KA Green",
              "bowler": "J Nkomo",
              "extras": {
                "wides": 1
              },
              "non_striker": "A van der Merwe",
              "runs": {
                "batter": 0,
                "extras": 1,
                "total": 1
              }
            },
            {
              "batter": "KA Green",
              "bowler": "J Nkomo",
              "non_striker": "A van der Merwe",
              "runs": {
                "batter": 0,
                "extras": 0,
                "total": 0
              },
              "wickets": [
                {
                  "kind": "bowled",
                  "player_out": "KA Green"
                }
              ]
            },
            {
              "batter": "Yasmeen Khan",
              "bowler": "J Nkomo",
              "extras": {
                "wides": 1
              },
              "non_striker": "A van der Merwe",
              "runs": {
                "batter": 0,
                "extras": 1,
                "total": 1
              }
            },
            {
              "batter": "Yasmeen Khan",
              "bowler": "J Nkomo",
              "non_striker": "A van der Merwe",
              "runs": {
                "batter": 0,
                "extras": 0,
                "total": 0
              }
            },
            {
              "batter": "Yasmeen Khan",
              "bowler": "J Nkomo",
              "non_striker": "A van der Merwe",
              "runs": {
                "batter": 0,
                "extras": 0,
                "total": 0
              }
            },
            {
              "batter": "Yasmeen Khan",
              "bowler": "J Nkomo",
              "non_striker": "A van der Merwe",
              "runs": {
                "batter": 1,
                "extras": 0,
                "total": 1
              }
            },
            {
              "batter": "A van der Merwe",
              "bowler": "J Nkomo",
              "non_striker": "Yasmeen Khan",
              "runs": {
                "batter": 1,
                "extras": 0,
                "total": 1
              }
            },
            {
              "batter": "Yasmeen Khan",
              "bowler": "J Nkomo",
              "non_striker": "A van der Merwe",
              "runs": {
                "batter": 0,
                "extras": 0,
                "total": 0
              }
            }
          ]
        },
        {
          "over": 3,
          "deliveries": [
            {
              "batter": "A van der Merwe",
              "bowler": "T Granger",
              "non_striker": "Yasmeen Khan",
              "runs": {
                "batter": 2,
                "extras": 0,
                "total": 2
              }
            },
            {
              "batter": "A van der Merwe",
              "bowler": "T Granger",
              "non_striker": "Yasmeen Khan",
              "runs": {
                "batter": 0,
                "extras": 0,
                "total": 0
              },
              "wickets": [
                {
                  "kind": "caught",
                  "player_out": "A van der Merwe",
                  "fielders": [
                    {
                      "name": "N Sibanda"
                    }
                  ]
                }
              ]
            },
            {
              "batter": "I van Zyl",
              "bowler": "T Granger",
              "non_striker": "Yasmeen Khan",
              "runs": {
                "batter": 0,
                "extras": 0,
                "total": 0
              }
            },
            {
              "batter": "I van Zyl",
              "bowler": "T Granger",
              "non_striker": "Yasmeen Khan",
              "runs": {
                "batter": 0,
                "extras": 0,
                "total": 0
              }
            },
            {
              "batter": "I van Zyl",
              "bowler": "T Granger",
              "non_striker": "Yasmeen Khan",
              "runs": {
                "batter": 0,
                "extras": 0,
                "total": 0
              }
            },
            {
              "batter": "I van Zyl",
              "bowler": "T Granger",
              "non_striker": "Yasmeen Khan",
              "runs": {
                "batter": 0,
                "extras": 0,
                "total": 0
              }
            }
          ]
        },
        {
          "over": 4,
          "deliveries": [
            {
              "batter": "Yasmeen Khan",
              "bowler": "N Sibanda",
              "non_striker": "I van Zyl",
              "runs": {
                "batter": 0,
                "extras": 0,
                "total": 0
              }
            },
            {
              "batter": "Yasmeen Khan",
              "bowler": "N Sibanda",
              "non_striker": "I van Zyl",
              "runs": {
                "batter": 1,
                "extras": 0,
                "total": 1
              }
            },
            {
              "batter": "I van Zyl",
              "bowler": "N Sibanda",
              "non_striker": "Yasmeen Khan",
              "runs": {
                "batter": 0,
                "extras": 0,
                "total": 0
              }
            },
            {
              "batter": "I van Zyl",
              "bowler": "N Sibanda",
              "non_striker": "Yasmeen Khan",
              "runs": {
                "batter": 0,
                "extras": 0,
                "total": 0
              }
            },
            {
              "batter": "I van Zyl",
              "bowler": "N Sibanda",
              "non_striker": "Yasmeen Khan",
              "runs": {
                "batter": 0,
                "extras": 0,
                "total": 0
              },
              "wickets": [
                {
                  "kind": "caught and bowled",
                  "player_out": "I van Zyl"
                }
              ]
            },
            {
              "batter": "SA Wittmann",
              "bowler": "N Sibanda",
              "non_striker": "Yasmeen Khan",
              "runs": {
                "batter": 4,
                "extras": 0,
                "total": 4
              }
            }
          ]
        },
        {
          "over": 5,
          "deliveries": [
            {
              "batter": "Yasmeen Khan",
              "bowler": "T Granger",
              "non_striker": "SA Wittmann",
              "runs": {
                "batter": 0,
                "extras": 0,
                "total": 0
              }
            },
            {
              "batter": "Yasmeen Khan",
              "bowler": "T Granger",
              "extras": {
                "wides": 2
              },
              "non_striker": "SA Wittmann",
              "runs": {
                "batter": 0,
                "extras": 2,
                "total": 2
              }
            },
            {
              "batter": "SA Wittmann",
              "bowler": "T Granger",
              "non_striker": "Yasmeen Khan",
              "runs": {
                "batter": 0,
                "extras": 0,
                "total": 0
              }
            },
            {
              "batter": "SA Wittmann",
              "bowler": "T Granger",
              "non_striker": "Yasmeen Khan",
              "runs": {
                "batter": 0,
                "extras": 0,
                "total": 0
              }
            },
            {
              "batter": "SA Wittmann",
              "bowler": "T Granger",
              "non_striker": "Yasmeen Khan",
              "runs": {
                "batter": 0,
                "extras": 0,
                "total": 0
              }
            },
            {
              "batter": "SA Wittmann",
              "bowler": "T Granger",
              "extras": {
                "wides": 1
              },
              "non_striker": "Yasmeen Khan",
              "runs": {
                "batter": 0,
                "extras": 1,
                "total": 1
              }
            },
            {
              "batter": "SA Wittmann",
              "bowler": "T Granger",
              "non_striker": "Yasmeen Khan",
              "runs": {
                "batter": 0,
                "extras": 0,
                "total": 0
              }
            },
            {
              "batter": "SA Wittmann",
              "bowler": "T Granger",
              "non_striker": "Yasmeen Khan",
              "runs": {
                "batter": 0,
                "extras": 0,
                "total": 0
              }
            }
          ]
        },
        {
          "over": 6,
          "deliveries": [
            {
              "batter": "Yasmeen Khan",
              "bowler": "N Mutasa",
              "non_striker": "SA Wittmann",
              "runs": {
                "batter": 0,
                "extras": 0,
                "total": 0
              }
            },
            {
              "batter": "Yasmeen Khan",
              "bowler": "N Mutasa",
              "non_striker": "SA Wittmann",
              "runs": {
                "batter": 0,
                "extras": 0,
                "total": 0
              }
            },
            {
              "batter": "Yasmeen Khan",
              "bowler": "N Mutasa",
              "non_striker": "SA Wittmann",
              "runs": {
                "batter": 1,
                "extras": 0,
                "total": 1
              }
            },
            {
              "batter": "SA Wittmann",
              "bowler": "N Mutasa",
              "non_striker": "Yasmeen Khan",
              "runs": {
                "batter": 1,
                "extras": 0,
                "total": 1
              }
            },
            {
              "batter": "Yasmeen Khan",
              "bowler": "N Mutasa",
              "non_striker": "SA Wittmann",
              "runs": {
                "batter": 0,
                "extras": 0,
                "total": 0
              }
            },
            {
              "batter": "Yasmeen Khan",
              "bowler": "N Mutasa",
              "non_striker": "SA Wittmann",
              "runs": {
                "batter": 0,
                "extras": 0,
                "total": 0
              }
            }
          ]
        },
        {
          "over": 7,
          "deliveries": [
            {
              "batter": "SA Wittmann",
              "bowler": "T Granger",
              "non_striker": "Yasmeen Khan",
              "runs": {
                "batter": 0,
                "extras": 0,
                "total": 0
              }
            },
            {
              "batter": "SA Wittmann",
              "bowler": "T Granger",
              "non_striker": "Yasmeen Khan",
              "runs": {
                "batter": 1,
                "extras": 0,
                "total": 1
              }
            },
            {
              "batter": "Yasmeen Khan",
              "bowler": "T Granger",
              "non_striker": "SA Wittmann",
              "runs": {
                "batter": 0,
                "extras": 0,
                "total": 0
              }
            },
            {
              "batter": "Yasmeen Khan",
              "bowler": "T Granger",
              "non_striker": "SA Wittmann",
              "runs": {
                "batter": 1,
                "extras": 0,
                "total": 1
              }
            },
            {
              "batter": "SA Wittmann",
              "bowler": "T Granger",
              "non_striker": "Yasmeen Khan",
              "runs": {
                "batter": 0,
                "extras": 0,
                "total": 0
              }
            },
            {
              "batter": "SA Wittmann",
              "bowler": "T Granger",
              "non_striker": "Yasmeen Khan",
              "runs": {
                "batter": 0,
                "extras": 0,
                "total": 0
              }
            }
          ]
        },
        {
          "over": 8,
          "deliveries": [
            {
              "batter": "Yasmeen Khan",
              "bowler": "N Mutasa",
              "non_striker": "SA Wittmann",
              "runs": {
                "batter": 0,
                "extras": 0,
                "total": 0
              }
            },
            {
              "batter": "Yasmeen Khan",
              "bowler": "N Mutasa",
              "non_striker": "SA Wittmann",
              "runs": {
                "batter": 4,
                "extras": 0,
                "total": 4
              }
            },
            {
              "batter": "Yasmeen Khan",
              "bowler": "N Mutasa",
              "non_striker": "SA Wittmann",
              "runs": {
                "batter": 1,
                "extras": 0,
                "total": 1
              }
            },
            {
              "batter": "SA Wittmann",
              "bowler": "N Mutasa",
              "non_striker": "Yasmeen Khan",
              "runs": {
                "batter": 1,
                "extras": 0,
                "total": 1
              }
            },
            {
              "batter": "Yasmeen Khan",
              "bowler": "N Mutasa",
              "non_striker": "SA Wittmann",
              "runs": {
                "batter": 0,
                "extras": 0,
                "total": 0
              }
            },
            {
              "batter": "Yasmeen Khan",
              "bowler": "N Mutasa",
              "extras": {
                "wides": 1
              },
              "non_striker": "SA Wittmann",
              "runs": {
                "batter": 0,
                "extras": 1,
                "total": 1
              }
            },
            {
              "batter": "Yasmeen Khan",
              "bowler": "N Mutasa",
              "non_striker": "SA Wittmann",
              "runs": {
                "batter": 0,
                "extras": 0,
                "total": 0
              }
            }
          ]
        },
        {
          "over": 9,
          "deliveries": [
            {
              "batter": "SA Wittmann",
              "bowler": "AC Mushangwe",
              "non_striker": "Yasmeen Khan",
              "runs": {
                "batter": 0,
                "extras": 0,
                "total": 0
              }
            },
            {
              "batter": "SA Wittmann",
              "bowler": "AC Mushangwe",
              "non_striker": "Yasmeen Khan",
              "runs": {
                "batter": 0,
                "extras": 0,
                "total": 0
              }
            },
            {
              "batter": "SA Wittmann",
              "bowler": "AC Mushangwe",
              "non_striker": "Yasmeen Khan",
              "runs": {
                "batter": 0,
                "extras": 0,
                "total": 0
              }
            },
            {
              "batter": "SA Wittmann",
              "bowler": "AC Mushangwe",
              "non_striker": "Yasmeen Khan",
              "runs": {
                "batter": 0,
                "extras": 0,
                "total": 0
              }
            },
            {
              "batter": "SA Wittmann",
              "bowler": "AC Mushangwe",
              "non_striker": "Yasmeen Khan",
              "runs": {
                "batter": 1,
                "extras": 0,
                "total": 1
              }
            },
            {
              "batter": "Yasmeen Khan",
              "bowler": "AC Mushangwe",
              "non_striker": "SA Wittmann",
              "runs": {
                "batter": 0,
                "extras": 0,
                "total": 0
              }
            }
          ]
        },
        {
          "over": 10,
          "deliveries": [
            {
              "batter": "SA Wittmann",
              "bowler": "P Marange",
              "non_striker": "Yasmeen Khan",
              "runs": {
                "batter": 0,
                "extras": 0,
                "total": 0
              }
            },
            {
              "batter": "SA Wittmann",
              "bowler": "P Marange",
              "non_striker": "Yasmeen Khan",
              "runs": {
                "batter": 4,
                "extras": 0,
                "total": 4
              }
            },
            {
              "batter": "SA Wittmann",
              "bowler": "P Marange",
              "non_striker": "Yasmeen Khan",
              "runs": {
                "batter": 0,
                "extras": 0,
                "total": 0
              }
            },
            {
              "batter": "SA Wittmann",
              "bowler": "P Marange",
              "non_striker": "Yasmeen Khan",
              "runs": {
                "batter": 0,
                "extras": 0,
                "total": 0
              }
            },
            {
              "batter": "SA Wittmann",
              "bowler": "P Marange",
              "non_striker": "Yasmeen Khan",
              "runs": {
                "batter": 0,
                "extras": 0,
                "total": 0
              }
            },
            {
              "batter": "SA Wittmann",
              "bowler": "P Marange",
              "non_striker": "Yasmeen Khan",
              "runs": {
                "batter": 1,
                "extras": 0,
                "total": 1
              }
            }
          ]
        },
        {
          "over": 11,
          "deliveries": [
            {
              "batter": "SA Wittmann",
              "bowler": "AC Mushangwe",
              "non_striker": "Yasmeen Khan",
              "runs": {
                "batter": 0,
                "extras": 0,
                "total": 0
              }
            },
            {
              "batter": "SA Wittmann",
              "bowler": "AC Mushangwe",
              "non_striker": "Yasmeen Khan",
              "runs": {
                "batter": 0,
                "extras": 0,
                "total": 0
              }
            },
            {
              "batter": "SA Wittmann",
              "bowler": "AC Mushangwe",
              "non_striker": "Yasmeen Khan",
              "runs": {
                "batter": 1,
                "extras": 0,
                "total": 1
              }
            },
            {
              "batter": "Yasmeen Khan",
              "bowler": "AC Mushangwe",
              "non_striker": "SA Wittmann",
              "runs": {
                "batter": 0,
                "extras": 0,
                "total": 0
              }
            },
            {
              "batter": "Yasmeen Khan",
              "bowler": "AC Mushangwe",
              "non_striker": "SA Wittmann",
              "runs": {
                "batter": 1,
                "extras": 0,
                "total": 1
              }
            },
            {
              "batter": "SA Wittmann",
              "bowler": "AC Mushangwe",
              "non_striker": "Yasmeen Khan",
              "runs": {
                "batter": 0,
                "extras": 0,
                "total": 0
              }
            }
          ]
        },
        {
          "over": 12,
          "deliveries": [
            {
              "batter": "Yasmeen Khan",
              "bowler": "P Marange",
              "extras": {
                "legbyes": 1
              },
              "non_striker": "SA Wittmann",
              "runs": {
                "batter": 0,
                "extras": 1,
                "total": 1
              }
            },
            {
              "batter": "SA Wittmann",
              "bowler": "P Marange",
              "non_striker": "Yasmeen Khan",
              "runs": {
                "batter": 0,
                "extras": 0,
                "total": 0
              }
            },
            {
              "batter": "SA Wittmann",
              "bowler": "P Marange",
              "non_striker": "Yasmeen Khan",
              "runs": {
                "batter": 0,
                "extras": 0,
                "total": 0
              }
            },
            {
              "batter": "SA Wittmann",
              "bowler": "P Marange",
              "non_striker": "Yasmeen Khan",
              "runs": {
                "batter": 0,
                "extras": 0,
                "total": 0
              }
            },
            {
              "batter": "SA Wittmann",
              "bowler": "P Marange",
              "non_striker": "Yasmeen Khan",
              "runs": {
                "batter": 0,
                "extras": 0,
                "total": 0
              }
            },
            {
              "batter": "SA Wittmann",
              "bowler": "P Marange",
              "non_striker": "Yasmeen Khan",
              "runs": {
                "batter": 0,
                "extras": 0,
                "total": 0
              }
            }
          ]
        },
        {
          "over": 13,
          "deliveries": [
            {
              "batter": "Yasmeen Khan",
              "bowler": "AC Mushangwe",
              "non_striker": "SA Wittmann",
              "runs": {
                "batter": 1,
                "extras": 0,
                "total": 1
              }
            },
            {
              "batter": "SA Wittmann",
              "bowler": "AC Mushangwe",
              "non_striker": "Yasmeen Khan",
              "runs": {
                "batter": 1,
                "extras": 0,
                "total": 1
              }
            },
            {
              "batter": "Yasmeen Khan",
              "bowler": "AC Mushangwe",
              "non_striker": "SA Wittmann",
              "runs": {
                "batter": 0,
                "extras": 0,
                "total": 0
              }
            },
            {
              "batter": "Yasmeen Khan",
              "bowler": "AC Mushangwe",
              "non_striker": "SA Wittmann",
              "runs": {
                "batter": 0,
                "extras": 0,
                "total": 0
              },
              "wickets": [
                {
                  "kind": "caught",
                  "player_out": "Yasmeen Khan",
                  "fielders": [
                    {
                      "name": "CS Mugeri"
                    }
                  ]
                }
              ]
            },
            {
              "batter": "SA Wittmann",
              "bowler": "AC Mushangwe",
              "non_striker": "M Short",
              "runs": {
                "batter": 0,
                "extras": 0,
                "total": 0
              }
            },
            {
              "batter": "SA Wittmann",
              "bowler": "AC Mushangwe",
              "non_striker": "M Short",
              "runs": {
                "batter": 0,
                "extras": 0,
                "total": 0
              }
            }
          ]
        },
        {
          "over": 14,
          "deliveries": [
            {
              "batter": "M Short",
              "bowler": "P Marange",
              "non_striker": "SA Wittmann",
              "runs": {
                "batter": 1,
                "extras": 0,
                "total": 1
              }
            },
            {
              "batter": "SA Wittmann",
              "bowler": "P Marange",
              "non_striker": "M Short",
              "runs": {
                "batter": 1,
                "extras": 0,
                "total": 1
              }
            },
            {
              "batter": "M Short",
              "bowler": "P Marange",
              "non_striker": "SA Wittmann",
              "runs": {
                "batter": 0,
                "extras": 0,
                "total": 0
              }
            },
            {
              "batter": "M Short",
              "bowler": "P Marange",
              "non_striker": "SA Wittmann",
              "runs": {
                "batter": 0,
                "extras": 0,
                "total": 0
              }
            },
            {
              "batter": "M Short",
              "bowler": "P Marange",
              "non_striker": "SA Wittmann",
              "runs": {
                "batter": 0,
                "extras": 0,
                "total": 0
              }
            },
            {
              "batter": "M Short",
              "bowler": "P Marange",
              "non_striker": "SA Wittmann",
              "runs": {
                "batter": 0,
                "extras": 0,
                "total": 0
              }
            }
          ]
        },
        {
          "over": 15,
          "deliveries": [
            {
              "batter": "SA Wittmann",
              "bowler": "AC Mushangwe",
              "non_striker": "M Short",
              "runs": {
                "batter": 0,
                "extras": 0,
                "total": 0
              }
            },
            {
              "batter": "SA Wittmann",
              "bowler": "AC Mushangwe",
              "non_striker": "M Short",
              "runs": {
                "batter": 1,
                "extras": 0,
                "total": 1
              }
            },
            {
              "batter": "M Short",
              "bowler": "AC Mushangwe",
              "non_striker": "SA Wittmann",
              "runs": {
                "batter": 0,
                "extras": 0,
                "total": 0
              },
              "wickets": [
                {
                  "kind": "bowled",
                  "player_out": "M Short"
                }
              ]
            },
            {
              "batter": "JA Diergaardt",
              "bowler": "AC Mushangwe",
              "non_striker": "SA Wittmann",
              "runs": {
                "batter": 0,
                "extras": 0,
                "total": 0
              }
            },
            {
              "batter": "JA Diergaardt",
              "bowler": "AC Mushangwe",
              "non_striker": "SA Wittmann",
              "runs": {
                "batter": 0,
                "extras": 0,
                "total": 0
              }
            },
            {
              "batter": "JA Diergaardt",
              "bowler": "AC Mushangwe",
              "non_striker": "SA Wittmann",
              "runs": {
                "batter": 0,
                "extras": 0,
                "total": 0
              },
              "wickets": [
                {
                  "kind": "lbw",
                  "player_out": "JA Diergaardt"
                }
              ]
            }
          ]
        },
        {
          "over": 16,
          "deliveries": [
            {
              "batter": "SA Wittmann",
              "bowler": "P Marange",
              "non_striker": "D Foerster",
              "runs": {
                "batter": 0,
                "extras": 0,
                "total": 0
              }
            },
            {
              "batter": "SA Wittmann",
              "bowler": "P Marange",
              "non_striker": "D Foerster",
              "runs": {
                "batter": 0,
                "extras": 0,
                "total": 0
              }
            },
            {
              "batter": "SA Wittmann",
              "bowler": "P Marange",
              "non_striker": "D Foerster",
              "runs": {
                "batter": 0,
                "extras": 0,
                "total": 0
              }
            },
            {
              "batter": "SA Wittmann",
              "bowler": "P Marange",
              "non_striker": "D Foerster",
              "runs": {
                "batter": 1,
                "extras": 0,
                "total": 1
              }
            },
            {
              "batter": "D Foerster",
              "bowler": "P Marange",
              "non_striker": "SA Wittmann",
              "runs": {
                "batter": 2,
                "extras": 0,
                "total": 2
              }
            },
            {
              "batter": "D Foerster",
              "bowler": "P Marange",
              "non_striker": "SA Wittmann",
              "runs": {
                "batter": 0,
                "extras": 0,
                "total": 0
              }
            }
          ]
        },
        {
          "over": 17,
          "deliveries": [
            {
              "batter": "SA Wittmann",
              "bowler": "T Granger",
              "non_striker": "D Foerster",
              "runs": {
                "batter": 0,
                "extras": 0,
                "total": 0
              },
              "wickets": [
                {
                  "kind": "caught",
                  "player_out": "SA Wittmann",
                  "fielders": [
                    {
                      "name": "M Musonda"
                    }
                  ]
                }
              ]
            },
            {
              "batter": "D Foerster",
              "bowler": "T Granger",
              "non_striker": "W Mwatile",
              "runs": {
                "batter": 0,
                "extras": 0,
                "total": 0
              }
            },
            {
              "batter": "D Foerster",
              "bowler": "T Granger",
              "non_striker": "W Mwatile",
              "runs": {
                "batter": 0,
                "extras": 0,
                "total": 0
              }
            },
            {
              "batter": "D Foerster",
              "bowler": "T Granger",
              "non_striker": "W Mwatile",
              "runs": {
                "batter": 0,
                "extras": 0,
                "total": 0
              }
            },
            {
              "batter": "D Foerster",
              "bowler": "T Granger",
              "non_striker": "W Mwatile",
              "runs": {
                "batter": 0,
                "extras": 0,
                "total": 0
              }
            },
            {
              "batter": "D Foerster",
              "bowler": "T Granger",
              "non_striker": "W Mwatile",
              "runs": {
                "batter": 0,
                "extras": 0,
                "total": 0
              }
            }
          ]
        },
        {
          "over": 18,
          "deliveries": [
            {
              "batter": "W Mwatile",
              "bowler": "N Sibanda",
              "non_striker": "D Foerster",
              "runs": {
                "batter": 0,
                "extras": 0,
                "total": 0
              }
            },
            {
              "batter": "W Mwatile",
              "bowler": "N Sibanda",
              "non_striker": "D Foerster",
              "runs": {
                "batter": 4,
                "extras": 0,
                "total": 4
              }
            },
            {
              "batter": "W Mwatile",
              "bowler": "N Sibanda",
              "non_striker": "D Foerster",
              "runs": {
                "batter": 4,
                "extras": 0,
                "total": 4
              }
            },
            {
              "batter": "W Mwatile",
              "bowler": "N Sibanda",
              "non_striker": "D Foerster",
              "runs": {
                "batter": 1,
                "extras": 0,
                "total": 1
              }
            },
            {
              "batter": "D Foerster",
              "bowler": "N Sibanda",
              "non_striker": "W Mwatile",
              "runs": {
                "batter": 1,
                "extras": 0,
                "total": 1
              }
            },
            {
              "batter": "W Mwatile",
              "bowler": "N Sibanda",
              "non_striker": "D Foerster",
              "runs": {
                "batter": 0,
                "extras": 0,
                "total": 0
              }
            }
          ]
        },
        {
          "over": 19,
          "deliveries": [
            {
              "batter": "D Foerster",
              "bowler": "J Nkomo",
              "non_striker": "W Mwatile",
              "runs": {
                "batter": 0,
                "extras": 0,
                "total": 0
              }
            },
            {
              "batter": "D Foerster",
              "bowler": "J Nkomo",
              "extras": {
                "byes": 1
              },
              "non_striker": "W Mwatile",
              "runs": {
                "batter": 0,
                "extras": 1,
                "total": 1
              }
            },
            {
              "batter": "W Mwatile",
              "bowler": "J Nkomo",
              "non_striker": "D Foerster",
              "runs": {
                "batter": 0,
                "extras": 0,
                "total": 0
              },
              "wickets": [
                {
                  "kind": "bowled",
                  "player_out": "W Mwatile"
                }
              ]
            },
            {
              "batter": "SN Shihepo",
              "bowler": "J Nkomo",
              "extras": {
                "wides": 1
              },
              "non_striker": "D Foerster",
              "runs": {
                "batter": 0,
                "extras": 1,
                "total": 1
              }
            },
            {
              "batter": "SN Shihepo",
              "bowler": "J Nkomo",
              "non_striker": "D Foerster",
              "runs": {
                "batter": 0,
                "extras": 0,
                "total": 0
              }
            },
            {
              "batter": "SN Shihepo",
              "bowler": "J Nkomo",
              "non_striker": "D Foerster",
              "runs": {
                "batter": 0,
                "extras": 0,
                "total": 0
              },
              "wickets": [
                {
                  "kind": "caught",
                  "player_out": "SN Shihepo",
                  "fielders": [
                    {
                      "name": "N Sibanda"
                    }
                  ]
                }
              ]
            },
            {
              "batter": "V Hamunyela",
              "bowler": "J Nkomo",
              "non_striker": "D Foerster",
              "runs": {
                "batter": 1,
                "extras": 0,
                "total": 1
              }
            }
          ]
        }
      ],
      "powerplays": [
        {
          "from": 0.1,
          "to": 5.8,
          "type": "mandatory"
        }
      ],
      "target": {
        "overs": 20,
        "runs": 115
      }
    }
  ]
}