{
  "meta": {
    "data_version": "1.0.0",
    "created": "2019-10-30",
    "revision": 2
  },
  "info": {
    "balls_per_over": 6,
    "city": "Harare",
    "dates": [
      "2019-05-05"
    ],
    "event": {
      "name": "ICC Women's T20 World Cup Africa Region Qualifier",
      "group": "A"
    },
    "gender": "female",
    "match_type": "T20",
    "match_type_number": 624,
    "officials": {
      "match_referees": [
        "O Chirombe"
      ],
      "reserve_umpires": [
        "IO Oyieko"
      ],
      "umpires": [
        "A Louw",
        "R D'Mello"
      ]
    },
    "outcome": {
      "winner": "Zimbabwe",
      "by": {
        "runs": 163
      }
    },
    "overs": 20,
    "player_of_match": [
      "SM Mayers"
    ],
    "players": {
      "Zimbabwe": [
        "M Mupachikwa",
        "SM Mayers",
        "CS Mugeri",
        "M Musonda",
        "J Nkomo",
        "AC Mushangwe",
        "P Marange",
        "T Granger",
        "L Phiri",
        "CT Dhururu",
        "A Mazvishaya"
      ],
      "Mozambique": [
        "O Mondlane",
        "M Matine",
        "R Haiong",
        "C Murrombe",
        "P Cuinica",
        "F Guirrugo",
        "J Sainda",
        "C Magaia",
        "I Chuma",
        "O Matsolo",
        "E Moiane"
      ]
    },
    "registry": {
      "people": {
        "A Louw": "5eecae5d",
        "A Mazvishaya": "09a58e2d",
        "AC Mushangwe": "db873292",
        "C Magaia": "bb4d1237",
        "C Murrombe": "2cf802eb",
        "CS Mugeri": "99c86133",
        "CT Dhururu": "8d7fba79",
        "E Moiane": "17f2fbf4",
        "F Guirrugo": "1745c7d4",
        "I Chuma": "b1021056",
        "IO Oyieko": "de4828fa",
        "J Nkomo": "36dfa62e",
        "J Sainda": "697e5758",
        "L Phiri": "cca8bdca",
        "M Matine": "021b4be9",
        "M Mupachikwa": "6657b319",
        "M Musonda": "94b52754",
        "O Chirombe": "6345307f",
        "O Matsolo": "3c4a62c4",
        "O Mondlane": "7f97139f",
        "P Cuinica": "efca38df",
        "P Marange": "a4f1fdd4",
        "R D'Mello": "f3c22863",
        "R Haiong": "2832fbba",
        "SM Mayers": "91d9613e",
        "T Granger": "2beae660"
      }
    },
    "season": "2019",
    "team_type": "international",
    "teams": [
      "Zimbabwe",
      "Mozambique"
    ],
    "toss": {
      "decision": "bat",
      "winner": "Zimbabwe"
    },
    "venue": "Old Hararians"
  },
  "innings": [
    {
      "team": "Zimbabwe",
      "overs": [
        {
          "over": 0,
          "deliveries": [
            {
              "batter": "M Mupachikwa",
              "bowler": "F Guirrugo",
              "non_striker": "SM Mayers",
              "runs": {
                "batter": 0,
                "extras": 0,
                "total": 0
              }
            },
            {
              "batter": "M Mupachikwa",
              "bowler": "F Guirrugo",
              "non_striker": "SM Mayers",
              "runs": {
                "batter": 1,
                "extras": 0,
                "total": 1
              }
            },
            {
              "batter": "SM Mayers",
              "bowler": "F Guirrugo",
              "non_striker": "M Mupachikwa",
              "runs": {
                "batter": 0,
                "extras": 0,
                "total": 0
              }
            },
            {
              "batter": "SM Mayers",
              "bowler": "F Guirrugo",
              "non_striker": "M Mupachikwa",
              "runs": {
                "batter": 1,
                "extras": 0,
                "total": 1
              }
            },
            {
              "batter": "M Mupachikwa",
              "bowler": "F Guirrugo",
              "extras": {
                "wides": 2
              },
              "non_striker": "SM Mayers",
              "runs": {
                "batter": 0,
                "extras": 2,
                "total": 2
              }
            },
            {
              "batter": "SM Mayers",
              "bowler": "F Guirrugo",
              "extras": {
                "wides": 1
              },
              "non_striker": "M Mupachikwa",
              "runs": {
                "batter": 0,
                "extras": 1,
                "total": 1
              }
            },
            {
              "batter": "SM Mayers",
              "bowler": "F Guirrugo",
              "non_striker": "M Mupachikwa",
              "runs": {
                "batter": 0,
                "extras": 0,
                "total": 0
              }
            },
            {
              "batter": "SM Mayers",
              "bowler": "F Guirrugo",
              "non_striker": "M Mupachikwa",
              "runs": {
                "batter": 0,
                "extras": 0,
                "total": 0
              }
            }
          ]
        },
        {
          "over": 1,
          "deliveries": [
            {
              "batter": "M Mupachikwa",
              "bowler": "P Cuinica",
              "extras": {
                "wides": 5
              },
              "non_striker": "SM Mayers",
              "runs": {
                "batter": 0,
                "extras": 5,
                "total": 5
              }
            },
            {
              "batter": "M Mupachikwa",
              "bowler": "P Cuinica",
              "non_striker": "SM Mayers",
              "runs": {
                "batter": 3,
                "extras": 0,
                "total": 3
              }
            },
            {
              "batter": "SM Mayers",
              "bowler": "P Cuinica",
              "non_striker": "M Mupachikwa",
              "runs": {
                "batter": 3,
                "extras": 0,
                "total": 3
              }
            },
            {
              "batter": "M Mupachikwa",
              "bowler": "P Cuinica",
              "non_striker": "SM Mayers",
              "runs": {
                "batter": 1,
                "extras": 0,
                "total": 1
              }
            },
            {
              "batter": "SM Mayers",
              "bowler": "P Cuinica",
              "non_striker": "M Mupachikwa",
              "runs": {
                "batter": 1,
                "extras": 0,
                "total": 1
              }
            },
            {
              "batter": "M Mupachikwa",
              "bowler": "P Cuinica",
              "non_striker": "SM Mayers",
              "runs": {
                "batter": 0,
                "extras": 0,
                "total": 0
              }
            },
            {
              "batter": "M Mupachikwa",
              "bowler": "P Cuinica",
              "non_striker": "SM Mayers",
              "runs": {
                "batter": 1,
                "extras": 0,
                "total": 1
              }
            }
          ]
        },
        {
          "over": 2,
          "deliveries": [
            {
              "batter": "M Mupachikwa",
              "bowler": "F Guirrugo",
              "non_striker": "SM Mayers",
              "runs": {
                "batter": 1,
                "extras": 0,
                "total": 1
              }
            },
            {
              "batter": "SM Mayers",
              "bowler": "F Guirrugo",
              "non_striker": "M Mupachikwa",
              "runs": {
                "batter": 1,
                "extras": 0,
                "total": 1
              }
            },
            {
              "batter": "M Mupachikwa",
              "bowler": "F Guirrugo",
              "non_striker": "SM Mayers",
              "runs": {
                "batter": 2,
                "extras": 0,
                "total": 2
              }
            },
            {
              "batter": "M Mupachikwa",
              "bowler": "F Guirrugo",
              "non_striker": "SM Mayers",
              "runs": {
                "batter": 3,
                "extras": 0,
                "total": 3
              }
            },
            {
              "batter": "SM Mayers",
              "bowler": "F Guirrugo",
              "non_striker": "M Mupachikwa",
              "runs": {
                "batter": 0,
                "extras": 0,
                "total": 0
              }
            },
            {
              "batter": "SM Mayers",
              "bowler": "F Guirrugo",
              "non_striker": "M Mupachikwa",
              "runs": {
                "batter": 6,
                "extras": 0,
                "total": 6
              }
            }
          ]
        },
        {
          "over": 3,
          "deliveries": [
            {
              "batter": "M Mupachikwa",
              "bowler": "P Cuinica",
              "non_striker": "SM Mayers",
              "runs": {
                "batter": 0,
                "extras": 0,
                "total": 0
              }
            },
            {
              "batter": "M Mupachikwa",
              "bowler": "P Cuinica",
              "non_striker": "SM Mayers",
              "runs": {
                "batter": 1,
                "extras": 0,
                "total": 1
              }
            },
            {
              "batter": "SM Mayers",
              "bowler": "P Cuinica",
              "non_striker": "M Mupachikwa",
              "runs": {
                "batter": 2,
                "extras": 0,
                "total": 2
              }
            },
            {
              "batter": "SM Mayers",
              "bowler": "P Cuinica",
              "non_striker": "M Mupachikwa",
              "runs": {
                "batter": 1,
                "extras": 0,
                "total": 1
              }
            },
            {
              "batter": "M Mupachikwa",
              "bowler": "P Cuinica",
              "extras": {
                "wides": 2
              },
              "non_striker": "SM Mayers",
              "runs": {
                "batter": 0,
                "extras": 2,
                "total": 2
              }
            },
            {
              "batter": "SM Mayers",
              "bowler": "P Cuinica",
              "non_striker": "M Mupachikwa",
              "runs": {
                "batter": 1,
                "extras": 0,
                "total": 1
              }
            },
            {
              "batter": "M Mupachikwa",
              "bowler": "P Cuinica",
              "non_striker": "SM Mayers",
              "runs": {
                "batter": 1,
                "extras": 0,
                "total": 1
              }
            }
          ]
        },
        {
          "over": 4,
          "deliveries": [
            {
              "batter": "M Mupachikwa",
              "bowler": "F Guirrugo",
              "non_striker": "SM Mayers",
              "runs": {
                "batter": 4,
                "extras": 0,
                "total": 4
              }
            },
            {
              "batter": "M Mupachikwa",
              "bowler": "F Guirrugo",
              "non_striker": "SM Mayers",
              "runs": {
                "batter": 3,
                "extras": 0,
                "total": 3
              }
            },
            {
              "batter": "SM Mayers",
              "bowler": "F Guirrugo",
              "non_striker": "M Mupachikwa",
              "runs": {
                "batter": 1,
                "extras": 0,
                "total": 1
              }
            },
            {
              "batter": "M Mupachikwa",
              "bowler": "F Guirrugo",
              "non_striker": "SM Mayers",
              "runs": {
                "batter": 0,
                "extras": 0,
                "total": 0
              }
            },
            {
              "batter": "M Mupachikwa",
              "bowler": "F Guirrugo",
              "extras": {
                "wides": 1
              },
              "non_striker": "SM Mayers",
              "runs": {
                "batter": 0,
                "extras": 1,
                "total": 1
              }
            },
            {
              "batter": "M Mupachikwa",
              "bowler": "F Guirrugo",
              "non_striker": "SM Mayers",
              "runs": {
                "batter": 1,
                "extras": 0,
                "total": 1
              }
            },
            {
              "batter": "SM Mayers",
              "bowler": "F Guirrugo",
              "non_striker": "M Mupachikwa",
              "runs": {
                "batter": 1,
                "extras": 0,
                "total": 1
              }
            }
          ]
        },
        {
          "over": 5,
          "deliveries": [
            {
              "batter": "SM Mayers",
              "bowler": "P Cuinica",
              "non_striker": "M Mupachikwa",
              "runs": {
                "batter": 1,
                "extras": 0,
                "total": 1
              }
            },
            {
              "batter": "M Mupachikwa",
              "bowler": "P Cuinica",
              "extras": {
                "wides": 1
              },
              "non_striker": "SM Mayers",
              "runs": {
                "batter": 0,
                "extras": 1,
                "total": 1
              }
            },
            {
              "batter": "M Mupachikwa",
              "bowler": "P Cuinica",
              "non_striker": "SM Mayers",
              "runs": {
                "batter": 1,
                "extras": 0,
                "total": 1
              }
            },
            {
              "batter": "SM Mayers",
              "bowler": "P Cuinica",
              "non_striker": "M Mupachikwa",
              "runs": {
                "batter": 4,
                "extras": 0,
                "total": 4
              }
            },
            {
              "batter": "SM Mayers",
              "bowler": "P Cuinica",
              "non_striker": "M Mupachikwa",
              "runs": {
                "batter": 1,
                "extras": 0,
                "total": 1
              }
            },
            {
              "batter": "M Mupachikwa",
              "bowler": "P Cuinica",
              "extras": {
                "wides": 1
              },
              "non_striker": "SM Mayers",
              "runs": {
                "batter": 0,
                "extras": 1,
                "total": 1
              }
            },
            {
              "batter": "M Mupachikwa",
              "bowler": "P Cuinica",
              "non_striker": "SM Mayers",
              "runs": {
                "batter": 2,
                "extras": 0,
                "total": 2
              }
            },
            {
              "batter": "M Mupachikwa",
              "bowler": "P Cuinica",
              "non_striker": "SM Mayers",
              "runs": {
                "batter": 0,
                "extras": 0,
                "total": 0
              }
            }
          ]
        },
        {
          "over": 6,
          "deliveries": [
            {
              "batter": "SM Mayers",
              "bowler": "I Chuma",
              "non_striker": "M Mupachikwa",
              "runs": {
                "batter": 1,
                "extras": 0,
                "total": 1
              }
            },
            {
              "batter": "M Mupachikwa",
              "bowler": "I Chuma",
              "non_striker": "SM Mayers",
              "runs": {
                "batter": 0,
                "extras": 0,
                "total": 0
              }
            },
            {
              "batter": "M Mupachikwa",
              "bowler": "I Chuma",
              "non_striker": "SM Mayers",
              "runs": {
                "batter": 0,
                "extras": 0,
                "total": 0
              }
            },
            {
              "batter": "M Mupachikwa",
              "bowler": "I Chuma",
              "non_striker": "SM Mayers",
              "runs": {
                "batter": 1,
                "extras": 0,
                "total": 1
              }
            },
            {
              "batter": "SM Mayers",
              "bowler": "I Chuma",
              "non_striker": "M Mupachikwa",
              "runs": {
                "batter": 1,
                "extras": 0,
                "total": 1
              }
            },
            {
              "batter": "M Mupachikwa",
              "bowler": "I Chuma",
              "non_striker": "SM Mayers",
              "runs": {
                "batter": 1,
                "extras": 0,
                "total": 1
              }
            }
          ]
        },
        {
          "over": 7,
          "deliveries": [
            {
              "batter": "M Mupachikwa",
              "bowler": "O Matsolo",
              "extras": {
                "wides": 1
              },
              "non_striker": "SM Mayers",
              "runs": {
                "batter": 0,
                "extras": 1,
                "total": 1
              }
            },
            {
              "batter": "M Mupachikwa",
              "bowler": "O Matsolo",
              "non_striker": "SM Mayers",
              "runs": {
                "batter": 2,
                "extras": 0,
                "total": 2
              }
            },
            {
              "batter": "M Mupachikwa",
              "bowler": "O Matsolo",
              "non_striker": "SM Mayers",
              "runs": {
                "batter": 0,
                "extras": 0,
                "total": 0
              }
            },
            {
              "batter": "M Mupachikwa",
              "bowler": "O Matsolo",
              "non_striker": "SM Mayers",
              "runs": {
                "batter": 0,
                "extras": 0,
                "total": 0
              },
              "wickets": [
                {
                  "player_out": "M Mupachikwa",
                  "kind": "bowled"
                }
              ]
            },
            {
              "batter": "CS Mugeri",
              "bowler": "O Matsolo",
              "extras": {
                "wides": 1
              },
              "non_striker": "SM Mayers",
              "runs": {
                "batter": 0,
                "extras": 1,
                "total": 1
              }
            },
            {
              "batter": "CS Mugeri",
              "bowler": "O Matsolo",
              "non_striker": "SM Mayers",
              "runs": {
                "batter": 1,
                "extras": 0,
                "total": 1
              }
            },
            {
              "batter": "SM Mayers",
              "bowler": "O Matsolo",
              "non_striker": "CS Mugeri",
              "runs": {
                "batter": 0,
                "extras": 0,
                "total": 0
              }
            },
            {
              "batter": "SM Mayers",
              "bowler": "O Matsolo",
              "non_striker": "CS Mugeri",
              "runs": {
                "batter": 0,
                "extras": 0,
                "total": 0
              }
            }
          ]
        },
        {
          "over": 8,
          "deliveries": [
            {
              "batter": "CS Mugeri",
              "bowler": "I Chuma",
              "non_striker": "SM Mayers",
              "runs": {
                "batter": 1,
                "extras": 0,
                "total": 1
              }
            },
            {
              "batter": "SM Mayers",
              "bowler": "I Chuma",
              "non_striker": "CS Mugeri",
              "runs": {
                "batter": 4,
                "extras": 0,
                "total": 4
              }
            },
            {
              "batter": "SM Mayers",
              "bowler": "I Chuma",
              "non_striker": "CS Mugeri",
              "runs": {
                "batter": 2,
                "extras": 0,
                "total": 2
              }
            },
            {
              "batter": "SM Mayers",
              "bowler": "I Chuma",
              "non_striker": "CS Mugeri",
              "runs": {
                "batter": 2,
                "extras": 0,
                "total": 2
              }
            },
            {
              "batter": "SM Mayers",
              "bowler": "I Chuma",
              "non_striker": "CS Mugeri",
              "runs": {
                "batter": 1,
                "extras": 0,
                "total": 1
              }
            },
            {
              "batter": "CS Mugeri",
              "bowler": "I Chuma",
              "non_striker": "SM Mayers",
              "runs": {
                "batter": 1,
                "extras": 0,
                "total": 1
              }
            }
          ]
        },
        {
          "over": 9,
          "deliveries": [
            {
              "batter": "CS Mugeri",
              "bowler": "O Matsolo",
              "non_striker": "SM Mayers",
              "runs": {
                "batter": 0,
                "extras": 0,
                "total": 0
              }
            },
            {
              "batter": "CS Mugeri",
              "bowler": "O Matsolo",
              "non_striker": "SM Mayers",
              "runs": {
                "batter": 2,
                "extras": 0,
                "total": 2
              }
            },
            {
              "batter": "CS Mugeri",
              "bowler": "O Matsolo",
              "non_striker": "SM Mayers",
              "runs": {
                "batter": 0,
                "extras": 0,
                "total": 0
              }
            },
            {
              "batter": "CS Mugeri",
              "bowler": "O Matsolo",
              "non_striker": "SM Mayers",
              "runs": {
                "batter": 1,
                "extras": 0,
                "total": 1
              }
            },
            {
              "batter": "SM Mayers",
              "bowler": "O Matsolo",
              "non_striker": "CS Mugeri",
              "runs": {
                "batter": 0,
                "extras": 0,
                "total": 0
              }
            },
            {
              "batter": "SM Mayers",
              "bowler": "O Matsolo",
              "non_striker": "CS Mugeri",
              "runs": {
                "batter": 1,
                "extras": 0,
                "total": 1
              }
            }
          ]
        },
        {
          "over": 10,
          "deliveries": [
            {
              "batter": "SM Mayers",
              "bowler": "C Magaia",
              "non_striker": "CS Mugeri",
              "runs": {
                "batter": 0,
                "extras": 0,
                "total": 0
              }
            },
            {
              "batter": "SM Mayers",
              "bowler": "C Magaia",
              "extras": {
                "wides": 1
              },
              "non_striker": "CS Mugeri",
              "runs": {
                "batter": 0,
                "extras": 1,
                "total": 1
              }
            },
            {
              "batter": "SM Mayers",
              "bowler": "C Magaia",
              "non_striker": "CS Mugeri",
              "runs": {
                "batter": 2,
                "extras": 0,
                "total": 2
              }
            },
            {
              "batter": "SM Mayers",
              "bowler": "C Magaia",
              "non_striker": "CS Mugeri",
              "runs": {
                "batter": 1,
                "extras": 0,
                "total": 1
              }
            },
            {
              "batter": "CS Mugeri",
              "bowler": "C Magaia",
              "extras": {
                "wides": 1
              },
              "non_striker": "SM Mayers",
              "runs": {
                "batter": 0,
                "extras": 1,
                "total": 1
              }
            },
            {
              "batter": "CS Mugeri",
              "bowler": "C Magaia",
              "non_striker": "SM Mayers",
              "runs": {
                "batter": 0,
                "extras": 0,
                "total": 0
              }
            },
            {
              "batter": "CS Mugeri",
              "bowler": "C Magaia",
              "non_striker": "SM Mayers",
              "runs": {
                "batter": 1,
                "extras": 0,
                "total": 1
              }
            },
            {
              "batter": "SM Mayers",
              "bowler": "C Magaia",
              "non_striker": "CS Mugeri",
              "runs": {
                "batter": 2,
                "extras": 0,
                "total": 2
              }
            }
          ]
        },
        {
          "over": 11,
          "deliveries": [
            {
              "batter": "CS Mugeri",
              "bowler": "O Matsolo",
              "extras": {
                "wides": 1
              },
              "non_striker": "SM Mayers",
              "runs": {
                "batter": 0,
                "extras": 1,
                "total": 1
              }
            },
            {
              "batter": "CS Mugeri",
              "bowler": "O Matsolo",
              "extras": {
                "wides": 1
              },
              "non_striker": "SM Mayers",
              "runs": {
                "batter": 0,
                "extras": 1,
                "total": 1
              }
            },
            {
              "batter": "CS Mugeri",
              "bowler": "O Matsolo",
              "extras": {
                "wides": 1
              },
              "non_striker": "SM Mayers",
              "runs": {
                "batter": 0,
                "extras": 1,
                "total": 1
              }
            },
            {
              "batter": "CS Mugeri",
              "bowler": "O Matsolo",
              "non_striker": "SM Mayers",
              "runs": {
                "batter": 6,
                "extras": 0,
                "total": 6
              }
            },
            {
              "batter": "CS Mugeri",
              "bowler": "O Matsolo",
              "non_striker": "SM Mayers",
              "runs": {
                "batter": 4,
                "extras": 0,
                "total": 4
              }
            },
            {
              "batter": "CS Mugeri",
              "bowler": "O Matsolo",
              "non_striker": "SM Mayers",
              "runs": {
                "batter": 2,
                "extras": 0,
                "total": 2
              }
            },
            {
              "batter": "CS Mugeri",
              "bowler": "O Matsolo",
              "extras": {
                "byes": 4
              },
              "non_striker": "SM Mayers",
              "runs": {
                "batter": 0,
                "extras": 4,
                "total": 4
              }
            },
            {
              "batter": "CS Mugeri",
              "bowler": "O Matsolo",
              "extras": {
                "wides": 1
              },
              "non_striker": "SM Mayers",
              "runs": {
                "batter": 0,
                "extras": 1,
                "total": 1
              }
            },
            {
              "batter": "CS Mugeri",
              "bowler": "O Matsolo",
              "non_striker": "SM Mayers",
              "runs": {
                "batter": 2,
                "extras": 0,
                "total": 2
              }
            },
            {
              "batter": "CS Mugeri",
              "bowler": "O Matsolo",
              "non_striker": "SM Mayers",
              "runs": {
                "batter": 4,
                "extras": 0,
                "total": 4
              }
            }
          ]
        },
        {
          "over": 12,
          "deliveries": [
            {
              "batter": "SM Mayers",
              "bowler": "I Chuma",
              "extras": {
                "wides": 5
              },
              "non_striker": "CS Mugeri",
              "runs": {
                "batter": 0,
                "extras": 5,
                "total": 5
              }
            },
            {
              "batter": "SM Mayers",
              "bowler": "I Chuma",
              "non_striker": "CS Mugeri",
              "runs": {
                "batter": 2,
                "extras": 0,
                "total": 2
              }
            },
            {
              "batter": "SM Mayers",
              "bowler": "I Chuma",
              "non_striker": "CS Mugeri",
              "runs": {
                "batter": 1,
                "extras": 0,
                "total": 1
              }
            },
            {
              "batter": "CS Mugeri",
              "bowler": "I Chuma",
              "non_striker": "SM Mayers",
              "runs": {
                "batter": 1,
                "extras": 0,
                "total": 1
              }
            },
            {
              "batter": "SM Mayers",
              "bowler": "I Chuma",
              "non_striker": "CS Mugeri",
              "runs": {
                "batter": 1,
                "extras": 0,
                "total": 1
              }
            },
            {
              "batter": "CS Mugeri",
              "bowler": "I Chuma",
              "non_striker": "SM Mayers",
              "runs": {
                "batter": 1,
                "extras": 0,
                "total": 1
              }
            },
            {
              "batter": "SM Mayers",
              "bowler": "I Chuma",
              "extras": {
                "wides": 2
              },
              "non_striker": "CS Mugeri",
              "runs": {
                "batter": 0,
                "extras": 2,
                "total": 2
              }
            },
            {
              "batter": "CS Mugeri",
              "bowler": "I Chuma",
              "non_striker": "SM Mayers",
              "runs": {
                "batter": 0,
                "extras": 0,
                "total": 0
              }
            }
          ]
        },
        {
          "over": 13,
          "deliveries": [
            {
              "batter": "SM Mayers",
              "bowler": "C Murrombe",
              "non_striker": "CS Mugeri",
              "runs": {
                "batter": 2,
                "extras": 0,
                "total": 2
              }
            },
            {
              "batter": "SM Mayers",
              "bowler": "C Murrombe",
              "non_striker": "CS Mugeri",
              "runs": {
                "batter": 2,
                "extras": 0,
                "total": 2
              }
            },
            {
              "batter": "SM Mayers",
              "bowler": "C Murrombe",
              "non_striker": "CS Mugeri",
              "runs": {
                "batter": 2,
                "extras": 0,
                "total": 2
              }
            },
            {
              "batter": "SM Mayers",
              "bowler": "C Murrombe",
              "non_striker": "CS Mugeri",
              "runs": {
                "batter": 1,
                "extras": 0,
                "total": 1
              }
            },
            {
              "batter": "CS Mugeri",
              "bowler": "C Murrombe",
              "non_striker": "SM Mayers",
              "runs": {
                "batter": 2,
                "extras": 0,
                "total": 2
              }
            },
            {
              "batter": "CS Mugeri",
              "bowler": "C Murrombe",
              "non_striker": "SM Mayers",
              "runs": {
                "batter": 1,
                "extras": 0,
                "total": 1
              }
            }
          ]
        },
        {
          "over": 14,
          "deliveries": [
            {
              "batter": "CS Mugeri",
              "bowler": "F Guirrugo",
              "extras": {
                "wides": 1
              },
              "non_striker": "SM Mayers",
              "runs": {
                "batter": 0,
                "extras": 1,
                "total": 1
              }
            },
            {
              "batter": "CS Mugeri",
              "bowler": "F Guirrugo",
              "non_striker": "SM Mayers",
              "runs": {
                "batter": 1,
                "extras": 0,
                "total": 1
              }
            },
            {
              "batter": "SM Mayers",
              "bowler": "F Guirrugo",
              "non_striker": "CS Mugeri",
              "runs": {
                "batter": 3,
                "extras": 0,
                "total": 3
              }
            },
            {
              "batter": "CS Mugeri",
              "bowler": "F Guirrugo",
              "non_striker": "SM Mayers",
              "runs": {
                "batter": 0,
                "extras": 0,
                "total": 0
              }
            },
            {
              "batter": "CS Mugeri",
              "bowler": "F Guirrugo",
              "non_striker": "SM Mayers",
              "runs": {
                "batter": 2,
                "extras": 0,
                "total": 2
              }
            },
            {
              "batter": "CS Mugeri",
              "bowler": "F Guirrugo",
              "extras": {
                "wides": 1
              },
              "non_striker": "SM Mayers",
              "runs": {
                "batter": 0,
                "extras": 1,
                "total": 1
              }
            },
            {
              "batter": "CS Mugeri",
              "bowler": "F Guirrugo",
              "non_striker": "SM Mayers",
              "runs": {
                "batter": 1,
                "extras": 0,
                "total": 1
              }
            },
            {
              "batter": "SM Mayers",
              "bowler": "F Guirrugo",
              "non_striker": "CS Mugeri",
              "runs": {
                "batter": 1,
                "extras": 0,
                "total": 1
              }
            }
          ]
        },
        {
          "over": 15,
          "deliveries": [
            {
              "batter": "SM Mayers",
              "bowler": "C Murrombe",
              "non_striker": "CS Mugeri",
              "runs": {
                "batter": 4,
                "extras": 0,
                "total": 4
              }
            },
            {
              "batter": "SM Mayers",
              "bowler": "C Murrombe",
              "non_striker": "CS Mugeri",
              "runs": {
                "batter": 1,
                "extras": 0,
                "total": 1
              }
            },
            {
              "batter": "CS Mugeri",
              "bowler": "C Murrombe",
              "non_striker": "SM Mayers",
              "runs": {
                "batter": 2,
                "extras": 0,
                "total": 2
              }
            },
            {
              "batter": "CS Mugeri",
              "bowler": "C Murrombe",
              "non_striker": "SM Mayers",
              "runs": {
                "batter": 1,
                "extras": 0,
                "total": 1
              }
            },
            {
              "batter": "SM Mayers",
              "bowler": "C Murrombe",
              "non_striker": "CS Mugeri",
              "runs": {
                "batter": 0,
                "extras": 0,
                "total": 0
              }
            },
            {
              "batter": "SM Mayers",
              "bowler": "C Murrombe",
              "non_striker": "CS Mugeri",
              "runs": {
                "batter": 1,
                "extras": 0,
                "total": 1
              }
            }
          ]
        },
        {
          "over": 16,
          "deliveries": [
            {
              "batter": "SM Mayers",
              "bowler": "I Chuma",
              "non_striker": "CS Mugeri",
              "runs": {
                "batter": 0,
                "extras": 0,
                "total": 0
              },
              "wickets": [
                {
                  "player_out": "SM Mayers",
                  "kind": "bowled"
                }
              ]
            },
            {
              "batter": "M Musonda",
              "bowler": "I Chuma",
              "non_striker": "CS Mugeri",
              "runs": {
                "batter": 1,
                "extras": 0,
                "total": 1
              }
            },
            {
              "batter": "CS Mugeri",
              "bowler": "I Chuma",
              "non_striker": "M Musonda",
              "runs": {
                "batter": 0,
                "extras": 0,
                "total": 0
              },
              "wickets": [
                {
                  "player_out": "CS Mugeri",
                  "fielders": [
                    {
                      "name": "P Cuinica"
                    }
                  ],
                  "kind": "caught"
                }
              ]
            },
            {
              "batter": "J Nkomo",
              "bowler": "I Chuma",
              "non_striker": "M Musonda",
              "runs": {
                "batter": 1,
                "extras": 0,
                "total": 1
              }
            },
            {
              "batter": "M Musonda",
              "bowler": "I Chuma",
              "non_striker": "J Nkomo",
              "runs": {
                "batter": 1,
                "extras": 0,
                "total": 1
              }
            },
            {
              "batter": "J Nkomo",
              "bowler": "I Chuma",
              "non_striker": "M Musonda",
              "runs": {
                "batter": 1,
                "extras": 0,
                "total": 1
              }
            }
          ]
        },
        {
          "over": 17,
          "deliveries": [
            {
              "batter": "J Nkomo",
              "bowler": "C Murrombe",
              "non_striker": "M Musonda",
              "runs": {
                "batter": 2,
                "extras": 0,
                "total": 2
              }
            },
            {
              "batter": "J Nkomo",
              "bowler": "C Murrombe",
              "non_striker": "M Musonda",
              "runs": {
                "batter": 1,
                "extras": 0,
                "total": 1
              }
            },
            {
              "batter": "M Musonda",
              "bowler": "C Murrombe",
              "non_striker": "J Nkomo",
              "runs": {
                "batter": 2,
                "extras": 0,
                "total": 2
              }
            },
            {
              "batter": "M Musonda",
              "bowler": "C Murrombe",
              "non_striker": "J Nkomo",
              "runs": {
                "batter": 4,
                "extras": 0,
                "total": 4
              }
            },
            {
              "batter": "M Musonda",
              "bowler": "C Murrombe",
              "non_striker": "J Nkomo",
              "runs": {
                "batter": 2,
                "extras": 0,
                "total": 2
              }
            },
            {
              "batter": "M Musonda",
              "bowler": "C Murrombe",
              "non_striker": "J Nkomo",
              "runs": {
                "batter": 1,
                "extras": 0,
                "total": 1
              }
            }
          ]
        },
        {
          "over": 18,
          "deliveries": [
            {
              "batter": "M Musonda",
              "bowler": "P Cuinica",
              "non_striker": "J Nkomo",
              "runs": {
                "batter": 2,
                "extras": 0,
                "total": 2
              }
            },
            {
              "batter": "M Musonda",
              "bowler": "P Cuinica",
              "extras": {
                "wides": 1
              },
              "non_striker": "J Nkomo",
              "runs": {
                "batter": 0,
                "extras": 1,
                "total": 1
              }
            },
            {
              "batter": "M Musonda",
              "bowler": "P Cuinica",
              "non_striker": "J Nkomo",
              "runs": {
                "batter": 0,
                "extras": 0,
                "total": 0
              }
            },
            {
              "batter": "M Musonda",
              "bowler": "P Cuinica",
              "extras": {
                "wides": 1
              },
              "non_striker": "J Nkomo",
              "runs": {
                "batter": 0,
                "extras": 1,
                "total": 1
              }
            },
            {
              "batter": "M Musonda",
              "bowler": "P Cuinica",
              "non_striker": "J Nkomo",
              "runs": {
                "batter": 2,
                "extras": 0,
                "total": 2
              }
            },
            {
              "batter": "M Musonda",
              "bowler": "P Cuinica",
              "non_striker": "J Nkomo",
              "runs": {
                "batter": 0,
                "extras": 0,
                "total": 0
              }
            },
            {
              "batter": "M Musonda",
              "bowler": "P Cuinica",
              "non_striker": "J Nkomo",
              "runs": {
                "batter": 1,
                "extras": 0,
                "total": 1
              }
            },
            {
              "batter": "J Nkomo",
              "bowler": "P Cuinica",
              "extras": {
                "wides": 3
              },
              "non_striker": "M Musonda",
              "runs": {
                "batter": 0,
                "extras": 3,
                "total": 3
              }
            },
            {
              "batter": "J Nkomo",
              "bowler": "P Cuinica",
              "non_striker": "M Musonda",
              "runs": {
                "batter": 2,
                "extras": 0,
                "total": 2
              }
            }
          ]
        },
        {
          "over": 19,
          "deliveries": [
            {
              "batter": "M Musonda",
              "bowler": "C Murrombe",
              "non_striker": "J Nkomo",
              "runs": {
                "batter": 1,
                "extras": 0,
                "total": 1
              }
            },
            {
              "batter": "J Nkomo",
              "bowler": "C Murrombe",
              "non_striker": "M Musonda",
              "runs": {
                "batter": 4,
                "extras": 0,
                "total": 4
              }
            },
            {
              "batter": "J Nkomo",
              "bowler": "C Murrombe",
              "non_striker": "M Musonda",
              "runs": {
                "batter": 0,
                "extras": 0,
                "total": 0
              }
            },
            {
              "batter": "J Nkomo",
              "bowler": "C Murrombe",
              "non_striker": "M Musonda",
              "runs": {
                "batter": 1,
                "extras": 0,
                "total": 1
              }
            },
            {
              "batter": "M Musonda",
              "bowler": "C Murrombe",
              "non_striker": "J Nkomo",
              "runs": {
                "batter": 0,
                "extras": 0,
                "total": 0
              }
            },
            {
              "batter": "M Musonda",
              "bowler": "C Murrombe",
              "non_striker": "J Nkomo",
              "runs": {
                "batter": 2,
                "extras": 0,
                "total": 2
              }
            }
          ]
        }
      ],
      "powerplays": [
        {
          "from": 0.1,
          "to": 5.6,
          "type": "mandatory"
        }
      ]
    },
    {
      "team": "Mozambique",
      "absent_hurt": [
        "E Moiane"
      ],
      "overs": [
        {
          "over": 0,
          "deliveries": [
            {
              "batter": "O Mondlane",
              "bowler": "J Nkomo",
              "non_striker": "M Matine",
              "runs": {
                "batter": 0,
                "extras": 0,
                "total": 0
              }
            },
            {
              "batter": "O Mondlane",
              "bowler": "J Nkomo",
              "non_striker": "M Matine",
              "runs": {
                "batter": 0,
                "extras": 0,
                "total": 0
              }
            },
            {
              "batter": "O Mondlane",
              "bowler": "J Nkomo",
              "non_striker": "M Matine",
              "runs": {
                "batter": 0,
                "extras": 0,
                "total": 0
              }
            },
            {
              "batter": "O Mondlane",
              "bowler": "J Nkomo",
              "non_striker": "M Matine",
              "runs": {
                "batter": 0,
                "extras": 0,
                "total": 0
              }
            },
            {
              "batter": "O Mondlane",
              "bowler": "J Nkomo",
              "non_striker": "M Matine",
              "runs": {
                "batter": 0,
                "extras": 0,
                "total": 0
              },
              "wickets": [
                {
                  "player_out": "O Mondlane",
                  "kind": "bowled"
                }
              ]
            },
            {
              "batter": "R Haiong",
              "bowler": "J Nkomo",
              "non_striker": "M Matine",
              "runs": {
                "batter": 0,
                "extras": 0,
                "total": 0
              }
            }
          ]
        },
        {
          "over": 1,
          "deliveries": [
            {
              "batter": "M Matine",
              "bowler": "T Granger",
              "non_striker": "R Haiong",
              "runs": {
                "batter": 1,
                "extras": 0,
                "total": 1
              }
            },
            {
              "batter": "R Haiong",
              "bowler": "T Granger",
              "non_striker": "M Matine",
              "runs": {
                "batter": 0,
                "extras": 0,
                "total": 0
              }
            },
            {
              "batter": "R Haiong",
              "bowler": "T Granger",
              "non_striker": "M Matine",
              "runs": {
                "batter": 0,
                "extras": 0,
                "total": 0
              }
            },
            {
              "batter": "R Haiong",
              "bowler": "T Granger",
              "non_striker": "M Matine",
              "runs": {
                "batter": 0,
                "extras": 0,
                "total": 0
              }
            },
            {
              "batter": "R Haiong",
              "bowler": "T Granger",
              "non_striker": "M Matine",
              "runs": {
                "batter": 0,
                "extras": 0,
                "total": 0
              }
            },
            {
              "batter": "R Haiong",
              "bowler": "T Granger",
              "extras": {
                "wides": 1
              },
              "non_striker": "M Matine",
              "runs": {
                "batter": 0,
                "extras": 1,
                "total": 1
              }
            },
            {
              "batter": "R Haiong",
              "bowler": "T Granger",
              "non_striker": "M Matine",
              "runs": {
                "batter": 1,
                "extras": 0,
                "total": 1
              }
            }
          ]
        },
        {
          "over": 2,
          "deliveries": [
            {
              "batter": "R Haiong",
              "bowler": "J Nkomo",
              "non_striker": "M Matine",
              "runs": {
                "batter": 0,
                "extras": 0,
                "total": 0
              }
            },
            {
              "batter": "R Haiong",
              "bowler": "J Nkomo",
              "non_striker": "M Matine",
              "runs": {
                "batter": 1,
                "extras": 0,
                "total": 1
              },
              "wickets": [
                {
                  "player_out": "M Matine",
                  "kind": "run out"
                }
              ]
            },
            {
              "batter": "R Haiong",
              "bowler": "J Nkomo",
              "non_striker": "C Murrombe",
              "runs": {
                "batter": 0,
                "extras": 0,
                "total": 0
              }
            },
            {
              "batter": "R Haiong",
              "bowler": "J Nkomo",
              "non_striker": "C Murrombe",
              "runs": {
                "batter": 1,
                "extras": 0,
                "total": 1
              }
            },
            {
              "batter": "C Murrombe",
              "bowler": "J Nkomo",
              "non_striker": "R Haiong",
              "runs": {
                "batter": 0,
                "extras": 0,
                "total": 0
              }
            },
            {
              "batter": "C Murrombe",
              "bowler": "J Nkomo",
              "non_striker": "R Haiong",
              "runs": {
                "batter": 0,
                "extras": 0,
                "total": 0
              }
            }
          ]
        },
        {
          "over": 3,
          "deliveries": [
            {
              "batter": "R Haiong",
              "bowler": "T Granger",
              "non_striker": "C Murrombe",
              "runs": {
                "batter": 0,
                "extras": 0,
                "total": 0
              }
            },
            {
              "batter": "R Haiong",
              "bowler": "T Granger",
              "non_striker": "C Murrombe",
              "runs": {
                "batter": 0,
                "extras": 0,
                "total": 0
              }
            },
            {
              "batter": "R Haiong",
              "bowler": "T Granger",
              "non_striker": "C Murrombe",
              "runs": {
                "batter": 0,
                "extras": 0,
                "total": 0
              }
            },
            {
              "batter": "R Haiong",
              "bowler": "T Granger",
              "non_striker": "C Murrombe",
              "runs": {
                "batter": 0,
                "extras": 0,
                "total": 0
              }
            },
            {
              "batter": "R Haiong",
              "bowler": "T Granger",
              "non_striker": "C Murrombe",
              "runs": {
                "batter": 0,
                "extras": 0,
                "total": 0
              }
            },
            {
              "batter": "R Haiong",
              "bowler": "T Granger",
              "non_striker": "C Murrombe",
              "runs": {
                "batter": 1,
                "extras": 0,
                "total": 1
              }
            }
          ]
        },
        {
          "over": 4,
          "deliveries": [
            {
              "batter": "R Haiong",
              "bowler": "A Mazvishaya",
              "extras": {
                "wides": 1
              },
              "non_striker": "C Murrombe",
              "runs": {
                "batter": 0,
                "extras": 1,
                "total": 1
              }
            },
            {
              "batter": "R Haiong",
              "bowler": "A Mazvishaya",
              "non_striker": "C Murrombe",
              "runs": {
                "batter": 0,
                "extras": 0,
                "total": 0
              },
              "wickets": [
                {
                  "player_out": "R Haiong",
                  "fielders": [
                    {
                      "name": "M Mupachikwa"
                    }
                  ],
                  "kind": "caught"
                }
              ]
            },
            {
              "batter": "P Cuinica",
              "bowler": "A Mazvishaya",
              "non_striker": "C Murrombe",
              "runs": {
                "batter": 1,
                "extras": 0,
                "total": 1
              }
            },
            {
              "batter": "C Murrombe",
              "bowler": "A Mazvishaya",
              "non_striker": "P Cuinica",
              "runs": {
                "batter": 0,
                "extras": 0,
                "total": 0
              }
            },
            {
              "batter": "C Murrombe",
              "bowler": "A Mazvishaya",
              "non_striker": "P Cuinica",
              "runs": {
                "batter": 0,
                "extras": 0,
                "total": 0
              }
            },
            {
              "batter": "C Murrombe",
              "bowler": "A Mazvishaya",
              "non_striker": "P Cuinica",
              "runs": {
                "batter": 0,
                "extras": 0,
                "total": 0
              }
            },
            {
              "batter": "C Murrombe",
              "bowler": "A Mazvishaya",
              "non_striker": "P Cuinica",
              "runs": {
                "batter": 0,
                "extras": 0,
                "total": 0
              }
            }
          ]
        },
        {
          "over": 5,
          "deliveries": [
            {
              "batter": "P Cuinica",
              "bowler": "AC Mushangwe",
              "non_striker": "C Murrombe",
              "runs": {
                "batter": 1,
                "extras": 0,
                "total": 1
              }
            },
            {
              "batter": "C Murrombe",
              "bowler": "AC Mushangwe",
              "non_striker": "P Cuinica",
              "runs": {
                "batter": 0,
                "extras": 0,
                "total": 0
              }
            },
            {
              "batter": "C Murrombe",
              "bowler": "AC Mushangwe",
              "non_striker": "P Cuinica",
              "runs": {
                "batter": 1,
                "extras": 0,
                "total": 1
              }
            },
            {
              "batter": "P Cuinica",
              "bowler": "AC Mushangwe",
              "non_striker": "C Murrombe",
              "runs": {
                "batter": 0,
                "extras": 0,
                "total": 0
              }
            },
            {
              "batter": "P Cuinica",
              "bowler": "AC Mushangwe",
              "non_striker": "C Murrombe",
              "runs": {
                "batter": 0,
                "extras": 0,
                "total": 0
              }
            },
            {
              "batter": "P Cuinica",
              "bowler": "AC Mushangwe",
              "non_striker": "C Murrombe",
              "runs": {
                "batter": 2,
                "extras": 0,
                "total": 2
              }
            }
          ]
        },
        {
          "over": 6,
          "deliveries": [
            {
              "batter": "C Murrombe",
              "bowler": "A Mazvishaya",
              "non_striker": "P Cuinica",
              "runs": {
                "batter": 0,
                "extras": 0,
                "total": 0
              }
            },
            {
              "batter": "C Murrombe",
              "bowler": "A Mazvishaya",
              "non_striker": "P Cuinica",
              "runs": {
                "batter": 0,
                "extras": 0,
                "total": 0
              }
            },
            {
              "batter": "C Murrombe",
              "bowler": "A Mazvishaya",
              "non_striker": "P Cuinica",
              "runs": {
                "batter": 1,
                "extras": 0,
                "total": 1
              }
            },
            {
              "batter": "P Cuinica",
              "bowler": "A Mazvishaya",
              "non_striker": "C Murrombe",
              "runs": {
                "batter": 0,
                "extras": 0,
                "total": 0
              }
            },
            {
              "batter": "P Cuinica",
              "bowler": "A Mazvishaya",
              "non_striker": "C Murrombe",
              "runs": {
                "batter": 1,
                "extras": 0,
                "total": 1
              }
            },
            {
              "batter": "C Murrombe",
              "bowler": "A Mazvishaya",
              "non_striker": "P Cuinica",
              "runs": {
                "batter": 0,
                "extras": 0,
                "total": 0
              }
            }
          ]
        },
        {
          "over": 7,
          "deliveries": [
            {
              "batter": "P Cuinica",
              "bowler": "AC Mushangwe",
              "non_striker": "C Murrombe",
              "runs": {
                "batter": 0,
                "extras": 0,
                "total": 0
              }
            },
            {
              "batter": "P Cuinica",
              "bowler": "AC Mushangwe",
              "non_striker": "C Murrombe",
              "runs": {
                "batter": 1,
                "extras": 0,
                "total": 1
              }
            },
            {
              "batter": "C Murrombe",
              "bowler": "AC Mushangwe",
              "non_striker": "P Cuinica",
              "runs": {
                "batter": 1,
                "extras": 0,
                "total": 1
              }
            },
            {
              "batter": "P Cuinica",
              "bowler": "AC Mushangwe",
              "non_striker": "C Murrombe",
              "runs": {
                "batter": 0,
                "extras": 0,
                "total": 0
              }
            },
            {
              "batter": "P Cuinica",
              "bowler": "AC Mushangwe",
              "non_striker": "C Murrombe",
              "runs": {
                "batter": 0,
                "extras": 0,
                "total": 0
              }
            },
            {
              "batter": "P Cuinica",
              "bowler": "AC Mushangwe",
              "non_striker": "C Murrombe",
              "runs": {
                "batter": 0,
                "extras": 0,
                "total": 0
              }
            }
          ]
        },
        {
          "over": 8,
          "deliveries": [
            {
              "batter": "C Murrombe",
              "bowler": "P Marange",
              "non_striker": "P Cuinica",
              "runs": {
                "batter": 0,
                "extras": 0,
                "total": 0
              }
            },
            {
              "batter": "C Murrombe",
              "bowler": "P Marange",
              "non_striker": "P Cuinica",
              "runs": {
                "batter": 0,
                "extras": 0,
                "total": 0
              }
            },
            {
              "batter": "C Murrombe",
              "bowler": "P Marange",
              "non_striker": "P Cuinica",
              "runs": {
                "batter": 0,
                "extras": 0,
                "total": 0
              },
              "wickets": [
                {
                  "player_out": "P Cuinica",
                  "kind": "run out"
                }
              ]
            },
            {
              "batter": "C Murrombe",
              "bowler": "P Marange",
              "non_striker": "F Guirrugo",
              "runs": {
                "batter": 0,
                "extras": 0,
                "total": 0
              }
            },
            {
              "batter": "C Murrombe",
              "bowler": "P Marange",
              "non_striker": "F Guirrugo",
              "runs": {
                "batter": 0,
                "extras": 0,
                "total": 0
              }
            },
            {
              "batter": "C Murrombe",
              "bowler": "P Marange",
              "non_striker": "F Guirrugo",
              "runs": {
                "batter": 0,
                "extras": 0,
                "total": 0
              }
            }
          ]
        },
        {
          "over": 9,
          "deliveries": [
            {
              "batter": "F Guirrugo",
              "bowler": "L Phiri",
              "non_striker": "C Murrombe",
              "runs": {
                "batter": 0,
                "extras": 0,
                "total": 0
              }
            },
            {
              "batter": "F Guirrugo",
              "bowler": "L Phiri",
              "non_striker": "C Murrombe",
              "runs": {
                "batter": 0,
                "extras": 0,
                "total": 0
              }
            },
            {
              "batter": "F Guirrugo",
              "bowler": "L Phiri",
              "non_striker": "C Murrombe",
              "runs": {
                "batter": 0,
                "extras": 0,
                "total": 0
              }
            },
            {
              "batter": "F Guirrugo",
              "bowler": "L Phiri",
              "non_striker": "C Murrombe",
              "runs": {
                "batter": 0,
                "extras": 0,
                "total": 0
              }
            },
            {
              "batter": "F Guirrugo",
              "bowler": "L Phiri",
              "non_striker": "C Murrombe",
              "runs": {
                "batter": 0,
                "extras": 0,
                "total": 0
              }
            },
            {
              "batter": "F Guirrugo",
              "bowler": "L Phiri",
              "non_striker": "C Murrombe",
              "runs": {
                "batter": 0,
                "extras": 0,
                "total": 0
              }
            }
          ]
        },
        {
          "over": 10,
          "deliveries": [
            {
              "batter": "C Murrombe",
              "bowler": "P Marange",
              "non_striker": "F Guirrugo",
              "runs": {
                "batter": 0,
                "extras": 0,
                "total": 0
              }
            },
            {
              "batter": "C Murrombe",
              "bowler": "P Marange",
              "non_striker": "F Guirrugo",
              "runs": {
                "batter": 0,
                "extras": 0,
                "total": 0
              }
            },
            {
              "batter": "C Murrombe",
              "bowler": "P Marange",
              "non_striker": "F Guirrugo",
              "runs": {
                "batter": 0,
                "extras": 0,
                "total": 0
              },
              "wickets": [
                {
                  "player_out": "C Murrombe",
                  "kind": "bowled"
                }
              ]
            },
            {
              "batter": "J Sainda",
              "bowler": "P Marange",
              "non_striker": "F Guirrugo",
              "runs": {
                "batter": 0,
                "extras": 0,
                "total": 0
              }
            },
            {
              "batter": "J Sainda",
              "bowler": "P Marange",
              "non_striker": "F Guirrugo",
              "runs": {
                "batter": 0,
                "extras": 0,
                "total": 0
              }
            },
            {
              "batter": "J Sainda",
              "bowler": "P Marange",
              "non_striker": "F Guirrugo",
              "runs": {
                "batter": 0,
                "extras": 0,
                "total": 0
              }
            }
          ]
        },
        {
          "over": 11,
          "deliveries": [
            {
              "batter": "F Guirrugo",
              "bowler": "L Phiri",
              "non_striker": "J Sainda",
              "runs": {
                "batter": 4,
                "extras": 0,
                "total": 4
              }
            },
            {
              "batter": "F Guirrugo",
              "bowler": "L Phiri",
              "non_striker": "J Sainda",
              "runs": {
                "batter": 0,
                "extras": 0,
                "total": 0
              }
            },
            {
              "batter": "F Guirrugo",
              "bowler": "L Phiri",
              "extras": {
                "wides": 1
              },
              "non_striker": "J Sainda",
              "runs": {
                "batter": 0,
                "extras": 1,
                "total": 1
              }
            },
            {
              "batter": "F Guirrugo",
              "bowler": "L Phiri",
              "non_striker": "J Sainda",
              "runs": {
                "batter": 1,
                "extras": 0,
                "total": 1
              }
            },
            {
              "batter": "J Sainda",
              "bowler": "L Phiri",
              "non_striker": "F Guirrugo",
              "runs": {
                "batter": 0,
                "extras": 0,
                "total": 0
              }
            },
            {
              "batter": "J Sainda",
              "bowler": "L Phiri",
              "non_striker": "F Guirrugo",
              "runs": {
                "batter": 0,
                "extras": 0,
                "total": 0
              }
            },
            {
              "batter": "J Sainda",
              "bowler": "L Phiri",
              "non_striker": "F Guirrugo",
              "runs": {
                "batter": 0,
                "extras": 0,
                "total": 0
              }
            }
          ]
        },
        {
          "over": 12,
          "deliveries": [
            {
              "batter": "F Guirrugo",
              "bowler": "P Marange",
              "non_striker": "J Sainda",
              "runs": {
                "batter": 0,
                "extras": 0,
                "total": 0
              }
            },
            {
              "batter": "F Guirrugo",
              "bowler": "P Marange",
              "non_striker": "J Sainda",
              "runs": {
                "batter": 2,
                "extras": 0,
                "total": 2
              }
            },
            {
              "batter": "F Guirrugo",
              "bowler": "P Marange",
              "non_striker": "J Sainda",
              "runs": {
                "batter": 0,
                "extras": 0,
                "total": 0
              }
            },
            {
              "batter": "F Guirrugo",
              "bowler": "P Marange",
              "non_striker": "J Sainda",
              "runs": {
                "batter": 0,
                "extras": 0,
                "total": 0
              }
            },
            {
              "batter": "F Guirrugo",
              "bowler": "P Marange",
              "non_striker": "J Sainda",
              "runs": {
                "batter": 0,
                "extras": 0,
                "total": 0
              }
            },
            {
              "batter": "F Guirrugo",
              "bowler": "P Marange",
              "non_striker": "J Sainda",
              "runs": {
                "batter": 0,
                "extras": 0,
                "total": 0
              }
            }
          ]
        },
        {
          "over": 13,
          "deliveries": [
            {
              "batter": "J Sainda",
              "bowler": "AC Mushangwe",
              "non_striker": "F Guirrugo",
              "runs": {
                "batter": 0,
                "extras": 0,
                "total": 0
              }
            },
            {
              "batter": "J Sainda",
              "bowler": "AC Mushangwe",
              "non_striker": "F Guirrugo",
              "runs": {
                "batter": 0,
                "extras": 0,
                "total": 0
              }
            },
            {
              "batter": "J Sainda",
              "bowler": "AC Mushangwe",
              "non_striker": "F Guirrugo",
              "runs": {
                "batter": 0,
                "extras": 0,
                "total": 0
              }
            },
            {
              "batter": "J Sainda",
              "bowler": "AC Mushangwe",
              "non_striker": "F Guirrugo",
              "runs": {
                "batter": 0,
                "extras": 0,
                "total": 0
              }
            },
            {
              "batter": "J Sainda",
              "bowler": "AC Mushangwe",
              "non_striker": "F Guirrugo",
              "runs": {
                "batter": 0,
                "extras": 0,
                "total": 0
              }
            },
            {
              "batter": "J Sainda",
              "bowler": "AC Mushangwe",
              "non_striker": "F Guirrugo",
              "runs": {
                "batter": 0,
                "extras": 0,
                "total": 0
              }
            }
          ]
        },
        {
          "over": 14,
          "deliveries": [
            {
              "batter": "F Guirrugo",
              "bowler": "P Marange",
              "non_striker": "J Sainda",
              "runs": {
                "batter": 0,
                "extras": 0,
                "total": 0
              }
            },
            {
              "batter": "F Guirrugo",
              "bowler": "P Marange",
              "non_striker": "J Sainda",
              "runs": {
                "batter": 0,
                "extras": 0,
                "total": 0
              }
            },
            {
              "batter": "F Guirrugo",
              "bowler": "P Marange",
              "non_striker": "J Sainda",
              "runs": {
                "batter": 0,
                "extras": 0,
                "total": 0
              },
              "wickets": [
                {
                  "player_out": "F Guirrugo",
                  "kind": "lbw"
                }
              ]
            },
            {
              "batter": "C Magaia",
              "bowler": "P Marange",
              "non_striker": "J Sainda",
              "runs": {
                "batter": 0,
                "extras": 0,
                "total": 0
              }
            },
            {
              "batter": "C Magaia",
              "bowler": "P Marange",
              "non_striker": "J Sainda",
              "runs": {
                "batter": 2,
                "extras": 0,
                "total": 2
              }
            },
            {
              "batter": "C Magaia",
              "bowler": "P Marange",
              "non_striker": "J Sainda",
              "runs": {
                "batter": 1,
                "extras": 0,
                "total": 1
              }
            }
          ]
        },
        {
          "over": 15,
          "deliveries": [
            {
              "batter": "C Magaia",
              "bowler": "AC Mushangwe",
              "non_striker": "J Sainda",
              "runs": {
                "batter": 2,
                "extras": 0,
                "total": 2
              }
            },
            {
              "batter": "C Magaia",
              "bowler": "AC Mushangwe",
              "non_striker": "J Sainda",
              "runs": {
                "batter": 0,
                "extras": 0,
                "total": 0
              }
            },
            {
              "batter": "C Magaia",
              "bowler": "AC Mushangwe",
              "non_striker": "J Sainda",
              "runs": {
                "batter": 0,
                "extras": 0,
                "total": 0
              }
            },
            {
              "batter": "C Magaia",
              "bowler": "AC Mushangwe",
              "non_striker": "J Sainda",
              "runs": {
                "batter": 0,
                "extras": 0,
                "total": 0
              }
            },
            {
              "batter": "C Magaia",
              "bowler": "AC Mushangwe",
              "non_striker": "J Sainda",
              "runs": {
                "batter": 0,
                "extras": 0,
                "total": 0
              }
            },
            {
              "batter": "C Magaia",
              "bowler": "AC Mushangwe",
              "non_striker": "J Sainda",
              "runs": {
                "batter": 0,
                "extras": 0,
                "total": 0
              },
              "wickets": [
                {
                  "player_out": "C Magaia",
                  "fielders": [
                    {
                      "name": "M Musonda"
                    }
                  ],
                  "kind": "caught"
                }
              ]
            }
          ]
        },
        {
          "over": 16,
          "deliveries": [
            {
              "batter": "I Chuma",
              "bowler": "A Mazvishaya",
              "non_striker": "J Sainda",
              "runs": {
                "batter": 0,
                "extras": 0,
                "total": 0
              }
            },
            {
              "batter": "I Chuma",
              "bowler": "A Mazvishaya",
              "non_striker": "J Sainda",
              "runs": {
                "batter": 0,
                "extras": 0,
                "total": 0
              },
              "wickets": [
                {
                  "player_out": "I Chuma",
                  "kind": "lbw"
                }
              ]
            },
            {
              "batter": "O Matsolo",
              "bowler": "A Mazvishaya",
              "non_striker": "J Sainda",
              "runs": {
                "batter": 0,
                "extras": 0,
                "total": 0
              }
            },
            {
              "batter": "O Matsolo",
              "bowler": "A Mazvishaya",
              "non_striker": "J Sainda",
              "runs": {
                "batter": 0,
                "extras": 0,
                "total": 0
              }
            },
            {
              "batter": "O Matsolo",
              "bowler": "A Mazvishaya",
              "non_striker": "J Sainda",
              "runs": {
                "batter": 0,
                "extras": 0,
                "total": 0
              }
            },
            {
              "batter": "O Matsolo",
              "bowler": "A Mazvishaya",
              "non_striker": "J Sainda",
              "runs": {
                "batter": 0,
                "extras": 0,
                "total": 0
              }
            }
          ]
        },
        {
          "over": 17,
          "deliveries": [
            {
              "batter": "J Sainda",
              "bowler": "J Nkomo",
              "extras": {
                "wides": 1
              },
              "non_striker": "O Matsolo",
              "runs": {
                "batter": 0,
                "extras": 1,
                "total": 1
              }
            },
            {
              "batter": "J Sainda",
              "bowler": "J Nkomo",
              "extras": {
                "wides": 1
              },
              "non_striker": "O Matsolo",
              "runs": {
                "batter": 0,
                "extras": 1,
                "total": 1
              }
            },
            {
              "batter": "J Sainda",
              "bowler": "J Nkomo",
              "non_striker": "O Matsolo",
              "runs": {
                "batter": 0,
                "extras": 0,
                "total": 0
              }
            },
            {
              "batter": "J Sainda",
              "bowler": "J Nkomo",
              "non_striker": "O Matsolo",
              "runs": {
                "batter": 0,
                "extras": 0,
                "total": 0
              }
            },
            {
              "batter": "J Sainda",
              "bowler": "J Nkomo",
              "extras": {
                "wides": 2
              },
              "non_striker": "O Matsolo",
              "runs": {
                "batter": 0,
                "extras": 2,
                "total": 2
              }
            },
            {
              "batter": "O Matsolo",
              "bowler": "J Nkomo",
              "non_striker": "J Sainda",
              "runs": {
                "batter": 0,
                "extras": 0,
                "total": 0
              }
            },
            {
              "batter": "O Matsolo",
              "bowler": "J Nkomo",
              "non_striker": "J Sainda",
              "runs": {
                "batter": 0,
                "extras": 0,
                "total": 0
              }
            },
            {
              "batter": "O Matsolo",
              "bowler": "J Nkomo",
              "non_striker": "J Sainda",
              "runs": {
                "batter": 0,
                "extras": 0,
                "total": 0
              }
            },
            {
              "batter": "O Matsolo",
              "bowler": "J Nkomo",
              "non_striker": "J Sainda",
              "runs": {
                "batter": 0,
                "extras": 0,
                "total": 0
              }
            }
          ]
        },
        {
          "over": 18,
          "deliveries": [
            {
              "batter": "J Sainda",
              "bowler": "A Mazvishaya",
              "non_striker": "O Matsolo",
              "runs": {
                "batter": 0,
                "extras": 0,
                "total": 0
              }
            },
            {
              "batter": "J Sainda",
              "bowler": "A Mazvishaya",
              "non_striker": "O Matsolo",
              "runs": {
                "batter": 0,
                "extras": 0,
                "total": 0
              }
            },
            {
              "batter": "J Sainda",
              "bowler": "A Mazvishaya",
              "non_striker": "O Matsolo",
              "runs": {
                "batter": 0,
                "extras": 0,
                "total": 0
              }
            },
            {
              "batter": "J Sainda",
              "bowler": "A Mazvishaya",
              "non_striker": "O Matsolo",
              "runs": {
                "batter": 0,
                "extras": 0,
                "total": 0
              }
            },
            {
              "batter": "J Sainda",
              "bowler": "A Mazvishaya",
              "non_striker": "O Matsolo",
              "runs": {
                "batter": 0,
                "extras": 0,
                "total": 0
              }
            },
            {
              "batter": "J Sainda",
              "bowler": "A Mazvishaya",
              "extras": {
                "wides": 1
              },
              "non_striker": "O Matsolo",
              "runs": {
                "batter": 0,
                "extras": 1,
                "total": 1
              }
            },
            {
              "batter": "J Sainda",
              "bowler": "A Mazvishaya",
              "non_striker": "O Matsolo",
              "runs": {
                "batter": 0,
                "extras": 0,
                "total": 0
              }
            }
          ]
        },
        {
          "over": 19,
          "deliveries": [
            {
              "batter": "O Matsolo",
              "bowler": "J Nkomo",
              "non_striker": "J Sainda",
              "runs": {
                "batter": 1,
                "extras": 0,
                "total": 1
              }
            },
            {
              "batter": "J Sainda",
              "bowler": "J Nkomo",
              "non_striker": "O Matsolo",
              "runs": {
                "batter": 0,
                "extras": 0,
                "total": 0
              },
              "wickets": [
                {
                  "player_out": "J Sainda",
                  "kind": "lbw"
                }
              ]
            }
          ]
        }
      ],
      "powerplays": [
        {
          "from": 0.1,
          "to": 5.6,
          "type": "mandatory"
        }
      ],
      "target": {
        "overs": 20,
        "runs": 199
      }
    }
  ]
}