{
  "meta": {
    "data_version": "1.0.0",
    "created": "2019-10-20",
    "revision": 1
  },
  "info": {
    "balls_per_over": 6,
    "city": "Harare",
    "dates": [
      "2019-05-11"
    ],
    "event": {
      "name": "ICC Women's T20 World Cup Africa Region Qualifier",
      "group": "A"
    },
    "gender": "female",
    "match_type": "T20",
    "match_type_number": 653,
    "officials": {
      "match_referees": [
        "O Chirombe"
      ],
      "reserve_umpires": [
        "L Agenburg"
      ],
      "umpires": [
        "R D'Mello",
        "Patric Makumbi"
      ]
    },
    "outcome": {
      "winner": "Zimbabwe",
      "by": {
        "wickets": 10
      }
    },
    "overs": 20,
    "player_of_match": [
      "N Mutasa"
    ],
    "players": {
      "Nigeria": [
        "B Nwobodo",
        "H Ayoka",
        "S Agazuma",
        "A Obulor",
        "F Fyneface",
        "G Ephraim",
        "OS Oyronke",
        "M Desmond",
        "B Etim",
        "T Abdulquadri",
        "R Samson"
      ],
      "Zimbabwe": [
        "A Ndiraya",
        "SM Mayers",
        "CS Mugeri",
        "M Musonda",
        "AC Mushangwe",
        "L Phiri",
        "J Nkomo",
        "P Marange",
        "CT Dhururu",
        "N Sibanda",
        "N Mutasa"
      ]
    },
    "registry": {
      "people": {
        "A Ndiraya": "c8e6bddd",
        "A Obulor": "abba64cd",
        "AC Mushangwe": "db873292",
        "B Etim": "11d0079f",
        "B Nwobodo": "dcaba1ce",
        "CS Mugeri": "99c86133",
        "CT Dhururu": "8d7fba79",
        "F Fyneface": "1ef9efc3",
        "G Ephraim": "60cc2fcb",
        "H Ayoka": "b40783c8",
        "J Nkomo": "36dfa62e",
        "L Agenburg": "1cd4d0e7",
        "L Phiri": "cca8bdca",
        "M Desmond": "7ec52f4a",
        "M Musonda": "94b52754",
        "N Mutasa": "b5341b28",
        "N Sibanda": "edf62a25",
        "O Chirombe": "6345307f",
        "OS Oyronke": "b05a1477",
        "P Marange": "a4f1fdd4",
        "Patric Makumbi": "e4c69c16",
        "R D'Mello": "f3c22863",
        "R Samson": "e63c08e9",
        "S Agazuma": "76ba3f78",
        "SM Mayers": "91d9613e",
        "T Abdulquadri": "bc44071a"
      }
    },
    "season": "2019",
    "team_type": "international",
    "teams": [
      "Zimbabwe",
      "Nigeria"
    ],
    "toss": {
      "decision": "bat",
      "winner": "Nigeria"
    },
    "venue": "Old Hararians"
  },
  "innings": [
    {
      "team": "Nigeria",
      "overs": [
        {
          "over": 0,
          "deliveries": [
            {
              "batter": "B Nwobodo",
              "bowler": "N Sibanda",
              "extras": {
                "wides": 2
              },
              "non_striker": "H Ayoka",
              "runs": {
                "batter": 0,
                "extras": 2,
                "total": 2
              }
            },
            {
              "batter": "H Ayoka",
              "bowler": "N Sibanda",
              "extras": {
                "wides": 1
              },
              "non_striker": "B Nwobodo",
              "runs": {
                "batter": 0,
                "extras": 1,
                "total": 1
              }
            },
            {
              "batter": "H Ayoka",
              "bowler": "N Sibanda",
              "non_striker": "B Nwobodo",
              "runs": {
                "batter": 1,
                "extras": 0,
                "total": 1
              }
            },
            {
              "batter": "B Nwobodo",
              "bowler": "N Sibanda",
              "non_striker": "H Ayoka",
              "runs": {
                "batter": 0,
                "extras": 0,
                "total": 0
              }
            },
            {
              "batter": "B Nwobodo",
              "bowler": "N Sibanda",
              "non_striker": "H Ayoka",
              "runs": {
                "batter": 0,
                "extras": 0,
                "total": 0
              }
            },
            {
              "batter": "B Nwobodo",
              "bowler": "N Sibanda",
              "non_striker": "H Ayoka",
              "runs": {
                "batter": 0,
                "extras": 0,
                "total": 0
              }
            },
            {
              "batter": "B Nwobodo",
              "bowler": "N Sibanda",
              "non_striker": "H Ayoka",
              "runs": {
                "batter": 2,
                "extras": 0,
                "total": 2
              }
            },
            {
              "batter": "B Nwobodo",
              "bowler": "N Sibanda",
              "non_striker": "H Ayoka",
              "runs": {
                "batter": 0,
                "extras": 0,
                "total": 0
              }
            }
          ]
        },
        {
          "over": 1,
          "deliveries": [
            {
              "batter": "H Ayoka",
              "bowler": "J Nkomo",
              "non_striker": "B Nwobodo",
              "runs": {
                "batter": 2,
                "extras": 0,
                "total": 2
              }
            },
            {
              "batter": "H Ayoka",
              "bowler": "J Nkomo",
              "non_striker": "B Nwobodo",
              "runs": {
                "batter": 0,
                "extras": 0,
                "total": 0
              }
            },
            {
              "batter": "H Ayoka",
              "bowler": "J Nkomo",
              "extras": {
                "wides": 1
              },
              "non_striker": "B Nwobodo",
              "runs": {
                "batter": 0,
                "extras": 1,
                "total": 1
              }
            },
            {
              "batter": "H Ayoka",
              "bowler": "J Nkomo",
              "extras": {
                "wides": 1
              },
              "non_striker": "B Nwobodo",
              "runs": {
                "batter": 0,
                "extras": 1,
                "total": 1
              }
            },
            {
              "batter": "H Ayoka",
              "bowler": "J Nkomo",
              "non_striker": "B Nwobodo",
              "runs": {
                "batter": 1,
                "extras": 0,
                "total": 1
              }
            },
            {
              "batter": "B Nwobodo",
              "bowler": "J Nkomo",
              "non_striker": "H Ayoka",
              "runs": {
                "batter": 2,
                "extras": 0,
                "total": 2
              }
            },
            {
              "batter": "B Nwobodo",
              "bowler": "J Nkomo",
              "non_striker": "H Ayoka",
              "runs": {
                "batter": 0,
                "extras": 0,
                "total": 0
              }
            },
            {
              "batter": "B Nwobodo",
              "bowler": "J Nkomo",
              "non_striker": "H Ayoka",
              "runs": {
                "batter": 1,
                "extras": 0,
                "total": 1
              }
            }
          ]
        },
        {
          "over": 2,
          "deliveries": [
            {
              "batter": "B Nwobodo",
              "bowler": "N Sibanda",
              "non_striker": "H Ayoka",
              "runs": {
                "batter": 0,
                "extras": 0,
                "total": 0
              }
            },
            {
              "batter": "B Nwobodo",
              "bowler": "N Sibanda",
              "non_striker": "H Ayoka",
              "runs": {
                "batter": 2,
                "extras": 0,
                "total": 2
              }
            },
            {
              "batter": "B Nwobodo",
              "bowler": "N Sibanda",
              "non_striker": "H Ayoka",
              "runs": {
                "batter": 1,
                "extras": 0,
                "total": 1
              }
            },
            {
              "batter": "H Ayoka",
              "bowler": "N Sibanda",
              "non_striker": "B Nwobodo",
              "runs": {
                "batter": 0,
                "extras": 0,
                "total": 0
              },
              "wickets": [
                {
                  "kind": "caught",
                  "player_out": "H Ayoka",
                  "fielders": [
                    {
                      "name": "A Ndiraya"
                    }
                  ]
                }
              ]
            },
            {
              "batter": "S Agazuma",
              "bowler": "N Sibanda",
              "non_striker": "B Nwobodo",
              "runs": {
                "batter": 0,
                "extras": 0,
                "total": 0
              }
            },
            {
              "batter": "S Agazuma",
              "bowler": "N Sibanda",
              "non_striker": "B Nwobodo",
              "runs": {
                "batter": 0,
                "extras": 0,
                "total": 0
              }
            }
          ]
        },
        {
          "over": 3,
          "deliveries": [
            {
              "batter": "B Nwobodo",
              "bowler": "J Nkomo",
              "non_striker": "S Agazuma",
              "runs": {
                "batter": 0,
                "extras": 0,
                "total": 0
              }
            },
            {
              "batter": "B Nwobodo",
              "bowler": "J Nkomo",
              "non_striker": "S Agazuma",
              "runs": {
                "batter": 0,
                "extras": 0,
                "total": 0
              }
            },
            {
              "batter": "B Nwobodo",
              "bowler": "J Nkomo",
              "non_striker": "S Agazuma",
              "runs": {
                "batter": 0,
                "extras": 0,
                "total": 0
              }
            },
            {
              "batter": "B Nwobodo",
              "bowler": "J Nkomo",
              "non_striker": "S Agazuma",
              "runs": {
                "batter": 0,
                "extras": 0,
                "total": 0
              }
            },
            {
              "batter": "B Nwobodo",
              "bowler": "J Nkomo",
              "non_striker": "S Agazuma",
              "runs": {
                "batter": 0,
                "extras": 0,
                "total": 0
              }
            },
            {
              "batter": "B Nwobodo",
              "bowler": "J Nkomo",
              "non_striker": "S Agazuma",
              "runs": {
                "batter": 1,
                "extras": 0,
                "total": 1
              }
            }
          ]
        },
        {
          "over": 4,
          "deliveries": [
            {
              "batter": "B Nwobodo",
              "bowler": "N Mutasa",
              "non_striker": "S Agazuma",
              "runs": {
                "batter": 0,
                "extras": 0,
                "total": 0
              }
            },
            {
              "batter": "B Nwobodo",
              "bowler": "N Mutasa",
              "non_striker": "S Agazuma",
              "runs": {
                "batter": 0,
                "extras": 0,
                "total": 0
              }
            },
            {
              "batter": "B Nwobodo",
              "bowler": "N Mutasa",
              "extras": {
                "wides": 1
              },
              "non_striker": "S Agazuma",
              "runs": {
                "batter": 0,
                "extras": 1,
                "total": 1
              }
            },
            {
              "batter": "B Nwobodo",
              "bowler": "N Mutasa",
              "non_striker": "S Agazuma",
              "runs": {
                "batter": 0,
                "extras": 0,
                "total": 0
              }
            },
            {
              "batter": "B Nwobodo",
              "bowler": "N Mutasa",
              "non_striker": "S Agazuma",
              "runs": {
                "batter": 0,
                "extras": 0,
                "total": 0
              }
            },
            {
              "batter": "B Nwobodo",
              "bowler": "N Mutasa",
              "non_striker": "S Agazuma",
              "runs": {
                "batter": 0,
                "extras": 0,
                "total": 0
              }
            },
            {
              "batter": "B Nwobodo",
              "bowler": "N Mutasa",
              "non_striker": "S Agazuma",
              "runs": {
                "batter": 0,
                "extras": 0,
                "total": 0
              }
            }
          ]
        },
        {
          "over": 5,
          "deliveries": [
            {
              "batter": "S Agazuma",
              "bowler": "AC Mushangwe",
              "non_striker": "B Nwobodo",
              "runs": {
                "batter": 0,
                "extras": 0,
                "total": 0
              }
            },
            {
              "batter": "S Agazuma",
              "bowler": "AC Mushangwe",
              "non_striker": "B Nwobodo",
              "runs": {
                "batter": 0,
                "extras": 0,
                "total": 0
              }
            },
            {
              "batter": "S Agazuma",
              "bowler": "AC Mushangwe",
              "non_striker": "B Nwobodo",
              "runs": {
                "batter": 1,
                "extras": 0,
                "total": 1
              }
            },
            {
              "batter": "B Nwobodo",
              "bowler": "AC Mushangwe",
              "non_striker": "S Agazuma",
              "runs": {
                "batter": 1,
                "extras": 0,
                "total": 1
              }
            },
            {
              "batter": "S Agazuma",
              "bowler": "AC Mushangwe",
              "non_striker": "B Nwobodo",
              "runs": {
                "batter": 0,
                "extras": 0,
                "total": 0
              }
            },
            {
              "batter": "S Agazuma",
              "bowler": "AC Mushangwe",
              "non_striker": "B Nwobodo",
              "runs": {
                "batter": 0,
                "extras": 0,
                "total": 0
              },
              "wickets": [
                {
                  "kind": "run out",
                  "player_out": "S Agazuma"
                }
              ]
            }
          ]
        },
        {
          "over": 6,
          "deliveries": [
            {
              "batter": "B Nwobodo",
              "bowler": "N Mutasa",
              "non_striker": "A Obulor",
              "runs": {
                "batter": 0,
                "extras": 0,
                "total": 0
              }
            },
            {
              "batter": "B Nwobodo",
              "bowler": "N Mutasa",
              "non_striker": "A Obulor",
              "runs": {
                "batter": 2,
                "extras": 0,
                "total": 2
              }
            },
            {
              "batter": "B Nwobodo",
              "bowler": "N Mutasa",
              "non_striker": "A Obulor",
              "runs": {
                "batter": 0,
                "extras": 0,
                "total": 0
              }
            },
            {
              "batter": "B Nwobodo",
              "bowler": "N Mutasa",
              "non_striker": "A Obulor",
              "runs": {
                "batter": 0,
                "extras": 0,
                "total": 0
              }
            },
            {
              "batter": "B Nwobodo",
              "bowler": "N Mutasa",
              "non_striker": "A Obulor",
              "runs": {
                "batter": 0,
                "extras": 0,
                "total": 0
              },
              "wickets": [
                {
                  "kind": "caught",
                  "player_out": "B Nwobodo",
                  "fielders": [
                    {
                      "name": "M Musonda"
                    }
                  ]
                }
              ]
            },
            {
              "batter": "F Fyneface",
              "bowler": "N Mutasa",
              "non_striker": "A Obulor",
              "runs": {
                "batter": 0,
                "extras": 0,
                "total": 0
              },
              "wickets": [
                {
                  "kind": "lbw",
                  "player_out": "F Fyneface"
                }
              ]
            }
          ]
        },
        {
          "over": 7,
          "deliveries": [
            {
              "batter": "A Obulor",
              "bowler": "AC Mushangwe",
              "non_striker": "G Ephraim",
              "runs": {
                "batter": 1,
                "extras": 0,
                "total": 1
              }
            },
            {
              "batter": "G Ephraim",
              "bowler": "AC Mushangwe",
              "non_striker": "A Obulor",
              "runs": {
                "batter": 0,
                "extras": 0,
                "total": 0
              }
            },
            {
              "batter": "G Ephraim",
              "bowler": "AC Mushangwe",
              "non_striker": "A Obulor",
              "runs": {
                "batter": 0,
                "extras": 0,
                "total": 0
              }
            },
            {
              "batter": "G Ephraim",
              "bowler": "AC Mushangwe",
              "non_striker": "A Obulor",
              "runs": {
                "batter": 0,
                "extras": 0,
                "total": 0
              },
              "wickets": [
                {
                  "kind": "run out",
                  "player_out": "A Obulor"
                }
              ]
            },
            {
              "batter": "G Ephraim",
              "bowler": "AC Mushangwe",
              "non_striker": "OS Oyronke",
              "runs": {
                "batter": 0,
                "extras": 0,
                "total": 0
              }
            },
            {
              "batter": "G Ephraim",
              "bowler": "AC Mushangwe",
              "non_striker": "OS Oyronke",
              "runs": {
                "batter": 0,
                "extras": 0,
                "total": 0
              }
            }
          ]
        },
        {
          "over": 8,
          "deliveries": [
            {
              "batter": "OS Oyronke",
              "bowler": "N Mutasa",
              "non_striker": "G Ephraim",
              "runs": {
                "batter": 0,
                "extras": 0,
                "total": 0
              }
            },
            {
              "batter": "OS Oyronke",
              "bowler": "N Mutasa",
              "non_striker": "G Ephraim",
              "runs": {
                "batter": 0,
                "extras": 0,
                "total": 0
              }
            },
            {
              "batter": "OS Oyronke",
              "bowler": "N Mutasa",
              "extras": {
                "wides": 1
              },
              "non_striker": "G Ephraim",
              "runs": {
                "batter": 0,
                "extras": 1,
                "total": 1
              }
            },
            {
              "batter": "OS Oyronke",
              "bowler": "N Mutasa",
              "non_striker": "G Ephraim",
              "runs": {
                "batter": 0,
                "extras": 0,
                "total": 0
              }
            },
            {
              "batter": "OS Oyronke",
              "bowler": "N Mutasa",
              "non_striker": "G Ephraim",
              "runs": {
                "batter": 0,
                "extras": 0,
                "total": 0
              }
            },
            {
              "batter": "OS Oyronke",
              "bowler": "N Mutasa",
              "non_striker": "G Ephraim",
              "runs": {
                "batter": 0,
                "extras": 0,
                "total": 0
              },
              "wickets": [
                {
                  "kind": "bowled",
                  "player_out": "OS Oyronke"
                }
              ]
            },
            {
              "batter": "M Desmond",
              "bowler": "N Mutasa",
              "non_striker": "G Ephraim",
              "runs": {
                "batter": 0,
                "extras": 0,
                "total": 0
              },
              "wickets": [
                {
                  "kind": "caught",
                  "player_out": "M Desmond",
                  "fielders": [
                    {
                      "name": "J Nkomo"
                    }
                  ]
                }
              ]
            }
          ]
        },
        {
          "over": 9,
          "deliveries": [
            {
              "batter": "G Ephraim",
              "bowler": "AC Mushangwe",
              "non_striker": "B Etim",
              "runs": {
                "batter": 0,
                "extras": 0,
                "total": 0
              }
            },
            {
              "batter": "G Ephraim",
              "bowler": "AC Mushangwe",
              "non_striker": "B Etim",
              "runs": {
                "batter": 0,
                "extras": 0,
                "total": 0
              }
            },
            {
              "batter": "G Ephraim",
              "bowler": "AC Mushangwe",
              "non_striker": "B Etim",
              "runs": {
                "batter": 0,
                "extras": 0,
                "total": 0
              }
            },
            {
              "batter": "G Ephraim",
              "bowler": "AC Mushangwe",
              "non_striker": "B Etim",
              "runs": {
                "batter": 0,
                "extras": 0,
                "total": 0
              }
            },
            {
              "batter": "G Ephraim",
              "bowler": "AC Mushangwe",
              "non_striker": "B Etim",
              "runs": {
                "batter": 0,
                "extras": 0,
                "total": 0
              },
              "wickets": [
                {
                  "kind": "bowled",
                  "player_out": "G Ephraim"
                }
              ]
            },
            {
              "batter": "T Abdulquadri",
              "bowler": "AC Mushangwe",
              "non_striker": "B Etim",
              "runs": {
                "batter": 0,
                "extras": 0,
                "total": 0
              }
            }
          ]
        },
        {
          "over": 10,
          "deliveries": [
            {
              "batter": "B Etim",
              "bowler": "N Mutasa",
              "non_striker": "T Abdulquadri",
              "runs": {
                "batter": 2,
                "extras": 0,
                "total": 2
              }
            },
            {
              "batter": "B Etim",
              "bowler": "N Mutasa",
              "non_striker": "T Abdulquadri",
              "runs": {
                "batter": 0,
                "extras": 0,
                "total": 0
              }
            },
            {
              "batter": "B Etim",
              "bowler": "N Mutasa",
              "non_striker": "T Abdulquadri",
              "runs": {
                "batter": 0,
                "extras": 0,
                "total": 0
              }
            },
            {
              "batter": "B Etim",
              "bowler": "N Mutasa",
              "non_striker": "T Abdulquadri",
              "runs": {
                "batter": 2,
                "extras": 0,
                "total": 2
              }
            },
            {
              "batter": "B Etim",
              "bowler": "N Mutasa",
              "non_striker": "T Abdulquadri",
              "runs": {
                "batter": 0,
                "extras": 0,
                "total": 0
              }
            },
            {
              "batter": "B Etim",
              "bowler": "N Mutasa",
              "non_striker": "T Abdulquadri",
              "runs": {
                "batter": 1,
                "extras": 0,
                "total": 1
              }
            }
          ]
        },
        {
          "over": 11,
          "deliveries": [
            {
              "batter": "B Etim",
              "bowler": "AC Mushangwe",
              "non_striker": "T Abdulquadri",
              "runs": {
                "batter": 0,
                "extras": 0,
                "total": 0
              }
            },
            {
              "batter": "B Etim",
              "bowler": "AC Mushangwe",
              "non_striker": "T Abdulquadri",
              "runs": {
                "batter": 4,
                "extras": 0,
                "total": 4
              }
            },
            {
              "batter": "B Etim",
              "bowler": "AC Mushangwe",
              "non_striker": "T Abdulquadri",
              "runs": {
                "batter": 0,
                "extras": 0,
                "total": 0
              }
            },
            {
              "batter": "B Etim",
              "bowler": "AC Mushangwe",
              "non_striker": "T Abdulquadri",
              "runs": {
                "batter": 0,
                "extras": 0,
                "total": 0
              }
            },
            {
              "batter": "B Etim",
              "bowler": "AC Mushangwe",
              "non_striker": "T Abdulquadri",
              "runs": {
                "batter": 0,
                "extras": 0,
                "total": 0
              }
            },
            {
              "batter": "B Etim",
              "bowler": "AC Mushangwe",
              "extras": {
                "wides": 1
              },
              "non_striker": "T Abdulquadri",
              "runs": {
                "batter": 0,
                "extras": 1,
                "total": 1
              }
            },
            {
              "batter": "B Etim",
              "bowler": "AC Mushangwe",
              "non_striker": "T Abdulquadri",
              "runs": {
                "batter": 0,
                "extras": 0,
                "total": 0
              },
              "wickets": [
                {
                  "kind": "caught",
                  "player_out": "B Etim",
                  "fielders": [
                    {
                      "name": "CT Dhururu"
                    }
                  ]
                }
              ]
            }
          ]
        },
        {
          "over": 12,
          "deliveries": [
            {
              "batter": "T Abdulquadri",
              "bowler": "N Sibanda",
              "non_striker": "R Samson",
              "runs": {
                "batter": 0,
                "extras": 0,
                "total": 0
              },
              "wickets": [
                {
                  "kind": "run out",
                  "player_out": "R Samson"
                }
              ]
            }
          ]
        }
      ],
      "powerplays": [
        {
          "from": 0.1,
          "to": 5.6,
          "type": "mandatory"
        }
      ]
    },
    {
      "team": "Zimbabwe",
      "overs": [
        {
          "over": 0,
          "deliveries": [
            {
              "batter": "A Ndiraya",
              "bowler": "B Etim",
              "non_striker": "SM Mayers",
              "runs": {
                "batter": 1,
                "extras": 0,
                "total": 1
              }
            },
            {
              "batter": "SM Mayers",
              "bowler": "B Etim",
              "non_striker": "A Ndiraya",
              "runs": {
                "batter": 1,
                "extras": 0,
                "total": 1
              }
            },
            {
              "batter": "A Ndiraya",
              "bowler": "B Etim",
              "non_striker": "SM Mayers",
              "runs": {
                "batter": 0,
                "extras": 0,
                "total": 0
              }
            },
            {
              "batter": "A Ndiraya",
              "bowler": "B Etim",
              "non_striker": "SM Mayers",
              "runs": {
                "batter": 4,
                "extras": 0,
                "total": 4
              }
            },
            {
              "batter": "A Ndiraya",
              "bowler": "B Etim",
              "non_striker": "SM Mayers",
              "runs": {
                "batter": 1,
                "extras": 0,
                "total": 1
              }
            },
            {
              "batter": "SM Mayers",
              "bowler": "B Etim",
              "non_striker": "A Ndiraya",
              "runs": {
                "batter": 1,
                "extras": 0,
                "total": 1
              }
            }
          ]
        },
        {
          "over": 1,
          "deliveries": [
            {
              "batter": "SM Mayers",
              "bowler": "R Samson",
              "non_striker": "A Ndiraya",
              "runs": {
                "batter": 2,
                "extras": 0,
                "total": 2
              }
            },
            {
              "batter": "SM Mayers",
              "bowler": "R Samson",
              "non_striker": "A Ndiraya",
              "runs": {
                "batter": 1,
                "extras": 0,
                "total": 1
              }
            },
            {
              "batter": "A Ndiraya",
              "bowler": "R Samson",
              "non_striker": "SM Mayers",
              "runs": {
                "batter": 4,
                "extras": 0,
                "total": 4
              }
            },
            {
              "batter": "A Ndiraya",
              "bowler": "R Samson",
              "non_striker": "SM Mayers",
              "runs": {
                "batter": 0,
                "extras": 0,
                "total": 0
              }
            },
            {
              "batter": "A Ndiraya",
              "bowler": "R Samson",
              "non_striker": "SM Mayers",
              "runs": {
                "batter": 0,
                "extras": 0,
                "total": 0
              }
            },
            {
              "batter": "A Ndiraya",
              "bowler": "R Samson",
              "non_striker": "SM Mayers",
              "runs": {
                "batter": 1,
                "extras": 0,
                "total": 1
              }
            }
          ]
        },
        {
          "over": 2,
          "deliveries": [
            {
              "batter": "A Ndiraya",
              "bowler": "B Etim",
              "extras": {
                "wides": 1
              },
              "non_striker": "SM Mayers",
              "runs": {
                "batter": 0,
                "extras": 1,
                "total": 1
              }
            },
            {
              "batter": "A Ndiraya",
              "bowler": "B Etim",
              "non_striker": "SM Mayers",
              "runs": {
                "batter": 0,
                "extras": 0,
                "total": 0
              }
            },
            {
              "batter": "A Ndiraya",
              "bowler": "B Etim",
              "non_striker": "SM Mayers",
              "runs": {
                "batter": 4,
                "extras": 0,
                "total": 4
              }
            },
            {
              "batter": "A Ndiraya",
              "bowler": "B Etim",
              "extras": {
                "wides": 1
              },
              "non_striker": "SM Mayers",
              "runs": {
                "batter": 0,
                "extras": 1,
                "total": 1
              }
            },
            {
              "batter": "A Ndiraya",
              "bowler": "B Etim",
              "non_striker": "SM Mayers",
              "runs": {
                "batter": 0,
                "extras": 0,
                "total": 0
              }
            },
            {
              "batter": "A Ndiraya",
              "bowler": "B Etim",
              "extras": {
                "wides": 2
              },
              "non_striker": "SM Mayers",
              "runs": {
                "batter": 0,
                "extras": 2,
                "total": 2
              }
            },
            {
              "batter": "SM Mayers",
              "bowler": "B Etim",
              "non_striker": "A Ndiraya",
              "runs": {
                "batter": 1,
                "extras": 0,
                "total": 1
              }
            },
            {
              "batter": "A Ndiraya",
              "bowler": "B Etim",
              "non_striker": "SM Mayers",
              "runs": {
                "batter": 1,
                "extras": 0,
                "total": 1
              }
            },
            {
              "batter": "SM Mayers",
              "bowler": "B Etim",
              "non_striker": "A Ndiraya",
              "runs": {
                "batter": 1,
                "extras": 0,
                "total": 1
              }
            }
          ]
        },
        {
          "over": 3,
          "deliveries": [
            {
              "batter": "SM Mayers",
              "bowler": "R Samson",
              "non_striker": "A Ndiraya",
              "runs": {
                "batter": 4,
                "extras": 0,
                "total": 4
              }
            },
            {
              "batter": "SM Mayers",
              "bowler": "R Samson",
              "non_striker": "A Ndiraya",
              "runs": {
                "batter": 1,
                "extras": 0,
                "total": 1
              }
            },
            {
              "batter": "A Ndiraya",
              "bowler": "R Samson",
              "extras": {
                "wides": 2
              },
              "non_striker": "SM Mayers",
              "runs": {
                "batter": 0,
                "extras": 2,
                "total": 2
              }
            },
            {
              "batter": "SM Mayers",
              "bowler": "R Samson",
              "non_striker": "A Ndiraya",
              "runs": {
                "batter": 1,
                "extras": 0,
                "total": 1
              }
            },
            {
              "batter": "A Ndiraya",
              "bowler": "R Samson",
              "non_striker": "SM Mayers",
              "runs": {
                "batter": 1,
                "extras": 0,
                "total": 1
              }
            }
          ]
        }
      ],
      "powerplays": [
        {
          "from": 0.1,
          "to": 3.5,
          "type": "mandatory"
        }
      ],
      "target": {
        "overs": 20,
        "runs": 36
      }
    }
  ]
}