{
  "meta": {
    "data_version": "1.0.0",
    "created": "2019-10-31",
    "revision": 3
  },
  "info": {
    "balls_per_over": 6,
    "city": "Harare",
    "dates": [
      "2019-05-06"
    ],
    "event": {
      "name": "ICC Women's T20 World Cup Africa Region Qualifier",
      "group": "A"
    },
    "gender": "female",
    "match_type": "T20",
    "match_type_number": 634,
    "officials": {
      "match_referees": [
        "O Chirombe"
      ],
      "reserve_umpires": [
        "A Louw"
      ],
      "umpires": [
        "Justine Muzungu",
        "PM Musoke"
      ]
    },
    "outcome": {
      "winner": "Zimbabwe",
      "by": {
        "runs": 92
      }
    },
    "overs": 20,
    "player_of_match": [
      "SM Mayers"
    ],
    "players": {
      "Zimbabwe": [
        "M Mupachikwa",
        "SM Mayers",
        "CS Mugeri",
        "M Musonda",
        "J Nkomo",
        "AC Mushangwe",
        "P Marange",
        "T Granger",
        "L Phiri",
        "CT Dhururu",
        "A Mazvishaya"
      ],
      "Tanzania": [
        "FO Kibasu",
        "M Pascal",
        "HM Omary",
        "PZ Kamunya",
        "TS Omary",
        "NJ Pius",
        "NN Saidi",
        "GL Mushi",
        "SH Mohamedi",
        "Zinaida Jeremiah",
        "NO Tindo"
      ]
    },
    "registry": {
      "people": {
        "A Louw": "5eecae5d",
        "A Mazvishaya": "09a58e2d",
        "AC Mushangwe": "db873292",
        "CS Mugeri": "99c86133",
        "CT Dhururu": "8d7fba79",
        "FO Kibasu": "1c726c76",
        "GL Mushi": "fae59566",
        "HM Omary": "2cbe5db1",
        "J Nkomo": "36dfa62e",
        "Justine Muzungu": "b90044b7",
        "L Phiri": "cca8bdca",
        "M Mupachikwa": "6657b319",
        "M Musonda": "94b52754",
        "M Pascal": "729c5ab5",
        "NJ Pius": "f4270fc7",
        "NN Saidi": "16610c7b",
        "NO Tindo": "7f8316e3",
        "O Chirombe": "6345307f",
        "P Marange": "a4f1fdd4",
        "PM Musoke": "dbe27ac1",
        "PZ Kamunya": "6e60bbe2",
        "SH Mohamedi": "10ab6a37",
        "SM Mayers": "91d9613e",
        "T Granger": "2beae660",
        "TS Omary": "88e90658",
        "Zinaida Jeremiah": "967806a5"
      }
    },
    "season": "2019",
    "team_type": "international",
    "teams": [
      "Zimbabwe",
      "Tanzania"
    ],
    "toss": {
      "decision": "bat",
      "winner": "Zimbabwe"
    },
    "venue": "Takashinga Sports Club"
  },
  "innings": [
    {
      "team": "Zimbabwe",
      "overs": [
        {
          "over": 0,
          "deliveries": [
            {
              "batter": "M Mupachikwa",
              "bowler": "NN Saidi",
              "extras": {
                "wides": 1
              },
              "non_striker": "SM Mayers",
              "runs": {
                "batter": 0,
                "extras": 1,
                "total": 1
              }
            },
            {
              "batter": "M Mupachikwa",
              "bowler": "NN Saidi",
              "non_striker": "SM Mayers",
              "runs": {
                "batter": 1,
                "extras": 0,
                "total": 1
              }
            },
            {
              "batter": "SM Mayers",
              "bowler": "NN Saidi",
              "non_striker": "M Mupachikwa",
              "runs": {
                "batter": 1,
                "extras": 0,
                "total": 1
              }
            },
            {
              "batter": "M Mupachikwa",
              "bowler": "NN Saidi",
              "non_striker": "SM Mayers",
              "runs": {
                "batter": 0,
                "extras": 0,
                "total": 0
              }
            },
            {
              "batter": "M Mupachikwa",
              "bowler": "NN Saidi",
              "non_striker": "SM Mayers",
              "runs": {
                "batter": 0,
                "extras": 0,
                "total": 0
              }
            },
            {
              "batter": "M Mupachikwa",
              "bowler": "NN Saidi",
              "non_striker": "SM Mayers",
              "runs": {
                "batter": 1,
                "extras": 0,
                "total": 1
              }
            },
            {
              "batter": "SM Mayers",
              "bowler": "NN Saidi",
              "non_striker": "M Mupachikwa",
              "runs": {
                "batter": 0,
                "extras": 0,
                "total": 0
              }
            }
          ]
        },
        {
          "over": 1,
          "deliveries": [
            {
              "batter": "M Mupachikwa",
              "bowler": "PZ Kamunya",
              "non_striker": "SM Mayers",
              "runs": {
                "batter": 0,
                "extras": 0,
                "total": 0
              }
            },
            {
              "batter": "M Mupachikwa",
              "bowler": "PZ Kamunya",
              "non_striker": "SM Mayers",
              "runs": {
                "batter": 0,
                "extras": 0,
                "total": 0
              }
            },
            {
              "batter": "M Mupachikwa",
              "bowler": "PZ Kamunya",
              "non_striker": "SM Mayers",
              "runs": {
                "batter": 1,
                "extras": 0,
                "total": 1
              }
            },
            {
              "batter": "SM Mayers",
              "bowler": "PZ Kamunya",
              "non_striker": "M Mupachikwa",
              "runs": {
                "batter": 0,
                "extras": 0,
                "total": 0
              }
            },
            {
              "batter": "SM Mayers",
              "bowler": "PZ Kamunya",
              "non_striker": "M Mupachikwa",
              "runs": {
                "batter": 1,
                "extras": 0,
                "total": 1
              }
            },
            {
              "batter": "M Mupachikwa",
              "bowler": "PZ Kamunya",
              "non_striker": "SM Mayers",
              "runs": {
                "batter": 0,
                "extras": 0,
                "total": 0
              }
            }
          ]
        },
        {
          "over": 2,
          "deliveries": [
            {
              "batter": "SM Mayers",
              "bowler": "NN Saidi",
              "non_striker": "M Mupachikwa",
              "runs": {
                "batter": 1,
                "extras": 0,
                "total": 1
              }
            },
            {
              "batter": "M Mupachikwa",
              "bowler": "NN Saidi",
              "non_striker": "SM Mayers",
              "runs": {
                "batter": 4,
                "extras": 0,
                "total": 4
              }
            },
            {
              "batter": "M Mupachikwa",
              "bowler": "NN Saidi",
              "non_striker": "SM Mayers",
              "runs": {
                "batter": 0,
                "extras": 0,
                "total": 0
              }
            },
            {
              "batter": "M Mupachikwa",
              "bowler": "NN Saidi",
              "non_striker": "SM Mayers",
              "runs": {
                "batter": 4,
                "extras": 0,
                "total": 4
              }
            },
            {
              "batter": "M Mupachikwa",
              "bowler": "NN Saidi",
              "non_striker": "SM Mayers",
              "runs": {
                "batter": 0,
                "extras": 0,
                "total": 0
              }
            },
            {
              "batter": "M Mupachikwa",
              "bowler": "NN Saidi",
              "non_striker": "SM Mayers",
              "runs": {
                "batter": 2,
                "extras": 0,
                "total": 2
              }
            }
          ]
        },
        {
          "over": 3,
          "deliveries": [
            {
              "batter": "SM Mayers",
              "bowler": "PZ Kamunya",
              "non_striker": "M Mupachikwa",
              "runs": {
                "batter": 0,
                "extras": 0,
                "total": 0
              }
            },
            {
              "batter": "SM Mayers",
              "bowler": "PZ Kamunya",
              "non_striker": "M Mupachikwa",
              "runs": {
                "batter": 0,
                "extras": 0,
                "total": 0
              }
            },
            {
              "batter": "SM Mayers",
              "bowler": "PZ Kamunya",
              "non_striker": "M Mupachikwa",
              "runs": {
                "batter": 4,
                "extras": 0,
                "total": 4
              }
            },
            {
              "batter": "SM Mayers",
              "bowler": "PZ Kamunya",
              "non_striker": "M Mupachikwa",
              "runs": {
                "batter": 0,
                "extras": 0,
                "total": 0
              }
            },
            {
              "batter": "SM Mayers",
              "bowler": "PZ Kamunya",
              "non_striker": "M Mupachikwa",
              "runs": {
                "batter": 0,
                "extras": 0,
                "total": 0
              }
            },
            {
              "batter": "SM Mayers",
              "bowler": "PZ Kamunya",
              "non_striker": "M Mupachikwa",
              "runs": {
                "batter": 0,
                "extras": 0,
                "total": 0
              }
            }
          ]
        },
        {
          "over": 4,
          "deliveries": [
            {
              "batter": "M Mupachikwa",
              "bowler": "TS Omary",
              "non_striker": "SM Mayers",
              "runs": {
                "batter": 0,
                "extras": 0,
                "total": 0
              }
            },
            {
              "batter": "M Mupachikwa",
              "bowler": "TS Omary",
              "non_striker": "SM Mayers",
              "runs": {
                "batter": 0,
                "extras": 0,
                "total": 0
              }
            },
            {
              "batter": "M Mupachikwa",
              "bowler": "TS Omary",
              "non_striker": "SM Mayers",
              "runs": {
                "batter": 0,
                "extras": 0,
                "total": 0
              }
            },
            {
              "batter": "M Mupachikwa",
              "bowler": "TS Omary",
              "non_striker": "SM Mayers",
              "runs": {
                "batter": 1,
                "extras": 0,
                "total": 1
              }
            },
            {
              "batter": "SM Mayers",
              "bowler": "TS Omary",
              "non_striker": "M Mupachikwa",
              "runs": {
                "batter": 4,
                "extras": 0,
                "total": 4
              }
            },
            {
              "batter": "SM Mayers",
              "bowler": "TS Omary",
              "non_striker": "M Mupachikwa",
              "runs": {
                "batter": 0,
                "extras": 0,
                "total": 0
              }
            }
          ]
        },
        {
          "over": 5,
          "deliveries": [
            {
              "batter": "M Mupachikwa",
              "bowler": "PZ Kamunya",
              "non_striker": "SM Mayers",
              "runs": {
                "batter": 0,
                "extras": 0,
                "total": 0
              }
            },
            {
              "batter": "M Mupachikwa",
              "bowler": "PZ Kamunya",
              "non_striker": "SM Mayers",
              "runs": {
                "batter": 2,
                "extras": 0,
                "total": 2
              }
            },
            {
              "batter": "M Mupachikwa",
              "bowler": "PZ Kamunya",
              "non_striker": "SM Mayers",
              "runs": {
                "batter": 1,
                "extras": 0,
                "total": 1
              }
            },
            {
              "batter": "SM Mayers",
              "bowler": "PZ Kamunya",
              "non_striker": "M Mupachikwa",
              "runs": {
                "batter": 0,
                "extras": 0,
                "total": 0
              }
            },
            {
              "batter": "SM Mayers",
              "bowler": "PZ Kamunya",
              "non_striker": "M Mupachikwa",
              "runs": {
                "batter": 1,
                "extras": 0,
                "total": 1
              }
            },
            {
              "batter": "M Mupachikwa",
              "bowler": "PZ Kamunya",
              "non_striker": "SM Mayers",
              "runs": {
                "batter": 0,
                "extras": 0,
                "total": 0
              }
            }
          ]
        },
        {
          "over": 6,
          "deliveries": [
            {
              "batter": "SM Mayers",
              "bowler": "TS Omary",
              "non_striker": "M Mupachikwa",
              "runs": {
                "batter": 1,
                "extras": 0,
                "total": 1
              }
            },
            {
              "batter": "M Mupachikwa",
              "bowler": "TS Omary",
              "non_striker": "SM Mayers",
              "runs": {
                "batter": 1,
                "extras": 0,
                "total": 1
              }
            },
            {
              "batter": "SM Mayers",
              "bowler": "TS Omary",
              "non_striker": "M Mupachikwa",
              "runs": {
                "batter": 0,
                "extras": 0,
                "total": 0
              }
            },
            {
              "batter": "SM Mayers",
              "bowler": "TS Omary",
              "non_striker": "M Mupachikwa",
              "runs": {
                "batter": 1,
                "extras": 0,
                "total": 1
              }
            },
            {
              "batter": "M Mupachikwa",
              "bowler": "TS Omary",
              "non_striker": "SM Mayers",
              "runs": {
                "batter": 0,
                "extras": 0,
                "total": 0
              }
            },
            {
              "batter": "M Mupachikwa",
              "bowler": "TS Omary",
              "non_striker": "SM Mayers",
              "runs": {
                "batter": 0,
                "extras": 0,
                "total": 0
              }
            }
          ]
        },
        {
          "over": 7,
          "deliveries": [
            {
              "batter": "SM Mayers",
              "bowler": "FO Kibasu",
              "non_striker": "M Mupachikwa",
              "runs": {
                "batter": 1,
                "extras": 0,
                "total": 1
              }
            },
            {
              "batter": "M Mupachikwa",
              "bowler": "FO Kibasu",
              "non_striker": "SM Mayers",
              "runs": {
                "batter": 0,
                "extras": 0,
                "total": 0
              }
            },
            {
              "batter": "M Mupachikwa",
              "bowler": "FO Kibasu",
              "non_striker": "SM Mayers",
              "runs": {
                "batter": 1,
                "extras": 0,
                "total": 1
              }
            },
            {
              "batter": "SM Mayers",
              "bowler": "FO Kibasu",
              "non_striker": "M Mupachikwa",
              "runs": {
                "batter": 4,
                "extras": 0,
                "total": 4
              }
            },
            {
              "batter": "SM Mayers",
              "bowler": "FO Kibasu",
              "non_striker": "M Mupachikwa",
              "runs": {
                "batter": 1,
                "extras": 0,
                "total": 1
              }
            },
            {
              "batter": "M Mupachikwa",
              "bowler": "FO Kibasu",
              "non_striker": "SM Mayers",
              "runs": {
                "batter": 0,
                "extras": 0,
                "total": 0
              }
            }
          ]
        },
        {
          "over": 8,
          "deliveries": [
            {
              "batter": "SM Mayers",
              "bowler": "TS Omary",
              "non_striker": "M Mupachikwa",
              "runs": {
                "batter": 1,
                "extras": 0,
                "total": 1
              }
            },
            {
              "batter": "M Mupachikwa",
              "bowler": "TS Omary",
              "non_striker": "SM Mayers",
              "runs": {
                "batter": 1,
                "extras": 0,
                "total": 1
              }
            },
            {
              "batter": "SM Mayers",
              "bowler": "TS Omary",
              "non_striker": "M Mupachikwa",
              "runs": {
                "batter": 0,
                "extras": 0,
                "total": 0
              }
            },
            {
              "batter": "SM Mayers",
              "bowler": "TS Omary",
              "non_striker": "M Mupachikwa",
              "runs": {
                "batter": 0,
                "extras": 0,
                "total": 0
              }
            },
            {
              "batter": "SM Mayers",
              "bowler": "TS Omary",
              "non_striker": "M Mupachikwa",
              "runs": {
                "batter": 0,
                "extras": 0,
                "total": 0
              }
            },
            {
              "batter": "SM Mayers",
              "bowler": "TS Omary",
              "non_striker": "M Mupachikwa",
              "runs": {
                "batter": 1,
                "extras": 0,
                "total": 1
              }
            }
          ]
        },
        {
          "over": 9,
          "deliveries": [
            {
              "batter": "SM Mayers",
              "bowler": "FO Kibasu",
              "non_striker": "M Mupachikwa",
              "runs": {
                "batter": 0,
                "extras": 0,
                "total": 0
              }
            },
            {
              "batter": "SM Mayers",
              "bowler": "FO Kibasu",
              "non_striker": "M Mupachikwa",
              "runs": {
                "batter": 1,
                "extras": 0,
                "total": 1
              }
            },
            {
              "batter": "M Mupachikwa",
              "bowler": "FO Kibasu",
              "non_striker": "SM Mayers",
              "runs": {
                "batter": 0,
                "extras": 0,
                "total": 0
              }
            },
            {
              "batter": "M Mupachikwa",
              "bowler": "FO Kibasu",
              "extras": {
                "wides": 1
              },
              "non_striker": "SM Mayers",
              "runs": {
                "batter": 0,
                "extras": 1,
                "total": 1
              }
            },
            {
              "batter": "M Mupachikwa",
              "bowler": "FO Kibasu",
              "non_striker": "SM Mayers",
              "runs": {
                "batter": 0,
                "extras": 0,
                "total": 0
              }
            },
            {
              "batter": "M Mupachikwa",
              "bowler": "FO Kibasu",
              "non_striker": "SM Mayers",
              "runs": {
                "batter": 2,
                "extras": 0,
                "total": 2
              }
            },
            {
              "batter": "M Mupachikwa",
              "bowler": "FO Kibasu",
              "non_striker": "SM Mayers",
              "runs": {
                "batter": 0,
                "extras": 0,
                "total": 0
              }
            }
          ]
        },
        {
          "over": 10,
          "deliveries": [
            {
              "batter": "SM Mayers",
              "bowler": "TS Omary",
              "non_striker": "M Mupachikwa",
              "runs": {
                "batter": 1,
                "extras": 0,
                "total": 1
              }
            },
            {
              "batter": "M Mupachikwa",
              "bowler": "TS Omary",
              "non_striker": "SM Mayers",
              "runs": {
                "batter": 2,
                "extras": 0,
                "total": 2
              }
            },
            {
              "batter": "M Mupachikwa",
              "bowler": "TS Omary",
              "non_striker": "SM Mayers",
              "runs": {
                "batter": 0,
                "extras": 0,
                "total": 0
              }
            },
            {
              "batter": "M Mupachikwa",
              "bowler": "TS Omary",
              "non_striker": "SM Mayers",
              "runs": {
                "batter": 1,
                "extras": 0,
                "total": 1
              }
            },
            {
              "batter": "SM Mayers",
              "bowler": "TS Omary",
              "non_striker": "M Mupachikwa",
              "runs": {
                "batter": 4,
                "extras": 0,
                "total": 4
              }
            },
            {
              "batter": "SM Mayers",
              "bowler": "TS Omary",
              "non_striker": "M Mupachikwa",
              "runs": {
                "batter": 1,
                "extras": 0,
                "total": 1
              }
            }
          ]
        },
        {
          "over": 11,
          "deliveries": [
            {
              "batter": "SM Mayers",
              "bowler": "FO Kibasu",
              "non_striker": "M Mupachikwa",
              "runs": {
                "batter": 1,
                "extras": 0,
                "total": 1
              }
            },
            {
              "batter": "M Mupachikwa",
              "bowler": "FO Kibasu",
              "non_striker": "SM Mayers",
              "runs": {
                "batter": 2,
                "extras": 0,
                "total": 2
              }
            },
            {
              "batter": "M Mupachikwa",
              "bowler": "FO Kibasu",
              "non_striker": "SM Mayers",
              "runs": {
                "batter": 1,
                "extras": 0,
                "total": 1
              }
            },
            {
              "batter": "SM Mayers",
              "bowler": "FO Kibasu",
              "non_striker": "M Mupachikwa",
              "runs": {
                "batter": 4,
                "extras": 0,
                "total": 4
              }
            },
            {
              "batter": "SM Mayers",
              "bowler": "FO Kibasu",
              "extras": {
                "noballs": 1
              },
              "non_striker": "M Mupachikwa",
              "runs": {
                "batter": 6,
                "extras": 1,
                "total": 7
              }
            },
            {
              "batter": "SM Mayers",
              "bowler": "FO Kibasu",
              "non_striker": "M Mupachikwa",
              "runs": {
                "batter": 0,
                "extras": 0,
                "total": 0
              }
            },
            {
              "batter": "SM Mayers",
              "bowler": "FO Kibasu",
              "non_striker": "M Mupachikwa",
              "runs": {
                "batter": 4,
                "extras": 0,
                "total": 4
              }
            }
          ]
        },
        {
          "over": 12,
          "deliveries": [
            {
              "batter": "M Mupachikwa",
              "bowler": "NO Tindo",
              "non_striker": "SM Mayers",
              "runs": {
                "batter": 1,
                "extras": 0,
                "total": 1
              }
            },
            {
              "batter": "SM Mayers",
              "bowler": "NO Tindo",
              "non_striker": "M Mupachikwa",
              "runs": {
                "batter": 1,
                "extras": 0,
                "total": 1
              }
            },
            {
              "batter": "M Mupachikwa",
              "bowler": "NO Tindo",
              "non_striker": "SM Mayers",
              "runs": {
                "batter": 1,
                "extras": 0,
                "total": 1
              },
              "wickets": [
                {
                  "kind": "run out",
                  "player_out": "M Mupachikwa"
                }
              ]
            },
            {
              "batter": "CS Mugeri",
              "bowler": "NO Tindo",
              "non_striker": "SM Mayers",
              "runs": {
                "batter": 1,
                "extras": 0,
                "total": 1
              }
            },
            {
              "batter": "SM Mayers",
              "bowler": "NO Tindo",
              "non_striker": "CS Mugeri",
              "runs": {
                "batter": 1,
                "extras": 0,
                "total": 1
              }
            },
            {
              "batter": "CS Mugeri",
              "bowler": "NO Tindo",
              "non_striker": "SM Mayers",
              "runs": {
                "batter": 0,
                "extras": 0,
                "total": 0
              }
            }
          ]
        },
        {
          "over": 13,
          "deliveries": [
            {
              "batter": "SM Mayers",
              "bowler": "Zinaida Jeremiah",
              "non_striker": "CS Mugeri",
              "runs": {
                "batter": 1,
                "extras": 0,
                "total": 1
              }
            },
            {
              "batter": "CS Mugeri",
              "bowler": "Zinaida Jeremiah",
              "non_striker": "SM Mayers",
              "runs": {
                "batter": 2,
                "extras": 0,
                "total": 2
              }
            },
            {
              "batter": "CS Mugeri",
              "bowler": "Zinaida Jeremiah",
              "non_striker": "SM Mayers",
              "runs": {
                "batter": 2,
                "extras": 0,
                "total": 2
              }
            },
            {
              "batter": "CS Mugeri",
              "bowler": "Zinaida Jeremiah",
              "non_striker": "SM Mayers",
              "runs": {
                "batter": 0,
                "extras": 0,
                "total": 0
              }
            },
            {
              "batter": "CS Mugeri",
              "bowler": "Zinaida Jeremiah",
              "non_striker": "SM Mayers",
              "runs": {
                "batter": 1,
                "extras": 0,
                "total": 1
              }
            },
            {
              "batter": "SM Mayers",
              "bowler": "Zinaida Jeremiah",
              "non_striker": "CS Mugeri",
              "runs": {
                "batter": 4,
                "extras": 0,
                "total": 4
              }
            }
          ]
        },
        {
          "over": 14,
          "deliveries": [
            {
              "batter": "CS Mugeri",
              "bowler": "NO Tindo",
              "non_striker": "SM Mayers",
              "runs": {
                "batter": 2,
                "extras": 0,
                "total": 2
              }
            },
            {
              "batter": "CS Mugeri",
              "bowler": "NO Tindo",
              "non_striker": "SM Mayers",
              "runs": {
                "batter": 2,
                "extras": 0,
                "total": 2
              }
            },
            {
              "batter": "CS Mugeri",
              "bowler": "NO Tindo",
              "non_striker": "SM Mayers",
              "runs": {
                "batter": 0,
                "extras": 0,
                "total": 0
              }
            },
            {
              "batter": "CS Mugeri",
              "bowler": "NO Tindo",
              "non_striker": "SM Mayers",
              "runs": {
                "batter": 4,
                "extras": 0,
                "total": 4
              }
            },
            {
              "batter": "CS Mugeri",
              "bowler": "NO Tindo",
              "non_striker": "SM Mayers",
              "runs": {
                "batter": 0,
                "extras": 0,
                "total": 0
              }
            },
            {
              "batter": "CS Mugeri",
              "bowler": "NO Tindo",
              "non_striker": "SM Mayers",
              "runs": {
                "batter": 1,
                "extras": 0,
                "total": 1
              }
            }
          ]
        },
        {
          "over": 15,
          "deliveries": [
            {
              "batter": "CS Mugeri",
              "bowler": "M Pascal",
              "non_striker": "SM Mayers",
              "runs": {
                "batter": 0,
                "extras": 0,
                "total": 0
              },
              "wickets": [
                {
                  "kind": "caught",
                  "player_out": "CS Mugeri",
                  "fielders": [
                    {
                      "name": "TS Omary"
                    }
                  ]
                }
              ]
            },
            {
              "batter": "SM Mayers",
              "bowler": "M Pascal",
              "non_striker": "M Musonda",
              "runs": {
                "batter": 1,
                "extras": 0,
                "total": 1
              }
            },
            {
              "batter": "M Musonda",
              "bowler": "M Pascal",
              "non_striker": "SM Mayers",
              "runs": {
                "batter": 1,
                "extras": 0,
                "total": 1
              }
            },
            {
              "batter": "SM Mayers",
              "bowler": "M Pascal",
              "non_striker": "M Musonda",
              "runs": {
                "batter": 4,
                "extras": 0,
                "total": 4
              }
            },
            {
              "batter": "SM Mayers",
              "bowler": "M Pascal",
              "non_striker": "M Musonda",
              "runs": {
                "batter": 1,
                "extras": 0,
                "total": 1
              }
            },
            {
              "batter": "M Musonda",
              "bowler": "M Pascal",
              "extras": {
                "wides": 1
              },
              "non_striker": "SM Mayers",
              "runs": {
                "batter": 0,
                "extras": 1,
                "total": 1
              }
            },
            {
              "batter": "M Musonda",
              "bowler": "M Pascal",
              "non_striker": "SM Mayers",
              "runs": {
                "batter": 2,
                "extras": 0,
                "total": 2
              }
            }
          ]
        },
        {
          "over": 16,
          "deliveries": [
            {
              "batter": "SM Mayers",
              "bowler": "NO Tindo",
              "non_striker": "M Musonda",
              "runs": {
                "batter": 0,
                "extras": 0,
                "total": 0
              }
            },
            {
              "batter": "SM Mayers",
              "bowler": "NO Tindo",
              "non_striker": "M Musonda",
              "runs": {
                "batter": 6,
                "extras": 0,
                "total": 6
              }
            },
            {
              "batter": "SM Mayers",
              "bowler": "NO Tindo",
              "non_striker": "M Musonda",
              "runs": {
                "batter": 0,
                "extras": 0,
                "total": 0
              }
            },
            {
              "batter": "SM Mayers",
              "bowler": "NO Tindo",
              "non_striker": "M Musonda",
              "runs": {
                "batter": 0,
                "extras": 0,
                "total": 0
              }
            },
            {
              "batter": "SM Mayers",
              "bowler": "NO Tindo",
              "non_striker": "M Musonda",
              "runs": {
                "batter": 1,
                "extras": 0,
                "total": 1
              }
            },
            {
              "batter": "M Musonda",
              "bowler": "NO Tindo",
              "non_striker": "SM Mayers",
              "runs": {
                "batter": 4,
                "extras": 0,
                "total": 4
              }
            }
          ]
        },
        {
          "over": 17,
          "deliveries": [
            {
              "batter": "SM Mayers",
              "bowler": "PZ Kamunya",
              "non_striker": "M Musonda",
              "runs": {
                "batter": 1,
                "extras": 0,
                "total": 1
              }
            },
            {
              "batter": "M Musonda",
              "bowler": "PZ Kamunya",
              "non_striker": "SM Mayers",
              "runs": {
                "batter": 1,
                "extras": 0,
                "total": 1
              }
            },
            {
              "batter": "SM Mayers",
              "bowler": "PZ Kamunya",
              "non_striker": "M Musonda",
              "runs": {
                "batter": 0,
                "extras": 0,
                "total": 0
              },
              "wickets": [
                {
                  "kind": "caught",
                  "player_out": "SM Mayers",
                  "fielders": [
                    {
                      "name": "TS Omary"
                    }
                  ]
                }
              ]
            },
            {
              "batter": "M Musonda",
              "bowler": "PZ Kamunya",
              "non_striker": "J Nkomo",
              "runs": {
                "batter": 1,
                "extras": 0,
                "total": 1
              }
            },
            {
              "batter": "J Nkomo",
              "bowler": "PZ Kamunya",
              "non_striker": "M Musonda",
              "runs": {
                "batter": 0,
                "extras": 0,
                "total": 0
              }
            },
            {
              "batter": "J Nkomo",
              "bowler": "PZ Kamunya",
              "non_striker": "M Musonda",
              "runs": {
                "batter": 1,
                "extras": 0,
                "total": 1
              }
            }
          ]
        },
        {
          "over": 18,
          "deliveries": [
            {
              "batter": "J Nkomo",
              "bowler": "NN Saidi",
              "extras": {
                "wides": 1
              },
              "non_striker": "M Musonda",
              "runs": {
                "batter": 0,
                "extras": 1,
                "total": 1
              }
            },
            {
              "batter": "J Nkomo",
              "bowler": "NN Saidi",
              "non_striker": "M Musonda",
              "runs": {
                "batter": 1,
                "extras": 0,
                "total": 1
              }
            },
            {
              "batter": "M Musonda",
              "bowler": "NN Saidi",
              "non_striker": "J Nkomo",
              "runs": {
                "batter": 1,
                "extras": 0,
                "total": 1
              }
            },
            {
              "batter": "J Nkomo",
              "bowler": "NN Saidi",
              "non_striker": "M Musonda",
              "runs": {
                "batter": 2,
                "extras": 0,
                "total": 2
              }
            },
            {
              "batter": "J Nkomo",
              "bowler": "NN Saidi",
              "non_striker": "M Musonda",
              "runs": {
                "batter": 2,
                "extras": 0,
                "total": 2
              }
            },
            {
              "batter": "J Nkomo",
              "bowler": "NN Saidi",
              "non_striker": "M Musonda",
              "runs": {
                "batter": 1,
                "extras": 0,
                "total": 1
              }
            },
            {
              "batter": "M Musonda",
              "bowler": "NN Saidi",
              "non_striker": "J Nkomo",
              "runs": {
                "batter": 1,
                "extras": 0,
                "total": 1
              }
            }
          ]
        },
        {
          "over": 19,
          "deliveries": [
            {
              "batter": "M Musonda",
              "bowler": "M Pascal",
              "non_striker": "J Nkomo",
              "runs": {
                "batter": 6,
                "extras": 0,
                "total": 6
              }
            },
            {
              "batter": "M Musonda",
              "bowler": "M Pascal",
              "non_striker": "J Nkomo",
              "runs": {
                "batter": 2,
                "extras": 0,
                "total": 2
              }
            },
            {
              "batter": "M Musonda",
              "bowler": "M Pascal",
              "non_striker": "J Nkomo",
              "runs": {
                "batter": 0,
                "extras": 0,
                "total": 0
              },
              "wickets": [
                {
                  "kind": "caught",
                  "player_out": "M Musonda",
                  "fielders": [
                    {
                      "name": "TS Omary"
                    }
                  ]
                }
              ]
            },
            {
              "batter": "J Nkomo",
              "bowler": "M Pascal",
              "non_striker": "AC Mushangwe",
              "runs": {
                "batter": 1,
                "extras": 0,
                "total": 1
              }
            },
            {
              "batter": "AC Mushangwe",
              "bowler": "M Pascal",
              "non_striker": "J Nkomo",
              "runs": {
                "batter": 0,
                "extras": 0,
                "total": 0
              }
            },
            {
              "batter": "AC Mushangwe",
              "bowler": "M Pascal",
              "non_striker": "J Nkomo",
              "runs": {
                "batter": 1,
                "extras": 0,
                "total": 1
              }
            }
          ]
        }
      ],
      "powerplays": [
        {
          "from": 0.1,
          "to": 5.6,
          "type": "mandatory"
        }
      ]
    },
    {
      "team": "Tanzania",
      "overs": [
        {
          "over": 0,
          "deliveries": [
            {
              "batter": "FO Kibasu",
              "bowler": "J Nkomo",
              "non_striker": "M Pascal",
              "runs": {
                "batter": 1,
                "extras": 0,
                "total": 1
              }
            },
            {
              "batter": "M Pascal",
              "bowler": "J Nkomo",
              "non_striker": "FO Kibasu",
              "runs": {
                "batter": 0,
                "extras": 0,
                "total": 0
              }
            },
            {
              "batter": "M Pascal",
              "bowler": "J Nkomo",
              "non_striker": "FO Kibasu",
              "runs": {
                "batter": 0,
                "extras": 0,
                "total": 0
              }
            },
            {
              "batter": "M Pascal",
              "bowler": "J Nkomo",
              "non_striker": "FO Kibasu",
              "runs": {
                "batter": 0,
                "extras": 0,
                "total": 0
              }
            },
            {
              "batter": "M Pascal",
              "bowler": "J Nkomo",
              "non_striker": "FO Kibasu",
              "runs": {
                "batter": 0,
                "extras": 0,
                "total": 0
              },
              "wickets": [
                {
                  "kind": "caught",
                  "player_out": "M Pascal",
                  "fielders": [
                    {
                      "name": "P Marange"
                    }
                  ]
                }
              ]
            },
            {
              "batter": "HM Omary",
              "bowler": "J Nkomo",
              "non_striker": "FO Kibasu",
              "runs": {
                "batter": 0,
                "extras": 0,
                "total": 0
              }
            }
          ]
        },
        {
          "over": 1,
          "deliveries": [
            {
              "batter": "FO Kibasu",
              "bowler": "T Granger",
              "non_striker": "HM Omary",
              "runs": {
                "batter": 0,
                "extras": 0,
                "total": 0
              }
            },
            {
              "batter": "FO Kibasu",
              "bowler": "T Granger",
              "non_striker": "HM Omary",
              "runs": {
                "batter": 0,
                "extras": 0,
                "total": 0
              }
            },
            {
              "batter": "FO Kibasu",
              "bowler": "T Granger",
              "non_striker": "HM Omary",
              "runs": {
                "batter": 0,
                "extras": 0,
                "total": 0
              }
            },
            {
              "batter": "FO Kibasu",
              "bowler": "T Granger",
              "non_striker": "HM Omary",
              "runs": {
                "batter": 0,
                "extras": 0,
                "total": 0
              }
            },
            {
              "batter": "FO Kibasu",
              "bowler": "T Granger",
              "non_striker": "HM Omary",
              "runs": {
                "batter": 0,
                "extras": 0,
                "total": 0
              },
              "wickets": [
                {
                  "kind": "caught and bowled",
                  "player_out": "FO Kibasu"
                }
              ]
            },
            {
              "batter": "PZ Kamunya",
              "bowler": "T Granger",
              "non_striker": "HM Omary",
              "runs": {
                "batter": 0,
                "extras": 0,
                "total": 0
              }
            }
          ]
        },
        {
          "over": 2,
          "deliveries": [
            {
              "batter": "HM Omary",
              "bowler": "J Nkomo",
              "non_striker": "PZ Kamunya",
              "runs": {
                "batter": 0,
                "extras": 0,
                "total": 0
              }
            },
            {
              "batter": "HM Omary",
              "bowler": "J Nkomo",
              "non_striker": "PZ Kamunya",
              "runs": {
                "batter": 2,
                "extras": 0,
                "total": 2
              }
            },
            {
              "batter": "HM Omary",
              "bowler": "J Nkomo",
              "non_striker": "PZ Kamunya",
              "runs": {
                "batter": 0,
                "extras": 0,
                "total": 0
              }
            },
            {
              "batter": "HM Omary",
              "bowler": "J Nkomo",
              "non_striker": "PZ Kamunya",
              "runs": {
                "batter": 1,
                "extras": 0,
                "total": 1
              }
            },
            {
              "batter": "PZ Kamunya",
              "bowler": "J Nkomo",
              "non_striker": "HM Omary",
              "runs": {
                "batter": 2,
                "extras": 0,
                "total": 2
              }
            },
            {
              "batter": "PZ Kamunya",
              "bowler": "J Nkomo",
              "non_striker": "HM Omary",
              "runs": {
                "batter": 0,
                "extras": 0,
                "total": 0
              }
            }
          ]
        },
        {
          "over": 3,
          "deliveries": [
            {
              "batter": "HM Omary",
              "bowler": "T Granger",
              "non_striker": "PZ Kamunya",
              "runs": {
                "batter": 0,
                "extras": 0,
                "total": 0
              }
            },
            {
              "batter": "HM Omary",
              "bowler": "T Granger",
              "non_striker": "PZ Kamunya",
              "runs": {
                "batter": 0,
                "extras": 0,
                "total": 0
              }
            },
            {
              "batter": "HM Omary",
              "bowler": "T Granger",
              "non_striker": "PZ Kamunya",
              "runs": {
                "batter": 0,
                "extras": 0,
                "total": 0
              }
            },
            {
              "batter": "HM Omary",
              "bowler": "T Granger",
              "non_striker": "PZ Kamunya",
              "runs": {
                "batter": 0,
                "extras": 0,
                "total": 0
              },
              "wickets": [
                {
                  "kind": "lbw",
                  "player_out": "HM Omary"
                }
              ]
            },
            {
              "batter": "TS Omary",
              "bowler": "T Granger",
              "non_striker": "PZ Kamunya",
              "runs": {
                "batter": 0,
                "extras": 0,
                "total": 0
              }
            },
            {
              "batter": "TS Omary",
              "bowler": "T Granger",
              "non_striker": "PZ Kamunya",
              "runs": {
                "batter": 0,
                "extras": 0,
                "total": 0
              }
            }
          ]
        },
        {
          "over": 4,
          "deliveries": [
            {
              "batter": "PZ Kamunya",
              "bowler": "A Mazvishaya",
              "non_striker": "TS Omary",
              "runs": {
                "batter": 4,
                "extras": 0,
                "total": 4
              }
            },
            {
              "batter": "PZ Kamunya",
              "bowler": "A Mazvishaya",
              "non_striker": "TS Omary",
              "runs": {
                "batter": 0,
                "extras": 0,
                "total": 0
              }
            },
            {
              "batter": "PZ Kamunya",
              "bowler": "A Mazvishaya",
              "non_striker": "TS Omary",
              "runs": {
                "batter": 0,
                "extras": 0,
                "total": 0
              }
            },
            {
              "batter": "PZ Kamunya",
              "bowler": "A Mazvishaya",
              "non_striker": "TS Omary",
              "runs": {
                "batter": 0,
                "extras": 0,
                "total": 0
              },
              "wickets": [
                {
                  "kind": "bowled",
                  "player_out": "PZ Kamunya"
                }
              ]
            },
            {
              "batter": "NJ Pius",
              "bowler": "A Mazvishaya",
              "non_striker": "TS Omary",
              "runs": {
                "batter": 0,
                "extras": 0,
                "total": 0
              }
            },
            {
              "batter": "NJ Pius",
              "bowler": "A Mazvishaya",
              "non_striker": "TS Omary",
              "runs": {
                "batter": 0,
                "extras": 0,
                "total": 0
              }
            }
          ]
        },
        {
          "over": 5,
          "deliveries": [
            {
              "batter": "TS Omary",
              "bowler": "T Granger",
              "non_striker": "NJ Pius",
              "runs": {
                "batter": 0,
                "extras": 0,
                "total": 0
              }
            },
            {
              "batter": "TS Omary",
              "bowler": "T Granger",
              "non_striker": "NJ Pius",
              "runs": {
                "batter": 0,
                "extras": 0,
                "total": 0
              }
            },
            {
              "batter": "TS Omary",
              "bowler": "T Granger",
              "non_striker": "NJ Pius",
              "runs": {
                "batter": 0,
                "extras": 0,
                "total": 0
              }
            },
            {
              "batter": "TS Omary",
              "bowler": "T Granger",
              "non_striker": "NJ Pius",
              "runs": {
                "batter": 0,
                "extras": 0,
                "total": 0
              }
            },
            {
              "batter": "TS Omary",
              "bowler": "T Granger",
              "non_striker": "NJ Pius",
              "runs": {
                "batter": 0,
                "extras": 0,
                "total": 0
              }
            },
            {
              "batter": "TS Omary",
              "bowler": "T Granger",
              "non_striker": "NJ Pius",
              "runs": {
                "batter": 0,
                "extras": 0,
                "total": 0
              }
            }
          ]
        },
        {
          "over": 6,
          "deliveries": [
            {
              "batter": "NJ Pius",
              "bowler": "A Mazvishaya",
              "non_striker": "TS Omary",
              "runs": {
                "batter": 0,
                "extras": 0,
                "total": 0
              }
            },
            {
              "batter": "NJ Pius",
              "bowler": "A Mazvishaya",
              "non_striker": "TS Omary",
              "runs": {
                "batter": 0,
                "extras": 0,
                "total": 0
              }
            },
            {
              "batter": "NJ Pius",
              "bowler": "A Mazvishaya",
              "non_striker": "TS Omary",
              "runs": {
                "batter": 0,
                "extras": 0,
                "total": 0
              }
            },
            {
              "batter": "NJ Pius",
              "bowler": "A Mazvishaya",
              "non_striker": "TS Omary",
              "runs": {
                "batter": 0,
                "extras": 0,
                "total": 0
              },
              "wickets": [
                {
                  "kind": "bowled",
                  "player_out": "NJ Pius"
                }
              ]
            },
            {
              "batter": "NN Saidi",
              "bowler": "A Mazvishaya",
              "non_striker": "TS Omary",
              "runs": {
                "batter": 0,
                "extras": 0,
                "total": 0
              }
            },
            {
              "batter": "NN Saidi",
              "bowler": "A Mazvishaya",
              "non_striker": "TS Omary",
              "runs": {
                "batter": 0,
                "extras": 0,
                "total": 0
              }
            }
          ]
        },
        {
          "over": 7,
          "deliveries": [
            {
              "batter": "TS Omary",
              "bowler": "AC Mushangwe",
              "non_striker": "NN Saidi",
              "runs": {
                "batter": 2,
                "extras": 0,
                "total": 2
              }
            },
            {
              "batter": "TS Omary",
              "bowler": "AC Mushangwe",
              "non_striker": "NN Saidi",
              "runs": {
                "batter": 0,
                "extras": 0,
                "total": 0
              }
            },
            {
              "batter": "TS Omary",
              "bowler": "AC Mushangwe",
              "non_striker": "NN Saidi",
              "runs": {
                "batter": 1,
                "extras": 0,
                "total": 1
              }
            },
            {
              "batter": "NN Saidi",
              "bowler": "AC Mushangwe",
              "non_striker": "TS Omary",
              "runs": {
                "batter": 0,
                "extras": 0,
                "total": 0
              }
            },
            {
              "batter": "NN Saidi",
              "bowler": "AC Mushangwe",
              "non_striker": "TS Omary",
              "runs": {
                "batter": 0,
                "extras": 0,
                "total": 0
              }
            },
            {
              "batter": "NN Saidi",
              "bowler": "AC Mushangwe",
              "non_striker": "TS Omary",
              "runs": {
                "batter": 0,
                "extras": 0,
                "total": 0
              }
            }
          ]
        },
        {
          "over": 8,
          "deliveries": [
            {
              "batter": "TS Omary",
              "bowler": "P Marange",
              "non_striker": "NN Saidi",
              "runs": {
                "batter": 0,
                "extras": 0,
                "total": 0
              },
              "wickets": [
                {
                  "kind": "run out",
                  "player_out": "NN Saidi"
                }
              ]
            },
            {
              "batter": "TS Omary",
              "bowler": "P Marange",
              "non_striker": "GL Mushi",
              "runs": {
                "batter": 4,
                "extras": 0,
                "total": 4
              }
            },
            {
              "batter": "TS Omary",
              "bowler": "P Marange",
              "non_striker": "GL Mushi",
              "runs": {
                "batter": 0,
                "extras": 0,
                "total": 0
              }
            },
            {
              "batter": "TS Omary",
              "bowler": "P Marange",
              "non_striker": "GL Mushi",
              "runs": {
                "batter": 0,
                "extras": 0,
                "total": 0
              }
            },
            {
              "batter": "TS Omary",
              "bowler": "P Marange",
              "non_striker": "GL Mushi",
              "runs": {
                "batter": 0,
                "extras": 0,
                "total": 0
              }
            },
            {
              "batter": "TS Omary",
              "bowler": "P Marange",
              "non_striker": "GL Mushi",
              "runs": {
                "batter": 0,
                "extras": 0,
                "total": 0
              }
            }
          ]
        },
        {
          "over": 9,
          "deliveries": [
            {
              "batter": "GL Mushi",
              "bowler": "AC Mushangwe",
              "non_striker": "TS Omary",
              "runs": {
                "batter": 0,
                "extras": 0,
                "total": 0
              }
            },
            {
              "batter": "GL Mushi",
              "bowler": "AC Mushangwe",
              "non_striker": "TS Omary",
              "runs": {
                "batter": 0,
                "extras": 0,
                "total": 0
              }
            },
            {
              "batter": "GL Mushi",
              "bowler": "AC Mushangwe",
              "non_striker": "TS Omary",
              "runs": {
                "batter": 0,
                "extras": 0,
                "total": 0
              }
            },
            {
              "batter": "GL Mushi",
              "bowler": "AC Mushangwe",
              "non_striker": "TS Omary",
              "runs": {
                "batter": 0,
                "extras": 0,
                "total": 0
              }
            },
            {
              "batter": "GL Mushi",
              "bowler": "AC Mushangwe",
              "non_striker": "TS Omary",
              "runs": {
                "batter": 0,
                "extras": 0,
                "total": 0
              }
            },
            {
              "batter": "GL Mushi",
              "bowler": "AC Mushangwe",
              "non_striker": "TS Omary",
              "runs": {
                "batter": 0,
                "extras": 0,
                "total": 0
              }
            }
          ]
        },
        {
          "over": 10,
          "deliveries": [
            {
              "batter": "TS Omary",
              "bowler": "P Marange",
              "extras": {
                "wides": 1
              },
              "non_striker": "GL Mushi",
              "runs": {
                "batter": 0,
                "extras": 1,
                "total": 1
              }
            },
            {
              "batter": "TS Omary",
              "bowler": "P Marange",
              "non_striker": "GL Mushi",
              "runs": {
                "batter": 0,
                "extras": 0,
                "total": 0
              }
            },
            {
              "batter": "TS Omary",
              "bowler": "P Marange",
              "non_striker": "GL Mushi",
              "runs": {
                "batter": 0,
                "extras": 0,
                "total": 0
              }
            },
            {
              "batter": "TS Omary",
              "bowler": "P Marange",
              "non_striker": "GL Mushi",
              "runs": {
                "batter": 2,
                "extras": 0,
                "total": 2
              }
            },
            {
              "batter": "TS Omary",
              "bowler": "P Marange",
              "non_striker": "GL Mushi",
              "runs": {
                "batter": 1,
                "extras": 0,
                "total": 1
              }
            },
            {
              "batter": "GL Mushi",
              "bowler": "P Marange",
              "non_striker": "TS Omary",
              "runs": {
                "batter": 0,
                "extras": 0,
                "total": 0
              }
            },
            {
              "batter": "GL Mushi",
              "bowler": "P Marange",
              "non_striker": "TS Omary",
              "runs": {
                "batter": 0,
                "extras": 0,
                "total": 0
              }
            }
          ]
        },
        {
          "over": 11,
          "deliveries": [
            {
              "batter": "TS Omary",
              "bowler": "AC Mushangwe",
              "non_striker": "GL Mushi",
              "runs": {
                "batter": 0,
                "extras": 0,
                "total": 0
              }
            },
            {
              "batter": "TS Omary",
              "bowler": "AC Mushangwe",
              "non_striker": "GL Mushi",
              "runs": {
                "batter": 0,
                "extras": 0,
                "total": 0
              }
            },
            {
              "batter": "TS Omary",
              "bowler": "AC Mushangwe",
              "non_striker": "GL Mushi",
              "runs": {
                "batter": 0,
                "extras": 0,
                "total": 0
              }
            },
            {
              "batter": "TS Omary",
              "bowler": "AC Mushangwe",
              "non_striker": "GL Mushi",
              "runs": {
                "batter": 0,
                "extras": 0,
                "total": 0
              },
              "wickets": [
                {
                  "kind": "caught",
                  "player_out": "TS Omary",
                  "fielders": [
                    {
                      "name": "CT Dhururu"
                    }
                  ]
                }
              ]
            },
            {
              "batter": "SH Mohamedi",
              "bowler": "AC Mushangwe",
              "non_striker": "GL Mushi",
              "runs": {
                "batter": 0,
                "extras": 0,
                "total": 0
              }
            },
            {
              "batter": "SH Mohamedi",
              "bowler": "AC Mushangwe",
              "non_striker": "GL Mushi",
              "runs": {
                "batter": 0,
                "extras": 0,
                "total": 0
              }
            }
          ]
        },
        {
          "over": 12,
          "deliveries": [
            {
              "batter": "GL Mushi",
              "bowler": "L Phiri",
              "non_striker": "SH Mohamedi",
              "runs": {
                "batter": 0,
                "extras": 0,
                "total": 0
              }
            },
            {
              "batter": "GL Mushi",
              "bowler": "L Phiri",
              "non_striker": "SH Mohamedi",
              "runs": {
                "batter": 0,
                "extras": 0,
                "total": 0
              }
            },
            {
              "batter": "GL Mushi",
              "bowler": "L Phiri",
              "non_striker": "SH Mohamedi",
              "runs": {
                "batter": 0,
                "extras": 0,
                "total": 0
              }
            },
            {
              "batter": "GL Mushi",
              "bowler": "L Phiri",
              "non_striker": "SH Mohamedi",
              "runs": {
                "batter": 0,
                "extras": 0,
                "total": 0
              }
            },
            {
              "batter": "GL Mushi",
              "bowler": "L Phiri",
              "non_striker": "SH Mohamedi",
              "runs": {
                "batter": 0,
                "extras": 0,
                "total": 0
              }
            },
            {
              "batter": "GL Mushi",
              "bowler": "L Phiri",
              "non_striker": "SH Mohamedi",
              "runs": {
                "batter": 0,
                "extras": 0,
                "total": 0
              }
            }
          ]
        },
        {
          "over": 13,
          "deliveries": [
            {
              "batter": "SH Mohamedi",
              "bowler": "AC Mushangwe",
              "non_striker": "GL Mushi",
              "runs": {
                "batter": 0,
                "extras": 0,
                "total": 0
              }
            },
            {
              "batter": "SH Mohamedi",
              "bowler": "AC Mushangwe",
              "non_striker": "GL Mushi",
              "runs": {
                "batter": 0,
                "extras": 0,
                "total": 0
              }
            },
            {
              "batter": "SH Mohamedi",
              "bowler": "AC Mushangwe",
              "non_striker": "GL Mushi",
              "runs": {
                "batter": 0,
                "extras": 0,
                "total": 0
              },
              "wickets": [
                {
                  "kind": "bowled",
                  "player_out": "SH Mohamedi"
                }
              ]
            },
            {
              "batter": "Zinaida Jeremiah",
              "bowler": "AC Mushangwe",
              "non_striker": "GL Mushi",
              "runs": {
                "batter": 0,
                "extras": 0,
                "total": 0
              }
            },
            {
              "batter": "Zinaida Jeremiah",
              "bowler": "AC Mushangwe",
              "non_striker": "GL Mushi",
              "runs": {
                "batter": 0,
                "extras": 0,
                "total": 0
              }
            },
            {
              "batter": "Zinaida Jeremiah",
              "bowler": "AC Mushangwe",
              "non_striker": "GL Mushi",
              "runs": {
                "batter": 0,
                "extras": 0,
                "total": 0
              }
            }
          ]
        },
        {
          "over": 14,
          "deliveries": [
            {
              "batter": "GL Mushi",
              "bowler": "T Granger",
              "non_striker": "Zinaida Jeremiah",
              "runs": {
                "batter": 0,
                "extras": 0,
                "total": 0
              }
            },
            {
              "batter": "GL Mushi",
              "bowler": "T Granger",
              "non_striker": "Zinaida Jeremiah",
              "runs": {
                "batter": 0,
                "extras": 0,
                "total": 0
              }
            },
            {
              "batter": "GL Mushi",
              "bowler": "T Granger",
              "non_striker": "Zinaida Jeremiah",
              "runs": {
                "batter": 0,
                "extras": 0,
                "total": 0
              }
            },
            {
              "batter": "GL Mushi",
              "bowler": "T Granger",
              "extras": {
                "wides": 1
              },
              "non_striker": "Zinaida Jeremiah",
              "runs": {
                "batter": 0,
                "extras": 1,
                "total": 1
              }
            },
            {
              "batter": "GL Mushi",
              "bowler": "T Granger",
              "non_striker": "Zinaida Jeremiah",
              "runs": {
                "batter": 0,
                "extras": 0,
                "total": 0
              }
            },
            {
              "batter": "GL Mushi",
              "bowler": "T Granger",
              "non_striker": "Zinaida Jeremiah",
              "runs": {
                "batter": 0,
                "extras": 0,
                "total": 0
              }
            },
            {
              "batter": "GL Mushi",
              "bowler": "T Granger",
              "extras": {
                "noballs": 1
              },
              "non_striker": "Zinaida Jeremiah",
              "runs": {
                "batter": 0,
                "extras": 1,
                "total": 1
              }
            },
            {
              "batter": "GL Mushi",
              "bowler": "T Granger",
              "non_striker": "Zinaida Jeremiah",
              "runs": {
                "batter": 4,
                "extras": 0,
                "total": 4
              }
            }
          ]
        },
        {
          "over": 15,
          "deliveries": [
            {
              "batter": "Zinaida Jeremiah",
              "bowler": "A Mazvishaya",
              "non_striker": "GL Mushi",
              "runs": {
                "batter": 1,
                "extras": 0,
                "total": 1
              }
            },
            {
              "batter": "GL Mushi",
              "bowler": "A Mazvishaya",
              "non_striker": "Zinaida Jeremiah",
              "runs": {
                "batter": 1,
                "extras": 0,
                "total": 1
              }
            },
            {
              "batter": "Zinaida Jeremiah",
              "bowler": "A Mazvishaya",
              "non_striker": "GL Mushi",
              "runs": {
                "batter": 0,
                "extras": 0,
                "total": 0
              }
            },
            {
              "batter": "Zinaida Jeremiah",
              "bowler": "A Mazvishaya",
              "non_striker": "GL Mushi",
              "runs": {
                "batter": 0,
                "extras": 0,
                "total": 0
              }
            },
            {
              "batter": "Zinaida Jeremiah",
              "bowler": "A Mazvishaya",
              "non_striker": "GL Mushi",
              "runs": {
                "batter": 0,
                "extras": 0,
                "total": 0
              }
            },
            {
              "batter": "Zinaida Jeremiah",
              "bowler": "A Mazvishaya",
              "extras": {
                "wides": 1
              },
              "non_striker": "GL Mushi",
              "runs": {
                "batter": 0,
                "extras": 1,
                "total": 1
              }
            },
            {
              "batter": "Zinaida Jeremiah",
              "bowler": "A Mazvishaya",
              "non_striker": "GL Mushi",
              "runs": {
                "batter": 1,
                "extras": 0,
                "total": 1
              }
            }
          ]
        },
        {
          "over": 16,
          "deliveries": [
            {
              "batter": "Zinaida Jeremiah",
              "bowler": "J Nkomo",
              "non_striker": "GL Mushi",
              "runs": {
                "batter": 0,
                "extras": 0,
                "total": 0
              }
            },
            {
              "batter": "Zinaida Jeremiah",
              "bowler": "J Nkomo",
              "extras": {
                "wides": 1
              },
              "non_striker": "GL Mushi",
              "runs": {
                "batter": 0,
                "extras": 1,
                "total": 1
              }
            },
            {
              "batter": "Zinaida Jeremiah",
              "bowler": "J Nkomo",
              "non_striker": "GL Mushi",
              "runs": {
                "batter": 1,
                "extras": 0,
                "total": 1
              }
            },
            {
              "batter": "GL Mushi",
              "bowler": "J Nkomo",
              "non_striker": "Zinaida Jeremiah",
              "runs": {
                "batter": 4,
                "extras": 0,
                "total": 4
              }
            },
            {
              "batter": "GL Mushi",
              "bowler": "J Nkomo",
              "non_striker": "Zinaida Jeremiah",
              "runs": {
                "batter": 2,
                "extras": 0,
                "total": 2
              }
            },
            {
              "batter": "GL Mushi",
              "bowler": "J Nkomo",
              "non_striker": "Zinaida Jeremiah",
              "runs": {
                "batter": 0,
                "extras": 0,
                "total": 0
              }
            },
            {
              "batter": "GL Mushi",
              "bowler": "J Nkomo",
              "non_striker": "Zinaida Jeremiah",
              "runs": {
                "batter": 0,
                "extras": 0,
                "total": 0
              }
            }
          ]
        },
        {
          "over": 17,
          "deliveries": [
            {
              "batter": "Zinaida Jeremiah",
              "bowler": "A Mazvishaya",
              "extras": {
                "wides": 1
              },
              "non_striker": "GL Mushi",
              "runs": {
                "batter": 0,
                "extras": 1,
                "total": 1
              }
            },
            {
              "batter": "Zinaida Jeremiah",
              "bowler": "A Mazvishaya",
              "non_striker": "GL Mushi",
              "runs": {
                "batter": 1,
                "extras": 0,
                "total": 1
              }
            },
            {
              "batter": "GL Mushi",
              "bowler": "A Mazvishaya",
              "non_striker": "Zinaida Jeremiah",
              "runs": {
                "batter": 0,
                "extras": 0,
                "total": 0
              }
            },
            {
              "batter": "GL Mushi",
              "bowler": "A Mazvishaya",
              "non_striker": "Zinaida Jeremiah",
              "runs": {
                "batter": 2,
                "extras": 0,
                "total": 2
              }
            },
            {
              "batter": "GL Mushi",
              "bowler": "A Mazvishaya",
              "non_striker": "Zinaida Jeremiah",
              "runs": {
                "batter": 2,
                "extras": 0,
                "total": 2
              }
            },
            {
              "batter": "GL Mushi",
              "bowler": "A Mazvishaya",
              "extras": {
                "noballs": 1
              },
              "non_striker": "Zinaida Jeremiah",
              "runs": {
                "batter": 0,
                "extras": 1,
                "total": 1
              }
            },
            {
              "batter": "GL Mushi",
              "bowler": "A Mazvishaya",
              "non_striker": "Zinaida Jeremiah",
              "runs": {
                "batter": 0,
                "extras": 0,
                "total": 0
              }
            },
            {
              "batter": "GL Mushi",
              "bowler": "A Mazvishaya",
              "non_striker": "Zinaida Jeremiah",
              "runs": {
                "batter": 0,
                "extras": 0,
                "total": 0
              }
            }
          ]
        },
        {
          "over": 18,
          "deliveries": [
            {
              "batter": "Zinaida Jeremiah",
              "bowler": "P Marange",
              "non_striker": "GL Mushi",
              "runs": {
                "batter": 0,
                "extras": 0,
                "total": 0
              }
            },
            {
              "batter": "Zinaida Jeremiah",
              "bowler": "P Marange",
              "non_striker": "GL Mushi",
              "runs": {
                "batter": 0,
                "extras": 0,
                "total": 0
              }
            },
            {
              "batter": "Zinaida Jeremiah",
              "bowler": "P Marange",
              "non_striker": "GL Mushi",
              "runs": {
                "batter": 2,
                "extras": 0,
                "total": 2
              }
            },
            {
              "batter": "Zinaida Jeremiah",
              "bowler": "P Marange",
              "non_striker": "GL Mushi",
              "runs": {
                "batter": 0,
                "extras": 0,
                "total": 0
              }
            },
            {
              "batter": "Zinaida Jeremiah",
              "bowler": "P Marange",
              "non_striker": "GL Mushi",
              "runs": {
                "batter": 1,
                "extras": 0,
                "total": 1
              }
            },
            {
              "batter": "GL Mushi",
              "bowler": "P Marange",
              "non_striker": "Zinaida Jeremiah",
              "runs": {
                "batter": 0,
                "extras": 0,
                "total": 0
              }
            }
          ]
        },
        {
          "over": 19,
          "deliveries": [
            {
              "batter": "Zinaida Jeremiah",
              "bowler": "J Nkomo",
              "non_striker": "GL Mushi",
              "runs": {
                "batter": 0,
                "extras": 0,
                "total": 0
              }
            },
            {
              "batter": "Zinaida Jeremiah",
              "bowler": "J Nkomo",
              "non_striker": "GL Mushi",
              "runs": {
                "batter": 0,
                "extras": 0,
                "total": 0
              }
            },
            {
              "batter": "Zinaida Jeremiah",
              "bowler": "J Nkomo",
              "non_striker": "GL Mushi",
              "runs": {
                "batter": 0,
                "extras": 0,
                "total": 0
              }
            },
            {
              "batter": "Zinaida Jeremiah",
              "bowler": "J Nkomo",
              "non_striker": "GL Mushi",
              "runs": {
                "batter": 1,
                "extras": 0,
                "total": 1
              }
            },
            {
              "batter": "GL Mushi",
              "bowler": "J Nkomo",
              "non_striker": "Zinaida Jeremiah",
              "runs": {
                "batter": 0,
                "extras": 0,
                "total": 0
              }
            },
            {
              "batter": "GL Mushi",
              "bowler": "J Nkomo",
              "non_striker": "Zinaida Jeremiah",
              "runs": {
                "batter": 1,
                "extras": 0,
                "total": 1
              }
            }
          ]
        }
      ],
      "powerplays": [
        {
          "from": 0.1,
          "to": 5.6,
          "type": "mandatory"
        }
      ],
      "target": {
        "overs": 20,
        "runs": 144
      }
    }
  ]
}