{
  "meta": {
    "data_version": "1.0.0",
    "created": "2019-09-15",
    "revision": 1
  },
  "info": {
    "balls_per_over": 6,
    "city": "Lauderhill",
    "dates": [
      "2019-05-19"
    ],
    "event": {
      "name": "ICC Women's T20 World Cup Americas Region Qualifier"
    },
    "gender": "female",
    "match_type": "T20",
    "match_type_number": 660,
    "officials": {
      "match_referees": [
        "Reon King"
      ],
      "reserve_umpires": [
        "AR Maddela"
      ],
      "umpires": [
        "JM Williams",
        "SN Bandekar"
      ]
    },
    "outcome": {
      "winner": "United States of America",
      "by": {
        "runs": 35
      }
    },
    "overs": 20,
    "player_of_match": [
      "S Sriharsha"
    ],
    "players": {
      "United States of America": [
        "NT Gruny",
        "EH Rendler",
        "S Bhaskar",
        "S Sriharsha",
        "C Atkins",
        "OT Wallerson",
        "U Iftikhar",
        "G Kodali",
        "C Beckford",
        "S Farooq",
        "L Ramjit"
      ],
      "Canada": [
        "M Patel",
        "A Perera",
        "M Khokhar",
        "KN Mirchandani",
        "Saniyah Zia",
        "C Martin",
        "Mahewish Khan",
        "Hala Azmat",
        "Hiba Shamshad",
        "Kainat Qazi",
        "Maliha Baig"
      ]
    },
    "registry": {
      "people": {
        "A Perera": "788afc32",
        "AR Maddela": "5c861579",
        "C Atkins": "81271b06",
        "C Beckford": "2cb0acf4",
        "C Martin": "9af3b97d",
        "EH Rendler": "368d921c",
        "G Kodali": "f606177e",
        "Hala Azmat": "56f77a56",
        "Hiba Shamshad": "5e71e5cc",
        "JM Williams": "b61d9d70",
        "KN Mirchandani": "ce057756",
        "Kainat Qazi": "1ccd4054",
        "L Ramjit": "69950546",
        "M Khokhar": "d29d644e",
        "M Patel": "2967df25",
        "Mahewish Khan": "4705e4b1",
        "Maliha Baig": "1aa63583",
        "NT Gruny": "cdff374b",
        "OT Wallerson": "2fdf42e9",
        "Reon King": "20fbf68c",
        "S Bhaskar": "fd811335",
        "S Farooq": "dbc23e51",
        "S Sriharsha": "89f6c26f",
        "SN Bandekar": "350528bb",
        "Saniyah Zia": "ffae3d12",
        "U Iftikhar": "73ff4720"
      }
    },
    "season": "2019",
    "team_type": "international",
    "teams": [
      "United States of America",
      "Canada"
    ],
    "toss": {
      "decision": "bat",
      "winner": "United States of America"
    },
    "venue": "Central Broward Regional Park Stadium Turf Ground"
  },
  "innings": [
    {
      "team": "United States of America",
      "overs": [
        {
          "over": 0,
          "deliveries": [
            {
              "batter": "NT Gruny",
              "bowler": "Mahewish Khan",
              "non_striker": "EH Rendler",
              "runs": {
                "batter": 1,
                "extras": 0,
                "total": 1
              }
            },
            {
              "batter": "EH Rendler",
              "bowler": "Mahewish Khan",
              "non_striker": "NT Gruny",
              "runs": {
                "batter": 0,
                "extras": 0,
                "total": 0
              }
            },
            {
              "batter": "EH Rendler",
              "bowler": "Mahewish Khan",
              "non_striker": "NT Gruny",
              "runs": {
                "batter": 0,
                "extras": 0,
                "total": 0
              }
            },
            {
              "batter": "EH Rendler",
              "bowler": "Mahewish Khan",
              "non_striker": "NT Gruny",
              "runs": {
                "batter": 0,
                "extras": 0,
                "total": 0
              }
            },
            {
              "batter": "EH Rendler",
              "bowler": "Mahewish Khan",
              "non_striker": "NT Gruny",
              "runs": {
                "batter": 0,
                "extras": 0,
                "total": 0
              }
            },
            {
              "batter": "EH Rendler",
              "bowler": "Mahewish Khan",
              "non_striker": "NT Gruny",
              "runs": {
                "batter": 4,
                "extras": 0,
                "total": 4
              }
            }
          ]
        },
        {
          "over": 1,
          "deliveries": [
            {
              "batter": "NT Gruny",
              "bowler": "A Perera",
              "non_striker": "EH Rendler",
              "runs": {
                "batter": 0,
                "extras": 0,
                "total": 0
              },
              "wickets": [
                {
                  "kind": "bowled",
                  "player_out": "NT Gruny"
                }
              ]
            },
            {
              "batter": "S Bhaskar",
              "bowler": "A Perera",
              "non_striker": "EH Rendler",
              "runs": {
                "batter": 4,
                "extras": 0,
                "total": 4
              }
            },
            {
              "batter": "S Bhaskar",
              "bowler": "A Perera",
              "non_striker": "EH Rendler",
              "runs": {
                "batter": 1,
                "extras": 0,
                "total": 1
              }
            },
            {
              "batter": "EH Rendler",
              "bowler": "A Perera",
              "non_striker": "S Bhaskar",
              "runs": {
                "batter": 0,
                "extras": 0,
                "total": 0
              }
            },
            {
              "batter": "EH Rendler",
              "bowler": "A Perera",
              "non_striker": "S Bhaskar",
              "runs": {
                "batter": 1,
                "extras": 0,
                "total": 1
              }
            },
            {
              "batter": "S Bhaskar",
              "bowler": "A Perera",
              "non_striker": "EH Rendler",
              "runs": {
                "batter": 0,
                "extras": 0,
                "total": 0
              }
            }
          ]
        },
        {
          "over": 2,
          "deliveries": [
            {
              "batter": "EH Rendler",
              "bowler": "Mahewish Khan",
              "non_striker": "S Bhaskar",
              "runs": {
                "batter": 1,
                "extras": 0,
                "total": 1
              }
            },
            {
              "batter": "S Bhaskar",
              "bowler": "Mahewish Khan",
              "non_striker": "EH Rendler",
              "runs": {
                "batter": 0,
                "extras": 0,
                "total": 0
              }
            },
            {
              "batter": "S Bhaskar",
              "bowler": "Mahewish Khan",
              "non_striker": "EH Rendler",
              "runs": {
                "batter": 0,
                "extras": 0,
                "total": 0
              }
            },
            {
              "batter": "S Bhaskar",
              "bowler": "Mahewish Khan",
              "non_striker": "EH Rendler",
              "runs": {
                "batter": 4,
                "extras": 0,
                "total": 4
              }
            },
            {
              "batter": "S Bhaskar",
              "bowler": "Mahewish Khan",
              "non_striker": "EH Rendler",
              "runs": {
                "batter": 0,
                "extras": 0,
                "total": 0
              }
            },
            {
              "batter": "S Bhaskar",
              "bowler": "Mahewish Khan",
              "non_striker": "EH Rendler",
              "runs": {
                "batter": 2,
                "extras": 0,
                "total": 2
              }
            }
          ]
        },
        {
          "over": 3,
          "deliveries": [
            {
              "batter": "EH Rendler",
              "bowler": "A Perera",
              "non_striker": "S Bhaskar",
              "runs": {
                "batter": 0,
                "extras": 0,
                "total": 0
              }
            },
            {
              "batter": "EH Rendler",
              "bowler": "A Perera",
              "non_striker": "S Bhaskar",
              "runs": {
                "batter": 1,
                "extras": 0,
                "total": 1
              }
            },
            {
              "batter": "S Bhaskar",
              "bowler": "A Perera",
              "non_striker": "EH Rendler",
              "runs": {
                "batter": 4,
                "extras": 0,
                "total": 4
              }
            },
            {
              "batter": "S Bhaskar",
              "bowler": "A Perera",
              "non_striker": "EH Rendler",
              "runs": {
                "batter": 4,
                "extras": 0,
                "total": 4
              }
            },
            {
              "batter": "S Bhaskar",
              "bowler": "A Perera",
              "non_striker": "EH Rendler",
              "runs": {
                "batter": 1,
                "extras": 0,
                "total": 1
              }
            },
            {
              "batter": "EH Rendler",
              "bowler": "A Perera",
              "non_striker": "S Bhaskar",
              "runs": {
                "batter": 0,
                "extras": 0,
                "total": 0
              }
            }
          ]
        },
        {
          "over": 4,
          "deliveries": [
            {
              "batter": "S Bhaskar",
              "bowler": "Saniyah Zia",
              "non_striker": "EH Rendler",
              "runs": {
                "batter": 1,
                "extras": 0,
                "total": 1
              }
            },
            {
              "batter": "EH Rendler",
              "bowler": "Saniyah Zia",
              "non_striker": "S Bhaskar",
              "runs": {
                "batter": 0,
                "extras": 0,
                "total": 0
              }
            },
            {
              "batter": "EH Rendler",
              "bowler": "Saniyah Zia",
              "extras": {
                "wides": 1
              },
              "non_striker": "S Bhaskar",
              "runs": {
                "batter": 0,
                "extras": 1,
                "total": 1
              }
            },
            {
              "batter": "EH Rendler",
              "bowler": "Saniyah Zia",
              "non_striker": "S Bhaskar",
              "runs": {
                "batter": 0,
                "extras": 0,
                "total": 0
              },
              "wickets": [
                {
                  "kind": "caught and bowled",
                  "player_out": "EH Rendler"
                }
              ]
            },
            {
              "batter": "S Bhaskar",
              "bowler": "Saniyah Zia",
              "non_striker": "S Sriharsha",
              "runs": {
                "batter": 4,
                "extras": 0,
                "total": 4
              }
            },
            {
              "batter": "S Bhaskar",
              "bowler": "Saniyah Zia",
              "non_striker": "S Sriharsha",
              "runs": {
                "batter": 0,
                "extras": 0,
                "total": 0
              }
            },
            {
              "batter": "S Bhaskar",
              "bowler": "Saniyah Zia",
              "non_striker": "S Sriharsha",
              "runs": {
                "batter": 1,
                "extras": 0,
                "total": 1
              }
            }
          ]
        },
        {
          "over": 5,
          "deliveries": [
            {
              "batter": "S Bhaskar",
              "bowler": "Hiba Shamshad",
              "non_striker": "S Sriharsha",
              "runs": {
                "batter": 0,
                "extras": 0,
                "total": 0
              }
            },
            {
              "batter": "S Bhaskar",
              "bowler": "Hiba Shamshad",
              "non_striker": "S Sriharsha",
              "runs": {
                "batter": 0,
                "extras": 0,
                "total": 0
              }
            },
            {
              "batter": "S Bhaskar",
              "bowler": "Hiba Shamshad",
              "non_striker": "S Sriharsha",
              "runs": {
                "batter": 4,
                "extras": 0,
                "total": 4
              }
            },
            {
              "batter": "S Bhaskar",
              "bowler": "Hiba Shamshad",
              "non_striker": "S Sriharsha",
              "runs": {
                "batter": 0,
                "extras": 0,
                "total": 0
              },
              "wickets": [
                {
                  "kind": "caught",
                  "player_out": "S Bhaskar",
                  "fielders": [
                    {
                      "name": "A Perera"
                    }
                  ]
                }
              ]
            },
            {
              "batter": "S Sriharsha",
              "bowler": "Hiba Shamshad",
              "non_striker": "C Atkins",
              "runs": {
                "batter": 1,
                "extras": 0,
                "total": 1
              }
            },
            {
              "batter": "C Atkins",
              "bowler": "Hiba Shamshad",
              "non_striker": "S Sriharsha",
              "runs": {
                "batter": 1,
                "extras": 0,
                "total": 1
              }
            }
          ]
        },
        {
          "over": 6,
          "deliveries": [
            {
              "batter": "C Atkins",
              "bowler": "Saniyah Zia",
              "non_striker": "S Sriharsha",
              "runs": {
                "batter": 0,
                "extras": 0,
                "total": 0
              },
              "wickets": [
                {
                  "kind": "caught and bowled",
                  "player_out": "C Atkins"
                }
              ]
            },
            {
              "batter": "OT Wallerson",
              "bowler": "Saniyah Zia",
              "non_striker": "S Sriharsha",
              "runs": {
                "batter": 0,
                "extras": 0,
                "total": 0
              }
            },
            {
              "batter": "OT Wallerson",
              "bowler": "Saniyah Zia",
              "non_striker": "S Sriharsha",
              "runs": {
                "batter": 1,
                "extras": 0,
                "total": 1
              }
            },
            {
              "batter": "S Sriharsha",
              "bowler": "Saniyah Zia",
              "non_striker": "OT Wallerson",
              "runs": {
                "batter": 4,
                "extras": 0,
                "total": 4
              }
            },
            {
              "batter": "S Sriharsha",
              "bowler": "Saniyah Zia",
              "non_striker": "OT Wallerson",
              "runs": {
                "batter": 4,
                "extras": 0,
                "total": 4
              }
            },
            {
              "batter": "S Sriharsha",
              "bowler": "Saniyah Zia",
              "non_striker": "OT Wallerson",
              "runs": {
                "batter": 0,
                "extras": 0,
                "total": 0
              }
            }
          ]
        },
        {
          "over": 7,
          "deliveries": [
            {
              "batter": "OT Wallerson",
              "bowler": "Hiba Shamshad",
              "non_striker": "S Sriharsha",
              "runs": {
                "batter": 0,
                "extras": 0,
                "total": 0
              }
            },
            {
              "batter": "OT Wallerson",
              "bowler": "Hiba Shamshad",
              "non_striker": "S Sriharsha",
              "runs": {
                "batter": 0,
                "extras": 0,
                "total": 0
              }
            },
            {
              "batter": "OT Wallerson",
              "bowler": "Hiba Shamshad",
              "non_striker": "S Sriharsha",
              "runs": {
                "batter": 0,
                "extras": 0,
                "total": 0
              }
            },
            {
              "batter": "OT Wallerson",
              "bowler": "Hiba Shamshad",
              "non_striker": "S Sriharsha",
              "runs": {
                "batter": 1,
                "extras": 0,
                "total": 1
              }
            },
            {
              "batter": "S Sriharsha",
              "bowler": "Hiba Shamshad",
              "non_striker": "OT Wallerson",
              "runs": {
                "batter": 1,
                "extras": 0,
                "total": 1
              }
            },
            {
              "batter": "OT Wallerson",
              "bowler": "Hiba Shamshad",
              "non_striker": "S Sriharsha",
              "runs": {
                "batter": 0,
                "extras": 0,
                "total": 0
              }
            }
          ]
        },
        {
          "over": 8,
          "deliveries": [
            {
              "batter": "S Sriharsha",
              "bowler": "KN Mirchandani",
              "non_striker": "OT Wallerson",
              "runs": {
                "batter": 1,
                "extras": 0,
                "total": 1
              }
            },
            {
              "batter": "OT Wallerson",
              "bowler": "KN Mirchandani",
              "non_striker": "S Sriharsha",
              "runs": {
                "batter": 0,
                "extras": 0,
                "total": 0
              }
            },
            {
              "batter": "OT Wallerson",
              "bowler": "KN Mirchandani",
              "non_striker": "S Sriharsha",
              "runs": {
                "batter": 0,
                "extras": 0,
                "total": 0
              }
            },
            {
              "batter": "OT Wallerson",
              "bowler": "KN Mirchandani",
              "non_striker": "S Sriharsha",
              "runs": {
                "batter": 0,
                "extras": 0,
                "total": 0
              }
            },
            {
              "batter": "OT Wallerson",
              "bowler": "KN Mirchandani",
              "extras": {
                "wides": 1
              },
              "non_striker": "S Sriharsha",
              "runs": {
                "batter": 0,
                "extras": 1,
                "total": 1
              }
            },
            {
              "batter": "OT Wallerson",
              "bowler": "KN Mirchandani",
              "non_striker": "S Sriharsha",
              "runs": {
                "batter": 2,
                "extras": 0,
                "total": 2
              }
            },
            {
              "batter": "OT Wallerson",
              "bowler": "KN Mirchandani",
              "non_striker": "S Sriharsha",
              "runs": {
                "batter": 0,
                "extras": 0,
                "total": 0
              }
            }
          ]
        },
        {
          "over": 9,
          "deliveries": [
            {
              "batter": "S Sriharsha",
              "bowler": "Hiba Shamshad",
              "non_striker": "OT Wallerson",
              "runs": {
                "batter": 1,
                "extras": 0,
                "total": 1
              }
            },
            {
              "batter": "OT Wallerson",
              "bowler": "Hiba Shamshad",
              "non_striker": "S Sriharsha",
              "runs": {
                "batter": 0,
                "extras": 0,
                "total": 0
              }
            },
            {
              "batter": "OT Wallerson",
              "bowler": "Hiba Shamshad",
              "non_striker": "S Sriharsha",
              "runs": {
                "batter": 0,
                "extras": 0,
                "total": 0
              }
            },
            {
              "batter": "OT Wallerson",
              "bowler": "Hiba Shamshad",
              "non_striker": "S Sriharsha",
              "runs": {
                "batter": 0,
                "extras": 0,
                "total": 0
              }
            },
            {
              "batter": "OT Wallerson",
              "bowler": "Hiba Shamshad",
              "non_striker": "S Sriharsha",
              "runs": {
                "batter": 0,
                "extras": 0,
                "total": 0
              }
            },
            {
              "batter": "OT Wallerson",
              "bowler": "Hiba Shamshad",
              "non_striker": "S Sriharsha",
              "runs": {
                "batter": 0,
                "extras": 0,
                "total": 0
              }
            }
          ]
        },
        {
          "over": 10,
          "deliveries": [
            {
              "batter": "S Sriharsha",
              "bowler": "KN Mirchandani",
              "non_striker": "OT Wallerson",
              "runs": {
                "batter": 1,
                "extras": 0,
                "total": 1
              }
            },
            {
              "batter": "OT Wallerson",
              "bowler": "KN Mirchandani",
              "non_striker": "S Sriharsha",
              "runs": {
                "batter": 0,
                "extras": 0,
                "total": 0
              }
            },
            {
              "batter": "OT Wallerson",
              "bowler": "KN Mirchandani",
              "non_striker": "S Sriharsha",
              "runs": {
                "batter": 0,
                "extras": 0,
                "total": 0
              }
            },
            {
              "batter": "OT Wallerson",
              "bowler": "KN Mirchandani",
              "non_striker": "S Sriharsha",
              "runs": {
                "batter": 1,
                "extras": 0,
                "total": 1
              }
            },
            {
              "batter": "S Sriharsha",
              "bowler": "KN Mirchandani",
              "non_striker": "OT Wallerson",
              "runs": {
                "batter": 1,
                "extras": 0,
                "total": 1
              }
            },
            {
              "batter": "OT Wallerson",
              "bowler": "KN Mirchandani",
              "non_striker": "S Sriharsha",
              "runs": {
                "batter": 1,
                "extras": 0,
                "total": 1
              }
            }
          ]
        },
        {
          "over": 11,
          "deliveries": [
            {
              "batter": "OT Wallerson",
              "bowler": "Hiba Shamshad",
              "non_striker": "S Sriharsha",
              "runs": {
                "batter": 1,
                "extras": 0,
                "total": 1
              }
            },
            {
              "batter": "S Sriharsha",
              "bowler": "Hiba Shamshad",
              "non_striker": "OT Wallerson",
              "runs": {
                "batter": 1,
                "extras": 0,
                "total": 1
              }
            },
            {
              "batter": "OT Wallerson",
              "bowler": "Hiba Shamshad",
              "non_striker": "S Sriharsha",
              "runs": {
                "batter": 1,
                "extras": 0,
                "total": 1
              }
            },
            {
              "batter": "S Sriharsha",
              "bowler": "Hiba Shamshad",
              "non_striker": "OT Wallerson",
              "runs": {
                "batter": 1,
                "extras": 0,
                "total": 1
              }
            },
            {
              "batter": "OT Wallerson",
              "bowler": "Hiba Shamshad",
              "non_striker": "S Sriharsha",
              "runs": {
                "batter": 1,
                "extras": 0,
                "total": 1
              }
            },
            {
              "batter": "S Sriharsha",
              "bowler": "Hiba Shamshad",
              "non_striker": "OT Wallerson",
              "runs": {
                "batter": 1,
                "extras": 0,
                "total": 1
              }
            }
          ]
        },
        {
          "over": 12,
          "deliveries": [
            {
              "batter": "S Sriharsha",
              "bowler": "KN Mirchandani",
              "non_striker": "OT Wallerson",
              "runs": {
                "batter": 1,
                "extras": 0,
                "total": 1
              }
            },
            {
              "batter": "OT Wallerson",
              "bowler": "KN Mirchandani",
              "non_striker": "S Sriharsha",
              "runs": {
                "batter": 1,
                "extras": 0,
                "total": 1
              }
            },
            {
              "batter": "S Sriharsha",
              "bowler": "KN Mirchandani",
              "non_striker": "OT Wallerson",
              "runs": {
                "batter": 1,
                "extras": 0,
                "total": 1
              }
            },
            {
              "batter": "OT Wallerson",
              "bowler": "KN Mirchandani",
              "non_striker": "S Sriharsha",
              "runs": {
                "batter": 0,
                "extras": 0,
                "total": 0
              }
            },
            {
              "batter": "OT Wallerson",
              "bowler": "KN Mirchandani",
              "non_striker": "S Sriharsha",
              "runs": {
                "batter": 0,
                "extras": 0,
                "total": 0
              }
            },
            {
              "batter": "OT Wallerson",
              "bowler": "KN Mirchandani",
              "non_striker": "S Sriharsha",
              "runs": {
                "batter": 1,
                "extras": 0,
                "total": 1
              }
            }
          ]
        },
        {
          "over": 13,
          "deliveries": [
            {
              "batter": "OT Wallerson",
              "bowler": "Hala Azmat",
              "non_striker": "S Sriharsha",
              "runs": {
                "batter": 2,
                "extras": 0,
                "total": 2
              }
            },
            {
              "batter": "OT Wallerson",
              "bowler": "Hala Azmat",
              "extras": {
                "wides": 1
              },
              "non_striker": "S Sriharsha",
              "runs": {
                "batter": 0,
                "extras": 1,
                "total": 1
              }
            },
            {
              "batter": "OT Wallerson",
              "bowler": "Hala Azmat",
              "non_striker": "S Sriharsha",
              "runs": {
                "batter": 0,
                "extras": 0,
                "total": 0
              }
            },
            {
              "batter": "OT Wallerson",
              "bowler": "Hala Azmat",
              "non_striker": "S Sriharsha",
              "runs": {
                "batter": 0,
                "extras": 0,
                "total": 0
              }
            },
            {
              "batter": "OT Wallerson",
              "bowler": "Hala Azmat",
              "non_striker": "S Sriharsha",
              "runs": {
                "batter": 0,
                "extras": 0,
                "total": 0
              }
            },
            {
              "batter": "OT Wallerson",
              "bowler": "Hala Azmat",
              "non_striker": "S Sriharsha",
              "runs": {
                "batter": 1,
                "extras": 0,
                "total": 1
              }
            },
            {
              "batter": "S Sriharsha",
              "bowler": "Hala Azmat",
              "non_striker": "OT Wallerson",
              "runs": {
                "batter": 6,
                "extras": 0,
                "total": 6
              }
            }
          ]
        },
        {
          "over": 14,
          "deliveries": [
            {
              "batter": "OT Wallerson",
              "bowler": "KN Mirchandani",
              "non_striker": "S Sriharsha",
              "runs": {
                "batter": 0,
                "extras": 0,
                "total": 0
              }
            },
            {
              "batter": "OT Wallerson",
              "bowler": "KN Mirchandani",
              "non_striker": "S Sriharsha",
              "runs": {
                "batter": 1,
                "extras": 0,
                "total": 1
              }
            },
            {
              "batter": "S Sriharsha",
              "bowler": "KN Mirchandani",
              "non_striker": "OT Wallerson",
              "runs": {
                "batter": 2,
                "extras": 0,
                "total": 2
              }
            },
            {
              "batter": "S Sriharsha",
              "bowler": "KN Mirchandani",
              "non_striker": "OT Wallerson",
              "runs": {
                "batter": 1,
                "extras": 0,
                "total": 1
              }
            },
            {
              "batter": "OT Wallerson",
              "bowler": "KN Mirchandani",
              "non_striker": "S Sriharsha",
              "runs": {
                "batter": 0,
                "extras": 0,
                "total": 0
              }
            },
            {
              "batter": "OT Wallerson",
              "bowler": "KN Mirchandani",
              "non_striker": "S Sriharsha",
              "runs": {
                "batter": 2,
                "extras": 0,
                "total": 2
              }
            }
          ]
        },
        {
          "over": 15,
          "deliveries": [
            {
              "batter": "S Sriharsha",
              "bowler": "A Perera",
              "non_striker": "OT Wallerson",
              "runs": {
                "batter": 1,
                "extras": 0,
                "total": 1
              }
            },
            {
              "batter": "OT Wallerson",
              "bowler": "A Perera",
              "non_striker": "S Sriharsha",
              "runs": {
                "batter": 1,
                "extras": 0,
                "total": 1
              }
            },
            {
              "batter": "S Sriharsha",
              "bowler": "A Perera",
              "non_striker": "OT Wallerson",
              "runs": {
                "batter": 2,
                "extras": 0,
                "total": 2
              }
            },
            {
              "batter": "S Sriharsha",
              "bowler": "A Perera",
              "non_striker": "OT Wallerson",
              "runs": {
                "batter": 0,
                "extras": 0,
                "total": 0
              }
            },
            {
              "batter": "S Sriharsha",
              "bowler": "A Perera",
              "non_striker": "OT Wallerson",
              "runs": {
                "batter": 1,
                "extras": 0,
                "total": 1
              }
            },
            {
              "batter": "OT Wallerson",
              "bowler": "A Perera",
              "non_striker": "S Sriharsha",
              "runs": {
                "batter": 0,
                "extras": 0,
                "total": 0
              }
            }
          ]
        },
        {
          "over": 16,
          "deliveries": [
            {
              "batter": "S Sriharsha",
              "bowler": "Saniyah Zia",
              "extras": {
                "wides": 1
              },
              "non_striker": "OT Wallerson",
              "runs": {
                "batter": 0,
                "extras": 1,
                "total": 1
              }
            },
            {
              "batter": "S Sriharsha",
              "bowler": "Saniyah Zia",
              "non_striker": "OT Wallerson",
              "runs": {
                "batter": 0,
                "extras": 0,
                "total": 0
              }
            },
            {
              "batter": "S Sriharsha",
              "bowler": "Saniyah Zia",
              "non_striker": "OT Wallerson",
              "runs": {
                "batter": 0,
                "extras": 0,
                "total": 0
              }
            },
            {
              "batter": "S Sriharsha",
              "bowler": "Saniyah Zia",
              "non_striker": "OT Wallerson",
              "runs": {
                "batter": 0,
                "extras": 0,
                "total": 0
              }
            },
            {
              "batter": "S Sriharsha",
              "bowler": "Saniyah Zia",
              "non_striker": "OT Wallerson",
              "runs": {
                "batter": 2,
                "extras": 0,
                "total": 2
              }
            },
            {
              "batter": "S Sriharsha",
              "bowler": "Saniyah Zia",
              "non_striker": "OT Wallerson",
              "runs": {
                "batter": 1,
                "extras": 0,
                "total": 1
              }
            },
            {
              "batter": "OT Wallerson",
              "bowler": "Saniyah Zia",
              "non_striker": "S Sriharsha",
              "runs": {
                "batter": 0,
                "extras": 0,
                "total": 0
              }
            }
          ]
        },
        {
          "over": 17,
          "deliveries": [
            {
              "batter": "S Sriharsha",
              "bowler": "A Perera",
              "non_striker": "OT Wallerson",
              "runs": {
                "batter": 0,
                "extras": 0,
                "total": 0
              }
            },
            {
              "batter": "S Sriharsha",
              "bowler": "A Perera",
              "non_striker": "OT Wallerson",
              "runs": {
                "batter": 1,
                "extras": 0,
                "total": 1
              }
            },
            {
              "batter": "OT Wallerson",
              "bowler": "A Perera",
              "non_striker": "S Sriharsha",
              "runs": {
                "batter": 4,
                "extras": 0,
                "total": 4
              }
            },
            {
              "batter": "OT Wallerson",
              "bowler": "A Perera",
              "non_striker": "S Sriharsha",
              "runs": {
                "batter": 1,
                "extras": 0,
                "total": 1
              }
            },
            {
              "batter": "S Sriharsha",
              "bowler": "A Perera",
              "non_striker": "OT Wallerson",
              "runs": {
                "batter": 0,
                "extras": 0,
                "total": 0
              }
            },
            {
              "batter": "S Sriharsha",
              "bowler": "A Perera",
              "non_striker": "OT Wallerson",
              "runs": {
                "batter": 4,
                "extras": 0,
                "total": 4
              }
            }
          ]
        },
        {
          "over": 18,
          "deliveries": [
            {
              "batter": "OT Wallerson",
              "bowler": "Saniyah Zia",
              "non_striker": "S Sriharsha",
              "runs": {
                "batter": 0,
                "extras": 0,
                "total": 0
              }
            },
            {
              "batter": "OT Wallerson",
              "bowler": "Saniyah Zia",
              "non_striker": "S Sriharsha",
              "runs": {
                "batter": 0,
                "extras": 0,
                "total": 0
              },
              "wickets": [
                {
                  "kind": "bowled",
                  "player_out": "OT Wallerson"
                }
              ]
            },
            {
              "batter": "U Iftikhar",
              "bowler": "Saniyah Zia",
              "non_striker": "S Sriharsha",
              "runs": {
                "batter": 1,
                "extras": 0,
                "total": 1
              }
            },
            {
              "batter": "S Sriharsha",
              "bowler": "Saniyah Zia",
              "non_striker": "U Iftikhar",
              "runs": {
                "batter": 1,
                "extras": 0,
                "total": 1
              }
            },
            {
              "batter": "U Iftikhar",
              "bowler": "Saniyah Zia",
              "non_striker": "S Sriharsha",
              "runs": {
                "batter": 0,
                "extras": 0,
                "total": 0
              }
            },
            {
              "batter": "U Iftikhar",
              "bowler": "Saniyah Zia",
              "non_striker": "S Sriharsha",
              "runs": {
                "batter": 0,
                "extras": 0,
                "total": 0
              }
            }
          ]
        },
        {
          "over": 19,
          "deliveries": [
            {
              "batter": "S Sriharsha",
              "bowler": "Mahewish Khan",
              "non_striker": "U Iftikhar",
              "runs": {
                "batter": 1,
                "extras": 0,
                "total": 1
              }
            },
            {
              "batter": "U Iftikhar",
              "bowler": "Mahewish Khan",
              "non_striker": "S Sriharsha",
              "runs": {
                "batter": 6,
                "extras": 0,
                "total": 6
              }
            },
            {
              "batter": "U Iftikhar",
              "bowler": "Mahewish Khan",
              "non_striker": "S Sriharsha",
              "runs": {
                "batter": 0,
                "extras": 0,
                "total": 0
              }
            },
            {
              "batter": "U Iftikhar",
              "bowler": "Mahewish Khan",
              "non_striker": "S Sriharsha",
              "runs": {
                "batter": 0,
                "extras": 0,
                "total": 0
              },
              "wickets": [
                {
                  "kind": "caught",
                  "player_out": "U Iftikhar",
                  "fielders": [
                    {
                      "name": "A Perera"
                    }
                  ]
                }
              ]
            },
            {
              "batter": "G Kodali",
              "bowler": "Mahewish Khan",
              "non_striker": "S Sriharsha",
              "runs": {
                "batter": 1,
                "extras": 0,
                "total": 1
              }
            },
            {
              "batter": "S Sriharsha",
              "bowler": "Mahewish Khan",
              "non_striker": "G Kodali",
              "runs": {
                "batter": 0,
                "extras": 0,
                "total": 0
              }
            }
          ]
        }
      ],
      "powerplays": [
        {
          "from": 0.1,
          "to": 5.6,
          "type": "mandatory"
        }
      ]
    },
    {
      "team": "Canada",
      "overs": [
        {
          "over": 0,
          "deliveries": [
            {
              "batter": "M Patel",
              "bowler": "S Farooq",
              "non_striker": "A Perera",
              "runs": {
                "batter": 0,
                "extras": 0,
                "total": 0
              }
            },
            {
              "batter": "M Patel",
              "bowler": "S Farooq",
              "non_striker": "A Perera",
              "runs": {
                "batter": 0,
                "extras": 0,
                "total": 0
              }
            },
            {
              "batter": "M Patel",
              "bowler": "S Farooq",
              "non_striker": "A Perera",
              "runs": {
                "batter": 0,
                "extras": 0,
                "total": 0
              }
            },
            {
              "batter": "M Patel",
              "bowler": "S Farooq",
              "extras": {
                "wides": 1
              },
              "non_striker": "A Perera",
              "runs": {
                "batter": 0,
                "extras": 1,
                "total": 1
              }
            },
            {
              "batter": "M Patel",
              "bowler": "S Farooq",
              "non_striker": "A Perera",
              "runs": {
                "batter": 0,
                "extras": 0,
                "total": 0
              }
            },
            {
              "batter": "M Patel",
              "bowler": "S Farooq",
              "non_striker": "A Perera",
              "runs": {
                "batter": 0,
                "extras": 0,
                "total": 0
              }
            },
            {
              "batter": "M Patel",
              "bowler": "S Farooq",
              "non_striker": "A Perera",
              "runs": {
                "batter": 0,
                "extras": 0,
                "total": 0
              }
            }
          ]
        },
        {
          "over": 1,
          "deliveries": [
            {
              "batter": "A Perera",
              "bowler": "C Beckford",
              "non_striker": "M Patel",
              "runs": {
                "batter": 0,
                "extras": 0,
                "total": 0
              }
            },
            {
              "batter": "A Perera",
              "bowler": "C Beckford",
              "non_striker": "M Patel",
              "runs": {
                "batter": 1,
                "extras": 0,
                "total": 1
              }
            },
            {
              "batter": "M Patel",
              "bowler": "C Beckford",
              "non_striker": "A Perera",
              "runs": {
                "batter": 0,
                "extras": 0,
                "total": 0
              }
            },
            {
              "batter": "M Patel",
              "bowler": "C Beckford",
              "non_striker": "A Perera",
              "runs": {
                "batter": 0,
                "extras": 0,
                "total": 0
              }
            },
            {
              "batter": "M Patel",
              "bowler": "C Beckford",
              "non_striker": "A Perera",
              "runs": {
                "batter": 0,
                "extras": 0,
                "total": 0
              }
            },
            {
              "batter": "M Patel",
              "bowler": "C Beckford",
              "non_striker": "A Perera",
              "runs": {
                "batter": 0,
                "extras": 0,
                "total": 0
              }
            }
          ]
        },
        {
          "over": 2,
          "deliveries": [
            {
              "batter": "A Perera",
              "bowler": "S Farooq",
              "non_striker": "M Patel",
              "runs": {
                "batter": 0,
                "extras": 0,
                "total": 0
              }
            },
            {
              "batter": "A Perera",
              "bowler": "S Farooq",
              "non_striker": "M Patel",
              "runs": {
                "batter": 4,
                "extras": 0,
                "total": 4
              }
            },
            {
              "batter": "A Perera",
              "bowler": "S Farooq",
              "non_striker": "M Patel",
              "runs": {
                "batter": 0,
                "extras": 0,
                "total": 0
              }
            },
            {
              "batter": "A Perera",
              "bowler": "S Farooq",
              "non_striker": "M Patel",
              "runs": {
                "batter": 0,
                "extras": 0,
                "total": 0
              }
            },
            {
              "batter": "A Perera",
              "bowler": "S Farooq",
              "non_striker": "M Patel",
              "runs": {
                "batter": 0,
                "extras": 0,
                "total": 0
              }
            },
            {
              "batter": "A Perera",
              "bowler": "S Farooq",
              "non_striker": "M Patel",
              "runs": {
                "batter": 2,
                "extras": 0,
                "total": 2
              }
            }
          ]
        },
        {
          "over": 3,
          "deliveries": [
            {
              "batter": "M Patel",
              "bowler": "C Beckford",
              "non_striker": "A Perera",
              "runs": {
                "batter": 0,
                "extras": 0,
                "total": 0
              }
            },
            {
              "batter": "M Patel",
              "bowler": "C Beckford",
              "non_striker": "A Perera",
              "runs": {
                "batter": 4,
                "extras": 0,
                "total": 4
              }
            },
            {
              "batter": "M Patel",
              "bowler": "C Beckford",
              "non_striker": "A Perera",
              "runs": {
                "batter": 0,
                "extras": 0,
                "total": 0
              }
            },
            {
              "batter": "M Patel",
              "bowler": "C Beckford",
              "non_striker": "A Perera",
              "runs": {
                "batter": 0,
                "extras": 0,
                "total": 0
              }
            },
            {
              "batter": "M Patel",
              "bowler": "C Beckford",
              "non_striker": "A Perera",
              "runs": {
                "batter": 0,
                "extras": 0,
                "total": 0
              }
            },
            {
              "batter": "M Patel",
              "bowler": "C Beckford",
              "non_striker": "A Perera",
              "runs": {
                "batter": 1,
                "extras": 0,
                "total": 1
              }
            }
          ]
        },
        {
          "over": 4,
          "deliveries": [
            {
              "batter": "M Patel",
              "bowler": "OT Wallerson",
              "non_striker": "A Perera",
              "runs": {
                "batter": 0,
                "extras": 0,
                "total": 0
              }
            },
            {
              "batter": "M Patel",
              "bowler": "OT Wallerson",
              "non_striker": "A Perera",
              "runs": {
                "batter": 1,
                "extras": 0,
                "total": 1
              }
            },
            {
              "batter": "A Perera",
              "bowler": "OT Wallerson",
              "non_striker": "M Patel",
              "runs": {
                "batter": 1,
                "extras": 0,
                "total": 1
              }
            },
            {
              "batter": "M Patel",
              "bowler": "OT Wallerson",
              "non_striker": "A Perera",
              "runs": {
                "batter": 4,
                "extras": 0,
                "total": 4
              }
            },
            {
              "batter": "M Patel",
              "bowler": "OT Wallerson",
              "non_striker": "A Perera",
              "runs": {
                "batter": 2,
                "extras": 0,
                "total": 2
              }
            },
            {
              "batter": "M Patel",
              "bowler": "OT Wallerson",
              "non_striker": "A Perera",
              "runs": {
                "batter": 0,
                "extras": 0,
                "total": 0
              }
            }
          ]
        },
        {
          "over": 5,
          "deliveries": [
            {
              "batter": "A Perera",
              "bowler": "L Ramjit",
              "extras": {
                "wides": 5
              },
              "non_striker": "M Patel",
              "runs": {
                "batter": 0,
                "extras": 5,
                "total": 5
              }
            },
            {
              "batter": "A Perera",
              "bowler": "L Ramjit",
              "non_striker": "M Patel",
              "runs": {
                "batter": 0,
                "extras": 0,
                "total": 0
              }
            },
            {
              "batter": "A Perera",
              "bowler": "L Ramjit",
              "non_striker": "M Patel",
              "runs": {
                "batter": 0,
                "extras": 0,
                "total": 0
              }
            },
            {
              "batter": "A Perera",
              "bowler": "L Ramjit",
              "non_striker": "M Patel",
              "runs": {
                "batter": 0,
                "extras": 0,
                "total": 0
              }
            },
            {
              "batter": "A Perera",
              "bowler": "L Ramjit",
              "non_striker": "M Patel",
              "runs": {
                "batter": 1,
                "extras": 0,
                "total": 1
              }
            },
            {
              "batter": "M Patel",
              "bowler": "L Ramjit",
              "non_striker": "A Perera",
              "runs": {
                "batter": 0,
                "extras": 0,
                "total": 0
              }
            },
            {
              "batter": "M Patel",
              "bowler": "L Ramjit",
              "non_striker": "A Perera",
              "runs": {
                "batter": 0,
                "extras": 0,
                "total": 0
              }
            }
          ]
        },
        {
          "over": 6,
          "deliveries": [
            {
              "batter": "A Perera",
              "bowler": "OT Wallerson",
              "non_striker": "M Patel",
              "runs": {
                "batter": 2,
                "extras": 0,
                "total": 2
              }
            },
            {
              "batter": "A Perera",
              "bowler": "OT Wallerson",
              "non_striker": "M Patel",
              "runs": {
                "batter": 0,
                "extras": 0,
                "total": 0
              },
              "wickets": [
                {
                  "kind": "bowled",
                  "player_out": "A Perera"
                }
              ]
            },
            {
              "batter": "M Khokhar",
              "bowler": "OT Wallerson",
              "non_striker": "M Patel",
              "runs": {
                "batter": 0,
                "extras": 0,
                "total": 0
              }
            },
            {
              "batter": "M Khokhar",
              "bowler": "OT Wallerson",
              "non_striker": "M Patel",
              "runs": {
                "batter": 1,
                "extras": 0,
                "total": 1
              }
            },
            {
              "batter": "M Patel",
              "bowler": "OT Wallerson",
              "non_striker": "M Khokhar",
              "runs": {
                "batter": 0,
                "extras": 0,
                "total": 0
              }
            },
            {
              "batter": "M Patel",
              "bowler": "OT Wallerson",
              "non_striker": "M Khokhar",
              "runs": {
                "batter": 0,
                "extras": 0,
                "total": 0
              }
            }
          ]
        },
        {
          "over": 7,
          "deliveries": [
            {
              "batter": "M Khokhar",
              "bowler": "L Ramjit",
              "non_striker": "M Patel",
              "runs": {
                "batter": 0,
                "extras": 0,
                "total": 0
              }
            },
            {
              "batter": "M Khokhar",
              "bowler": "L Ramjit",
              "non_striker": "M Patel",
              "runs": {
                "batter": 1,
                "extras": 0,
                "total": 1
              }
            },
            {
              "batter": "M Patel",
              "bowler": "L Ramjit",
              "non_striker": "M Khokhar",
              "runs": {
                "batter": 0,
                "extras": 0,
                "total": 0
              }
            },
            {
              "batter": "M Patel",
              "bowler": "L Ramjit",
              "non_striker": "M Khokhar",
              "runs": {
                "batter": 0,
                "extras": 0,
                "total": 0
              }
            },
            {
              "batter": "M Patel",
              "bowler": "L Ramjit",
              "non_striker": "M Khokhar",
              "runs": {
                "batter": 0,
                "extras": 0,
                "total": 0
              }
            },
            {
              "batter": "M Patel",
              "bowler": "L Ramjit",
              "non_striker": "M Khokhar",
              "runs": {
                "batter": 0,
                "extras": 0,
                "total": 0
              },
              "wickets": [
                {
                  "kind": "bowled",
                  "player_out": "M Patel"
                }
              ]
            }
          ]
        },
        {
          "over": 8,
          "deliveries": [
            {
              "batter": "M Khokhar",
              "bowler": "G Kodali",
              "non_striker": "KN Mirchandani",
              "runs": {
                "batter": 1,
                "extras": 0,
                "total": 1
              }
            },
            {
              "batter": "KN Mirchandani",
              "bowler": "G Kodali",
              "non_striker": "M Khokhar",
              "runs": {
                "batter": 0,
                "extras": 0,
                "total": 0
              }
            },
            {
              "batter": "KN Mirchandani",
              "bowler": "G Kodali",
              "extras": {
                "wides": 1
              },
              "non_striker": "M Khokhar",
              "runs": {
                "batter": 0,
                "extras": 1,
                "total": 1
              }
            },
            {
              "batter": "KN Mirchandani",
              "bowler": "G Kodali",
              "extras": {
                "wides": 1
              },
              "non_striker": "M Khokhar",
              "runs": {
                "batter": 0,
                "extras": 1,
                "total": 1
              }
            },
            {
              "batter": "KN Mirchandani",
              "bowler": "G Kodali",
              "extras": {
                "noballs": 1
              },
              "non_striker": "M Khokhar",
              "runs": {
                "batter": 0,
                "extras": 1,
                "total": 1
              }
            },
            {
              "batter": "KN Mirchandani",
              "bowler": "G Kodali",
              "non_striker": "M Khokhar",
              "runs": {
                "batter": 0,
                "extras": 0,
                "total": 0
              }
            },
            {
              "batter": "KN Mirchandani",
              "bowler": "G Kodali",
              "non_striker": "M Khokhar",
              "runs": {
                "batter": 0,
                "extras": 0,
                "total": 0
              }
            },
            {
              "batter": "KN Mirchandani",
              "bowler": "G Kodali",
              "non_striker": "M Khokhar",
              "runs": {
                "batter": 0,
                "extras": 0,
                "total": 0
              }
            },
            {
              "batter": "KN Mirchandani",
              "bowler": "G Kodali",
              "extras": {
                "wides": 1
              },
              "non_striker": "M Khokhar",
              "runs": {
                "batter": 0,
                "extras": 1,
                "total": 1
              }
            },
            {
              "batter": "KN Mirchandani",
              "bowler": "G Kodali",
              "non_striker": "M Khokhar",
              "runs": {
                "batter": 0,
                "extras": 0,
                "total": 0
              }
            }
          ]
        },
        {
          "over": 9,
          "deliveries": [
            {
              "batter": "M Khokhar",
              "bowler": "U Iftikhar",
              "non_striker": "KN Mirchandani",
              "runs": {
                "batter": 0,
                "extras": 0,
                "total": 0
              }
            },
            {
              "batter": "M Khokhar",
              "bowler": "U Iftikhar",
              "non_striker": "KN Mirchandani",
              "runs": {
                "batter": 0,
                "extras": 0,
                "total": 0
              }
            },
            {
              "batter": "M Khokhar",
              "bowler": "U Iftikhar",
              "non_striker": "KN Mirchandani",
              "runs": {
                "batter": 1,
                "extras": 0,
                "total": 1
              }
            },
            {
              "batter": "KN Mirchandani",
              "bowler": "U Iftikhar",
              "non_striker": "M Khokhar",
              "runs": {
                "batter": 0,
                "extras": 0,
                "total": 0
              }
            },
            {
              "batter": "KN Mirchandani",
              "bowler": "U Iftikhar",
              "non_striker": "M Khokhar",
              "runs": {
                "batter": 0,
                "extras": 0,
                "total": 0
              }
            },
            {
              "batter": "KN Mirchandani",
              "bowler": "U Iftikhar",
              "non_striker": "M Khokhar",
              "runs": {
                "batter": 0,
                "extras": 0,
                "total": 0
              }
            }
          ]
        },
        {
          "over": 10,
          "deliveries": [
            {
              "batter": "M Khokhar",
              "bowler": "G Kodali",
              "non_striker": "KN Mirchandani",
              "runs": {
                "batter": 1,
                "extras": 0,
                "total": 1
              }
            },
            {
              "batter": "KN Mirchandani",
              "bowler": "G Kodali",
              "non_striker": "M Khokhar",
              "runs": {
                "batter": 0,
                "extras": 0,
                "total": 0
              }
            },
            {
              "batter": "KN Mirchandani",
              "bowler": "G Kodali",
              "non_striker": "M Khokhar",
              "runs": {
                "batter": 0,
                "extras": 0,
                "total": 0
              }
            },
            {
              "batter": "KN Mirchandani",
              "bowler": "G Kodali",
              "non_striker": "M Khokhar",
              "runs": {
                "batter": 0,
                "extras": 0,
                "total": 0
              }
            },
            {
              "batter": "KN Mirchandani",
              "bowler": "G Kodali",
              "non_striker": "M Khokhar",
              "runs": {
                "batter": 0,
                "extras": 0,
                "total": 0
              }
            },
            {
              "batter": "KN Mirchandani",
              "bowler": "G Kodali",
              "non_striker": "M Khokhar",
              "runs": {
                "batter": 1,
                "extras": 0,
                "total": 1
              }
            }
          ]
        },
        {
          "over": 11,
          "deliveries": [
            {
              "batter": "KN Mirchandani",
              "bowler": "U Iftikhar",
              "non_striker": "M Khokhar",
              "runs": {
                "batter": 1,
                "extras": 0,
                "total": 1
              }
            },
            {
              "batter": "M Khokhar",
              "bowler": "U Iftikhar",
              "extras": {
                "wides": 1
              },
              "non_striker": "KN Mirchandani",
              "runs": {
                "batter": 0,
                "extras": 1,
                "total": 1
              }
            },
            {
              "batter": "M Khokhar",
              "bowler": "U Iftikhar",
              "non_striker": "KN Mirchandani",
              "runs": {
                "batter": 0,
                "extras": 0,
                "total": 0
              },
              "wickets": [
                {
                  "kind": "run out",
                  "player_out": "M Khokhar"
                }
              ]
            },
            {
              "batter": "KN Mirchandani",
              "bowler": "U Iftikhar",
              "non_striker": "Saniyah Zia",
              "runs": {
                "batter": 1,
                "extras": 0,
                "total": 1
              }
            },
            {
              "batter": "Saniyah Zia",
              "bowler": "U Iftikhar",
              "non_striker": "KN Mirchandani",
              "runs": {
                "batter": 0,
                "extras": 0,
                "total": 0
              }
            },
            {
              "batter": "Saniyah Zia",
              "bowler": "U Iftikhar",
              "non_striker": "KN Mirchandani",
              "runs": {
                "batter": 1,
                "extras": 0,
                "total": 1
              }
            },
            {
              "batter": "KN Mirchandani",
              "bowler": "U Iftikhar",
              "non_striker": "Saniyah Zia",
              "runs": {
                "batter": 1,
                "extras": 0,
                "total": 1
              }
            }
          ]
        },
        {
          "over": 12,
          "deliveries": [
            {
              "batter": "KN Mirchandani",
              "bowler": "OT Wallerson",
              "non_striker": "Saniyah Zia",
              "runs": {
                "batter": 0,
                "extras": 0,
                "total": 0
              }
            },
            {
              "batter": "KN Mirchandani",
              "bowler": "OT Wallerson",
              "non_striker": "Saniyah Zia",
              "runs": {
                "batter": 4,
                "extras": 0,
                "total": 4
              }
            },
            {
              "batter": "KN Mirchandani",
              "bowler": "OT Wallerson",
              "non_striker": "Saniyah Zia",
              "runs": {
                "batter": 2,
                "extras": 0,
                "total": 2
              }
            },
            {
              "batter": "KN Mirchandani",
              "bowler": "OT Wallerson",
              "non_striker": "Saniyah Zia",
              "runs": {
                "batter": 1,
                "extras": 0,
                "total": 1
              }
            },
            {
              "batter": "Saniyah Zia",
              "bowler": "OT Wallerson",
              "non_striker": "KN Mirchandani",
              "runs": {
                "batter": 1,
                "extras": 0,
                "total": 1
              }
            },
            {
              "batter": "KN Mirchandani",
              "bowler": "OT Wallerson",
              "non_striker": "Saniyah Zia",
              "runs": {
                "batter": 1,
                "extras": 0,
                "total": 1
              }
            }
          ]
        },
        {
          "over": 13,
          "deliveries": [
            {
              "batter": "KN Mirchandani",
              "bowler": "L Ramjit",
              "non_striker": "Saniyah Zia",
              "runs": {
                "batter": 1,
                "extras": 0,
                "total": 1
              }
            },
            {
              "batter": "Saniyah Zia",
              "bowler": "L Ramjit",
              "non_striker": "KN Mirchandani",
              "runs": {
                "batter": 1,
                "extras": 0,
                "total": 1
              }
            },
            {
              "batter": "KN Mirchandani",
              "bowler": "L Ramjit",
              "non_striker": "Saniyah Zia",
              "runs": {
                "batter": 0,
                "extras": 0,
                "total": 0
              },
              "wickets": [
                {
                  "kind": "caught",
                  "player_out": "KN Mirchandani",
                  "fielders": [
                    {
                      "name": "S Bhaskar"
                    }
                  ]
                }
              ]
            },
            {
              "batter": "C Martin",
              "bowler": "L Ramjit",
              "non_striker": "Saniyah Zia",
              "runs": {
                "batter": 0,
                "extras": 0,
                "total": 0
              }
            },
            {
              "batter": "C Martin",
              "bowler": "L Ramjit",
              "non_striker": "Saniyah Zia",
              "runs": {
                "batter": 0,
                "extras": 0,
                "total": 0
              }
            },
            {
              "batter": "C Martin",
              "bowler": "L Ramjit",
              "non_striker": "Saniyah Zia",
              "runs": {
                "batter": 1,
                "extras": 0,
                "total": 1
              }
            }
          ]
        },
        {
          "over": 14,
          "deliveries": [
            {
              "batter": "C Martin",
              "bowler": "U Iftikhar",
              "non_striker": "Saniyah Zia",
              "runs": {
                "batter": 1,
                "extras": 0,
                "total": 1
              }
            },
            {
              "batter": "Saniyah Zia",
              "bowler": "U Iftikhar",
              "non_striker": "C Martin",
              "runs": {
                "batter": 0,
                "extras": 0,
                "total": 0
              }
            },
            {
              "batter": "Saniyah Zia",
              "bowler": "U Iftikhar",
              "non_striker": "C Martin",
              "runs": {
                "batter": 1,
                "extras": 0,
                "total": 1
              }
            },
            {
              "batter": "C Martin",
              "bowler": "U Iftikhar",
              "non_striker": "Saniyah Zia",
              "runs": {
                "batter": 2,
                "extras": 0,
                "total": 2
              }
            },
            {
              "batter": "C Martin",
              "bowler": "U Iftikhar",
              "non_striker": "Saniyah Zia",
              "runs": {
                "batter": 1,
                "extras": 0,
                "total": 1
              }
            },
            {
              "batter": "Saniyah Zia",
              "bowler": "U Iftikhar",
              "non_striker": "C Martin",
              "runs": {
                "batter": 0,
                "extras": 0,
                "total": 0
              }
            }
          ]
        },
        {
          "over": 15,
          "deliveries": [
            {
              "batter": "C Martin",
              "bowler": "L Ramjit",
              "non_striker": "Saniyah Zia",
              "runs": {
                "batter": 0,
                "extras": 0,
                "total": 0
              }
            },
            {
              "batter": "C Martin",
              "bowler": "L Ramjit",
              "non_striker": "Saniyah Zia",
              "runs": {
                "batter": 0,
                "extras": 0,
                "total": 0
              },
              "wickets": [
                {
                  "kind": "bowled",
                  "player_out": "C Martin"
                }
              ]
            },
            {
              "batter": "Mahewish Khan",
              "bowler": "L Ramjit",
              "non_striker": "Saniyah Zia",
              "runs": {
                "batter": 0,
                "extras": 0,
                "total": 0
              }
            },
            {
              "batter": "Mahewish Khan",
              "bowler": "L Ramjit",
              "non_striker": "Saniyah Zia",
              "runs": {
                "batter": 0,
                "extras": 0,
                "total": 0
              }
            },
            {
              "batter": "Mahewish Khan",
              "bowler": "L Ramjit",
              "non_striker": "Saniyah Zia",
              "runs": {
                "batter": 1,
                "extras": 0,
                "total": 1
              }
            },
            {
              "batter": "Saniyah Zia",
              "bowler": "L Ramjit",
              "non_striker": "Mahewish Khan",
              "runs": {
                "batter": 0,
                "extras": 0,
                "total": 0
              }
            }
          ]
        },
        {
          "over": 16,
          "deliveries": [
            {
              "batter": "Mahewish Khan",
              "bowler": "U Iftikhar",
              "non_striker": "Saniyah Zia",
              "runs": {
                "batter": 0,
                "extras": 0,
                "total": 0
              }
            },
            {
              "batter": "Mahewish Khan",
              "bowler": "U Iftikhar",
              "non_striker": "Saniyah Zia",
              "runs": {
                "batter": 1,
                "extras": 0,
                "total": 1
              }
            },
            {
              "batter": "Saniyah Zia",
              "bowler": "U Iftikhar",
              "non_striker": "Mahewish Khan",
              "runs": {
                "batter": 1,
                "extras": 0,
                "total": 1
              }
            },
            {
              "batter": "Mahewish Khan",
              "bowler": "U Iftikhar",
              "non_striker": "Saniyah Zia",
              "runs": {
                "batter": 1,
                "extras": 0,
                "total": 1
              }
            },
            {
              "batter": "Saniyah Zia",
              "bowler": "U Iftikhar",
              "non_striker": "Mahewish Khan",
              "runs": {
                "batter": 2,
                "extras": 0,
                "total": 2
              }
            },
            {
              "batter": "Saniyah Zia",
              "bowler": "U Iftikhar",
              "non_striker": "Mahewish Khan",
              "runs": {
                "batter": 1,
                "extras": 0,
                "total": 1
              }
            }
          ]
        },
        {
          "over": 17,
          "deliveries": [
            {
              "batter": "Saniyah Zia",
              "bowler": "C Beckford",
              "non_striker": "Mahewish Khan",
              "runs": {
                "batter": 0,
                "extras": 0,
                "total": 0
              }
            },
            {
              "batter": "Saniyah Zia",
              "bowler": "C Beckford",
              "non_striker": "Mahewish Khan",
              "runs": {
                "batter": 0,
                "extras": 0,
                "total": 0
              }
            },
            {
              "batter": "Saniyah Zia",
              "bowler": "C Beckford",
              "extras": {
                "wides": 1
              },
              "non_striker": "Mahewish Khan",
              "runs": {
                "batter": 0,
                "extras": 1,
                "total": 1
              }
            },
            {
              "batter": "Saniyah Zia",
              "bowler": "C Beckford",
              "non_striker": "Mahewish Khan",
              "runs": {
                "batter": 1,
                "extras": 0,
                "total": 1
              }
            },
            {
              "batter": "Mahewish Khan",
              "bowler": "C Beckford",
              "non_striker": "Saniyah Zia",
              "runs": {
                "batter": 1,
                "extras": 0,
                "total": 1
              }
            },
            {
              "batter": "Saniyah Zia",
              "bowler": "C Beckford",
              "non_striker": "Mahewish Khan",
              "runs": {
                "batter": 0,
                "extras": 0,
                "total": 0
              }
            },
            {
              "batter": "Saniyah Zia",
              "bowler": "C Beckford",
              "non_striker": "Mahewish Khan",
              "runs": {
                "batter": 0,
                "extras": 0,
                "total": 0
              }
            }
          ]
        },
        {
          "over": 18,
          "deliveries": [
            {
              "batter": "Mahewish Khan",
              "bowler": "G Kodali",
              "non_striker": "Saniyah Zia",
              "runs": {
                "batter": 2,
                "extras": 0,
                "total": 2
              }
            },
            {
              "batter": "Mahewish Khan",
              "bowler": "G Kodali",
              "non_striker": "Saniyah Zia",
              "runs": {
                "batter": 0,
                "extras": 0,
                "total": 0
              },
              "wickets": [
                {
                  "kind": "bowled",
                  "player_out": "Mahewish Khan"
                }
              ]
            },
            {
              "batter": "Hala Azmat",
              "bowler": "G Kodali",
              "non_striker": "Saniyah Zia",
              "runs": {
                "batter": 0,
                "extras": 0,
                "total": 0
              }
            },
            {
              "batter": "Hala Azmat",
              "bowler": "G Kodali",
              "non_striker": "Saniyah Zia",
              "runs": {
                "batter": 0,
                "extras": 0,
                "total": 0
              }
            },
            {
              "batter": "Hala Azmat",
              "bowler": "G Kodali",
              "non_striker": "Saniyah Zia",
              "runs": {
                "batter": 0,
                "extras": 0,
                "total": 0
              }
            },
            {
              "batter": "Hala Azmat",
              "bowler": "G Kodali",
              "non_striker": "Saniyah Zia",
              "runs": {
                "batter": 0,
                "extras": 0,
                "total": 0
              }
            }
          ]
        },
        {
          "over": 19,
          "deliveries": [
            {
              "batter": "Saniyah Zia",
              "bowler": "C Beckford",
              "extras": {
                "noballs": 1
              },
              "non_striker": "Hala Azmat",
              "runs": {
                "batter": 1,
                "extras": 1,
                "total": 2
              }
            },
            {
              "batter": "Hala Azmat",
              "bowler": "C Beckford",
              "non_striker": "Saniyah Zia",
              "runs": {
                "batter": 0,
                "extras": 0,
                "total": 0
              }
            },
            {
              "batter": "Hala Azmat",
              "bowler": "C Beckford",
              "non_striker": "Saniyah Zia",
              "runs": {
                "batter": 0,
                "extras": 0,
                "total": 0
              }
            },
            {
              "batter": "Hala Azmat",
              "bowler": "C Beckford",
              "non_striker": "Saniyah Zia",
              "runs": {
                "batter": 1,
                "extras": 0,
                "total": 1
              }
            },
            {
              "batter": "Saniyah Zia",
              "bowler": "C Beckford",
              "non_striker": "Hala Azmat",
              "runs": {
                "batter": 2,
                "extras": 0,
                "total": 2
              }
            },
            {
              "batter": "Saniyah Zia",
              "bowler": "C Beckford",
              "non_striker": "Hala Azmat",
              "runs": {
                "batter": 2,
                "extras": 0,
                "total": 2
              }
            },
            {
              "batter": "Saniyah Zia",
              "bowler": "C Beckford",
              "non_striker": "Hala Azmat",
              "runs": {
                "batter": 1,
                "extras": 0,
                "total": 1
              }
            }
          ]
        }
      ],
      "powerplays": [
        {
          "from": 0.1,
          "to": 5.7,
          "type": "mandatory"
        }
      ],
      "target": {
        "overs": 20,
        "runs": 117
      }
    }
  ]
}