{
  "meta": {
    "data_version": "1.0.0",
    "created": "2019-08-28",
    "revision": 1
  },
  "info": {
    "balls_per_over": 6,
    "city": "Kampala",
    "dates": [
      "2019-05-20"
    ],
    "event": {
      "name": "ICC Men's T20 World Cup Africa Region Final",
      "match_number": 3
    },
    "gender": "male",
    "match_type": "T20",
    "match_type_number": 778,
    "officials": {
      "match_referees": [
        "GH Pienaar"
      ],
      "reserve_umpires": [
        "L Rusere"
      ],
      "umpires": [
        "Emmanuel Byiringiro",
        "D Odhiambo"
      ]
    },
    "outcome": {
      "winner": "Uganda",
      "by": {
        "runs": 52
      }
    },
    "overs": 20,
    "player_of_match": [
      "A Otwani"
    ],
    "players": {
      "Uganda": [
        "Z Arinaitwe",
        "HB Kayondo",
        "RG Mukasa",
        "A Otwani",
        "DM Nakrani",
        "Riazat Ali Shah",
        "D Muhumuza",
        "E Isaneez",
        "F Nsubuga",
        "H Ssenyondo",
        "C Waiswa"
      ],
      "Botswana": [
        "T Perera",
        "K Modise",
        "K Mothlhanka",
        "I Master",
        "V Balakrishnan",
        "R Nehonde",
        "JWN Moses",
        "A Rangaswamy",
        "N Master",
        "T Tshose",
        "M Mooketsi"
      ]
    },
    "registry": {
      "people": {
        "A Otwani": "6727fb4d",
        "A Rangaswamy": "08df0bd3",
        "C Waiswa": "18db3f22",
        "D Muhumuza": "7636b587",
        "D Odhiambo": "45994517",
        "DM Nakrani": "46a7ac78",
        "E Isaneez": "ab591e7d",
        "Emmanuel Byiringiro": "d89c27d1",
        "F Nsubuga": "87e33d07",
        "GH Pienaar": "3516e46b",
        "H Ssenyondo": "2b7609f1",
        "HB Kayondo": "d26858c0",
        "I Master": "90ddee48",
        "JWN Moses": "492c17f0",
        "K Modise": "b7f70e36",
        "K Mothlhanka": "1a37008a",
        "L Rusere": "6a4734ae",
        "M Mooketsi": "008a024c",
        "N Master": "4833efb4",
        "R Nehonde": "4393e047",
        "RG Mukasa": "011f6b42",
        "Riazat Ali Shah": "269cc4ff",
        "T Perera": "456397e5",
        "T Tshose": "18ae55e4",
        "V Balakrishnan": "0c1da0c4",
        "Z Arinaitwe": "88ee683b"
      }
    },
    "season": "2019",
    "team_type": "international",
    "teams": [
      "Uganda",
      "Botswana"
    ],
    "toss": {
      "decision": "field",
      "winner": "Botswana"
    },
    "venue": "Lugogo Cricket Oval"
  },
  "innings": [
    {
      "team": "Uganda",
      "overs": [
        {
          "over": 0,
          "deliveries": [
            {
              "batter": "Z Arinaitwe",
              "bowler": "A Rangaswamy",
              "non_striker": "HB Kayondo",
              "runs": {
                "batter": 0,
                "extras": 0,
                "total": 0
              }
            },
            {
              "batter": "Z Arinaitwe",
              "bowler": "A Rangaswamy",
              "non_striker": "HB Kayondo",
              "runs": {
                "batter": 0,
                "extras": 0,
                "total": 0
              }
            },
            {
              "batter": "Z Arinaitwe",
              "bowler": "A Rangaswamy",
              "non_striker": "HB Kayondo",
              "runs": {
                "batter": 0,
                "extras": 0,
                "total": 0
              }
            },
            {
              "batter": "Z Arinaitwe",
              "bowler": "A Rangaswamy",
              "non_striker": "HB Kayondo",
              "runs": {
                "batter": 0,
                "extras": 0,
                "total": 0
              }
            },
            {
              "batter": "Z Arinaitwe",
              "bowler": "A Rangaswamy",
              "extras": {
                "wides": 5
              },
              "non_striker": "HB Kayondo",
              "runs": {
                "batter": 0,
                "extras": 5,
                "total": 5
              }
            },
            {
              "batter": "Z Arinaitwe",
              "bowler": "A Rangaswamy",
              "non_striker": "HB Kayondo",
              "runs": {
                "batter": 1,
                "extras": 0,
                "total": 1
              }
            },
            {
              "batter": "HB Kayondo",
              "bowler": "A Rangaswamy",
              "non_striker": "Z Arinaitwe",
              "runs": {
                "batter": 6,
                "extras": 0,
                "total": 6
              }
            }
          ]
        },
        {
          "over": 1,
          "deliveries": [
            {
              "batter": "Z Arinaitwe",
              "bowler": "M Mooketsi",
              "non_striker": "HB Kayondo",
              "runs": {
                "batter": 0,
                "extras": 0,
                "total": 0
              },
              "wickets": [
                {
                  "kind": "caught",
                  "player_out": "Z Arinaitwe",
                  "fielders": [
                    {
                      "name": "V Balakrishnan"
                    }
                  ]
                }
              ]
            },
            {
              "batter": "RG Mukasa",
              "bowler": "M Mooketsi",
              "non_striker": "HB Kayondo",
              "runs": {
                "batter": 0,
                "extras": 0,
                "total": 0
              }
            },
            {
              "batter": "RG Mukasa",
              "bowler": "M Mooketsi",
              "non_striker": "HB Kayondo",
              "runs": {
                "batter": 0,
                "extras": 0,
                "total": 0
              }
            },
            {
              "batter": "RG Mukasa",
              "bowler": "M Mooketsi",
              "non_striker": "HB Kayondo",
              "runs": {
                "batter": 1,
                "extras": 0,
                "total": 1
              }
            },
            {
              "batter": "HB Kayondo",
              "bowler": "M Mooketsi",
              "non_striker": "RG Mukasa",
              "runs": {
                "batter": 0,
                "extras": 0,
                "total": 0
              }
            },
            {
              "batter": "HB Kayondo",
              "bowler": "M Mooketsi",
              "non_striker": "RG Mukasa",
              "runs": {
                "batter": 2,
                "extras": 0,
                "total": 2
              }
            }
          ]
        },
        {
          "over": 2,
          "deliveries": [
            {
              "batter": "RG Mukasa",
              "bowler": "A Rangaswamy",
              "non_striker": "HB Kayondo",
              "runs": {
                "batter": 0,
                "extras": 0,
                "total": 0
              }
            },
            {
              "batter": "RG Mukasa",
              "bowler": "A Rangaswamy",
              "non_striker": "HB Kayondo",
              "runs": {
                "batter": 0,
                "extras": 0,
                "total": 0
              }
            },
            {
              "batter": "RG Mukasa",
              "bowler": "A Rangaswamy",
              "non_striker": "HB Kayondo",
              "runs": {
                "batter": 2,
                "extras": 0,
                "total": 2
              }
            },
            {
              "batter": "RG Mukasa",
              "bowler": "A Rangaswamy",
              "non_striker": "HB Kayondo",
              "runs": {
                "batter": 1,
                "extras": 0,
                "total": 1
              }
            },
            {
              "batter": "HB Kayondo",
              "bowler": "A Rangaswamy",
              "non_striker": "RG Mukasa",
              "runs": {
                "batter": 1,
                "extras": 0,
                "total": 1
              }
            },
            {
              "batter": "RG Mukasa",
              "bowler": "A Rangaswamy",
              "non_striker": "HB Kayondo",
              "runs": {
                "batter": 0,
                "extras": 0,
                "total": 0
              },
              "wickets": [
                {
                  "kind": "caught",
                  "player_out": "RG Mukasa",
                  "fielders": [
                    {
                      "name": "V Balakrishnan"
                    }
                  ]
                }
              ]
            }
          ]
        },
        {
          "over": 3,
          "deliveries": [
            {
              "batter": "HB Kayondo",
              "bowler": "M Mooketsi",
              "non_striker": "A Otwani",
              "runs": {
                "batter": 0,
                "extras": 0,
                "total": 0
              }
            },
            {
              "batter": "HB Kayondo",
              "bowler": "M Mooketsi",
              "non_striker": "A Otwani",
              "runs": {
                "batter": 0,
                "extras": 0,
                "total": 0
              }
            },
            {
              "batter": "HB Kayondo",
              "bowler": "M Mooketsi",
              "non_striker": "A Otwani",
              "runs": {
                "batter": 0,
                "extras": 0,
                "total": 0
              }
            },
            {
              "batter": "HB Kayondo",
              "bowler": "M Mooketsi",
              "extras": {
                "wides": 1
              },
              "non_striker": "A Otwani",
              "runs": {
                "batter": 0,
                "extras": 1,
                "total": 1
              }
            },
            {
              "batter": "HB Kayondo",
              "bowler": "M Mooketsi",
              "non_striker": "A Otwani",
              "runs": {
                "batter": 0,
                "extras": 0,
                "total": 0
              }
            },
            {
              "batter": "HB Kayondo",
              "bowler": "M Mooketsi",
              "non_striker": "A Otwani",
              "runs": {
                "batter": 1,
                "extras": 0,
                "total": 1
              }
            },
            {
              "batter": "A Otwani",
              "bowler": "M Mooketsi",
              "non_striker": "HB Kayondo",
              "runs": {
                "batter": 4,
                "extras": 0,
                "total": 4
              }
            }
          ]
        },
        {
          "over": 4,
          "deliveries": [
            {
              "batter": "HB Kayondo",
              "bowler": "JWN Moses",
              "non_striker": "A Otwani",
              "runs": {
                "batter": 1,
                "extras": 0,
                "total": 1
              }
            },
            {
              "batter": "A Otwani",
              "bowler": "JWN Moses",
              "non_striker": "HB Kayondo",
              "runs": {
                "batter": 0,
                "extras": 0,
                "total": 0
              }
            },
            {
              "batter": "A Otwani",
              "bowler": "JWN Moses",
              "non_striker": "HB Kayondo",
              "runs": {
                "batter": 0,
                "extras": 0,
                "total": 0
              }
            },
            {
              "batter": "A Otwani",
              "bowler": "JWN Moses",
              "non_striker": "HB Kayondo",
              "runs": {
                "batter": 1,
                "extras": 0,
                "total": 1
              }
            },
            {
              "batter": "HB Kayondo",
              "bowler": "JWN Moses",
              "non_striker": "A Otwani",
              "runs": {
                "batter": 1,
                "extras": 0,
                "total": 1
              }
            },
            {
              "batter": "A Otwani",
              "bowler": "JWN Moses",
              "non_striker": "HB Kayondo",
              "runs": {
                "batter": 3,
                "extras": 0,
                "total": 3
              }
            }
          ]
        },
        {
          "over": 5,
          "deliveries": [
            {
              "batter": "A Otwani",
              "bowler": "M Mooketsi",
              "non_striker": "HB Kayondo",
              "runs": {
                "batter": 1,
                "extras": 0,
                "total": 1
              }
            },
            {
              "batter": "HB Kayondo",
              "bowler": "M Mooketsi",
              "non_striker": "A Otwani",
              "runs": {
                "batter": 0,
                "extras": 0,
                "total": 0
              }
            },
            {
              "batter": "HB Kayondo",
              "bowler": "M Mooketsi",
              "non_striker": "A Otwani",
              "runs": {
                "batter": 1,
                "extras": 0,
                "total": 1
              }
            },
            {
              "batter": "A Otwani",
              "bowler": "M Mooketsi",
              "non_striker": "HB Kayondo",
              "runs": {
                "batter": 4,
                "extras": 0,
                "total": 4
              }
            },
            {
              "batter": "A Otwani",
              "bowler": "M Mooketsi",
              "non_striker": "HB Kayondo",
              "runs": {
                "batter": 0,
                "extras": 0,
                "total": 0
              }
            },
            {
              "batter": "A Otwani",
              "bowler": "M Mooketsi",
              "non_striker": "HB Kayondo",
              "runs": {
                "batter": 4,
                "extras": 0,
                "total": 4
              }
            }
          ]
        },
        {
          "over": 6,
          "deliveries": [
            {
              "batter": "HB Kayondo",
              "bowler": "JWN Moses",
              "non_striker": "A Otwani",
              "runs": {
                "batter": 1,
                "extras": 0,
                "total": 1
              }
            },
            {
              "batter": "A Otwani",
              "bowler": "JWN Moses",
              "non_striker": "HB Kayondo",
              "runs": {
                "batter": 0,
                "extras": 0,
                "total": 0
              }
            },
            {
              "batter": "A Otwani",
              "bowler": "JWN Moses",
              "non_striker": "HB Kayondo",
              "runs": {
                "batter": 0,
                "extras": 0,
                "total": 0
              }
            },
            {
              "batter": "A Otwani",
              "bowler": "JWN Moses",
              "non_striker": "HB Kayondo",
              "runs": {
                "batter": 2,
                "extras": 0,
                "total": 2
              }
            },
            {
              "batter": "A Otwani",
              "bowler": "JWN Moses",
              "non_striker": "HB Kayondo",
              "runs": {
                "batter": 1,
                "extras": 0,
                "total": 1
              }
            },
            {
              "batter": "HB Kayondo",
              "bowler": "JWN Moses",
              "non_striker": "A Otwani",
              "runs": {
                "batter": 0,
                "extras": 0,
                "total": 0
              }
            }
          ]
        },
        {
          "over": 7,
          "deliveries": [
            {
              "batter": "A Otwani",
              "bowler": "N Master",
              "non_striker": "HB Kayondo",
              "runs": {
                "batter": 0,
                "extras": 0,
                "total": 0
              }
            },
            {
              "batter": "A Otwani",
              "bowler": "N Master",
              "non_striker": "HB Kayondo",
              "runs": {
                "batter": 1,
                "extras": 0,
                "total": 1
              }
            },
            {
              "batter": "HB Kayondo",
              "bowler": "N Master",
              "non_striker": "A Otwani",
              "runs": {
                "batter": 1,
                "extras": 0,
                "total": 1
              }
            },
            {
              "batter": "A Otwani",
              "bowler": "N Master",
              "non_striker": "HB Kayondo",
              "runs": {
                "batter": 1,
                "extras": 0,
                "total": 1
              }
            },
            {
              "batter": "HB Kayondo",
              "bowler": "N Master",
              "non_striker": "A Otwani",
              "runs": {
                "batter": 1,
                "extras": 0,
                "total": 1
              }
            },
            {
              "batter": "A Otwani",
              "bowler": "N Master",
              "non_striker": "HB Kayondo",
              "runs": {
                "batter": 6,
                "extras": 0,
                "total": 6
              }
            }
          ]
        },
        {
          "over": 8,
          "deliveries": [
            {
              "batter": "HB Kayondo",
              "bowler": "JWN Moses",
              "non_striker": "A Otwani",
              "runs": {
                "batter": 0,
                "extras": 0,
                "total": 0
              }
            },
            {
              "batter": "HB Kayondo",
              "bowler": "JWN Moses",
              "non_striker": "A Otwani",
              "runs": {
                "batter": 0,
                "extras": 0,
                "total": 0
              }
            },
            {
              "batter": "HB Kayondo",
              "bowler": "JWN Moses",
              "non_striker": "A Otwani",
              "runs": {
                "batter": 1,
                "extras": 0,
                "total": 1
              }
            },
            {
              "batter": "A Otwani",
              "bowler": "JWN Moses",
              "non_striker": "HB Kayondo",
              "runs": {
                "batter": 4,
                "extras": 0,
                "total": 4
              }
            },
            {
              "batter": "A Otwani",
              "bowler": "JWN Moses",
              "non_striker": "HB Kayondo",
              "runs": {
                "batter": 1,
                "extras": 0,
                "total": 1
              }
            },
            {
              "batter": "HB Kayondo",
              "bowler": "JWN Moses",
              "non_striker": "A Otwani",
              "runs": {
                "batter": 1,
                "extras": 0,
                "total": 1
              }
            }
          ]
        },
        {
          "over": 9,
          "deliveries": [
            {
              "batter": "HB Kayondo",
              "bowler": "N Master",
              "non_striker": "A Otwani",
              "runs": {
                "batter": 2,
                "extras": 0,
                "total": 2
              }
            },
            {
              "batter": "HB Kayondo",
              "bowler": "N Master",
              "non_striker": "A Otwani",
              "runs": {
                "batter": 1,
                "extras": 0,
                "total": 1
              }
            },
            {
              "batter": "A Otwani",
              "bowler": "N Master",
              "extras": {
                "wides": 1
              },
              "non_striker": "HB Kayondo",
              "runs": {
                "batter": 0,
                "extras": 1,
                "total": 1
              }
            },
            {
              "batter": "A Otwani",
              "bowler": "N Master",
              "non_striker": "HB Kayondo",
              "runs": {
                "batter": 1,
                "extras": 0,
                "total": 1
              }
            },
            {
              "batter": "HB Kayondo",
              "bowler": "N Master",
              "non_striker": "A Otwani",
              "runs": {
                "batter": 1,
                "extras": 0,
                "total": 1
              }
            },
            {
              "batter": "A Otwani",
              "bowler": "N Master",
              "non_striker": "HB Kayondo",
              "runs": {
                "batter": 1,
                "extras": 0,
                "total": 1
              }
            },
            {
              "batter": "HB Kayondo",
              "bowler": "N Master",
              "non_striker": "A Otwani",
              "runs": {
                "batter": 4,
                "extras": 0,
                "total": 4
              }
            }
          ]
        },
        {
          "over": 10,
          "deliveries": [
            {
              "batter": "A Otwani",
              "bowler": "JWN Moses",
              "non_striker": "HB Kayondo",
              "runs": {
                "batter": 4,
                "extras": 0,
                "total": 4
              }
            },
            {
              "batter": "A Otwani",
              "bowler": "JWN Moses",
              "non_striker": "HB Kayondo",
              "runs": {
                "batter": 0,
                "extras": 0,
                "total": 0
              }
            },
            {
              "batter": "A Otwani",
              "bowler": "JWN Moses",
              "non_striker": "HB Kayondo",
              "runs": {
                "batter": 4,
                "extras": 0,
                "total": 4
              }
            },
            {
              "batter": "A Otwani",
              "bowler": "JWN Moses",
              "non_striker": "HB Kayondo",
              "runs": {
                "batter": 0,
                "extras": 0,
                "total": 0
              }
            },
            {
              "batter": "A Otwani",
              "bowler": "JWN Moses",
              "non_striker": "HB Kayondo",
              "runs": {
                "batter": 1,
                "extras": 0,
                "total": 1
              }
            },
            {
              "batter": "HB Kayondo",
              "bowler": "JWN Moses",
              "non_striker": "A Otwani",
              "runs": {
                "batter": 1,
                "extras": 0,
                "total": 1
              }
            }
          ]
        },
        {
          "over": 11,
          "deliveries": [
            {
              "batter": "HB Kayondo",
              "bowler": "K Modise",
              "non_striker": "A Otwani",
              "runs": {
                "batter": 1,
                "extras": 0,
                "total": 1
              }
            },
            {
              "batter": "A Otwani",
              "bowler": "K Modise",
              "non_striker": "HB Kayondo",
              "runs": {
                "batter": 0,
                "extras": 0,
                "total": 0
              },
              "wickets": [
                {
                  "kind": "caught",
                  "player_out": "A Otwani",
                  "fielders": [
                    {
                      "name": "K Mothlhanka"
                    }
                  ]
                }
              ]
            },
            {
              "batter": "DM Nakrani",
              "bowler": "K Modise",
              "non_striker": "HB Kayondo",
              "runs": {
                "batter": 0,
                "extras": 0,
                "total": 0
              }
            },
            {
              "batter": "DM Nakrani",
              "bowler": "K Modise",
              "non_striker": "HB Kayondo",
              "runs": {
                "batter": 0,
                "extras": 0,
                "total": 0
              }
            },
            {
              "batter": "DM Nakrani",
              "bowler": "K Modise",
              "non_striker": "HB Kayondo",
              "runs": {
                "batter": 0,
                "extras": 0,
                "total": 0
              }
            },
            {
              "batter": "DM Nakrani",
              "bowler": "K Modise",
              "non_striker": "HB Kayondo",
              "runs": {
                "batter": 6,
                "extras": 0,
                "total": 6
              }
            }
          ]
        },
        {
          "over": 12,
          "deliveries": [
            {
              "batter": "HB Kayondo",
              "bowler": "R Nehonde",
              "non_striker": "DM Nakrani",
              "runs": {
                "batter": 1,
                "extras": 0,
                "total": 1
              }
            },
            {
              "batter": "DM Nakrani",
              "bowler": "R Nehonde",
              "non_striker": "HB Kayondo",
              "runs": {
                "batter": 1,
                "extras": 0,
                "total": 1
              }
            },
            {
              "batter": "HB Kayondo",
              "bowler": "R Nehonde",
              "non_striker": "DM Nakrani",
              "runs": {
                "batter": 0,
                "extras": 0,
                "total": 0
              }
            },
            {
              "batter": "HB Kayondo",
              "bowler": "R Nehonde",
              "non_striker": "DM Nakrani",
              "runs": {
                "batter": 1,
                "extras": 0,
                "total": 1
              }
            },
            {
              "batter": "DM Nakrani",
              "bowler": "R Nehonde",
              "non_striker": "HB Kayondo",
              "runs": {
                "batter": 2,
                "extras": 0,
                "total": 2
              }
            },
            {
              "batter": "DM Nakrani",
              "bowler": "R Nehonde",
              "non_striker": "HB Kayondo",
              "runs": {
                "batter": 1,
                "extras": 0,
                "total": 1
              }
            }
          ]
        },
        {
          "over": 13,
          "deliveries": [
            {
              "batter": "DM Nakrani",
              "bowler": "K Modise",
              "non_striker": "HB Kayondo",
              "runs": {
                "batter": 0,
                "extras": 0,
                "total": 0
              }
            },
            {
              "batter": "DM Nakrani",
              "bowler": "K Modise",
              "non_striker": "HB Kayondo",
              "runs": {
                "batter": 1,
                "extras": 0,
                "total": 1
              }
            },
            {
              "batter": "HB Kayondo",
              "bowler": "K Modise",
              "non_striker": "DM Nakrani",
              "runs": {
                "batter": 0,
                "extras": 0,
                "total": 0
              },
              "wickets": [
                {
                  "kind": "caught",
                  "player_out": "HB Kayondo",
                  "fielders": [
                    {
                      "name": "A Rangaswamy"
                    }
                  ]
                }
              ]
            },
            {
              "batter": "Riazat Ali Shah",
              "bowler": "K Modise",
              "non_striker": "DM Nakrani",
              "runs": {
                "batter": 1,
                "extras": 0,
                "total": 1
              }
            },
            {
              "batter": "DM Nakrani",
              "bowler": "K Modise",
              "non_striker": "Riazat Ali Shah",
              "runs": {
                "batter": 4,
                "extras": 0,
                "total": 4
              }
            },
            {
              "batter": "DM Nakrani",
              "bowler": "K Modise",
              "non_striker": "Riazat Ali Shah",
              "runs": {
                "batter": 1,
                "extras": 0,
                "total": 1
              }
            }
          ]
        },
        {
          "over": 14,
          "deliveries": [
            {
              "batter": "DM Nakrani",
              "bowler": "R Nehonde",
              "non_striker": "Riazat Ali Shah",
              "runs": {
                "batter": 1,
                "extras": 0,
                "total": 1
              }
            },
            {
              "batter": "Riazat Ali Shah",
              "bowler": "R Nehonde",
              "non_striker": "DM Nakrani",
              "runs": {
                "batter": 0,
                "extras": 0,
                "total": 0
              }
            },
            {
              "batter": "Riazat Ali Shah",
              "bowler": "R Nehonde",
              "non_striker": "DM Nakrani",
              "runs": {
                "batter": 0,
                "extras": 0,
                "total": 0
              }
            },
            {
              "batter": "Riazat Ali Shah",
              "bowler": "R Nehonde",
              "non_striker": "DM Nakrani",
              "runs": {
                "batter": 2,
                "extras": 0,
                "total": 2
              }
            },
            {
              "batter": "Riazat Ali Shah",
              "bowler": "R Nehonde",
              "non_striker": "DM Nakrani",
              "runs": {
                "batter": 0,
                "extras": 0,
                "total": 0
              }
            },
            {
              "batter": "Riazat Ali Shah",
              "bowler": "R Nehonde",
              "non_striker": "DM Nakrani",
              "runs": {
                "batter": 1,
                "extras": 0,
                "total": 1
              }
            }
          ]
        },
        {
          "over": 15,
          "deliveries": [
            {
              "batter": "Riazat Ali Shah",
              "bowler": "K Modise",
              "non_striker": "DM Nakrani",
              "runs": {
                "batter": 1,
                "extras": 0,
                "total": 1
              }
            },
            {
              "batter": "DM Nakrani",
              "bowler": "K Modise",
              "non_striker": "Riazat Ali Shah",
              "runs": {
                "batter": 1,
                "extras": 0,
                "total": 1
              }
            },
            {
              "batter": "Riazat Ali Shah",
              "bowler": "K Modise",
              "non_striker": "DM Nakrani",
              "runs": {
                "batter": 1,
                "extras": 0,
                "total": 1
              }
            },
            {
              "batter": "DM Nakrani",
              "bowler": "K Modise",
              "non_striker": "Riazat Ali Shah",
              "runs": {
                "batter": 0,
                "extras": 0,
                "total": 0
              },
              "wickets": [
                {
                  "kind": "caught",
                  "player_out": "DM Nakrani",
                  "fielders": [
                    {
                      "name": "V Balakrishnan"
                    }
                  ]
                }
              ]
            },
            {
              "batter": "Riazat Ali Shah",
              "bowler": "K Modise",
              "non_striker": "D Muhumuza",
              "runs": {
                "batter": 0,
                "extras": 0,
                "total": 0
              }
            },
            {
              "batter": "Riazat Ali Shah",
              "bowler": "K Modise",
              "non_striker": "D Muhumuza",
              "runs": {
                "batter": 1,
                "extras": 0,
                "total": 1
              }
            }
          ]
        },
        {
          "over": 16,
          "deliveries": [
            {
              "batter": "Riazat Ali Shah",
              "bowler": "R Nehonde",
              "non_striker": "D Muhumuza",
              "runs": {
                "batter": 1,
                "extras": 0,
                "total": 1
              }
            },
            {
              "batter": "D Muhumuza",
              "bowler": "R Nehonde",
              "non_striker": "Riazat Ali Shah",
              "runs": {
                "batter": 1,
                "extras": 0,
                "total": 1
              }
            },
            {
              "batter": "Riazat Ali Shah",
              "bowler": "R Nehonde",
              "non_striker": "D Muhumuza",
              "runs": {
                "batter": 6,
                "extras": 0,
                "total": 6
              }
            },
            {
              "batter": "Riazat Ali Shah",
              "bowler": "R Nehonde",
              "non_striker": "D Muhumuza",
              "runs": {
                "batter": 1,
                "extras": 0,
                "total": 1
              }
            },
            {
              "batter": "D Muhumuza",
              "bowler": "R Nehonde",
              "extras": {
                "wides": 1
              },
              "non_striker": "Riazat Ali Shah",
              "runs": {
                "batter": 0,
                "extras": 1,
                "total": 1
              }
            },
            {
              "batter": "D Muhumuza",
              "bowler": "R Nehonde",
              "non_striker": "Riazat Ali Shah",
              "runs": {
                "batter": 1,
                "extras": 0,
                "total": 1
              }
            },
            {
              "batter": "Riazat Ali Shah",
              "bowler": "R Nehonde",
              "non_striker": "D Muhumuza",
              "runs": {
                "batter": 1,
                "extras": 0,
                "total": 1
              }
            }
          ]
        },
        {
          "over": 17,
          "deliveries": [
            {
              "batter": "Riazat Ali Shah",
              "bowler": "N Master",
              "non_striker": "D Muhumuza",
              "runs": {
                "batter": 1,
                "extras": 0,
                "total": 1
              }
            },
            {
              "batter": "D Muhumuza",
              "bowler": "N Master",
              "non_striker": "Riazat Ali Shah",
              "runs": {
                "batter": 1,
                "extras": 0,
                "total": 1
              }
            },
            {
              "batter": "Riazat Ali Shah",
              "bowler": "N Master",
              "non_striker": "D Muhumuza",
              "runs": {
                "batter": 0,
                "extras": 0,
                "total": 0
              }
            },
            {
              "batter": "Riazat Ali Shah",
              "bowler": "N Master",
              "non_striker": "D Muhumuza",
              "runs": {
                "batter": 0,
                "extras": 0,
                "total": 0
              }
            },
            {
              "batter": "Riazat Ali Shah",
              "bowler": "N Master",
              "non_striker": "D Muhumuza",
              "runs": {
                "batter": 0,
                "extras": 0,
                "total": 0
              }
            },
            {
              "batter": "Riazat Ali Shah",
              "bowler": "N Master",
              "non_striker": "D Muhumuza",
              "runs": {
                "batter": 1,
                "extras": 0,
                "total": 1
              }
            }
          ]
        },
        {
          "over": 18,
          "deliveries": [
            {
              "batter": "Riazat Ali Shah",
              "bowler": "A Rangaswamy",
              "non_striker": "D Muhumuza",
              "runs": {
                "batter": 6,
                "extras": 0,
                "total": 6
              }
            },
            {
              "batter": "Riazat Ali Shah",
              "bowler": "A Rangaswamy",
              "non_striker": "D Muhumuza",
              "runs": {
                "batter": 0,
                "extras": 0,
                "total": 0
              },
              "wickets": [
                {
                  "kind": "caught",
                  "player_out": "Riazat Ali Shah",
                  "fielders": [
                    {
                      "name": "I Master"
                    }
                  ]
                }
              ]
            },
            {
              "batter": "D Muhumuza",
              "bowler": "A Rangaswamy",
              "non_striker": "E Isaneez",
              "runs": {
                "batter": 1,
                "extras": 0,
                "total": 1
              }
            },
            {
              "batter": "E Isaneez",
              "bowler": "A Rangaswamy",
              "non_striker": "D Muhumuza",
              "runs": {
                "batter": 0,
                "extras": 0,
                "total": 0
              }
            },
            {
              "batter": "E Isaneez",
              "bowler": "A Rangaswamy",
              "extras": {
                "legbyes": 1
              },
              "non_striker": "D Muhumuza",
              "runs": {
                "batter": 0,
                "extras": 1,
                "total": 1
              }
            },
            {
              "batter": "D Muhumuza",
              "bowler": "A Rangaswamy",
              "non_striker": "E Isaneez",
              "runs": {
                "batter": 1,
                "extras": 0,
                "total": 1
              }
            }
          ]
        },
        {
          "over": 19,
          "deliveries": [
            {
              "batter": "D Muhumuza",
              "bowler": "N Master",
              "non_striker": "E Isaneez",
              "runs": {
                "batter": 3,
                "extras": 0,
                "total": 3
              }
            },
            {
              "batter": "E Isaneez",
              "bowler": "N Master",
              "non_striker": "D Muhumuza",
              "runs": {
                "batter": 1,
                "extras": 0,
                "total": 1
              }
            },
            {
              "batter": "D Muhumuza",
              "bowler": "N Master",
              "non_striker": "E Isaneez",
              "runs": {
                "batter": 0,
                "extras": 0,
                "total": 0
              }
            },
            {
              "batter": "D Muhumuza",
              "bowler": "N Master",
              "non_striker": "E Isaneez",
              "runs": {
                "batter": 2,
                "extras": 0,
                "total": 2
              }
            },
            {
              "batter": "D Muhumuza",
              "bowler": "N Master",
              "non_striker": "E Isaneez",
              "runs": {
                "batter": 0,
                "extras": 0,
                "total": 0
              },
              "wickets": [
                {
                  "kind": "caught",
                  "player_out": "D Muhumuza",
                  "fielders": [
                    {
                      "name": "T Tshose"
                    }
                  ]
                }
              ]
            },
            {
              "batter": "E Isaneez",
              "bowler": "N Master",
              "extras": {
                "byes": 1
              },
              "non_striker": "F Nsubuga",
              "runs": {
                "batter": 0,
                "extras": 1,
                "total": 1
              }
            }
          ]
        }
      ],
      "powerplays": [
        {
          "from": 0.1,
          "to": 5.6,
          "type": "mandatory"
        }
      ]
    },
    {
      "team": "Botswana",
      "overs": [
        {
          "over": 0,
          "deliveries": [
            {
              "batter": "T Perera",
              "bowler": "C Waiswa",
              "non_striker": "K Modise",
              "runs": {
                "batter": 0,
                "extras": 0,
                "total": 0
              }
            },
            {
              "batter": "T Perera",
              "bowler": "C Waiswa",
              "non_striker": "K Modise",
              "runs": {
                "batter": 0,
                "extras": 0,
                "total": 0
              }
            },
            {
              "batter": "T Perera",
              "bowler": "C Waiswa",
              "non_striker": "K Modise",
              "runs": {
                "batter": 4,
                "extras": 0,
                "total": 4
              }
            },
            {
              "batter": "T Perera",
              "bowler": "C Waiswa",
              "non_striker": "K Modise",
              "runs": {
                "batter": 0,
                "extras": 0,
                "total": 0
              }
            },
            {
              "batter": "T Perera",
              "bowler": "C Waiswa",
              "non_striker": "K Modise",
              "runs": {
                "batter": 0,
                "extras": 0,
                "total": 0
              }
            },
            {
              "batter": "T Perera",
              "bowler": "C Waiswa",
              "non_striker": "K Modise",
              "runs": {
                "batter": 1,
                "extras": 0,
                "total": 1
              }
            }
          ]
        },
        {
          "over": 1,
          "deliveries": [
            {
              "batter": "T Perera",
              "bowler": "F Nsubuga",
              "non_striker": "K Modise",
              "runs": {
                "batter": 0,
                "extras": 0,
                "total": 0
              }
            },
            {
              "batter": "T Perera",
              "bowler": "F Nsubuga",
              "non_striker": "K Modise",
              "runs": {
                "batter": 2,
                "extras": 0,
                "total": 2
              }
            },
            {
              "batter": "T Perera",
              "bowler": "F Nsubuga",
              "non_striker": "K Modise",
              "runs": {
                "batter": 0,
                "extras": 0,
                "total": 0
              }
            },
            {
              "batter": "T Perera",
              "bowler": "F Nsubuga",
              "non_striker": "K Modise",
              "runs": {
                "batter": 0,
                "extras": 0,
                "total": 0
              }
            },
            {
              "batter": "T Perera",
              "bowler": "F Nsubuga",
              "non_striker": "K Modise",
              "runs": {
                "batter": 0,
                "extras": 0,
                "total": 0
              }
            },
            {
              "batter": "T Perera",
              "bowler": "F Nsubuga",
              "non_striker": "K Modise",
              "runs": {
                "batter": 0,
                "extras": 0,
                "total": 0
              }
            }
          ]
        },
        {
          "over": 2,
          "deliveries": [
            {
              "batter": "K Modise",
              "bowler": "C Waiswa",
              "non_striker": "T Perera",
              "runs": {
                "batter": 0,
                "extras": 0,
                "total": 0
              }
            },
            {
              "batter": "K Modise",
              "bowler": "C Waiswa",
              "non_striker": "T Perera",
              "runs": {
                "batter": 6,
                "extras": 0,
                "total": 6
              }
            },
            {
              "batter": "K Modise",
              "bowler": "C Waiswa",
              "non_striker": "T Perera",
              "runs": {
                "batter": 4,
                "extras": 0,
                "total": 4
              }
            },
            {
              "batter": "K Modise",
              "bowler": "C Waiswa",
              "non_striker": "T Perera",
              "runs": {
                "batter": 0,
                "extras": 0,
                "total": 0
              },
              "wickets": [
                {
                  "kind": "caught",
                  "player_out": "K Modise",
                  "fielders": [
                    {
                      "name": "F Nsubuga"
                    }
                  ]
                }
              ]
            },
            {
              "batter": "T Perera",
              "bowler": "C Waiswa",
              "non_striker": "K Mothlhanka",
              "runs": {
                "batter": 0,
                "extras": 0,
                "total": 0
              }
            },
            {
              "batter": "T Perera",
              "bowler": "C Waiswa",
              "non_striker": "K Mothlhanka",
              "runs": {
                "batter": 0,
                "extras": 0,
                "total": 0
              }
            }
          ]
        },
        {
          "over": 3,
          "deliveries": [
            {
              "batter": "K Mothlhanka",
              "bowler": "F Nsubuga",
              "non_striker": "T Perera",
              "runs": {
                "batter": 4,
                "extras": 0,
                "total": 4
              }
            },
            {
              "batter": "K Mothlhanka",
              "bowler": "F Nsubuga",
              "extras": {
                "legbyes": 1
              },
              "non_striker": "T Perera",
              "runs": {
                "batter": 0,
                "extras": 1,
                "total": 1
              }
            },
            {
              "batter": "T Perera",
              "bowler": "F Nsubuga",
              "non_striker": "K Mothlhanka",
              "runs": {
                "batter": 0,
                "extras": 0,
                "total": 0
              }
            },
            {
              "batter": "T Perera",
              "bowler": "F Nsubuga",
              "non_striker": "K Mothlhanka",
              "runs": {
                "batter": 1,
                "extras": 0,
                "total": 1
              }
            },
            {
              "batter": "K Mothlhanka",
              "bowler": "F Nsubuga",
              "non_striker": "T Perera",
              "runs": {
                "batter": 0,
                "extras": 0,
                "total": 0
              }
            },
            {
              "batter": "K Mothlhanka",
              "bowler": "F Nsubuga",
              "non_striker": "T Perera",
              "runs": {
                "batter": 0,
                "extras": 0,
                "total": 0
              },
              "wickets": [
                {
                  "kind": "bowled",
                  "player_out": "K Mothlhanka"
                }
              ]
            }
          ]
        },
        {
          "over": 4,
          "deliveries": [
            {
              "batter": "T Perera",
              "bowler": "E Isaneez",
              "non_striker": "I Master",
              "runs": {
                "batter": 0,
                "extras": 0,
                "total": 0
              }
            },
            {
              "batter": "T Perera",
              "bowler": "E Isaneez",
              "non_striker": "I Master",
              "runs": {
                "batter": 0,
                "extras": 0,
                "total": 0
              }
            },
            {
              "batter": "T Perera",
              "bowler": "E Isaneez",
              "non_striker": "I Master",
              "runs": {
                "batter": 4,
                "extras": 0,
                "total": 4
              }
            },
            {
              "batter": "T Perera",
              "bowler": "E Isaneez",
              "non_striker": "I Master",
              "runs": {
                "batter": 1,
                "extras": 0,
                "total": 1
              }
            },
            {
              "batter": "I Master",
              "bowler": "E Isaneez",
              "non_striker": "T Perera",
              "runs": {
                "batter": 0,
                "extras": 0,
                "total": 0
              }
            },
            {
              "batter": "I Master",
              "bowler": "E Isaneez",
              "non_striker": "T Perera",
              "runs": {
                "batter": 0,
                "extras": 0,
                "total": 0
              }
            }
          ]
        },
        {
          "over": 5,
          "deliveries": [
            {
              "batter": "T Perera",
              "bowler": "H Ssenyondo",
              "non_striker": "I Master",
              "runs": {
                "batter": 0,
                "extras": 0,
                "total": 0
              }
            },
            {
              "batter": "T Perera",
              "bowler": "H Ssenyondo",
              "non_striker": "I Master",
              "runs": {
                "batter": 1,
                "extras": 0,
                "total": 1
              }
            },
            {
              "batter": "I Master",
              "bowler": "H Ssenyondo",
              "extras": {
                "wides": 5
              },
              "non_striker": "T Perera",
              "runs": {
                "batter": 0,
                "extras": 5,
                "total": 5
              }
            },
            {
              "batter": "I Master",
              "bowler": "H Ssenyondo",
              "non_striker": "T Perera",
              "runs": {
                "batter": 0,
                "extras": 0,
                "total": 0
              }
            },
            {
              "batter": "I Master",
              "bowler": "H Ssenyondo",
              "non_striker": "T Perera",
              "runs": {
                "batter": 0,
                "extras": 0,
                "total": 0
              }
            },
            {
              "batter": "I Master",
              "bowler": "H Ssenyondo",
              "non_striker": "T Perera",
              "runs": {
                "batter": 1,
                "extras": 0,
                "total": 1
              }
            },
            {
              "batter": "T Perera",
              "bowler": "H Ssenyondo",
              "non_striker": "I Master",
              "runs": {
                "batter": 0,
                "extras": 0,
                "total": 0
              }
            }
          ]
        },
        {
          "over": 6,
          "deliveries": [
            {
              "batter": "I Master",
              "bowler": "E Isaneez",
              "non_striker": "T Perera",
              "runs": {
                "batter": 1,
                "extras": 0,
                "total": 1
              }
            },
            {
              "batter": "T Perera",
              "bowler": "E Isaneez",
              "non_striker": "I Master",
              "runs": {
                "batter": 0,
                "extras": 0,
                "total": 0
              }
            },
            {
              "batter": "T Perera",
              "bowler": "E Isaneez",
              "non_striker": "I Master",
              "runs": {
                "batter": 0,
                "extras": 0,
                "total": 0
              },
              "wickets": [
                {
                  "kind": "run out",
                  "player_out": "I Master"
                }
              ]
            },
            {
              "batter": "T Perera",
              "bowler": "E Isaneez",
              "non_striker": "V Balakrishnan",
              "runs": {
                "batter": 0,
                "extras": 0,
                "total": 0
              }
            },
            {
              "batter": "T Perera",
              "bowler": "E Isaneez",
              "non_striker": "V Balakrishnan",
              "runs": {
                "batter": 0,
                "extras": 0,
                "total": 0
              }
            },
            {
              "batter": "T Perera",
              "bowler": "E Isaneez",
              "non_striker": "V Balakrishnan",
              "runs": {
                "batter": 0,
                "extras": 0,
                "total": 0
              }
            }
          ]
        },
        {
          "over": 7,
          "deliveries": [
            {
              "batter": "V Balakrishnan",
              "bowler": "H Ssenyondo",
              "non_striker": "T Perera",
              "runs": {
                "batter": 0,
                "extras": 0,
                "total": 0
              }
            },
            {
              "batter": "V Balakrishnan",
              "bowler": "H Ssenyondo",
              "non_striker": "T Perera",
              "runs": {
                "batter": 0,
                "extras": 0,
                "total": 0
              }
            },
            {
              "batter": "V Balakrishnan",
              "bowler": "H Ssenyondo",
              "non_striker": "T Perera",
              "runs": {
                "batter": 0,
                "extras": 0,
                "total": 0
              }
            },
            {
              "batter": "V Balakrishnan",
              "bowler": "H Ssenyondo",
              "non_striker": "T Perera",
              "runs": {
                "batter": 1,
                "extras": 0,
                "total": 1
              }
            },
            {
              "batter": "T Perera",
              "bowler": "H Ssenyondo",
              "non_striker": "V Balakrishnan",
              "runs": {
                "batter": 0,
                "extras": 0,
                "total": 0
              }
            },
            {
              "batter": "T Perera",
              "bowler": "H Ssenyondo",
              "non_striker": "V Balakrishnan",
              "runs": {
                "batter": 0,
                "extras": 0,
                "total": 0
              }
            }
          ]
        },
        {
          "over": 8,
          "deliveries": [
            {
              "batter": "V Balakrishnan",
              "bowler": "E Isaneez",
              "non_striker": "T Perera",
              "runs": {
                "batter": 0,
                "extras": 0,
                "total": 0
              }
            },
            {
              "batter": "V Balakrishnan",
              "bowler": "E Isaneez",
              "non_striker": "T Perera",
              "runs": {
                "batter": 1,
                "extras": 0,
                "total": 1
              }
            },
            {
              "batter": "T Perera",
              "bowler": "E Isaneez",
              "non_striker": "V Balakrishnan",
              "runs": {
                "batter": 1,
                "extras": 0,
                "total": 1
              }
            },
            {
              "batter": "V Balakrishnan",
              "bowler": "E Isaneez",
              "non_striker": "T Perera",
              "runs": {
                "batter": 1,
                "extras": 0,
                "total": 1
              }
            },
            {
              "batter": "T Perera",
              "bowler": "E Isaneez",
              "non_striker": "V Balakrishnan",
              "runs": {
                "batter": 0,
                "extras": 0,
                "total": 0
              }
            },
            {
              "batter": "T Perera",
              "bowler": "E Isaneez",
              "non_striker": "V Balakrishnan",
              "runs": {
                "batter": 0,
                "extras": 0,
                "total": 0
              },
              "wickets": [
                {
                  "kind": "bowled",
                  "player_out": "T Perera"
                }
              ]
            }
          ]
        },
        {
          "over": 9,
          "deliveries": [
            {
              "batter": "V Balakrishnan",
              "bowler": "H Ssenyondo",
              "non_striker": "R Nehonde",
              "runs": {
                "batter": 1,
                "extras": 0,
                "total": 1
              }
            },
            {
              "batter": "R Nehonde",
              "bowler": "H Ssenyondo",
              "non_striker": "V Balakrishnan",
              "runs": {
                "batter": 1,
                "extras": 0,
                "total": 1
              }
            },
            {
              "batter": "V Balakrishnan",
              "bowler": "H Ssenyondo",
              "non_striker": "R Nehonde",
              "runs": {
                "batter": 4,
                "extras": 0,
                "total": 4
              }
            },
            {
              "batter": "V Balakrishnan",
              "bowler": "H Ssenyondo",
              "non_striker": "R Nehonde",
              "runs": {
                "batter": 0,
                "extras": 0,
                "total": 0
              }
            },
            {
              "batter": "V Balakrishnan",
              "bowler": "H Ssenyondo",
              "non_striker": "R Nehonde",
              "runs": {
                "batter": 0,
                "extras": 0,
                "total": 0
              }
            },
            {
              "batter": "V Balakrishnan",
              "bowler": "H Ssenyondo",
              "non_striker": "R Nehonde",
              "runs": {
                "batter": 1,
                "extras": 0,
                "total": 1
              }
            }
          ]
        },
        {
          "over": 10,
          "deliveries": [
            {
              "batter": "V Balakrishnan",
              "bowler": "E Isaneez",
              "non_striker": "R Nehonde",
              "runs": {
                "batter": 4,
                "extras": 0,
                "total": 4
              }
            },
            {
              "batter": "V Balakrishnan",
              "bowler": "E Isaneez",
              "non_striker": "R Nehonde",
              "runs": {
                "batter": 0,
                "extras": 0,
                "total": 0
              }
            },
            {
              "batter": "V Balakrishnan",
              "bowler": "E Isaneez",
              "non_striker": "R Nehonde",
              "runs": {
                "batter": 1,
                "extras": 0,
                "total": 1
              }
            },
            {
              "batter": "R Nehonde",
              "bowler": "E Isaneez",
              "non_striker": "V Balakrishnan",
              "runs": {
                "batter": 1,
                "extras": 0,
                "total": 1
              }
            },
            {
              "batter": "V Balakrishnan",
              "bowler": "E Isaneez",
              "non_striker": "R Nehonde",
              "runs": {
                "batter": 0,
                "extras": 0,
                "total": 0
              }
            },
            {
              "batter": "V Balakrishnan",
              "bowler": "E Isaneez",
              "non_striker": "R Nehonde",
              "runs": {
                "batter": 1,
                "extras": 0,
                "total": 1
              }
            }
          ]
        },
        {
          "over": 11,
          "deliveries": [
            {
              "batter": "V Balakrishnan",
              "bowler": "H Ssenyondo",
              "non_striker": "R Nehonde",
              "runs": {
                "batter": 2,
                "extras": 0,
                "total": 2
              }
            },
            {
              "batter": "V Balakrishnan",
              "bowler": "H Ssenyondo",
              "non_striker": "R Nehonde",
              "runs": {
                "batter": 0,
                "extras": 0,
                "total": 0
              }
            },
            {
              "batter": "V Balakrishnan",
              "bowler": "H Ssenyondo",
              "non_striker": "R Nehonde",
              "runs": {
                "batter": 0,
                "extras": 0,
                "total": 0
              }
            },
            {
              "batter": "V Balakrishnan",
              "bowler": "H Ssenyondo",
              "non_striker": "R Nehonde",
              "runs": {
                "batter": 1,
                "extras": 0,
                "total": 1
              }
            },
            {
              "batter": "R Nehonde",
              "bowler": "H Ssenyondo",
              "non_striker": "V Balakrishnan",
              "runs": {
                "batter": 0,
                "extras": 0,
                "total": 0
              }
            },
            {
              "batter": "R Nehonde",
              "bowler": "H Ssenyondo",
              "non_striker": "V Balakrishnan",
              "runs": {
                "batter": 0,
                "extras": 0,
                "total": 0
              }
            }
          ]
        },
        {
          "over": 12,
          "deliveries": [
            {
              "batter": "V Balakrishnan",
              "bowler": "D Muhumuza",
              "non_striker": "R Nehonde",
              "runs": {
                "batter": 0,
                "extras": 0,
                "total": 0
              }
            },
            {
              "batter": "V Balakrishnan",
              "bowler": "D Muhumuza",
              "non_striker": "R Nehonde",
              "runs": {
                "batter": 1,
                "extras": 0,
                "total": 1
              }
            },
            {
              "batter": "R Nehonde",
              "bowler": "D Muhumuza",
              "non_striker": "V Balakrishnan",
              "runs": {
                "batter": 1,
                "extras": 0,
                "total": 1
              }
            },
            {
              "batter": "V Balakrishnan",
              "bowler": "D Muhumuza",
              "non_striker": "R Nehonde",
              "runs": {
                "batter": 0,
                "extras": 0,
                "total": 0
              }
            },
            {
              "batter": "V Balakrishnan",
              "bowler": "D Muhumuza",
              "non_striker": "R Nehonde",
              "runs": {
                "batter": 1,
                "extras": 0,
                "total": 1
              }
            },
            {
              "batter": "R Nehonde",
              "bowler": "D Muhumuza",
              "non_striker": "V Balakrishnan",
              "runs": {
                "batter": 0,
                "extras": 0,
                "total": 0
              },
              "wickets": [
                {
                  "kind": "caught",
                  "player_out": "R Nehonde",
                  "fielders": [
                    {
                      "name": "C Waiswa"
                    }
                  ]
                }
              ]
            }
          ]
        },
        {
          "over": 13,
          "deliveries": [
            {
              "batter": "JWN Moses",
              "bowler": "F Nsubuga",
              "non_striker": "V Balakrishnan",
              "runs": {
                "batter": 1,
                "extras": 0,
                "total": 1
              }
            },
            {
              "batter": "V Balakrishnan",
              "bowler": "F Nsubuga",
              "non_striker": "JWN Moses",
              "runs": {
                "batter": 1,
                "extras": 0,
                "total": 1
              }
            },
            {
              "batter": "JWN Moses",
              "bowler": "F Nsubuga",
              "non_striker": "V Balakrishnan",
              "runs": {
                "batter": 0,
                "extras": 0,
                "total": 0
              }
            },
            {
              "batter": "JWN Moses",
              "bowler": "F Nsubuga",
              "non_striker": "V Balakrishnan",
              "runs": {
                "batter": 0,
                "extras": 0,
                "total": 0
              }
            },
            {
              "batter": "JWN Moses",
              "bowler": "F Nsubuga",
              "extras": {
                "wides": 1
              },
              "non_striker": "V Balakrishnan",
              "runs": {
                "batter": 0,
                "extras": 1,
                "total": 1
              }
            },
            {
              "batter": "JWN Moses",
              "bowler": "F Nsubuga",
              "non_striker": "V Balakrishnan",
              "runs": {
                "batter": 1,
                "extras": 0,
                "total": 1
              }
            },
            {
              "batter": "V Balakrishnan",
              "bowler": "F Nsubuga",
              "non_striker": "JWN Moses",
              "runs": {
                "batter": 0,
                "extras": 0,
                "total": 0
              }
            }
          ]
        },
        {
          "over": 14,
          "deliveries": [
            {
              "batter": "JWN Moses",
              "bowler": "D Muhumuza",
              "non_striker": "V Balakrishnan",
              "runs": {
                "batter": 1,
                "extras": 0,
                "total": 1
              }
            },
            {
              "batter": "V Balakrishnan",
              "bowler": "D Muhumuza",
              "non_striker": "JWN Moses",
              "runs": {
                "batter": 0,
                "extras": 0,
                "total": 0
              }
            },
            {
              "batter": "V Balakrishnan",
              "bowler": "D Muhumuza",
              "non_striker": "JWN Moses",
              "runs": {
                "batter": 4,
                "extras": 0,
                "total": 4
              }
            },
            {
              "batter": "V Balakrishnan",
              "bowler": "D Muhumuza",
              "non_striker": "JWN Moses",
              "runs": {
                "batter": 0,
                "extras": 0,
                "total": 0
              }
            },
            {
              "batter": "V Balakrishnan",
              "bowler": "D Muhumuza",
              "non_striker": "JWN Moses",
              "runs": {
                "batter": 1,
                "extras": 0,
                "total": 1
              }
            },
            {
              "batter": "JWN Moses",
              "bowler": "D Muhumuza",
              "non_striker": "V Balakrishnan",
              "runs": {
                "batter": 6,
                "extras": 0,
                "total": 6
              }
            }
          ]
        },
        {
          "over": 15,
          "deliveries": [
            {
              "batter": "V Balakrishnan",
              "bowler": "F Nsubuga",
              "non_striker": "JWN Moses",
              "runs": {
                "batter": 0,
                "extras": 0,
                "total": 0
              },
              "wickets": [
                {
                  "kind": "lbw",
                  "player_out": "V Balakrishnan"
                }
              ]
            },
            {
              "batter": "A Rangaswamy",
              "bowler": "F Nsubuga",
              "non_striker": "JWN Moses",
              "runs": {
                "batter": 0,
                "extras": 0,
                "total": 0
              }
            },
            {
              "batter": "A Rangaswamy",
              "bowler": "F Nsubuga",
              "non_striker": "JWN Moses",
              "runs": {
                "batter": 6,
                "extras": 0,
                "total": 6
              }
            },
            {
              "batter": "A Rangaswamy",
              "bowler": "F Nsubuga",
              "non_striker": "JWN Moses",
              "runs": {
                "batter": 1,
                "extras": 0,
                "total": 1
              }
            },
            {
              "batter": "JWN Moses",
              "bowler": "F Nsubuga",
              "non_striker": "A Rangaswamy",
              "runs": {
                "batter": 0,
                "extras": 0,
                "total": 0
              },
              "wickets": [
                {
                  "kind": "run out",
                  "player_out": "JWN Moses"
                }
              ]
            },
            {
              "batter": "N Master",
              "bowler": "F Nsubuga",
              "non_striker": "A Rangaswamy",
              "runs": {
                "batter": 1,
                "extras": 0,
                "total": 1
              }
            }
          ]
        },
        {
          "over": 16,
          "deliveries": [
            {
              "batter": "N Master",
              "bowler": "DM Nakrani",
              "non_striker": "A Rangaswamy",
              "runs": {
                "batter": 1,
                "extras": 0,
                "total": 1
              }
            },
            {
              "batter": "A Rangaswamy",
              "bowler": "DM Nakrani",
              "non_striker": "N Master",
              "runs": {
                "batter": 0,
                "extras": 0,
                "total": 0
              },
              "wickets": [
                {
                  "kind": "run out",
                  "player_out": "N Master"
                }
              ]
            },
            {
              "batter": "A Rangaswamy",
              "bowler": "DM Nakrani",
              "non_striker": "T Tshose",
              "runs": {
                "batter": 0,
                "extras": 0,
                "total": 0
              }
            },
            {
              "batter": "A Rangaswamy",
              "bowler": "DM Nakrani",
              "non_striker": "T Tshose",
              "runs": {
                "batter": 0,
                "extras": 0,
                "total": 0
              }
            },
            {
              "batter": "A Rangaswamy",
              "bowler": "DM Nakrani",
              "non_striker": "T Tshose",
              "runs": {
                "batter": 0,
                "extras": 0,
                "total": 0
              },
              "wickets": [
                {
                  "kind": "bowled",
                  "player_out": "A Rangaswamy"
                }
              ]
            },
            {
              "batter": "M Mooketsi",
              "bowler": "DM Nakrani",
              "non_striker": "T Tshose",
              "runs": {
                "batter": 0,
                "extras": 0,
                "total": 0
              }
            }
          ]
        },
        {
          "over": 17,
          "deliveries": [
            {
              "batter": "T Tshose",
              "bowler": "C Waiswa",
              "non_striker": "M Mooketsi",
              "runs": {
                "batter": 0,
                "extras": 0,
                "total": 0
              }
            },
            {
              "batter": "T Tshose",
              "bowler": "C Waiswa",
              "non_striker": "M Mooketsi",
              "runs": {
                "batter": 1,
                "extras": 0,
                "total": 1
              }
            },
            {
              "batter": "M Mooketsi",
              "bowler": "C Waiswa",
              "non_striker": "T Tshose",
              "runs": {
                "batter": 1,
                "extras": 0,
                "total": 1
              }
            },
            {
              "batter": "T Tshose",
              "bowler": "C Waiswa",
              "non_striker": "M Mooketsi",
              "runs": {
                "batter": 2,
                "extras": 0,
                "total": 2
              }
            },
            {
              "batter": "T Tshose",
              "bowler": "C Waiswa",
              "non_striker": "M Mooketsi",
              "runs": {
                "batter": 1,
                "extras": 0,
                "total": 1
              }
            },
            {
              "batter": "M Mooketsi",
              "bowler": "C Waiswa",
              "non_striker": "T Tshose",
              "runs": {
                "batter": 0,
                "extras": 0,
                "total": 0
              },
              "wickets": [
                {
                  "kind": "bowled",
                  "player_out": "M Mooketsi"
                }
              ]
            }
          ]
        }
      ],
      "powerplays": [
        {
          "from": 0.1,
          "to": 5.7,
          "type": "mandatory"
        }
      ],
      "target": {
        "overs": 20,
        "runs": 143
      }
    }
  ]
}