{
  "meta": {
    "data_version": "1.0.0",
    "created": "2019-06-23",
    "revision": 1
  },
  "info": {
    "balls_per_over": 6,
    "city": "Castel",
    "dates": [
      "2019-06-19"
    ],
    "event": {
      "name": "ICC Men's T20 World Cup Europe Region Final",
      "match_number": 13
    },
    "gender": "male",
    "match_type": "T20",
    "match_type_number": 801,
    "missing": [
      "player_of_match"
    ],
    "officials": {
      "match_referees": [
        "Wayne Noon"
      ],
      "reserve_umpires": [
        "MV Waldron"
      ],
      "umpires": [
        "HE Kearns",
        "Adriaan van den Dries"
      ]
    },
    "outcome": {
      "winner": "Guernsey",
      "by": {
        "wickets": 4
      }
    },
    "overs": 20,
    "players": {
      "Norway": [
        "Raza Iqbal",
        "Pratik Agnihotri",
        "Walid Ghauri",
        "E Ul Haq",
        "Nazakat Ali",
        "Javed Maroofkhail",
        "Tafseer Ali",
        "Khizer Ahmed",
        "S Waqas Ahmed",
        "P Bhart",
        "Junaid Sheikh"
      ],
      "Guernsey": [
        "AS Wright",
        "J Butler",
        "LJ Barker",
        "OE Newey",
        "LB Ferbrache",
        "DR Hooper",
        "ACF Stokes",
        "LC Le Tissier",
        "W Peatfield",
        "JL Martel",
        "MWR Stokes"
      ]
    },
    "registry": {
      "people": {
        "ACF Stokes": "7f74b21d",
        "AS Wright": "e801ac71",
        "Adriaan van den Dries": "94b5ec3b",
        "DR Hooper": "0ac067e8",
        "E Ul Haq": "3559290a",
        "HE Kearns": "fd4959c8",
        "J Butler": "efcb778e",
        "JL Martel": "fb7dc205",
        "Javed Maroofkhail": "909d9fac",
        "Junaid Sheikh": "c01852c6",
        "Khizer Ahmed": "723ca856",
        "LB Ferbrache": "0f72f582",
        "LC Le Tissier": "c471750e",
        "LJ Barker": "da1f80f8",
        "MV Waldron": "2e4f11e9",
        "MWR Stokes": "c573d173",
        "Nazakat Ali": "e5cb6eb9",
        "OE Newey": "f4b6f6ac",
        "P Bhart": "0daf3ffc",
        "Pratik Agnihotri": "21bfd654",
        "Raza Iqbal": "eee46f77",
        "S Waqas Ahmed": "fb27d38c",
        "Tafseer Ali": "b9c3ffcd",
        "W Peatfield": "609d6c7c",
        "Walid Ghauri": "331e137f",
        "Wayne Noon": "736e1761"
      }
    },
    "season": "2019",
    "team_type": "international",
    "teams": [
      "Guernsey",
      "Norway"
    ],
    "toss": {
      "decision": "field",
      "winner": "Guernsey"
    },
    "venue": "King George V Sports Ground"
  },
  "innings": [
    {
      "team": "Norway",
      "overs": [
        {
          "over": 0,
          "deliveries": [
            {
              "batter": "Raza Iqbal",
              "bowler": "ACF Stokes",
              "non_striker": "Pratik Agnihotri",
              "runs": {
                "batter": 0,
                "extras": 0,
                "total": 0
              }
            },
            {
              "batter": "Raza Iqbal",
              "bowler": "ACF Stokes",
              "non_striker": "Pratik Agnihotri",
              "runs": {
                "batter": 0,
                "extras": 0,
                "total": 0
              }
            },
            {
              "batter": "Raza Iqbal",
              "bowler": "ACF Stokes",
              "non_striker": "Pratik Agnihotri",
              "runs": {
                "batter": 2,
                "extras": 0,
                "total": 2
              }
            },
            {
              "batter": "Raza Iqbal",
              "bowler": "ACF Stokes",
              "non_striker": "Pratik Agnihotri",
              "runs": {
                "batter": 0,
                "extras": 0,
                "total": 0
              }
            },
            {
              "batter": "Raza Iqbal",
              "bowler": "ACF Stokes",
              "non_striker": "Pratik Agnihotri",
              "runs": {
                "batter": 0,
                "extras": 0,
                "total": 0
              }
            },
            {
              "batter": "Raza Iqbal",
              "bowler": "ACF Stokes",
              "non_striker": "Pratik Agnihotri",
              "runs": {
                "batter": 1,
                "extras": 0,
                "total": 1
              }
            }
          ]
        },
        {
          "over": 1,
          "deliveries": [
            {
              "batter": "Raza Iqbal",
              "bowler": "W Peatfield",
              "non_striker": "Pratik Agnihotri",
              "runs": {
                "batter": 0,
                "extras": 0,
                "total": 0
              }
            },
            {
              "batter": "Raza Iqbal",
              "bowler": "W Peatfield",
              "non_striker": "Pratik Agnihotri",
              "runs": {
                "batter": 1,
                "extras": 0,
                "total": 1
              }
            },
            {
              "batter": "Pratik Agnihotri",
              "bowler": "W Peatfield",
              "non_striker": "Raza Iqbal",
              "runs": {
                "batter": 0,
                "extras": 0,
                "total": 0
              }
            },
            {
              "batter": "Pratik Agnihotri",
              "bowler": "W Peatfield",
              "non_striker": "Raza Iqbal",
              "runs": {
                "batter": 1,
                "extras": 0,
                "total": 1
              }
            },
            {
              "batter": "Raza Iqbal",
              "bowler": "W Peatfield",
              "non_striker": "Pratik Agnihotri",
              "runs": {
                "batter": 0,
                "extras": 0,
                "total": 0
              }
            },
            {
              "batter": "Raza Iqbal",
              "bowler": "W Peatfield",
              "non_striker": "Pratik Agnihotri",
              "runs": {
                "batter": 1,
                "extras": 0,
                "total": 1
              }
            }
          ]
        },
        {
          "over": 2,
          "deliveries": [
            {
              "batter": "Raza Iqbal",
              "bowler": "ACF Stokes",
              "non_striker": "Pratik Agnihotri",
              "runs": {
                "batter": 0,
                "extras": 0,
                "total": 0
              },
              "wickets": [
                {
                  "kind": "caught",
                  "player_out": "Raza Iqbal",
                  "fielders": [
                    {
                      "name": "AS Wright"
                    }
                  ]
                }
              ]
            },
            {
              "batter": "Walid Ghauri",
              "bowler": "ACF Stokes",
              "non_striker": "Pratik Agnihotri",
              "runs": {
                "batter": 1,
                "extras": 0,
                "total": 1
              }
            },
            {
              "batter": "Pratik Agnihotri",
              "bowler": "ACF Stokes",
              "non_striker": "Walid Ghauri",
              "runs": {
                "batter": 0,
                "extras": 0,
                "total": 0
              }
            },
            {
              "batter": "Pratik Agnihotri",
              "bowler": "ACF Stokes",
              "non_striker": "Walid Ghauri",
              "runs": {
                "batter": 0,
                "extras": 0,
                "total": 0
              }
            },
            {
              "batter": "Pratik Agnihotri",
              "bowler": "ACF Stokes",
              "non_striker": "Walid Ghauri",
              "runs": {
                "batter": 3,
                "extras": 0,
                "total": 3
              }
            },
            {
              "batter": "Walid Ghauri",
              "bowler": "ACF Stokes",
              "non_striker": "Pratik Agnihotri",
              "runs": {
                "batter": 6,
                "extras": 0,
                "total": 6
              }
            }
          ]
        },
        {
          "over": 3,
          "deliveries": [
            {
              "batter": "Pratik Agnihotri",
              "bowler": "W Peatfield",
              "non_striker": "Walid Ghauri",
              "runs": {
                "batter": 1,
                "extras": 0,
                "total": 1
              }
            },
            {
              "batter": "Walid Ghauri",
              "bowler": "W Peatfield",
              "non_striker": "Pratik Agnihotri",
              "runs": {
                "batter": 1,
                "extras": 0,
                "total": 1
              }
            },
            {
              "batter": "Pratik Agnihotri",
              "bowler": "W Peatfield",
              "non_striker": "Walid Ghauri",
              "runs": {
                "batter": 1,
                "extras": 0,
                "total": 1
              }
            },
            {
              "batter": "Walid Ghauri",
              "bowler": "W Peatfield",
              "non_striker": "Pratik Agnihotri",
              "runs": {
                "batter": 0,
                "extras": 0,
                "total": 0
              }
            },
            {
              "batter": "Walid Ghauri",
              "bowler": "W Peatfield",
              "non_striker": "Pratik Agnihotri",
              "runs": {
                "batter": 1,
                "extras": 0,
                "total": 1
              }
            },
            {
              "batter": "Pratik Agnihotri",
              "bowler": "W Peatfield",
              "non_striker": "Walid Ghauri",
              "runs": {
                "batter": 0,
                "extras": 0,
                "total": 0
              }
            }
          ]
        },
        {
          "over": 4,
          "deliveries": [
            {
              "batter": "Walid Ghauri",
              "bowler": "JL Martel",
              "non_striker": "Pratik Agnihotri",
              "runs": {
                "batter": 0,
                "extras": 0,
                "total": 0
              }
            },
            {
              "batter": "Walid Ghauri",
              "bowler": "JL Martel",
              "non_striker": "Pratik Agnihotri",
              "runs": {
                "batter": 0,
                "extras": 0,
                "total": 0
              }
            },
            {
              "batter": "Walid Ghauri",
              "bowler": "JL Martel",
              "non_striker": "Pratik Agnihotri",
              "runs": {
                "batter": 4,
                "extras": 0,
                "total": 4
              }
            },
            {
              "batter": "Walid Ghauri",
              "bowler": "JL Martel",
              "non_striker": "Pratik Agnihotri",
              "runs": {
                "batter": 1,
                "extras": 0,
                "total": 1
              }
            },
            {
              "batter": "Pratik Agnihotri",
              "bowler": "JL Martel",
              "non_striker": "Walid Ghauri",
              "runs": {
                "batter": 0,
                "extras": 0,
                "total": 0
              },
              "wickets": [
                {
                  "kind": "bowled",
                  "player_out": "Pratik Agnihotri"
                }
              ]
            },
            {
              "batter": "E Ul Haq",
              "bowler": "JL Martel",
              "non_striker": "Walid Ghauri",
              "runs": {
                "batter": 2,
                "extras": 0,
                "total": 2
              }
            }
          ]
        },
        {
          "over": 5,
          "deliveries": [
            {
              "batter": "Walid Ghauri",
              "bowler": "LC Le Tissier",
              "non_striker": "E Ul Haq",
              "runs": {
                "batter": 0,
                "extras": 0,
                "total": 0
              }
            },
            {
              "batter": "Walid Ghauri",
              "bowler": "LC Le Tissier",
              "non_striker": "E Ul Haq",
              "runs": {
                "batter": 0,
                "extras": 0,
                "total": 0
              }
            },
            {
              "batter": "Walid Ghauri",
              "bowler": "LC Le Tissier",
              "non_striker": "E Ul Haq",
              "runs": {
                "batter": 1,
                "extras": 0,
                "total": 1
              }
            },
            {
              "batter": "E Ul Haq",
              "bowler": "LC Le Tissier",
              "non_striker": "Walid Ghauri",
              "runs": {
                "batter": 0,
                "extras": 0,
                "total": 0
              }
            },
            {
              "batter": "E Ul Haq",
              "bowler": "LC Le Tissier",
              "non_striker": "Walid Ghauri",
              "runs": {
                "batter": 1,
                "extras": 0,
                "total": 1
              }
            },
            {
              "batter": "Walid Ghauri",
              "bowler": "LC Le Tissier",
              "non_striker": "E Ul Haq",
              "runs": {
                "batter": 0,
                "extras": 0,
                "total": 0
              }
            }
          ]
        },
        {
          "over": 6,
          "deliveries": [
            {
              "batter": "E Ul Haq",
              "bowler": "DR Hooper",
              "non_striker": "Walid Ghauri",
              "runs": {
                "batter": 0,
                "extras": 0,
                "total": 0
              }
            },
            {
              "batter": "E Ul Haq",
              "bowler": "DR Hooper",
              "non_striker": "Walid Ghauri",
              "runs": {
                "batter": 1,
                "extras": 0,
                "total": 1
              }
            },
            {
              "batter": "Walid Ghauri",
              "bowler": "DR Hooper",
              "non_striker": "E Ul Haq",
              "runs": {
                "batter": 0,
                "extras": 0,
                "total": 0
              }
            },
            {
              "batter": "Walid Ghauri",
              "bowler": "DR Hooper",
              "non_striker": "E Ul Haq",
              "runs": {
                "batter": 1,
                "extras": 0,
                "total": 1
              }
            },
            {
              "batter": "E Ul Haq",
              "bowler": "DR Hooper",
              "non_striker": "Walid Ghauri",
              "runs": {
                "batter": 0,
                "extras": 0,
                "total": 0
              }
            },
            {
              "batter": "E Ul Haq",
              "bowler": "DR Hooper",
              "non_striker": "Walid Ghauri",
              "runs": {
                "batter": 0,
                "extras": 0,
                "total": 0
              }
            }
          ]
        },
        {
          "over": 7,
          "deliveries": [
            {
              "batter": "Walid Ghauri",
              "bowler": "LC Le Tissier",
              "non_striker": "E Ul Haq",
              "runs": {
                "batter": 0,
                "extras": 0,
                "total": 0
              }
            },
            {
              "batter": "Walid Ghauri",
              "bowler": "LC Le Tissier",
              "non_striker": "E Ul Haq",
              "runs": {
                "batter": 1,
                "extras": 0,
                "total": 1
              }
            },
            {
              "batter": "E Ul Haq",
              "bowler": "LC Le Tissier",
              "non_striker": "Walid Ghauri",
              "runs": {
                "batter": 1,
                "extras": 0,
                "total": 1
              }
            },
            {
              "batter": "Walid Ghauri",
              "bowler": "LC Le Tissier",
              "non_striker": "E Ul Haq",
              "runs": {
                "batter": 1,
                "extras": 0,
                "total": 1
              }
            },
            {
              "batter": "E Ul Haq",
              "bowler": "LC Le Tissier",
              "non_striker": "Walid Ghauri",
              "runs": {
                "batter": 1,
                "extras": 0,
                "total": 1
              }
            },
            {
              "batter": "Walid Ghauri",
              "bowler": "LC Le Tissier",
              "non_striker": "E Ul Haq",
              "runs": {
                "batter": 4,
                "extras": 0,
                "total": 4
              }
            }
          ]
        },
        {
          "over": 8,
          "deliveries": [
            {
              "batter": "E Ul Haq",
              "bowler": "DR Hooper",
              "non_striker": "Walid Ghauri",
              "runs": {
                "batter": 1,
                "extras": 0,
                "total": 1
              }
            },
            {
              "batter": "Walid Ghauri",
              "bowler": "DR Hooper",
              "non_striker": "E Ul Haq",
              "runs": {
                "batter": 2,
                "extras": 0,
                "total": 2
              }
            },
            {
              "batter": "Walid Ghauri",
              "bowler": "DR Hooper",
              "non_striker": "E Ul Haq",
              "runs": {
                "batter": 1,
                "extras": 0,
                "total": 1
              }
            },
            {
              "batter": "E Ul Haq",
              "bowler": "DR Hooper",
              "non_striker": "Walid Ghauri",
              "runs": {
                "batter": 1,
                "extras": 0,
                "total": 1
              }
            },
            {
              "batter": "Walid Ghauri",
              "bowler": "DR Hooper",
              "non_striker": "E Ul Haq",
              "runs": {
                "batter": 0,
                "extras": 0,
                "total": 0
              }
            },
            {
              "batter": "Walid Ghauri",
              "bowler": "DR Hooper",
              "non_striker": "E Ul Haq",
              "runs": {
                "batter": 4,
                "extras": 0,
                "total": 4
              }
            }
          ]
        },
        {
          "over": 9,
          "deliveries": [
            {
              "batter": "E Ul Haq",
              "bowler": "ACF Stokes",
              "extras": {
                "wides": 1
              },
              "non_striker": "Walid Ghauri",
              "runs": {
                "batter": 0,
                "extras": 1,
                "total": 1
              }
            },
            {
              "batter": "E Ul Haq",
              "bowler": "ACF Stokes",
              "non_striker": "Walid Ghauri",
              "runs": {
                "batter": 0,
                "extras": 0,
                "total": 0
              }
            },
            {
              "batter": "E Ul Haq",
              "bowler": "ACF Stokes",
              "non_striker": "Walid Ghauri",
              "runs": {
                "batter": 1,
                "extras": 0,
                "total": 1
              }
            },
            {
              "batter": "Walid Ghauri",
              "bowler": "ACF Stokes",
              "non_striker": "E Ul Haq",
              "runs": {
                "batter": 4,
                "extras": 0,
                "total": 4
              }
            },
            {
              "batter": "Walid Ghauri",
              "bowler": "ACF Stokes",
              "non_striker": "E Ul Haq",
              "runs": {
                "batter": 1,
                "extras": 0,
                "total": 1
              }
            },
            {
              "batter": "E Ul Haq",
              "bowler": "ACF Stokes",
              "extras": {
                "wides": 1
              },
              "non_striker": "Walid Ghauri",
              "runs": {
                "batter": 0,
                "extras": 1,
                "total": 1
              }
            },
            {
              "batter": "E Ul Haq",
              "bowler": "ACF Stokes",
              "non_striker": "Walid Ghauri",
              "runs": {
                "batter": 0,
                "extras": 0,
                "total": 0
              }
            },
            {
              "batter": "E Ul Haq",
              "bowler": "ACF Stokes",
              "non_striker": "Walid Ghauri",
              "runs": {
                "batter": 0,
                "extras": 0,
                "total": 0
              }
            }
          ]
        },
        {
          "over": 10,
          "deliveries": [
            {
              "batter": "Walid Ghauri",
              "bowler": "JL Martel",
              "non_striker": "E Ul Haq",
              "runs": {
                "batter": 1,
                "extras": 0,
                "total": 1
              }
            },
            {
              "batter": "E Ul Haq",
              "bowler": "JL Martel",
              "non_striker": "Walid Ghauri",
              "runs": {
                "batter": 1,
                "extras": 0,
                "total": 1
              }
            },
            {
              "batter": "Walid Ghauri",
              "bowler": "JL Martel",
              "non_striker": "E Ul Haq",
              "runs": {
                "batter": 3,
                "extras": 0,
                "total": 3
              }
            },
            {
              "batter": "E Ul Haq",
              "bowler": "JL Martel",
              "non_striker": "Walid Ghauri",
              "runs": {
                "batter": 0,
                "extras": 0,
                "total": 0
              },
              "wickets": [
                {
                  "kind": "caught",
                  "player_out": "E Ul Haq",
                  "fielders": [
                    {
                      "name": "LJ Barker"
                    }
                  ]
                }
              ]
            },
            {
              "batter": "Nazakat Ali",
              "bowler": "JL Martel",
              "non_striker": "Walid Ghauri",
              "runs": {
                "batter": 0,
                "extras": 0,
                "total": 0
              }
            },
            {
              "batter": "Nazakat Ali",
              "bowler": "JL Martel",
              "non_striker": "Walid Ghauri",
              "runs": {
                "batter": 1,
                "extras": 0,
                "total": 1
              }
            }
          ]
        },
        {
          "over": 11,
          "deliveries": [
            {
              "batter": "Nazakat Ali",
              "bowler": "LC Le Tissier",
              "non_striker": "Walid Ghauri",
              "runs": {
                "batter": 1,
                "extras": 0,
                "total": 1
              }
            },
            {
              "batter": "Walid Ghauri",
              "bowler": "LC Le Tissier",
              "non_striker": "Nazakat Ali",
              "runs": {
                "batter": 0,
                "extras": 0,
                "total": 0
              },
              "wickets": [
                {
                  "kind": "caught",
                  "player_out": "Walid Ghauri",
                  "fielders": [
                    {
                      "name": "LB Ferbrache"
                    }
                  ]
                }
              ]
            },
            {
              "batter": "Nazakat Ali",
              "bowler": "LC Le Tissier",
              "non_striker": "Javed Maroofkhail",
              "runs": {
                "batter": 0,
                "extras": 0,
                "total": 0
              }
            },
            {
              "batter": "Nazakat Ali",
              "bowler": "LC Le Tissier",
              "non_striker": "Javed Maroofkhail",
              "runs": {
                "batter": 1,
                "extras": 0,
                "total": 1
              }
            },
            {
              "batter": "Javed Maroofkhail",
              "bowler": "LC Le Tissier",
              "non_striker": "Nazakat Ali",
              "runs": {
                "batter": 1,
                "extras": 0,
                "total": 1
              }
            },
            {
              "batter": "Nazakat Ali",
              "bowler": "LC Le Tissier",
              "non_striker": "Javed Maroofkhail",
              "runs": {
                "batter": 6,
                "extras": 0,
                "total": 6
              }
            }
          ]
        },
        {
          "over": 12,
          "deliveries": [
            {
              "batter": "Javed Maroofkhail",
              "bowler": "DR Hooper",
              "non_striker": "Nazakat Ali",
              "runs": {
                "batter": 0,
                "extras": 0,
                "total": 0
              }
            },
            {
              "batter": "Javed Maroofkhail",
              "bowler": "DR Hooper",
              "non_striker": "Nazakat Ali",
              "runs": {
                "batter": 0,
                "extras": 0,
                "total": 0
              }
            },
            {
              "batter": "Javed Maroofkhail",
              "bowler": "DR Hooper",
              "non_striker": "Nazakat Ali",
              "runs": {
                "batter": 1,
                "extras": 0,
                "total": 1
              }
            },
            {
              "batter": "Nazakat Ali",
              "bowler": "DR Hooper",
              "non_striker": "Javed Maroofkhail",
              "runs": {
                "batter": 1,
                "extras": 0,
                "total": 1
              }
            },
            {
              "batter": "Javed Maroofkhail",
              "bowler": "DR Hooper",
              "non_striker": "Nazakat Ali",
              "runs": {
                "batter": 0,
                "extras": 0,
                "total": 0
              }
            },
            {
              "batter": "Javed Maroofkhail",
              "bowler": "DR Hooper",
              "non_striker": "Nazakat Ali",
              "runs": {
                "batter": 1,
                "extras": 0,
                "total": 1
              }
            }
          ]
        },
        {
          "over": 13,
          "deliveries": [
            {
              "batter": "Javed Maroofkhail",
              "bowler": "JL Martel",
              "non_striker": "Nazakat Ali",
              "runs": {
                "batter": 0,
                "extras": 0,
                "total": 0
              }
            },
            {
              "batter": "Javed Maroofkhail",
              "bowler": "JL Martel",
              "non_striker": "Nazakat Ali",
              "runs": {
                "batter": 0,
                "extras": 0,
                "total": 0
              },
              "wickets": [
                {
                  "kind": "lbw",
                  "player_out": "Javed Maroofkhail"
                }
              ]
            },
            {
              "batter": "Tafseer Ali",
              "bowler": "JL Martel",
              "non_striker": "Nazakat Ali",
              "runs": {
                "batter": 0,
                "extras": 0,
                "total": 0
              }
            },
            {
              "batter": "Tafseer Ali",
              "bowler": "JL Martel",
              "non_striker": "Nazakat Ali",
              "runs": {
                "batter": 1,
                "extras": 0,
                "total": 1
              }
            },
            {
              "batter": "Nazakat Ali",
              "bowler": "JL Martel",
              "non_striker": "Tafseer Ali",
              "runs": {
                "batter": 0,
                "extras": 0,
                "total": 0
              }
            },
            {
              "batter": "Nazakat Ali",
              "bowler": "JL Martel",
              "non_striker": "Tafseer Ali",
              "runs": {
                "batter": 1,
                "extras": 0,
                "total": 1
              }
            }
          ]
        },
        {
          "over": 14,
          "deliveries": [
            {
              "batter": "Nazakat Ali",
              "bowler": "DR Hooper",
              "non_striker": "Tafseer Ali",
              "runs": {
                "batter": 0,
                "extras": 0,
                "total": 0
              }
            },
            {
              "batter": "Nazakat Ali",
              "bowler": "DR Hooper",
              "non_striker": "Tafseer Ali",
              "runs": {
                "batter": 6,
                "extras": 0,
                "total": 6
              }
            },
            {
              "batter": "Nazakat Ali",
              "bowler": "DR Hooper",
              "non_striker": "Tafseer Ali",
              "runs": {
                "batter": 1,
                "extras": 0,
                "total": 1
              }
            },
            {
              "batter": "Tafseer Ali",
              "bowler": "DR Hooper",
              "non_striker": "Nazakat Ali",
              "runs": {
                "batter": 1,
                "extras": 0,
                "total": 1
              }
            },
            {
              "batter": "Nazakat Ali",
              "bowler": "DR Hooper",
              "non_striker": "Tafseer Ali",
              "runs": {
                "batter": 6,
                "extras": 0,
                "total": 6
              }
            },
            {
              "batter": "Nazakat Ali",
              "bowler": "DR Hooper",
              "extras": {
                "legbyes": 1
              },
              "non_striker": "Tafseer Ali",
              "runs": {
                "batter": 0,
                "extras": 1,
                "total": 1
              }
            }
          ]
        },
        {
          "over": 15,
          "deliveries": [
            {
              "batter": "Nazakat Ali",
              "bowler": "W Peatfield",
              "non_striker": "Tafseer Ali",
              "runs": {
                "batter": 1,
                "extras": 0,
                "total": 1
              }
            },
            {
              "batter": "Tafseer Ali",
              "bowler": "W Peatfield",
              "non_striker": "Nazakat Ali",
              "runs": {
                "batter": 2,
                "extras": 0,
                "total": 2
              }
            },
            {
              "batter": "Tafseer Ali",
              "bowler": "W Peatfield",
              "non_striker": "Nazakat Ali",
              "runs": {
                "batter": 1,
                "extras": 0,
                "total": 1
              }
            },
            {
              "batter": "Nazakat Ali",
              "bowler": "W Peatfield",
              "non_striker": "Tafseer Ali",
              "runs": {
                "batter": 0,
                "extras": 0,
                "total": 0
              },
              "wickets": [
                {
                  "kind": "lbw",
                  "player_out": "Nazakat Ali"
                }
              ]
            },
            {
              "batter": "Khizer Ahmed",
              "bowler": "W Peatfield",
              "non_striker": "Tafseer Ali",
              "runs": {
                "batter": 0,
                "extras": 0,
                "total": 0
              }
            },
            {
              "batter": "Khizer Ahmed",
              "bowler": "W Peatfield",
              "non_striker": "Tafseer Ali",
              "runs": {
                "batter": 0,
                "extras": 0,
                "total": 0
              }
            }
          ]
        }
      ],
      "powerplays": [
        {
          "from": 0.1,
          "to": 4.6,
          "type": "mandatory"
        }
      ]
    },
    {
      "team": "Guernsey",
      "overs": [
        {
          "over": 0,
          "deliveries": [
            {
              "batter": "AS Wright",
              "bowler": "P Bhart",
              "extras": {
                "wides": 2
              },
              "non_striker": "J Butler",
              "runs": {
                "batter": 0,
                "extras": 2,
                "total": 2
              }
            },
            {
              "batter": "J Butler",
              "bowler": "P Bhart",
              "extras": {
                "wides": 1
              },
              "non_striker": "AS Wright",
              "runs": {
                "batter": 0,
                "extras": 1,
                "total": 1
              }
            },
            {
              "batter": "J Butler",
              "bowler": "P Bhart",
              "extras": {
                "wides": 1
              },
              "non_striker": "AS Wright",
              "runs": {
                "batter": 0,
                "extras": 1,
                "total": 1
              }
            },
            {
              "batter": "J Butler",
              "bowler": "P Bhart",
              "extras": {
                "wides": 3
              },
              "non_striker": "AS Wright",
              "runs": {
                "batter": 0,
                "extras": 3,
                "total": 3
              }
            },
            {
              "batter": "J Butler",
              "bowler": "P Bhart",
              "extras": {
                "wides": 1
              },
              "non_striker": "AS Wright",
              "runs": {
                "batter": 0,
                "extras": 1,
                "total": 1
              }
            },
            {
              "batter": "J Butler",
              "bowler": "P Bhart",
              "non_striker": "AS Wright",
              "runs": {
                "batter": 0,
                "extras": 0,
                "total": 0
              }
            },
            {
              "batter": "J Butler",
              "bowler": "P Bhart",
              "non_striker": "AS Wright",
              "runs": {
                "batter": 1,
                "extras": 0,
                "total": 1
              }
            },
            {
              "batter": "AS Wright",
              "bowler": "P Bhart",
              "non_striker": "J Butler",
              "runs": {
                "batter": 0,
                "extras": 0,
                "total": 0
              }
            },
            {
              "batter": "AS Wright",
              "bowler": "P Bhart",
              "non_striker": "J Butler",
              "runs": {
                "batter": 1,
                "extras": 0,
                "total": 1
              }
            },
            {
              "batter": "J Butler",
              "bowler": "P Bhart",
              "non_striker": "AS Wright",
              "runs": {
                "batter": 2,
                "extras": 0,
                "total": 2
              }
            },
            {
              "batter": "J Butler",
              "bowler": "P Bhart",
              "non_striker": "AS Wright",
              "runs": {
                "batter": 1,
                "extras": 0,
                "total": 1
              }
            }
          ]
        },
        {
          "over": 1,
          "deliveries": [
            {
              "batter": "J Butler",
              "bowler": "Junaid Sheikh",
              "non_striker": "AS Wright",
              "runs": {
                "batter": 0,
                "extras": 0,
                "total": 0
              }
            },
            {
              "batter": "J Butler",
              "bowler": "Junaid Sheikh",
              "non_striker": "AS Wright",
              "runs": {
                "batter": 4,
                "extras": 0,
                "total": 4
              }
            },
            {
              "batter": "J Butler",
              "bowler": "Junaid Sheikh",
              "non_striker": "AS Wright",
              "runs": {
                "batter": 0,
                "extras": 0,
                "total": 0
              }
            },
            {
              "batter": "J Butler",
              "bowler": "Junaid Sheikh",
              "non_striker": "AS Wright",
              "runs": {
                "batter": 4,
                "extras": 0,
                "total": 4
              }
            },
            {
              "batter": "J Butler",
              "bowler": "Junaid Sheikh",
              "non_striker": "AS Wright",
              "runs": {
                "batter": 4,
                "extras": 0,
                "total": 4
              }
            },
            {
              "batter": "J Butler",
              "bowler": "Junaid Sheikh",
              "non_striker": "AS Wright",
              "runs": {
                "batter": 0,
                "extras": 0,
                "total": 0
              }
            }
          ]
        },
        {
          "over": 2,
          "deliveries": [
            {
              "batter": "AS Wright",
              "bowler": "Nazakat Ali",
              "non_striker": "J Butler",
              "runs": {
                "batter": 0,
                "extras": 0,
                "total": 0
              }
            },
            {
              "batter": "AS Wright",
              "bowler": "Nazakat Ali",
              "extras": {
                "wides": 1
              },
              "non_striker": "J Butler",
              "runs": {
                "batter": 0,
                "extras": 1,
                "total": 1
              }
            },
            {
              "batter": "AS Wright",
              "bowler": "Nazakat Ali",
              "non_striker": "J Butler",
              "runs": {
                "batter": 0,
                "extras": 0,
                "total": 0
              }
            },
            {
              "batter": "AS Wright",
              "bowler": "Nazakat Ali",
              "non_striker": "J Butler",
              "runs": {
                "batter": 0,
                "extras": 0,
                "total": 0
              }
            },
            {
              "batter": "AS Wright",
              "bowler": "Nazakat Ali",
              "non_striker": "J Butler",
              "runs": {
                "batter": 0,
                "extras": 0,
                "total": 0
              }
            },
            {
              "batter": "AS Wright",
              "bowler": "Nazakat Ali",
              "non_striker": "J Butler",
              "runs": {
                "batter": 2,
                "extras": 0,
                "total": 2
              }
            },
            {
              "batter": "AS Wright",
              "bowler": "Nazakat Ali",
              "non_striker": "J Butler",
              "runs": {
                "batter": 0,
                "extras": 0,
                "total": 0
              },
              "wickets": [
                {
                  "kind": "caught",
                  "player_out": "AS Wright",
                  "fielders": [
                    {
                      "name": "Pratik Agnihotri"
                    }
                  ]
                }
              ]
            }
          ]
        },
        {
          "over": 3,
          "deliveries": [
            {
              "batter": "LJ Barker",
              "bowler": "Walid Ghauri",
              "non_striker": "J Butler",
              "runs": {
                "batter": 0,
                "extras": 0,
                "total": 0
              }
            },
            {
              "batter": "LJ Barker",
              "bowler": "Walid Ghauri",
              "non_striker": "J Butler",
              "runs": {
                "batter": 0,
                "extras": 0,
                "total": 0
              }
            },
            {
              "batter": "LJ Barker",
              "bowler": "Walid Ghauri",
              "non_striker": "J Butler",
              "runs": {
                "batter": 0,
                "extras": 0,
                "total": 0
              },
              "wickets": [
                {
                  "kind": "caught",
                  "player_out": "LJ Barker",
                  "fielders": [
                    {
                      "name": "Nazakat Ali"
                    }
                  ]
                }
              ]
            },
            {
              "batter": "J Butler",
              "bowler": "Walid Ghauri",
              "non_striker": "OE Newey",
              "runs": {
                "batter": 0,
                "extras": 0,
                "total": 0
              }
            },
            {
              "batter": "J Butler",
              "bowler": "Walid Ghauri",
              "extras": {
                "wides": 1
              },
              "non_striker": "OE Newey",
              "runs": {
                "batter": 0,
                "extras": 1,
                "total": 1
              }
            },
            {
              "batter": "J Butler",
              "bowler": "Walid Ghauri",
              "extras": {
                "wides": 1
              },
              "non_striker": "OE Newey",
              "runs": {
                "batter": 0,
                "extras": 1,
                "total": 1
              }
            },
            {
              "batter": "J Butler",
              "bowler": "Walid Ghauri",
              "non_striker": "OE Newey",
              "runs": {
                "batter": 0,
                "extras": 0,
                "total": 0
              }
            },
            {
              "batter": "J Butler",
              "bowler": "Walid Ghauri",
              "non_striker": "OE Newey",
              "runs": {
                "batter": 0,
                "extras": 0,
                "total": 0
              }
            }
          ]
        },
        {
          "over": 4,
          "deliveries": [
            {
              "batter": "OE Newey",
              "bowler": "Nazakat Ali",
              "non_striker": "J Butler",
              "runs": {
                "batter": 3,
                "extras": 0,
                "total": 3
              }
            },
            {
              "batter": "J Butler",
              "bowler": "Nazakat Ali",
              "extras": {
                "legbyes": 1
              },
              "non_striker": "OE Newey",
              "runs": {
                "batter": 0,
                "extras": 1,
                "total": 1
              }
            },
            {
              "batter": "OE Newey",
              "bowler": "Nazakat Ali",
              "non_striker": "J Butler",
              "runs": {
                "batter": 0,
                "extras": 0,
                "total": 0
              }
            },
            {
              "batter": "OE Newey",
              "bowler": "Nazakat Ali",
              "non_striker": "J Butler",
              "runs": {
                "batter": 0,
                "extras": 0,
                "total": 0
              }
            },
            {
              "batter": "OE Newey",
              "bowler": "Nazakat Ali",
              "non_striker": "J Butler",
              "runs": {
                "batter": 0,
                "extras": 0,
                "total": 0
              }
            },
            {
              "batter": "OE Newey",
              "bowler": "Nazakat Ali",
              "non_striker": "J Butler",
              "runs": {
                "batter": 0,
                "extras": 0,
                "total": 0
              }
            }
          ]
        },
        {
          "over": 5,
          "deliveries": [
            {
              "batter": "J Butler",
              "bowler": "Walid Ghauri",
              "non_striker": "OE Newey",
              "runs": {
                "batter": 1,
                "extras": 0,
                "total": 1
              }
            },
            {
              "batter": "OE Newey",
              "bowler": "Walid Ghauri",
              "extras": {
                "legbyes": 1
              },
              "non_striker": "J Butler",
              "runs": {
                "batter": 0,
                "extras": 1,
                "total": 1
              }
            },
            {
              "batter": "J Butler",
              "bowler": "Walid Ghauri",
              "non_striker": "OE Newey",
              "runs": {
                "batter": 0,
                "extras": 0,
                "total": 0
              }
            },
            {
              "batter": "J Butler",
              "bowler": "Walid Ghauri",
              "non_striker": "OE Newey",
              "runs": {
                "batter": 1,
                "extras": 0,
                "total": 1
              }
            },
            {
              "batter": "OE Newey",
              "bowler": "Walid Ghauri",
              "non_striker": "J Butler",
              "runs": {
                "batter": 1,
                "extras": 0,
                "total": 1
              }
            },
            {
              "batter": "J Butler",
              "bowler": "Walid Ghauri",
              "non_striker": "OE Newey",
              "runs": {
                "batter": 1,
                "extras": 0,
                "total": 1
              }
            }
          ]
        },
        {
          "over": 6,
          "deliveries": [
            {
              "batter": "J Butler",
              "bowler": "S Waqas Ahmed",
              "extras": {
                "wides": 1
              },
              "non_striker": "OE Newey",
              "runs": {
                "batter": 0,
                "extras": 1,
                "total": 1
              }
            },
            {
              "batter": "J Butler",
              "bowler": "S Waqas Ahmed",
              "non_striker": "OE Newey",
              "runs": {
                "batter": 0,
                "extras": 0,
                "total": 0
              }
            },
            {
              "batter": "J Butler",
              "bowler": "S Waqas Ahmed",
              "non_striker": "OE Newey",
              "runs": {
                "batter": 4,
                "extras": 0,
                "total": 4
              }
            },
            {
              "batter": "J Butler",
              "bowler": "S Waqas Ahmed",
              "non_striker": "OE Newey",
              "runs": {
                "batter": 0,
                "extras": 0,
                "total": 0
              }
            },
            {
              "batter": "J Butler",
              "bowler": "S Waqas Ahmed",
              "non_striker": "OE Newey",
              "runs": {
                "batter": 1,
                "extras": 0,
                "total": 1
              }
            },
            {
              "batter": "OE Newey",
              "bowler": "S Waqas Ahmed",
              "non_striker": "J Butler",
              "runs": {
                "batter": 1,
                "extras": 0,
                "total": 1
              }
            },
            {
              "batter": "J Butler",
              "bowler": "S Waqas Ahmed",
              "non_striker": "OE Newey",
              "runs": {
                "batter": 2,
                "extras": 0,
                "total": 2
              }
            }
          ]
        },
        {
          "over": 7,
          "deliveries": [
            {
              "batter": "OE Newey",
              "bowler": "Raza Iqbal",
              "non_striker": "J Butler",
              "runs": {
                "batter": 1,
                "extras": 0,
                "total": 1
              }
            },
            {
              "batter": "J Butler",
              "bowler": "Raza Iqbal",
              "non_striker": "OE Newey",
              "runs": {
                "batter": 2,
                "extras": 0,
                "total": 2
              }
            },
            {
              "batter": "J Butler",
              "bowler": "Raza Iqbal",
              "non_striker": "OE Newey",
              "runs": {
                "batter": 1,
                "extras": 0,
                "total": 1
              }
            },
            {
              "batter": "OE Newey",
              "bowler": "Raza Iqbal",
              "non_striker": "J Butler",
              "runs": {
                "batter": 1,
                "extras": 0,
                "total": 1
              }
            },
            {
              "batter": "J Butler",
              "bowler": "Raza Iqbal",
              "non_striker": "OE Newey",
              "runs": {
                "batter": 0,
                "extras": 0,
                "total": 0
              }
            },
            {
              "batter": "J Butler",
              "bowler": "Raza Iqbal",
              "non_striker": "OE Newey",
              "runs": {
                "batter": 1,
                "extras": 0,
                "total": 1
              }
            }
          ]
        },
        {
          "over": 8,
          "deliveries": [
            {
              "batter": "J Butler",
              "bowler": "S Waqas Ahmed",
              "non_striker": "OE Newey",
              "runs": {
                "batter": 1,
                "extras": 0,
                "total": 1
              }
            },
            {
              "batter": "OE Newey",
              "bowler": "S Waqas Ahmed",
              "non_striker": "J Butler",
              "runs": {
                "batter": 1,
                "extras": 0,
                "total": 1
              }
            },
            {
              "batter": "J Butler",
              "bowler": "S Waqas Ahmed",
              "non_striker": "OE Newey",
              "runs": {
                "batter": 1,
                "extras": 0,
                "total": 1
              }
            },
            {
              "batter": "OE Newey",
              "bowler": "S Waqas Ahmed",
              "non_striker": "J Butler",
              "runs": {
                "batter": 1,
                "extras": 0,
                "total": 1
              }
            },
            {
              "batter": "J Butler",
              "bowler": "S Waqas Ahmed",
              "non_striker": "OE Newey",
              "runs": {
                "batter": 0,
                "extras": 0,
                "total": 0
              }
            },
            {
              "batter": "J Butler",
              "bowler": "S Waqas Ahmed",
              "non_striker": "OE Newey",
              "runs": {
                "batter": 0,
                "extras": 0,
                "total": 0
              }
            }
          ]
        },
        {
          "over": 9,
          "deliveries": [
            {
              "batter": "OE Newey",
              "bowler": "Raza Iqbal",
              "non_striker": "J Butler",
              "runs": {
                "batter": 0,
                "extras": 0,
                "total": 0
              }
            },
            {
              "batter": "OE Newey",
              "bowler": "Raza Iqbal",
              "non_striker": "J Butler",
              "runs": {
                "batter": 1,
                "extras": 0,
                "total": 1
              }
            },
            {
              "batter": "J Butler",
              "bowler": "Raza Iqbal",
              "non_striker": "OE Newey",
              "runs": {
                "batter": 0,
                "extras": 0,
                "total": 0
              }
            },
            {
              "batter": "J Butler",
              "bowler": "Raza Iqbal",
              "non_striker": "OE Newey",
              "runs": {
                "batter": 0,
                "extras": 0,
                "total": 0
              }
            },
            {
              "batter": "J Butler",
              "bowler": "Raza Iqbal",
              "non_striker": "OE Newey",
              "runs": {
                "batter": 1,
                "extras": 0,
                "total": 1
              }
            },
            {
              "batter": "OE Newey",
              "bowler": "Raza Iqbal",
              "non_striker": "J Butler",
              "runs": {
                "batter": 2,
                "extras": 0,
                "total": 2
              }
            }
          ]
        },
        {
          "over": 10,
          "deliveries": [
            {
              "batter": "J Butler",
              "bowler": "S Waqas Ahmed",
              "non_striker": "OE Newey",
              "runs": {
                "batter": 2,
                "extras": 0,
                "total": 2
              }
            },
            {
              "batter": "J Butler",
              "bowler": "S Waqas Ahmed",
              "non_striker": "OE Newey",
              "runs": {
                "batter": 1,
                "extras": 0,
                "total": 1
              }
            },
            {
              "batter": "OE Newey",
              "bowler": "S Waqas Ahmed",
              "non_striker": "J Butler",
              "runs": {
                "batter": 0,
                "extras": 0,
                "total": 0
              }
            },
            {
              "batter": "OE Newey",
              "bowler": "S Waqas Ahmed",
              "non_striker": "J Butler",
              "runs": {
                "batter": 1,
                "extras": 0,
                "total": 1
              }
            },
            {
              "batter": "J Butler",
              "bowler": "S Waqas Ahmed",
              "non_striker": "OE Newey",
              "runs": {
                "batter": 0,
                "extras": 0,
                "total": 0
              },
              "wickets": [
                {
                  "kind": "caught",
                  "player_out": "J Butler",
                  "fielders": [
                    {
                      "name": "Raza Iqbal"
                    }
                  ]
                }
              ]
            },
            {
              "batter": "LB Ferbrache",
              "bowler": "S Waqas Ahmed",
              "non_striker": "OE Newey",
              "runs": {
                "batter": 1,
                "extras": 0,
                "total": 1
              }
            }
          ]
        },
        {
          "over": 11,
          "deliveries": [
            {
              "batter": "LB Ferbrache",
              "bowler": "Raza Iqbal",
              "non_striker": "OE Newey",
              "runs": {
                "batter": 1,
                "extras": 0,
                "total": 1
              }
            },
            {
              "batter": "OE Newey",
              "bowler": "Raza Iqbal",
              "non_striker": "LB Ferbrache",
              "runs": {
                "batter": 2,
                "extras": 0,
                "total": 2
              }
            },
            {
              "batter": "OE Newey",
              "bowler": "Raza Iqbal",
              "non_striker": "LB Ferbrache",
              "runs": {
                "batter": 0,
                "extras": 0,
                "total": 0
              },
              "wickets": [
                {
                  "kind": "lbw",
                  "player_out": "OE Newey"
                }
              ]
            },
            {
              "batter": "DR Hooper",
              "bowler": "Raza Iqbal",
              "non_striker": "LB Ferbrache",
              "runs": {
                "batter": 1,
                "extras": 0,
                "total": 1
              }
            },
            {
              "batter": "LB Ferbrache",
              "bowler": "Raza Iqbal",
              "non_striker": "DR Hooper",
              "runs": {
                "batter": 1,
                "extras": 0,
                "total": 1
              }
            },
            {
              "batter": "DR Hooper",
              "bowler": "Raza Iqbal",
              "non_striker": "LB Ferbrache",
              "runs": {
                "batter": 0,
                "extras": 0,
                "total": 0
              }
            }
          ]
        },
        {
          "over": 12,
          "deliveries": [
            {
              "batter": "LB Ferbrache",
              "bowler": "Junaid Sheikh",
              "non_striker": "DR Hooper",
              "runs": {
                "batter": 1,
                "extras": 0,
                "total": 1
              }
            },
            {
              "batter": "DR Hooper",
              "bowler": "Junaid Sheikh",
              "non_striker": "LB Ferbrache",
              "runs": {
                "batter": 1,
                "extras": 0,
                "total": 1
              }
            },
            {
              "batter": "LB Ferbrache",
              "bowler": "Junaid Sheikh",
              "non_striker": "DR Hooper",
              "runs": {
                "batter": 0,
                "extras": 0,
                "total": 0
              }
            },
            {
              "batter": "LB Ferbrache",
              "bowler": "Junaid Sheikh",
              "non_striker": "DR Hooper",
              "runs": {
                "batter": 0,
                "extras": 0,
                "total": 0
              }
            },
            {
              "batter": "LB Ferbrache",
              "bowler": "Junaid Sheikh",
              "non_striker": "DR Hooper",
              "runs": {
                "batter": 0,
                "extras": 0,
                "total": 0
              }
            },
            {
              "batter": "LB Ferbrache",
              "bowler": "Junaid Sheikh",
              "non_striker": "DR Hooper",
              "runs": {
                "batter": 4,
                "extras": 0,
                "total": 4
              }
            }
          ]
        },
        {
          "over": 13,
          "deliveries": [
            {
              "batter": "DR Hooper",
              "bowler": "Raza Iqbal",
              "non_striker": "LB Ferbrache",
              "runs": {
                "batter": 1,
                "extras": 0,
                "total": 1
              }
            },
            {
              "batter": "LB Ferbrache",
              "bowler": "Raza Iqbal",
              "non_striker": "DR Hooper",
              "runs": {
                "batter": 0,
                "extras": 0,
                "total": 0
              }
            },
            {
              "batter": "LB Ferbrache",
              "bowler": "Raza Iqbal",
              "non_striker": "DR Hooper",
              "runs": {
                "batter": 2,
                "extras": 0,
                "total": 2
              }
            },
            {
              "batter": "LB Ferbrache",
              "bowler": "Raza Iqbal",
              "non_striker": "DR Hooper",
              "runs": {
                "batter": 0,
                "extras": 0,
                "total": 0
              }
            },
            {
              "batter": "LB Ferbrache",
              "bowler": "Raza Iqbal",
              "non_striker": "DR Hooper",
              "runs": {
                "batter": 2,
                "extras": 0,
                "total": 2
              }
            },
            {
              "batter": "LB Ferbrache",
              "bowler": "Raza Iqbal",
              "non_striker": "DR Hooper",
              "runs": {
                "batter": 0,
                "extras": 0,
                "total": 0
              },
              "wickets": [
                {
                  "kind": "lbw",
                  "player_out": "LB Ferbrache"
                }
              ]
            }
          ]
        },
        {
          "over": 14,
          "deliveries": [
            {
              "batter": "DR Hooper",
              "bowler": "Junaid Sheikh",
              "non_striker": "ACF Stokes",
              "runs": {
                "batter": 0,
                "extras": 0,
                "total": 0
              }
            },
            {
              "batter": "DR Hooper",
              "bowler": "Junaid Sheikh",
              "non_striker": "ACF Stokes",
              "runs": {
                "batter": 0,
                "extras": 0,
                "total": 0
              }
            },
            {
              "batter": "DR Hooper",
              "bowler": "Junaid Sheikh",
              "non_striker": "ACF Stokes",
              "runs": {
                "batter": 1,
                "extras": 0,
                "total": 1
              }
            },
            {
              "batter": "ACF Stokes",
              "bowler": "Junaid Sheikh",
              "non_striker": "DR Hooper",
              "runs": {
                "batter": 0,
                "extras": 0,
                "total": 0
              },
              "wickets": [
                {
                  "kind": "caught",
                  "player_out": "ACF Stokes",
                  "fielders": [
                    {
                      "name": "E Ul Haq"
                    }
                  ]
                }
              ]
            },
            {
              "batter": "DR Hooper",
              "bowler": "Junaid Sheikh",
              "non_striker": "LC Le Tissier",
              "runs": {
                "batter": 1,
                "extras": 0,
                "total": 1
              }
            },
            {
              "batter": "LC Le Tissier",
              "bowler": "Junaid Sheikh",
              "non_striker": "DR Hooper",
              "runs": {
                "batter": 1,
                "extras": 0,
                "total": 1
              }
            }
          ]
        },
        {
          "over": 15,
          "deliveries": [
            {
              "batter": "LC Le Tissier",
              "bowler": "Walid Ghauri",
              "non_striker": "DR Hooper",
              "runs": {
                "batter": 2,
                "extras": 0,
                "total": 2
              }
            },
            {
              "batter": "LC Le Tissier",
              "bowler": "Walid Ghauri",
              "non_striker": "DR Hooper",
              "runs": {
                "batter": 1,
                "extras": 0,
                "total": 1
              }
            },
            {
              "batter": "DR Hooper",
              "bowler": "Walid Ghauri",
              "non_striker": "LC Le Tissier",
              "runs": {
                "batter": 6,
                "extras": 0,
                "total": 6
              }
            },
            {
              "batter": "DR Hooper",
              "bowler": "Walid Ghauri",
              "non_striker": "LC Le Tissier",
              "runs": {
                "batter": 0,
                "extras": 0,
                "total": 0
              }
            },
            {
              "batter": "DR Hooper",
              "bowler": "Walid Ghauri",
              "non_striker": "LC Le Tissier",
              "runs": {
                "batter": 1,
                "extras": 0,
                "total": 1
              }
            }
          ]
        }
      ],
      "powerplays": [
        {
          "from": 0.1,
          "to": 4.6,
          "type": "mandatory"
        }
      ],
      "target": {
        "overs": 16,
        "runs": 96
      }
    }
  ]
}