{
  "meta": {
    "data_version": "1.0.0",
    "created": "2019-07-30",
    "revision": 1
  },
  "info": {
    "balls_per_over": 6,
    "city": "Kuala Lumpur",
    "dates": [
      "2019-06-27"
    ],
    "event": {
      "name": "Malaysia Tri-Nation T20I Series",
      "match_number": 4
    },
    "gender": "male",
    "match_type": "T20",
    "match_type_number": 813,
    "officials": {
      "match_referees": [
        "B Ramani"
      ],
      "umpires": [
        "Zaidan Taha",
        "V Kalidas"
      ]
    },
    "outcome": {
      "winner": "Malaysia",
      "by": {
        "wickets": 8
      }
    },
    "overs": 20,
    "player_of_match": [
      "Anwar Rahman"
    ],
    "players": {
      "Thailand": [
        "DF Jacobs",
        "Md Shafiqul Haque",
        "HJ Jordaan",
        "N Pathan",
        "NA Janes",
        "K Suttisan",
        "Anowarul Islam",
        "C Pengkumta",
        "S Hongsi",
        "Vichanath Singh",
        "M Faheem"
      ],
      "Malaysia": [
        "Shafiq Sharif",
        "Anwar Arudin",
        "Syed Aziz",
        "Ahmed Faiz",
        "M Syahadat Ramli",
        "Aminuddin Ramly",
        "S Muniandy",
        "P Syafiq Ali",
        "Fitri Sham",
        "Nazril Rahman",
        "Anwar Rahman"
      ]
    },
    "registry": {
      "people": {
        "Ahmed Faiz": "f6b4f746",
        "Aminuddin Ramly": "8cae5b48",
        "Anowarul Islam": "39431db7",
        "Anwar Arudin": "6d24561a",
        "Anwar Rahman": "28adcce9",
        "B Ramani": "92ad5353",
        "C Pengkumta": "b3540b2a",
        "DF Jacobs": "de896b79",
        "Fitri Sham": "d2ec068c",
        "HJ Jordaan": "b8f10b60",
        "K Suttisan": "00757ae7",
        "M Faheem": "7fc8bb18",
        "M Syahadat Ramli": "5efa8af3",
        "Md Shafiqul Haque": "27128c74",
        "N Pathan": "25bc2d36",
        "NA Janes": "7044cd2e",
        "Nazril Rahman": "6d5bdc43",
        "P Syafiq Ali": "8c689890",
        "S Hongsi": "1d50ed62",
        "S Muniandy": "57fcfd3b",
        "Shafiq Sharif": "033ac24e",
        "Syed Aziz": "6667067e",
        "V Kalidas": "42d76418",
        "Vichanath Singh": "dfa6db1a",
        "Zaidan Taha": "a29dd0ec"
      }
    },
    "season": "2019",
    "team_type": "international",
    "teams": [
      "Malaysia",
      "Thailand"
    ],
    "toss": {
      "decision": "bat",
      "winner": "Thailand"
    },
    "venue": "Kinrara Academy Oval"
  },
  "innings": [
    {
      "team": "Thailand",
      "overs": [
        {
          "over": 0,
          "deliveries": [
            {
              "batter": "DF Jacobs",
              "bowler": "Syed Aziz",
              "non_striker": "Md Shafiqul Haque",
              "runs": {
                "batter": 1,
                "extras": 0,
                "total": 1
              }
            },
            {
              "batter": "Md Shafiqul Haque",
              "bowler": "Syed Aziz",
              "extras": {
                "legbyes": 1
              },
              "non_striker": "DF Jacobs",
              "runs": {
                "batter": 0,
                "extras": 1,
                "total": 1
              }
            },
            {
              "batter": "DF Jacobs",
              "bowler": "Syed Aziz",
              "non_striker": "Md Shafiqul Haque",
              "runs": {
                "batter": 1,
                "extras": 0,
                "total": 1
              }
            },
            {
              "batter": "Md Shafiqul Haque",
              "bowler": "Syed Aziz",
              "non_striker": "DF Jacobs",
              "runs": {
                "batter": 1,
                "extras": 0,
                "total": 1
              }
            },
            {
              "batter": "DF Jacobs",
              "bowler": "Syed Aziz",
              "non_striker": "Md Shafiqul Haque",
              "runs": {
                "batter": 0,
                "extras": 0,
                "total": 0
              }
            },
            {
              "batter": "DF Jacobs",
              "bowler": "Syed Aziz",
              "non_striker": "Md Shafiqul Haque",
              "runs": {
                "batter": 0,
                "extras": 0,
                "total": 0
              }
            }
          ]
        },
        {
          "over": 1,
          "deliveries": [
            {
              "batter": "Md Shafiqul Haque",
              "bowler": "Nazril Rahman",
              "extras": {
                "wides": 2
              },
              "non_striker": "DF Jacobs",
              "runs": {
                "batter": 0,
                "extras": 2,
                "total": 2
              }
            },
            {
              "batter": "DF Jacobs",
              "bowler": "Nazril Rahman",
              "non_striker": "Md Shafiqul Haque",
              "runs": {
                "batter": 4,
                "extras": 0,
                "total": 4
              }
            },
            {
              "batter": "DF Jacobs",
              "bowler": "Nazril Rahman",
              "non_striker": "Md Shafiqul Haque",
              "runs": {
                "batter": 1,
                "extras": 0,
                "total": 1
              }
            },
            {
              "batter": "Md Shafiqul Haque",
              "bowler": "Nazril Rahman",
              "extras": {
                "wides": 1
              },
              "non_striker": "DF Jacobs",
              "runs": {
                "batter": 0,
                "extras": 1,
                "total": 1
              }
            },
            {
              "batter": "Md Shafiqul Haque",
              "bowler": "Nazril Rahman",
              "extras": {
                "wides": 1
              },
              "non_striker": "DF Jacobs",
              "runs": {
                "batter": 0,
                "extras": 1,
                "total": 1
              }
            },
            {
              "batter": "Md Shafiqul Haque",
              "bowler": "Nazril Rahman",
              "extras": {
                "wides": 1
              },
              "non_striker": "DF Jacobs",
              "runs": {
                "batter": 0,
                "extras": 1,
                "total": 1
              }
            },
            {
              "batter": "Md Shafiqul Haque",
              "bowler": "Nazril Rahman",
              "non_striker": "DF Jacobs",
              "runs": {
                "batter": 0,
                "extras": 0,
                "total": 0
              }
            },
            {
              "batter": "Md Shafiqul Haque",
              "bowler": "Nazril Rahman",
              "non_striker": "DF Jacobs",
              "runs": {
                "batter": 1,
                "extras": 0,
                "total": 1
              }
            },
            {
              "batter": "DF Jacobs",
              "bowler": "Nazril Rahman",
              "non_striker": "Md Shafiqul Haque",
              "runs": {
                "batter": 0,
                "extras": 0,
                "total": 0
              }
            },
            {
              "batter": "DF Jacobs",
              "bowler": "Nazril Rahman",
              "non_striker": "Md Shafiqul Haque",
              "runs": {
                "batter": 4,
                "extras": 0,
                "total": 4
              }
            }
          ]
        },
        {
          "over": 2,
          "deliveries": [
            {
              "batter": "Md Shafiqul Haque",
              "bowler": "Syed Aziz",
              "non_striker": "DF Jacobs",
              "runs": {
                "batter": 1,
                "extras": 0,
                "total": 1
              }
            },
            {
              "batter": "DF Jacobs",
              "bowler": "Syed Aziz",
              "non_striker": "Md Shafiqul Haque",
              "runs": {
                "batter": 1,
                "extras": 0,
                "total": 1
              }
            },
            {
              "batter": "Md Shafiqul Haque",
              "bowler": "Syed Aziz",
              "non_striker": "DF Jacobs",
              "runs": {
                "batter": 0,
                "extras": 0,
                "total": 0
              }
            },
            {
              "batter": "Md Shafiqul Haque",
              "bowler": "Syed Aziz",
              "non_striker": "DF Jacobs",
              "runs": {
                "batter": 1,
                "extras": 0,
                "total": 1
              }
            },
            {
              "batter": "DF Jacobs",
              "bowler": "Syed Aziz",
              "non_striker": "Md Shafiqul Haque",
              "runs": {
                "batter": 0,
                "extras": 0,
                "total": 0
              }
            },
            {
              "batter": "DF Jacobs",
              "bowler": "Syed Aziz",
              "non_striker": "Md Shafiqul Haque",
              "runs": {
                "batter": 2,
                "extras": 0,
                "total": 2
              }
            }
          ]
        },
        {
          "over": 3,
          "deliveries": [
            {
              "batter": "Md Shafiqul Haque",
              "bowler": "M Syahadat Ramli",
              "non_striker": "DF Jacobs",
              "runs": {
                "batter": 0,
                "extras": 0,
                "total": 0
              }
            },
            {
              "batter": "Md Shafiqul Haque",
              "bowler": "M Syahadat Ramli",
              "non_striker": "DF Jacobs",
              "runs": {
                "batter": 1,
                "extras": 0,
                "total": 1
              }
            },
            {
              "batter": "DF Jacobs",
              "bowler": "M Syahadat Ramli",
              "non_striker": "Md Shafiqul Haque",
              "runs": {
                "batter": 1,
                "extras": 0,
                "total": 1
              }
            },
            {
              "batter": "Md Shafiqul Haque",
              "bowler": "M Syahadat Ramli",
              "non_striker": "DF Jacobs",
              "runs": {
                "batter": 0,
                "extras": 0,
                "total": 0
              }
            },
            {
              "batter": "Md Shafiqul Haque",
              "bowler": "M Syahadat Ramli",
              "non_striker": "DF Jacobs",
              "runs": {
                "batter": 1,
                "extras": 0,
                "total": 1
              }
            },
            {
              "batter": "DF Jacobs",
              "bowler": "M Syahadat Ramli",
              "non_striker": "Md Shafiqul Haque",
              "runs": {
                "batter": 1,
                "extras": 0,
                "total": 1
              }
            }
          ]
        },
        {
          "over": 4,
          "deliveries": [
            {
              "batter": "DF Jacobs",
              "bowler": "Fitri Sham",
              "non_striker": "Md Shafiqul Haque",
              "runs": {
                "batter": 0,
                "extras": 0,
                "total": 0
              }
            },
            {
              "batter": "DF Jacobs",
              "bowler": "Fitri Sham",
              "non_striker": "Md Shafiqul Haque",
              "runs": {
                "batter": 0,
                "extras": 0,
                "total": 0
              }
            },
            {
              "batter": "DF Jacobs",
              "bowler": "Fitri Sham",
              "non_striker": "Md Shafiqul Haque",
              "runs": {
                "batter": 0,
                "extras": 0,
                "total": 0
              },
              "wickets": [
                {
                  "kind": "bowled",
                  "player_out": "DF Jacobs"
                }
              ]
            },
            {
              "batter": "HJ Jordaan",
              "bowler": "Fitri Sham",
              "non_striker": "Md Shafiqul Haque",
              "runs": {
                "batter": 0,
                "extras": 0,
                "total": 0
              }
            },
            {
              "batter": "HJ Jordaan",
              "bowler": "Fitri Sham",
              "non_striker": "Md Shafiqul Haque",
              "runs": {
                "batter": 1,
                "extras": 0,
                "total": 1
              }
            },
            {
              "batter": "Md Shafiqul Haque",
              "bowler": "Fitri Sham",
              "non_striker": "HJ Jordaan",
              "runs": {
                "batter": 2,
                "extras": 0,
                "total": 2
              }
            }
          ]
        },
        {
          "over": 5,
          "deliveries": [
            {
              "batter": "HJ Jordaan",
              "bowler": "M Syahadat Ramli",
              "non_striker": "Md Shafiqul Haque",
              "runs": {
                "batter": 0,
                "extras": 0,
                "total": 0
              }
            },
            {
              "batter": "HJ Jordaan",
              "bowler": "M Syahadat Ramli",
              "non_striker": "Md Shafiqul Haque",
              "runs": {
                "batter": 1,
                "extras": 0,
                "total": 1
              }
            },
            {
              "batter": "Md Shafiqul Haque",
              "bowler": "M Syahadat Ramli",
              "non_striker": "HJ Jordaan",
              "runs": {
                "batter": 2,
                "extras": 0,
                "total": 2
              }
            },
            {
              "batter": "Md Shafiqul Haque",
              "bowler": "M Syahadat Ramli",
              "non_striker": "HJ Jordaan",
              "runs": {
                "batter": 1,
                "extras": 0,
                "total": 1
              }
            },
            {
              "batter": "HJ Jordaan",
              "bowler": "M Syahadat Ramli",
              "non_striker": "Md Shafiqul Haque",
              "runs": {
                "batter": 0,
                "extras": 0,
                "total": 0
              },
              "wickets": [
                {
                  "kind": "run out",
                  "player_out": "Md Shafiqul Haque"
                }
              ]
            },
            {
              "batter": "N Pathan",
              "bowler": "M Syahadat Ramli",
              "non_striker": "HJ Jordaan",
              "runs": {
                "batter": 1,
                "extras": 0,
                "total": 1
              }
            }
          ]
        },
        {
          "over": 6,
          "deliveries": [
            {
              "batter": "N Pathan",
              "bowler": "S Muniandy",
              "non_striker": "HJ Jordaan",
              "runs": {
                "batter": 2,
                "extras": 0,
                "total": 2
              }
            },
            {
              "batter": "N Pathan",
              "bowler": "S Muniandy",
              "non_striker": "HJ Jordaan",
              "runs": {
                "batter": 4,
                "extras": 0,
                "total": 4
              }
            },
            {
              "batter": "N Pathan",
              "bowler": "S Muniandy",
              "non_striker": "HJ Jordaan",
              "runs": {
                "batter": 0,
                "extras": 0,
                "total": 0
              }
            },
            {
              "batter": "N Pathan",
              "bowler": "S Muniandy",
              "non_striker": "HJ Jordaan",
              "runs": {
                "batter": 1,
                "extras": 0,
                "total": 1
              }
            },
            {
              "batter": "HJ Jordaan",
              "bowler": "S Muniandy",
              "non_striker": "N Pathan",
              "runs": {
                "batter": 1,
                "extras": 0,
                "total": 1
              }
            },
            {
              "batter": "N Pathan",
              "bowler": "S Muniandy",
              "extras": {
                "wides": 1
              },
              "non_striker": "HJ Jordaan",
              "runs": {
                "batter": 0,
                "extras": 1,
                "total": 1
              }
            },
            {
              "batter": "N Pathan",
              "bowler": "S Muniandy",
              "non_striker": "HJ Jordaan",
              "runs": {
                "batter": 1,
                "extras": 0,
                "total": 1
              }
            }
          ]
        },
        {
          "over": 7,
          "deliveries": [
            {
              "batter": "N Pathan",
              "bowler": "Anwar Rahman",
              "non_striker": "HJ Jordaan",
              "runs": {
                "batter": 0,
                "extras": 0,
                "total": 0
              }
            },
            {
              "batter": "N Pathan",
              "bowler": "Anwar Rahman",
              "non_striker": "HJ Jordaan",
              "runs": {
                "batter": 0,
                "extras": 0,
                "total": 0
              },
              "wickets": [
                {
                  "kind": "lbw",
                  "player_out": "N Pathan"
                }
              ]
            },
            {
              "batter": "NA Janes",
              "bowler": "Anwar Rahman",
              "non_striker": "HJ Jordaan",
              "runs": {
                "batter": 0,
                "extras": 0,
                "total": 0
              },
              "wickets": [
                {
                  "kind": "lbw",
                  "player_out": "NA Janes"
                }
              ]
            },
            {
              "batter": "K Suttisan",
              "bowler": "Anwar Rahman",
              "non_striker": "HJ Jordaan",
              "runs": {
                "batter": 4,
                "extras": 0,
                "total": 4
              }
            },
            {
              "batter": "K Suttisan",
              "bowler": "Anwar Rahman",
              "non_striker": "HJ Jordaan",
              "runs": {
                "batter": 0,
                "extras": 0,
                "total": 0
              },
              "wickets": [
                {
                  "kind": "stumped",
                  "player_out": "K Suttisan",
                  "fielders": [
                    {
                      "name": "Shafiq Sharif"
                    }
                  ]
                }
              ]
            },
            {
              "batter": "Anowarul Islam",
              "bowler": "Anwar Rahman",
              "non_striker": "HJ Jordaan",
              "runs": {
                "batter": 0,
                "extras": 0,
                "total": 0
              }
            }
          ]
        },
        {
          "over": 8,
          "deliveries": [
            {
              "batter": "HJ Jordaan",
              "bowler": "S Muniandy",
              "non_striker": "Anowarul Islam",
              "runs": {
                "batter": 1,
                "extras": 0,
                "total": 1
              }
            },
            {
              "batter": "Anowarul Islam",
              "bowler": "S Muniandy",
              "extras": {
                "wides": 2
              },
              "non_striker": "HJ Jordaan",
              "runs": {
                "batter": 0,
                "extras": 2,
                "total": 2
              }
            },
            {
              "batter": "HJ Jordaan",
              "bowler": "S Muniandy",
              "non_striker": "Anowarul Islam",
              "runs": {
                "batter": 0,
                "extras": 0,
                "total": 0
              }
            },
            {
              "batter": "HJ Jordaan",
              "bowler": "S Muniandy",
              "non_striker": "Anowarul Islam",
              "runs": {
                "batter": 4,
                "extras": 0,
                "total": 4
              }
            },
            {
              "batter": "HJ Jordaan",
              "bowler": "S Muniandy",
              "non_striker": "Anowarul Islam",
              "runs": {
                "batter": 0,
                "extras": 0,
                "total": 0
              }
            },
            {
              "batter": "HJ Jordaan",
              "bowler": "S Muniandy",
              "non_striker": "Anowarul Islam",
              "runs": {
                "batter": 1,
                "extras": 0,
                "total": 1
              }
            },
            {
              "batter": "Anowarul Islam",
              "bowler": "S Muniandy",
              "non_striker": "HJ Jordaan",
              "runs": {
                "batter": 1,
                "extras": 0,
                "total": 1
              }
            }
          ]
        },
        {
          "over": 9,
          "deliveries": [
            {
              "batter": "Anowarul Islam",
              "bowler": "Anwar Rahman",
              "non_striker": "HJ Jordaan",
              "runs": {
                "batter": 0,
                "extras": 0,
                "total": 0
              }
            },
            {
              "batter": "Anowarul Islam",
              "bowler": "Anwar Rahman",
              "non_striker": "HJ Jordaan",
              "runs": {
                "batter": 1,
                "extras": 0,
                "total": 1
              }
            },
            {
              "batter": "HJ Jordaan",
              "bowler": "Anwar Rahman",
              "non_striker": "Anowarul Islam",
              "runs": {
                "batter": 1,
                "extras": 0,
                "total": 1
              }
            },
            {
              "batter": "Anowarul Islam",
              "bowler": "Anwar Rahman",
              "non_striker": "HJ Jordaan",
              "runs": {
                "batter": 1,
                "extras": 0,
                "total": 1
              }
            },
            {
              "batter": "HJ Jordaan",
              "bowler": "Anwar Rahman",
              "non_striker": "Anowarul Islam",
              "runs": {
                "batter": 0,
                "extras": 0,
                "total": 0
              }
            },
            {
              "batter": "HJ Jordaan",
              "bowler": "Anwar Rahman",
              "extras": {
                "legbyes": 1
              },
              "non_striker": "Anowarul Islam",
              "runs": {
                "batter": 0,
                "extras": 1,
                "total": 1
              }
            }
          ]
        },
        {
          "over": 10,
          "deliveries": [
            {
              "batter": "HJ Jordaan",
              "bowler": "S Muniandy",
              "non_striker": "Anowarul Islam",
              "runs": {
                "batter": 4,
                "extras": 0,
                "total": 4
              }
            },
            {
              "batter": "HJ Jordaan",
              "bowler": "S Muniandy",
              "non_striker": "Anowarul Islam",
              "runs": {
                "batter": 0,
                "extras": 0,
                "total": 0
              }
            },
            {
              "batter": "HJ Jordaan",
              "bowler": "S Muniandy",
              "non_striker": "Anowarul Islam",
              "runs": {
                "batter": 0,
                "extras": 0,
                "total": 0
              }
            },
            {
              "batter": "HJ Jordaan",
              "bowler": "S Muniandy",
              "non_striker": "Anowarul Islam",
              "runs": {
                "batter": 0,
                "extras": 0,
                "total": 0
              }
            },
            {
              "batter": "HJ Jordaan",
              "bowler": "S Muniandy",
              "non_striker": "Anowarul Islam",
              "runs": {
                "batter": 0,
                "extras": 0,
                "total": 0
              }
            },
            {
              "batter": "HJ Jordaan",
              "bowler": "S Muniandy",
              "extras": {
                "wides": 1
              },
              "non_striker": "Anowarul Islam",
              "runs": {
                "batter": 0,
                "extras": 1,
                "total": 1
              }
            },
            {
              "batter": "HJ Jordaan",
              "bowler": "S Muniandy",
              "non_striker": "Anowarul Islam",
              "runs": {
                "batter": 0,
                "extras": 0,
                "total": 0
              }
            }
          ]
        },
        {
          "over": 11,
          "deliveries": [
            {
              "batter": "Anowarul Islam",
              "bowler": "Anwar Rahman",
              "non_striker": "HJ Jordaan",
              "runs": {
                "batter": 0,
                "extras": 0,
                "total": 0
              }
            },
            {
              "batter": "Anowarul Islam",
              "bowler": "Anwar Rahman",
              "non_striker": "HJ Jordaan",
              "runs": {
                "batter": 0,
                "extras": 0,
                "total": 0
              }
            },
            {
              "batter": "Anowarul Islam",
              "bowler": "Anwar Rahman",
              "non_striker": "HJ Jordaan",
              "runs": {
                "batter": 6,
                "extras": 0,
                "total": 6
              }
            },
            {
              "batter": "Anowarul Islam",
              "bowler": "Anwar Rahman",
              "non_striker": "HJ Jordaan",
              "runs": {
                "batter": 0,
                "extras": 0,
                "total": 0
              }
            },
            {
              "batter": "Anowarul Islam",
              "bowler": "Anwar Rahman",
              "non_striker": "HJ Jordaan",
              "runs": {
                "batter": 0,
                "extras": 0,
                "total": 0
              }
            },
            {
              "batter": "Anowarul Islam",
              "bowler": "Anwar Rahman",
              "non_striker": "HJ Jordaan",
              "runs": {
                "batter": 0,
                "extras": 0,
                "total": 0
              },
              "wickets": [
                {
                  "kind": "lbw",
                  "player_out": "Anowarul Islam"
                }
              ]
            }
          ]
        },
        {
          "over": 12,
          "deliveries": [
            {
              "batter": "HJ Jordaan",
              "bowler": "M Syahadat Ramli",
              "non_striker": "C Pengkumta",
              "runs": {
                "batter": 1,
                "extras": 0,
                "total": 1
              }
            },
            {
              "batter": "C Pengkumta",
              "bowler": "M Syahadat Ramli",
              "non_striker": "HJ Jordaan",
              "runs": {
                "batter": 1,
                "extras": 0,
                "total": 1
              }
            },
            {
              "batter": "HJ Jordaan",
              "bowler": "M Syahadat Ramli",
              "non_striker": "C Pengkumta",
              "runs": {
                "batter": 0,
                "extras": 0,
                "total": 0
              }
            },
            {
              "batter": "HJ Jordaan",
              "bowler": "M Syahadat Ramli",
              "non_striker": "C Pengkumta",
              "runs": {
                "batter": 1,
                "extras": 0,
                "total": 1
              }
            },
            {
              "batter": "C Pengkumta",
              "bowler": "M Syahadat Ramli",
              "non_striker": "HJ Jordaan",
              "runs": {
                "batter": 0,
                "extras": 0,
                "total": 0
              }
            },
            {
              "batter": "C Pengkumta",
              "bowler": "M Syahadat Ramli",
              "non_striker": "HJ Jordaan",
              "runs": {
                "batter": 0,
                "extras": 0,
                "total": 0
              }
            }
          ]
        },
        {
          "over": 13,
          "deliveries": [
            {
              "batter": "HJ Jordaan",
              "bowler": "Anwar Rahman",
              "non_striker": "C Pengkumta",
              "runs": {
                "batter": 1,
                "extras": 0,
                "total": 1
              }
            },
            {
              "batter": "C Pengkumta",
              "bowler": "Anwar Rahman",
              "non_striker": "HJ Jordaan",
              "runs": {
                "batter": 0,
                "extras": 0,
                "total": 0
              }
            },
            {
              "batter": "C Pengkumta",
              "bowler": "Anwar Rahman",
              "non_striker": "HJ Jordaan",
              "runs": {
                "batter": 0,
                "extras": 0,
                "total": 0
              }
            },
            {
              "batter": "C Pengkumta",
              "bowler": "Anwar Rahman",
              "non_striker": "HJ Jordaan",
              "runs": {
                "batter": 1,
                "extras": 0,
                "total": 1
              }
            },
            {
              "batter": "HJ Jordaan",
              "bowler": "Anwar Rahman",
              "non_striker": "C Pengkumta",
              "runs": {
                "batter": 0,
                "extras": 0,
                "total": 0
              }
            },
            {
              "batter": "HJ Jordaan",
              "bowler": "Anwar Rahman",
              "non_striker": "C Pengkumta",
              "runs": {
                "batter": 1,
                "extras": 0,
                "total": 1
              }
            }
          ]
        },
        {
          "over": 14,
          "deliveries": [
            {
              "batter": "HJ Jordaan",
              "bowler": "Fitri Sham",
              "non_striker": "C Pengkumta",
              "runs": {
                "batter": 1,
                "extras": 0,
                "total": 1
              }
            },
            {
              "batter": "C Pengkumta",
              "bowler": "Fitri Sham",
              "non_striker": "HJ Jordaan",
              "runs": {
                "batter": 0,
                "extras": 0,
                "total": 0
              }
            },
            {
              "batter": "C Pengkumta",
              "bowler": "Fitri Sham",
              "non_striker": "HJ Jordaan",
              "runs": {
                "batter": 1,
                "extras": 0,
                "total": 1
              }
            },
            {
              "batter": "HJ Jordaan",
              "bowler": "Fitri Sham",
              "non_striker": "C Pengkumta",
              "runs": {
                "batter": 1,
                "extras": 0,
                "total": 1
              }
            },
            {
              "batter": "C Pengkumta",
              "bowler": "Fitri Sham",
              "non_striker": "HJ Jordaan",
              "runs": {
                "batter": 1,
                "extras": 0,
                "total": 1
              }
            },
            {
              "batter": "HJ Jordaan",
              "bowler": "Fitri Sham",
              "non_striker": "C Pengkumta",
              "runs": {
                "batter": 1,
                "extras": 0,
                "total": 1
              }
            }
          ]
        },
        {
          "over": 15,
          "deliveries": [
            {
              "batter": "HJ Jordaan",
              "bowler": "Syed Aziz",
              "non_striker": "C Pengkumta",
              "runs": {
                "batter": 0,
                "extras": 0,
                "total": 0
              }
            },
            {
              "batter": "HJ Jordaan",
              "bowler": "Syed Aziz",
              "non_striker": "C Pengkumta",
              "runs": {
                "batter": 1,
                "extras": 0,
                "total": 1
              }
            },
            {
              "batter": "C Pengkumta",
              "bowler": "Syed Aziz",
              "non_striker": "HJ Jordaan",
              "runs": {
                "batter": 1,
                "extras": 0,
                "total": 1
              }
            },
            {
              "batter": "HJ Jordaan",
              "bowler": "Syed Aziz",
              "non_striker": "C Pengkumta",
              "runs": {
                "batter": 2,
                "extras": 0,
                "total": 2
              }
            },
            {
              "batter": "HJ Jordaan",
              "bowler": "Syed Aziz",
              "non_striker": "C Pengkumta",
              "runs": {
                "batter": 1,
                "extras": 0,
                "total": 1
              }
            },
            {
              "batter": "C Pengkumta",
              "bowler": "Syed Aziz",
              "non_striker": "HJ Jordaan",
              "runs": {
                "batter": 0,
                "extras": 0,
                "total": 0
              }
            }
          ]
        },
        {
          "over": 16,
          "deliveries": [
            {
              "batter": "HJ Jordaan",
              "bowler": "Fitri Sham",
              "non_striker": "C Pengkumta",
              "runs": {
                "batter": 1,
                "extras": 0,
                "total": 1
              }
            },
            {
              "batter": "C Pengkumta",
              "bowler": "Fitri Sham",
              "extras": {
                "legbyes": 1
              },
              "non_striker": "HJ Jordaan",
              "runs": {
                "batter": 0,
                "extras": 1,
                "total": 1
              }
            },
            {
              "batter": "HJ Jordaan",
              "bowler": "Fitri Sham",
              "non_striker": "C Pengkumta",
              "runs": {
                "batter": 1,
                "extras": 0,
                "total": 1
              }
            },
            {
              "batter": "C Pengkumta",
              "bowler": "Fitri Sham",
              "non_striker": "HJ Jordaan",
              "runs": {
                "batter": 1,
                "extras": 0,
                "total": 1
              }
            },
            {
              "batter": "HJ Jordaan",
              "bowler": "Fitri Sham",
              "non_striker": "C Pengkumta",
              "runs": {
                "batter": 1,
                "extras": 0,
                "total": 1
              }
            },
            {
              "batter": "C Pengkumta",
              "bowler": "Fitri Sham",
              "non_striker": "HJ Jordaan",
              "runs": {
                "batter": 1,
                "extras": 0,
                "total": 1
              }
            }
          ]
        },
        {
          "over": 17,
          "deliveries": [
            {
              "batter": "C Pengkumta",
              "bowler": "Syed Aziz",
              "non_striker": "HJ Jordaan",
              "runs": {
                "batter": 4,
                "extras": 0,
                "total": 4
              }
            },
            {
              "batter": "C Pengkumta",
              "bowler": "Syed Aziz",
              "non_striker": "HJ Jordaan",
              "runs": {
                "batter": 2,
                "extras": 0,
                "total": 2
              }
            },
            {
              "batter": "C Pengkumta",
              "bowler": "Syed Aziz",
              "non_striker": "HJ Jordaan",
              "runs": {
                "batter": 4,
                "extras": 0,
                "total": 4
              }
            },
            {
              "batter": "C Pengkumta",
              "bowler": "Syed Aziz",
              "non_striker": "HJ Jordaan",
              "runs": {
                "batter": 1,
                "extras": 0,
                "total": 1
              }
            },
            {
              "batter": "HJ Jordaan",
              "bowler": "Syed Aziz",
              "non_striker": "C Pengkumta",
              "runs": {
                "batter": 2,
                "extras": 0,
                "total": 2
              }
            },
            {
              "batter": "HJ Jordaan",
              "bowler": "Syed Aziz",
              "non_striker": "C Pengkumta",
              "runs": {
                "batter": 1,
                "extras": 0,
                "total": 1
              }
            }
          ]
        },
        {
          "over": 18,
          "deliveries": [
            {
              "batter": "HJ Jordaan",
              "bowler": "M Syahadat Ramli",
              "non_striker": "C Pengkumta",
              "runs": {
                "batter": 1,
                "extras": 0,
                "total": 1
              }
            },
            {
              "batter": "C Pengkumta",
              "bowler": "M Syahadat Ramli",
              "non_striker": "HJ Jordaan",
              "runs": {
                "batter": 0,
                "extras": 0,
                "total": 0
              },
              "wickets": [
                {
                  "kind": "caught",
                  "player_out": "C Pengkumta",
                  "fielders": [
                    {
                      "name": "P Syafiq Ali"
                    }
                  ]
                }
              ]
            },
            {
              "batter": "HJ Jordaan",
              "bowler": "M Syahadat Ramli",
              "non_striker": "S Hongsi",
              "runs": {
                "batter": 1,
                "extras": 0,
                "total": 1
              }
            },
            {
              "batter": "S Hongsi",
              "bowler": "M Syahadat Ramli",
              "non_striker": "HJ Jordaan",
              "runs": {
                "batter": 1,
                "extras": 0,
                "total": 1
              }
            },
            {
              "batter": "HJ Jordaan",
              "bowler": "M Syahadat Ramli",
              "non_striker": "S Hongsi",
              "runs": {
                "batter": 1,
                "extras": 0,
                "total": 1
              }
            },
            {
              "batter": "S Hongsi",
              "bowler": "M Syahadat Ramli",
              "non_striker": "HJ Jordaan",
              "runs": {
                "batter": 0,
                "extras": 0,
                "total": 0
              }
            }
          ]
        },
        {
          "over": 19,
          "deliveries": [
            {
              "batter": "HJ Jordaan",
              "bowler": "Fitri Sham",
              "non_striker": "S Hongsi",
              "runs": {
                "batter": 0,
                "extras": 0,
                "total": 0
              }
            },
            {
              "batter": "HJ Jordaan",
              "bowler": "Fitri Sham",
              "non_striker": "S Hongsi",
              "runs": {
                "batter": 2,
                "extras": 0,
                "total": 2
              }
            },
            {
              "batter": "HJ Jordaan",
              "bowler": "Fitri Sham",
              "non_striker": "S Hongsi",
              "runs": {
                "batter": 1,
                "extras": 0,
                "total": 1
              }
            },
            {
              "batter": "S Hongsi",
              "bowler": "Fitri Sham",
              "non_striker": "HJ Jordaan",
              "runs": {
                "batter": 0,
                "extras": 0,
                "total": 0
              }
            },
            {
              "batter": "S Hongsi",
              "bowler": "Fitri Sham",
              "non_striker": "HJ Jordaan",
              "runs": {
                "batter": 6,
                "extras": 0,
                "total": 6
              }
            },
            {
              "batter": "S Hongsi",
              "bowler": "Fitri Sham",
              "non_striker": "HJ Jordaan",
              "runs": {
                "batter": 4,
                "extras": 0,
                "total": 4
              }
            }
          ]
        }
      ],
      "powerplays": [
        {
          "from": 0.1,
          "to": 5.6,
          "type": "mandatory"
        }
      ]
    },
    {
      "team": "Malaysia",
      "overs": [
        {
          "over": 0,
          "deliveries": [
            {
              "batter": "Shafiq Sharif",
              "bowler": "M Faheem",
              "extras": {
                "wides": 1
              },
              "non_striker": "Anwar Arudin",
              "runs": {
                "batter": 0,
                "extras": 1,
                "total": 1
              }
            },
            {
              "batter": "Shafiq Sharif",
              "bowler": "M Faheem",
              "non_striker": "Anwar Arudin",
              "runs": {
                "batter": 0,
                "extras": 0,
                "total": 0
              }
            },
            {
              "batter": "Shafiq Sharif",
              "bowler": "M Faheem",
              "non_striker": "Anwar Arudin",
              "runs": {
                "batter": 4,
                "extras": 0,
                "total": 4
              }
            },
            {
              "batter": "Shafiq Sharif",
              "bowler": "M Faheem",
              "non_striker": "Anwar Arudin",
              "runs": {
                "batter": 0,
                "extras": 0,
                "total": 0
              }
            },
            {
              "batter": "Shafiq Sharif",
              "bowler": "M Faheem",
              "non_striker": "Anwar Arudin",
              "runs": {
                "batter": 0,
                "extras": 0,
                "total": 0
              }
            },
            {
              "batter": "Shafiq Sharif",
              "bowler": "M Faheem",
              "non_striker": "Anwar Arudin",
              "runs": {
                "batter": 3,
                "extras": 0,
                "total": 3
              }
            },
            {
              "batter": "Anwar Arudin",
              "bowler": "M Faheem",
              "extras": {
                "byes": 1
              },
              "non_striker": "Shafiq Sharif",
              "runs": {
                "batter": 0,
                "extras": 1,
                "total": 1
              }
            }
          ]
        },
        {
          "over": 1,
          "deliveries": [
            {
              "batter": "Anwar Arudin",
              "bowler": "Anowarul Islam",
              "extras": {
                "wides": 1
              },
              "non_striker": "Shafiq Sharif",
              "runs": {
                "batter": 0,
                "extras": 1,
                "total": 1
              }
            },
            {
              "batter": "Anwar Arudin",
              "bowler": "Anowarul Islam",
              "non_striker": "Shafiq Sharif",
              "runs": {
                "batter": 0,
                "extras": 0,
                "total": 0
              }
            },
            {
              "batter": "Anwar Arudin",
              "bowler": "Anowarul Islam",
              "extras": {
                "wides": 1
              },
              "non_striker": "Shafiq Sharif",
              "runs": {
                "batter": 0,
                "extras": 1,
                "total": 1
              }
            },
            {
              "batter": "Anwar Arudin",
              "bowler": "Anowarul Islam",
              "non_striker": "Shafiq Sharif",
              "runs": {
                "batter": 1,
                "extras": 0,
                "total": 1
              }
            },
            {
              "batter": "Shafiq Sharif",
              "bowler": "Anowarul Islam",
              "non_striker": "Anwar Arudin",
              "runs": {
                "batter": 0,
                "extras": 0,
                "total": 0
              }
            },
            {
              "batter": "Shafiq Sharif",
              "bowler": "Anowarul Islam",
              "non_striker": "Anwar Arudin",
              "runs": {
                "batter": 0,
                "extras": 0,
                "total": 0
              }
            },
            {
              "batter": "Shafiq Sharif",
              "bowler": "Anowarul Islam",
              "non_striker": "Anwar Arudin",
              "runs": {
                "batter": 1,
                "extras": 0,
                "total": 1
              }
            },
            {
              "batter": "Anwar Arudin",
              "bowler": "Anowarul Islam",
              "non_striker": "Shafiq Sharif",
              "runs": {
                "batter": 0,
                "extras": 0,
                "total": 0
              }
            }
          ]
        },
        {
          "over": 2,
          "deliveries": [
            {
              "batter": "Shafiq Sharif",
              "bowler": "M Faheem",
              "non_striker": "Anwar Arudin",
              "runs": {
                "batter": 1,
                "extras": 0,
                "total": 1
              }
            },
            {
              "batter": "Anwar Arudin",
              "bowler": "M Faheem",
              "non_striker": "Shafiq Sharif",
              "runs": {
                "batter": 0,
                "extras": 0,
                "total": 0
              },
              "wickets": [
                {
                  "kind": "bowled",
                  "player_out": "Anwar Arudin"
                }
              ]
            },
            {
              "batter": "Syed Aziz",
              "bowler": "M Faheem",
              "non_striker": "Shafiq Sharif",
              "runs": {
                "batter": 1,
                "extras": 0,
                "total": 1
              }
            },
            {
              "batter": "Shafiq Sharif",
              "bowler": "M Faheem",
              "extras": {
                "wides": 1
              },
              "non_striker": "Syed Aziz",
              "runs": {
                "batter": 0,
                "extras": 1,
                "total": 1
              }
            },
            {
              "batter": "Shafiq Sharif",
              "bowler": "M Faheem",
              "non_striker": "Syed Aziz",
              "runs": {
                "batter": 4,
                "extras": 0,
                "total": 4
              }
            },
            {
              "batter": "Shafiq Sharif",
              "bowler": "M Faheem",
              "non_striker": "Syed Aziz",
              "runs": {
                "batter": 4,
                "extras": 0,
                "total": 4
              }
            },
            {
              "batter": "Shafiq Sharif",
              "bowler": "M Faheem",
              "non_striker": "Syed Aziz",
              "runs": {
                "batter": 0,
                "extras": 0,
                "total": 0
              }
            }
          ]
        },
        {
          "over": 3,
          "deliveries": [
            {
              "batter": "Syed Aziz",
              "bowler": "Anowarul Islam",
              "non_striker": "Shafiq Sharif",
              "runs": {
                "batter": 0,
                "extras": 0,
                "total": 0
              }
            },
            {
              "batter": "Syed Aziz",
              "bowler": "Anowarul Islam",
              "non_striker": "Shafiq Sharif",
              "runs": {
                "batter": 1,
                "extras": 0,
                "total": 1
              }
            },
            {
              "batter": "Shafiq Sharif",
              "bowler": "Anowarul Islam",
              "non_striker": "Syed Aziz",
              "runs": {
                "batter": 0,
                "extras": 0,
                "total": 0
              }
            },
            {
              "batter": "Shafiq Sharif",
              "bowler": "Anowarul Islam",
              "non_striker": "Syed Aziz",
              "runs": {
                "batter": 4,
                "extras": 0,
                "total": 4
              }
            },
            {
              "batter": "Shafiq Sharif",
              "bowler": "Anowarul Islam",
              "non_striker": "Syed Aziz",
              "runs": {
                "batter": 0,
                "extras": 0,
                "total": 0
              }
            },
            {
              "batter": "Shafiq Sharif",
              "bowler": "Anowarul Islam",
              "non_striker": "Syed Aziz",
              "runs": {
                "batter": 6,
                "extras": 0,
                "total": 6
              }
            }
          ]
        },
        {
          "over": 4,
          "deliveries": [
            {
              "batter": "Syed Aziz",
              "bowler": "C Pengkumta",
              "non_striker": "Shafiq Sharif",
              "runs": {
                "batter": 4,
                "extras": 0,
                "total": 4
              }
            },
            {
              "batter": "Syed Aziz",
              "bowler": "C Pengkumta",
              "extras": {
                "wides": 1
              },
              "non_striker": "Shafiq Sharif",
              "runs": {
                "batter": 0,
                "extras": 1,
                "total": 1
              }
            },
            {
              "batter": "Syed Aziz",
              "bowler": "C Pengkumta",
              "extras": {
                "legbyes": 4
              },
              "non_striker": "Shafiq Sharif",
              "runs": {
                "batter": 0,
                "extras": 4,
                "total": 4
              }
            },
            {
              "batter": "Syed Aziz",
              "bowler": "C Pengkumta",
              "non_striker": "Shafiq Sharif",
              "runs": {
                "batter": 1,
                "extras": 0,
                "total": 1
              }
            },
            {
              "batter": "Shafiq Sharif",
              "bowler": "C Pengkumta",
              "non_striker": "Syed Aziz",
              "runs": {
                "batter": 0,
                "extras": 0,
                "total": 0
              }
            },
            {
              "batter": "Shafiq Sharif",
              "bowler": "C Pengkumta",
              "non_striker": "Syed Aziz",
              "runs": {
                "batter": 1,
                "extras": 0,
                "total": 1
              }
            },
            {
              "batter": "Syed Aziz",
              "bowler": "C Pengkumta",
              "extras": {
                "wides": 1
              },
              "non_striker": "Shafiq Sharif",
              "runs": {
                "batter": 0,
                "extras": 1,
                "total": 1
              }
            },
            {
              "batter": "Syed Aziz",
              "bowler": "C Pengkumta",
              "non_striker": "Shafiq Sharif",
              "runs": {
                "batter": 1,
                "extras": 0,
                "total": 1
              }
            }
          ]
        },
        {
          "over": 5,
          "deliveries": [
            {
              "batter": "Syed Aziz",
              "bowler": "N Pathan",
              "non_striker": "Shafiq Sharif",
              "runs": {
                "batter": 0,
                "extras": 0,
                "total": 0
              }
            },
            {
              "batter": "Syed Aziz",
              "bowler": "N Pathan",
              "non_striker": "Shafiq Sharif",
              "runs": {
                "batter": 0,
                "extras": 0,
                "total": 0
              }
            },
            {
              "batter": "Syed Aziz",
              "bowler": "N Pathan",
              "extras": {
                "wides": 1
              },
              "non_striker": "Shafiq Sharif",
              "runs": {
                "batter": 0,
                "extras": 1,
                "total": 1
              }
            },
            {
              "batter": "Syed Aziz",
              "bowler": "N Pathan",
              "non_striker": "Shafiq Sharif",
              "runs": {
                "batter": 4,
                "extras": 0,
                "total": 4
              }
            },
            {
              "batter": "Syed Aziz",
              "bowler": "N Pathan",
              "non_striker": "Shafiq Sharif",
              "runs": {
                "batter": 4,
                "extras": 0,
                "total": 4
              }
            },
            {
              "batter": "Syed Aziz",
              "bowler": "N Pathan",
              "non_striker": "Shafiq Sharif",
              "runs": {
                "batter": 0,
                "extras": 0,
                "total": 0
              }
            },
            {
              "batter": "Syed Aziz",
              "bowler": "N Pathan",
              "non_striker": "Shafiq Sharif",
              "runs": {
                "batter": 0,
                "extras": 0,
                "total": 0
              }
            }
          ]
        },
        {
          "over": 6,
          "deliveries": [
            {
              "batter": "Shafiq Sharif",
              "bowler": "C Pengkumta",
              "non_striker": "Syed Aziz",
              "runs": {
                "batter": 2,
                "extras": 0,
                "total": 2
              }
            },
            {
              "batter": "Shafiq Sharif",
              "bowler": "C Pengkumta",
              "non_striker": "Syed Aziz",
              "runs": {
                "batter": 0,
                "extras": 0,
                "total": 0
              }
            },
            {
              "batter": "Shafiq Sharif",
              "bowler": "C Pengkumta",
              "non_striker": "Syed Aziz",
              "runs": {
                "batter": 0,
                "extras": 0,
                "total": 0
              }
            },
            {
              "batter": "Shafiq Sharif",
              "bowler": "C Pengkumta",
              "non_striker": "Syed Aziz",
              "runs": {
                "batter": 0,
                "extras": 0,
                "total": 0
              }
            },
            {
              "batter": "Shafiq Sharif",
              "bowler": "C Pengkumta",
              "non_striker": "Syed Aziz",
              "runs": {
                "batter": 1,
                "extras": 0,
                "total": 1
              }
            },
            {
              "batter": "Syed Aziz",
              "bowler": "C Pengkumta",
              "non_striker": "Shafiq Sharif",
              "runs": {
                "batter": 2,
                "extras": 0,
                "total": 2
              }
            }
          ]
        },
        {
          "over": 7,
          "deliveries": [
            {
              "batter": "Shafiq Sharif",
              "bowler": "Vichanath Singh",
              "non_striker": "Syed Aziz",
              "runs": {
                "batter": 0,
                "extras": 0,
                "total": 0
              }
            },
            {
              "batter": "Shafiq Sharif",
              "bowler": "Vichanath Singh",
              "non_striker": "Syed Aziz",
              "runs": {
                "batter": 0,
                "extras": 0,
                "total": 0
              }
            },
            {
              "batter": "Shafiq Sharif",
              "bowler": "Vichanath Singh",
              "non_striker": "Syed Aziz",
              "runs": {
                "batter": 0,
                "extras": 0,
                "total": 0
              }
            },
            {
              "batter": "Shafiq Sharif",
              "bowler": "Vichanath Singh",
              "non_striker": "Syed Aziz",
              "runs": {
                "batter": 0,
                "extras": 0,
                "total": 0
              },
              "wickets": [
                {
                  "kind": "bowled",
                  "player_out": "Shafiq Sharif"
                }
              ]
            },
            {
              "batter": "Ahmed Faiz",
              "bowler": "Vichanath Singh",
              "non_striker": "Syed Aziz",
              "runs": {
                "batter": 0,
                "extras": 0,
                "total": 0
              }
            },
            {
              "batter": "Ahmed Faiz",
              "bowler": "Vichanath Singh",
              "non_striker": "Syed Aziz",
              "runs": {
                "batter": 0,
                "extras": 0,
                "total": 0
              }
            }
          ]
        },
        {
          "over": 8,
          "deliveries": [
            {
              "batter": "Syed Aziz",
              "bowler": "C Pengkumta",
              "non_striker": "Ahmed Faiz",
              "runs": {
                "batter": 1,
                "extras": 0,
                "total": 1
              }
            },
            {
              "batter": "Ahmed Faiz",
              "bowler": "C Pengkumta",
              "non_striker": "Syed Aziz",
              "runs": {
                "batter": 0,
                "extras": 0,
                "total": 0
              }
            },
            {
              "batter": "Ahmed Faiz",
              "bowler": "C Pengkumta",
              "non_striker": "Syed Aziz",
              "runs": {
                "batter": 0,
                "extras": 0,
                "total": 0
              }
            },
            {
              "batter": "Ahmed Faiz",
              "bowler": "C Pengkumta",
              "non_striker": "Syed Aziz",
              "runs": {
                "batter": 4,
                "extras": 0,
                "total": 4
              }
            },
            {
              "batter": "Ahmed Faiz",
              "bowler": "C Pengkumta",
              "non_striker": "Syed Aziz",
              "runs": {
                "batter": 0,
                "extras": 0,
                "total": 0
              }
            },
            {
              "batter": "Ahmed Faiz",
              "bowler": "C Pengkumta",
              "non_striker": "Syed Aziz",
              "runs": {
                "batter": 2,
                "extras": 0,
                "total": 2
              }
            }
          ]
        },
        {
          "over": 9,
          "deliveries": [
            {
              "batter": "Syed Aziz",
              "bowler": "Vichanath Singh",
              "non_striker": "Ahmed Faiz",
              "runs": {
                "batter": 2,
                "extras": 0,
                "total": 2
              }
            },
            {
              "batter": "Syed Aziz",
              "bowler": "Vichanath Singh",
              "extras": {
                "wides": 1
              },
              "non_striker": "Ahmed Faiz",
              "runs": {
                "batter": 0,
                "extras": 1,
                "total": 1
              }
            },
            {
              "batter": "Syed Aziz",
              "bowler": "Vichanath Singh",
              "non_striker": "Ahmed Faiz",
              "runs": {
                "batter": 1,
                "extras": 0,
                "total": 1
              }
            },
            {
              "batter": "Ahmed Faiz",
              "bowler": "Vichanath Singh",
              "non_striker": "Syed Aziz",
              "runs": {
                "batter": 4,
                "extras": 0,
                "total": 4
              }
            },
            {
              "batter": "Ahmed Faiz",
              "bowler": "Vichanath Singh",
              "non_striker": "Syed Aziz",
              "runs": {
                "batter": 1,
                "extras": 0,
                "total": 1
              }
            },
            {
              "batter": "Syed Aziz",
              "bowler": "Vichanath Singh",
              "non_striker": "Ahmed Faiz",
              "runs": {
                "batter": 1,
                "extras": 0,
                "total": 1
              }
            },
            {
              "batter": "Ahmed Faiz",
              "bowler": "Vichanath Singh",
              "non_striker": "Syed Aziz",
              "runs": {
                "batter": 1,
                "extras": 0,
                "total": 1
              }
            }
          ]
        },
        {
          "over": 10,
          "deliveries": [
            {
              "batter": "Ahmed Faiz",
              "bowler": "S Hongsi",
              "non_striker": "Syed Aziz",
              "runs": {
                "batter": 4,
                "extras": 0,
                "total": 4
              }
            },
            {
              "batter": "Ahmed Faiz",
              "bowler": "S Hongsi",
              "non_striker": "Syed Aziz",
              "runs": {
                "batter": 1,
                "extras": 0,
                "total": 1
              }
            },
            {
              "batter": "Syed Aziz",
              "bowler": "S Hongsi",
              "non_striker": "Ahmed Faiz",
              "runs": {
                "batter": 1,
                "extras": 0,
                "total": 1
              }
            },
            {
              "batter": "Ahmed Faiz",
              "bowler": "S Hongsi",
              "non_striker": "Syed Aziz",
              "runs": {
                "batter": 1,
                "extras": 0,
                "total": 1
              }
            },
            {
              "batter": "Syed Aziz",
              "bowler": "S Hongsi",
              "non_striker": "Ahmed Faiz",
              "runs": {
                "batter": 0,
                "extras": 0,
                "total": 0
              }
            },
            {
              "batter": "Syed Aziz",
              "bowler": "S Hongsi",
              "non_striker": "Ahmed Faiz",
              "runs": {
                "batter": 0,
                "extras": 0,
                "total": 0
              }
            }
          ]
        },
        {
          "over": 11,
          "deliveries": [
            {
              "batter": "Ahmed Faiz",
              "bowler": "Vichanath Singh",
              "non_striker": "Syed Aziz",
              "runs": {
                "batter": 0,
                "extras": 0,
                "total": 0
              }
            },
            {
              "batter": "Ahmed Faiz",
              "bowler": "Vichanath Singh",
              "non_striker": "Syed Aziz",
              "runs": {
                "batter": 1,
                "extras": 0,
                "total": 1
              }
            },
            {
              "batter": "Syed Aziz",
              "bowler": "Vichanath Singh",
              "non_striker": "Ahmed Faiz",
              "runs": {
                "batter": 0,
                "extras": 0,
                "total": 0
              }
            },
            {
              "batter": "Syed Aziz",
              "bowler": "Vichanath Singh",
              "non_striker": "Ahmed Faiz",
              "runs": {
                "batter": 4,
                "extras": 0,
                "total": 4
              }
            },
            {
              "batter": "Syed Aziz",
              "bowler": "Vichanath Singh",
              "non_striker": "Ahmed Faiz",
              "runs": {
                "batter": 6,
                "extras": 0,
                "total": 6
              }
            },
            {
              "batter": "Syed Aziz",
              "bowler": "Vichanath Singh",
              "non_striker": "Ahmed Faiz",
              "runs": {
                "batter": 1,
                "extras": 0,
                "total": 1
              }
            }
          ]
        },
        {
          "over": 12,
          "deliveries": [
            {
              "batter": "Syed Aziz",
              "bowler": "S Hongsi",
              "non_striker": "Ahmed Faiz",
              "runs": {
                "batter": 6,
                "extras": 0,
                "total": 6
              }
            },
            {
              "batter": "Syed Aziz",
              "bowler": "S Hongsi",
              "non_striker": "Ahmed Faiz",
              "runs": {
                "batter": 1,
                "extras": 0,
                "total": 1
              }
            },
            {
              "batter": "Ahmed Faiz",
              "bowler": "S Hongsi",
              "non_striker": "Syed Aziz",
              "runs": {
                "batter": 4,
                "extras": 0,
                "total": 4
              }
            },
            {
              "batter": "Ahmed Faiz",
              "bowler": "S Hongsi",
              "non_striker": "Syed Aziz",
              "runs": {
                "batter": 1,
                "extras": 0,
                "total": 1
              }
            },
            {
              "batter": "Syed Aziz",
              "bowler": "S Hongsi",
              "non_striker": "Ahmed Faiz",
              "runs": {
                "batter": 0,
                "extras": 0,
                "total": 0
              }
            },
            {
              "batter": "Syed Aziz",
              "bowler": "S Hongsi",
              "non_striker": "Ahmed Faiz",
              "runs": {
                "batter": 1,
                "extras": 0,
                "total": 1
              }
            }
          ]
        },
        {
          "over": 13,
          "deliveries": [
            {
              "batter": "Syed Aziz",
              "bowler": "Vichanath Singh",
              "non_striker": "Ahmed Faiz",
              "runs": {
                "batter": 1,
                "extras": 0,
                "total": 1
              }
            },
            {
              "batter": "Ahmed Faiz",
              "bowler": "Vichanath Singh",
              "non_striker": "Syed Aziz",
              "runs": {
                "batter": 1,
                "extras": 0,
                "total": 1
              }
            },
            {
              "batter": "Syed Aziz",
              "bowler": "Vichanath Singh",
              "non_striker": "Ahmed Faiz",
              "runs": {
                "batter": 0,
                "extras": 0,
                "total": 0
              }
            },
            {
              "batter": "Syed Aziz",
              "bowler": "Vichanath Singh",
              "non_striker": "Ahmed Faiz",
              "runs": {
                "batter": 1,
                "extras": 0,
                "total": 1
              }
            },
            {
              "batter": "Ahmed Faiz",
              "bowler": "Vichanath Singh",
              "non_striker": "Syed Aziz",
              "runs": {
                "batter": 1,
                "extras": 0,
                "total": 1
              }
            },
            {
              "batter": "Syed Aziz",
              "bowler": "Vichanath Singh",
              "non_striker": "Ahmed Faiz",
              "runs": {
                "batter": 1,
                "extras": 0,
                "total": 1
              }
            }
          ]
        },
        {
          "over": 14,
          "deliveries": [
            {
              "batter": "Syed Aziz",
              "bowler": "NA Janes",
              "non_striker": "Ahmed Faiz",
              "runs": {
                "batter": 0,
                "extras": 0,
                "total": 0
              }
            },
            {
              "batter": "Syed Aziz",
              "bowler": "NA Janes",
              "non_striker": "Ahmed Faiz",
              "runs": {
                "batter": 6,
                "extras": 0,
                "total": 6
              }
            },
            {
              "batter": "Syed Aziz",
              "bowler": "NA Janes",
              "non_striker": "Ahmed Faiz",
              "runs": {
                "batter": 0,
                "extras": 0,
                "total": 0
              }
            },
            {
              "batter": "Syed Aziz",
              "bowler": "NA Janes",
              "non_striker": "Ahmed Faiz",
              "runs": {
                "batter": 1,
                "extras": 0,
                "total": 1
              }
            },
            {
              "batter": "Ahmed Faiz",
              "bowler": "NA Janes",
              "non_striker": "Syed Aziz",
              "runs": {
                "batter": 1,
                "extras": 0,
                "total": 1
              }
            },
            {
              "batter": "Syed Aziz",
              "bowler": "NA Janes",
              "non_striker": "Ahmed Faiz",
              "runs": {
                "batter": 4,
                "extras": 0,
                "total": 4
              }
            }
          ]
        }
      ],
      "powerplays": [
        {
          "from": 0.1,
          "to": 5.7,
          "type": "mandatory"
        }
      ],
      "target": {
        "overs": 20,
        "runs": 128
      }
    }
  ]
}