{
  "meta": {
    "data_version": "1.0.0",
    "created": "2019-07-12",
    "revision": 1
  },
  "info": {
    "balls_per_over": 6,
    "city": "Murcia",
    "dates": [
      "2019-06-29"
    ],
    "event": {
      "name": "ICC Women's T20 World Cup Europe Region Qualifier",
      "match_number": 5
    },
    "gender": "female",
    "match_type": "T20",
    "match_type_number": 684,
    "missing": [
      "player_of_match"
    ],
    "officials": {
      "match_referees": [
        "DT Jukes"
      ],
      "reserve_umpires": [
        "AJT Dowdalls"
      ],
      "umpires": [
        "R Hassan",
        "WPM van Liemt"
      ]
    },
    "outcome": {
      "winner": "Scotland",
      "by": {
        "runs": 107
      }
    },
    "overs": 20,
    "players": {
      "Scotland": [
        "SJ Bryce",
        "KE Bryce",
        "RS Glen",
        "RK Willis",
        "PA Chatterji",
        "RV Scholes",
        "L Jack",
        "K McGill",
        "CM Scott",
        "AH Maqsood",
        "K Fraser"
      ],
      "Germany": [
        "JE Ronalds",
        "ST Frohnmayer",
        "K Vijayaraghavan",
        "AM Healey",
        "CM Gough",
        "PA Wadenpohl",
        "A Bierwisch",
        "MS Beresford",
        "A Meyenborg",
        "S Meyenborg",
        "EC Bargna"
      ]
    },
    "registry": {
      "people": {
        "A Bierwisch": "b51d654f",
        "A Meyenborg": "edbc9441",
        "AH Maqsood": "f61e2829",
        "AJT Dowdalls": "f06852e3",
        "AM Healey": "f3249df1",
        "CM Gough": "f1328a90",
        "CM Scott": "e0da9b14",
        "DT Jukes": "7c215d14",
        "EC Bargna": "9908d470",
        "JE Ronalds": "d4f98302",
        "K Fraser": "a0a65375",
        "K McGill": "bba7558e",
        "K Vijayaraghavan": "048da365",
        "KE Bryce": "f13d3eba",
        "L Jack": "e565ceb7",
        "MS Beresford": "26eb73f9",
        "PA Chatterji": "8e7be59c",
        "PA Wadenpohl": "11898ffe",
        "R Hassan": "e303d1cc",
        "RK Willis": "fff4e348",
        "RS Glen": "45c2db15",
        "RV Scholes": "2dc78362",
        "S Meyenborg": "6a1f6e13",
        "SJ Bryce": "2ca65aee",
        "ST Frohnmayer": "7e8bcfc1",
        "WPM van Liemt": "2bd48588"
      }
    },
    "season": "2019",
    "team_type": "international",
    "teams": [
      "Germany",
      "Scotland"
    ],
    "toss": {
      "decision": "field",
      "winner": "Germany"
    },
    "venue": "La Manga Club Top Ground"
  },
  "innings": [
    {
      "team": "Scotland",
      "overs": [
        {
          "over": 0,
          "deliveries": [
            {
              "batter": "SJ Bryce",
              "bowler": "EC Bargna",
              "non_striker": "KE Bryce",
              "runs": {
                "batter": 4,
                "extras": 0,
                "total": 4
              }
            },
            {
              "batter": "SJ Bryce",
              "bowler": "EC Bargna",
              "non_striker": "KE Bryce",
              "runs": {
                "batter": 1,
                "extras": 0,
                "total": 1
              }
            },
            {
              "batter": "KE Bryce",
              "bowler": "EC Bargna",
              "non_striker": "SJ Bryce",
              "runs": {
                "batter": 1,
                "extras": 0,
                "total": 1
              }
            },
            {
              "batter": "SJ Bryce",
              "bowler": "EC Bargna",
              "extras": {
                "wides": 1
              },
              "non_striker": "KE Bryce",
              "runs": {
                "batter": 0,
                "extras": 1,
                "total": 1
              }
            },
            {
              "batter": "SJ Bryce",
              "bowler": "EC Bargna",
              "non_striker": "KE Bryce",
              "runs": {
                "batter": 0,
                "extras": 0,
                "total": 0
              }
            },
            {
              "batter": "SJ Bryce",
              "bowler": "EC Bargna",
              "non_striker": "KE Bryce",
              "runs": {
                "batter": 0,
                "extras": 0,
                "total": 0
              },
              "wickets": [
                {
                  "kind": "lbw",
                  "player_out": "SJ Bryce"
                }
              ]
            },
            {
              "batter": "RS Glen",
              "bowler": "EC Bargna",
              "non_striker": "KE Bryce",
              "runs": {
                "batter": 0,
                "extras": 0,
                "total": 0
              }
            }
          ]
        },
        {
          "over": 1,
          "deliveries": [
            {
              "batter": "KE Bryce",
              "bowler": "ST Frohnmayer",
              "non_striker": "RS Glen",
              "runs": {
                "batter": 0,
                "extras": 0,
                "total": 0
              }
            },
            {
              "batter": "KE Bryce",
              "bowler": "ST Frohnmayer",
              "non_striker": "RS Glen",
              "runs": {
                "batter": 2,
                "extras": 0,
                "total": 2
              }
            },
            {
              "batter": "KE Bryce",
              "bowler": "ST Frohnmayer",
              "extras": {
                "wides": 5
              },
              "non_striker": "RS Glen",
              "runs": {
                "batter": 0,
                "extras": 5,
                "total": 5
              }
            },
            {
              "batter": "KE Bryce",
              "bowler": "ST Frohnmayer",
              "non_striker": "RS Glen",
              "runs": {
                "batter": 0,
                "extras": 0,
                "total": 0
              }
            },
            {
              "batter": "KE Bryce",
              "bowler": "ST Frohnmayer",
              "non_striker": "RS Glen",
              "runs": {
                "batter": 4,
                "extras": 0,
                "total": 4
              }
            },
            {
              "batter": "KE Bryce",
              "bowler": "ST Frohnmayer",
              "non_striker": "RS Glen",
              "runs": {
                "batter": 2,
                "extras": 0,
                "total": 2
              }
            },
            {
              "batter": "KE Bryce",
              "bowler": "ST Frohnmayer",
              "non_striker": "RS Glen",
              "runs": {
                "batter": 0,
                "extras": 0,
                "total": 0
              }
            }
          ]
        },
        {
          "over": 2,
          "deliveries": [
            {
              "batter": "RS Glen",
              "bowler": "EC Bargna",
              "non_striker": "KE Bryce",
              "runs": {
                "batter": 0,
                "extras": 0,
                "total": 0
              }
            },
            {
              "batter": "RS Glen",
              "bowler": "EC Bargna",
              "non_striker": "KE Bryce",
              "runs": {
                "batter": 1,
                "extras": 0,
                "total": 1
              }
            },
            {
              "batter": "KE Bryce",
              "bowler": "EC Bargna",
              "non_striker": "RS Glen",
              "runs": {
                "batter": 0,
                "extras": 0,
                "total": 0
              }
            },
            {
              "batter": "KE Bryce",
              "bowler": "EC Bargna",
              "non_striker": "RS Glen",
              "runs": {
                "batter": 3,
                "extras": 0,
                "total": 3
              }
            },
            {
              "batter": "RS Glen",
              "bowler": "EC Bargna",
              "non_striker": "KE Bryce",
              "runs": {
                "batter": 0,
                "extras": 0,
                "total": 0
              }
            },
            {
              "batter": "RS Glen",
              "bowler": "EC Bargna",
              "non_striker": "KE Bryce",
              "runs": {
                "batter": 1,
                "extras": 0,
                "total": 1
              }
            }
          ]
        },
        {
          "over": 3,
          "deliveries": [
            {
              "batter": "RS Glen",
              "bowler": "ST Frohnmayer",
              "non_striker": "KE Bryce",
              "runs": {
                "batter": 2,
                "extras": 0,
                "total": 2
              }
            },
            {
              "batter": "RS Glen",
              "bowler": "ST Frohnmayer",
              "non_striker": "KE Bryce",
              "runs": {
                "batter": 0,
                "extras": 0,
                "total": 0
              }
            },
            {
              "batter": "RS Glen",
              "bowler": "ST Frohnmayer",
              "non_striker": "KE Bryce",
              "runs": {
                "batter": 2,
                "extras": 0,
                "total": 2
              }
            },
            {
              "batter": "RS Glen",
              "bowler": "ST Frohnmayer",
              "non_striker": "KE Bryce",
              "runs": {
                "batter": 6,
                "extras": 0,
                "total": 6
              }
            },
            {
              "batter": "RS Glen",
              "bowler": "ST Frohnmayer",
              "non_striker": "KE Bryce",
              "runs": {
                "batter": 0,
                "extras": 0,
                "total": 0
              }
            },
            {
              "batter": "RS Glen",
              "bowler": "ST Frohnmayer",
              "non_striker": "KE Bryce",
              "runs": {
                "batter": 0,
                "extras": 0,
                "total": 0
              }
            }
          ]
        },
        {
          "over": 4,
          "deliveries": [
            {
              "batter": "KE Bryce",
              "bowler": "EC Bargna",
              "non_striker": "RS Glen",
              "runs": {
                "batter": 0,
                "extras": 0,
                "total": 0
              }
            },
            {
              "batter": "KE Bryce",
              "bowler": "EC Bargna",
              "non_striker": "RS Glen",
              "runs": {
                "batter": 0,
                "extras": 0,
                "total": 0
              }
            },
            {
              "batter": "KE Bryce",
              "bowler": "EC Bargna",
              "non_striker": "RS Glen",
              "runs": {
                "batter": 0,
                "extras": 0,
                "total": 0
              }
            },
            {
              "batter": "KE Bryce",
              "bowler": "EC Bargna",
              "non_striker": "RS Glen",
              "runs": {
                "batter": 0,
                "extras": 0,
                "total": 0
              }
            },
            {
              "batter": "KE Bryce",
              "bowler": "EC Bargna",
              "non_striker": "RS Glen",
              "runs": {
                "batter": 1,
                "extras": 0,
                "total": 1
              }
            },
            {
              "batter": "RS Glen",
              "bowler": "EC Bargna",
              "extras": {
                "wides": 1
              },
              "non_striker": "KE Bryce",
              "runs": {
                "batter": 0,
                "extras": 1,
                "total": 1
              }
            },
            {
              "batter": "RS Glen",
              "bowler": "EC Bargna",
              "non_striker": "KE Bryce",
              "runs": {
                "batter": 0,
                "extras": 0,
                "total": 0
              }
            }
          ]
        },
        {
          "over": 5,
          "deliveries": [
            {
              "batter": "KE Bryce",
              "bowler": "PA Wadenpohl",
              "non_striker": "RS Glen",
              "runs": {
                "batter": 0,
                "extras": 0,
                "total": 0
              }
            },
            {
              "batter": "KE Bryce",
              "bowler": "PA Wadenpohl",
              "non_striker": "RS Glen",
              "runs": {
                "batter": 1,
                "extras": 0,
                "total": 1
              }
            },
            {
              "batter": "RS Glen",
              "bowler": "PA Wadenpohl",
              "non_striker": "KE Bryce",
              "runs": {
                "batter": 1,
                "extras": 0,
                "total": 1
              }
            },
            {
              "batter": "KE Bryce",
              "bowler": "PA Wadenpohl",
              "non_striker": "RS Glen",
              "runs": {
                "batter": 1,
                "extras": 0,
                "total": 1
              }
            },
            {
              "batter": "RS Glen",
              "bowler": "PA Wadenpohl",
              "non_striker": "KE Bryce",
              "runs": {
                "batter": 1,
                "extras": 0,
                "total": 1
              }
            },
            {
              "batter": "KE Bryce",
              "bowler": "PA Wadenpohl",
              "extras": {
                "wides": 1
              },
              "non_striker": "RS Glen",
              "runs": {
                "batter": 0,
                "extras": 1,
                "total": 1
              }
            },
            {
              "batter": "KE Bryce",
              "bowler": "PA Wadenpohl",
              "non_striker": "RS Glen",
              "runs": {
                "batter": 4,
                "extras": 0,
                "total": 4
              }
            }
          ]
        },
        {
          "over": 6,
          "deliveries": [
            {
              "batter": "RS Glen",
              "bowler": "EC Bargna",
              "non_striker": "KE Bryce",
              "runs": {
                "batter": 0,
                "extras": 0,
                "total": 0
              }
            },
            {
              "batter": "RS Glen",
              "bowler": "EC Bargna",
              "non_striker": "KE Bryce",
              "runs": {
                "batter": 4,
                "extras": 0,
                "total": 4
              }
            },
            {
              "batter": "RS Glen",
              "bowler": "EC Bargna",
              "non_striker": "KE Bryce",
              "runs": {
                "batter": 0,
                "extras": 0,
                "total": 0
              }
            },
            {
              "batter": "RS Glen",
              "bowler": "EC Bargna",
              "non_striker": "KE Bryce",
              "runs": {
                "batter": 1,
                "extras": 0,
                "total": 1
              }
            },
            {
              "batter": "KE Bryce",
              "bowler": "EC Bargna",
              "non_striker": "RS Glen",
              "runs": {
                "batter": 0,
                "extras": 0,
                "total": 0
              }
            },
            {
              "batter": "KE Bryce",
              "bowler": "EC Bargna",
              "non_striker": "RS Glen",
              "runs": {
                "batter": 2,
                "extras": 0,
                "total": 2
              }
            }
          ]
        },
        {
          "over": 7,
          "deliveries": [
            {
              "batter": "RS Glen",
              "bowler": "PA Wadenpohl",
              "extras": {
                "wides": 1
              },
              "non_striker": "KE Bryce",
              "runs": {
                "batter": 0,
                "extras": 1,
                "total": 1
              }
            },
            {
              "batter": "RS Glen",
              "bowler": "PA Wadenpohl",
              "non_striker": "KE Bryce",
              "runs": {
                "batter": 4,
                "extras": 0,
                "total": 4
              }
            },
            {
              "batter": "RS Glen",
              "bowler": "PA Wadenpohl",
              "non_striker": "KE Bryce",
              "runs": {
                "batter": 1,
                "extras": 0,
                "total": 1
              }
            },
            {
              "batter": "KE Bryce",
              "bowler": "PA Wadenpohl",
              "non_striker": "RS Glen",
              "runs": {
                "batter": 1,
                "extras": 0,
                "total": 1
              }
            },
            {
              "batter": "RS Glen",
              "bowler": "PA Wadenpohl",
              "non_striker": "KE Bryce",
              "runs": {
                "batter": 1,
                "extras": 0,
                "total": 1
              }
            },
            {
              "batter": "KE Bryce",
              "bowler": "PA Wadenpohl",
              "extras": {
                "wides": 1
              },
              "non_striker": "RS Glen",
              "runs": {
                "batter": 0,
                "extras": 1,
                "total": 1
              }
            },
            {
              "batter": "KE Bryce",
              "bowler": "PA Wadenpohl",
              "non_striker": "RS Glen",
              "runs": {
                "batter": 2,
                "extras": 0,
                "total": 2
              }
            },
            {
              "batter": "KE Bryce",
              "bowler": "PA Wadenpohl",
              "non_striker": "RS Glen",
              "runs": {
                "batter": 1,
                "extras": 0,
                "total": 1
              }
            }
          ]
        },
        {
          "over": 8,
          "deliveries": [
            {
              "batter": "KE Bryce",
              "bowler": "AM Healey",
              "extras": {
                "noballs": 1
              },
              "non_striker": "RS Glen",
              "runs": {
                "batter": 4,
                "extras": 1,
                "total": 5
              }
            },
            {
              "batter": "KE Bryce",
              "bowler": "AM Healey",
              "non_striker": "RS Glen",
              "runs": {
                "batter": 4,
                "extras": 0,
                "total": 4
              }
            },
            {
              "batter": "KE Bryce",
              "bowler": "AM Healey",
              "non_striker": "RS Glen",
              "runs": {
                "batter": 1,
                "extras": 0,
                "total": 1
              }
            },
            {
              "batter": "RS Glen",
              "bowler": "AM Healey",
              "non_striker": "KE Bryce",
              "runs": {
                "batter": 2,
                "extras": 0,
                "total": 2
              }
            },
            {
              "batter": "RS Glen",
              "bowler": "AM Healey",
              "non_striker": "KE Bryce",
              "runs": {
                "batter": 2,
                "extras": 0,
                "total": 2
              }
            },
            {
              "batter": "RS Glen",
              "bowler": "AM Healey",
              "non_striker": "KE Bryce",
              "runs": {
                "batter": 0,
                "extras": 0,
                "total": 0
              }
            },
            {
              "batter": "RS Glen",
              "bowler": "AM Healey",
              "non_striker": "KE Bryce",
              "runs": {
                "batter": 0,
                "extras": 0,
                "total": 0
              }
            }
          ]
        },
        {
          "over": 9,
          "deliveries": [
            {
              "batter": "KE Bryce",
              "bowler": "MS Beresford",
              "non_striker": "RS Glen",
              "runs": {
                "batter": 0,
                "extras": 0,
                "total": 0
              }
            },
            {
              "batter": "KE Bryce",
              "bowler": "MS Beresford",
              "non_striker": "RS Glen",
              "runs": {
                "batter": 4,
                "extras": 0,
                "total": 4
              }
            },
            {
              "batter": "KE Bryce",
              "bowler": "MS Beresford",
              "non_striker": "RS Glen",
              "runs": {
                "batter": 1,
                "extras": 0,
                "total": 1
              }
            },
            {
              "batter": "RS Glen",
              "bowler": "MS Beresford",
              "non_striker": "KE Bryce",
              "runs": {
                "batter": 4,
                "extras": 0,
                "total": 4
              }
            },
            {
              "batter": "RS Glen",
              "bowler": "MS Beresford",
              "extras": {
                "wides": 1
              },
              "non_striker": "KE Bryce",
              "runs": {
                "batter": 0,
                "extras": 1,
                "total": 1
              }
            },
            {
              "batter": "RS Glen",
              "bowler": "MS Beresford",
              "non_striker": "KE Bryce",
              "runs": {
                "batter": 0,
                "extras": 0,
                "total": 0
              }
            },
            {
              "batter": "RS Glen",
              "bowler": "MS Beresford",
              "non_striker": "KE Bryce",
              "runs": {
                "batter": 1,
                "extras": 0,
                "total": 1
              }
            }
          ]
        },
        {
          "over": 10,
          "deliveries": [
            {
              "batter": "RS Glen",
              "bowler": "AM Healey",
              "non_striker": "KE Bryce",
              "runs": {
                "batter": 0,
                "extras": 0,
                "total": 0
              }
            },
            {
              "batter": "RS Glen",
              "bowler": "AM Healey",
              "non_striker": "KE Bryce",
              "runs": {
                "batter": 0,
                "extras": 0,
                "total": 0
              }
            },
            {
              "batter": "RS Glen",
              "bowler": "AM Healey",
              "non_striker": "KE Bryce",
              "runs": {
                "batter": 1,
                "extras": 0,
                "total": 1
              }
            },
            {
              "batter": "KE Bryce",
              "bowler": "AM Healey",
              "non_striker": "RS Glen",
              "runs": {
                "batter": 0,
                "extras": 0,
                "total": 0
              }
            },
            {
              "batter": "KE Bryce",
              "bowler": "AM Healey",
              "non_striker": "RS Glen",
              "runs": {
                "batter": 3,
                "extras": 0,
                "total": 3
              }
            },
            {
              "batter": "RS Glen",
              "bowler": "AM Healey",
              "non_striker": "KE Bryce",
              "runs": {
                "batter": 1,
                "extras": 0,
                "total": 1
              }
            }
          ]
        },
        {
          "over": 11,
          "deliveries": [
            {
              "batter": "RS Glen",
              "bowler": "MS Beresford",
              "non_striker": "KE Bryce",
              "runs": {
                "batter": 4,
                "extras": 0,
                "total": 4
              }
            },
            {
              "batter": "RS Glen",
              "bowler": "MS Beresford",
              "non_striker": "KE Bryce",
              "runs": {
                "batter": 1,
                "extras": 0,
                "total": 1
              }
            },
            {
              "batter": "KE Bryce",
              "bowler": "MS Beresford",
              "non_striker": "RS Glen",
              "runs": {
                "batter": 1,
                "extras": 0,
                "total": 1
              }
            },
            {
              "batter": "RS Glen",
              "bowler": "MS Beresford",
              "non_striker": "KE Bryce",
              "runs": {
                "batter": 1,
                "extras": 0,
                "total": 1
              }
            },
            {
              "batter": "KE Bryce",
              "bowler": "MS Beresford",
              "extras": {
                "wides": 1
              },
              "non_striker": "RS Glen",
              "runs": {
                "batter": 0,
                "extras": 1,
                "total": 1
              }
            },
            {
              "batter": "KE Bryce",
              "bowler": "MS Beresford",
              "non_striker": "RS Glen",
              "runs": {
                "batter": 1,
                "extras": 0,
                "total": 1
              }
            },
            {
              "batter": "RS Glen",
              "bowler": "MS Beresford",
              "non_striker": "KE Bryce",
              "runs": {
                "batter": 6,
                "extras": 0,
                "total": 6
              }
            }
          ]
        },
        {
          "over": 12,
          "deliveries": [
            {
              "batter": "KE Bryce",
              "bowler": "ST Frohnmayer",
              "extras": {
                "legbyes": 1
              },
              "non_striker": "RS Glen",
              "runs": {
                "batter": 0,
                "extras": 1,
                "total": 1
              }
            },
            {
              "batter": "RS Glen",
              "bowler": "ST Frohnmayer",
              "extras": {
                "byes": 2
              },
              "non_striker": "KE Bryce",
              "runs": {
                "batter": 0,
                "extras": 2,
                "total": 2
              }
            },
            {
              "batter": "RS Glen",
              "bowler": "ST Frohnmayer",
              "non_striker": "KE Bryce",
              "runs": {
                "batter": 1,
                "extras": 0,
                "total": 1
              }
            },
            {
              "batter": "KE Bryce",
              "bowler": "ST Frohnmayer",
              "non_striker": "RS Glen",
              "runs": {
                "batter": 1,
                "extras": 0,
                "total": 1
              }
            },
            {
              "batter": "RS Glen",
              "bowler": "ST Frohnmayer",
              "extras": {
                "noballs": 1
              },
              "non_striker": "KE Bryce",
              "runs": {
                "batter": 1,
                "extras": 1,
                "total": 2
              }
            },
            {
              "batter": "KE Bryce",
              "bowler": "ST Frohnmayer",
              "non_striker": "RS Glen",
              "runs": {
                "batter": 0,
                "extras": 0,
                "total": 0
              }
            },
            {
              "batter": "KE Bryce",
              "bowler": "ST Frohnmayer",
              "non_striker": "RS Glen",
              "runs": {
                "batter": 3,
                "extras": 0,
                "total": 3
              }
            }
          ]
        },
        {
          "over": 13,
          "deliveries": [
            {
              "batter": "KE Bryce",
              "bowler": "CM Gough",
              "non_striker": "RS Glen",
              "runs": {
                "batter": 0,
                "extras": 0,
                "total": 0
              }
            },
            {
              "batter": "KE Bryce",
              "bowler": "CM Gough",
              "non_striker": "RS Glen",
              "runs": {
                "batter": 1,
                "extras": 0,
                "total": 1
              }
            },
            {
              "batter": "RS Glen",
              "bowler": "CM Gough",
              "non_striker": "KE Bryce",
              "runs": {
                "batter": 4,
                "extras": 0,
                "total": 4
              }
            },
            {
              "batter": "RS Glen",
              "bowler": "CM Gough",
              "non_striker": "KE Bryce",
              "runs": {
                "batter": 1,
                "extras": 0,
                "total": 1
              }
            },
            {
              "batter": "KE Bryce",
              "bowler": "CM Gough",
              "non_striker": "RS Glen",
              "runs": {
                "batter": 0,
                "extras": 0,
                "total": 0
              }
            },
            {
              "batter": "KE Bryce",
              "bowler": "CM Gough",
              "non_striker": "RS Glen",
              "runs": {
                "batter": 1,
                "extras": 0,
                "total": 1
              }
            }
          ]
        },
        {
          "over": 14,
          "deliveries": [
            {
              "batter": "KE Bryce",
              "bowler": "ST Frohnmayer",
              "non_striker": "RS Glen",
              "runs": {
                "batter": 2,
                "extras": 0,
                "total": 2
              }
            },
            {
              "batter": "KE Bryce",
              "bowler": "ST Frohnmayer",
              "extras": {
                "wides": 1
              },
              "non_striker": "RS Glen",
              "runs": {
                "batter": 0,
                "extras": 1,
                "total": 1
              }
            },
            {
              "batter": "KE Bryce",
              "bowler": "ST Frohnmayer",
              "non_striker": "RS Glen",
              "runs": {
                "batter": 1,
                "extras": 0,
                "total": 1
              }
            },
            {
              "batter": "RS Glen",
              "bowler": "ST Frohnmayer",
              "non_striker": "KE Bryce",
              "runs": {
                "batter": 2,
                "extras": 0,
                "total": 2
              }
            },
            {
              "batter": "RS Glen",
              "bowler": "ST Frohnmayer",
              "non_striker": "KE Bryce",
              "runs": {
                "batter": 2,
                "extras": 0,
                "total": 2
              }
            },
            {
              "batter": "RS Glen",
              "bowler": "ST Frohnmayer",
              "non_striker": "KE Bryce",
              "runs": {
                "batter": 0,
                "extras": 0,
                "total": 0
              }
            },
            {
              "batter": "RS Glen",
              "bowler": "ST Frohnmayer",
              "non_striker": "KE Bryce",
              "runs": {
                "batter": 0,
                "extras": 0,
                "total": 0
              }
            }
          ]
        },
        {
          "over": 15,
          "deliveries": [
            {
              "batter": "KE Bryce",
              "bowler": "CM Gough",
              "non_striker": "RS Glen",
              "runs": {
                "batter": 6,
                "extras": 0,
                "total": 6
              }
            },
            {
              "batter": "KE Bryce",
              "bowler": "CM Gough",
              "non_striker": "RS Glen",
              "runs": {
                "batter": 6,
                "extras": 0,
                "total": 6
              }
            },
            {
              "batter": "KE Bryce",
              "bowler": "CM Gough",
              "non_striker": "RS Glen",
              "runs": {
                "batter": 0,
                "extras": 0,
                "total": 0
              },
              "wickets": [
                {
                  "kind": "caught",
                  "player_out": "KE Bryce",
                  "fielders": [
                    {
                      "name": "A Meyenborg"
                    }
                  ]
                }
              ]
            },
            {
              "batter": "RK Willis",
              "bowler": "CM Gough",
              "non_striker": "RS Glen",
              "runs": {
                "batter": 2,
                "extras": 0,
                "total": 2
              }
            },
            {
              "batter": "RK Willis",
              "bowler": "CM Gough",
              "non_striker": "RS Glen",
              "runs": {
                "batter": 0,
                "extras": 0,
                "total": 0
              }
            },
            {
              "batter": "RK Willis",
              "bowler": "CM Gough",
              "extras": {
                "wides": 1
              },
              "non_striker": "RS Glen",
              "runs": {
                "batter": 0,
                "extras": 1,
                "total": 1
              }
            },
            {
              "batter": "RK Willis",
              "bowler": "CM Gough",
              "non_striker": "RS Glen",
              "runs": {
                "batter": 0,
                "extras": 0,
                "total": 0
              }
            }
          ]
        },
        {
          "over": 16,
          "deliveries": [
            {
              "batter": "RS Glen",
              "bowler": "AM Healey",
              "non_striker": "RK Willis",
              "runs": {
                "batter": 0,
                "extras": 0,
                "total": 0
              }
            },
            {
              "batter": "RS Glen",
              "bowler": "AM Healey",
              "non_striker": "RK Willis",
              "runs": {
                "batter": 1,
                "extras": 0,
                "total": 1
              }
            },
            {
              "batter": "RK Willis",
              "bowler": "AM Healey",
              "non_striker": "RS Glen",
              "runs": {
                "batter": 0,
                "extras": 0,
                "total": 0
              },
              "wickets": [
                {
                  "kind": "bowled",
                  "player_out": "RK Willis"
                }
              ]
            },
            {
              "batter": "PA Chatterji",
              "bowler": "AM Healey",
              "non_striker": "RS Glen",
              "runs": {
                "batter": 0,
                "extras": 0,
                "total": 0
              }
            },
            {
              "batter": "PA Chatterji",
              "bowler": "AM Healey",
              "non_striker": "RS Glen",
              "runs": {
                "batter": 2,
                "extras": 0,
                "total": 2
              }
            },
            {
              "batter": "PA Chatterji",
              "bowler": "AM Healey",
              "non_striker": "RS Glen",
              "runs": {
                "batter": 0,
                "extras": 0,
                "total": 0
              }
            }
          ]
        },
        {
          "over": 17,
          "deliveries": [
            {
              "batter": "RS Glen",
              "bowler": "CM Gough",
              "non_striker": "PA Chatterji",
              "runs": {
                "batter": 0,
                "extras": 0,
                "total": 0
              },
              "wickets": [
                {
                  "kind": "caught",
                  "player_out": "RS Glen",
                  "fielders": [
                    {
                      "name": "A Meyenborg"
                    }
                  ]
                }
              ]
            },
            {
              "batter": "RV Scholes",
              "bowler": "CM Gough",
              "non_striker": "PA Chatterji",
              "runs": {
                "batter": 0,
                "extras": 0,
                "total": 0
              }
            },
            {
              "batter": "RV Scholes",
              "bowler": "CM Gough",
              "non_striker": "PA Chatterji",
              "runs": {
                "batter": 0,
                "extras": 0,
                "total": 0
              }
            },
            {
              "batter": "RV Scholes",
              "bowler": "CM Gough",
              "non_striker": "PA Chatterji",
              "runs": {
                "batter": 0,
                "extras": 0,
                "total": 0
              },
              "wickets": [
                {
                  "kind": "caught",
                  "player_out": "RV Scholes",
                  "fielders": [
                    {
                      "name": "A Meyenborg"
                    }
                  ]
                }
              ]
            },
            {
              "batter": "PA Chatterji",
              "bowler": "CM Gough",
              "non_striker": "L Jack",
              "runs": {
                "batter": 0,
                "extras": 0,
                "total": 0
              }
            },
            {
              "batter": "PA Chatterji",
              "bowler": "CM Gough",
              "non_striker": "L Jack",
              "runs": {
                "batter": 1,
                "extras": 0,
                "total": 1
              }
            }
          ]
        },
        {
          "over": 18,
          "deliveries": [
            {
              "batter": "PA Chatterji",
              "bowler": "AM Healey",
              "extras": {
                "wides": 1
              },
              "non_striker": "L Jack",
              "runs": {
                "batter": 0,
                "extras": 1,
                "total": 1
              }
            },
            {
              "batter": "PA Chatterji",
              "bowler": "AM Healey",
              "non_striker": "L Jack",
              "runs": {
                "batter": 1,
                "extras": 0,
                "total": 1
              }
            },
            {
              "batter": "L Jack",
              "bowler": "AM Healey",
              "non_striker": "PA Chatterji",
              "runs": {
                "batter": 0,
                "extras": 0,
                "total": 0
              },
              "wickets": [
                {
                  "kind": "caught",
                  "player_out": "L Jack",
                  "fielders": [
                    {
                      "name": "A Bierwisch"
                    }
                  ]
                }
              ]
            },
            {
              "batter": "K McGill",
              "bowler": "AM Healey",
              "extras": {
                "legbyes": 1
              },
              "non_striker": "PA Chatterji",
              "runs": {
                "batter": 0,
                "extras": 1,
                "total": 1
              }
            },
            {
              "batter": "PA Chatterji",
              "bowler": "AM Healey",
              "extras": {
                "legbyes": 1
              },
              "non_striker": "K McGill",
              "runs": {
                "batter": 0,
                "extras": 1,
                "total": 1
              }
            },
            {
              "batter": "K McGill",
              "bowler": "AM Healey",
              "non_striker": "PA Chatterji",
              "runs": {
                "batter": 0,
                "extras": 0,
                "total": 0
              }
            },
            {
              "batter": "K McGill",
              "bowler": "AM Healey",
              "non_striker": "PA Chatterji",
              "runs": {
                "batter": 1,
                "extras": 0,
                "total": 1
              }
            }
          ]
        },
        {
          "over": 19,
          "deliveries": [
            {
              "batter": "K McGill",
              "bowler": "CM Gough",
              "non_striker": "PA Chatterji",
              "runs": {
                "batter": 1,
                "extras": 0,
                "total": 1
              }
            },
            {
              "batter": "PA Chatterji",
              "bowler": "CM Gough",
              "non_striker": "K McGill",
              "runs": {
                "batter": 1,
                "extras": 0,
                "total": 1
              },
              "wickets": [
                {
                  "kind": "run out",
                  "player_out": "K McGill"
                }
              ]
            },
            {
              "batter": "PA Chatterji",
              "bowler": "CM Gough",
              "non_striker": "CM Scott",
              "runs": {
                "batter": 3,
                "extras": 0,
                "total": 3
              }
            },
            {
              "batter": "CM Scott",
              "bowler": "CM Gough",
              "non_striker": "PA Chatterji",
              "runs": {
                "batter": 2,
                "extras": 0,
                "total": 2
              }
            },
            {
              "batter": "CM Scott",
              "bowler": "CM Gough",
              "non_striker": "PA Chatterji",
              "runs": {
                "batter": 1,
                "extras": 0,
                "total": 1
              }
            },
            {
              "batter": "PA Chatterji",
              "bowler": "CM Gough",
              "non_striker": "CM Scott",
              "runs": {
                "batter": 1,
                "extras": 0,
                "total": 1
              },
              "wickets": [
                {
                  "kind": "run out",
                  "player_out": "CM Scott"
                }
              ]
            }
          ]
        }
      ],
      "powerplays": [
        {
          "from": 0.1,
          "to": 5.7,
          "type": "mandatory"
        }
      ]
    },
    {
      "team": "Germany",
      "overs": [
        {
          "over": 0,
          "deliveries": [
            {
              "batter": "JE Ronalds",
              "bowler": "KE Bryce",
              "non_striker": "ST Frohnmayer",
              "runs": {
                "batter": 0,
                "extras": 0,
                "total": 0
              }
            },
            {
              "batter": "JE Ronalds",
              "bowler": "KE Bryce",
              "non_striker": "ST Frohnmayer",
              "runs": {
                "batter": 4,
                "extras": 0,
                "total": 4
              }
            },
            {
              "batter": "JE Ronalds",
              "bowler": "KE Bryce",
              "non_striker": "ST Frohnmayer",
              "runs": {
                "batter": 0,
                "extras": 0,
                "total": 0
              }
            },
            {
              "batter": "JE Ronalds",
              "bowler": "KE Bryce",
              "non_striker": "ST Frohnmayer",
              "runs": {
                "batter": 2,
                "extras": 0,
                "total": 2
              }
            },
            {
              "batter": "JE Ronalds",
              "bowler": "KE Bryce",
              "non_striker": "ST Frohnmayer",
              "runs": {
                "batter": 0,
                "extras": 0,
                "total": 0
              }
            },
            {
              "batter": "JE Ronalds",
              "bowler": "KE Bryce",
              "non_striker": "ST Frohnmayer",
              "runs": {
                "batter": 0,
                "extras": 0,
                "total": 0
              }
            }
          ]
        },
        {
          "over": 1,
          "deliveries": [
            {
              "batter": "ST Frohnmayer",
              "bowler": "PA Chatterji",
              "non_striker": "JE Ronalds",
              "runs": {
                "batter": 0,
                "extras": 0,
                "total": 0
              }
            },
            {
              "batter": "ST Frohnmayer",
              "bowler": "PA Chatterji",
              "non_striker": "JE Ronalds",
              "runs": {
                "batter": 1,
                "extras": 0,
                "total": 1
              }
            },
            {
              "batter": "JE Ronalds",
              "bowler": "PA Chatterji",
              "non_striker": "ST Frohnmayer",
              "runs": {
                "batter": 0,
                "extras": 0,
                "total": 0
              }
            },
            {
              "batter": "JE Ronalds",
              "bowler": "PA Chatterji",
              "non_striker": "ST Frohnmayer",
              "runs": {
                "batter": 1,
                "extras": 0,
                "total": 1
              }
            },
            {
              "batter": "ST Frohnmayer",
              "bowler": "PA Chatterji",
              "non_striker": "JE Ronalds",
              "runs": {
                "batter": 0,
                "extras": 0,
                "total": 0
              }
            },
            {
              "batter": "ST Frohnmayer",
              "bowler": "PA Chatterji",
              "non_striker": "JE Ronalds",
              "runs": {
                "batter": 0,
                "extras": 0,
                "total": 0
              }
            }
          ]
        },
        {
          "over": 2,
          "deliveries": [
            {
              "batter": "JE Ronalds",
              "bowler": "KE Bryce",
              "non_striker": "ST Frohnmayer",
              "runs": {
                "batter": 0,
                "extras": 0,
                "total": 0
              }
            },
            {
              "batter": "JE Ronalds",
              "bowler": "KE Bryce",
              "non_striker": "ST Frohnmayer",
              "runs": {
                "batter": 1,
                "extras": 0,
                "total": 1
              }
            },
            {
              "batter": "ST Frohnmayer",
              "bowler": "KE Bryce",
              "non_striker": "JE Ronalds",
              "runs": {
                "batter": 0,
                "extras": 0,
                "total": 0
              }
            },
            {
              "batter": "ST Frohnmayer",
              "bowler": "KE Bryce",
              "non_striker": "JE Ronalds",
              "runs": {
                "batter": 1,
                "extras": 0,
                "total": 1
              }
            },
            {
              "batter": "JE Ronalds",
              "bowler": "KE Bryce",
              "non_striker": "ST Frohnmayer",
              "runs": {
                "batter": 0,
                "extras": 0,
                "total": 0
              }
            },
            {
              "batter": "JE Ronalds",
              "bowler": "KE Bryce",
              "non_striker": "ST Frohnmayer",
              "runs": {
                "batter": 2,
                "extras": 0,
                "total": 2
              }
            }
          ]
        },
        {
          "over": 3,
          "deliveries": [
            {
              "batter": "ST Frohnmayer",
              "bowler": "PA Chatterji",
              "non_striker": "JE Ronalds",
              "runs": {
                "batter": 1,
                "extras": 0,
                "total": 1
              }
            },
            {
              "batter": "JE Ronalds",
              "bowler": "PA Chatterji",
              "non_striker": "ST Frohnmayer",
              "runs": {
                "batter": 0,
                "extras": 0,
                "total": 0
              }
            },
            {
              "batter": "JE Ronalds",
              "bowler": "PA Chatterji",
              "extras": {
                "wides": 1
              },
              "non_striker": "ST Frohnmayer",
              "runs": {
                "batter": 0,
                "extras": 1,
                "total": 1
              }
            },
            {
              "batter": "JE Ronalds",
              "bowler": "PA Chatterji",
              "non_striker": "ST Frohnmayer",
              "runs": {
                "batter": 0,
                "extras": 0,
                "total": 0
              }
            },
            {
              "batter": "JE Ronalds",
              "bowler": "PA Chatterji",
              "non_striker": "ST Frohnmayer",
              "runs": {
                "batter": 0,
                "extras": 0,
                "total": 0
              }
            },
            {
              "batter": "JE Ronalds",
              "bowler": "PA Chatterji",
              "non_striker": "ST Frohnmayer",
              "runs": {
                "batter": 1,
                "extras": 0,
                "total": 1
              }
            },
            {
              "batter": "ST Frohnmayer",
              "bowler": "PA Chatterji",
              "non_striker": "JE Ronalds",
              "runs": {
                "batter": 0,
                "extras": 0,
                "total": 0
              }
            }
          ]
        },
        {
          "over": 4,
          "deliveries": [
            {
              "batter": "JE Ronalds",
              "bowler": "AH Maqsood",
              "non_striker": "ST Frohnmayer",
              "runs": {
                "batter": 0,
                "extras": 0,
                "total": 0
              },
              "wickets": [
                {
                  "kind": "lbw",
                  "player_out": "JE Ronalds"
                }
              ]
            },
            {
              "batter": "K Vijayaraghavan",
              "bowler": "AH Maqsood",
              "non_striker": "ST Frohnmayer",
              "runs": {
                "batter": 0,
                "extras": 0,
                "total": 0
              }
            },
            {
              "batter": "K Vijayaraghavan",
              "bowler": "AH Maqsood",
              "non_striker": "ST Frohnmayer",
              "runs": {
                "batter": 0,
                "extras": 0,
                "total": 0
              },
              "wickets": [
                {
                  "kind": "lbw",
                  "player_out": "K Vijayaraghavan"
                }
              ]
            },
            {
              "batter": "AM Healey",
              "bowler": "AH Maqsood",
              "non_striker": "ST Frohnmayer",
              "runs": {
                "batter": 0,
                "extras": 0,
                "total": 0
              }
            },
            {
              "batter": "AM Healey",
              "bowler": "AH Maqsood",
              "non_striker": "ST Frohnmayer",
              "runs": {
                "batter": 0,
                "extras": 0,
                "total": 0
              }
            },
            {
              "batter": "AM Healey",
              "bowler": "AH Maqsood",
              "non_striker": "ST Frohnmayer",
              "runs": {
                "batter": 0,
                "extras": 0,
                "total": 0
              }
            }
          ]
        },
        {
          "over": 5,
          "deliveries": [
            {
              "batter": "ST Frohnmayer",
              "bowler": "RV Scholes",
              "non_striker": "AM Healey",
              "runs": {
                "batter": 0,
                "extras": 0,
                "total": 0
              }
            },
            {
              "batter": "ST Frohnmayer",
              "bowler": "RV Scholes",
              "non_striker": "AM Healey",
              "runs": {
                "batter": 0,
                "extras": 0,
                "total": 0
              }
            },
            {
              "batter": "ST Frohnmayer",
              "bowler": "RV Scholes",
              "non_striker": "AM Healey",
              "runs": {
                "batter": 0,
                "extras": 0,
                "total": 0
              }
            },
            {
              "batter": "ST Frohnmayer",
              "bowler": "RV Scholes",
              "non_striker": "AM Healey",
              "runs": {
                "batter": 0,
                "extras": 0,
                "total": 0
              }
            },
            {
              "batter": "ST Frohnmayer",
              "bowler": "RV Scholes",
              "non_striker": "AM Healey",
              "runs": {
                "batter": 0,
                "extras": 0,
                "total": 0
              }
            },
            {
              "batter": "ST Frohnmayer",
              "bowler": "RV Scholes",
              "non_striker": "AM Healey",
              "runs": {
                "batter": 0,
                "extras": 0,
                "total": 0
              }
            }
          ]
        },
        {
          "over": 6,
          "deliveries": [
            {
              "batter": "AM Healey",
              "bowler": "AH Maqsood",
              "non_striker": "ST Frohnmayer",
              "runs": {
                "batter": 0,
                "extras": 0,
                "total": 0
              }
            },
            {
              "batter": "AM Healey",
              "bowler": "AH Maqsood",
              "non_striker": "ST Frohnmayer",
              "runs": {
                "batter": 0,
                "extras": 0,
                "total": 0
              }
            },
            {
              "batter": "AM Healey",
              "bowler": "AH Maqsood",
              "non_striker": "ST Frohnmayer",
              "runs": {
                "batter": 4,
                "extras": 0,
                "total": 4
              }
            },
            {
              "batter": "AM Healey",
              "bowler": "AH Maqsood",
              "non_striker": "ST Frohnmayer",
              "runs": {
                "batter": 0,
                "extras": 0,
                "total": 0
              },
              "wickets": [
                {
                  "kind": "lbw",
                  "player_out": "AM Healey"
                }
              ]
            },
            {
              "batter": "CM Gough",
              "bowler": "AH Maqsood",
              "non_striker": "ST Frohnmayer",
              "runs": {
                "batter": 0,
                "extras": 0,
                "total": 0
              }
            },
            {
              "batter": "CM Gough",
              "bowler": "AH Maqsood",
              "non_striker": "ST Frohnmayer",
              "runs": {
                "batter": 0,
                "extras": 0,
                "total": 0
              }
            }
          ]
        },
        {
          "over": 7,
          "deliveries": [
            {
              "batter": "ST Frohnmayer",
              "bowler": "RV Scholes",
              "non_striker": "CM Gough",
              "runs": {
                "batter": 0,
                "extras": 0,
                "total": 0
              }
            },
            {
              "batter": "ST Frohnmayer",
              "bowler": "RV Scholes",
              "non_striker": "CM Gough",
              "runs": {
                "batter": 0,
                "extras": 0,
                "total": 0
              }
            },
            {
              "batter": "ST Frohnmayer",
              "bowler": "RV Scholes",
              "non_striker": "CM Gough",
              "runs": {
                "batter": 0,
                "extras": 0,
                "total": 0
              }
            },
            {
              "batter": "ST Frohnmayer",
              "bowler": "RV Scholes",
              "non_striker": "CM Gough",
              "runs": {
                "batter": 4,
                "extras": 0,
                "total": 4
              }
            },
            {
              "batter": "ST Frohnmayer",
              "bowler": "RV Scholes",
              "non_striker": "CM Gough",
              "runs": {
                "batter": 0,
                "extras": 0,
                "total": 0
              }
            },
            {
              "batter": "ST Frohnmayer",
              "bowler": "RV Scholes",
              "non_striker": "CM Gough",
              "runs": {
                "batter": 1,
                "extras": 0,
                "total": 1
              }
            }
          ]
        },
        {
          "over": 8,
          "deliveries": [
            {
              "batter": "ST Frohnmayer",
              "bowler": "AH Maqsood",
              "non_striker": "CM Gough",
              "runs": {
                "batter": 0,
                "extras": 0,
                "total": 0
              }
            },
            {
              "batter": "ST Frohnmayer",
              "bowler": "AH Maqsood",
              "non_striker": "CM Gough",
              "runs": {
                "batter": 0,
                "extras": 0,
                "total": 0
              }
            },
            {
              "batter": "ST Frohnmayer",
              "bowler": "AH Maqsood",
              "non_striker": "CM Gough",
              "runs": {
                "batter": 0,
                "extras": 0,
                "total": 0
              }
            },
            {
              "batter": "ST Frohnmayer",
              "bowler": "AH Maqsood",
              "non_striker": "CM Gough",
              "runs": {
                "batter": 1,
                "extras": 0,
                "total": 1
              }
            },
            {
              "batter": "CM Gough",
              "bowler": "AH Maqsood",
              "non_striker": "ST Frohnmayer",
              "runs": {
                "batter": 1,
                "extras": 0,
                "total": 1
              }
            },
            {
              "batter": "ST Frohnmayer",
              "bowler": "AH Maqsood",
              "non_striker": "CM Gough",
              "runs": {
                "batter": 0,
                "extras": 0,
                "total": 0
              }
            }
          ]
        },
        {
          "over": 9,
          "deliveries": [
            {
              "batter": "CM Gough",
              "bowler": "RV Scholes",
              "non_striker": "ST Frohnmayer",
              "runs": {
                "batter": 0,
                "extras": 0,
                "total": 0
              }
            },
            {
              "batter": "CM Gough",
              "bowler": "RV Scholes",
              "non_striker": "ST Frohnmayer",
              "runs": {
                "batter": 4,
                "extras": 0,
                "total": 4
              }
            },
            {
              "batter": "CM Gough",
              "bowler": "RV Scholes",
              "non_striker": "ST Frohnmayer",
              "runs": {
                "batter": 1,
                "extras": 0,
                "total": 1
              }
            },
            {
              "batter": "ST Frohnmayer",
              "bowler": "RV Scholes",
              "non_striker": "CM Gough",
              "runs": {
                "batter": 0,
                "extras": 0,
                "total": 0
              },
              "wickets": [
                {
                  "kind": "run out",
                  "player_out": "ST Frohnmayer"
                }
              ]
            },
            {
              "batter": "CM Gough",
              "bowler": "RV Scholes",
              "non_striker": "PA Wadenpohl",
              "runs": {
                "batter": 0,
                "extras": 0,
                "total": 0
              }
            },
            {
              "batter": "CM Gough",
              "bowler": "RV Scholes",
              "non_striker": "PA Wadenpohl",
              "runs": {
                "batter": 1,
                "extras": 0,
                "total": 1
              }
            }
          ]
        },
        {
          "over": 10,
          "deliveries": [
            {
              "batter": "CM Gough",
              "bowler": "AH Maqsood",
              "non_striker": "PA Wadenpohl",
              "runs": {
                "batter": 0,
                "extras": 0,
                "total": 0
              }
            },
            {
              "batter": "CM Gough",
              "bowler": "AH Maqsood",
              "non_striker": "PA Wadenpohl",
              "runs": {
                "batter": 1,
                "extras": 0,
                "total": 1
              }
            },
            {
              "batter": "PA Wadenpohl",
              "bowler": "AH Maqsood",
              "non_striker": "CM Gough",
              "runs": {
                "batter": 1,
                "extras": 0,
                "total": 1
              }
            },
            {
              "batter": "CM Gough",
              "bowler": "AH Maqsood",
              "non_striker": "PA Wadenpohl",
              "runs": {
                "batter": 1,
                "extras": 0,
                "total": 1
              }
            },
            {
              "batter": "PA Wadenpohl",
              "bowler": "AH Maqsood",
              "non_striker": "CM Gough",
              "runs": {
                "batter": 0,
                "extras": 0,
                "total": 0
              }
            },
            {
              "batter": "PA Wadenpohl",
              "bowler": "AH Maqsood",
              "non_striker": "CM Gough",
              "runs": {
                "batter": 0,
                "extras": 0,
                "total": 0
              }
            }
          ]
        },
        {
          "over": 11,
          "deliveries": [
            {
              "batter": "CM Gough",
              "bowler": "K Fraser",
              "non_striker": "PA Wadenpohl",
              "runs": {
                "batter": 0,
                "extras": 0,
                "total": 0
              }
            },
            {
              "batter": "CM Gough",
              "bowler": "K Fraser",
              "non_striker": "PA Wadenpohl",
              "runs": {
                "batter": 1,
                "extras": 0,
                "total": 1
              }
            },
            {
              "batter": "PA Wadenpohl",
              "bowler": "K Fraser",
              "non_striker": "CM Gough",
              "runs": {
                "batter": 0,
                "extras": 0,
                "total": 0
              }
            },
            {
              "batter": "PA Wadenpohl",
              "bowler": "K Fraser",
              "extras": {
                "wides": 2
              },
              "non_striker": "CM Gough",
              "runs": {
                "batter": 0,
                "extras": 2,
                "total": 2
              }
            },
            {
              "batter": "CM Gough",
              "bowler": "K Fraser",
              "extras": {
                "noballs": 1
              },
              "non_striker": "PA Wadenpohl",
              "runs": {
                "batter": 0,
                "extras": 1,
                "total": 1
              }
            },
            {
              "batter": "CM Gough",
              "bowler": "K Fraser",
              "non_striker": "PA Wadenpohl",
              "runs": {
                "batter": 0,
                "extras": 0,
                "total": 0
              }
            },
            {
              "batter": "CM Gough",
              "bowler": "K Fraser",
              "non_striker": "PA Wadenpohl",
              "runs": {
                "batter": 1,
                "extras": 0,
                "total": 1
              }
            },
            {
              "batter": "PA Wadenpohl",
              "bowler": "K Fraser",
              "non_striker": "CM Gough",
              "runs": {
                "batter": 0,
                "extras": 0,
                "total": 0
              }
            }
          ]
        },
        {
          "over": 12,
          "deliveries": [
            {
              "batter": "CM Gough",
              "bowler": "K McGill",
              "non_striker": "PA Wadenpohl",
              "runs": {
                "batter": 1,
                "extras": 0,
                "total": 1
              }
            },
            {
              "batter": "PA Wadenpohl",
              "bowler": "K McGill",
              "non_striker": "CM Gough",
              "runs": {
                "batter": 0,
                "extras": 0,
                "total": 0
              }
            },
            {
              "batter": "PA Wadenpohl",
              "bowler": "K McGill",
              "non_striker": "CM Gough",
              "runs": {
                "batter": 0,
                "extras": 0,
                "total": 0
              }
            },
            {
              "batter": "PA Wadenpohl",
              "bowler": "K McGill",
              "non_striker": "CM Gough",
              "runs": {
                "batter": 0,
                "extras": 0,
                "total": 0
              },
              "wickets": [
                {
                  "kind": "caught",
                  "player_out": "PA Wadenpohl",
                  "fielders": [
                    {
                      "name": "RS Glen"
                    }
                  ]
                }
              ]
            },
            {
              "batter": "A Bierwisch",
              "bowler": "K McGill",
              "non_striker": "CM Gough",
              "runs": {
                "batter": 0,
                "extras": 0,
                "total": 0
              }
            },
            {
              "batter": "A Bierwisch",
              "bowler": "K McGill",
              "extras": {
                "wides": 1
              },
              "non_striker": "CM Gough",
              "runs": {
                "batter": 0,
                "extras": 1,
                "total": 1
              }
            },
            {
              "batter": "A Bierwisch",
              "bowler": "K McGill",
              "non_striker": "CM Gough",
              "runs": {
                "batter": 0,
                "extras": 0,
                "total": 0
              }
            }
          ]
        },
        {
          "over": 13,
          "deliveries": [
            {
              "batter": "CM Gough",
              "bowler": "K Fraser",
              "non_striker": "A Bierwisch",
              "runs": {
                "batter": 1,
                "extras": 0,
                "total": 1
              }
            },
            {
              "batter": "A Bierwisch",
              "bowler": "K Fraser",
              "non_striker": "CM Gough",
              "runs": {
                "batter": 1,
                "extras": 0,
                "total": 1
              }
            },
            {
              "batter": "CM Gough",
              "bowler": "K Fraser",
              "non_striker": "A Bierwisch",
              "runs": {
                "batter": 2,
                "extras": 0,
                "total": 2
              }
            },
            {
              "batter": "CM Gough",
              "bowler": "K Fraser",
              "non_striker": "A Bierwisch",
              "runs": {
                "batter": 1,
                "extras": 0,
                "total": 1
              }
            },
            {
              "batter": "A Bierwisch",
              "bowler": "K Fraser",
              "non_striker": "CM Gough",
              "runs": {
                "batter": 0,
                "extras": 0,
                "total": 0
              }
            },
            {
              "batter": "A Bierwisch",
              "bowler": "K Fraser",
              "non_striker": "CM Gough",
              "runs": {
                "batter": 1,
                "extras": 0,
                "total": 1
              }
            }
          ]
        },
        {
          "over": 14,
          "deliveries": [
            {
              "batter": "A Bierwisch",
              "bowler": "K McGill",
              "non_striker": "CM Gough",
              "runs": {
                "batter": 0,
                "extras": 0,
                "total": 0
              }
            },
            {
              "batter": "A Bierwisch",
              "bowler": "K McGill",
              "non_striker": "CM Gough",
              "runs": {
                "batter": 0,
                "extras": 0,
                "total": 0
              }
            },
            {
              "batter": "A Bierwisch",
              "bowler": "K McGill",
              "non_striker": "CM Gough",
              "runs": {
                "batter": 1,
                "extras": 0,
                "total": 1
              }
            },
            {
              "batter": "CM Gough",
              "bowler": "K McGill",
              "non_striker": "A Bierwisch",
              "runs": {
                "batter": 1,
                "extras": 0,
                "total": 1
              }
            },
            {
              "batter": "A Bierwisch",
              "bowler": "K McGill",
              "extras": {
                "wides": 2
              },
              "non_striker": "CM Gough",
              "runs": {
                "batter": 0,
                "extras": 2,
                "total": 2
              }
            },
            {
              "batter": "CM Gough",
              "bowler": "K McGill",
              "non_striker": "A Bierwisch",
              "runs": {
                "batter": 0,
                "extras": 0,
                "total": 0
              },
              "wickets": [
                {
                  "kind": "lbw",
                  "player_out": "CM Gough"
                }
              ]
            },
            {
              "batter": "MS Beresford",
              "bowler": "K McGill",
              "non_striker": "A Bierwisch",
              "runs": {
                "batter": 0,
                "extras": 0,
                "total": 0
              }
            }
          ]
        },
        {
          "over": 15,
          "deliveries": [
            {
              "batter": "A Bierwisch",
              "bowler": "RV Scholes",
              "non_striker": "MS Beresford",
              "runs": {
                "batter": 0,
                "extras": 0,
                "total": 0
              }
            },
            {
              "batter": "A Bierwisch",
              "bowler": "RV Scholes",
              "non_striker": "MS Beresford",
              "runs": {
                "batter": 0,
                "extras": 0,
                "total": 0
              }
            },
            {
              "batter": "A Bierwisch",
              "bowler": "RV Scholes",
              "non_striker": "MS Beresford",
              "runs": {
                "batter": 0,
                "extras": 0,
                "total": 0
              }
            },
            {
              "batter": "A Bierwisch",
              "bowler": "RV Scholes",
              "non_striker": "MS Beresford",
              "runs": {
                "batter": 0,
                "extras": 0,
                "total": 0
              }
            },
            {
              "batter": "A Bierwisch",
              "bowler": "RV Scholes",
              "non_striker": "MS Beresford",
              "runs": {
                "batter": 0,
                "extras": 0,
                "total": 0
              }
            },
            {
              "batter": "A Bierwisch",
              "bowler": "RV Scholes",
              "non_striker": "MS Beresford",
              "runs": {
                "batter": 1,
                "extras": 0,
                "total": 1
              }
            }
          ]
        },
        {
          "over": 16,
          "deliveries": [
            {
              "batter": "A Bierwisch",
              "bowler": "KE Bryce",
              "non_striker": "MS Beresford",
              "runs": {
                "batter": 0,
                "extras": 0,
                "total": 0
              }
            },
            {
              "batter": "A Bierwisch",
              "bowler": "KE Bryce",
              "non_striker": "MS Beresford",
              "runs": {
                "batter": 0,
                "extras": 0,
                "total": 0
              }
            },
            {
              "batter": "A Bierwisch",
              "bowler": "KE Bryce",
              "non_striker": "MS Beresford",
              "runs": {
                "batter": 0,
                "extras": 0,
                "total": 0
              }
            },
            {
              "batter": "A Bierwisch",
              "bowler": "KE Bryce",
              "non_striker": "MS Beresford",
              "runs": {
                "batter": 0,
                "extras": 0,
                "total": 0
              }
            },
            {
              "batter": "A Bierwisch",
              "bowler": "KE Bryce",
              "non_striker": "MS Beresford",
              "runs": {
                "batter": 0,
                "extras": 0,
                "total": 0
              }
            },
            {
              "batter": "A Bierwisch",
              "bowler": "KE Bryce",
              "non_striker": "MS Beresford",
              "runs": {
                "batter": 0,
                "extras": 0,
                "total": 0
              }
            }
          ]
        },
        {
          "over": 17,
          "deliveries": [
            {
              "batter": "MS Beresford",
              "bowler": "K McGill",
              "non_striker": "A Bierwisch",
              "runs": {
                "batter": 0,
                "extras": 0,
                "total": 0
              }
            },
            {
              "batter": "MS Beresford",
              "bowler": "K McGill",
              "non_striker": "A Bierwisch",
              "runs": {
                "batter": 0,
                "extras": 0,
                "total": 0
              }
            },
            {
              "batter": "MS Beresford",
              "bowler": "K McGill",
              "non_striker": "A Bierwisch",
              "runs": {
                "batter": 2,
                "extras": 0,
                "total": 2
              }
            },
            {
              "batter": "MS Beresford",
              "bowler": "K McGill",
              "non_striker": "A Bierwisch",
              "runs": {
                "batter": 0,
                "extras": 0,
                "total": 0
              }
            },
            {
              "batter": "MS Beresford",
              "bowler": "K McGill",
              "non_striker": "A Bierwisch",
              "runs": {
                "batter": 0,
                "extras": 0,
                "total": 0
              }
            },
            {
              "batter": "MS Beresford",
              "bowler": "K McGill",
              "non_striker": "A Bierwisch",
              "runs": {
                "batter": 0,
                "extras": 0,
                "total": 0
              }
            }
          ]
        },
        {
          "over": 18,
          "deliveries": [
            {
              "batter": "A Bierwisch",
              "bowler": "KE Bryce",
              "non_striker": "MS Beresford",
              "runs": {
                "batter": 0,
                "extras": 0,
                "total": 0
              }
            },
            {
              "batter": "A Bierwisch",
              "bowler": "KE Bryce",
              "non_striker": "MS Beresford",
              "runs": {
                "batter": 0,
                "extras": 0,
                "total": 0
              }
            },
            {
              "batter": "A Bierwisch",
              "bowler": "KE Bryce",
              "non_striker": "MS Beresford",
              "runs": {
                "batter": 1,
                "extras": 0,
                "total": 1
              }
            },
            {
              "batter": "MS Beresford",
              "bowler": "KE Bryce",
              "non_striker": "A Bierwisch",
              "runs": {
                "batter": 0,
                "extras": 0,
                "total": 0
              }
            },
            {
              "batter": "MS Beresford",
              "bowler": "KE Bryce",
              "non_striker": "A Bierwisch",
              "runs": {
                "batter": 0,
                "extras": 0,
                "total": 0
              }
            },
            {
              "batter": "MS Beresford",
              "bowler": "KE Bryce",
              "non_striker": "A Bierwisch",
              "runs": {
                "batter": 0,
                "extras": 0,
                "total": 0
              }
            }
          ]
        },
        {
          "over": 19,
          "deliveries": [
            {
              "batter": "A Bierwisch",
              "bowler": "K McGill",
              "non_striker": "MS Beresford",
              "runs": {
                "batter": 2,
                "extras": 0,
                "total": 2
              }
            },
            {
              "batter": "A Bierwisch",
              "bowler": "K McGill",
              "non_striker": "MS Beresford",
              "runs": {
                "batter": 1,
                "extras": 0,
                "total": 1
              }
            },
            {
              "batter": "MS Beresford",
              "bowler": "K McGill",
              "non_striker": "A Bierwisch",
              "runs": {
                "batter": 0,
                "extras": 0,
                "total": 0
              }
            },
            {
              "batter": "MS Beresford",
              "bowler": "K McGill",
              "non_striker": "A Bierwisch",
              "runs": {
                "batter": 0,
                "extras": 0,
                "total": 0
              },
              "wickets": [
                {
                  "kind": "caught",
                  "player_out": "MS Beresford",
                  "fielders": [
                    {
                      "name": "K Fraser"
                    }
                  ]
                }
              ]
            },
            {
              "batter": "A Bierwisch",
              "bowler": "K McGill",
              "non_striker": "A Meyenborg",
              "runs": {
                "batter": 0,
                "extras": 0,
                "total": 0
              }
            },
            {
              "batter": "A Bierwisch",
              "bowler": "K McGill",
              "non_striker": "A Meyenborg",
              "runs": {
                "batter": 2,
                "extras": 0,
                "total": 2
              }
            }
          ]
        }
      ],
      "powerplays": [
        {
          "from": 0.1,
          "to": 5.6,
          "type": "mandatory"
        }
      ],
      "target": {
        "overs": 20,
        "runs": 169
      }
    }
  ]
}