{
  "meta": {
    "data_version": "1.0.0",
    "created": "2019-07-30",
    "revision": 1
  },
  "info": {
    "balls_per_over": 6,
    "city": "Murcia",
    "dates": [
      "2019-06-26"
    ],
    "event": {
      "name": "ICC Women's T20 World Cup Europe Region Qualifier",
      "match_number": 2
    },
    "gender": "female",
    "match_type": "T20",
    "match_type_number": 681,
    "missing": [
      "player_of_match"
    ],
    "officials": {
      "match_referees": [
        "DT Jukes"
      ],
      "reserve_umpires": [
        "R Hassan"
      ],
      "umpires": [
        "AJT Dowdalls",
        "WPM van Liemt"
      ]
    },
    "outcome": {
      "winner": "Netherlands",
      "by": {
        "runs": 7
      }
    },
    "overs": 20,
    "players": {
      "Netherlands": [
        "SL Kalis",
        "HDJ Siegers",
        "D Hannema",
        "M Veringmeier",
        "R Rijke",
        "B de Leede",
        "J Post",
        "HWA Landheer",
        "C de Lange",
        "IJR Zwilling",
        "S Siegers"
      ],
      "Scotland": [
        "SJ Bryce",
        "L Jack",
        "KE Bryce",
        "RS Glen",
        "RV Scholes",
        "PA Chatterji",
        "K McGill",
        "RK Willis",
        "M McColl",
        "S Haggo",
        "AH Maqsood"
      ]
    },
    "registry": {
      "people": {
        "AH Maqsood": "f61e2829",
        "AJT Dowdalls": "f06852e3",
        "B de Leede": "b3020075",
        "C de Lange": "c6a019f5",
        "D Hannema": "2b654eb0",
        "DT Jukes": "7c215d14",
        "HDJ Siegers": "6d48df01",
        "HWA Landheer": "a6ec88f4",
        "IJR Zwilling": "47b32a5a",
        "J Post": "b58b1ae5",
        "K McGill": "bba7558e",
        "KE Bryce": "f13d3eba",
        "L Jack": "e565ceb7",
        "M McColl": "d5fa2ab3",
        "M Veringmeier": "3733a317",
        "PA Chatterji": "8e7be59c",
        "R Hassan": "e303d1cc",
        "R Rijke": "42e4b276",
        "RK Willis": "fff4e348",
        "RS Glen": "45c2db15",
        "RV Scholes": "2dc78362",
        "S Haggo": "35230fa3",
        "S Siegers": "9a58f2c8",
        "SJ Bryce": "2ca65aee",
        "SL Kalis": "2b150c6b",
        "WPM van Liemt": "2bd48588"
      }
    },
    "season": "2019",
    "team_type": "international",
    "teams": [
      "Netherlands",
      "Scotland"
    ],
    "toss": {
      "decision": "field",
      "winner": "Scotland"
    },
    "venue": "La Manga Club Top Ground"
  },
  "innings": [
    {
      "team": "Netherlands",
      "overs": [
        {
          "over": 0,
          "deliveries": [
            {
              "batter": "SL Kalis",
              "bowler": "KE Bryce",
              "non_striker": "HDJ Siegers",
              "runs": {
                "batter": 0,
                "extras": 0,
                "total": 0
              }
            },
            {
              "batter": "SL Kalis",
              "bowler": "KE Bryce",
              "non_striker": "HDJ Siegers",
              "runs": {
                "batter": 1,
                "extras": 0,
                "total": 1
              }
            },
            {
              "batter": "HDJ Siegers",
              "bowler": "KE Bryce",
              "non_striker": "SL Kalis",
              "runs": {
                "batter": 1,
                "extras": 0,
                "total": 1
              }
            },
            {
              "batter": "SL Kalis",
              "bowler": "KE Bryce",
              "non_striker": "HDJ Siegers",
              "runs": {
                "batter": 1,
                "extras": 0,
                "total": 1
              }
            },
            {
              "batter": "HDJ Siegers",
              "bowler": "KE Bryce",
              "non_striker": "SL Kalis",
              "runs": {
                "batter": 0,
                "extras": 0,
                "total": 0
              }
            },
            {
              "batter": "HDJ Siegers",
              "bowler": "KE Bryce",
              "non_striker": "SL Kalis",
              "runs": {
                "batter": 4,
                "extras": 0,
                "total": 4
              }
            }
          ]
        },
        {
          "over": 1,
          "deliveries": [
            {
              "batter": "SL Kalis",
              "bowler": "RV Scholes",
              "non_striker": "HDJ Siegers",
              "runs": {
                "batter": 1,
                "extras": 0,
                "total": 1
              }
            },
            {
              "batter": "HDJ Siegers",
              "bowler": "RV Scholes",
              "non_striker": "SL Kalis",
              "runs": {
                "batter": 0,
                "extras": 0,
                "total": 0
              }
            },
            {
              "batter": "HDJ Siegers",
              "bowler": "RV Scholes",
              "non_striker": "SL Kalis",
              "runs": {
                "batter": 1,
                "extras": 0,
                "total": 1
              }
            },
            {
              "batter": "SL Kalis",
              "bowler": "RV Scholes",
              "non_striker": "HDJ Siegers",
              "runs": {
                "batter": 1,
                "extras": 0,
                "total": 1
              }
            },
            {
              "batter": "HDJ Siegers",
              "bowler": "RV Scholes",
              "non_striker": "SL Kalis",
              "runs": {
                "batter": 1,
                "extras": 0,
                "total": 1
              }
            },
            {
              "batter": "SL Kalis",
              "bowler": "RV Scholes",
              "non_striker": "HDJ Siegers",
              "runs": {
                "batter": 0,
                "extras": 0,
                "total": 0
              }
            }
          ]
        },
        {
          "over": 2,
          "deliveries": [
            {
              "batter": "HDJ Siegers",
              "bowler": "KE Bryce",
              "non_striker": "SL Kalis",
              "runs": {
                "batter": 0,
                "extras": 0,
                "total": 0
              }
            },
            {
              "batter": "HDJ Siegers",
              "bowler": "KE Bryce",
              "extras": {
                "legbyes": 2
              },
              "non_striker": "SL Kalis",
              "runs": {
                "batter": 0,
                "extras": 2,
                "total": 2
              }
            },
            {
              "batter": "HDJ Siegers",
              "bowler": "KE Bryce",
              "non_striker": "SL Kalis",
              "runs": {
                "batter": 0,
                "extras": 0,
                "total": 0
              }
            },
            {
              "batter": "HDJ Siegers",
              "bowler": "KE Bryce",
              "non_striker": "SL Kalis",
              "runs": {
                "batter": 1,
                "extras": 0,
                "total": 1
              }
            },
            {
              "batter": "SL Kalis",
              "bowler": "KE Bryce",
              "non_striker": "HDJ Siegers",
              "runs": {
                "batter": 0,
                "extras": 0,
                "total": 0
              }
            },
            {
              "batter": "SL Kalis",
              "bowler": "KE Bryce",
              "extras": {
                "wides": 1
              },
              "non_striker": "HDJ Siegers",
              "runs": {
                "batter": 0,
                "extras": 1,
                "total": 1
              }
            },
            {
              "batter": "SL Kalis",
              "bowler": "KE Bryce",
              "extras": {
                "wides": 1
              },
              "non_striker": "HDJ Siegers",
              "runs": {
                "batter": 0,
                "extras": 1,
                "total": 1
              }
            },
            {
              "batter": "SL Kalis",
              "bowler": "KE Bryce",
              "non_striker": "HDJ Siegers",
              "runs": {
                "batter": 1,
                "extras": 0,
                "total": 1
              }
            }
          ]
        },
        {
          "over": 3,
          "deliveries": [
            {
              "batter": "SL Kalis",
              "bowler": "RV Scholes",
              "non_striker": "HDJ Siegers",
              "runs": {
                "batter": 2,
                "extras": 0,
                "total": 2
              }
            },
            {
              "batter": "SL Kalis",
              "bowler": "RV Scholes",
              "non_striker": "HDJ Siegers",
              "runs": {
                "batter": 0,
                "extras": 0,
                "total": 0
              }
            },
            {
              "batter": "SL Kalis",
              "bowler": "RV Scholes",
              "non_striker": "HDJ Siegers",
              "runs": {
                "batter": 0,
                "extras": 0,
                "total": 0
              }
            },
            {
              "batter": "SL Kalis",
              "bowler": "RV Scholes",
              "non_striker": "HDJ Siegers",
              "runs": {
                "batter": 2,
                "extras": 0,
                "total": 2
              }
            },
            {
              "batter": "SL Kalis",
              "bowler": "RV Scholes",
              "non_striker": "HDJ Siegers",
              "runs": {
                "batter": 0,
                "extras": 0,
                "total": 0
              }
            },
            {
              "batter": "SL Kalis",
              "bowler": "RV Scholes",
              "non_striker": "HDJ Siegers",
              "runs": {
                "batter": 2,
                "extras": 0,
                "total": 2
              }
            }
          ]
        },
        {
          "over": 4,
          "deliveries": [
            {
              "batter": "HDJ Siegers",
              "bowler": "PA Chatterji",
              "extras": {
                "wides": 1
              },
              "non_striker": "SL Kalis",
              "runs": {
                "batter": 0,
                "extras": 1,
                "total": 1
              }
            },
            {
              "batter": "HDJ Siegers",
              "bowler": "PA Chatterji",
              "non_striker": "SL Kalis",
              "runs": {
                "batter": 1,
                "extras": 0,
                "total": 1
              }
            },
            {
              "batter": "SL Kalis",
              "bowler": "PA Chatterji",
              "non_striker": "HDJ Siegers",
              "runs": {
                "batter": 0,
                "extras": 0,
                "total": 0
              }
            },
            {
              "batter": "SL Kalis",
              "bowler": "PA Chatterji",
              "non_striker": "HDJ Siegers",
              "runs": {
                "batter": 0,
                "extras": 0,
                "total": 0
              }
            },
            {
              "batter": "SL Kalis",
              "bowler": "PA Chatterji",
              "non_striker": "HDJ Siegers",
              "runs": {
                "batter": 1,
                "extras": 0,
                "total": 1
              }
            },
            {
              "batter": "HDJ Siegers",
              "bowler": "PA Chatterji",
              "non_striker": "SL Kalis",
              "runs": {
                "batter": 1,
                "extras": 0,
                "total": 1
              }
            },
            {
              "batter": "SL Kalis",
              "bowler": "PA Chatterji",
              "non_striker": "HDJ Siegers",
              "runs": {
                "batter": 1,
                "extras": 0,
                "total": 1
              }
            }
          ]
        },
        {
          "over": 5,
          "deliveries": [
            {
              "batter": "SL Kalis",
              "bowler": "M McColl",
              "non_striker": "HDJ Siegers",
              "runs": {
                "batter": 1,
                "extras": 0,
                "total": 1
              }
            },
            {
              "batter": "HDJ Siegers",
              "bowler": "M McColl",
              "non_striker": "SL Kalis",
              "runs": {
                "batter": 0,
                "extras": 0,
                "total": 0
              }
            },
            {
              "batter": "HDJ Siegers",
              "bowler": "M McColl",
              "non_striker": "SL Kalis",
              "runs": {
                "batter": 2,
                "extras": 0,
                "total": 2
              }
            },
            {
              "batter": "HDJ Siegers",
              "bowler": "M McColl",
              "non_striker": "SL Kalis",
              "runs": {
                "batter": 2,
                "extras": 0,
                "total": 2
              }
            },
            {
              "batter": "HDJ Siegers",
              "bowler": "M McColl",
              "non_striker": "SL Kalis",
              "runs": {
                "batter": 2,
                "extras": 0,
                "total": 2
              }
            },
            {
              "batter": "HDJ Siegers",
              "bowler": "M McColl",
              "non_striker": "SL Kalis",
              "runs": {
                "batter": 1,
                "extras": 0,
                "total": 1
              }
            }
          ]
        },
        {
          "over": 6,
          "deliveries": [
            {
              "batter": "HDJ Siegers",
              "bowler": "PA Chatterji",
              "non_striker": "SL Kalis",
              "runs": {
                "batter": 1,
                "extras": 0,
                "total": 1
              }
            },
            {
              "batter": "SL Kalis",
              "bowler": "PA Chatterji",
              "non_striker": "HDJ Siegers",
              "runs": {
                "batter": 1,
                "extras": 0,
                "total": 1
              }
            },
            {
              "batter": "HDJ Siegers",
              "bowler": "PA Chatterji",
              "non_striker": "SL Kalis",
              "runs": {
                "batter": 1,
                "extras": 0,
                "total": 1
              }
            },
            {
              "batter": "SL Kalis",
              "bowler": "PA Chatterji",
              "non_striker": "HDJ Siegers",
              "runs": {
                "batter": 1,
                "extras": 0,
                "total": 1
              }
            },
            {
              "batter": "HDJ Siegers",
              "bowler": "PA Chatterji",
              "non_striker": "SL Kalis",
              "runs": {
                "batter": 6,
                "extras": 0,
                "total": 6
              }
            },
            {
              "batter": "HDJ Siegers",
              "bowler": "PA Chatterji",
              "extras": {
                "wides": 1
              },
              "non_striker": "SL Kalis",
              "runs": {
                "batter": 0,
                "extras": 1,
                "total": 1
              }
            },
            {
              "batter": "HDJ Siegers",
              "bowler": "PA Chatterji",
              "non_striker": "SL Kalis",
              "runs": {
                "batter": 0,
                "extras": 0,
                "total": 0
              },
              "wickets": [
                {
                  "kind": "bowled",
                  "player_out": "HDJ Siegers"
                }
              ]
            }
          ]
        },
        {
          "over": 7,
          "deliveries": [
            {
              "batter": "SL Kalis",
              "bowler": "AH Maqsood",
              "non_striker": "D Hannema",
              "runs": {
                "batter": 2,
                "extras": 0,
                "total": 2
              }
            },
            {
              "batter": "SL Kalis",
              "bowler": "AH Maqsood",
              "non_striker": "D Hannema",
              "runs": {
                "batter": 0,
                "extras": 0,
                "total": 0
              }
            },
            {
              "batter": "SL Kalis",
              "bowler": "AH Maqsood",
              "non_striker": "D Hannema",
              "runs": {
                "batter": 0,
                "extras": 0,
                "total": 0
              }
            },
            {
              "batter": "SL Kalis",
              "bowler": "AH Maqsood",
              "non_striker": "D Hannema",
              "runs": {
                "batter": 1,
                "extras": 0,
                "total": 1
              }
            },
            {
              "batter": "D Hannema",
              "bowler": "AH Maqsood",
              "non_striker": "SL Kalis",
              "runs": {
                "batter": 2,
                "extras": 0,
                "total": 2
              }
            },
            {
              "batter": "D Hannema",
              "bowler": "AH Maqsood",
              "non_striker": "SL Kalis",
              "runs": {
                "batter": 1,
                "extras": 0,
                "total": 1
              }
            }
          ]
        },
        {
          "over": 8,
          "deliveries": [
            {
              "batter": "D Hannema",
              "bowler": "S Haggo",
              "non_striker": "SL Kalis",
              "runs": {
                "batter": 0,
                "extras": 0,
                "total": 0
              }
            },
            {
              "batter": "D Hannema",
              "bowler": "S Haggo",
              "non_striker": "SL Kalis",
              "runs": {
                "batter": 1,
                "extras": 0,
                "total": 1
              }
            },
            {
              "batter": "SL Kalis",
              "bowler": "S Haggo",
              "non_striker": "D Hannema",
              "runs": {
                "batter": 0,
                "extras": 0,
                "total": 0
              }
            },
            {
              "batter": "SL Kalis",
              "bowler": "S Haggo",
              "non_striker": "D Hannema",
              "runs": {
                "batter": 1,
                "extras": 0,
                "total": 1
              }
            },
            {
              "batter": "D Hannema",
              "bowler": "S Haggo",
              "non_striker": "SL Kalis",
              "runs": {
                "batter": 2,
                "extras": 0,
                "total": 2
              }
            },
            {
              "batter": "D Hannema",
              "bowler": "S Haggo",
              "non_striker": "SL Kalis",
              "runs": {
                "batter": 1,
                "extras": 0,
                "total": 1
              }
            }
          ]
        },
        {
          "over": 9,
          "deliveries": [
            {
              "batter": "D Hannema",
              "bowler": "AH Maqsood",
              "non_striker": "SL Kalis",
              "runs": {
                "batter": 1,
                "extras": 0,
                "total": 1
              }
            },
            {
              "batter": "SL Kalis",
              "bowler": "AH Maqsood",
              "non_striker": "D Hannema",
              "runs": {
                "batter": 2,
                "extras": 0,
                "total": 2
              }
            },
            {
              "batter": "SL Kalis",
              "bowler": "AH Maqsood",
              "non_striker": "D Hannema",
              "runs": {
                "batter": 1,
                "extras": 0,
                "total": 1
              }
            },
            {
              "batter": "D Hannema",
              "bowler": "AH Maqsood",
              "non_striker": "SL Kalis",
              "runs": {
                "batter": 4,
                "extras": 0,
                "total": 4
              }
            },
            {
              "batter": "D Hannema",
              "bowler": "AH Maqsood",
              "non_striker": "SL Kalis",
              "runs": {
                "batter": 1,
                "extras": 0,
                "total": 1
              }
            },
            {
              "batter": "SL Kalis",
              "bowler": "AH Maqsood",
              "non_striker": "D Hannema",
              "runs": {
                "batter": 1,
                "extras": 0,
                "total": 1
              }
            }
          ]
        },
        {
          "over": 10,
          "deliveries": [
            {
              "batter": "SL Kalis",
              "bowler": "S Haggo",
              "non_striker": "D Hannema",
              "runs": {
                "batter": 0,
                "extras": 0,
                "total": 0
              },
              "wickets": [
                {
                  "kind": "caught",
                  "player_out": "SL Kalis",
                  "fielders": [
                    {
                      "name": "PA Chatterji"
                    }
                  ]
                }
              ]
            },
            {
              "batter": "M Veringmeier",
              "bowler": "S Haggo",
              "non_striker": "D Hannema",
              "runs": {
                "batter": 1,
                "extras": 0,
                "total": 1
              }
            },
            {
              "batter": "D Hannema",
              "bowler": "S Haggo",
              "non_striker": "M Veringmeier",
              "runs": {
                "batter": 1,
                "extras": 0,
                "total": 1
              }
            },
            {
              "batter": "M Veringmeier",
              "bowler": "S Haggo",
              "non_striker": "D Hannema",
              "runs": {
                "batter": 0,
                "extras": 0,
                "total": 0
              }
            },
            {
              "batter": "M Veringmeier",
              "bowler": "S Haggo",
              "non_striker": "D Hannema",
              "runs": {
                "batter": 1,
                "extras": 0,
                "total": 1
              }
            },
            {
              "batter": "D Hannema",
              "bowler": "S Haggo",
              "non_striker": "M Veringmeier",
              "runs": {
                "batter": 1,
                "extras": 0,
                "total": 1
              }
            }
          ]
        },
        {
          "over": 11,
          "deliveries": [
            {
              "batter": "D Hannema",
              "bowler": "PA Chatterji",
              "non_striker": "M Veringmeier",
              "runs": {
                "batter": 0,
                "extras": 0,
                "total": 0
              }
            },
            {
              "batter": "D Hannema",
              "bowler": "PA Chatterji",
              "non_striker": "M Veringmeier",
              "runs": {
                "batter": 0,
                "extras": 0,
                "total": 0
              }
            },
            {
              "batter": "D Hannema",
              "bowler": "PA Chatterji",
              "non_striker": "M Veringmeier",
              "runs": {
                "batter": 1,
                "extras": 0,
                "total": 1
              }
            },
            {
              "batter": "M Veringmeier",
              "bowler": "PA Chatterji",
              "non_striker": "D Hannema",
              "runs": {
                "batter": 1,
                "extras": 0,
                "total": 1
              }
            },
            {
              "batter": "D Hannema",
              "bowler": "PA Chatterji",
              "non_striker": "M Veringmeier",
              "runs": {
                "batter": 0,
                "extras": 0,
                "total": 0
              }
            },
            {
              "batter": "D Hannema",
              "bowler": "PA Chatterji",
              "non_striker": "M Veringmeier",
              "runs": {
                "batter": 1,
                "extras": 0,
                "total": 1
              }
            }
          ]
        },
        {
          "over": 12,
          "deliveries": [
            {
              "batter": "D Hannema",
              "bowler": "S Haggo",
              "non_striker": "M Veringmeier",
              "runs": {
                "batter": 0,
                "extras": 0,
                "total": 0
              }
            },
            {
              "batter": "D Hannema",
              "bowler": "S Haggo",
              "non_striker": "M Veringmeier",
              "runs": {
                "batter": 1,
                "extras": 0,
                "total": 1
              }
            },
            {
              "batter": "M Veringmeier",
              "bowler": "S Haggo",
              "non_striker": "D Hannema",
              "runs": {
                "batter": 0,
                "extras": 0,
                "total": 0
              }
            },
            {
              "batter": "M Veringmeier",
              "bowler": "S Haggo",
              "non_striker": "D Hannema",
              "runs": {
                "batter": 4,
                "extras": 0,
                "total": 4
              }
            },
            {
              "batter": "M Veringmeier",
              "bowler": "S Haggo",
              "non_striker": "D Hannema",
              "runs": {
                "batter": 0,
                "extras": 0,
                "total": 0
              },
              "wickets": [
                {
                  "kind": "caught",
                  "player_out": "M Veringmeier",
                  "fielders": [
                    {
                      "name": "AH Maqsood"
                    }
                  ]
                }
              ]
            },
            {
              "batter": "R Rijke",
              "bowler": "S Haggo",
              "non_striker": "D Hannema",
              "runs": {
                "batter": 1,
                "extras": 0,
                "total": 1
              }
            }
          ]
        },
        {
          "over": 13,
          "deliveries": [
            {
              "batter": "R Rijke",
              "bowler": "PA Chatterji",
              "extras": {
                "wides": 1
              },
              "non_striker": "D Hannema",
              "runs": {
                "batter": 0,
                "extras": 1,
                "total": 1
              }
            },
            {
              "batter": "R Rijke",
              "bowler": "PA Chatterji",
              "non_striker": "D Hannema",
              "runs": {
                "batter": 1,
                "extras": 0,
                "total": 1
              }
            },
            {
              "batter": "D Hannema",
              "bowler": "PA Chatterji",
              "non_striker": "R Rijke",
              "runs": {
                "batter": 0,
                "extras": 0,
                "total": 0
              }
            },
            {
              "batter": "D Hannema",
              "bowler": "PA Chatterji",
              "non_striker": "R Rijke",
              "runs": {
                "batter": 1,
                "extras": 0,
                "total": 1
              }
            },
            {
              "batter": "R Rijke",
              "bowler": "PA Chatterji",
              "non_striker": "D Hannema",
              "runs": {
                "batter": 1,
                "extras": 0,
                "total": 1
              }
            },
            {
              "batter": "D Hannema",
              "bowler": "PA Chatterji",
              "non_striker": "R Rijke",
              "runs": {
                "batter": 2,
                "extras": 0,
                "total": 2
              }
            },
            {
              "batter": "D Hannema",
              "bowler": "PA Chatterji",
              "non_striker": "R Rijke",
              "runs": {
                "batter": 0,
                "extras": 0,
                "total": 0
              }
            }
          ]
        },
        {
          "over": 14,
          "deliveries": [
            {
              "batter": "R Rijke",
              "bowler": "RV Scholes",
              "non_striker": "D Hannema",
              "runs": {
                "batter": 1,
                "extras": 0,
                "total": 1
              }
            },
            {
              "batter": "D Hannema",
              "bowler": "RV Scholes",
              "non_striker": "R Rijke",
              "runs": {
                "batter": 1,
                "extras": 0,
                "total": 1
              }
            },
            {
              "batter": "R Rijke",
              "bowler": "RV Scholes",
              "non_striker": "D Hannema",
              "runs": {
                "batter": 1,
                "extras": 0,
                "total": 1
              }
            },
            {
              "batter": "D Hannema",
              "bowler": "RV Scholes",
              "non_striker": "R Rijke",
              "runs": {
                "batter": 1,
                "extras": 0,
                "total": 1
              }
            },
            {
              "batter": "R Rijke",
              "bowler": "RV Scholes",
              "non_striker": "D Hannema",
              "runs": {
                "batter": 0,
                "extras": 0,
                "total": 0
              },
              "wickets": [
                {
                  "kind": "lbw",
                  "player_out": "R Rijke"
                }
              ]
            },
            {
              "batter": "B de Leede",
              "bowler": "RV Scholes",
              "non_striker": "D Hannema",
              "runs": {
                "batter": 1,
                "extras": 0,
                "total": 1
              }
            },
            {
              "batter": "D Hannema",
              "bowler": "RV Scholes",
              "non_striker": "B de Leede",
              "runs": {
                "batter": 1,
                "extras": 0,
                "total": 1
              }
            }
          ]
        },
        {
          "over": 15,
          "deliveries": [
            {
              "batter": "D Hannema",
              "bowler": "AH Maqsood",
              "non_striker": "B de Leede",
              "runs": {
                "batter": 1,
                "extras": 0,
                "total": 1
              }
            },
            {
              "batter": "B de Leede",
              "bowler": "AH Maqsood",
              "non_striker": "D Hannema",
              "runs": {
                "batter": 0,
                "extras": 0,
                "total": 0
              }
            },
            {
              "batter": "B de Leede",
              "bowler": "AH Maqsood",
              "non_striker": "D Hannema",
              "runs": {
                "batter": 1,
                "extras": 0,
                "total": 1
              }
            },
            {
              "batter": "D Hannema",
              "bowler": "AH Maqsood",
              "non_striker": "B de Leede",
              "runs": {
                "batter": 1,
                "extras": 0,
                "total": 1
              }
            },
            {
              "batter": "B de Leede",
              "bowler": "AH Maqsood",
              "non_striker": "D Hannema",
              "runs": {
                "batter": 1,
                "extras": 0,
                "total": 1
              }
            },
            {
              "batter": "D Hannema",
              "bowler": "AH Maqsood",
              "non_striker": "B de Leede",
              "runs": {
                "batter": 2,
                "extras": 0,
                "total": 2
              }
            }
          ]
        },
        {
          "over": 16,
          "deliveries": [
            {
              "batter": "B de Leede",
              "bowler": "RV Scholes",
              "non_striker": "D Hannema",
              "runs": {
                "batter": 1,
                "extras": 0,
                "total": 1
              }
            },
            {
              "batter": "D Hannema",
              "bowler": "RV Scholes",
              "non_striker": "B de Leede",
              "runs": {
                "batter": 2,
                "extras": 0,
                "total": 2
              }
            },
            {
              "batter": "D Hannema",
              "bowler": "RV Scholes",
              "non_striker": "B de Leede",
              "runs": {
                "batter": 1,
                "extras": 0,
                "total": 1
              }
            },
            {
              "batter": "B de Leede",
              "bowler": "RV Scholes",
              "non_striker": "D Hannema",
              "runs": {
                "batter": 1,
                "extras": 0,
                "total": 1
              }
            },
            {
              "batter": "D Hannema",
              "bowler": "RV Scholes",
              "extras": {
                "noballs": 1
              },
              "non_striker": "B de Leede",
              "runs": {
                "batter": 4,
                "extras": 1,
                "total": 5
              }
            },
            {
              "batter": "D Hannema",
              "bowler": "RV Scholes",
              "non_striker": "B de Leede",
              "runs": {
                "batter": 0,
                "extras": 0,
                "total": 0
              }
            },
            {
              "batter": "D Hannema",
              "bowler": "RV Scholes",
              "non_striker": "B de Leede",
              "runs": {
                "batter": 0,
                "extras": 0,
                "total": 0
              },
              "wickets": [
                {
                  "kind": "caught",
                  "player_out": "D Hannema",
                  "fielders": [
                    {
                      "name": "AH Maqsood"
                    }
                  ]
                }
              ]
            }
          ]
        },
        {
          "over": 17,
          "deliveries": [
            {
              "batter": "B de Leede",
              "bowler": "K McGill",
              "non_striker": "J Post",
              "runs": {
                "batter": 2,
                "extras": 0,
                "total": 2
              }
            },
            {
              "batter": "B de Leede",
              "bowler": "K McGill",
              "non_striker": "J Post",
              "runs": {
                "batter": 0,
                "extras": 0,
                "total": 0
              }
            },
            {
              "batter": "B de Leede",
              "bowler": "K McGill",
              "non_striker": "J Post",
              "runs": {
                "batter": 2,
                "extras": 0,
                "total": 2
              }
            },
            {
              "batter": "B de Leede",
              "bowler": "K McGill",
              "non_striker": "J Post",
              "runs": {
                "batter": 1,
                "extras": 0,
                "total": 1
              }
            },
            {
              "batter": "J Post",
              "bowler": "K McGill",
              "extras": {
                "legbyes": 1
              },
              "non_striker": "B de Leede",
              "runs": {
                "batter": 0,
                "extras": 1,
                "total": 1
              }
            },
            {
              "batter": "B de Leede",
              "bowler": "K McGill",
              "non_striker": "J Post",
              "runs": {
                "batter": 0,
                "extras": 0,
                "total": 0
              }
            }
          ]
        },
        {
          "over": 18,
          "deliveries": [
            {
              "batter": "J Post",
              "bowler": "KE Bryce",
              "non_striker": "B de Leede",
              "runs": {
                "batter": 1,
                "extras": 0,
                "total": 1
              }
            },
            {
              "batter": "B de Leede",
              "bowler": "KE Bryce",
              "extras": {
                "wides": 1
              },
              "non_striker": "J Post",
              "runs": {
                "batter": 0,
                "extras": 1,
                "total": 1
              }
            },
            {
              "batter": "B de Leede",
              "bowler": "KE Bryce",
              "non_striker": "J Post",
              "runs": {
                "batter": 0,
                "extras": 0,
                "total": 0
              }
            },
            {
              "batter": "B de Leede",
              "bowler": "KE Bryce",
              "non_striker": "J Post",
              "runs": {
                "batter": 0,
                "extras": 0,
                "total": 0
              }
            },
            {
              "batter": "B de Leede",
              "bowler": "KE Bryce",
              "non_striker": "J Post",
              "runs": {
                "batter": 1,
                "extras": 0,
                "total": 1
              }
            },
            {
              "batter": "J Post",
              "bowler": "KE Bryce",
              "non_striker": "B de Leede",
              "runs": {
                "batter": 0,
                "extras": 0,
                "total": 0
              }
            },
            {
              "batter": "J Post",
              "bowler": "KE Bryce",
              "non_striker": "B de Leede",
              "runs": {
                "batter": 1,
                "extras": 0,
                "total": 1
              }
            }
          ]
        },
        {
          "over": 19,
          "deliveries": [
            {
              "batter": "J Post",
              "bowler": "K McGill",
              "non_striker": "B de Leede",
              "runs": {
                "batter": 1,
                "extras": 0,
                "total": 1
              }
            },
            {
              "batter": "B de Leede",
              "bowler": "K McGill",
              "non_striker": "J Post",
              "runs": {
                "batter": 1,
                "extras": 0,
                "total": 1
              }
            },
            {
              "batter": "J Post",
              "bowler": "K McGill",
              "non_striker": "B de Leede",
              "runs": {
                "batter": 0,
                "extras": 0,
                "total": 0
              },
              "wickets": [
                {
                  "kind": "caught",
                  "player_out": "J Post",
                  "fielders": [
                    {
                      "name": "SJ Bryce"
                    }
                  ]
                }
              ]
            },
            {
              "batter": "HWA Landheer",
              "bowler": "K McGill",
              "non_striker": "B de Leede",
              "runs": {
                "batter": 1,
                "extras": 0,
                "total": 1
              }
            },
            {
              "batter": "B de Leede",
              "bowler": "K McGill",
              "non_striker": "HWA Landheer",
              "runs": {
                "batter": 1,
                "extras": 0,
                "total": 1
              },
              "wickets": [
                {
                  "kind": "run out",
                  "player_out": "HWA Landheer"
                }
              ]
            },
            {
              "batter": "B de Leede",
              "bowler": "K McGill",
              "non_striker": "C de Lange",
              "runs": {
                "batter": 0,
                "extras": 0,
                "total": 0
              },
              "wickets": [
                {
                  "kind": "stumped",
                  "player_out": "B de Leede",
                  "fielders": [
                    {
                      "name": "SJ Bryce"
                    }
                  ]
                }
              ]
            }
          ]
        }
      ],
      "powerplays": [
        {
          "from": 0.1,
          "to": 5.6,
          "type": "mandatory"
        }
      ],
      "miscounted_overs": {
        "14": {
          "balls": 7,
          "umpire": "AJT Dowdalls"
        }
      }
    },
    {
      "team": "Scotland",
      "overs": [
        {
          "over": 0,
          "deliveries": [
            {
              "batter": "SJ Bryce",
              "bowler": "IJR Zwilling",
              "non_striker": "L Jack",
              "runs": {
                "batter": 2,
                "extras": 0,
                "total": 2
              }
            },
            {
              "batter": "SJ Bryce",
              "bowler": "IJR Zwilling",
              "non_striker": "L Jack",
              "runs": {
                "batter": 0,
                "extras": 0,
                "total": 0
              }
            },
            {
              "batter": "SJ Bryce",
              "bowler": "IJR Zwilling",
              "extras": {
                "wides": 1
              },
              "non_striker": "L Jack",
              "runs": {
                "batter": 0,
                "extras": 1,
                "total": 1
              }
            },
            {
              "batter": "SJ Bryce",
              "bowler": "IJR Zwilling",
              "non_striker": "L Jack",
              "runs": {
                "batter": 1,
                "extras": 0,
                "total": 1
              }
            },
            {
              "batter": "L Jack",
              "bowler": "IJR Zwilling",
              "non_striker": "SJ Bryce",
              "runs": {
                "batter": 1,
                "extras": 0,
                "total": 1
              }
            },
            {
              "batter": "SJ Bryce",
              "bowler": "IJR Zwilling",
              "non_striker": "L Jack",
              "runs": {
                "batter": 2,
                "extras": 0,
                "total": 2
              }
            },
            {
              "batter": "SJ Bryce",
              "bowler": "IJR Zwilling",
              "non_striker": "L Jack",
              "runs": {
                "batter": 4,
                "extras": 0,
                "total": 4
              }
            }
          ]
        },
        {
          "over": 1,
          "deliveries": [
            {
              "batter": "L Jack",
              "bowler": "HWA Landheer",
              "non_striker": "SJ Bryce",
              "runs": {
                "batter": 0,
                "extras": 0,
                "total": 0
              }
            },
            {
              "batter": "L Jack",
              "bowler": "HWA Landheer",
              "non_striker": "SJ Bryce",
              "runs": {
                "batter": 1,
                "extras": 0,
                "total": 1
              }
            },
            {
              "batter": "SJ Bryce",
              "bowler": "HWA Landheer",
              "extras": {
                "wides": 2
              },
              "non_striker": "L Jack",
              "runs": {
                "batter": 0,
                "extras": 2,
                "total": 2
              }
            },
            {
              "batter": "L Jack",
              "bowler": "HWA Landheer",
              "non_striker": "SJ Bryce",
              "runs": {
                "batter": 0,
                "extras": 0,
                "total": 0
              }
            },
            {
              "batter": "L Jack",
              "bowler": "HWA Landheer",
              "non_striker": "SJ Bryce",
              "runs": {
                "batter": 0,
                "extras": 0,
                "total": 0
              }
            },
            {
              "batter": "L Jack",
              "bowler": "HWA Landheer",
              "non_striker": "SJ Bryce",
              "runs": {
                "batter": 0,
                "extras": 0,
                "total": 0
              }
            },
            {
              "batter": "L Jack",
              "bowler": "HWA Landheer",
              "extras": {
                "wides": 1
              },
              "non_striker": "SJ Bryce",
              "runs": {
                "batter": 0,
                "extras": 1,
                "total": 1
              }
            },
            {
              "batter": "L Jack",
              "bowler": "HWA Landheer",
              "extras": {
                "wides": 1
              },
              "non_striker": "SJ Bryce",
              "runs": {
                "batter": 0,
                "extras": 1,
                "total": 1
              }
            },
            {
              "batter": "L Jack",
              "bowler": "HWA Landheer",
              "non_striker": "SJ Bryce",
              "runs": {
                "batter": 0,
                "extras": 0,
                "total": 0
              }
            }
          ]
        },
        {
          "over": 2,
          "deliveries": [
            {
              "batter": "SJ Bryce",
              "bowler": "IJR Zwilling",
              "non_striker": "L Jack",
              "runs": {
                "batter": 1,
                "extras": 0,
                "total": 1
              }
            },
            {
              "batter": "L Jack",
              "bowler": "IJR Zwilling",
              "non_striker": "SJ Bryce",
              "runs": {
                "batter": 2,
                "extras": 0,
                "total": 2
              }
            },
            {
              "batter": "L Jack",
              "bowler": "IJR Zwilling",
              "extras": {
                "wides": 2
              },
              "non_striker": "SJ Bryce",
              "runs": {
                "batter": 0,
                "extras": 2,
                "total": 2
              }
            },
            {
              "batter": "SJ Bryce",
              "bowler": "IJR Zwilling",
              "non_striker": "L Jack",
              "runs": {
                "batter": 0,
                "extras": 0,
                "total": 0
              }
            },
            {
              "batter": "SJ Bryce",
              "bowler": "IJR Zwilling",
              "non_striker": "L Jack",
              "runs": {
                "batter": 2,
                "extras": 0,
                "total": 2
              }
            },
            {
              "batter": "SJ Bryce",
              "bowler": "IJR Zwilling",
              "extras": {
                "wides": 1
              },
              "non_striker": "L Jack",
              "runs": {
                "batter": 0,
                "extras": 1,
                "total": 1
              }
            },
            {
              "batter": "SJ Bryce",
              "bowler": "IJR Zwilling",
              "non_striker": "L Jack",
              "runs": {
                "batter": 1,
                "extras": 0,
                "total": 1
              }
            },
            {
              "batter": "L Jack",
              "bowler": "IJR Zwilling",
              "non_striker": "SJ Bryce",
              "runs": {
                "batter": 1,
                "extras": 0,
                "total": 1
              }
            }
          ]
        },
        {
          "over": 3,
          "deliveries": [
            {
              "batter": "L Jack",
              "bowler": "HWA Landheer",
              "extras": {
                "noballs": 1
              },
              "non_striker": "SJ Bryce",
              "runs": {
                "batter": 0,
                "extras": 1,
                "total": 1
              }
            },
            {
              "batter": "L Jack",
              "bowler": "HWA Landheer",
              "non_striker": "SJ Bryce",
              "runs": {
                "batter": 0,
                "extras": 0,
                "total": 0
              }
            },
            {
              "batter": "L Jack",
              "bowler": "HWA Landheer",
              "non_striker": "SJ Bryce",
              "runs": {
                "batter": 2,
                "extras": 0,
                "total": 2
              }
            },
            {
              "batter": "L Jack",
              "bowler": "HWA Landheer",
              "extras": {
                "wides": 1
              },
              "non_striker": "SJ Bryce",
              "runs": {
                "batter": 0,
                "extras": 1,
                "total": 1
              }
            },
            {
              "batter": "L Jack",
              "bowler": "HWA Landheer",
              "non_striker": "SJ Bryce",
              "runs": {
                "batter": 1,
                "extras": 0,
                "total": 1
              }
            },
            {
              "batter": "SJ Bryce",
              "bowler": "HWA Landheer",
              "non_striker": "L Jack",
              "runs": {
                "batter": 0,
                "extras": 0,
                "total": 0
              }
            },
            {
              "batter": "SJ Bryce",
              "bowler": "HWA Landheer",
              "non_striker": "L Jack",
              "runs": {
                "batter": 1,
                "extras": 0,
                "total": 1
              }
            },
            {
              "batter": "L Jack",
              "bowler": "HWA Landheer",
              "non_striker": "SJ Bryce",
              "runs": {
                "batter": 0,
                "extras": 0,
                "total": 0
              },
              "wickets": [
                {
                  "kind": "caught",
                  "player_out": "L Jack",
                  "fielders": [
                    {
                      "name": "J Post"
                    }
                  ]
                }
              ]
            }
          ]
        },
        {
          "over": 4,
          "deliveries": [
            {
              "batter": "SJ Bryce",
              "bowler": "C de Lange",
              "non_striker": "KE Bryce",
              "runs": {
                "batter": 0,
                "extras": 0,
                "total": 0
              }
            },
            {
              "batter": "SJ Bryce",
              "bowler": "C de Lange",
              "non_striker": "KE Bryce",
              "runs": {
                "batter": 0,
                "extras": 0,
                "total": 0
              }
            },
            {
              "batter": "SJ Bryce",
              "bowler": "C de Lange",
              "non_striker": "KE Bryce",
              "runs": {
                "batter": 1,
                "extras": 0,
                "total": 1
              }
            },
            {
              "batter": "KE Bryce",
              "bowler": "C de Lange",
              "non_striker": "SJ Bryce",
              "runs": {
                "batter": 0,
                "extras": 0,
                "total": 0
              }
            },
            {
              "batter": "KE Bryce",
              "bowler": "C de Lange",
              "non_striker": "SJ Bryce",
              "runs": {
                "batter": 0,
                "extras": 0,
                "total": 0
              }
            },
            {
              "batter": "KE Bryce",
              "bowler": "C de Lange",
              "non_striker": "SJ Bryce",
              "runs": {
                "batter": 0,
                "extras": 0,
                "total": 0
              }
            }
          ]
        },
        {
          "over": 5,
          "deliveries": [
            {
              "batter": "SJ Bryce",
              "bowler": "HDJ Siegers",
              "non_striker": "KE Bryce",
              "runs": {
                "batter": 0,
                "extras": 0,
                "total": 0
              }
            },
            {
              "batter": "SJ Bryce",
              "bowler": "HDJ Siegers",
              "non_striker": "KE Bryce",
              "runs": {
                "batter": 1,
                "extras": 0,
                "total": 1
              }
            },
            {
              "batter": "KE Bryce",
              "bowler": "HDJ Siegers",
              "non_striker": "SJ Bryce",
              "runs": {
                "batter": 0,
                "extras": 0,
                "total": 0
              }
            },
            {
              "batter": "KE Bryce",
              "bowler": "HDJ Siegers",
              "non_striker": "SJ Bryce",
              "runs": {
                "batter": 0,
                "extras": 0,
                "total": 0
              }
            },
            {
              "batter": "KE Bryce",
              "bowler": "HDJ Siegers",
              "non_striker": "SJ Bryce",
              "runs": {
                "batter": 0,
                "extras": 0,
                "total": 0
              }
            },
            {
              "batter": "KE Bryce",
              "bowler": "HDJ Siegers",
              "non_striker": "SJ Bryce",
              "runs": {
                "batter": 1,
                "extras": 0,
                "total": 1
              }
            }
          ]
        },
        {
          "over": 6,
          "deliveries": [
            {
              "batter": "KE Bryce",
              "bowler": "C de Lange",
              "non_striker": "SJ Bryce",
              "runs": {
                "batter": 1,
                "extras": 0,
                "total": 1
              }
            },
            {
              "batter": "SJ Bryce",
              "bowler": "C de Lange",
              "non_striker": "KE Bryce",
              "runs": {
                "batter": 2,
                "extras": 0,
                "total": 2
              }
            },
            {
              "batter": "SJ Bryce",
              "bowler": "C de Lange",
              "non_striker": "KE Bryce",
              "runs": {
                "batter": 2,
                "extras": 0,
                "total": 2
              }
            },
            {
              "batter": "SJ Bryce",
              "bowler": "C de Lange",
              "non_striker": "KE Bryce",
              "runs": {
                "batter": 1,
                "extras": 0,
                "total": 1
              }
            },
            {
              "batter": "KE Bryce",
              "bowler": "C de Lange",
              "non_striker": "SJ Bryce",
              "runs": {
                "batter": 0,
                "extras": 0,
                "total": 0
              },
              "wickets": [
                {
                  "kind": "stumped",
                  "player_out": "KE Bryce",
                  "fielders": [
                    {
                      "name": "B de Leede"
                    }
                  ]
                }
              ]
            },
            {
              "batter": "RS Glen",
              "bowler": "C de Lange",
              "extras": {
                "wides": 1
              },
              "non_striker": "SJ Bryce",
              "runs": {
                "batter": 0,
                "extras": 1,
                "total": 1
              }
            },
            {
              "batter": "RS Glen",
              "bowler": "C de Lange",
              "non_striker": "SJ Bryce",
              "runs": {
                "batter": 0,
                "extras": 0,
                "total": 0
              }
            }
          ]
        },
        {
          "over": 7,
          "deliveries": [
            {
              "batter": "SJ Bryce",
              "bowler": "HDJ Siegers",
              "non_striker": "RS Glen",
              "runs": {
                "batter": 0,
                "extras": 0,
                "total": 0
              }
            },
            {
              "batter": "SJ Bryce",
              "bowler": "HDJ Siegers",
              "non_striker": "RS Glen",
              "runs": {
                "batter": 0,
                "extras": 0,
                "total": 0
              }
            },
            {
              "batter": "SJ Bryce",
              "bowler": "HDJ Siegers",
              "non_striker": "RS Glen",
              "runs": {
                "batter": 0,
                "extras": 0,
                "total": 0
              }
            },
            {
              "batter": "SJ Bryce",
              "bowler": "HDJ Siegers",
              "non_striker": "RS Glen",
              "runs": {
                "batter": 0,
                "extras": 0,
                "total": 0
              }
            },
            {
              "batter": "SJ Bryce",
              "bowler": "HDJ Siegers",
              "non_striker": "RS Glen",
              "runs": {
                "batter": 0,
                "extras": 0,
                "total": 0
              }
            },
            {
              "batter": "SJ Bryce",
              "bowler": "HDJ Siegers",
              "non_striker": "RS Glen",
              "runs": {
                "batter": 0,
                "extras": 0,
                "total": 0
              },
              "wickets": [
                {
                  "kind": "caught",
                  "player_out": "SJ Bryce",
                  "fielders": [
                    {
                      "name": "M Veringmeier"
                    }
                  ]
                }
              ]
            }
          ]
        },
        {
          "over": 8,
          "deliveries": [
            {
              "batter": "RS Glen",
              "bowler": "C de Lange",
              "non_striker": "RV Scholes",
              "runs": {
                "batter": 2,
                "extras": 0,
                "total": 2
              }
            },
            {
              "batter": "RS Glen",
              "bowler": "C de Lange",
              "non_striker": "RV Scholes",
              "runs": {
                "batter": 2,
                "extras": 0,
                "total": 2
              }
            },
            {
              "batter": "RS Glen",
              "bowler": "C de Lange",
              "non_striker": "RV Scholes",
              "runs": {
                "batter": 0,
                "extras": 0,
                "total": 0
              }
            },
            {
              "batter": "RS Glen",
              "bowler": "C de Lange",
              "non_striker": "RV Scholes",
              "runs": {
                "batter": 2,
                "extras": 0,
                "total": 2
              }
            },
            {
              "batter": "RS Glen",
              "bowler": "C de Lange",
              "non_striker": "RV Scholes",
              "runs": {
                "batter": 0,
                "extras": 0,
                "total": 0
              }
            },
            {
              "batter": "RS Glen",
              "bowler": "C de Lange",
              "non_striker": "RV Scholes",
              "runs": {
                "batter": 1,
                "extras": 0,
                "total": 1
              }
            }
          ]
        },
        {
          "over": 9,
          "deliveries": [
            {
              "batter": "RS Glen",
              "bowler": "HDJ Siegers",
              "non_striker": "RV Scholes",
              "runs": {
                "batter": 0,
                "extras": 0,
                "total": 0
              }
            },
            {
              "batter": "RS Glen",
              "bowler": "HDJ Siegers",
              "extras": {
                "wides": 1
              },
              "non_striker": "RV Scholes",
              "runs": {
                "batter": 0,
                "extras": 1,
                "total": 1
              }
            },
            {
              "batter": "RS Glen",
              "bowler": "HDJ Siegers",
              "extras": {
                "wides": 1
              },
              "non_striker": "RV Scholes",
              "runs": {
                "batter": 0,
                "extras": 1,
                "total": 1
              }
            },
            {
              "batter": "RS Glen",
              "bowler": "HDJ Siegers",
              "non_striker": "RV Scholes",
              "runs": {
                "batter": 1,
                "extras": 0,
                "total": 1
              }
            },
            {
              "batter": "RV Scholes",
              "bowler": "HDJ Siegers",
              "non_striker": "RS Glen",
              "runs": {
                "batter": 0,
                "extras": 0,
                "total": 0
              }
            },
            {
              "batter": "RV Scholes",
              "bowler": "HDJ Siegers",
              "non_striker": "RS Glen",
              "runs": {
                "batter": 0,
                "extras": 0,
                "total": 0
              }
            },
            {
              "batter": "RV Scholes",
              "bowler": "HDJ Siegers",
              "non_striker": "RS Glen",
              "runs": {
                "batter": 0,
                "extras": 0,
                "total": 0
              }
            },
            {
              "batter": "RV Scholes",
              "bowler": "HDJ Siegers",
              "non_striker": "RS Glen",
              "runs": {
                "batter": 0,
                "extras": 0,
                "total": 0
              }
            }
          ]
        },
        {
          "over": 10,
          "deliveries": [
            {
              "batter": "RS Glen",
              "bowler": "S Siegers",
              "non_striker": "RV Scholes",
              "runs": {
                "batter": 2,
                "extras": 0,
                "total": 2
              }
            },
            {
              "batter": "RS Glen",
              "bowler": "S Siegers",
              "non_striker": "RV Scholes",
              "runs": {
                "batter": 0,
                "extras": 0,
                "total": 0
              }
            },
            {
              "batter": "RS Glen",
              "bowler": "S Siegers",
              "extras": {
                "wides": 1
              },
              "non_striker": "RV Scholes",
              "runs": {
                "batter": 0,
                "extras": 1,
                "total": 1
              }
            },
            {
              "batter": "RS Glen",
              "bowler": "S Siegers",
              "extras": {
                "noballs": 1
              },
              "non_striker": "RV Scholes",
              "runs": {
                "batter": 1,
                "extras": 1,
                "total": 2
              }
            },
            {
              "batter": "RV Scholes",
              "bowler": "S Siegers",
              "non_striker": "RS Glen",
              "runs": {
                "batter": 0,
                "extras": 0,
                "total": 0
              }
            },
            {
              "batter": "RV Scholes",
              "bowler": "S Siegers",
              "non_striker": "RS Glen",
              "runs": {
                "batter": 0,
                "extras": 0,
                "total": 0
              }
            },
            {
              "batter": "RV Scholes",
              "bowler": "S Siegers",
              "non_striker": "RS Glen",
              "runs": {
                "batter": 0,
                "extras": 0,
                "total": 0
              }
            },
            {
              "batter": "RV Scholes",
              "bowler": "S Siegers",
              "non_striker": "RS Glen",
              "runs": {
                "batter": 1,
                "extras": 0,
                "total": 1
              }
            }
          ]
        },
        {
          "over": 11,
          "deliveries": [
            {
              "batter": "RV Scholes",
              "bowler": "SL Kalis",
              "non_striker": "RS Glen",
              "runs": {
                "batter": 1,
                "extras": 0,
                "total": 1
              }
            },
            {
              "batter": "RS Glen",
              "bowler": "SL Kalis",
              "non_striker": "RV Scholes",
              "runs": {
                "batter": 1,
                "extras": 0,
                "total": 1
              }
            },
            {
              "batter": "RV Scholes",
              "bowler": "SL Kalis",
              "non_striker": "RS Glen",
              "runs": {
                "batter": 0,
                "extras": 0,
                "total": 0
              }
            },
            {
              "batter": "RV Scholes",
              "bowler": "SL Kalis",
              "non_striker": "RS Glen",
              "runs": {
                "batter": 0,
                "extras": 0,
                "total": 0
              }
            },
            {
              "batter": "RV Scholes",
              "bowler": "SL Kalis",
              "non_striker": "RS Glen",
              "runs": {
                "batter": 0,
                "extras": 0,
                "total": 0
              }
            },
            {
              "batter": "RV Scholes",
              "bowler": "SL Kalis",
              "extras": {
                "wides": 1
              },
              "non_striker": "RS Glen",
              "runs": {
                "batter": 0,
                "extras": 1,
                "total": 1
              },
              "wickets": [
                {
                  "kind": "stumped",
                  "player_out": "RV Scholes",
                  "fielders": [
                    {
                      "name": "B de Leede"
                    }
                  ]
                }
              ]
            },
            {
              "batter": "PA Chatterji",
              "bowler": "SL Kalis",
              "non_striker": "RS Glen",
              "runs": {
                "batter": 1,
                "extras": 0,
                "total": 1
              }
            }
          ]
        },
        {
          "over": 12,
          "deliveries": [
            {
              "batter": "PA Chatterji",
              "bowler": "S Siegers",
              "non_striker": "RS Glen",
              "runs": {
                "batter": 0,
                "extras": 0,
                "total": 0
              }
            },
            {
              "batter": "PA Chatterji",
              "bowler": "S Siegers",
              "non_striker": "RS Glen",
              "runs": {
                "batter": 1,
                "extras": 0,
                "total": 1
              }
            },
            {
              "batter": "RS Glen",
              "bowler": "S Siegers",
              "non_striker": "PA Chatterji",
              "runs": {
                "batter": 1,
                "extras": 0,
                "total": 1
              }
            },
            {
              "batter": "PA Chatterji",
              "bowler": "S Siegers",
              "extras": {
                "noballs": 1
              },
              "non_striker": "RS Glen",
              "runs": {
                "batter": 1,
                "extras": 1,
                "total": 2
              }
            },
            {
              "batter": "RS Glen",
              "bowler": "S Siegers",
              "non_striker": "PA Chatterji",
              "runs": {
                "batter": 2,
                "extras": 0,
                "total": 2
              }
            },
            {
              "batter": "RS Glen",
              "bowler": "S Siegers",
              "non_striker": "PA Chatterji",
              "runs": {
                "batter": 0,
                "extras": 0,
                "total": 0
              }
            },
            {
              "batter": "RS Glen",
              "bowler": "S Siegers",
              "non_striker": "PA Chatterji",
              "runs": {
                "batter": 0,
                "extras": 0,
                "total": 0
              }
            }
          ]
        },
        {
          "over": 13,
          "deliveries": [
            {
              "batter": "PA Chatterji",
              "bowler": "SL Kalis",
              "non_striker": "RS Glen",
              "runs": {
                "batter": 0,
                "extras": 0,
                "total": 0
              }
            },
            {
              "batter": "PA Chatterji",
              "bowler": "SL Kalis",
              "non_striker": "RS Glen",
              "runs": {
                "batter": 0,
                "extras": 0,
                "total": 0
              }
            },
            {
              "batter": "PA Chatterji",
              "bowler": "SL Kalis",
              "non_striker": "RS Glen",
              "runs": {
                "batter": 0,
                "extras": 0,
                "total": 0
              }
            },
            {
              "batter": "PA Chatterji",
              "bowler": "SL Kalis",
              "non_striker": "RS Glen",
              "runs": {
                "batter": 0,
                "extras": 0,
                "total": 0
              }
            },
            {
              "batter": "PA Chatterji",
              "bowler": "SL Kalis",
              "non_striker": "RS Glen",
              "runs": {
                "batter": 4,
                "extras": 0,
                "total": 4
              }
            },
            {
              "batter": "PA Chatterji",
              "bowler": "SL Kalis",
              "non_striker": "RS Glen",
              "runs": {
                "batter": 0,
                "extras": 0,
                "total": 0
              }
            }
          ]
        },
        {
          "over": 14,
          "deliveries": [
            {
              "batter": "RS Glen",
              "bowler": "S Siegers",
              "extras": {
                "noballs": 1
              },
              "non_striker": "PA Chatterji",
              "runs": {
                "batter": 4,
                "extras": 1,
                "total": 5
              }
            },
            {
              "batter": "RS Glen",
              "bowler": "S Siegers",
              "non_striker": "PA Chatterji",
              "runs": {
                "batter": 0,
                "extras": 0,
                "total": 0
              }
            },
            {
              "batter": "RS Glen",
              "bowler": "S Siegers",
              "non_striker": "PA Chatterji",
              "runs": {
                "batter": 4,
                "extras": 0,
                "total": 4
              }
            },
            {
              "batter": "RS Glen",
              "bowler": "S Siegers",
              "non_striker": "PA Chatterji",
              "runs": {
                "batter": 0,
                "extras": 0,
                "total": 0
              },
              "wickets": [
                {
                  "kind": "run out",
                  "player_out": "RS Glen"
                }
              ]
            },
            {
              "batter": "K McGill",
              "bowler": "S Siegers",
              "non_striker": "PA Chatterji",
              "runs": {
                "batter": 1,
                "extras": 0,
                "total": 1
              }
            },
            {
              "batter": "PA Chatterji",
              "bowler": "S Siegers",
              "non_striker": "K McGill",
              "runs": {
                "batter": 0,
                "extras": 0,
                "total": 0
              }
            },
            {
              "batter": "PA Chatterji",
              "bowler": "S Siegers",
              "non_striker": "K McGill",
              "runs": {
                "batter": 0,
                "extras": 0,
                "total": 0
              }
            }
          ]
        },
        {
          "over": 15,
          "deliveries": [
            {
              "batter": "K McGill",
              "bowler": "SL Kalis",
              "non_striker": "PA Chatterji",
              "runs": {
                "batter": 1,
                "extras": 0,
                "total": 1
              }
            },
            {
              "batter": "PA Chatterji",
              "bowler": "SL Kalis",
              "non_striker": "K McGill",
              "runs": {
                "batter": 4,
                "extras": 0,
                "total": 4
              }
            },
            {
              "batter": "PA Chatterji",
              "bowler": "SL Kalis",
              "non_striker": "K McGill",
              "runs": {
                "batter": 2,
                "extras": 0,
                "total": 2
              }
            },
            {
              "batter": "PA Chatterji",
              "bowler": "SL Kalis",
              "extras": {
                "wides": 1
              },
              "non_striker": "K McGill",
              "runs": {
                "batter": 0,
                "extras": 1,
                "total": 1
              }
            },
            {
              "batter": "PA Chatterji",
              "bowler": "SL Kalis",
              "non_striker": "K McGill",
              "runs": {
                "batter": 0,
                "extras": 0,
                "total": 0
              }
            },
            {
              "batter": "PA Chatterji",
              "bowler": "SL Kalis",
              "non_striker": "K McGill",
              "runs": {
                "batter": 1,
                "extras": 0,
                "total": 1
              }
            },
            {
              "batter": "K McGill",
              "bowler": "SL Kalis",
              "non_striker": "PA Chatterji",
              "runs": {
                "batter": 0,
                "extras": 0,
                "total": 0
              }
            }
          ]
        },
        {
          "over": 16,
          "deliveries": [
            {
              "batter": "PA Chatterji",
              "bowler": "C de Lange",
              "non_striker": "K McGill",
              "runs": {
                "batter": 0,
                "extras": 0,
                "total": 0
              }
            },
            {
              "batter": "PA Chatterji",
              "bowler": "C de Lange",
              "non_striker": "K McGill",
              "runs": {
                "batter": 1,
                "extras": 0,
                "total": 1
              }
            },
            {
              "batter": "K McGill",
              "bowler": "C de Lange",
              "non_striker": "PA Chatterji",
              "runs": {
                "batter": 0,
                "extras": 0,
                "total": 0
              }
            },
            {
              "batter": "K McGill",
              "bowler": "C de Lange",
              "non_striker": "PA Chatterji",
              "runs": {
                "batter": 1,
                "extras": 0,
                "total": 1
              }
            },
            {
              "batter": "PA Chatterji",
              "bowler": "C de Lange",
              "non_striker": "K McGill",
              "runs": {
                "batter": 1,
                "extras": 0,
                "total": 1
              }
            },
            {
              "batter": "K McGill",
              "bowler": "C de Lange",
              "extras": {
                "legbyes": 1
              },
              "non_striker": "PA Chatterji",
              "runs": {
                "batter": 0,
                "extras": 1,
                "total": 1
              }
            }
          ]
        },
        {
          "over": 17,
          "deliveries": [
            {
              "batter": "K McGill",
              "bowler": "SL Kalis",
              "non_striker": "PA Chatterji",
              "runs": {
                "batter": 1,
                "extras": 0,
                "total": 1
              }
            },
            {
              "batter": "PA Chatterji",
              "bowler": "SL Kalis",
              "non_striker": "K McGill",
              "runs": {
                "batter": 1,
                "extras": 0,
                "total": 1
              }
            },
            {
              "batter": "K McGill",
              "bowler": "SL Kalis",
              "non_striker": "PA Chatterji",
              "runs": {
                "batter": 1,
                "extras": 0,
                "total": 1
              }
            },
            {
              "batter": "PA Chatterji",
              "bowler": "SL Kalis",
              "non_striker": "K McGill",
              "runs": {
                "batter": 1,
                "extras": 0,
                "total": 1
              }
            },
            {
              "batter": "K McGill",
              "bowler": "SL Kalis",
              "non_striker": "PA Chatterji",
              "runs": {
                "batter": 0,
                "extras": 0,
                "total": 0
              }
            },
            {
              "batter": "K McGill",
              "bowler": "SL Kalis",
              "non_striker": "PA Chatterji",
              "runs": {
                "batter": 0,
                "extras": 0,
                "total": 0
              }
            }
          ]
        },
        {
          "over": 18,
          "deliveries": [
            {
              "batter": "PA Chatterji",
              "bowler": "HWA Landheer",
              "non_striker": "K McGill",
              "runs": {
                "batter": 4,
                "extras": 0,
                "total": 4
              }
            },
            {
              "batter": "PA Chatterji",
              "bowler": "HWA Landheer",
              "non_striker": "K McGill",
              "runs": {
                "batter": 1,
                "extras": 0,
                "total": 1
              }
            },
            {
              "batter": "K McGill",
              "bowler": "HWA Landheer",
              "non_striker": "PA Chatterji",
              "runs": {
                "batter": 1,
                "extras": 0,
                "total": 1
              },
              "wickets": [
                {
                  "kind": "run out",
                  "player_out": "K McGill"
                }
              ]
            },
            {
              "batter": "RK Willis",
              "bowler": "HWA Landheer",
              "extras": {
                "wides": 1
              },
              "non_striker": "PA Chatterji",
              "runs": {
                "batter": 0,
                "extras": 1,
                "total": 1
              }
            },
            {
              "batter": "RK Willis",
              "bowler": "HWA Landheer",
              "non_striker": "PA Chatterji",
              "runs": {
                "batter": 2,
                "extras": 0,
                "total": 2
              }
            },
            {
              "batter": "RK Willis",
              "bowler": "HWA Landheer",
              "non_striker": "PA Chatterji",
              "runs": {
                "batter": 2,
                "extras": 0,
                "total": 2
              }
            },
            {
              "batter": "RK Willis",
              "bowler": "HWA Landheer",
              "non_striker": "PA Chatterji",
              "runs": {
                "batter": 1,
                "extras": 0,
                "total": 1
              }
            }
          ]
        },
        {
          "over": 19,
          "deliveries": [
            {
              "batter": "RK Willis",
              "bowler": "HDJ Siegers",
              "non_striker": "PA Chatterji",
              "runs": {
                "batter": 0,
                "extras": 0,
                "total": 0
              }
            },
            {
              "batter": "RK Willis",
              "bowler": "HDJ Siegers",
              "extras": {
                "wides": 1
              },
              "non_striker": "PA Chatterji",
              "runs": {
                "batter": 0,
                "extras": 1,
                "total": 1
              }
            },
            {
              "batter": "RK Willis",
              "bowler": "HDJ Siegers",
              "non_striker": "PA Chatterji",
              "runs": {
                "batter": 0,
                "extras": 0,
                "total": 0
              },
              "wickets": [
                {
                  "kind": "caught",
                  "player_out": "RK Willis",
                  "fielders": [
                    {
                      "name": "C de Lange"
                    }
                  ]
                }
              ]
            },
            {
              "batter": "PA Chatterji",
              "bowler": "HDJ Siegers",
              "non_striker": "M McColl",
              "runs": {
                "batter": 0,
                "extras": 0,
                "total": 0
              },
              "wickets": [
                {
                  "kind": "run out",
                  "player_out": "M McColl"
                }
              ]
            },
            {
              "batter": "PA Chatterji",
              "bowler": "HDJ Siegers",
              "non_striker": "S Haggo",
              "runs": {
                "batter": 1,
                "extras": 0,
                "total": 1
              }
            },
            {
              "batter": "S Haggo",
              "bowler": "HDJ Siegers",
              "non_striker": "PA Chatterji",
              "runs": {
                "batter": 1,
                "extras": 0,
                "total": 1
              }
            },
            {
              "batter": "PA Chatterji",
              "bowler": "HDJ Siegers",
              "non_striker": "S Haggo",
              "runs": {
                "batter": 2,
                "extras": 0,
                "total": 2
              }
            }
          ]
        }
      ],
      "powerplays": [
        {
          "from": 0.1,
          "to": 5.6,
          "type": "mandatory"
        }
      ],
      "target": {
        "overs": 20,
        "runs": 124
      }
    }
  ]
}