Team,Over,Batter,Bowler,Non_Striker,Batter_Runs,Extras,Total_Runs
India,0,KL Rahul,TL Chatara,Mandeep Singh,0,0,0
India,0,KL Rahul,TL Chatara,Mandeep Singh,0,0,0
India,0,KL Rahul,TL Chatara,Mandeep Singh,0,0,0
India,0,KL Rahul,TL Chatara,Mandeep Singh,0,0,0
India,0,KL Rahul,TL Chatara,Mandeep Singh,0,0,0
India,0,KL Rahul,TL Chatara,Mandeep Singh,0,0,0
India,1,Mandeep Singh,DT Tiripano,KL Rahul,0,0,0
India,1,Mandeep Singh,DT Tiripano,KL Rahul,2,0,2
India,1,Mandeep Singh,DT Tiripano,KL Rahul,1,0,1
India,1,KL Rahul,DT Tiripano,Mandeep Singh,0,0,0
India,1,KL Rahul,DT Tiripano,Mandeep Singh,1,0,1
India,1,Mandeep Singh,DT Tiripano,KL Rahul,0,0,0
India,2,KL Rahul,TL Chatara,Mandeep Singh,0,0,0
India,2,KL Rahul,TL Chatara,Mandeep Singh,4,0,4
India,2,KL Rahul,TL Chatara,Mandeep Singh,6,0,6
India,2,KL Rahul,TL Chatara,Mandeep Singh,4,0,4
India,2,KL Rahul,TL Chatara,Mandeep Singh,1,0,1
India,2,Mandeep Singh,TL Chatara,KL Rahul,1,0,1
India,3,Mandeep Singh,DT Tiripano,KL Rahul,0,0,0
India,3,KL Rahul,DT Tiripano,AT Rayudu,0,0,0
India,3,KL Rahul,DT Tiripano,AT Rayudu,0,0,0
India,3,KL Rahul,DT Tiripano,AT Rayudu,1,0,1
India,3,AT Rayudu,DT Tiripano,KL Rahul,1,0,1
India,3,KL Rahul,DT Tiripano,AT Rayudu,1,0,1
India,4,KL Rahul,N Madziva,AT Rayudu,0,0,0
India,4,KL Rahul,N Madziva,AT Rayudu,4,0,4
India,4,KL Rahul,N Madziva,AT Rayudu,0,0,0
India,4,MK Pandey,N Madziva,AT Rayudu,0,0,0
India,4,AT Rayudu,N Madziva,KM Jadhav,0,0,0
India,4,AT Rayudu,N Madziva,KM Jadhav,0,0,0
India,5,KM Jadhav,CJ Chibhabha,AT Rayudu,1,0,1
India,5,AT Rayudu,CJ Chibhabha,KM Jadhav,0,0,0
India,5,AT Rayudu,CJ Chibhabha,KM Jadhav,0,0,0
India,5,AT Rayudu,CJ Chibhabha,KM Jadhav,1,0,1
India,5,KM Jadhav,CJ Chibhabha,AT Rayudu,0,0,0
India,5,KM Jadhav,CJ Chibhabha,AT Rayudu,0,0,0
India,6,AT Rayudu,AG Cremer,KM Jadhav,1,0,1
India,6,KM Jadhav,AG Cremer,AT Rayudu,1,0,1
India,6,AT Rayudu,AG Cremer,KM Jadhav,1,0,1
India,6,KM Jadhav,AG Cremer,AT Rayudu,0,0,0
India,6,KM Jadhav,AG Cremer,AT Rayudu,0,0,0
India,6,KM Jadhav,AG Cremer,AT Rayudu,2,0,2
India,7,AT Rayudu,CJ Chibhabha,KM Jadhav,0,0,0
India,7,AT Rayudu,CJ Chibhabha,KM Jadhav,1,0,1
India,7,KM Jadhav,CJ Chibhabha,AT Rayudu,0,0,0
India,7,KM Jadhav,CJ Chibhabha,AT Rayudu,1,0,1
India,7,AT Rayudu,CJ Chibhabha,KM Jadhav,1,0,1
India,7,KM Jadhav,CJ Chibhabha,AT Rayudu,0,1,1
India,7,KM Jadhav,CJ Chibhabha,AT Rayudu,1,0,1
India,8,KM Jadhav,AG Cremer,AT Rayudu,0,0,0
India,8,KM Jadhav,AG Cremer,AT Rayudu,0,0,0
India,8,KM Jadhav,AG Cremer,AT Rayudu,4,0,4
India,8,KM Jadhav,AG Cremer,AT Rayudu,1,0,1
India,8,AT Rayudu,AG Cremer,KM Jadhav,1,0,1
India,8,KM Jadhav,AG Cremer,AT Rayudu,4,0,4
India,9,AT Rayudu,CJ Chibhabha,KM Jadhav,1,0,1
India,9,KM Jadhav,CJ Chibhabha,AT Rayudu,1,0,1
India,9,AT Rayudu,CJ Chibhabha,KM Jadhav,2,0,2
India,9,AT Rayudu,CJ Chibhabha,KM Jadhav,0,0,0
India,9,AT Rayudu,CJ Chibhabha,KM Jadhav,0,0,0
India,9,AT Rayudu,CJ Chibhabha,KM Jadhav,0,0,0
India,10,KM Jadhav,AG Cremer,AT Rayudu,0,0,0
India,10,KM Jadhav,AG Cremer,AT Rayudu,4,0,4
India,10,KM Jadhav,AG Cremer,AT Rayudu,1,0,1
India,10,AT Rayudu,AG Cremer,KM Jadhav,0,0,0
India,10,AT Rayudu,AG Cremer,KM Jadhav,2,0,2
India,10,AT Rayudu,AG Cremer,KM Jadhav,1,0,1
India,11,AT Rayudu,CJ Chibhabha,KM Jadhav,0,0,0
India,11,AT Rayudu,CJ Chibhabha,KM Jadhav,2,0,2
India,11,AT Rayudu,CJ Chibhabha,KM Jadhav,4,0,4
India,11,AT Rayudu,CJ Chibhabha,KM Jadhav,1,0,1
India,11,KM Jadhav,CJ Chibhabha,AT Rayudu,1,0,1
India,11,AT Rayudu,CJ Chibhabha,KM Jadhav,0,0,0
India,12,KM Jadhav,AG Cremer,AT Rayudu,0,0,0
India,12,KM Jadhav,AG Cremer,AT Rayudu,4,0,4
India,12,KM Jadhav,AG Cremer,AT Rayudu,2,0,2
India,12,KM Jadhav,AG Cremer,AT Rayudu,1,0,1
India,12,AT Rayudu,AG Cremer,KM Jadhav,0,0,0
India,12,MS Dhoni,AG Cremer,KM Jadhav,2,0,2
India,13,KM Jadhav,N Madziva,MS Dhoni,0,1,1
India,13,MS Dhoni,N Madziva,KM Jadhav,1,0,1
India,13,KM Jadhav,N Madziva,MS Dhoni,0,0,0
India,13,KM Jadhav,N Madziva,MS Dhoni,1,0,1
India,13,MS Dhoni,N Madziva,KM Jadhav,0,0,0
India,13,MS Dhoni,N Madziva,KM Jadhav,4,0,4
India,14,KM Jadhav,TL Chatara,MS Dhoni,1,0,1
India,14,MS Dhoni,TL Chatara,KM Jadhav,0,0,0
India,14,MS Dhoni,TL Chatara,KM Jadhav,0,0,0
India,14,MS Dhoni,TL Chatara,KM Jadhav,0,0,0
India,14,MS Dhoni,TL Chatara,KM Jadhav,0,0,0
India,14,MS Dhoni,TL Chatara,KM Jadhav,1,0,1
India,15,MS Dhoni,N Madziva,KM Jadhav,0,0,0
India,15,MS Dhoni,N Madziva,KM Jadhav,1,0,1
India,15,KM Jadhav,N Madziva,MS Dhoni,2,0,2
India,15,KM Jadhav,N Madziva,MS Dhoni,0,1,1
India,15,KM Jadhav,N Madziva,MS Dhoni,2,0,2
India,15,KM Jadhav,N Madziva,MS Dhoni,0,0,0
India,15,KM Jadhav,N Madziva,MS Dhoni,0,0,0
India,16,MS Dhoni,DT Tiripano,KM Jadhav,0,0,0
India,16,MS Dhoni,DT Tiripano,KM Jadhav,0,0,0
India,16,AR Patel,DT Tiripano,KM Jadhav,0,0,0
India,16,AR Patel,DT Tiripano,KM Jadhav,0,0,0
India,16,AR Patel,DT Tiripano,KM Jadhav,1,0,1
India,16,KM Jadhav,DT Tiripano,AR Patel,1,0,1
India,17,KM Jadhav,TL Chatara,AR Patel,6,0,6
India,17,KM Jadhav,TL Chatara,AR Patel,1,0,1
India,17,AR Patel,TL Chatara,KM Jadhav,1,0,1
India,17,KM Jadhav,TL Chatara,AR Patel,0,0,0
India,17,KM Jadhav,TL Chatara,AR Patel,4,0,4
India,17,KM Jadhav,TL Chatara,AR Patel,4,0,4
India,18,AR Patel,DT Tiripano,KM Jadhav,1,0,1
India,18,KM Jadhav,DT Tiripano,AR Patel,2,0,2
India,18,KM Jadhav,DT Tiripano,AR Patel,1,0,1
India,18,AR Patel,DT Tiripano,KM Jadhav,3,0,3
India,18,KM Jadhav,DT Tiripano,AR Patel,4,0,4
India,18,KM Jadhav,DT Tiripano,AR Patel,0,0,0
India,19,DS Kulkarni,N Madziva,AR Patel,0,1,1
India,19,DS Kulkarni,N Madziva,AR Patel,1,0,1
India,19,AR Patel,N Madziva,DS Kulkarni,2,0,2
India,19,AR Patel,N Madziva,DS Kulkarni,2,0,2
India,19,AR Patel,N Madziva,DS Kulkarni,2,0,2
India,19,AR Patel,N Madziva,DS Kulkarni,6,0,6
India,19,AR Patel,N Madziva,DS Kulkarni,2,0,2
Zimbabwe,0,CJ Chibhabha,BB Sran,H Masakadza,0,0,0
Zimbabwe,0,CJ Chibhabha,BB Sran,H Masakadza,0,0,0
Zimbabwe,0,CJ Chibhabha,BB Sran,H Masakadza,0,0,0
Zimbabwe,0,CJ Chibhabha,BB Sran,H Masakadza,0,0,0
Zimbabwe,0,CJ Chibhabha,BB Sran,H Masakadza,0,0,0
Zimbabwe,0,CJ Chibhabha,BB Sran,H Masakadza,0,1,1
Zimbabwe,1,CJ Chibhabha,DS Kulkarni,H Masakadza,4,0,4
Zimbabwe,1,CJ Chibhabha,DS Kulkarni,H Masakadza,0,0,0
Zimbabwe,1,CJ Chibhabha,DS Kulkarni,H Masakadza,1,0,1
Zimbabwe,1,H Masakadza,DS Kulkarni,CJ Chibhabha,0,4,4
Zimbabwe,1,H Masakadza,DS Kulkarni,CJ Chibhabha,0,0,0
Zimbabwe,1,H Masakadza,DS Kulkarni,CJ Chibhabha,0,1,1
Zimbabwe,2,H Masakadza,BB Sran,CJ Chibhabha,0,0,0
Zimbabwe,2,H Masakadza,BB Sran,CJ Chibhabha,4,0,4
Zimbabwe,2,H Masakadza,BB Sran,CJ Chibhabha,1,0,1
Zimbabwe,2,CJ Chibhabha,BB Sran,H Masakadza,0,1,1
Zimbabwe,2,CJ Chibhabha,BB Sran,H Masakadza,0,0,0
Zimbabwe,2,V Sibanda,BB Sran,H Masakadza,0,1,1
Zimbabwe,2,V Sibanda,BB Sran,H Masakadza,0,0,0
Zimbabwe,2,V Sibanda,BB Sran,H Masakadza,1,0,1
Zimbabwe,3,V Sibanda,DS Kulkarni,H Masakadza,4,0,4
Zimbabwe,3,V Sibanda,DS Kulkarni,H Masakadza,4,0,4
Zimbabwe,3,V Sibanda,DS Kulkarni,H Masakadza,4,0,4
Zimbabwe,3,V Sibanda,DS Kulkarni,H Masakadza,0,0,0
Zimbabwe,3,V Sibanda,DS Kulkarni,H Masakadza,1,0,1
Zimbabwe,3,H Masakadza,DS Kulkarni,V Sibanda,0,0,0
Zimbabwe,4,V Sibanda,BB Sran,H Masakadza,4,0,4
Zimbabwe,4,V Sibanda,BB Sran,H Masakadza,0,0,0
Zimbabwe,4,V Sibanda,BB Sran,H Masakadza,0,0,0
Zimbabwe,4,V Sibanda,BB Sran,H Masakadza,1,0,1
Zimbabwe,4,H Masakadza,BB Sran,V Sibanda,0,0,0
Zimbabwe,4,H Masakadza,BB Sran,V Sibanda,1,0,1
Zimbabwe,5,H Masakadza,JJ Bumrah,V Sibanda,0,0,0
Zimbabwe,5,H Masakadza,JJ Bumrah,V Sibanda,0,0,0
Zimbabwe,5,H Masakadza,JJ Bumrah,V Sibanda,0,0,0
Zimbabwe,5,H Masakadza,JJ Bumrah,V Sibanda,0,0,0
Zimbabwe,5,H Masakadza,JJ Bumrah,V Sibanda,1,0,1
Zimbabwe,5,V Sibanda,JJ Bumrah,H Masakadza,1,0,1
Zimbabwe,6,V Sibanda,AR Patel,H Masakadza,0,0,0
Zimbabwe,6,V Sibanda,AR Patel,H Masakadza,0,0,0
Zimbabwe,6,V Sibanda,AR Patel,H Masakadza,0,0,0
Zimbabwe,6,V Sibanda,AR Patel,H Masakadza,0,1,1
Zimbabwe,6,H Masakadza,AR Patel,V Sibanda,1,0,1
Zimbabwe,6,V Sibanda,AR Patel,H Masakadza,1,0,1
Zimbabwe,7,V Sibanda,YS Chahal,H Masakadza,4,0,4
Zimbabwe,7,V Sibanda,YS Chahal,H Masakadza,0,0,0
Zimbabwe,7,V Sibanda,YS Chahal,H Masakadza,1,0,1
Zimbabwe,7,H Masakadza,YS Chahal,V Sibanda,1,0,1
Zimbabwe,7,V Sibanda,YS Chahal,H Masakadza,1,0,1
Zimbabwe,7,H Masakadza,YS Chahal,V Sibanda,1,0,1
Zimbabwe,8,H Masakadza,AR Patel,V Sibanda,4,0,4
Zimbabwe,8,H Masakadza,AR Patel,V Sibanda,1,0,1
Zimbabwe,8,V Sibanda,AR Patel,H Masakadza,1,0,1
Zimbabwe,8,H Masakadza,AR Patel,V Sibanda,0,0,0
Zimbabwe,8,H Masakadza,AR Patel,V Sibanda,0,0,0
Zimbabwe,8,PJ Moor,AR Patel,V Sibanda,1,0,1
Zimbabwe,9,PJ Moor,YS Chahal,V Sibanda,0,0,0
Zimbabwe,9,PJ Moor,YS Chahal,V Sibanda,0,0,0
Zimbabwe,9,PJ Moor,YS Chahal,V Sibanda,0,0,0
Zimbabwe,9,PJ Moor,YS Chahal,V Sibanda,0,0,0
Zimbabwe,9,PJ Moor,YS Chahal,V Sibanda,0,0,0
Zimbabwe,9,PJ Moor,YS Chahal,V Sibanda,1,0,1
Zimbabwe,10,PJ Moor,DS Kulkarni,V Sibanda,0,0,0
Zimbabwe,10,PJ Moor,DS Kulkarni,V Sibanda,1,0,1
Zimbabwe,10,V Sibanda,DS Kulkarni,PJ Moor,0,0,0
Zimbabwe,10,MN Waller,DS Kulkarni,PJ Moor,0,0,0
Zimbabwe,10,MN Waller,DS Kulkarni,PJ Moor,1,0,1
Zimbabwe,10,PJ Moor,DS Kulkarni,MN Waller,1,0,1
Zimbabwe,11,PJ Moor,YS Chahal,MN Waller,6,0,6
Zimbabwe,11,PJ Moor,YS Chahal,MN Waller,1,0,1
Zimbabwe,11,MN Waller,YS Chahal,PJ Moor,1,0,1
Zimbabwe,11,PJ Moor,YS Chahal,MN Waller,0,0,0
Zimbabwe,11,PJ Moor,YS Chahal,MN Waller,1,0,1
Zimbabwe,11,MN Waller,YS Chahal,PJ Moor,0,0,0
Zimbabwe,12,PJ Moor,AR Patel,MN Waller,1,0,1
Zimbabwe,12,MN Waller,AR Patel,PJ Moor,0,0,0
Zimbabwe,12,MN Waller,AR Patel,PJ Moor,0,0,0
Zimbabwe,12,MN Waller,AR Patel,PJ Moor,0,0,0
Zimbabwe,12,MN Waller,AR Patel,PJ Moor,1,0,1
Zimbabwe,12,PJ Moor,AR Patel,MN Waller,1,0,1
Zimbabwe,13,PJ Moor,YS Chahal,MN Waller,6,0,6
Zimbabwe,13,PJ Moor,YS Chahal,MN Waller,0,0,0
Zimbabwe,13,PJ Moor,YS Chahal,MN Waller,0,0,0
Zimbabwe,13,PJ Moor,YS Chahal,MN Waller,6,0,6
Zimbabwe,13,PJ Moor,YS Chahal,MN Waller,0,0,0
Zimbabwe,13,MN Waller,YS Chahal,E Chigumbura,2,0,2
Zimbabwe,14,E Chigumbura,JJ Bumrah,MN Waller,1,0,1
Zimbabwe,14,MN Waller,JJ Bumrah,E Chigumbura,1,0,1
Zimbabwe,14,E Chigumbura,JJ Bumrah,MN Waller,0,0,0
Zimbabwe,14,E Chigumbura,JJ Bumrah,MN Waller,0,0,0
Zimbabwe,14,E Chigumbura,JJ Bumrah,MN Waller,1,0,1
Zimbabwe,14,MN Waller,JJ Bumrah,E Chigumbura,0,0,0
Zimbabwe,15,E Chigumbura,AR Patel,MN Waller,1,0,1
Zimbabwe,15,MN Waller,AR Patel,E Chigumbura,0,0,0
Zimbabwe,15,MN Waller,AR Patel,E Chigumbura,1,0,1
Zimbabwe,15,E Chigumbura,AR Patel,MN Waller,1,0,1
Zimbabwe,15,MN Waller,AR Patel,E Chigumbura,1,0,1
Zimbabwe,15,E Chigumbura,AR Patel,MN Waller,2,0,2
Zimbabwe,16,MN Waller,JJ Bumrah,E Chigumbura,1,0,1
Zimbabwe,16,E Chigumbura,JJ Bumrah,MN Waller,1,0,1
Zimbabwe,16,MN Waller,JJ Bumrah,E Chigumbura,1,0,1
Zimbabwe,16,E Chigumbura,JJ Bumrah,MN Waller,0,0,0
Zimbabwe,16,E Chigumbura,JJ Bumrah,MN Waller,0,0,0
Zimbabwe,16,E Chigumbura,JJ Bumrah,MN Waller,4,0,4
Zimbabwe,17,MN Waller,DS Kulkarni,E Chigumbura,0,0,0
Zimbabwe,17,T Maruma,DS Kulkarni,E Chigumbura,1,0,1
Zimbabwe,17,E Chigumbura,DS Kulkarni,T Maruma,0,1,1
Zimbabwe,17,T Maruma,DS Kulkarni,E Chigumbura,0,0,0
Zimbabwe,17,T Maruma,DS Kulkarni,E Chigumbura,1,0,1
Zimbabwe,17,E Chigumbura,DS Kulkarni,T Maruma,0,0,0
Zimbabwe,18,T Maruma,JJ Bumrah,E Chigumbura,1,0,1
Zimbabwe,18,E Chigumbura,JJ Bumrah,T Maruma,1,0,1
Zimbabwe,18,T Maruma,JJ Bumrah,E Chigumbura,2,0,2
Zimbabwe,18,T Maruma,JJ Bumrah,E Chigumbura,6,0,6
Zimbabwe,18,T Maruma,JJ Bumrah,E Chigumbura,0,0,0
Zimbabwe,18,T Maruma,JJ Bumrah,E Chigumbura,1,0,1
Zimbabwe,19,T Maruma,BB Sran,E Chigumbura,6,0,6
Zimbabwe,19,T Maruma,BB Sran,E Chigumbura,0,1,1
Zimbabwe,19,T Maruma,BB Sran,E Chigumbura,4,1,5
Zimbabwe,19,T Maruma,BB Sran,E Chigumbura,0,0,0
Zimbabwe,19,T Maruma,BB Sran,E Chigumbura,0,0,0
Zimbabwe,19,T Maruma,BB Sran,E Chigumbura,1,0,1
Zimbabwe,19,E Chigumbura,BB Sran,T Maruma,4,0,4
Zimbabwe,19,E Chigumbura,BB Sran,T Maruma,0,0,0
