Team,Over,Batter,Bowler,Non_Striker,Batter_Runs,Extras,Total_Runs
South Africa,0,JT Smuts,DJ Willey,RR Hendricks,0,0,0
South Africa,0,JT Smuts,DJ Willey,RR Hendricks,4,0,4
South Africa,0,JT Smuts,DJ Willey,RR Hendricks,0,0,0
South Africa,0,JT Smuts,DJ Willey,RR Hendricks,0,0,0
South Africa,0,JT Smuts,DJ Willey,RR Hendricks,4,0,4
South Africa,0,JT Smuts,DJ Willey,RR Hendricks,0,0,0
South Africa,1,RR Hendricks,CJ Jordan,JT Smuts,0,0,0
South Africa,1,RR Hendricks,CJ Jordan,JT Smuts,0,1,1
South Africa,1,RR Hendricks,CJ Jordan,JT Smuts,2,0,2
South Africa,1,RR Hendricks,CJ Jordan,JT Smuts,1,0,1
South Africa,1,JT Smuts,CJ Jordan,RR Hendricks,0,0,0
South Africa,1,JT Smuts,CJ Jordan,RR Hendricks,0,1,1
South Africa,1,JT Smuts,CJ Jordan,RR Hendricks,0,0,0
South Africa,1,JT Smuts,CJ Jordan,RR Hendricks,0,1,1
South Africa,1,JT Smuts,CJ Jordan,RR Hendricks,6,0,6
South Africa,2,RR Hendricks,DJ Willey,JT Smuts,0,0,0
South Africa,2,RR Hendricks,DJ Willey,JT Smuts,1,0,1
South Africa,2,JT Smuts,DJ Willey,RR Hendricks,0,0,0
South Africa,2,JT Smuts,DJ Willey,RR Hendricks,0,0,0
South Africa,2,JT Smuts,DJ Willey,RR Hendricks,1,0,1
South Africa,2,RR Hendricks,DJ Willey,JT Smuts,1,0,1
South Africa,3,RR Hendricks,TK Curran,JT Smuts,2,0,2
South Africa,3,RR Hendricks,TK Curran,JT Smuts,0,0,0
South Africa,3,M Mosehle,TK Curran,JT Smuts,1,0,1
South Africa,3,JT Smuts,TK Curran,M Mosehle,0,0,0
South Africa,3,JT Smuts,TK Curran,M Mosehle,0,0,0
South Africa,3,JT Smuts,TK Curran,M Mosehle,1,0,1
South Africa,4,JT Smuts,LE Plunkett,M Mosehle,0,0,0
South Africa,4,JT Smuts,LE Plunkett,M Mosehle,1,0,1
South Africa,4,M Mosehle,LE Plunkett,JT Smuts,0,0,0
South Africa,4,M Mosehle,LE Plunkett,JT Smuts,0,0,0
South Africa,4,M Mosehle,LE Plunkett,JT Smuts,1,0,1
South Africa,4,JT Smuts,LE Plunkett,M Mosehle,1,0,1
South Africa,5,JT Smuts,TK Curran,M Mosehle,4,0,4
South Africa,5,JT Smuts,TK Curran,M Mosehle,0,0,0
South Africa,5,JT Smuts,TK Curran,M Mosehle,1,0,1
South Africa,5,M Mosehle,TK Curran,JT Smuts,6,0,6
South Africa,5,M Mosehle,TK Curran,JT Smuts,4,0,4
South Africa,5,M Mosehle,TK Curran,JT Smuts,0,0,0
South Africa,6,JT Smuts,LA Dawson,M Mosehle,1,0,1
South Africa,6,M Mosehle,LA Dawson,JT Smuts,1,0,1
South Africa,6,JT Smuts,LA Dawson,M Mosehle,6,0,6
South Africa,6,JT Smuts,LA Dawson,M Mosehle,0,0,0
South Africa,6,JT Smuts,LA Dawson,M Mosehle,1,0,1
South Africa,6,M Mosehle,LA Dawson,JT Smuts,1,0,1
South Africa,7,M Mosehle,LE Plunkett,JT Smuts,0,0,0
South Africa,7,M Mosehle,LE Plunkett,JT Smuts,1,0,1
South Africa,7,JT Smuts,LE Plunkett,M Mosehle,1,0,1
South Africa,7,M Mosehle,LE Plunkett,JT Smuts,0,0,0
South Africa,7,AB de Villiers,LE Plunkett,JT Smuts,2,0,2
South Africa,7,AB de Villiers,LE Plunkett,JT Smuts,1,0,1
South Africa,8,AB de Villiers,LA Dawson,JT Smuts,1,0,1
South Africa,8,JT Smuts,LA Dawson,AB de Villiers,0,0,0
South Africa,8,JT Smuts,LA Dawson,AB de Villiers,1,0,1
South Africa,8,AB de Villiers,LA Dawson,JT Smuts,0,0,0
South Africa,8,AB de Villiers,LA Dawson,JT Smuts,1,0,1
South Africa,8,JT Smuts,LA Dawson,AB de Villiers,0,0,0
South Africa,9,AB de Villiers,LE Plunkett,JT Smuts,4,0,4
South Africa,9,AB de Villiers,LE Plunkett,JT Smuts,4,0,4
South Africa,9,AB de Villiers,LE Plunkett,JT Smuts,1,0,1
South Africa,9,JT Smuts,LE Plunkett,AB de Villiers,0,1,1
South Africa,9,JT Smuts,LE Plunkett,AB de Villiers,1,0,1
South Africa,9,AB de Villiers,LE Plunkett,JT Smuts,4,0,4
South Africa,9,AB de Villiers,LE Plunkett,JT Smuts,6,0,6
South Africa,10,JT Smuts,LA Dawson,AB de Villiers,0,0,0
South Africa,10,JT Smuts,LA Dawson,AB de Villiers,4,0,4
South Africa,10,JT Smuts,LA Dawson,AB de Villiers,6,0,6
South Africa,10,JT Smuts,LA Dawson,AB de Villiers,1,0,1
South Africa,10,AB de Villiers,LA Dawson,JT Smuts,1,0,1
South Africa,10,JT Smuts,LA Dawson,AB de Villiers,0,0,0
South Africa,11,AB de Villiers,CJ Jordan,DA Miller,1,0,1
South Africa,11,DA Miller,CJ Jordan,AB de Villiers,1,0,1
South Africa,11,AB de Villiers,CJ Jordan,DA Miller,1,0,1
South Africa,11,DA Miller,CJ Jordan,AB de Villiers,0,0,0
South Africa,11,DA Miller,CJ Jordan,AB de Villiers,0,0,0
South Africa,11,DA Miller,CJ Jordan,AB de Villiers,1,0,1
South Africa,12,DA Miller,LA Dawson,AB de Villiers,1,0,1
South Africa,12,AB de Villiers,LA Dawson,DA Miller,6,0,6
South Africa,12,AB de Villiers,LA Dawson,DA Miller,1,0,1
South Africa,12,DA Miller,LA Dawson,AB de Villiers,2,0,2
South Africa,12,DA Miller,LA Dawson,AB de Villiers,2,0,2
South Africa,12,DA Miller,LA Dawson,AB de Villiers,1,0,1
South Africa,13,DA Miller,LE Plunkett,AB de Villiers,0,0,0
South Africa,13,DA Miller,LE Plunkett,AB de Villiers,0,0,0
South Africa,13,F Behardien,LE Plunkett,AB de Villiers,1,0,1
South Africa,13,AB de Villiers,LE Plunkett,F Behardien,2,0,2
South Africa,13,AB de Villiers,LE Plunkett,F Behardien,4,0,4
South Africa,13,AB de Villiers,LE Plunkett,F Behardien,0,0,0
South Africa,14,F Behardien,DJ Willey,AB de Villiers,1,0,1
South Africa,14,AB de Villiers,DJ Willey,F Behardien,6,0,6
South Africa,14,AB de Villiers,DJ Willey,F Behardien,0,0,0
South Africa,14,F Behardien,DJ Willey,CH Morris,1,0,1
South Africa,14,CH Morris,DJ Willey,F Behardien,1,0,1
South Africa,14,F Behardien,DJ Willey,CH Morris,1,0,1
South Africa,15,F Behardien,TK Curran,CH Morris,1,0,1
South Africa,15,CH Morris,TK Curran,F Behardien,1,0,1
South Africa,15,F Behardien,TK Curran,CH Morris,1,0,1
South Africa,15,CH Morris,TK Curran,F Behardien,2,0,2
South Africa,15,CH Morris,TK Curran,F Behardien,1,0,1
South Africa,15,F Behardien,TK Curran,CH Morris,0,0,0
South Africa,16,CH Morris,DJ Willey,F Behardien,0,0,0
South Africa,16,CH Morris,DJ Willey,F Behardien,1,0,1
South Africa,16,F Behardien,DJ Willey,CH Morris,1,0,1
South Africa,16,CH Morris,DJ Willey,F Behardien,1,0,1
South Africa,16,F Behardien,DJ Willey,CH Morris,4,0,4
South Africa,16,F Behardien,DJ Willey,CH Morris,1,0,1
South Africa,17,F Behardien,CJ Jordan,CH Morris,4,0,4
South Africa,17,F Behardien,CJ Jordan,CH Morris,1,0,1
South Africa,17,CH Morris,CJ Jordan,F Behardien,4,0,4
South Africa,17,CH Morris,CJ Jordan,F Behardien,0,0,0
South Africa,17,CH Morris,CJ Jordan,F Behardien,0,1,1
South Africa,17,CH Morris,CJ Jordan,F Behardien,1,0,1
South Africa,17,F Behardien,CJ Jordan,CH Morris,1,0,1
South Africa,18,F Behardien,TK Curran,CH Morris,1,0,1
South Africa,18,CH Morris,TK Curran,F Behardien,0,0,0
South Africa,18,F Behardien,TK Curran,AL Phehlukwayo,6,0,6
South Africa,18,F Behardien,TK Curran,AL Phehlukwayo,1,0,1
South Africa,18,AL Phehlukwayo,TK Curran,F Behardien,0,0,0
South Africa,18,M Morkel,TK Curran,F Behardien,0,0,0
South Africa,19,F Behardien,CJ Jordan,M Morkel,0,0,0
South Africa,19,F Behardien,CJ Jordan,M Morkel,6,0,6
South Africa,19,F Behardien,CJ Jordan,M Morkel,0,0,0
South Africa,19,F Behardien,CJ Jordan,M Morkel,0,0,0
South Africa,19,F Behardien,CJ Jordan,M Morkel,0,0,0
South Africa,19,D Paterson,CJ Jordan,M Morkel,4,0,4
England,0,JJ Roy,M Morkel,SW Billings,1,0,1
England,0,SW Billings,M Morkel,JJ Roy,0,0,0
England,0,SW Billings,M Morkel,JJ Roy,1,0,1
England,0,JJ Roy,M Morkel,SW Billings,0,0,0
England,0,JJ Roy,M Morkel,SW Billings,2,0,2
England,0,JJ Roy,M Morkel,SW Billings,1,0,1
England,1,JJ Roy,CH Morris,SW Billings,0,0,0
England,1,JJ Roy,CH Morris,SW Billings,2,0,2
England,1,JJ Roy,CH Morris,SW Billings,0,1,1
England,1,JJ Roy,CH Morris,SW Billings,4,0,4
England,1,JJ Roy,CH Morris,SW Billings,1,0,1
England,1,SW Billings,CH Morris,JJ Roy,2,0,2
England,1,SW Billings,CH Morris,JJ Roy,0,0,0
England,2,JJ Roy,M Morkel,JM Bairstow,4,0,4
England,2,JJ Roy,M Morkel,JM Bairstow,4,0,4
England,2,JJ Roy,M Morkel,JM Bairstow,0,0,0
England,2,JJ Roy,M Morkel,JM Bairstow,0,0,0
England,2,JJ Roy,M Morkel,JM Bairstow,4,0,4
England,2,JJ Roy,M Morkel,JM Bairstow,4,0,4
England,3,JM Bairstow,CH Morris,JJ Roy,0,0,0
England,3,JM Bairstow,CH Morris,JJ Roy,0,0,0
England,3,JM Bairstow,CH Morris,JJ Roy,0,0,0
England,3,JM Bairstow,CH Morris,JJ Roy,0,0,0
England,3,JM Bairstow,CH Morris,JJ Roy,0,0,0
England,3,JM Bairstow,CH Morris,JJ Roy,4,0,4
England,4,JJ Roy,D Paterson,JM Bairstow,0,1,1
England,4,JJ Roy,D Paterson,JM Bairstow,4,0,4
England,4,JJ Roy,D Paterson,JM Bairstow,0,0,0
England,4,JJ Roy,D Paterson,JM Bairstow,0,1,1
England,4,JM Bairstow,D Paterson,JJ Roy,4,0,4
England,4,JM Bairstow,D Paterson,JJ Roy,0,0,0
England,4,JM Bairstow,D Paterson,JJ Roy,0,0,0
England,5,JJ Roy,AL Phehlukwayo,JM Bairstow,1,0,1
England,5,JM Bairstow,AL Phehlukwayo,JJ Roy,0,0,0
England,5,JM Bairstow,AL Phehlukwayo,JJ Roy,0,1,1
England,5,JJ Roy,AL Phehlukwayo,JM Bairstow,2,0,2
England,5,JJ Roy,AL Phehlukwayo,JM Bairstow,1,0,1
England,5,JM Bairstow,AL Phehlukwayo,JJ Roy,1,0,1
England,6,JM Bairstow,D Paterson,JJ Roy,1,0,1
England,6,JJ Roy,D Paterson,JM Bairstow,0,0,0
England,6,JJ Roy,D Paterson,JM Bairstow,1,0,1
England,6,JM Bairstow,D Paterson,JJ Roy,0,0,0
England,6,JM Bairstow,D Paterson,JJ Roy,1,0,1
England,6,JJ Roy,D Paterson,JM Bairstow,1,0,1
England,7,JJ Roy,AL Phehlukwayo,JM Bairstow,4,0,4
England,7,JJ Roy,AL Phehlukwayo,JM Bairstow,1,0,1
England,7,JM Bairstow,AL Phehlukwayo,JJ Roy,4,0,4
England,7,JM Bairstow,AL Phehlukwayo,JJ Roy,4,0,4
England,7,JM Bairstow,AL Phehlukwayo,JJ Roy,0,0,0
England,7,JM Bairstow,AL Phehlukwayo,JJ Roy,0,0,0
England,8,JJ Roy,JT Smuts,JM Bairstow,1,0,1
England,8,JM Bairstow,JT Smuts,JJ Roy,1,0,1
England,8,JJ Roy,JT Smuts,JM Bairstow,1,0,1
England,8,JM Bairstow,JT Smuts,JJ Roy,4,0,4
England,8,JM Bairstow,JT Smuts,JJ Roy,4,0,4
England,8,JM Bairstow,JT Smuts,JJ Roy,0,1,1
England,9,JM Bairstow,M Morkel,JJ Roy,0,0,0
England,9,JM Bairstow,M Morkel,JJ Roy,0,4,4
England,9,JM Bairstow,M Morkel,JJ Roy,6,0,6
England,9,JM Bairstow,M Morkel,JJ Roy,1,0,1
England,9,JJ Roy,M Morkel,JM Bairstow,0,0,0
England,9,JJ Roy,M Morkel,JM Bairstow,1,0,1
England,10,JJ Roy,T Shamsi,JM Bairstow,0,0,0
England,10,JJ Roy,T Shamsi,JM Bairstow,0,0,0
England,10,JJ Roy,T Shamsi,JM Bairstow,1,0,1
England,10,JM Bairstow,T Shamsi,JJ Roy,1,0,1
England,10,JJ Roy,T Shamsi,JM Bairstow,6,0,6
England,10,JJ Roy,T Shamsi,JM Bairstow,2,0,2
England,11,JM Bairstow,M Morkel,JJ Roy,0,0,0
England,11,JM Bairstow,M Morkel,JJ Roy,0,1,1
England,11,JM Bairstow,M Morkel,JJ Roy,4,0,4
England,11,JM Bairstow,M Morkel,JJ Roy,1,0,1
England,11,JJ Roy,M Morkel,JM Bairstow,0,0,0
England,11,JJ Roy,M Morkel,JM Bairstow,4,0,4
England,11,JJ Roy,M Morkel,JM Bairstow,4,0,4
England,12,JM Bairstow,T Shamsi,JJ Roy,1,0,1
England,12,JJ Roy,T Shamsi,JM Bairstow,1,0,1
England,12,JM Bairstow,T Shamsi,JJ Roy,0,0,0
England,12,JM Bairstow,T Shamsi,JJ Roy,1,0,1
England,12,JJ Roy,T Shamsi,JM Bairstow,1,0,1
England,12,JM Bairstow,T Shamsi,JJ Roy,4,0,4
England,13,JJ Roy,CH Morris,JM Bairstow,0,0,0
England,13,JJ Roy,CH Morris,JM Bairstow,0,0,0
England,13,JJ Roy,CH Morris,JM Bairstow,1,0,1
England,13,JM Bairstow,CH Morris,JJ Roy,0,0,0
England,13,LS Livingstone,CH Morris,JJ Roy,0,0,0
England,13,LS Livingstone,CH Morris,JJ Roy,2,0,2
England,14,JJ Roy,T Shamsi,LS Livingstone,1,0,1
England,14,LS Livingstone,T Shamsi,JJ Roy,2,0,2
England,14,LS Livingstone,T Shamsi,JJ Roy,1,0,1
England,14,JJ Roy,T Shamsi,LS Livingstone,1,0,1
England,14,LS Livingstone,T Shamsi,JJ Roy,1,0,1
England,14,JJ Roy,T Shamsi,LS Livingstone,0,0,0
England,15,LS Livingstone,CH Morris,JJ Roy,0,0,0
England,15,LS Livingstone,CH Morris,JC Buttler,1,0,1
England,15,JC Buttler,CH Morris,LS Livingstone,0,0,0
England,15,JC Buttler,CH Morris,LS Livingstone,0,1,1
England,15,LS Livingstone,CH Morris,JC Buttler,0,0,0
England,15,LS Livingstone,CH Morris,JC Buttler,0,0,0
England,16,JC Buttler,D Paterson,LS Livingstone,0,1,1
England,16,JC Buttler,D Paterson,LS Livingstone,2,0,2
England,16,JC Buttler,D Paterson,LS Livingstone,4,0,4
England,16,JC Buttler,D Paterson,LS Livingstone,2,0,2
England,16,JC Buttler,D Paterson,LS Livingstone,0,1,1
England,16,LS Livingstone,D Paterson,JC Buttler,0,0,0
England,16,LS Livingstone,D Paterson,JC Buttler,1,0,1
England,17,LS Livingstone,AL Phehlukwayo,JC Buttler,4,0,4
England,17,LS Livingstone,AL Phehlukwayo,JC Buttler,1,0,1
England,17,JC Buttler,AL Phehlukwayo,LS Livingstone,2,0,2
England,17,JC Buttler,AL Phehlukwayo,LS Livingstone,0,0,0
England,17,EJG Morgan,AL Phehlukwayo,LS Livingstone,1,0,1
England,17,LS Livingstone,AL Phehlukwayo,EJG Morgan,0,0,0
England,18,EJG Morgan,D Paterson,LS Livingstone,1,0,1
England,18,LS Livingstone,D Paterson,EJG Morgan,0,0,0
England,18,LS Livingstone,D Paterson,EJG Morgan,0,1,1
England,18,LS Livingstone,D Paterson,EJG Morgan,0,1,1
England,18,LS Livingstone,D Paterson,EJG Morgan,1,0,1
England,18,EJG Morgan,D Paterson,LS Livingstone,4,0,4
England,18,EJG Morgan,D Paterson,LS Livingstone,0,0,0
England,18,LA Dawson,D Paterson,LS Livingstone,1,0,1
England,19,LA Dawson,AL Phehlukwayo,LS Livingstone,1,0,1
England,19,LS Livingstone,AL Phehlukwayo,LA Dawson,1,0,1
England,19,LA Dawson,AL Phehlukwayo,LS Livingstone,1,0,1
England,19,LS Livingstone,AL Phehlukwayo,LA Dawson,1,0,1
England,19,LA Dawson,AL Phehlukwayo,LE Plunkett,4,0,4
England,19,LA Dawson,AL Phehlukwayo,LE Plunkett,0,0,0
