Team,Over,Batter,Bowler,Non_Striker,Batter_Runs,Extras,Total_Runs
South Africa,0,JT Smuts,DJ Willey,RR Hendricks,0,0,0
South Africa,0,AB de Villiers,DJ Willey,RR Hendricks,0,1,1
South Africa,0,AB de Villiers,DJ Willey,RR Hendricks,1,0,1
South Africa,0,RR Hendricks,DJ Willey,AB de Villiers,3,0,3
South Africa,0,AB de Villiers,DJ Willey,RR Hendricks,2,0,2
South Africa,0,AB de Villiers,DJ Willey,RR Hendricks,0,0,0
South Africa,0,AB de Villiers,DJ Willey,RR Hendricks,0,0,0
South Africa,1,RR Hendricks,MA Wood,AB de Villiers,0,0,0
South Africa,1,DA Miller,MA Wood,AB de Villiers,1,0,1
South Africa,1,AB de Villiers,MA Wood,DA Miller,4,0,4
South Africa,1,AB de Villiers,MA Wood,DA Miller,0,0,0
South Africa,1,AB de Villiers,MA Wood,DA Miller,2,0,2
South Africa,1,AB de Villiers,MA Wood,DA Miller,4,0,4
South Africa,2,DA Miller,DJ Willey,AB de Villiers,6,0,6
South Africa,2,DA Miller,DJ Willey,AB de Villiers,0,0,0
South Africa,2,DA Miller,DJ Willey,AB de Villiers,1,0,1
South Africa,2,AB de Villiers,DJ Willey,DA Miller,0,0,0
South Africa,2,AB de Villiers,DJ Willey,DA Miller,1,0,1
South Africa,2,DA Miller,DJ Willey,AB de Villiers,0,0,0
South Africa,3,AB de Villiers,CJ Jordan,DA Miller,1,0,1
South Africa,3,DA Miller,CJ Jordan,AB de Villiers,1,0,1
South Africa,3,AB de Villiers,CJ Jordan,DA Miller,0,0,0
South Africa,3,AB de Villiers,CJ Jordan,DA Miller,0,0,0
South Africa,3,AB de Villiers,CJ Jordan,DA Miller,0,0,0
South Africa,3,AB de Villiers,CJ Jordan,DA Miller,4,0,4
South Africa,4,DA Miller,MA Wood,AB de Villiers,0,0,0
South Africa,4,F Behardien,MA Wood,AB de Villiers,0,0,0
South Africa,4,F Behardien,MA Wood,AB de Villiers,0,0,0
South Africa,4,F Behardien,MA Wood,AB de Villiers,1,0,1
South Africa,4,AB de Villiers,MA Wood,F Behardien,0,0,0
South Africa,4,AB de Villiers,MA Wood,F Behardien,0,0,0
South Africa,5,F Behardien,CJ Jordan,AB de Villiers,4,0,4
South Africa,5,F Behardien,CJ Jordan,AB de Villiers,1,0,1
South Africa,5,AB de Villiers,CJ Jordan,F Behardien,1,0,1
South Africa,5,F Behardien,CJ Jordan,AB de Villiers,2,0,2
South Africa,5,F Behardien,CJ Jordan,AB de Villiers,1,0,1
South Africa,5,AB de Villiers,CJ Jordan,F Behardien,1,0,1
South Africa,6,AB de Villiers,LA Dawson,F Behardien,0,0,0
South Africa,6,AB de Villiers,LA Dawson,F Behardien,1,0,1
South Africa,6,F Behardien,LA Dawson,AB de Villiers,0,0,0
South Africa,6,F Behardien,LA Dawson,AB de Villiers,1,0,1
South Africa,6,AB de Villiers,LA Dawson,F Behardien,1,0,1
South Africa,6,F Behardien,LA Dawson,AB de Villiers,1,0,1
South Africa,7,F Behardien,MS Crane,AB de Villiers,0,0,0
South Africa,7,F Behardien,MS Crane,AB de Villiers,0,0,0
South Africa,7,F Behardien,MS Crane,AB de Villiers,4,0,4
South Africa,7,F Behardien,MS Crane,AB de Villiers,1,0,1
South Africa,7,AB de Villiers,MS Crane,F Behardien,1,0,1
South Africa,7,F Behardien,MS Crane,AB de Villiers,0,0,0
South Africa,8,AB de Villiers,LA Dawson,F Behardien,1,0,1
South Africa,8,F Behardien,LA Dawson,AB de Villiers,0,0,0
South Africa,8,F Behardien,LA Dawson,AB de Villiers,1,0,1
South Africa,8,AB de Villiers,LA Dawson,F Behardien,0,0,0
South Africa,8,AB de Villiers,LA Dawson,F Behardien,0,0,0
South Africa,8,AB de Villiers,LA Dawson,F Behardien,0,0,0
South Africa,9,F Behardien,MS Crane,AB de Villiers,1,0,1
South Africa,9,AB de Villiers,MS Crane,F Behardien,1,0,1
South Africa,9,F Behardien,MS Crane,AB de Villiers,2,0,2
South Africa,9,F Behardien,MS Crane,AB de Villiers,1,0,1
South Africa,9,AB de Villiers,MS Crane,F Behardien,1,0,1
South Africa,9,F Behardien,MS Crane,AB de Villiers,1,0,1
South Africa,10,F Behardien,LA Dawson,AB de Villiers,1,0,1
South Africa,10,AB de Villiers,LA Dawson,F Behardien,2,0,2
South Africa,10,AB de Villiers,LA Dawson,F Behardien,0,0,0
South Africa,10,AB de Villiers,LA Dawson,F Behardien,1,0,1
South Africa,10,F Behardien,LA Dawson,AB de Villiers,1,0,1
South Africa,10,AB de Villiers,LA Dawson,F Behardien,1,0,1
South Africa,11,AB de Villiers,MS Crane,F Behardien,0,0,0
South Africa,11,AB de Villiers,MS Crane,F Behardien,1,0,1
South Africa,11,F Behardien,MS Crane,AB de Villiers,1,0,1
South Africa,11,AB de Villiers,MS Crane,F Behardien,2,0,2
South Africa,11,AB de Villiers,MS Crane,F Behardien,1,0,1
South Africa,11,F Behardien,MS Crane,AB de Villiers,0,0,0
South Africa,12,AB de Villiers,LA Dawson,F Behardien,2,0,2
South Africa,12,AB de Villiers,LA Dawson,F Behardien,0,0,0
South Africa,12,AB de Villiers,LA Dawson,F Behardien,1,0,1
South Africa,12,F Behardien,LA Dawson,AB de Villiers,1,0,1
South Africa,12,AB de Villiers,LA Dawson,F Behardien,1,0,1
South Africa,12,F Behardien,LA Dawson,AB de Villiers,0,0,0
South Africa,13,AB de Villiers,MS Crane,F Behardien,0,0,0
South Africa,13,AB de Villiers,MS Crane,F Behardien,1,0,1
South Africa,13,F Behardien,MS Crane,AB de Villiers,0,0,0
South Africa,13,F Behardien,MS Crane,AB de Villiers,1,0,1
South Africa,13,AB de Villiers,MS Crane,F Behardien,0,0,0
South Africa,13,AB de Villiers,MS Crane,F Behardien,4,0,4
South Africa,14,F Behardien,DJ Willey,AB de Villiers,2,0,2
South Africa,14,F Behardien,DJ Willey,AB de Villiers,0,0,0
South Africa,14,F Behardien,DJ Willey,AB de Villiers,4,0,4
South Africa,14,F Behardien,DJ Willey,AB de Villiers,1,0,1
South Africa,14,AB de Villiers,DJ Willey,F Behardien,1,0,1
South Africa,14,F Behardien,DJ Willey,AB de Villiers,1,0,1
South Africa,15,F Behardien,MA Wood,AB de Villiers,0,0,0
South Africa,15,F Behardien,MA Wood,AB de Villiers,1,0,1
South Africa,15,AB de Villiers,MA Wood,F Behardien,1,0,1
South Africa,15,F Behardien,MA Wood,AB de Villiers,0,0,0
South Africa,15,F Behardien,MA Wood,AB de Villiers,6,0,6
South Africa,15,F Behardien,MA Wood,AB de Villiers,1,0,1
South Africa,16,F Behardien,DJ Willey,AB de Villiers,1,0,1
South Africa,16,AB de Villiers,DJ Willey,F Behardien,1,0,1
South Africa,16,F Behardien,DJ Willey,AB de Villiers,0,0,0
South Africa,16,F Behardien,DJ Willey,AB de Villiers,1,0,1
South Africa,16,AB de Villiers,DJ Willey,F Behardien,6,0,6
South Africa,16,AB de Villiers,DJ Willey,F Behardien,1,0,1
South Africa,17,AB de Villiers,CJ Jordan,F Behardien,0,0,0
South Africa,17,AB de Villiers,CJ Jordan,F Behardien,1,0,1
South Africa,17,F Behardien,CJ Jordan,AB de Villiers,1,0,1
South Africa,17,AB de Villiers,CJ Jordan,F Behardien,1,0,1
South Africa,17,F Behardien,CJ Jordan,AB de Villiers,0,0,0
South Africa,17,F Behardien,CJ Jordan,AB de Villiers,1,0,1
South Africa,18,F Behardien,MA Wood,AB de Villiers,2,0,2
South Africa,18,F Behardien,MA Wood,AB de Villiers,4,0,4
South Africa,18,F Behardien,MA Wood,AB de Villiers,6,0,6
South Africa,18,F Behardien,MA Wood,AB de Villiers,2,0,2
South Africa,18,F Behardien,MA Wood,AB de Villiers,1,0,1
South Africa,18,AB de Villiers,MA Wood,F Behardien,0,0,0
South Africa,19,F Behardien,CJ Jordan,AB de Villiers,1,0,1
South Africa,19,AB de Villiers,CJ Jordan,F Behardien,6,0,6
South Africa,19,AB de Villiers,CJ Jordan,F Behardien,0,0,0
South Africa,19,AB de Villiers,CJ Jordan,F Behardien,2,0,2
South Africa,19,AB de Villiers,CJ Jordan,F Behardien,1,0,1
South Africa,19,F Behardien,CJ Jordan,AB de Villiers,1,0,1
England,0,JJ Roy,JT Smuts,AD Hales,0,0,0
England,0,JJ Roy,JT Smuts,AD Hales,1,0,1
England,0,AD Hales,JT Smuts,JJ Roy,1,0,1
England,0,JJ Roy,JT Smuts,AD Hales,0,0,0
England,0,JJ Roy,JT Smuts,AD Hales,1,0,1
England,0,AD Hales,JT Smuts,JJ Roy,1,0,1
England,1,AD Hales,WD Parnell,JJ Roy,0,1,1
England,1,AD Hales,WD Parnell,JJ Roy,4,0,4
England,1,AD Hales,WD Parnell,JJ Roy,0,0,0
England,1,AD Hales,WD Parnell,JJ Roy,0,0,0
England,1,AD Hales,WD Parnell,JJ Roy,0,0,0
England,1,AD Hales,WD Parnell,JJ Roy,2,0,2
England,1,AD Hales,WD Parnell,JJ Roy,0,1,1
England,2,AD Hales,JT Smuts,JJ Roy,1,0,1
England,2,JJ Roy,JT Smuts,AD Hales,6,0,6
England,2,JJ Roy,JT Smuts,AD Hales,0,0,0
England,2,JJ Roy,JT Smuts,AD Hales,1,0,1
England,2,AD Hales,JT Smuts,JJ Roy,0,0,0
England,2,AD Hales,JT Smuts,JJ Roy,2,0,2
England,3,JJ Roy,WD Parnell,AD Hales,0,4,4
England,3,JJ Roy,WD Parnell,AD Hales,6,0,6
England,3,JJ Roy,WD Parnell,AD Hales,4,0,4
England,3,JJ Roy,WD Parnell,AD Hales,4,0,4
England,3,JJ Roy,WD Parnell,AD Hales,4,0,4
England,3,JJ Roy,WD Parnell,AD Hales,1,0,1
England,4,JJ Roy,AL Phehlukwayo,AD Hales,0,0,0
England,4,JM Bairstow,AL Phehlukwayo,AD Hales,0,0,0
England,4,JM Bairstow,AL Phehlukwayo,AD Hales,4,0,4
England,4,JM Bairstow,AL Phehlukwayo,AD Hales,1,0,1
England,4,AD Hales,AL Phehlukwayo,JM Bairstow,1,0,1
England,4,JM Bairstow,AL Phehlukwayo,AD Hales,0,0,0
England,5,AD Hales,Imran Tahir,JM Bairstow,0,0,0
England,5,AD Hales,Imran Tahir,JM Bairstow,6,0,6
England,5,AD Hales,Imran Tahir,JM Bairstow,0,0,0
England,5,AD Hales,Imran Tahir,JM Bairstow,1,0,1
England,5,JM Bairstow,Imran Tahir,AD Hales,1,0,1
England,5,AD Hales,Imran Tahir,JM Bairstow,0,0,0
England,6,JM Bairstow,T Shamsi,AD Hales,2,0,2
England,6,JM Bairstow,T Shamsi,AD Hales,1,0,1
England,6,AD Hales,T Shamsi,JM Bairstow,1,0,1
England,6,JM Bairstow,T Shamsi,AD Hales,1,0,1
England,6,AD Hales,T Shamsi,JM Bairstow,0,0,0
England,6,AD Hales,T Shamsi,JM Bairstow,0,0,0
England,7,JM Bairstow,Imran Tahir,AD Hales,2,0,2
England,7,JM Bairstow,Imran Tahir,AD Hales,0,0,0
England,7,JM Bairstow,Imran Tahir,AD Hales,6,0,6
England,7,JM Bairstow,Imran Tahir,AD Hales,2,0,2
England,7,JM Bairstow,Imran Tahir,AD Hales,1,0,1
England,7,AD Hales,Imran Tahir,JM Bairstow,1,0,1
England,8,AD Hales,T Shamsi,JM Bairstow,0,0,0
England,8,AD Hales,T Shamsi,JM Bairstow,0,0,0
England,8,AD Hales,T Shamsi,JM Bairstow,1,0,1
England,8,JM Bairstow,T Shamsi,AD Hales,6,0,6
England,8,JM Bairstow,T Shamsi,AD Hales,1,0,1
England,8,AD Hales,T Shamsi,JM Bairstow,1,0,1
England,9,AD Hales,D Pretorius,JM Bairstow,3,0,3
England,9,JM Bairstow,D Pretorius,AD Hales,0,1,1
England,9,JM Bairstow,D Pretorius,AD Hales,1,0,1
England,9,AD Hales,D Pretorius,JM Bairstow,1,0,1
England,9,JM Bairstow,D Pretorius,AD Hales,1,0,1
England,9,AD Hales,D Pretorius,JM Bairstow,4,0,4
England,9,AD Hales,D Pretorius,JM Bairstow,1,0,1
England,10,AD Hales,JT Smuts,JM Bairstow,0,1,1
England,10,JM Bairstow,JT Smuts,AD Hales,0,0,0
England,10,JM Bairstow,JT Smuts,AD Hales,4,0,4
England,10,JM Bairstow,JT Smuts,AD Hales,1,0,1
England,10,AD Hales,JT Smuts,JM Bairstow,1,0,1
England,10,JM Bairstow,JT Smuts,AD Hales,0,0,0
England,11,AD Hales,D Pretorius,JM Bairstow,2,0,2
England,11,AD Hales,D Pretorius,JM Bairstow,1,0,1
England,11,JM Bairstow,D Pretorius,AD Hales,4,0,4
England,11,JM Bairstow,D Pretorius,AD Hales,1,0,1
England,11,AD Hales,D Pretorius,JM Bairstow,0,0,0
England,11,AD Hales,D Pretorius,JM Bairstow,0,0,0
England,12,JM Bairstow,Imran Tahir,AD Hales,4,0,4
England,12,JM Bairstow,Imran Tahir,AD Hales,1,0,1
England,12,AD Hales,Imran Tahir,JM Bairstow,1,0,1
England,12,JM Bairstow,Imran Tahir,AD Hales,1,0,1
England,12,AD Hales,Imran Tahir,JM Bairstow,4,0,4
England,12,AD Hales,Imran Tahir,JM Bairstow,6,0,6
England,13,JM Bairstow,T Shamsi,AD Hales,2,0,2
England,13,JM Bairstow,T Shamsi,AD Hales,0,0,0
England,13,JM Bairstow,T Shamsi,AD Hales,4,0,4
England,13,JM Bairstow,T Shamsi,AD Hales,0,0,0
England,13,JM Bairstow,T Shamsi,AD Hales,2,0,2
England,13,JM Bairstow,T Shamsi,AD Hales,1,0,1
England,14,JM Bairstow,AL Phehlukwayo,AD Hales,4,0,4
England,14,JM Bairstow,AL Phehlukwayo,AD Hales,0,0,0
England,14,JM Bairstow,AL Phehlukwayo,AD Hales,1,0,1
