Team,Over,Batter,Bowler,Non_Striker,Batter_Runs,Extras,Total_Runs
West Indies,0,J Charles,Mohammed Shami,E Lewis,0,1,1
West Indies,0,J Charles,Mohammed Shami,E Lewis,0,0,0
West Indies,0,J Charles,Mohammed Shami,E Lewis,6,0,6
West Indies,0,J Charles,Mohammed Shami,E Lewis,4,0,4
West Indies,0,J Charles,Mohammed Shami,E Lewis,1,0,1
West Indies,0,E Lewis,Mohammed Shami,J Charles,1,0,1
West Indies,0,J Charles,Mohammed Shami,E Lewis,4,0,4
West Indies,1,E Lewis,B Kumar,J Charles,0,0,0
West Indies,1,E Lewis,B Kumar,J Charles,1,0,1
West Indies,1,J Charles,B Kumar,E Lewis,0,0,0
West Indies,1,J Charles,B Kumar,E Lewis,4,0,4
West Indies,1,J Charles,B Kumar,E Lewis,0,0,0
West Indies,1,J Charles,B Kumar,E Lewis,2,0,2
West Indies,2,E Lewis,JJ Bumrah,J Charles,0,0,0
West Indies,2,E Lewis,JJ Bumrah,J Charles,2,0,2
West Indies,2,E Lewis,JJ Bumrah,J Charles,4,0,4
West Indies,2,E Lewis,JJ Bumrah,J Charles,2,0,2
West Indies,2,E Lewis,JJ Bumrah,J Charles,1,0,1
West Indies,2,J Charles,JJ Bumrah,E Lewis,0,0,0
West Indies,3,E Lewis,B Kumar,J Charles,0,0,0
West Indies,3,E Lewis,B Kumar,J Charles,2,0,2
West Indies,3,E Lewis,B Kumar,J Charles,1,0,1
West Indies,3,J Charles,B Kumar,E Lewis,4,0,4
West Indies,3,J Charles,B Kumar,E Lewis,4,0,4
West Indies,3,J Charles,B Kumar,E Lewis,2,0,2
West Indies,4,E Lewis,JJ Bumrah,J Charles,6,0,6
West Indies,4,E Lewis,JJ Bumrah,J Charles,4,0,4
West Indies,4,E Lewis,JJ Bumrah,J Charles,1,0,1
West Indies,4,J Charles,JJ Bumrah,E Lewis,0,0,0
West Indies,4,J Charles,JJ Bumrah,E Lewis,6,0,6
West Indies,4,J Charles,JJ Bumrah,E Lewis,1,0,1
West Indies,5,J Charles,R Ashwin,E Lewis,0,0,0
West Indies,5,J Charles,R Ashwin,E Lewis,1,0,1
West Indies,5,E Lewis,R Ashwin,J Charles,1,0,1
West Indies,5,J Charles,R Ashwin,E Lewis,6,0,6
West Indies,5,J Charles,R Ashwin,E Lewis,6,0,6
West Indies,5,J Charles,R Ashwin,E Lewis,0,0,0
West Indies,6,E Lewis,RA Jadeja,J Charles,6,0,6
West Indies,6,E Lewis,RA Jadeja,J Charles,6,0,6
West Indies,6,E Lewis,RA Jadeja,J Charles,0,0,0
West Indies,6,E Lewis,RA Jadeja,J Charles,0,0,0
West Indies,6,E Lewis,RA Jadeja,J Charles,1,0,1
West Indies,6,J Charles,RA Jadeja,E Lewis,0,0,0
West Indies,7,E Lewis,R Ashwin,J Charles,1,0,1
West Indies,7,J Charles,R Ashwin,E Lewis,6,0,6
West Indies,7,J Charles,R Ashwin,E Lewis,0,0,0
West Indies,7,J Charles,R Ashwin,E Lewis,2,0,2
West Indies,7,J Charles,R Ashwin,E Lewis,0,0,0
West Indies,7,J Charles,R Ashwin,E Lewis,1,0,1
West Indies,8,J Charles,RA Jadeja,E Lewis,4,0,4
West Indies,8,J Charles,RA Jadeja,E Lewis,6,0,6
West Indies,8,J Charles,RA Jadeja,E Lewis,2,0,2
West Indies,8,J Charles,RA Jadeja,E Lewis,1,0,1
West Indies,8,E Lewis,RA Jadeja,J Charles,1,0,1
West Indies,8,J Charles,RA Jadeja,E Lewis,6,0,6
West Indies,9,E Lewis,Mohammed Shami,J Charles,4,0,4
West Indies,9,E Lewis,Mohammed Shami,J Charles,1,0,1
West Indies,9,J Charles,Mohammed Shami,E Lewis,0,0,0
West Indies,9,AD Russell,Mohammed Shami,E Lewis,1,0,1
West Indies,9,E Lewis,Mohammed Shami,AD Russell,4,0,4
West Indies,9,E Lewis,Mohammed Shami,AD Russell,1,0,1
West Indies,10,E Lewis,STR Binny,AD Russell,6,0,6
West Indies,10,E Lewis,STR Binny,AD Russell,6,0,6
West Indies,10,E Lewis,STR Binny,AD Russell,0,1,1
West Indies,10,E Lewis,STR Binny,AD Russell,6,0,6
West Indies,10,E Lewis,STR Binny,AD Russell,6,0,6
West Indies,10,E Lewis,STR Binny,AD Russell,6,0,6
West Indies,10,E Lewis,STR Binny,AD Russell,1,0,1
West Indies,11,E Lewis,R Ashwin,AD Russell,2,0,2
West Indies,11,E Lewis,R Ashwin,AD Russell,0,0,0
West Indies,11,E Lewis,R Ashwin,AD Russell,0,0,0
West Indies,11,E Lewis,R Ashwin,AD Russell,1,0,1
West Indies,11,AD Russell,R Ashwin,E Lewis,1,0,1
West Indies,11,E Lewis,R Ashwin,AD Russell,0,0,0
West Indies,12,AD Russell,B Kumar,E Lewis,1,0,1
West Indies,12,E Lewis,B Kumar,AD Russell,0,0,0
West Indies,12,E Lewis,B Kumar,AD Russell,4,0,4
West Indies,12,E Lewis,B Kumar,AD Russell,1,0,1
West Indies,12,AD Russell,B Kumar,E Lewis,6,0,6
West Indies,12,AD Russell,B Kumar,E Lewis,1,0,1
West Indies,13,AD Russell,R Ashwin,E Lewis,1,0,1
West Indies,13,E Lewis,R Ashwin,AD Russell,0,0,0
West Indies,13,E Lewis,R Ashwin,AD Russell,0,0,0
West Indies,13,E Lewis,R Ashwin,AD Russell,6,0,6
West Indies,13,E Lewis,R Ashwin,AD Russell,0,0,0
West Indies,13,E Lewis,R Ashwin,AD Russell,1,0,1
West Indies,14,E Lewis,Mohammed Shami,AD Russell,1,0,1
West Indies,14,AD Russell,Mohammed Shami,E Lewis,6,0,6
West Indies,14,AD Russell,Mohammed Shami,E Lewis,1,0,1
West Indies,14,E Lewis,Mohammed Shami,AD Russell,1,0,1
West Indies,14,AD Russell,Mohammed Shami,E Lewis,0,1,1
West Indies,14,AD Russell,Mohammed Shami,E Lewis,0,0,0
West Indies,14,AD Russell,Mohammed Shami,E Lewis,0,0,0
West Indies,15,E Lewis,RA Jadeja,AD Russell,1,0,1
West Indies,15,AD Russell,RA Jadeja,E Lewis,4,0,4
West Indies,15,AD Russell,RA Jadeja,E Lewis,0,0,0
West Indies,15,KA Pollard,RA Jadeja,E Lewis,1,0,1
West Indies,15,E Lewis,RA Jadeja,KA Pollard,0,0,0
West Indies,15,KA Pollard,RA Jadeja,CR Brathwaite,0,0,0
West Indies,16,CR Brathwaite,Mohammed Shami,KA Pollard,1,0,1
West Indies,16,KA Pollard,Mohammed Shami,CR Brathwaite,1,0,1
West Indies,16,CR Brathwaite,Mohammed Shami,KA Pollard,6,0,6
West Indies,16,CR Brathwaite,Mohammed Shami,KA Pollard,0,0,0
West Indies,16,CR Brathwaite,Mohammed Shami,KA Pollard,1,0,1
West Indies,16,KA Pollard,Mohammed Shami,CR Brathwaite,1,0,1
West Indies,17,KA Pollard,JJ Bumrah,CR Brathwaite,2,0,2
West Indies,17,KA Pollard,JJ Bumrah,CR Brathwaite,1,1,2
West Indies,17,CR Brathwaite,JJ Bumrah,KA Pollard,4,0,4
West Indies,17,CR Brathwaite,JJ Bumrah,KA Pollard,1,0,1
West Indies,17,KA Pollard,JJ Bumrah,CR Brathwaite,0,0,0
West Indies,17,KA Pollard,JJ Bumrah,CR Brathwaite,1,0,1
West Indies,17,CR Brathwaite,JJ Bumrah,KA Pollard,0,0,0
West Indies,18,KA Pollard,B Kumar,CR Brathwaite,1,0,1
West Indies,18,CR Brathwaite,B Kumar,KA Pollard,0,0,0
West Indies,18,CR Brathwaite,B Kumar,KA Pollard,1,0,1
West Indies,18,KA Pollard,B Kumar,CR Brathwaite,0,1,1
West Indies,18,KA Pollard,B Kumar,CR Brathwaite,6,0,6
West Indies,18,KA Pollard,B Kumar,CR Brathwaite,1,0,1
West Indies,18,CR Brathwaite,B Kumar,KA Pollard,0,0,0
West Indies,19,KA Pollard,JJ Bumrah,CR Brathwaite,0,1,1
West Indies,19,KA Pollard,JJ Bumrah,DJ Bravo,6,0,6
West Indies,19,KA Pollard,JJ Bumrah,DJ Bravo,1,0,1
West Indies,19,DJ Bravo,JJ Bumrah,KA Pollard,1,0,1
West Indies,19,KA Pollard,JJ Bumrah,DJ Bravo,0,0,0
West Indies,19,LMP Simmons,JJ Bumrah,DJ Bravo,0,0,0
West Indies,19,MN Samuels,JJ Bumrah,DJ Bravo,1,0,1
India,0,RG Sharma,AD Russell,AM Rahane,2,0,2
India,0,RG Sharma,AD Russell,AM Rahane,1,0,1
India,0,AM Rahane,AD Russell,RG Sharma,1,0,1
India,0,RG Sharma,AD Russell,AM Rahane,1,0,1
India,0,AM Rahane,AD Russell,RG Sharma,0,0,0
India,0,AM Rahane,AD Russell,RG Sharma,0,0,0
India,1,RG Sharma,S Badree,AM Rahane,0,0,0
India,1,RG Sharma,S Badree,AM Rahane,4,0,4
India,1,RG Sharma,S Badree,AM Rahane,4,0,4
India,1,RG Sharma,S Badree,AM Rahane,1,0,1
India,1,AM Rahane,S Badree,RG Sharma,1,0,1
India,1,RG Sharma,S Badree,AM Rahane,4,0,4
India,2,AM Rahane,AD Russell,RG Sharma,4,0,4
India,2,AM Rahane,AD Russell,RG Sharma,1,0,1
India,2,RG Sharma,AD Russell,AM Rahane,2,0,2
India,2,RG Sharma,AD Russell,AM Rahane,4,0,4
India,2,RG Sharma,AD Russell,AM Rahane,1,0,1
India,2,AM Rahane,AD Russell,RG Sharma,0,0,0
India,3,V Kohli,S Badree,RG Sharma,0,0,0
India,3,V Kohli,S Badree,RG Sharma,4,0,4
India,3,V Kohli,S Badree,RG Sharma,0,0,0
India,3,V Kohli,S Badree,RG Sharma,2,0,2
India,3,V Kohli,S Badree,RG Sharma,4,0,4
India,3,V Kohli,S Badree,RG Sharma,1,0,1
India,4,V Kohli,DJ Bravo,RG Sharma,4,0,4
India,4,V Kohli,DJ Bravo,RG Sharma,1,0,1
India,4,RG Sharma,DJ Bravo,V Kohli,1,0,1
India,4,V Kohli,DJ Bravo,RG Sharma,0,0,0
India,4,KL Rahul,DJ Bravo,RG Sharma,2,0,2
India,4,KL Rahul,DJ Bravo,RG Sharma,1,0,1
India,5,KL Rahul,SP Narine,RG Sharma,4,0,4
India,5,KL Rahul,SP Narine,RG Sharma,6,0,6
India,5,KL Rahul,SP Narine,RG Sharma,0,0,0
India,5,KL Rahul,SP Narine,RG Sharma,2,0,2
India,5,KL Rahul,SP Narine,RG Sharma,4,0,4
India,5,KL Rahul,SP Narine,RG Sharma,0,0,0
India,6,RG Sharma,CR Brathwaite,KL Rahul,1,0,1
India,6,KL Rahul,CR Brathwaite,RG Sharma,1,0,1
India,6,RG Sharma,CR Brathwaite,KL Rahul,1,0,1
India,6,KL Rahul,CR Brathwaite,RG Sharma,2,0,2
India,6,KL Rahul,CR Brathwaite,RG Sharma,4,0,4
India,6,KL Rahul,CR Brathwaite,RG Sharma,4,0,4
India,7,RG Sharma,SP Narine,KL Rahul,2,0,2
India,7,RG Sharma,SP Narine,KL Rahul,0,0,0
India,7,RG Sharma,SP Narine,KL Rahul,6,0,6
India,7,RG Sharma,SP Narine,KL Rahul,6,0,6
India,7,RG Sharma,SP Narine,KL Rahul,1,0,1
India,7,KL Rahul,SP Narine,RG Sharma,1,0,1
India,8,KL Rahul,CR Brathwaite,RG Sharma,1,0,1
India,8,RG Sharma,CR Brathwaite,KL Rahul,1,0,1
India,8,KL Rahul,CR Brathwaite,RG Sharma,4,0,4
India,8,KL Rahul,CR Brathwaite,RG Sharma,0,0,0
India,8,KL Rahul,CR Brathwaite,RG Sharma,2,0,2
India,8,KL Rahul,CR Brathwaite,RG Sharma,0,0,0
India,9,RG Sharma,KA Pollard,KL Rahul,3,0,3
India,9,KL Rahul,KA Pollard,RG Sharma,1,0,1
India,9,RG Sharma,KA Pollard,KL Rahul,6,0,6
India,9,RG Sharma,KA Pollard,KL Rahul,1,0,1
India,9,KL Rahul,KA Pollard,RG Sharma,0,0,0
India,9,KL Rahul,KA Pollard,RG Sharma,1,0,1
India,10,KL Rahul,DJ Bravo,RG Sharma,4,0,4
India,10,KL Rahul,DJ Bravo,RG Sharma,1,0,1
India,10,RG Sharma,DJ Bravo,KL Rahul,1,0,1
India,10,KL Rahul,DJ Bravo,RG Sharma,1,0,1
India,10,RG Sharma,DJ Bravo,KL Rahul,2,0,2
India,10,RG Sharma,DJ Bravo,KL Rahul,6,0,6
India,11,KL Rahul,KA Pollard,RG Sharma,0,0,0
India,11,KL Rahul,KA Pollard,RG Sharma,4,0,4
India,11,KL Rahul,KA Pollard,RG Sharma,1,0,1
India,11,RG Sharma,KA Pollard,KL Rahul,0,1,1
India,11,RG Sharma,KA Pollard,KL Rahul,0,0,0
India,11,RG Sharma,KA Pollard,KL Rahul,0,0,0
India,11,MS Dhoni,KA Pollard,KL Rahul,1,0,1
India,12,MS Dhoni,CR Brathwaite,KL Rahul,4,0,4
India,12,MS Dhoni,CR Brathwaite,KL Rahul,2,0,2
India,12,MS Dhoni,CR Brathwaite,KL Rahul,1,0,1
India,12,KL Rahul,CR Brathwaite,MS Dhoni,1,0,1
India,12,MS Dhoni,CR Brathwaite,KL Rahul,2,0,2
India,12,MS Dhoni,CR Brathwaite,KL Rahul,2,0,2
India,13,KL Rahul,SP Narine,MS Dhoni,6,0,6
India,13,KL Rahul,SP Narine,MS Dhoni,0,0,0
India,13,KL Rahul,SP Narine,MS Dhoni,4,0,4
India,13,KL Rahul,SP Narine,MS Dhoni,2,0,2
India,13,KL Rahul,SP Narine,MS Dhoni,0,1,1
India,13,KL Rahul,SP Narine,MS Dhoni,4,0,4
India,13,KL Rahul,SP Narine,MS Dhoni,1,0,1
India,14,KL Rahul,CR Brathwaite,MS Dhoni,6,0,6
India,14,KL Rahul,CR Brathwaite,MS Dhoni,1,0,1
India,14,MS Dhoni,CR Brathwaite,KL Rahul,1,0,1
India,14,KL Rahul,CR Brathwaite,MS Dhoni,2,0,2
India,14,KL Rahul,CR Brathwaite,MS Dhoni,0,0,0
India,14,KL Rahul,CR Brathwaite,MS Dhoni,4,0,4
India,15,MS Dhoni,KA Pollard,KL Rahul,3,0,3
India,15,KL Rahul,KA Pollard,MS Dhoni,1,0,1
India,15,MS Dhoni,KA Pollard,KL Rahul,1,0,1
India,15,KL Rahul,KA Pollard,MS Dhoni,4,0,4
India,15,KL Rahul,KA Pollard,MS Dhoni,1,0,1
India,15,MS Dhoni,KA Pollard,KL Rahul,1,0,1
India,16,MS Dhoni,AD Russell,KL Rahul,0,0,0
India,16,MS Dhoni,AD Russell,KL Rahul,0,1,1
India,16,MS Dhoni,AD Russell,KL Rahul,6,0,6
India,16,MS Dhoni,AD Russell,KL Rahul,0,0,0
India,16,MS Dhoni,AD Russell,KL Rahul,6,0,6
India,16,MS Dhoni,AD Russell,KL Rahul,1,0,1
India,16,KL Rahul,AD Russell,MS Dhoni,6,0,6
India,17,MS Dhoni,DJ Bravo,KL Rahul,4,0,4
India,17,MS Dhoni,DJ Bravo,KL Rahul,0,0,0
India,17,MS Dhoni,DJ Bravo,KL Rahul,2,0,2
India,17,MS Dhoni,DJ Bravo,KL Rahul,1,0,1
India,17,KL Rahul,DJ Bravo,MS Dhoni,0,1,1
India,17,MS Dhoni,DJ Bravo,KL Rahul,1,0,1
India,18,MS Dhoni,AD Russell,KL Rahul,1,0,1
India,18,KL Rahul,AD Russell,MS Dhoni,0,0,0
India,18,KL Rahul,AD Russell,MS Dhoni,6,0,6
India,18,KL Rahul,AD Russell,MS Dhoni,4,0,4
India,18,KL Rahul,AD Russell,MS Dhoni,0,1,1
India,18,KL Rahul,AD Russell,MS Dhoni,2,0,2
India,18,KL Rahul,AD Russell,MS Dhoni,2,0,2
India,19,MS Dhoni,DJ Bravo,KL Rahul,1,0,1
India,19,KL Rahul,DJ Bravo,MS Dhoni,1,0,1
India,19,MS Dhoni,DJ Bravo,KL Rahul,0,1,1
India,19,KL Rahul,DJ Bravo,MS Dhoni,1,0,1
India,19,MS Dhoni,DJ Bravo,KL Rahul,2,0,2
India,19,MS Dhoni,DJ Bravo,KL Rahul,0,0,0
