Team,Over,Batter,Bowler,Non_Striker,Batter_Runs,Extras,Total_Runs
West Indies,0,J Charles,B Kumar,E Lewis,0,0,0
West Indies,0,J Charles,B Kumar,E Lewis,0,0,0
West Indies,0,J Charles,B Kumar,E Lewis,4,0,4
West Indies,0,J Charles,B Kumar,E Lewis,1,0,1
West Indies,0,E Lewis,B Kumar,J Charles,2,0,2
West Indies,0,E Lewis,B Kumar,J Charles,0,0,0
West Indies,1,J Charles,Mohammed Shami,E Lewis,0,0,0
West Indies,1,J Charles,Mohammed Shami,E Lewis,1,0,1
West Indies,1,E Lewis,Mohammed Shami,J Charles,1,0,1
West Indies,1,J Charles,Mohammed Shami,E Lewis,2,0,2
West Indies,1,J Charles,Mohammed Shami,E Lewis,1,0,1
West Indies,1,E Lewis,Mohammed Shami,J Charles,4,0,4
West Indies,2,J Charles,B Kumar,E Lewis,0,0,0
West Indies,2,J Charles,B Kumar,E Lewis,6,0,6
West Indies,2,J Charles,B Kumar,E Lewis,0,0,0
West Indies,2,J Charles,B Kumar,E Lewis,2,0,2
West Indies,2,J Charles,B Kumar,E Lewis,0,0,0
West Indies,2,J Charles,B Kumar,E Lewis,0,0,0
West Indies,3,E Lewis,Mohammed Shami,J Charles,0,0,0
West Indies,3,E Lewis,Mohammed Shami,J Charles,0,0,0
West Indies,3,J Charles,Mohammed Shami,MN Samuels,6,0,6
West Indies,3,J Charles,Mohammed Shami,MN Samuels,4,0,4
West Indies,3,J Charles,Mohammed Shami,MN Samuels,4,0,4
West Indies,3,J Charles,Mohammed Shami,MN Samuels,1,0,1
West Indies,4,J Charles,B Kumar,MN Samuels,0,0,0
West Indies,4,J Charles,B Kumar,MN Samuels,2,0,2
West Indies,4,J Charles,B Kumar,MN Samuels,4,0,4
West Indies,4,J Charles,B Kumar,MN Samuels,4,0,4
West Indies,4,J Charles,B Kumar,MN Samuels,0,0,0
West Indies,4,J Charles,B Kumar,MN Samuels,1,0,1
West Indies,5,J Charles,A Mishra,MN Samuels,0,0,0
West Indies,5,LMP Simmons,A Mishra,MN Samuels,0,0,0
West Indies,5,LMP Simmons,A Mishra,MN Samuels,1,0,1
West Indies,5,MN Samuels,A Mishra,LMP Simmons,0,0,0
West Indies,5,MN Samuels,A Mishra,LMP Simmons,0,1,1
West Indies,5,MN Samuels,A Mishra,LMP Simmons,1,0,1
West Indies,5,LMP Simmons,A Mishra,MN Samuels,1,0,1
West Indies,6,LMP Simmons,RA Jadeja,MN Samuels,0,0,0
West Indies,6,LMP Simmons,RA Jadeja,MN Samuels,0,0,0
West Indies,6,LMP Simmons,RA Jadeja,MN Samuels,0,0,0
West Indies,6,LMP Simmons,RA Jadeja,MN Samuels,0,0,0
West Indies,6,LMP Simmons,RA Jadeja,MN Samuels,0,0,0
West Indies,6,LMP Simmons,RA Jadeja,MN Samuels,1,0,1
West Indies,7,LMP Simmons,A Mishra,MN Samuels,1,0,1
West Indies,7,MN Samuels,A Mishra,LMP Simmons,1,0,1
West Indies,7,LMP Simmons,A Mishra,MN Samuels,0,0,0
West Indies,7,LMP Simmons,A Mishra,MN Samuels,4,0,4
West Indies,7,LMP Simmons,A Mishra,MN Samuels,0,0,0
West Indies,7,LMP Simmons,A Mishra,MN Samuels,1,0,1
West Indies,8,LMP Simmons,RA Jadeja,MN Samuels,4,0,4
West Indies,8,LMP Simmons,RA Jadeja,MN Samuels,4,0,4
West Indies,8,LMP Simmons,RA Jadeja,MN Samuels,1,0,1
West Indies,8,MN Samuels,RA Jadeja,LMP Simmons,0,0,0
West Indies,8,MN Samuels,RA Jadeja,LMP Simmons,0,0,0
West Indies,8,MN Samuels,RA Jadeja,LMP Simmons,1,0,1
West Indies,9,MN Samuels,R Ashwin,LMP Simmons,0,0,0
West Indies,9,MN Samuels,R Ashwin,LMP Simmons,1,0,1
West Indies,9,LMP Simmons,R Ashwin,MN Samuels,1,0,1
West Indies,9,MN Samuels,R Ashwin,LMP Simmons,1,0,1
West Indies,9,LMP Simmons,R Ashwin,MN Samuels,0,0,0
West Indies,9,LMP Simmons,R Ashwin,MN Samuels,0,1,1
West Indies,9,ADS Fletcher,R Ashwin,MN Samuels,0,0,0
West Indies,10,MN Samuels,JJ Bumrah,ADS Fletcher,0,0,0
West Indies,10,KA Pollard,JJ Bumrah,ADS Fletcher,0,0,0
West Indies,10,KA Pollard,JJ Bumrah,ADS Fletcher,2,0,2
West Indies,10,KA Pollard,JJ Bumrah,ADS Fletcher,0,1,1
West Indies,10,KA Pollard,JJ Bumrah,ADS Fletcher,4,0,4
West Indies,10,KA Pollard,JJ Bumrah,ADS Fletcher,0,0,0
West Indies,10,KA Pollard,JJ Bumrah,ADS Fletcher,6,0,6
West Indies,11,ADS Fletcher,R Ashwin,KA Pollard,1,0,1
West Indies,11,KA Pollard,R Ashwin,ADS Fletcher,1,0,1
West Indies,11,ADS Fletcher,R Ashwin,KA Pollard,0,0,0
West Indies,11,ADS Fletcher,R Ashwin,KA Pollard,1,0,1
West Indies,11,KA Pollard,R Ashwin,ADS Fletcher,0,0,0
West Indies,11,AD Russell,R Ashwin,ADS Fletcher,0,0,0
West Indies,12,ADS Fletcher,JJ Bumrah,AD Russell,0,0,0
West Indies,12,ADS Fletcher,JJ Bumrah,AD Russell,0,4,4
West Indies,12,ADS Fletcher,JJ Bumrah,AD Russell,0,0,0
West Indies,12,ADS Fletcher,JJ Bumrah,AD Russell,1,0,1
West Indies,12,AD Russell,JJ Bumrah,ADS Fletcher,1,0,1
West Indies,12,ADS Fletcher,JJ Bumrah,AD Russell,0,0,0
West Indies,13,AD Russell,R Ashwin,DJ Bravo,1,0,1
West Indies,13,DJ Bravo,R Ashwin,AD Russell,1,0,1
West Indies,13,AD Russell,R Ashwin,DJ Bravo,0,0,0
West Indies,13,AD Russell,R Ashwin,DJ Bravo,1,0,1
West Indies,13,DJ Bravo,R Ashwin,AD Russell,0,0,0
West Indies,13,DJ Bravo,R Ashwin,AD Russell,1,0,1
West Indies,14,DJ Bravo,JJ Bumrah,AD Russell,0,0,0
West Indies,14,DJ Bravo,JJ Bumrah,AD Russell,1,0,1
West Indies,14,AD Russell,JJ Bumrah,DJ Bravo,0,0,0
West Indies,14,AD Russell,JJ Bumrah,DJ Bravo,6,0,6
West Indies,14,AD Russell,JJ Bumrah,DJ Bravo,0,0,0
West Indies,14,AD Russell,JJ Bumrah,DJ Bravo,1,0,1
West Indies,15,AD Russell,A Mishra,DJ Bravo,1,0,1
West Indies,15,DJ Bravo,A Mishra,AD Russell,0,0,0
West Indies,15,CR Brathwaite,A Mishra,AD Russell,1,0,1
West Indies,15,AD Russell,A Mishra,CR Brathwaite,0,0,0
West Indies,15,AD Russell,A Mishra,CR Brathwaite,1,0,1
West Indies,15,CR Brathwaite,A Mishra,AD Russell,0,0,0
West Indies,16,AD Russell,B Kumar,CR Brathwaite,0,1,1
West Indies,16,AD Russell,B Kumar,CR Brathwaite,0,0,0
West Indies,16,AD Russell,B Kumar,CR Brathwaite,1,0,1
West Indies,16,CR Brathwaite,B Kumar,AD Russell,4,0,4
West Indies,16,CR Brathwaite,B Kumar,AD Russell,0,1,1
West Indies,16,CR Brathwaite,B Kumar,AD Russell,2,0,2
West Indies,16,CR Brathwaite,B Kumar,AD Russell,1,0,1
West Indies,16,AD Russell,B Kumar,CR Brathwaite,0,0,0
West Indies,17,CR Brathwaite,A Mishra,SP Narine,4,0,4
West Indies,17,CR Brathwaite,A Mishra,SP Narine,6,0,6
West Indies,17,CR Brathwaite,A Mishra,SP Narine,0,0,0
West Indies,17,CR Brathwaite,A Mishra,SP Narine,0,0,0
West Indies,17,CR Brathwaite,A Mishra,SP Narine,0,0,0
West Indies,17,S Badree,A Mishra,SP Narine,0,0,0
West Indies,18,SP Narine,JJ Bumrah,S Badree,0,0,0
West Indies,18,SP Narine,JJ Bumrah,S Badree,0,0,0
West Indies,18,SP Narine,JJ Bumrah,S Badree,1,0,1
West Indies,18,S Badree,JJ Bumrah,SP Narine,1,0,1
West Indies,18,SP Narine,JJ Bumrah,S Badree,1,0,1
West Indies,18,S Badree,JJ Bumrah,SP Narine,0,0,0
West Indies,19,SP Narine,Mohammed Shami,S Badree,0,0,0
West Indies,19,SP Narine,Mohammed Shami,S Badree,6,0,6
West Indies,19,SP Narine,Mohammed Shami,S Badree,1,0,1
West Indies,19,S Badree,Mohammed Shami,SP Narine,0,0,0
India,0,RG Sharma,AD Russell,AM Rahane,0,0,0
India,0,RG Sharma,AD Russell,AM Rahane,0,0,0
India,0,RG Sharma,AD Russell,AM Rahane,6,0,6
India,0,RG Sharma,AD Russell,AM Rahane,1,0,1
India,0,AM Rahane,AD Russell,RG Sharma,0,1,1
India,0,RG Sharma,AD Russell,AM Rahane,0,0,0
India,1,AM Rahane,S Badree,RG Sharma,1,0,1
India,1,RG Sharma,S Badree,AM Rahane,2,0,2
India,1,RG Sharma,S Badree,AM Rahane,1,0,1
India,1,AM Rahane,S Badree,RG Sharma,2,0,2
India,1,AM Rahane,S Badree,RG Sharma,1,0,1
India,1,RG Sharma,S Badree,AM Rahane,0,0,0
