Team,Over,Batter,Bowler,Non_Striker,Batter_Runs,Extras,Total_Runs
New Zealand,0,SW Bates,JL Jonassen,RH Priest,0,0,0
New Zealand,0,SW Bates,JL Jonassen,RH Priest,0,0,0
New Zealand,0,SW Bates,JL Jonassen,RH Priest,0,0,0
New Zealand,0,SW Bates,JL Jonassen,RH Priest,1,0,1
New Zealand,0,RH Priest,JL Jonassen,SW Bates,0,0,0
New Zealand,0,RH Priest,JL Jonassen,SW Bates,0,0,0
New Zealand,1,SW Bates,ML Schutt,RH Priest,0,0,0
New Zealand,1,SW Bates,ML Schutt,RH Priest,1,0,1
New Zealand,1,RH Priest,ML Schutt,SW Bates,0,0,0
New Zealand,1,RH Priest,ML Schutt,SW Bates,1,0,1
New Zealand,1,SW Bates,ML Schutt,RH Priest,1,0,1
New Zealand,1,RH Priest,ML Schutt,SW Bates,0,0,0
New Zealand,2,SW Bates,M Strano,RH Priest,4,0,4
New Zealand,2,SW Bates,M Strano,RH Priest,1,0,1
New Zealand,2,RH Priest,M Strano,SW Bates,4,0,4
New Zealand,2,RH Priest,M Strano,SW Bates,0,0,0
New Zealand,2,RH Priest,M Strano,SW Bates,1,0,1
New Zealand,2,SW Bates,M Strano,RH Priest,0,0,0
New Zealand,3,RH Priest,ML Schutt,SW Bates,0,1,1
New Zealand,3,RH Priest,ML Schutt,SW Bates,4,0,4
New Zealand,3,RH Priest,ML Schutt,SW Bates,0,1,1
New Zealand,3,SW Bates,ML Schutt,RH Priest,4,0,4
New Zealand,3,SW Bates,ML Schutt,RH Priest,0,0,0
New Zealand,3,SW Bates,ML Schutt,RH Priest,1,0,1
New Zealand,3,RH Priest,ML Schutt,SW Bates,1,0,1
New Zealand,4,RH Priest,JL Jonassen,SW Bates,0,0,0
New Zealand,4,RH Priest,JL Jonassen,SW Bates,0,0,0
New Zealand,4,RH Priest,JL Jonassen,SW Bates,1,0,1
New Zealand,4,SW Bates,JL Jonassen,RH Priest,1,0,1
New Zealand,4,RH Priest,JL Jonassen,SW Bates,0,0,0
New Zealand,4,RH Priest,JL Jonassen,SW Bates,0,0,0
New Zealand,5,SW Bates,M Strano,RH Priest,2,0,2
New Zealand,5,SW Bates,M Strano,RH Priest,0,0,0
New Zealand,5,SW Bates,M Strano,RH Priest,1,0,1
New Zealand,5,RH Priest,M Strano,SW Bates,4,0,4
New Zealand,5,RH Priest,M Strano,SW Bates,0,0,0
New Zealand,5,RH Priest,M Strano,SW Bates,1,0,1
New Zealand,6,RH Priest,A Wellington,SW Bates,0,0,0
New Zealand,6,RH Priest,A Wellington,SW Bates,0,0,0
New Zealand,6,AE Satterthwaite,A Wellington,SW Bates,1,0,1
New Zealand,6,SW Bates,A Wellington,AE Satterthwaite,1,0,1
New Zealand,6,AE Satterthwaite,A Wellington,SW Bates,0,1,1
New Zealand,6,SW Bates,A Wellington,AE Satterthwaite,2,0,2
New Zealand,7,AE Satterthwaite,A Gardner,SW Bates,0,0,0
New Zealand,7,AE Satterthwaite,A Gardner,SW Bates,0,0,0
New Zealand,7,AE Satterthwaite,A Gardner,SW Bates,1,0,1
New Zealand,7,SW Bates,A Gardner,AE Satterthwaite,1,0,1
New Zealand,7,AE Satterthwaite,A Gardner,SW Bates,1,0,1
New Zealand,7,SW Bates,A Gardner,AE Satterthwaite,0,0,0
New Zealand,8,AE Satterthwaite,A Wellington,SW Bates,0,0,0
New Zealand,8,AE Satterthwaite,A Wellington,SW Bates,1,0,1
New Zealand,8,SW Bates,A Wellington,AE Satterthwaite,0,0,0
New Zealand,8,SW Bates,A Wellington,AE Satterthwaite,1,0,1
New Zealand,8,AE Satterthwaite,A Wellington,SW Bates,1,0,1
New Zealand,8,SW Bates,A Wellington,AE Satterthwaite,0,0,0
New Zealand,9,AE Satterthwaite,A Gardner,SW Bates,2,0,2
New Zealand,9,AE Satterthwaite,A Gardner,SW Bates,0,0,0
New Zealand,9,AE Satterthwaite,A Gardner,SW Bates,1,0,1
New Zealand,9,SW Bates,A Gardner,AE Satterthwaite,2,0,2
New Zealand,9,SW Bates,A Gardner,AE Satterthwaite,1,0,1
New Zealand,9,AE Satterthwaite,A Gardner,SW Bates,4,0,4
New Zealand,10,SW Bates,JL Jonassen,AE Satterthwaite,0,0,0
New Zealand,10,SW Bates,JL Jonassen,AE Satterthwaite,4,0,4
New Zealand,10,SW Bates,JL Jonassen,AE Satterthwaite,0,0,0
New Zealand,10,SW Bates,JL Jonassen,AE Satterthwaite,0,0,0
New Zealand,10,SW Bates,JL Jonassen,AE Satterthwaite,1,0,1
New Zealand,10,AE Satterthwaite,JL Jonassen,SW Bates,1,0,1
New Zealand,11,AE Satterthwaite,KM Beams,SW Bates,4,0,4
New Zealand,11,AE Satterthwaite,KM Beams,SW Bates,1,0,1
New Zealand,11,SW Bates,KM Beams,AE Satterthwaite,0,0,0
New Zealand,11,SW Bates,KM Beams,AE Satterthwaite,1,0,1
New Zealand,11,AE Satterthwaite,KM Beams,SW Bates,0,0,0
New Zealand,11,AE Satterthwaite,KM Beams,SW Bates,0,0,0
New Zealand,12,KJ Martin,A Wellington,SW Bates,0,0,0
New Zealand,12,KJ Martin,A Wellington,SW Bates,1,0,1
New Zealand,12,SW Bates,A Wellington,KJ Martin,0,0,0
New Zealand,12,AM Peterson,A Wellington,KJ Martin,1,0,1
New Zealand,12,KJ Martin,A Wellington,AM Peterson,0,0,0
New Zealand,12,EC Perry,A Wellington,AM Peterson,0,0,0
New Zealand,13,AM Peterson,KM Beams,ML Green,0,0,0
New Zealand,13,AM Peterson,KM Beams,ML Green,0,0,0
New Zealand,13,AM Peterson,KM Beams,ML Green,1,0,1
New Zealand,13,ML Green,KM Beams,AM Peterson,0,0,0
New Zealand,13,ML Green,KM Beams,AM Peterson,0,0,0
New Zealand,13,ML Green,KM Beams,AM Peterson,0,0,0
New Zealand,14,AM Peterson,A Wellington,ML Green,0,0,0
New Zealand,14,AM Peterson,A Wellington,ML Green,0,0,0
New Zealand,14,AM Peterson,A Wellington,ML Green,0,0,0
New Zealand,14,AM Peterson,A Wellington,ML Green,0,1,1
New Zealand,14,AM Peterson,A Wellington,ML Green,4,0,4
New Zealand,14,AM Peterson,A Wellington,ML Green,0,0,0
New Zealand,14,AM Peterson,A Wellington,ML Green,0,1,1
New Zealand,14,AM Peterson,A Wellington,ML Green,1,0,1
New Zealand,15,AM Peterson,JL Jonassen,ML Green,1,0,1
New Zealand,15,ML Green,JL Jonassen,AM Peterson,1,0,1
New Zealand,15,AM Peterson,JL Jonassen,ML Green,0,0,0
New Zealand,15,AM Peterson,JL Jonassen,ML Green,2,0,2
New Zealand,15,AM Peterson,JL Jonassen,ML Green,1,0,1
New Zealand,15,ML Green,JL Jonassen,AM Peterson,1,0,1
New Zealand,16,ML Green,KM Beams,AM Peterson,0,0,0
New Zealand,16,ML Green,KM Beams,AM Peterson,1,0,1
New Zealand,16,AM Peterson,KM Beams,ML Green,1,0,1
New Zealand,16,ML Green,KM Beams,AM Peterson,1,0,1
New Zealand,16,AM Peterson,KM Beams,ML Green,2,0,2
New Zealand,16,AM Peterson,KM Beams,ML Green,1,0,1
New Zealand,17,AM Peterson,M Strano,ML Green,0,0,0
New Zealand,17,AM Peterson,M Strano,ML Green,0,0,0
New Zealand,17,ML Green,M Strano,EM Bermingham,1,0,1
New Zealand,17,EM Bermingham,M Strano,ML Green,3,0,3
New Zealand,17,ML Green,M Strano,EM Bermingham,2,0,2
New Zealand,17,ML Green,M Strano,EM Bermingham,1,0,1
New Zealand,18,ML Green,KM Beams,EM Bermingham,0,1,1
New Zealand,18,EM Bermingham,KM Beams,ML Green,2,0,2
New Zealand,18,EM Bermingham,KM Beams,ML Green,0,0,0
New Zealand,18,ML Green,KM Beams,LMM Tahuhu,0,0,0
New Zealand,18,ML Green,KM Beams,LMM Tahuhu,0,0,0
New Zealand,18,ML Green,KM Beams,LMM Tahuhu,6,0,6
New Zealand,19,LMM Tahuhu,M Strano,ML Green,1,0,1
New Zealand,19,ML Green,M Strano,LMM Tahuhu,0,0,0
New Zealand,19,LMM Tahuhu,M Strano,AC Kerr,1,0,1
New Zealand,19,AC Kerr,M Strano,LMM Tahuhu,1,0,1
New Zealand,19,LMM Tahuhu,M Strano,AC Kerr,2,0,2
New Zealand,19,LMM Tahuhu,M Strano,AC Kerr,1,0,1
Australia,0,BL Mooney,LMM Tahuhu,MM Lanning,0,0,0
Australia,0,BL Mooney,LMM Tahuhu,MM Lanning,1,0,1
Australia,0,MM Lanning,LMM Tahuhu,BL Mooney,0,0,0
Australia,0,MM Lanning,LMM Tahuhu,BL Mooney,0,0,0
Australia,0,MM Lanning,LMM Tahuhu,A Gardner,0,1,1
Australia,0,MM Lanning,LMM Tahuhu,A Gardner,4,0,4
Australia,0,MM Lanning,LMM Tahuhu,A Gardner,0,0,0
Australia,1,A Gardner,HR Huddleston,MM Lanning,0,0,0
Australia,1,A Gardner,HR Huddleston,MM Lanning,0,0,0
Australia,1,A Gardner,HR Huddleston,MM Lanning,0,0,0
Australia,1,A Gardner,HR Huddleston,MM Lanning,0,0,0
Australia,1,A Gardner,HR Huddleston,MM Lanning,0,0,0
Australia,1,A Gardner,HR Huddleston,MM Lanning,0,0,0
Australia,2,MM Lanning,LMM Tahuhu,A Gardner,0,0,0
Australia,2,MM Lanning,LMM Tahuhu,A Gardner,0,0,0
Australia,2,MM Lanning,LMM Tahuhu,A Gardner,1,0,1
Australia,2,A Gardner,LMM Tahuhu,MM Lanning,0,0,0
Australia,2,A Gardner,LMM Tahuhu,MM Lanning,0,0,0
Australia,2,A Gardner,LMM Tahuhu,MM Lanning,0,0,0
Australia,3,MM Lanning,HR Huddleston,A Gardner,0,0,0
Australia,3,EJ Villani,HR Huddleston,A Gardner,0,0,0
Australia,3,EJ Villani,HR Huddleston,A Gardner,0,0,0
Australia,3,AJ Healy,HR Huddleston,A Gardner,0,0,0
Australia,3,AJ Healy,HR Huddleston,A Gardner,0,0,0
Australia,3,AJ Healy,HR Huddleston,A Gardner,0,0,0
Australia,4,A Gardner,LMM Tahuhu,AJ Healy,0,0,0
Australia,4,A Gardner,LMM Tahuhu,AJ Healy,0,0,0
Australia,4,JL Jonassen,LMM Tahuhu,AJ Healy,0,0,0
Australia,4,JL Jonassen,LMM Tahuhu,AJ Healy,0,0,0
Australia,4,JL Jonassen,LMM Tahuhu,AJ Healy,2,0,2
Australia,4,JL Jonassen,LMM Tahuhu,AJ Healy,0,0,0
Australia,5,AJ Healy,HR Huddleston,AJ Blackwell,0,0,0
Australia,5,AJ Healy,HR Huddleston,AJ Blackwell,1,0,1
Australia,5,AJ Blackwell,HR Huddleston,AJ Healy,0,0,0
Australia,5,AJ Blackwell,HR Huddleston,AJ Healy,0,0,0
Australia,5,AJ Blackwell,HR Huddleston,AJ Healy,1,0,1
Australia,5,AJ Healy,HR Huddleston,AJ Blackwell,0,0,0
Australia,6,AJ Blackwell,LMM Tahuhu,AJ Healy,0,0,0
Australia,6,AJ Blackwell,LMM Tahuhu,AJ Healy,0,0,0
Australia,6,AJ Blackwell,LMM Tahuhu,AJ Healy,0,1,1
Australia,6,AJ Blackwell,LMM Tahuhu,AJ Healy,0,0,0
Australia,6,AJ Blackwell,LMM Tahuhu,AJ Healy,1,0,1
Australia,6,AJ Healy,LMM Tahuhu,AJ Blackwell,1,0,1
Australia,6,AJ Blackwell,LMM Tahuhu,AJ Healy,1,0,1
Australia,7,AJ Blackwell,AC Kerr,AJ Healy,1,0,1
Australia,7,AJ Healy,AC Kerr,AJ Blackwell,1,0,1
Australia,7,AJ Blackwell,AC Kerr,AJ Healy,0,0,0
Australia,7,AJ Blackwell,AC Kerr,AJ Healy,1,0,1
Australia,7,AJ Healy,AC Kerr,AJ Blackwell,1,0,1
Australia,7,AJ Blackwell,AC Kerr,AJ Healy,1,0,1
Australia,8,AJ Blackwell,EM Bermingham,AJ Healy,1,0,1
Australia,8,AJ Healy,EM Bermingham,AJ Blackwell,0,1,1
Australia,8,AJ Healy,EM Bermingham,AJ Blackwell,1,0,1
Australia,8,AJ Blackwell,EM Bermingham,AJ Healy,1,0,1
Australia,8,AJ Healy,EM Bermingham,AJ Blackwell,1,0,1
Australia,8,AJ Blackwell,EM Bermingham,AJ Healy,1,0,1
Australia,8,AJ Healy,EM Bermingham,AJ Blackwell,1,0,1
Australia,9,AJ Healy,AC Kerr,AJ Blackwell,1,0,1
Australia,9,AJ Blackwell,AC Kerr,AJ Healy,2,0,2
Australia,9,AJ Blackwell,AC Kerr,AJ Healy,1,0,1
Australia,9,AJ Healy,AC Kerr,AJ Blackwell,4,0,4
Australia,9,AJ Healy,AC Kerr,AJ Blackwell,0,0,0
Australia,9,M Strano,AC Kerr,AJ Blackwell,0,0,0
Australia,10,AJ Blackwell,SW Bates,M Strano,0,0,0
Australia,10,AJ Blackwell,SW Bates,M Strano,1,0,1
Australia,10,M Strano,SW Bates,AJ Blackwell,0,0,0
Australia,10,M Strano,SW Bates,AJ Blackwell,0,0,0
Australia,10,ML Schutt,SW Bates,AJ Blackwell,0,0,0
Australia,10,ML Schutt,SW Bates,AJ Blackwell,1,0,1
Australia,11,ML Schutt,AM Peterson,AJ Blackwell,0,0,0
Australia,11,ML Schutt,AM Peterson,AJ Blackwell,1,0,1
Australia,11,AJ Blackwell,AM Peterson,ML Schutt,1,0,1
Australia,11,ML Schutt,AM Peterson,AJ Blackwell,0,0,0
Australia,11,A Wellington,AM Peterson,AJ Blackwell,4,0,4
Australia,11,A Wellington,AM Peterson,AJ Blackwell,0,0,0
Australia,12,AJ Blackwell,SW Bates,A Wellington,2,0,2
Australia,12,AJ Blackwell,SW Bates,A Wellington,1,0,1
Australia,12,A Wellington,SW Bates,AJ Blackwell,1,0,1
Australia,12,AJ Blackwell,SW Bates,A Wellington,1,0,1
Australia,12,A Wellington,SW Bates,AJ Blackwell,1,0,1
Australia,12,AJ Blackwell,SW Bates,A Wellington,1,0,1
Australia,13,AJ Blackwell,HR Huddleston,A Wellington,1,0,1
Australia,13,A Wellington,HR Huddleston,AJ Blackwell,0,0,0
Australia,13,A Wellington,HR Huddleston,AJ Blackwell,1,0,1
Australia,13,AJ Blackwell,HR Huddleston,A Wellington,0,0,0
Australia,13,AJ Blackwell,HR Huddleston,A Wellington,4,0,4
Australia,13,AJ Blackwell,HR Huddleston,A Wellington,0,1,1
Australia,13,AJ Blackwell,HR Huddleston,A Wellington,0,0,0
Australia,14,A Wellington,AC Kerr,AJ Blackwell,1,0,1
Australia,14,AJ Blackwell,AC Kerr,A Wellington,1,0,1
Australia,14,A Wellington,AC Kerr,AJ Blackwell,0,0,0
Australia,14,AJ Blackwell,AC Kerr,KM Beams,0,0,0
Australia,14,AJ Blackwell,AC Kerr,KM Beams,1,0,1
Australia,14,KM Beams,AC Kerr,AJ Blackwell,0,0,0
Australia,15,AJ Blackwell,AM Peterson,KM Beams,2,0,2
Australia,15,AJ Blackwell,AM Peterson,KM Beams,1,0,1
Australia,15,KM Beams,AM Peterson,AJ Blackwell,1,0,1
Australia,15,AJ Blackwell,AM Peterson,KM Beams,1,0,1
Australia,15,KM Beams,AM Peterson,AJ Blackwell,0,0,0
Australia,15,KM Beams,AM Peterson,AJ Blackwell,1,0,1
