Team,Over,Batter,Bowler,Non_Striker,Batter_Runs,Extras,Total_Runs
Australia,0,MM Lanning,LMM Tahuhu,BL Mooney,1,0,1
Australia,0,BL Mooney,LMM Tahuhu,MM Lanning,0,0,0
Australia,0,BL Mooney,LMM Tahuhu,MM Lanning,0,0,0
Australia,0,BL Mooney,LMM Tahuhu,MM Lanning,1,0,1
Australia,0,MM Lanning,LMM Tahuhu,BL Mooney,0,0,0
Australia,0,MM Lanning,LMM Tahuhu,BL Mooney,1,0,1
Australia,1,MM Lanning,HR Huddleston,BL Mooney,0,0,0
Australia,1,MM Lanning,HR Huddleston,BL Mooney,1,0,1
Australia,1,BL Mooney,HR Huddleston,MM Lanning,0,1,1
Australia,1,BL Mooney,HR Huddleston,MM Lanning,0,4,4
Australia,1,BL Mooney,HR Huddleston,MM Lanning,0,0,0
Australia,1,BL Mooney,HR Huddleston,MM Lanning,0,0,0
Australia,1,BL Mooney,HR Huddleston,MM Lanning,0,0,0
Australia,2,MM Lanning,LMM Tahuhu,BL Mooney,0,0,0
Australia,2,MM Lanning,LMM Tahuhu,BL Mooney,0,0,0
Australia,2,MM Lanning,LMM Tahuhu,BL Mooney,1,0,1
Australia,2,BL Mooney,LMM Tahuhu,MM Lanning,0,0,0
Australia,2,BL Mooney,LMM Tahuhu,MM Lanning,0,0,0
Australia,2,BL Mooney,LMM Tahuhu,MM Lanning,0,0,0
Australia,3,MM Lanning,HR Huddleston,A Gardner,0,1,1
Australia,3,MM Lanning,HR Huddleston,A Gardner,4,0,4
Australia,3,MM Lanning,HR Huddleston,A Gardner,4,0,4
Australia,3,MM Lanning,HR Huddleston,A Gardner,0,0,0
Australia,3,MM Lanning,HR Huddleston,A Gardner,0,0,0
Australia,3,MM Lanning,HR Huddleston,A Gardner,1,0,1
Australia,3,A Gardner,HR Huddleston,MM Lanning,0,0,0
Australia,4,MM Lanning,LMM Tahuhu,EJ Villani,4,0,4
Australia,4,MM Lanning,LMM Tahuhu,EJ Villani,1,0,1
Australia,4,EJ Villani,LMM Tahuhu,MM Lanning,1,0,1
Australia,4,MM Lanning,LMM Tahuhu,EJ Villani,0,0,0
Australia,4,MM Lanning,LMM Tahuhu,EJ Villani,0,0,0
Australia,4,MM Lanning,LMM Tahuhu,EJ Villani,1,0,1
Australia,5,MM Lanning,EM Bermingham,EJ Villani,0,0,0
Australia,5,MM Lanning,EM Bermingham,EJ Villani,0,0,0
Australia,5,MM Lanning,EM Bermingham,EJ Villani,1,0,1
Australia,5,EJ Villani,EM Bermingham,MM Lanning,2,0,2
Australia,5,EJ Villani,EM Bermingham,MM Lanning,1,0,1
Australia,5,MM Lanning,EM Bermingham,EJ Villani,1,0,1
Australia,6,MM Lanning,SW Bates,EJ Villani,1,0,1
Australia,6,EJ Villani,SW Bates,MM Lanning,1,0,1
Australia,6,MM Lanning,SW Bates,EJ Villani,0,0,0
Australia,6,MM Lanning,SW Bates,EJ Villani,0,0,0
Australia,6,MM Lanning,SW Bates,EJ Villani,2,0,2
Australia,6,MM Lanning,SW Bates,EJ Villani,4,0,4
Australia,7,EJ Villani,EM Bermingham,MM Lanning,0,0,0
Australia,7,EJ Villani,EM Bermingham,MM Lanning,2,0,2
Australia,7,EJ Villani,EM Bermingham,MM Lanning,2,0,2
Australia,7,EJ Villani,EM Bermingham,MM Lanning,0,0,0
Australia,7,EJ Villani,EM Bermingham,MM Lanning,1,0,1
Australia,7,MM Lanning,EM Bermingham,EJ Villani,0,0,0
Australia,8,EJ Villani,AE Satterthwaite,MM Lanning,1,0,1
Australia,8,MM Lanning,AE Satterthwaite,EJ Villani,1,0,1
Australia,8,EJ Villani,AE Satterthwaite,MM Lanning,2,0,2
Australia,8,EJ Villani,AE Satterthwaite,MM Lanning,1,0,1
Australia,8,MM Lanning,AE Satterthwaite,EJ Villani,0,0,0
Australia,8,MM Lanning,AE Satterthwaite,EJ Villani,4,0,4
Australia,9,EJ Villani,EM Bermingham,MM Lanning,6,0,6
Australia,9,EJ Villani,EM Bermingham,MM Lanning,4,0,4
Australia,9,EJ Villani,EM Bermingham,MM Lanning,1,0,1
Australia,9,MM Lanning,EM Bermingham,EJ Villani,2,0,2
Australia,9,MM Lanning,EM Bermingham,EJ Villani,1,0,1
Australia,9,EJ Villani,EM Bermingham,MM Lanning,1,0,1
Australia,10,EJ Villani,AE Satterthwaite,MM Lanning,2,0,2
Australia,10,EJ Villani,AE Satterthwaite,MM Lanning,2,0,2
Australia,10,EJ Villani,AE Satterthwaite,MM Lanning,1,0,1
Australia,10,MM Lanning,AE Satterthwaite,EJ Villani,2,0,2
Australia,10,MM Lanning,AE Satterthwaite,EJ Villani,1,0,1
Australia,10,EJ Villani,AE Satterthwaite,MM Lanning,4,0,4
Australia,11,MM Lanning,SW Bates,EJ Villani,1,0,1
Australia,11,EJ Villani,SW Bates,MM Lanning,1,0,1
Australia,11,MM Lanning,SW Bates,EJ Villani,0,0,0
Australia,11,MM Lanning,SW Bates,EJ Villani,1,0,1
Australia,11,EJ Villani,SW Bates,MM Lanning,1,0,1
Australia,11,MM Lanning,SW Bates,EJ Villani,4,0,4
Australia,12,EJ Villani,LM Kasperek,MM Lanning,1,0,1
Australia,12,MM Lanning,LM Kasperek,EJ Villani,1,0,1
Australia,12,EJ Villani,LM Kasperek,MM Lanning,1,0,1
Australia,12,MM Lanning,LM Kasperek,EJ Villani,4,0,4
Australia,12,MM Lanning,LM Kasperek,EJ Villani,1,0,1
Australia,12,EJ Villani,LM Kasperek,MM Lanning,3,0,3
Australia,13,EJ Villani,LMM Tahuhu,MM Lanning,1,0,1
Australia,13,MM Lanning,LMM Tahuhu,EJ Villani,4,0,4
Australia,13,MM Lanning,LMM Tahuhu,EJ Villani,1,0,1
Australia,13,EJ Villani,LMM Tahuhu,MM Lanning,4,0,4
Australia,13,EJ Villani,LMM Tahuhu,MM Lanning,0,0,0
Australia,13,EJ Villani,LMM Tahuhu,MM Lanning,1,0,1
Australia,14,EJ Villani,LM Kasperek,MM Lanning,1,0,1
Australia,14,MM Lanning,LM Kasperek,EJ Villani,1,0,1
Australia,14,EJ Villani,LM Kasperek,MM Lanning,2,0,2
Australia,14,EJ Villani,LM Kasperek,MM Lanning,0,0,0
Australia,14,EJ Villani,LM Kasperek,MM Lanning,2,0,2
Australia,14,EJ Villani,LM Kasperek,MM Lanning,4,0,4
Australia,15,MM Lanning,HR Huddleston,EJ Villani,1,0,1
Australia,15,EJ Villani,HR Huddleston,MM Lanning,1,0,1
Australia,15,MM Lanning,HR Huddleston,EJ Villani,0,0,0
Australia,15,MM Lanning,HR Huddleston,EJ Villani,1,0,1
Australia,15,EJ Villani,HR Huddleston,MM Lanning,1,0,1
Australia,15,MM Lanning,HR Huddleston,EJ Villani,0,2,2
Australia,16,EJ Villani,SW Bates,MM Lanning,1,0,1
Australia,16,MM Lanning,SW Bates,EJ Villani,0,0,0
Australia,16,MM Lanning,SW Bates,EJ Villani,1,0,1
Australia,16,EJ Villani,SW Bates,MM Lanning,1,0,1
Australia,16,MM Lanning,SW Bates,EJ Villani,0,0,0
Australia,16,EJ Villani,SW Bates,AJ Blackwell,1,0,1
Australia,17,EJ Villani,HR Huddleston,AJ Blackwell,1,0,1
Australia,17,AJ Blackwell,HR Huddleston,EJ Villani,1,0,1
Australia,17,EJ Villani,HR Huddleston,AJ Blackwell,0,1,1
Australia,17,AJ Blackwell,HR Huddleston,EJ Villani,1,0,1
Australia,17,EJ Villani,HR Huddleston,AJ Blackwell,1,0,1
Australia,17,AJ Blackwell,HR Huddleston,EJ Villani,1,0,1
Australia,18,AJ Blackwell,SW Bates,EJ Villani,1,0,1
Australia,18,EJ Villani,SW Bates,AJ Blackwell,1,0,1
Australia,18,AJ Blackwell,SW Bates,EJ Villani,0,0,0
Australia,18,AJ Blackwell,SW Bates,EJ Villani,0,0,0
Australia,18,AJ Blackwell,SW Bates,EJ Villani,1,0,1
Australia,18,EJ Villani,SW Bates,AJ Blackwell,2,0,2
Australia,19,AJ Blackwell,LM Kasperek,EJ Villani,1,0,1
Australia,19,EJ Villani,LM Kasperek,AJ Blackwell,4,0,4
Australia,19,EJ Villani,LM Kasperek,AJ Blackwell,1,0,1
Australia,19,AJ Blackwell,LM Kasperek,EJ Villani,1,0,1
Australia,19,EJ Villani,LM Kasperek,AJ Blackwell,1,0,1
Australia,19,AJ Blackwell,LM Kasperek,EJ Villani,1,0,1
New Zealand,0,SW Bates,ML Schutt,RH Priest,2,0,2
New Zealand,0,SW Bates,ML Schutt,RH Priest,0,0,0
New Zealand,0,SW Bates,ML Schutt,RH Priest,4,0,4
New Zealand,0,SW Bates,ML Schutt,RH Priest,0,0,0
New Zealand,0,SW Bates,ML Schutt,RH Priest,1,0,1
New Zealand,0,RH Priest,ML Schutt,SW Bates,1,0,1
New Zealand,1,RH Priest,JL Jonassen,SW Bates,0,0,0
New Zealand,1,RH Priest,JL Jonassen,SW Bates,1,0,1
New Zealand,1,SW Bates,JL Jonassen,RH Priest,1,0,1
New Zealand,1,RH Priest,JL Jonassen,SW Bates,0,1,1
New Zealand,1,SW Bates,JL Jonassen,RH Priest,1,0,1
New Zealand,1,RH Priest,JL Jonassen,SW Bates,1,0,1
New Zealand,2,RH Priest,M Strano,SW Bates,0,0,0
New Zealand,2,RH Priest,M Strano,SW Bates,1,0,1
New Zealand,2,SW Bates,M Strano,RH Priest,0,0,0
New Zealand,2,SW Bates,M Strano,RH Priest,2,0,2
New Zealand,2,SW Bates,M Strano,RH Priest,0,0,0
New Zealand,2,SW Bates,M Strano,RH Priest,0,0,0
New Zealand,3,RH Priest,JL Jonassen,SW Bates,0,0,0
New Zealand,3,RH Priest,JL Jonassen,SW Bates,1,0,1
New Zealand,3,SW Bates,JL Jonassen,RH Priest,0,0,0
New Zealand,3,SW Bates,JL Jonassen,RH Priest,0,0,0
New Zealand,3,SW Bates,JL Jonassen,RH Priest,1,0,1
New Zealand,3,RH Priest,JL Jonassen,SW Bates,0,0,0
New Zealand,4,SW Bates,KM Beams,RH Priest,0,0,0
New Zealand,4,SW Bates,KM Beams,RH Priest,0,0,0
New Zealand,4,SW Bates,KM Beams,RH Priest,4,0,4
New Zealand,4,SW Bates,KM Beams,RH Priest,4,0,4
New Zealand,4,SW Bates,KM Beams,RH Priest,0,0,0
New Zealand,4,SW Bates,KM Beams,RH Priest,0,0,0
New Zealand,5,RH Priest,M Strano,SW Bates,2,0,2
New Zealand,5,RH Priest,M Strano,SW Bates,0,0,0
New Zealand,5,AM Peterson,M Strano,SW Bates,1,0,1
New Zealand,5,SW Bates,M Strano,AM Peterson,0,0,0
New Zealand,5,SW Bates,M Strano,AM Peterson,1,0,1
New Zealand,5,AM Peterson,M Strano,SW Bates,0,0,0
New Zealand,6,SW Bates,JL Jonassen,AM Peterson,0,0,0
New Zealand,6,SW Bates,JL Jonassen,AM Peterson,0,0,0
New Zealand,6,SW Bates,JL Jonassen,AM Peterson,1,0,1
New Zealand,6,AM Peterson,JL Jonassen,SW Bates,0,0,0
New Zealand,6,AE Satterthwaite,JL Jonassen,SW Bates,0,1,1
New Zealand,6,SW Bates,JL Jonassen,AE Satterthwaite,1,0,1
New Zealand,7,SW Bates,A Wellington,AE Satterthwaite,0,0,0
New Zealand,7,SW Bates,A Wellington,AE Satterthwaite,1,0,1
New Zealand,7,AE Satterthwaite,A Wellington,SW Bates,0,0,0
New Zealand,7,AE Satterthwaite,A Wellington,SW Bates,2,0,2
New Zealand,7,AE Satterthwaite,A Wellington,SW Bates,0,0,0
New Zealand,7,AE Satterthwaite,A Wellington,SW Bates,1,0,1
New Zealand,8,AE Satterthwaite,ML Schutt,SW Bates,0,0,0
New Zealand,8,AE Satterthwaite,ML Schutt,SW Bates,0,0,0
New Zealand,8,AE Satterthwaite,ML Schutt,SW Bates,0,0,0
New Zealand,8,AE Satterthwaite,ML Schutt,SW Bates,1,0,1
New Zealand,8,SW Bates,ML Schutt,AE Satterthwaite,1,0,1
New Zealand,8,AE Satterthwaite,ML Schutt,SW Bates,1,0,1
New Zealand,9,AE Satterthwaite,A Wellington,SW Bates,1,0,1
New Zealand,9,SW Bates,A Wellington,AE Satterthwaite,0,0,0
New Zealand,9,SW Bates,A Wellington,AE Satterthwaite,0,0,0
New Zealand,9,SW Bates,A Wellington,AE Satterthwaite,1,0,1
New Zealand,9,AE Satterthwaite,A Wellington,SW Bates,0,0,0
New Zealand,9,AE Satterthwaite,A Wellington,SW Bates,1,0,1
New Zealand,10,AE Satterthwaite,KM Beams,SW Bates,0,0,0
New Zealand,10,AE Satterthwaite,KM Beams,SW Bates,2,0,2
New Zealand,10,AE Satterthwaite,KM Beams,SW Bates,1,0,1
New Zealand,10,SW Bates,KM Beams,AE Satterthwaite,0,0,0
New Zealand,10,KJ Martin,KM Beams,AE Satterthwaite,2,0,2
New Zealand,10,KJ Martin,KM Beams,AE Satterthwaite,2,0,2
New Zealand,11,AE Satterthwaite,A Wellington,KJ Martin,1,0,1
New Zealand,11,KJ Martin,A Wellington,AE Satterthwaite,0,0,0
New Zealand,11,EM Bermingham,A Wellington,AE Satterthwaite,3,0,3
New Zealand,11,AE Satterthwaite,A Wellington,EM Bermingham,1,0,1
New Zealand,11,EM Bermingham,A Wellington,AE Satterthwaite,0,0,0
New Zealand,11,EM Bermingham,A Wellington,AE Satterthwaite,0,0,0
New Zealand,12,AE Satterthwaite,KM Beams,EM Bermingham,0,3,3
New Zealand,12,EM Bermingham,KM Beams,AE Satterthwaite,0,0,0
New Zealand,12,KT Perkins,KM Beams,AE Satterthwaite,0,0,0
New Zealand,12,KT Perkins,KM Beams,AE Satterthwaite,1,0,1
New Zealand,12,AE Satterthwaite,KM Beams,KT Perkins,1,0,1
New Zealand,12,KT Perkins,KM Beams,AE Satterthwaite,0,0,0
New Zealand,13,AE Satterthwaite,A Wellington,KT Perkins,1,0,1
New Zealand,13,KT Perkins,A Wellington,AE Satterthwaite,0,0,0
New Zealand,13,EC Perry,A Wellington,AE Satterthwaite,0,0,0
New Zealand,13,EC Perry,A Wellington,AE Satterthwaite,2,0,2
New Zealand,13,EC Perry,A Wellington,AE Satterthwaite,0,0,0
New Zealand,13,EC Perry,A Wellington,AE Satterthwaite,0,0,0
New Zealand,14,AE Satterthwaite,ML Schutt,HR Huddleston,0,0,0
New Zealand,14,AE Satterthwaite,ML Schutt,HR Huddleston,1,0,1
New Zealand,14,HR Huddleston,ML Schutt,AE Satterthwaite,0,0,0
New Zealand,14,HR Huddleston,ML Schutt,AE Satterthwaite,0,0,0
New Zealand,14,HR Huddleston,ML Schutt,AE Satterthwaite,0,0,0
New Zealand,14,HR Huddleston,ML Schutt,AE Satterthwaite,1,0,1
New Zealand,15,HR Huddleston,M Strano,AE Satterthwaite,0,0,0
New Zealand,15,HR Huddleston,M Strano,AE Satterthwaite,1,0,1
New Zealand,15,AE Satterthwaite,M Strano,HR Huddleston,0,0,0
New Zealand,15,AE Satterthwaite,M Strano,HR Huddleston,0,0,0
New Zealand,15,AE Satterthwaite,M Strano,HR Huddleston,0,0,0
New Zealand,15,AE Satterthwaite,M Strano,HR Huddleston,4,0,4
New Zealand,16,HR Huddleston,KM Beams,AE Satterthwaite,0,0,0
New Zealand,16,HR Huddleston,KM Beams,AE Satterthwaite,0,1,1
New Zealand,16,AE Satterthwaite,KM Beams,HR Huddleston,1,0,1
New Zealand,16,HR Huddleston,KM Beams,AE Satterthwaite,0,4,4
New Zealand,16,AE Satterthwaite,KM Beams,HR Huddleston,0,0,0
New Zealand,16,AE Satterthwaite,KM Beams,HR Huddleston,1,0,1
New Zealand,16,HR Huddleston,KM Beams,AE Satterthwaite,1,0,1
New Zealand,17,HR Huddleston,ML Schutt,AE Satterthwaite,0,0,0
New Zealand,17,HR Huddleston,ML Schutt,AE Satterthwaite,2,0,2
New Zealand,17,HR Huddleston,ML Schutt,AE Satterthwaite,0,0,0
New Zealand,17,HR Huddleston,ML Schutt,AE Satterthwaite,0,2,2
New Zealand,17,HR Huddleston,ML Schutt,AE Satterthwaite,0,0,0
New Zealand,17,LMM Tahuhu,ML Schutt,AE Satterthwaite,2,0,2
New Zealand,18,AE Satterthwaite,M Strano,LMM Tahuhu,0,0,0
New Zealand,18,AE Satterthwaite,M Strano,LMM Tahuhu,1,0,1
New Zealand,18,LMM Tahuhu,M Strano,AE Satterthwaite,2,0,2
New Zealand,18,LMM Tahuhu,M Strano,AE Satterthwaite,1,0,1
New Zealand,18,AE Satterthwaite,M Strano,LMM Tahuhu,2,0,2
New Zealand,18,AE Satterthwaite,M Strano,LMM Tahuhu,4,0,4
New Zealand,19,LMM Tahuhu,JL Jonassen,AE Satterthwaite,4,0,4
New Zealand,19,LMM Tahuhu,JL Jonassen,AE Satterthwaite,1,0,1
New Zealand,19,AE Satterthwaite,JL Jonassen,LMM Tahuhu,4,0,4
New Zealand,19,AE Satterthwaite,JL Jonassen,LMM Tahuhu,4,0,4
New Zealand,19,AE Satterthwaite,JL Jonassen,LMM Tahuhu,2,0,2
New Zealand,19,AE Satterthwaite,JL Jonassen,LMM Tahuhu,2,0,2
