Team,Over,Batter,Bowler,Non_Striker,Batter_Runs,Extras,Total_Runs
Sri Lanka,0,GWHM Perera,ML Schutt,HML Madushani,0,0,0
Sri Lanka,0,GWHM Perera,ML Schutt,HML Madushani,1,0,1
Sri Lanka,0,HML Madushani,ML Schutt,GWHM Perera,4,0,4
Sri Lanka,0,HML Madushani,ML Schutt,GWHM Perera,0,0,0
Sri Lanka,0,HML Madushani,ML Schutt,GWHM Perera,0,0,0
Sri Lanka,0,HML Madushani,ML Schutt,GWHM Perera,0,0,0
Sri Lanka,1,GWHM Perera,EA Perry,HML Madushani,0,0,0
Sri Lanka,1,GWHM Perera,EA Perry,HML Madushani,2,0,2
Sri Lanka,1,GWHM Perera,EA Perry,HML Madushani,0,0,0
Sri Lanka,1,GWHM Perera,EA Perry,HML Madushani,0,0,0
Sri Lanka,1,GWHM Perera,EA Perry,HML Madushani,0,0,0
Sri Lanka,1,GWHM Perera,EA Perry,HML Madushani,0,0,0
Sri Lanka,2,HML Madushani,ML Schutt,AC Jayangani,0,1,1
Sri Lanka,2,HML Madushani,ML Schutt,AC Jayangani,0,0,0
Sri Lanka,2,HML Madushani,ML Schutt,AC Jayangani,0,0,0
Sri Lanka,2,HML Madushani,ML Schutt,AC Jayangani,0,0,0
Sri Lanka,2,HML Madushani,ML Schutt,AC Jayangani,0,0,0
Sri Lanka,2,HML Madushani,ML Schutt,AC Jayangani,1,0,1
Sri Lanka,2,AC Jayangani,ML Schutt,HML Madushani,0,0,0
Sri Lanka,3,HML Madushani,EA Perry,AC Jayangani,1,0,1
Sri Lanka,3,AC Jayangani,EA Perry,HML Madushani,0,0,0
Sri Lanka,3,AC Jayangani,EA Perry,HML Madushani,0,0,0
Sri Lanka,3,AC Jayangani,EA Perry,HML Madushani,0,0,0
Sri Lanka,3,AC Jayangani,EA Perry,HML Madushani,0,0,0
Sri Lanka,3,AC Jayangani,EA Perry,HML Madushani,0,0,0
Sri Lanka,4,HML Madushani,RM Farrell,AC Jayangani,0,0,0
Sri Lanka,4,HML Madushani,RM Farrell,AC Jayangani,0,1,1
Sri Lanka,4,HML Madushani,RM Farrell,AC Jayangani,0,0,0
Sri Lanka,4,HML Madushani,RM Farrell,AC Jayangani,1,0,1
Sri Lanka,4,AC Jayangani,RM Farrell,HML Madushani,4,0,4
Sri Lanka,4,AC Jayangani,RM Farrell,HML Madushani,0,0,0
Sri Lanka,4,AC Jayangani,RM Farrell,HML Madushani,0,0,0
Sri Lanka,5,HML Madushani,JL Jonassen,AC Jayangani,0,0,0
Sri Lanka,5,HML Madushani,JL Jonassen,AC Jayangani,0,0,0
Sri Lanka,5,HML Madushani,JL Jonassen,AC Jayangani,0,0,0
Sri Lanka,5,HML Madushani,JL Jonassen,AC Jayangani,0,0,0
Sri Lanka,5,HML Madushani,JL Jonassen,AC Jayangani,1,0,1
Sri Lanka,5,AC Jayangani,JL Jonassen,HML Madushani,0,0,0
Sri Lanka,6,HML Madushani,RM Farrell,MADD Surangika,4,0,4
Sri Lanka,6,HML Madushani,RM Farrell,MADD Surangika,1,0,1
Sri Lanka,6,MADD Surangika,RM Farrell,HML Madushani,1,0,1
Sri Lanka,6,HML Madushani,RM Farrell,MADD Surangika,2,0,2
Sri Lanka,6,HML Madushani,RM Farrell,MADD Surangika,2,0,2
Sri Lanka,6,HML Madushani,RM Farrell,MADD Surangika,0,0,0
Sri Lanka,7,MADD Surangika,JL Jonassen,HML Madushani,1,0,1
Sri Lanka,7,HML Madushani,JL Jonassen,MADD Surangika,0,0,0
Sri Lanka,7,HML Madushani,JL Jonassen,MADD Surangika,0,0,0
Sri Lanka,7,PM Weerakkody,JL Jonassen,MADD Surangika,0,0,0
Sri Lanka,7,PM Weerakkody,JL Jonassen,MADD Surangika,0,0,0
Sri Lanka,7,PM Weerakkody,JL Jonassen,MADD Surangika,0,0,0
Sri Lanka,8,MADD Surangika,KM Beams,PM Weerakkody,1,0,1
Sri Lanka,8,PM Weerakkody,KM Beams,MADD Surangika,0,0,0
Sri Lanka,8,PM Weerakkody,KM Beams,MADD Surangika,0,0,0
Sri Lanka,8,PM Weerakkody,KM Beams,MADD Surangika,4,0,4
Sri Lanka,8,PM Weerakkody,KM Beams,MADD Surangika,1,0,1
Sri Lanka,8,MADD Surangika,KM Beams,PM Weerakkody,0,0,0
Sri Lanka,9,PM Weerakkody,JL Jonassen,MADD Surangika,0,0,0
Sri Lanka,9,PM Weerakkody,JL Jonassen,MADD Surangika,0,0,0
Sri Lanka,9,PM Weerakkody,JL Jonassen,MADD Surangika,1,0,1
Sri Lanka,9,MADD Surangika,JL Jonassen,PM Weerakkody,0,0,0
Sri Lanka,9,MADD Surangika,JL Jonassen,PM Weerakkody,1,0,1
Sri Lanka,9,PM Weerakkody,JL Jonassen,MADD Surangika,1,0,1
Sri Lanka,10,PM Weerakkody,KM Beams,MADD Surangika,0,0,0
Sri Lanka,10,PM Weerakkody,KM Beams,MADD Surangika,0,0,0
Sri Lanka,10,MADD Surangika,KM Beams,MGMCP Gunawardene,0,0,0
Sri Lanka,10,MADD Surangika,KM Beams,MGMCP Gunawardene,0,0,0
Sri Lanka,10,MADD Surangika,KM Beams,MGMCP Gunawardene,1,0,1
Sri Lanka,10,MGMCP Gunawardene,KM Beams,MADD Surangika,0,0,0
Sri Lanka,11,MADD Surangika,JL Jonassen,MGMCP Gunawardene,1,0,1
Sri Lanka,11,MGMCP Gunawardene,JL Jonassen,MADD Surangika,0,0,0
Sri Lanka,11,MGMCP Gunawardene,JL Jonassen,MADD Surangika,0,0,0
Sri Lanka,11,MGMCP Gunawardene,JL Jonassen,MADD Surangika,1,0,1
Sri Lanka,11,MADD Surangika,JL Jonassen,MGMCP Gunawardene,0,0,0
Sri Lanka,11,LE Kaushalya,JL Jonassen,MADD Surangika,1,0,1
Sri Lanka,12,LE Kaushalya,KM Beams,MADD Surangika,0,0,0
Sri Lanka,12,LE Kaushalya,KM Beams,MADD Surangika,0,0,0
Sri Lanka,12,LE Kaushalya,KM Beams,MADD Surangika,4,0,4
Sri Lanka,12,LE Kaushalya,KM Beams,MADD Surangika,0,0,0
Sri Lanka,12,KADA Kanchana,KM Beams,MADD Surangika,0,0,0
Sri Lanka,12,KDU Prabodhani,KM Beams,MADD Surangika,0,0,0
Sri Lanka,13,MADD Surangika,EA Osborne,KDU Prabodhani,0,0,0
Sri Lanka,13,I Ranaweera,EA Osborne,KDU Prabodhani,1,0,1
Sri Lanka,13,KDU Prabodhani,EA Osborne,I Ranaweera,0,0,0
Sri Lanka,13,KDU Prabodhani,EA Osborne,I Ranaweera,1,0,1
Sri Lanka,13,I Ranaweera,EA Osborne,KDU Prabodhani,0,0,0
Sri Lanka,13,I Ranaweera,EA Osborne,KDU Prabodhani,0,0,0
Sri Lanka,14,KDU Prabodhani,KM Beams,I Ranaweera,0,0,0
Sri Lanka,14,KDU Prabodhani,KM Beams,I Ranaweera,0,0,0
Sri Lanka,14,KDU Prabodhani,KM Beams,I Ranaweera,0,0,0
Sri Lanka,14,KDU Prabodhani,KM Beams,I Ranaweera,0,0,0
Sri Lanka,14,KDU Prabodhani,KM Beams,I Ranaweera,0,0,0
Sri Lanka,14,KDU Prabodhani,KM Beams,I Ranaweera,0,0,0
Sri Lanka,15,I Ranaweera,EA Osborne,KDU Prabodhani,1,0,1
Sri Lanka,15,KDU Prabodhani,EA Osborne,I Ranaweera,0,0,0
Sri Lanka,15,KDU Prabodhani,EA Osborne,I Ranaweera,0,0,0
Sri Lanka,15,KDU Prabodhani,EA Osborne,I Ranaweera,0,0,0
Sri Lanka,15,KDU Prabodhani,EA Osborne,I Ranaweera,0,0,0
Sri Lanka,15,KDU Prabodhani,EA Osborne,I Ranaweera,0,0,0
Sri Lanka,16,I Ranaweera,EA Perry,KDU Prabodhani,1,0,1
Sri Lanka,16,KDU Prabodhani,EA Perry,I Ranaweera,0,0,0
Sri Lanka,16,KDU Prabodhani,EA Perry,I Ranaweera,1,0,1
Sri Lanka,16,I Ranaweera,EA Perry,KDU Prabodhani,0,0,0
Sri Lanka,16,I Ranaweera,EA Perry,KDU Prabodhani,1,0,1
Sri Lanka,16,KDU Prabodhani,EA Perry,I Ranaweera,0,0,0
Sri Lanka,17,I Ranaweera,EA Osborne,KDU Prabodhani,0,0,0
Sri Lanka,17,I Ranaweera,EA Osborne,KDU Prabodhani,0,0,0
Sri Lanka,17,I Ranaweera,EA Osborne,KDU Prabodhani,0,0,0
Sri Lanka,17,I Ranaweera,EA Osborne,KDU Prabodhani,1,0,1
Sri Lanka,17,KDU Prabodhani,EA Osborne,I Ranaweera,0,0,0
Sri Lanka,17,KDU Prabodhani,EA Osborne,I Ranaweera,1,0,1
Sri Lanka,18,KDU Prabodhani,EA Perry,I Ranaweera,0,0,0
Sri Lanka,18,KDU Prabodhani,EA Perry,I Ranaweera,1,0,1
Sri Lanka,18,I Ranaweera,EA Perry,KDU Prabodhani,0,0,0
Sri Lanka,18,I Ranaweera,EA Perry,KDU Prabodhani,0,0,0
Sri Lanka,18,I Ranaweera,EA Perry,KDU Prabodhani,0,0,0
Sri Lanka,18,I Ranaweera,EA Perry,KDU Prabodhani,1,0,1
Sri Lanka,19,I Ranaweera,EA Osborne,KDU Prabodhani,1,0,1
Sri Lanka,19,KDU Prabodhani,EA Osborne,I Ranaweera,0,0,0
Sri Lanka,19,KDU Prabodhani,EA Osborne,I Ranaweera,0,0,0
Sri Lanka,19,KDU Prabodhani,EA Osborne,I Ranaweera,1,0,1
Sri Lanka,19,I Ranaweera,EA Osborne,KDU Prabodhani,1,0,1
Sri Lanka,19,KDU Prabodhani,EA Osborne,I Ranaweera,1,0,1
Australia,0,BL Mooney,KDU Prabodhani,EJ Villani,0,0,0
Australia,0,BL Mooney,KDU Prabodhani,EJ Villani,2,0,2
Australia,0,BL Mooney,KDU Prabodhani,EJ Villani,2,0,2
Australia,0,BL Mooney,KDU Prabodhani,EJ Villani,0,0,0
Australia,0,BL Mooney,KDU Prabodhani,EJ Villani,0,0,0
Australia,0,BL Mooney,KDU Prabodhani,EJ Villani,0,0,0
Australia,1,EJ Villani,AC Jayangani,BL Mooney,1,0,1
Australia,1,BL Mooney,AC Jayangani,EJ Villani,0,0,0
Australia,1,BL Mooney,AC Jayangani,EJ Villani,4,0,4
Australia,1,BL Mooney,AC Jayangani,EJ Villani,0,0,0
Australia,1,BL Mooney,AC Jayangani,EJ Villani,1,0,1
Australia,1,EJ Villani,AC Jayangani,BL Mooney,0,0,0
Australia,2,BL Mooney,BMSM Kumari,EJ Villani,1,0,1
Australia,2,EJ Villani,BMSM Kumari,BL Mooney,1,0,1
Australia,2,BL Mooney,BMSM Kumari,EJ Villani,0,0,0
Australia,2,BL Mooney,BMSM Kumari,EJ Villani,0,0,0
Australia,2,BL Mooney,BMSM Kumari,EJ Villani,4,0,4
Australia,2,BL Mooney,BMSM Kumari,EJ Villani,1,0,1
Australia,3,BL Mooney,MGMCP Gunawardene,EJ Villani,3,0,3
Australia,3,EJ Villani,MGMCP Gunawardene,BL Mooney,4,0,4
Australia,3,EJ Villani,MGMCP Gunawardene,BL Mooney,0,0,0
Australia,3,EJ Villani,MGMCP Gunawardene,BL Mooney,4,0,4
Australia,3,EJ Villani,MGMCP Gunawardene,BL Mooney,1,0,1
Australia,3,BL Mooney,MGMCP Gunawardene,EJ Villani,2,0,2
Australia,4,EJ Villani,I Ranaweera,BL Mooney,2,0,2
Australia,4,EJ Villani,I Ranaweera,BL Mooney,4,0,4
Australia,4,EJ Villani,I Ranaweera,BL Mooney,0,0,0
Australia,4,EJ Villani,I Ranaweera,BL Mooney,0,0,0
Australia,4,EJ Villani,I Ranaweera,BL Mooney,6,0,6
Australia,4,EJ Villani,I Ranaweera,BL Mooney,0,0,0
Australia,5,BL Mooney,LE Kaushalya,EJ Villani,0,0,0
Australia,5,BL Mooney,LE Kaushalya,EJ Villani,4,0,4
Australia,5,BL Mooney,LE Kaushalya,EJ Villani,2,0,2
Australia,5,BL Mooney,LE Kaushalya,EJ Villani,1,0,1
Australia,5,EJ Villani,LE Kaushalya,BL Mooney,4,0,4
Australia,5,EJ Villani,LE Kaushalya,BL Mooney,1,0,1
Australia,6,EJ Villani,AC Jayangani,BL Mooney,0,0,0
Australia,6,EJ Villani,AC Jayangani,BL Mooney,0,0,0
Australia,6,EJ Villani,AC Jayangani,BL Mooney,0,0,0
Australia,6,EJ Villani,AC Jayangani,BL Mooney,0,0,0
Australia,6,EJ Villani,AC Jayangani,BL Mooney,0,0,0
Australia,6,EJ Villani,AC Jayangani,BL Mooney,0,0,0
Australia,7,BL Mooney,BMSM Kumari,EJ Villani,0,0,0
Australia,7,BL Mooney,BMSM Kumari,EJ Villani,1,0,1
Australia,7,EJ Villani,BMSM Kumari,BL Mooney,0,0,0
Australia,7,EJ Villani,BMSM Kumari,BL Mooney,1,0,1
Australia,7,BL Mooney,BMSM Kumari,EJ Villani,1,0,1
Australia,7,EJ Villani,BMSM Kumari,BL Mooney,1,0,1
Australia,8,EJ Villani,AC Jayangani,BL Mooney,4,0,4
