Team,Over,Batter,Bowler,Non_Striker,Batter_Runs,Extras,Total_Runs
West Indies,0,J Charles,Imad Wasim,ADS Fletcher,3,0,3
West Indies,0,ADS Fletcher,Imad Wasim,J Charles,0,0,0
West Indies,0,ADS Fletcher,Imad Wasim,J Charles,1,0,1
West Indies,0,J Charles,Imad Wasim,ADS Fletcher,1,0,1
West Indies,0,ADS Fletcher,Imad Wasim,J Charles,0,0,0
West Indies,0,ADS Fletcher,Imad Wasim,J Charles,1,0,1
West Indies,1,ADS Fletcher,Sohail Tanvir,J Charles,0,0,0
West Indies,1,ADS Fletcher,Sohail Tanvir,J Charles,4,0,4
West Indies,1,ADS Fletcher,Sohail Tanvir,J Charles,0,0,0
West Indies,1,ADS Fletcher,Sohail Tanvir,J Charles,0,0,0
West Indies,1,ADS Fletcher,Sohail Tanvir,J Charles,1,0,1
West Indies,1,J Charles,Sohail Tanvir,ADS Fletcher,1,0,1
West Indies,2,J Charles,Imad Wasim,ADS Fletcher,0,0,0
West Indies,2,J Charles,Imad Wasim,ADS Fletcher,0,0,0
West Indies,2,CAK Walton,Imad Wasim,ADS Fletcher,0,0,0
West Indies,2,MN Samuels,Imad Wasim,ADS Fletcher,0,0,0
West Indies,2,MN Samuels,Imad Wasim,ADS Fletcher,0,1,1
West Indies,2,ADS Fletcher,Imad Wasim,MN Samuels,0,0,0
West Indies,3,MN Samuels,Sohail Tanvir,ADS Fletcher,1,0,1
West Indies,3,ADS Fletcher,Sohail Tanvir,MN Samuels,0,0,0
West Indies,3,ADS Fletcher,Sohail Tanvir,MN Samuels,0,0,0
West Indies,3,ADS Fletcher,Sohail Tanvir,MN Samuels,0,0,0
West Indies,3,ADS Fletcher,Sohail Tanvir,MN Samuels,0,0,0
West Indies,3,ADS Fletcher,Sohail Tanvir,MN Samuels,2,0,2
West Indies,4,MN Samuels,Mohammad Nawaz (3),ADS Fletcher,0,0,0
West Indies,4,MN Samuels,Mohammad Nawaz (3),ADS Fletcher,1,0,1
West Indies,4,ADS Fletcher,Mohammad Nawaz (3),MN Samuels,0,0,0
West Indies,4,ADS Fletcher,Mohammad Nawaz (3),MN Samuels,0,0,0
West Indies,4,DJ Bravo,Mohammad Nawaz (3),MN Samuels,4,0,4
West Indies,4,DJ Bravo,Mohammad Nawaz (3),MN Samuels,0,0,0
West Indies,5,MN Samuels,Mohammad Amir,DJ Bravo,0,0,0
West Indies,5,MN Samuels,Mohammad Amir,DJ Bravo,0,0,0
West Indies,5,MN Samuels,Mohammad Amir,DJ Bravo,1,0,1
West Indies,5,DJ Bravo,Mohammad Amir,MN Samuels,0,0,0
West Indies,5,DJ Bravo,Mohammad Amir,MN Samuels,0,0,0
West Indies,5,DJ Bravo,Mohammad Amir,MN Samuels,4,0,4
West Indies,6,MN Samuels,Mohammad Nawaz (3),DJ Bravo,0,0,0
West Indies,6,MN Samuels,Mohammad Nawaz (3),DJ Bravo,0,0,0
West Indies,6,MN Samuels,Mohammad Nawaz (3),DJ Bravo,0,0,0
West Indies,6,MN Samuels,Mohammad Nawaz (3),DJ Bravo,1,0,1
West Indies,6,DJ Bravo,Mohammad Nawaz (3),MN Samuels,1,0,1
West Indies,6,MN Samuels,Mohammad Nawaz (3),DJ Bravo,0,0,0
West Indies,7,DJ Bravo,Shoaib Malik,MN Samuels,1,0,1
West Indies,7,MN Samuels,Shoaib Malik,DJ Bravo,0,0,0
West Indies,7,MN Samuels,Shoaib Malik,DJ Bravo,0,0,0
West Indies,7,MN Samuels,Shoaib Malik,DJ Bravo,0,0,0
West Indies,7,MN Samuels,Shoaib Malik,DJ Bravo,1,0,1
West Indies,7,DJ Bravo,Shoaib Malik,MN Samuels,1,0,1
West Indies,8,DJ Bravo,Imad Wasim,MN Samuels,0,0,0
West Indies,8,N Pooran,Imad Wasim,MN Samuels,1,0,1
West Indies,8,MN Samuels,Imad Wasim,N Pooran,1,0,1
West Indies,8,N Pooran,Imad Wasim,MN Samuels,1,0,1
West Indies,8,MN Samuels,Imad Wasim,N Pooran,2,0,2
West Indies,8,MN Samuels,Imad Wasim,N Pooran,0,0,0
West Indies,9,N Pooran,Shoaib Malik,MN Samuels,1,0,1
West Indies,9,MN Samuels,Shoaib Malik,N Pooran,1,0,1
West Indies,9,N Pooran,Shoaib Malik,MN Samuels,1,0,1
West Indies,9,MN Samuels,Shoaib Malik,N Pooran,4,0,4
West Indies,9,MN Samuels,Shoaib Malik,N Pooran,0,0,0
West Indies,9,MN Samuels,Shoaib Malik,N Pooran,1,0,1
West Indies,10,MN Samuels,Imad Wasim,N Pooran,0,0,0
West Indies,10,MN Samuels,Imad Wasim,N Pooran,4,0,4
West Indies,10,MN Samuels,Imad Wasim,N Pooran,1,0,1
West Indies,10,N Pooran,Imad Wasim,MN Samuels,2,0,2
West Indies,10,N Pooran,Imad Wasim,MN Samuels,1,0,1
West Indies,10,MN Samuels,Imad Wasim,N Pooran,2,0,2
West Indies,11,N Pooran,Rumman Raees,MN Samuels,2,0,2
West Indies,11,N Pooran,Rumman Raees,MN Samuels,1,0,1
West Indies,11,MN Samuels,Rumman Raees,N Pooran,0,0,0
West Indies,11,MN Samuels,Rumman Raees,N Pooran,0,0,0
West Indies,11,MN Samuels,Rumman Raees,N Pooran,1,0,1
West Indies,11,N Pooran,Rumman Raees,MN Samuels,0,0,0
West Indies,12,MN Samuels,Mohammad Nawaz (3),N Pooran,1,0,1
West Indies,12,N Pooran,Mohammad Nawaz (3),MN Samuels,0,0,0
West Indies,12,N Pooran,Mohammad Nawaz (3),MN Samuels,6,0,6
West Indies,12,N Pooran,Mohammad Nawaz (3),MN Samuels,0,1,1
West Indies,12,N Pooran,Mohammad Nawaz (3),MN Samuels,0,0,0
West Indies,12,MN Samuels,Mohammad Nawaz (3),KA Pollard,0,0,0
West Indies,12,MN Samuels,Mohammad Nawaz (3),KA Pollard,1,0,1
West Indies,13,MN Samuels,Rumman Raees,KA Pollard,1,0,1
West Indies,13,KA Pollard,Rumman Raees,MN Samuels,1,0,1
West Indies,13,MN Samuels,Rumman Raees,KA Pollard,0,0,0
West Indies,13,MN Samuels,Rumman Raees,KA Pollard,0,0,0
West Indies,13,MN Samuels,Rumman Raees,KA Pollard,1,0,1
West Indies,13,KA Pollard,Rumman Raees,MN Samuels,1,0,1
West Indies,14,KA Pollard,Mohammad Amir,MN Samuels,1,0,1
West Indies,14,MN Samuels,Mohammad Amir,KA Pollard,0,0,0
West Indies,14,MN Samuels,Mohammad Amir,KA Pollard,1,0,1
West Indies,14,KA Pollard,Mohammad Amir,MN Samuels,1,0,1
West Indies,14,MN Samuels,Mohammad Amir,KA Pollard,1,0,1
West Indies,14,KA Pollard,Mohammad Amir,MN Samuels,0,0,0
West Indies,15,MN Samuels,Rumman Raees,KA Pollard,0,0,0
West Indies,15,MN Samuels,Rumman Raees,KA Pollard,0,0,0
West Indies,15,MN Samuels,Rumman Raees,KA Pollard,1,0,1
West Indies,15,KA Pollard,Rumman Raees,MN Samuels,1,0,1
West Indies,15,MN Samuels,Rumman Raees,KA Pollard,0,0,0
West Indies,15,MN Samuels,Rumman Raees,KA Pollard,0,0,0
West Indies,16,KA Pollard,Sohail Tanvir,MN Samuels,2,0,2
West Indies,16,KA Pollard,Sohail Tanvir,MN Samuels,1,0,1
West Indies,16,MN Samuels,Sohail Tanvir,KA Pollard,0,0,0
West Indies,16,MN Samuels,Sohail Tanvir,KA Pollard,4,0,4
West Indies,16,MN Samuels,Sohail Tanvir,KA Pollard,1,0,1
West Indies,16,KA Pollard,Sohail Tanvir,MN Samuels,2,0,2
West Indies,17,MN Samuels,Mohammad Amir,KA Pollard,1,0,1
West Indies,17,KA Pollard,Mohammad Amir,MN Samuels,1,0,1
West Indies,17,MN Samuels,Mohammad Amir,KA Pollard,2,0,2
West Indies,17,MN Samuels,Mohammad Amir,KA Pollard,1,0,1
West Indies,17,KA Pollard,Mohammad Amir,MN Samuels,1,0,1
West Indies,17,MN Samuels,Mohammad Amir,KA Pollard,1,0,1
West Indies,18,MN Samuels,Sohail Tanvir,KA Pollard,0,0,0
West Indies,18,MN Samuels,Sohail Tanvir,KA Pollard,1,0,1
West Indies,18,KA Pollard,Sohail Tanvir,MN Samuels,0,0,0
West Indies,18,KA Pollard,Sohail Tanvir,MN Samuels,1,0,1
West Indies,18,MN Samuels,Sohail Tanvir,KA Pollard,1,0,1
West Indies,18,KA Pollard,Sohail Tanvir,MN Samuels,0,1,1
West Indies,19,KA Pollard,Mohammad Amir,MN Samuels,1,0,1
West Indies,19,MN Samuels,Mohammad Amir,KA Pollard,0,0,0
West Indies,19,MN Samuels,Mohammad Amir,KA Pollard,1,0,1
West Indies,19,KA Pollard,Mohammad Amir,MN Samuels,2,0,2
West Indies,19,KA Pollard,Mohammad Amir,MN Samuels,0,1,1
West Indies,19,MN Samuels,Mohammad Amir,KA Pollard,0,0,0
Pakistan,0,Sharjeel Khan,JE Taylor,Khalid Latif,4,0,4
Pakistan,0,Sharjeel Khan,JE Taylor,Khalid Latif,0,1,1
Pakistan,0,Sharjeel Khan,JE Taylor,Khalid Latif,1,0,1
Pakistan,0,Khalid Latif,JE Taylor,Sharjeel Khan,1,0,1
Pakistan,0,Sharjeel Khan,JE Taylor,Khalid Latif,0,4,4
Pakistan,0,Sharjeel Khan,JE Taylor,Khalid Latif,0,0,0
Pakistan,0,Sharjeel Khan,JE Taylor,Khalid Latif,0,0,0
Pakistan,1,Khalid Latif,KOK Williams,Sharjeel Khan,0,0,0
Pakistan,1,Khalid Latif,KOK Williams,Sharjeel Khan,0,0,0
Pakistan,1,Khalid Latif,KOK Williams,Sharjeel Khan,0,0,0
Pakistan,1,Khalid Latif,KOK Williams,Sharjeel Khan,0,0,0
Pakistan,1,Khalid Latif,KOK Williams,Sharjeel Khan,0,0,0
Pakistan,1,Khalid Latif,KOK Williams,Sharjeel Khan,3,0,3
Pakistan,2,Khalid Latif,JE Taylor,Sharjeel Khan,0,0,0
Pakistan,2,Khalid Latif,JE Taylor,Sharjeel Khan,0,0,0
Pakistan,2,Khalid Latif,JE Taylor,Sharjeel Khan,0,0,0
Pakistan,2,Khalid Latif,JE Taylor,Sharjeel Khan,4,0,4
Pakistan,2,Khalid Latif,JE Taylor,Sharjeel Khan,4,0,4
Pakistan,2,Khalid Latif,JE Taylor,Sharjeel Khan,4,0,4
Pakistan,3,Sharjeel Khan,KOK Williams,Khalid Latif,0,0,0
Pakistan,3,Sharjeel Khan,KOK Williams,Khalid Latif,0,0,0
Pakistan,3,Sharjeel Khan,KOK Williams,Khalid Latif,1,0,1
Pakistan,3,Khalid Latif,KOK Williams,Sharjeel Khan,2,0,2
Pakistan,3,Khalid Latif,KOK Williams,Sharjeel Khan,0,0,0
Pakistan,3,Khalid Latif,KOK Williams,Sharjeel Khan,1,0,1
Pakistan,4,Khalid Latif,DJ Bravo,Sharjeel Khan,0,0,0
Pakistan,4,Khalid Latif,DJ Bravo,Sharjeel Khan,1,0,1
Pakistan,4,Sharjeel Khan,DJ Bravo,Khalid Latif,0,0,0
Pakistan,4,Sharjeel Khan,DJ Bravo,Khalid Latif,4,0,4
Pakistan,4,Sharjeel Khan,DJ Bravo,Khalid Latif,0,0,0
Pakistan,4,Sharjeel Khan,DJ Bravo,Khalid Latif,1,0,1
Pakistan,5,Sharjeel Khan,KOK Williams,Khalid Latif,0,0,0
Pakistan,5,Babar Azam,KOK Williams,Khalid Latif,0,1,1
Pakistan,5,Babar Azam,KOK Williams,Khalid Latif,1,0,1
Pakistan,5,Khalid Latif,KOK Williams,Babar Azam,1,0,1
Pakistan,5,Babar Azam,KOK Williams,Khalid Latif,0,0,0
Pakistan,5,Babar Azam,KOK Williams,Khalid Latif,1,0,1
Pakistan,5,Khalid Latif,KOK Williams,Babar Azam,0,0,0
Pakistan,6,Babar Azam,SP Narine,Shoaib Malik,1,0,1
Pakistan,6,Shoaib Malik,SP Narine,Babar Azam,0,0,0
Pakistan,6,Shoaib Malik,SP Narine,Babar Azam,1,0,1
Pakistan,6,Babar Azam,SP Narine,Shoaib Malik,1,0,1
Pakistan,6,Shoaib Malik,SP Narine,Babar Azam,1,0,1
Pakistan,6,Babar Azam,SP Narine,Shoaib Malik,1,0,1
Pakistan,7,Babar Azam,KOK Williams,Shoaib Malik,0,0,0
Pakistan,7,Babar Azam,KOK Williams,Shoaib Malik,1,0,1
Pakistan,7,Shoaib Malik,KOK Williams,Babar Azam,0,0,0
Pakistan,7,Shoaib Malik,KOK Williams,Babar Azam,1,0,1
Pakistan,7,Babar Azam,KOK Williams,Shoaib Malik,1,0,1
Pakistan,7,Shoaib Malik,KOK Williams,Babar Azam,1,0,1
Pakistan,8,Shoaib Malik,CR Brathwaite,Babar Azam,2,0,2
Pakistan,8,Shoaib Malik,CR Brathwaite,Babar Azam,0,0,0
Pakistan,8,Shoaib Malik,CR Brathwaite,Babar Azam,4,0,4
Pakistan,8,Shoaib Malik,CR Brathwaite,Babar Azam,4,0,4
Pakistan,8,Shoaib Malik,CR Brathwaite,Babar Azam,2,0,2
Pakistan,8,Shoaib Malik,CR Brathwaite,Babar Azam,0,0,0
Pakistan,9,Babar Azam,DJ Bravo,Shoaib Malik,1,0,1
Pakistan,9,Shoaib Malik,DJ Bravo,Babar Azam,1,0,1
Pakistan,9,Babar Azam,DJ Bravo,Shoaib Malik,1,0,1
Pakistan,9,Shoaib Malik,DJ Bravo,Babar Azam,0,0,0
Pakistan,9,Shoaib Malik,DJ Bravo,Babar Azam,1,0,1
Pakistan,9,Babar Azam,DJ Bravo,Shoaib Malik,0,0,0
Pakistan,10,Shoaib Malik,SP Narine,Babar Azam,1,0,1
Pakistan,10,Babar Azam,SP Narine,Shoaib Malik,2,0,2
Pakistan,10,Babar Azam,SP Narine,Shoaib Malik,2,0,2
Pakistan,10,Babar Azam,SP Narine,Shoaib Malik,1,0,1
Pakistan,10,Shoaib Malik,SP Narine,Babar Azam,0,0,0
Pakistan,10,Shoaib Malik,SP Narine,Babar Azam,1,0,1
Pakistan,11,Shoaib Malik,DJ Bravo,Babar Azam,1,0,1
Pakistan,11,Babar Azam,DJ Bravo,Shoaib Malik,1,0,1
Pakistan,11,Shoaib Malik,DJ Bravo,Babar Azam,1,0,1
Pakistan,11,Babar Azam,DJ Bravo,Shoaib Malik,2,0,2
Pakistan,11,Babar Azam,DJ Bravo,Shoaib Malik,4,0,4
Pakistan,11,Babar Azam,DJ Bravo,Shoaib Malik,1,0,1
Pakistan,12,Babar Azam,SP Narine,Shoaib Malik,1,0,1
Pakistan,12,Shoaib Malik,SP Narine,Babar Azam,0,0,0
Pakistan,12,Shoaib Malik,SP Narine,Babar Azam,0,0,0
Pakistan,12,Shoaib Malik,SP Narine,Babar Azam,1,0,1
Pakistan,12,Babar Azam,SP Narine,Shoaib Malik,1,0,1
Pakistan,12,Shoaib Malik,SP Narine,Babar Azam,1,0,1
Pakistan,13,Shoaib Malik,DJ Bravo,Babar Azam,2,0,2
Pakistan,13,Shoaib Malik,DJ Bravo,Babar Azam,0,0,0
Pakistan,13,Shoaib Malik,DJ Bravo,Babar Azam,0,0,0
Pakistan,13,Shoaib Malik,DJ Bravo,Babar Azam,4,0,4
Pakistan,13,Shoaib Malik,DJ Bravo,Babar Azam,4,0,4
Pakistan,13,Shoaib Malik,DJ Bravo,Babar Azam,1,0,1
Pakistan,14,Shoaib Malik,SP Narine,Babar Azam,1,0,1
Pakistan,14,Babar Azam,SP Narine,Shoaib Malik,1,0,1
Pakistan,14,Shoaib Malik,SP Narine,Babar Azam,0,0,0
Pakistan,14,Shoaib Malik,SP Narine,Babar Azam,1,0,1
Pakistan,14,Babar Azam,SP Narine,Shoaib Malik,2,0,2
Pakistan,14,Babar Azam,SP Narine,Shoaib Malik,0,0,0
Pakistan,15,Shoaib Malik,CR Brathwaite,Babar Azam,6,0,6
