Team,Over,Batter,Bowler,Non_Striker,Batter_Runs,Extras,Total_Runs
India,0,M Raj,Asmavia Iqbal,S Mandhana,0,1,1
India,0,M Raj,Asmavia Iqbal,S Mandhana,4,0,4
India,0,M Raj,Asmavia Iqbal,S Mandhana,0,1,1
India,0,M Raj,Asmavia Iqbal,S Mandhana,0,1,1
India,0,M Raj,Asmavia Iqbal,S Mandhana,0,1,1
India,0,M Raj,Asmavia Iqbal,S Mandhana,0,1,1
India,0,M Raj,Asmavia Iqbal,S Mandhana,0,0,0
India,0,M Raj,Asmavia Iqbal,S Mandhana,0,0,0
India,0,M Raj,Asmavia Iqbal,S Mandhana,0,0,0
India,0,M Raj,Asmavia Iqbal,S Mandhana,1,0,1
India,0,S Mandhana,Asmavia Iqbal,M Raj,0,0,0
India,1,M Raj,Sana Mir,S Mandhana,0,0,0
India,1,M Raj,Sana Mir,S Mandhana,1,0,1
India,1,S Mandhana,Sana Mir,M Raj,0,0,0
India,1,S Mandhana,Sana Mir,M Raj,0,0,0
India,1,S Mandhana,Sana Mir,M Raj,0,0,0
India,1,S Mandhana,Sana Mir,M Raj,0,0,0
India,2,M Raj,Anam Amin,S Mandhana,0,0,0
India,2,M Raj,Anam Amin,S Mandhana,4,0,4
India,2,M Raj,Anam Amin,S Mandhana,0,0,0
India,2,M Raj,Anam Amin,S Mandhana,1,0,1
India,2,S Mandhana,Anam Amin,M Raj,2,0,2
India,2,S Mandhana,Anam Amin,M Raj,1,0,1
India,3,S Mandhana,Sana Mir,M Raj,0,0,0
India,3,S Mandhana,Sana Mir,M Raj,0,0,0
India,3,S Mandhana,Sana Mir,M Raj,1,0,1
India,3,M Raj,Sana Mir,S Mandhana,1,0,1
India,3,S Mandhana,Sana Mir,M Raj,0,0,0
India,3,S Mandhana,Sana Mir,M Raj,1,0,1
India,4,S Mandhana,Anam Amin,M Raj,1,0,1
India,4,M Raj,Anam Amin,S Mandhana,0,0,0
India,4,M Raj,Anam Amin,S Mandhana,0,0,0
India,4,M Raj,Anam Amin,S Mandhana,1,0,1
India,4,S Mandhana,Anam Amin,M Raj,0,0,0
India,4,M Raj,Anam Amin,S Meghana,4,0,4
India,5,S Meghana,Asmavia Iqbal,M Raj,1,0,1
India,5,M Raj,Asmavia Iqbal,S Meghana,0,0,0
India,5,M Raj,Asmavia Iqbal,S Meghana,1,0,1
India,5,S Meghana,Asmavia Iqbal,M Raj,0,0,0
India,5,S Meghana,Asmavia Iqbal,M Raj,0,0,0
India,5,S Meghana,Asmavia Iqbal,M Raj,0,0,0
India,6,M Raj,Anam Amin,S Meghana,1,0,1
India,6,S Meghana,Anam Amin,M Raj,0,0,0
India,6,S Meghana,Anam Amin,M Raj,0,0,0
India,6,S Meghana,Anam Amin,M Raj,0,0,0
India,6,S Meghana,Anam Amin,M Raj,1,0,1
India,6,M Raj,Anam Amin,S Meghana,1,0,1
India,7,M Raj,Asmavia Iqbal,S Meghana,4,0,4
India,7,M Raj,Asmavia Iqbal,S Meghana,4,0,4
India,7,M Raj,Asmavia Iqbal,S Meghana,0,0,0
India,7,M Raj,Asmavia Iqbal,S Meghana,1,0,1
India,7,S Meghana,Asmavia Iqbal,M Raj,1,0,1
India,7,M Raj,Asmavia Iqbal,S Meghana,1,0,1
India,8,M Raj,Sadia Yousuf,S Meghana,1,0,1
India,8,S Meghana,Sadia Yousuf,M Raj,1,0,1
India,8,M Raj,Sadia Yousuf,S Meghana,0,0,0
India,8,M Raj,Sadia Yousuf,S Meghana,0,0,0
India,8,M Raj,Sadia Yousuf,S Meghana,1,0,1
India,8,S Meghana,Sadia Yousuf,M Raj,1,0,1
India,9,S Meghana,Nida Dar,M Raj,1,0,1
India,9,M Raj,Nida Dar,S Meghana,0,0,0
India,9,M Raj,Nida Dar,S Meghana,1,0,1
India,9,S Meghana,Nida Dar,M Raj,1,0,1
India,9,M Raj,Nida Dar,S Meghana,4,1,5
India,9,M Raj,Nida Dar,S Meghana,6,0,6
India,9,M Raj,Nida Dar,S Meghana,1,0,1
India,10,M Raj,Sadia Yousuf,S Meghana,1,0,1
India,10,S Meghana,Sadia Yousuf,M Raj,0,0,0
India,10,S Meghana,Sadia Yousuf,M Raj,1,0,1
India,10,M Raj,Sadia Yousuf,S Meghana,1,0,1
India,10,S Meghana,Sadia Yousuf,M Raj,1,0,1
India,10,M Raj,Sadia Yousuf,S Meghana,1,0,1
India,11,M Raj,Nida Dar,S Meghana,0,0,0
India,11,M Raj,Nida Dar,S Meghana,0,0,0
India,11,M Raj,Nida Dar,S Meghana,0,0,0
India,11,V Krishnamurthy,Nida Dar,M Raj,1,0,1
India,11,M Raj,Nida Dar,V Krishnamurthy,1,0,1
India,11,V Krishnamurthy,Nida Dar,M Raj,0,0,0
India,12,M Raj,Sadia Yousuf,V Krishnamurthy,1,0,1
India,12,V Krishnamurthy,Sadia Yousuf,M Raj,0,0,0
India,12,V Krishnamurthy,Sadia Yousuf,M Raj,1,0,1
India,12,M Raj,Sadia Yousuf,V Krishnamurthy,1,0,1
India,12,V Krishnamurthy,Sadia Yousuf,M Raj,0,0,0
India,12,V Krishnamurthy,Sadia Yousuf,M Raj,0,0,0
India,13,M Raj,Nida Dar,H Kaur,0,0,0
India,13,M Raj,Nida Dar,H Kaur,1,0,1
India,13,H Kaur,Nida Dar,M Raj,0,0,0
India,13,H Kaur,Nida Dar,M Raj,0,0,0
India,13,H Kaur,Nida Dar,M Raj,1,0,1
India,13,M Raj,Nida Dar,H Kaur,1,0,1
India,14,M Raj,Sadia Yousuf,H Kaur,1,0,1
India,14,H Kaur,Sadia Yousuf,M Raj,1,0,1
India,14,M Raj,Sadia Yousuf,H Kaur,1,0,1
India,14,H Kaur,Sadia Yousuf,M Raj,0,0,0
India,14,H Kaur,Sadia Yousuf,M Raj,0,0,0
India,14,H Kaur,Sadia Yousuf,M Raj,0,0,0
India,15,M Raj,Sana Mir,H Kaur,1,0,1
India,15,H Kaur,Sana Mir,M Raj,2,0,2
India,15,H Kaur,Sana Mir,M Raj,1,0,1
India,15,M Raj,Sana Mir,H Kaur,0,0,0
India,15,M Raj,Sana Mir,H Kaur,1,0,1
India,15,H Kaur,Sana Mir,M Raj,0,1,1
India,15,H Kaur,Sana Mir,M Raj,0,2,2
India,15,M Raj,Sana Mir,H Kaur,1,0,1
India,16,M Raj,Anam Amin,H Kaur,1,0,1
India,16,H Kaur,Anam Amin,M Raj,0,0,0
India,16,J Goswami,Anam Amin,M Raj,0,0,0
India,16,J Goswami,Anam Amin,M Raj,1,0,1
India,16,M Raj,Anam Amin,J Goswami,4,0,4
India,16,M Raj,Anam Amin,J Goswami,1,0,1
India,17,M Raj,Nida Dar,J Goswami,0,0,0
India,17,M Raj,Nida Dar,J Goswami,1,0,1
India,17,J Goswami,Nida Dar,M Raj,1,0,1
India,17,M Raj,Nida Dar,J Goswami,1,0,1
India,17,J Goswami,Nida Dar,M Raj,6,0,6
India,17,J Goswami,Nida Dar,M Raj,0,0,0
India,18,M Raj,Iram Javed,J Goswami,1,0,1
India,18,J Goswami,Iram Javed,M Raj,1,0,1
India,18,M Raj,Iram Javed,J Goswami,2,0,2
India,18,M Raj,Iram Javed,J Goswami,1,0,1
India,18,J Goswami,Iram Javed,M Raj,1,0,1
India,18,M Raj,Iram Javed,J Goswami,1,0,1
India,19,M Raj,Sana Mir,J Goswami,1,0,1
India,19,J Goswami,Sana Mir,M Raj,1,0,1
India,19,M Raj,Sana Mir,J Goswami,1,0,1
India,19,J Goswami,Sana Mir,M Raj,6,0,6
India,19,J Goswami,Sana Mir,M Raj,0,0,0
India,19,M Raj,Sana Mir,AA Patil,1,0,1
Pakistan,0,Ayesha Zafar,E Bisht,Javeria Khan,1,0,1
Pakistan,0,Javeria Khan,E Bisht,Ayesha Zafar,4,0,4
Pakistan,0,Javeria Khan,E Bisht,Ayesha Zafar,0,0,0
Pakistan,0,Javeria Khan,E Bisht,Ayesha Zafar,1,0,1
Pakistan,0,Ayesha Zafar,E Bisht,Javeria Khan,4,0,4
Pakistan,0,Ayesha Zafar,E Bisht,Javeria Khan,0,0,0
Pakistan,1,Javeria Khan,AA Patil,Ayesha Zafar,1,0,1
Pakistan,1,Ayesha Zafar,AA Patil,Javeria Khan,0,0,0
Pakistan,1,Ayesha Zafar,AA Patil,Javeria Khan,1,0,1
Pakistan,1,Javeria Khan,AA Patil,Ayesha Zafar,0,0,0
Pakistan,1,Javeria Khan,AA Patil,Ayesha Zafar,1,0,1
Pakistan,1,Ayesha Zafar,AA Patil,Javeria Khan,0,0,0
Pakistan,2,Javeria Khan,J Goswami,Ayesha Zafar,0,0,0
Pakistan,2,Javeria Khan,J Goswami,Ayesha Zafar,0,0,0
Pakistan,2,Javeria Khan,J Goswami,Ayesha Zafar,0,0,0
Pakistan,2,Javeria Khan,J Goswami,Ayesha Zafar,1,0,1
Pakistan,2,Ayesha Zafar,J Goswami,Javeria Khan,4,0,4
Pakistan,2,Ayesha Zafar,J Goswami,Javeria Khan,0,0,0
Pakistan,3,Javeria Khan,AA Patil,Ayesha Zafar,1,0,1
Pakistan,3,Ayesha Zafar,AA Patil,Javeria Khan,0,0,0
Pakistan,3,Ayesha Zafar,AA Patil,Javeria Khan,4,0,4
Pakistan,3,Ayesha Zafar,AA Patil,Javeria Khan,0,0,0
Pakistan,3,Ayesha Zafar,AA Patil,Javeria Khan,1,0,1
Pakistan,3,Javeria Khan,AA Patil,Ayesha Zafar,0,0,0
Pakistan,4,Ayesha Zafar,J Goswami,Javeria Khan,0,0,0
Pakistan,4,Ayesha Zafar,J Goswami,Javeria Khan,0,0,0
Pakistan,4,Asmavia Iqbal,J Goswami,Javeria Khan,0,0,0
Pakistan,4,Asmavia Iqbal,J Goswami,Javeria Khan,0,0,0
Pakistan,4,Asmavia Iqbal,J Goswami,Javeria Khan,1,0,1
Pakistan,4,Javeria Khan,J Goswami,Asmavia Iqbal,1,0,1
Pakistan,5,Javeria Khan,S Pandey,Asmavia Iqbal,0,0,0
Pakistan,5,Javeria Khan,S Pandey,Asmavia Iqbal,1,0,1
Pakistan,5,Asmavia Iqbal,S Pandey,Javeria Khan,0,1,1
Pakistan,5,Asmavia Iqbal,S Pandey,Javeria Khan,0,0,0
Pakistan,5,Bismah Maroof,S Pandey,Javeria Khan,0,0,0
Pakistan,5,Bismah Maroof,S Pandey,Javeria Khan,0,1,1
Pakistan,5,Bismah Maroof,S Pandey,Javeria Khan,2,0,2
Pakistan,5,Bismah Maroof,S Pandey,Javeria Khan,1,0,1
Pakistan,6,Bismah Maroof,J Goswami,Javeria Khan,1,0,1
Pakistan,6,Javeria Khan,J Goswami,Bismah Maroof,1,0,1
Pakistan,6,Bismah Maroof,J Goswami,Javeria Khan,1,0,1
Pakistan,6,Javeria Khan,J Goswami,Bismah Maroof,1,0,1
Pakistan,6,Bismah Maroof,J Goswami,Javeria Khan,1,0,1
Pakistan,6,Javeria Khan,J Goswami,Bismah Maroof,0,0,0
Pakistan,7,Bismah Maroof,S Pandey,Javeria Khan,4,0,4
Pakistan,7,Bismah Maroof,S Pandey,Javeria Khan,0,0,0
Pakistan,7,Bismah Maroof,S Pandey,Javeria Khan,1,0,1
Pakistan,7,Javeria Khan,S Pandey,Bismah Maroof,4,0,4
Pakistan,7,Javeria Khan,S Pandey,Bismah Maroof,1,0,1
Pakistan,7,Bismah Maroof,S Pandey,Javeria Khan,1,0,1
Pakistan,8,Bismah Maroof,Preeti Bose,Javeria Khan,1,0,1
Pakistan,8,Javeria Khan,Preeti Bose,Bismah Maroof,1,0,1
Pakistan,8,Bismah Maroof,Preeti Bose,Javeria Khan,0,1,1
Pakistan,8,Javeria Khan,Preeti Bose,Bismah Maroof,0,0,0
Pakistan,8,Javeria Khan,Preeti Bose,Bismah Maroof,1,0,1
Pakistan,8,Bismah Maroof,Preeti Bose,Javeria Khan,1,0,1
Pakistan,9,Bismah Maroof,E Bisht,Javeria Khan,1,0,1
Pakistan,9,Javeria Khan,E Bisht,Bismah Maroof,2,0,2
Pakistan,9,Javeria Khan,E Bisht,Bismah Maroof,0,0,0
Pakistan,9,Javeria Khan,E Bisht,Bismah Maroof,0,0,0
Pakistan,9,Nain Abidi,E Bisht,Bismah Maroof,0,0,0
Pakistan,9,Nain Abidi,E Bisht,Bismah Maroof,0,0,0
Pakistan,10,Bismah Maroof,Preeti Bose,Nain Abidi,1,0,1
Pakistan,10,Nain Abidi,Preeti Bose,Bismah Maroof,0,0,0
Pakistan,10,Nain Abidi,Preeti Bose,Bismah Maroof,1,0,1
Pakistan,10,Bismah Maroof,Preeti Bose,Nain Abidi,2,0,2
Pakistan,10,Bismah Maroof,Preeti Bose,Nain Abidi,0,0,0
Pakistan,10,Bismah Maroof,Preeti Bose,Nain Abidi,1,0,1
Pakistan,11,Bismah Maroof,AA Patil,Nain Abidi,0,0,0
Pakistan,11,Bismah Maroof,AA Patil,Nain Abidi,1,0,1
Pakistan,11,Nain Abidi,AA Patil,Bismah Maroof,1,0,1
Pakistan,11,Bismah Maroof,AA Patil,Nain Abidi,0,0,0
Pakistan,11,Bismah Maroof,AA Patil,Nain Abidi,0,0,0
Pakistan,11,Bismah Maroof,AA Patil,Nain Abidi,0,0,0
Pakistan,12,Nain Abidi,Preeti Bose,Bismah Maroof,0,0,0
Pakistan,12,Nain Abidi,Preeti Bose,Bismah Maroof,1,0,1
Pakistan,12,Bismah Maroof,Preeti Bose,Nain Abidi,1,0,1
Pakistan,12,Nain Abidi,Preeti Bose,Bismah Maroof,0,0,0
Pakistan,12,Nain Abidi,Preeti Bose,Bismah Maroof,0,1,1
Pakistan,12,Bismah Maroof,Preeti Bose,Nain Abidi,4,0,4
Pakistan,13,Nain Abidi,AA Patil,Bismah Maroof,4,0,4
Pakistan,13,Nain Abidi,AA Patil,Bismah Maroof,1,0,1
Pakistan,13,Bismah Maroof,AA Patil,Nain Abidi,0,0,0
Pakistan,13,Iram Javed,AA Patil,Nain Abidi,0,0,0
Pakistan,13,Iram Javed,AA Patil,Nain Abidi,0,0,0
Pakistan,13,Iram Javed,AA Patil,Nain Abidi,2,0,2
Pakistan,14,Nain Abidi,Preeti Bose,Iram Javed,1,0,1
Pakistan,14,Iram Javed,Preeti Bose,Nain Abidi,1,0,1
Pakistan,14,Nain Abidi,Preeti Bose,Iram Javed,0,0,0
Pakistan,14,Nain Abidi,Preeti Bose,Iram Javed,0,0,0
Pakistan,14,Nida Dar,Preeti Bose,Iram Javed,1,0,1
Pakistan,14,Iram Javed,Preeti Bose,Nida Dar,0,0,0
Pakistan,15,Nida Dar,E Bisht,Iram Javed,1,0,1
Pakistan,15,Iram Javed,E Bisht,Nida Dar,0,0,0
Pakistan,15,Iram Javed,E Bisht,Nida Dar,0,0,0
Pakistan,15,Iram Javed,E Bisht,Nida Dar,0,0,0
Pakistan,15,Sana Mir,E Bisht,Nida Dar,1,0,1
Pakistan,15,Nida Dar,E Bisht,Sana Mir,0,0,0
Pakistan,16,Sana Mir,H Kaur,Nida Dar,1,0,1
Pakistan,16,Nida Dar,H Kaur,Sana Mir,0,0,0
Pakistan,16,Nida Dar,H Kaur,Sana Mir,0,0,0
Pakistan,16,Nida Dar,H Kaur,Sana Mir,0,0,0
Pakistan,16,Nida Dar,H Kaur,Sana Mir,0,0,0
Pakistan,16,Nida Dar,H Kaur,Sana Mir,0,0,0
Pakistan,17,Sana Mir,E Bisht,Nida Dar,1,0,1
Pakistan,17,Nida Dar,E Bisht,Sana Mir,1,0,1
Pakistan,17,Sana Mir,E Bisht,Nida Dar,1,0,1
Pakistan,17,Nida Dar,E Bisht,Sana Mir,1,0,1
Pakistan,17,Sana Mir,E Bisht,Nida Dar,1,0,1
Pakistan,17,Nida Dar,E Bisht,Sana Mir,2,0,2
Pakistan,18,Sana Mir,J Goswami,Nida Dar,1,0,1
Pakistan,18,Nida Dar,J Goswami,Sana Mir,1,0,1
Pakistan,18,Sana Mir,J Goswami,Nida Dar,1,0,1
Pakistan,18,Nida Dar,J Goswami,Sana Mir,1,0,1
Pakistan,18,Sana Mir,J Goswami,Nida Dar,1,0,1
Pakistan,18,Nida Dar,J Goswami,Sana Mir,0,1,1
Pakistan,18,Nida Dar,J Goswami,Sana Mir,1,0,1
Pakistan,19,Nida Dar,H Kaur,Sana Mir,2,0,2
Pakistan,19,Nida Dar,H Kaur,Sana Mir,1,0,1
Pakistan,19,Sana Mir,H Kaur,Nida Dar,2,0,2
Pakistan,19,Sana Mir,H Kaur,Nida Dar,0,0,0
Pakistan,19,Sana Mir,H Kaur,Nida Dar,0,0,0
Pakistan,19,Sana Mir,H Kaur,Nida Dar,2,0,2
