Team,Over,Batter,Bowler,Non_Striker,Batter_Runs,Extras,Total_Runs
England,0,JJ Roy,KW Richardson,AD Hales,2,0,2
England,0,JJ Roy,KW Richardson,AD Hales,0,1,1
England,0,JJ Roy,KW Richardson,AD Hales,0,0,0
England,0,JJ Roy,KW Richardson,AD Hales,1,0,1
England,0,AD Hales,KW Richardson,JJ Roy,3,0,3
England,0,JJ Roy,KW Richardson,AD Hales,0,0,0
England,0,JJ Roy,KW Richardson,AD Hales,0,1,1
England,0,JJ Roy,KW Richardson,AD Hales,4,0,4
England,1,AD Hales,B Stanlake,JJ Roy,0,0,0
England,1,AD Hales,B Stanlake,JJ Roy,0,0,0
England,1,JJ Roy,B Stanlake,DJ Malan,1,0,1
England,1,DJ Malan,B Stanlake,JJ Roy,0,0,0
England,1,DJ Malan,B Stanlake,JJ Roy,0,0,0
England,1,DJ Malan,B Stanlake,JJ Roy,0,1,1
England,1,DJ Malan,B Stanlake,JJ Roy,1,0,1
England,2,DJ Malan,KW Richardson,JJ Roy,1,0,1
England,2,JJ Roy,KW Richardson,DJ Malan,0,0,0
England,2,JM Vince,KW Richardson,DJ Malan,1,0,1
England,2,DJ Malan,KW Richardson,JM Vince,1,0,1
England,2,JM Vince,KW Richardson,DJ Malan,4,0,4
England,2,JM Vince,KW Richardson,DJ Malan,4,0,4
England,3,DJ Malan,B Stanlake,JM Vince,0,0,0
England,3,DJ Malan,B Stanlake,JM Vince,2,0,2
England,3,DJ Malan,B Stanlake,JM Vince,1,0,1
England,3,JM Vince,B Stanlake,DJ Malan,1,0,1
England,3,DJ Malan,B Stanlake,JM Vince,4,0,4
England,3,DJ Malan,B Stanlake,JM Vince,0,0,0
England,4,JC Buttler,KW Richardson,JM Vince,0,0,0
England,4,JC Buttler,KW Richardson,JM Vince,0,0,0
England,4,JC Buttler,KW Richardson,JM Vince,0,0,0
England,4,JC Buttler,KW Richardson,JM Vince,0,0,0
England,4,JC Buttler,KW Richardson,JM Vince,1,0,1
England,4,JM Vince,KW Richardson,JC Buttler,1,0,1
England,5,JM Vince,MP Stoinis,JC Buttler,1,0,1
England,5,JC Buttler,MP Stoinis,JM Vince,0,0,0
England,5,JC Buttler,MP Stoinis,JM Vince,0,0,0
England,5,JC Buttler,MP Stoinis,JM Vince,4,0,4
England,5,JC Buttler,MP Stoinis,JM Vince,0,0,0
England,5,JC Buttler,MP Stoinis,JM Vince,1,0,1
England,6,JC Buttler,AJ Tye,JM Vince,2,0,2
England,6,JC Buttler,AJ Tye,JM Vince,1,0,1
England,6,JM Vince,AJ Tye,JC Buttler,0,0,0
England,6,JM Vince,AJ Tye,JC Buttler,0,0,0
England,6,JM Vince,AJ Tye,JC Buttler,1,0,1
England,6,JC Buttler,AJ Tye,JM Vince,3,0,3
England,7,JC Buttler,AC Agar,JM Vince,0,0,0
England,7,JC Buttler,AC Agar,JM Vince,1,0,1
England,7,JM Vince,AC Agar,JC Buttler,0,0,0
England,7,JM Vince,AC Agar,JC Buttler,0,0,0
England,7,JM Vince,AC Agar,JC Buttler,1,0,1
England,7,JC Buttler,AC Agar,JM Vince,2,0,2
England,8,JM Vince,MP Stoinis,JC Buttler,1,0,1
England,8,JC Buttler,MP Stoinis,JM Vince,1,0,1
England,8,JM Vince,MP Stoinis,JC Buttler,0,0,0
England,8,JM Vince,MP Stoinis,JC Buttler,1,0,1
England,8,JC Buttler,MP Stoinis,JM Vince,4,0,4
England,8,JC Buttler,MP Stoinis,JM Vince,1,0,1
England,9,JC Buttler,AC Agar,JM Vince,1,0,1
England,9,JM Vince,AC Agar,JC Buttler,1,0,1
England,9,JC Buttler,AC Agar,JM Vince,0,0,0
England,9,JC Buttler,AC Agar,JM Vince,1,0,1
England,9,JM Vince,AC Agar,JC Buttler,2,0,2
England,9,JM Vince,AC Agar,JC Buttler,1,0,1
England,10,JM Vince,AJ Tye,JC Buttler,0,0,0
England,10,JM Vince,AJ Tye,JC Buttler,1,0,1
England,10,JC Buttler,AJ Tye,JM Vince,0,1,1
England,10,JC Buttler,AJ Tye,JM Vince,1,0,1
England,10,JM Vince,AJ Tye,JC Buttler,0,0,0
England,10,SW Billings,AJ Tye,JC Buttler,0,0,0
England,10,SW Billings,AJ Tye,JC Buttler,0,0,0
England,11,JC Buttler,B Stanlake,SW Billings,0,0,0
England,11,JC Buttler,B Stanlake,SW Billings,0,0,0
England,11,JC Buttler,B Stanlake,SW Billings,1,0,1
England,11,SW Billings,B Stanlake,JC Buttler,0,0,0
England,11,SW Billings,B Stanlake,JC Buttler,0,0,0
England,11,SW Billings,B Stanlake,JC Buttler,1,0,1
England,12,SW Billings,MP Stoinis,JC Buttler,0,0,0
England,12,SW Billings,MP Stoinis,JC Buttler,0,0,0
England,12,SW Billings,MP Stoinis,JC Buttler,1,0,1
England,12,JC Buttler,MP Stoinis,SW Billings,0,0,0
England,12,JC Buttler,MP Stoinis,SW Billings,1,0,1
England,12,SW Billings,MP Stoinis,JC Buttler,0,0,0
England,13,JC Buttler,AC Agar,SW Billings,1,0,1
England,13,SW Billings,AC Agar,JC Buttler,1,0,1
England,13,JC Buttler,AC Agar,SW Billings,1,0,1
England,13,SW Billings,AC Agar,JC Buttler,6,0,6
England,13,SW Billings,AC Agar,JC Buttler,1,0,1
England,13,JC Buttler,AC Agar,SW Billings,0,0,0
England,14,SW Billings,MP Stoinis,JC Buttler,0,0,0
England,14,SW Billings,MP Stoinis,JC Buttler,1,0,1
England,14,JC Buttler,MP Stoinis,SW Billings,0,0,0
England,14,JC Buttler,MP Stoinis,SW Billings,0,2,2
England,14,JC Buttler,MP Stoinis,SW Billings,1,0,1
England,14,SW Billings,MP Stoinis,JC Buttler,0,0,0
England,15,JC Buttler,AC Agar,SW Billings,1,0,1
England,15,SW Billings,AC Agar,JC Buttler,4,0,4
England,15,SW Billings,AC Agar,JC Buttler,1,0,1
England,15,JC Buttler,AC Agar,SW Billings,0,0,0
England,15,JC Buttler,AC Agar,SW Billings,1,0,1
England,15,SW Billings,AC Agar,JC Buttler,0,0,0
England,16,JC Buttler,AJ Tye,SW Billings,1,0,1
England,16,SW Billings,AJ Tye,JC Buttler,0,1,1
England,16,SW Billings,AJ Tye,JC Buttler,4,0,4
England,16,SW Billings,AJ Tye,JC Buttler,1,0,1
England,16,JC Buttler,AJ Tye,SW Billings,0,0,0
England,16,JC Buttler,AJ Tye,SW Billings,2,0,2
England,16,JC Buttler,AJ Tye,SW Billings,0,1,1
England,16,JC Buttler,AJ Tye,SW Billings,0,0,0
England,17,SW Billings,B Stanlake,JC Buttler,4,0,4
England,17,SW Billings,B Stanlake,JC Buttler,4,0,4
England,17,SW Billings,B Stanlake,JC Buttler,0,0,0
England,17,JC Buttler,B Stanlake,DJ Willey,4,0,4
England,17,JC Buttler,B Stanlake,DJ Willey,0,1,1
England,17,JC Buttler,B Stanlake,DJ Willey,0,0,0
England,17,JC Buttler,B Stanlake,DJ Willey,2,0,2
England,18,DJ Willey,AJ Tye,JC Buttler,1,0,1
England,18,JC Buttler,AJ Tye,DJ Willey,1,0,1
England,18,DJ Willey,AJ Tye,JC Buttler,4,0,4
England,18,DJ Willey,AJ Tye,JC Buttler,0,0,0
England,18,DJ Willey,AJ Tye,JC Buttler,1,0,1
England,18,JC Buttler,AJ Tye,DJ Willey,2,0,2
England,19,DJ Willey,KW Richardson,JC Buttler,4,0,4
England,19,DJ Willey,KW Richardson,JC Buttler,0,0,0
England,19,JC Buttler,KW Richardson,CJ Jordan,2,0,2
England,19,JC Buttler,KW Richardson,CJ Jordan,1,0,1
England,19,CJ Jordan,KW Richardson,JC Buttler,1,0,1
England,19,JC Buttler,KW Richardson,CJ Jordan,0,0,0
Australia,0,DA Warner,DJ Willey,DJM Short,0,0,0
Australia,0,DA Warner,DJ Willey,DJM Short,2,0,2
Australia,0,DA Warner,DJ Willey,DJM Short,0,0,0
Australia,0,DA Warner,DJ Willey,DJM Short,0,0,0
Australia,0,CA Lynn,DJ Willey,DJM Short,0,0,0
Australia,0,CA Lynn,DJ Willey,DJM Short,4,0,4
Australia,1,DJM Short,TK Curran,CA Lynn,1,0,1
Australia,1,CA Lynn,TK Curran,DJM Short,4,0,4
Australia,1,CA Lynn,TK Curran,DJM Short,0,0,0
Australia,1,CA Lynn,TK Curran,DJM Short,4,0,4
Australia,1,CA Lynn,TK Curran,DJM Short,6,0,6
Australia,1,CA Lynn,TK Curran,DJM Short,1,0,1
Australia,2,CA Lynn,DJ Willey,DJM Short,0,5,5
Australia,2,CA Lynn,DJ Willey,DJM Short,0,1,1
Australia,2,DJM Short,DJ Willey,CA Lynn,0,0,0
Australia,2,DJM Short,DJ Willey,CA Lynn,0,0,0
Australia,2,DJM Short,DJ Willey,CA Lynn,0,0,0
Australia,2,DJM Short,DJ Willey,CA Lynn,0,0,0
Australia,2,DJM Short,DJ Willey,CA Lynn,0,0,0
Australia,3,CA Lynn,CJ Jordan,DJM Short,1,0,1
Australia,3,DJM Short,CJ Jordan,CA Lynn,0,1,1
Australia,3,DJM Short,CJ Jordan,CA Lynn,4,0,4
Australia,3,DJM Short,CJ Jordan,CA Lynn,1,0,1
Australia,3,CA Lynn,CJ Jordan,DJM Short,0,0,0
Australia,3,CA Lynn,CJ Jordan,DJM Short,1,0,1
Australia,3,DJM Short,CJ Jordan,CA Lynn,4,0,4
Australia,4,CA Lynn,DJ Willey,DJM Short,0,0,0
Australia,4,CA Lynn,DJ Willey,DJM Short,0,0,0
Australia,4,CA Lynn,DJ Willey,DJM Short,0,0,0
Australia,4,CA Lynn,DJ Willey,DJM Short,6,0,6
Australia,4,CA Lynn,DJ Willey,DJM Short,0,1,1
Australia,4,DJM Short,DJ Willey,CA Lynn,0,0,0
Australia,5,CA Lynn,CJ Jordan,DJM Short,4,0,4
Australia,5,CA Lynn,CJ Jordan,DJM Short,0,0,0
Australia,5,CA Lynn,CJ Jordan,DJM Short,0,0,0
Australia,5,DJM Short,CJ Jordan,GJ Maxwell,0,0,0
Australia,5,DJM Short,CJ Jordan,GJ Maxwell,1,0,1
Australia,5,GJ Maxwell,CJ Jordan,DJM Short,0,0,0
Australia,6,DJM Short,AU Rashid,GJ Maxwell,1,0,1
Australia,6,GJ Maxwell,AU Rashid,DJM Short,0,0,0
Australia,6,GJ Maxwell,AU Rashid,DJM Short,1,0,1
Australia,6,DJM Short,AU Rashid,GJ Maxwell,1,0,1
Australia,6,GJ Maxwell,AU Rashid,DJM Short,1,0,1
Australia,6,DJM Short,AU Rashid,GJ Maxwell,0,0,0
Australia,7,GJ Maxwell,LA Dawson,DJM Short,1,0,1
Australia,7,DJM Short,LA Dawson,GJ Maxwell,1,0,1
Australia,7,GJ Maxwell,LA Dawson,DJM Short,0,0,0
Australia,7,GJ Maxwell,LA Dawson,DJM Short,0,0,0
Australia,7,GJ Maxwell,LA Dawson,DJM Short,1,0,1
Australia,7,DJM Short,LA Dawson,GJ Maxwell,1,0,1
Australia,8,DJM Short,AU Rashid,GJ Maxwell,0,0,0
Australia,8,DJM Short,AU Rashid,GJ Maxwell,1,0,1
Australia,8,GJ Maxwell,AU Rashid,DJM Short,0,0,0
Australia,8,GJ Maxwell,AU Rashid,DJM Short,2,0,2
Australia,8,GJ Maxwell,AU Rashid,DJM Short,0,0,0
Australia,8,GJ Maxwell,AU Rashid,DJM Short,2,0,2
Australia,9,DJM Short,LA Dawson,GJ Maxwell,4,0,4
Australia,9,DJM Short,LA Dawson,GJ Maxwell,6,0,6
Australia,9,DJM Short,LA Dawson,GJ Maxwell,2,0,2
Australia,9,DJM Short,LA Dawson,GJ Maxwell,1,0,1
Australia,9,GJ Maxwell,LA Dawson,DJM Short,0,0,0
Australia,9,GJ Maxwell,LA Dawson,DJM Short,6,0,6
Australia,10,DJM Short,AU Rashid,GJ Maxwell,1,0,1
Australia,10,GJ Maxwell,AU Rashid,DJM Short,4,0,4
Australia,10,GJ Maxwell,AU Rashid,DJM Short,4,0,4
Australia,10,GJ Maxwell,AU Rashid,DJM Short,6,0,6
Australia,10,GJ Maxwell,AU Rashid,DJM Short,4,0,4
Australia,10,GJ Maxwell,AU Rashid,DJM Short,1,0,1
Australia,11,GJ Maxwell,TK Curran,DJM Short,1,0,1
Australia,11,DJM Short,TK Curran,GJ Maxwell,1,0,1
Australia,11,GJ Maxwell,TK Curran,DJM Short,0,0,0
Australia,11,GJ Maxwell,TK Curran,DJM Short,0,1,1
Australia,11,GJ Maxwell,TK Curran,DJM Short,2,0,2
Australia,11,GJ Maxwell,TK Curran,DJM Short,1,0,1
Australia,11,DJM Short,TK Curran,GJ Maxwell,1,0,1
Australia,12,DJM Short,AU Rashid,GJ Maxwell,1,0,1
Australia,12,GJ Maxwell,AU Rashid,DJM Short,1,0,1
Australia,12,DJM Short,AU Rashid,GJ Maxwell,0,0,0
Australia,12,DJM Short,AU Rashid,GJ Maxwell,0,0,0
Australia,12,DJM Short,AU Rashid,GJ Maxwell,1,0,1
Australia,12,GJ Maxwell,AU Rashid,DJM Short,0,1,1
Australia,12,GJ Maxwell,AU Rashid,DJM Short,1,0,1
Australia,13,GJ Maxwell,CJ Jordan,DJM Short,0,0,0
Australia,13,DJM Short,CJ Jordan,AJ Finch,0,0,0
Australia,13,DJM Short,CJ Jordan,AJ Finch,1,0,1
Australia,13,AJ Finch,CJ Jordan,DJM Short,0,0,0
Australia,13,AJ Finch,CJ Jordan,DJM Short,4,0,4
Australia,13,AJ Finch,CJ Jordan,DJM Short,4,0,4
Australia,14,DJM Short,DJ Willey,AJ Finch,1,0,1
Australia,14,AJ Finch,DJ Willey,DJM Short,6,0,6
Australia,14,AJ Finch,DJ Willey,DJM Short,6,0,6
