Team,Over,Batter,Bowler,Non_Striker,Batter_Runs,Extras,Total_Runs
United Arab Emirates,0,Rohan Mustafa,Fareed Ahmad,Mohammad Shahzad (2),0,0,0
United Arab Emirates,0,Rohan Mustafa,Fareed Ahmad,Mohammad Shahzad (2),0,0,0
United Arab Emirates,0,Rohan Mustafa,Fareed Ahmad,Mohammad Shahzad (2),1,0,1
United Arab Emirates,0,Mohammad Shahzad (2),Fareed Ahmad,Rohan Mustafa,0,0,0
United Arab Emirates,0,Mohammad Shahzad (2),Fareed Ahmad,Rohan Mustafa,1,0,1
United Arab Emirates,0,Rohan Mustafa,Fareed Ahmad,Mohammad Shahzad (2),0,0,0
United Arab Emirates,1,Mohammad Shahzad (2),Mohammad Nabi,Rohan Mustafa,6,0,6
United Arab Emirates,1,Mohammad Shahzad (2),Mohammad Nabi,Rohan Mustafa,1,0,1
United Arab Emirates,1,Rohan Mustafa,Mohammad Nabi,Mohammad Shahzad (2),0,0,0
United Arab Emirates,1,Rohan Mustafa,Mohammad Nabi,Mohammad Shahzad (2),2,0,2
United Arab Emirates,1,Rohan Mustafa,Mohammad Nabi,Mohammad Shahzad (2),1,0,1
United Arab Emirates,1,Mohammad Shahzad (2),Mohammad Nabi,Rohan Mustafa,0,0,0
United Arab Emirates,2,Rohan Mustafa,Fareed Ahmad,Mohammad Shahzad (2),1,0,1
United Arab Emirates,2,Mohammad Shahzad (2),Fareed Ahmad,Rohan Mustafa,0,0,0
United Arab Emirates,2,Shaiman Anwar,Fareed Ahmad,Rohan Mustafa,1,0,1
United Arab Emirates,2,Rohan Mustafa,Fareed Ahmad,Shaiman Anwar,4,0,4
United Arab Emirates,2,Rohan Mustafa,Fareed Ahmad,Shaiman Anwar,6,0,6
United Arab Emirates,2,Rohan Mustafa,Fareed Ahmad,Shaiman Anwar,0,0,0
United Arab Emirates,3,Shaiman Anwar,Mohammad Nabi,Rohan Mustafa,0,0,0
United Arab Emirates,3,Shaiman Anwar,Mohammad Nabi,Rohan Mustafa,6,0,6
United Arab Emirates,3,Shaiman Anwar,Mohammad Nabi,Rohan Mustafa,0,0,0
United Arab Emirates,3,Shaiman Anwar,Mohammad Nabi,Rohan Mustafa,4,0,4
United Arab Emirates,3,Shaiman Anwar,Mohammad Nabi,Rohan Mustafa,0,0,0
United Arab Emirates,3,Shaiman Anwar,Mohammad Nabi,Rohan Mustafa,0,0,0
United Arab Emirates,4,Rohan Mustafa,Amir Hamza,Shaiman Anwar,2,0,2
United Arab Emirates,4,Rohan Mustafa,Amir Hamza,Shaiman Anwar,4,0,4
United Arab Emirates,4,Rohan Mustafa,Amir Hamza,Shaiman Anwar,0,0,0
United Arab Emirates,4,Rohan Mustafa,Amir Hamza,Shaiman Anwar,1,0,1
United Arab Emirates,4,Shaiman Anwar,Amir Hamza,Rohan Mustafa,0,0,0
United Arab Emirates,4,Shaiman Anwar,Amir Hamza,Rohan Mustafa,2,0,2
United Arab Emirates,5,Rohan Mustafa,Karim Janat,Shaiman Anwar,0,0,0
United Arab Emirates,5,Rohan Mustafa,Karim Janat,Shaiman Anwar,4,0,4
United Arab Emirates,5,Rohan Mustafa,Karim Janat,Shaiman Anwar,4,0,4
United Arab Emirates,5,Rohan Mustafa,Karim Janat,Shaiman Anwar,1,0,1
United Arab Emirates,5,Shaiman Anwar,Karim Janat,Rohan Mustafa,0,0,0
United Arab Emirates,5,Shaiman Anwar,Karim Janat,Rohan Mustafa,4,0,4
United Arab Emirates,6,Rohan Mustafa,Amir Hamza,Shaiman Anwar,4,0,4
United Arab Emirates,6,Rohan Mustafa,Amir Hamza,Shaiman Anwar,2,0,2
United Arab Emirates,6,Rohan Mustafa,Amir Hamza,Shaiman Anwar,1,0,1
United Arab Emirates,6,Shaiman Anwar,Amir Hamza,Rohan Mustafa,1,0,1
United Arab Emirates,6,Rohan Mustafa,Amir Hamza,Shaiman Anwar,1,0,1
United Arab Emirates,6,Shaiman Anwar,Amir Hamza,Rohan Mustafa,1,0,1
United Arab Emirates,7,Shaiman Anwar,Karim Janat,Rohan Mustafa,1,0,1
United Arab Emirates,7,Rohan Mustafa,Karim Janat,Shaiman Anwar,1,0,1
United Arab Emirates,7,Shaiman Anwar,Karim Janat,Rohan Mustafa,1,0,1
United Arab Emirates,7,Rohan Mustafa,Karim Janat,Shaiman Anwar,0,0,0
United Arab Emirates,7,Rohan Mustafa,Karim Janat,Shaiman Anwar,0,1,1
United Arab Emirates,7,Rohan Mustafa,Karim Janat,Shaiman Anwar,0,1,1
United Arab Emirates,7,Shaiman Anwar,Karim Janat,Rohan Mustafa,0,1,1
United Arab Emirates,8,Shaiman Anwar,Amir Hamza,Rohan Mustafa,1,0,1
United Arab Emirates,8,Rohan Mustafa,Amir Hamza,Shaiman Anwar,1,0,1
United Arab Emirates,8,Shaiman Anwar,Amir Hamza,Rohan Mustafa,1,0,1
United Arab Emirates,8,Rohan Mustafa,Amir Hamza,Shaiman Anwar,1,0,1
United Arab Emirates,8,Shaiman Anwar,Amir Hamza,Rohan Mustafa,0,0,0
United Arab Emirates,8,Shaiman Anwar,Amir Hamza,Rohan Mustafa,1,0,1
United Arab Emirates,9,Shaiman Anwar,Karim Janat,Rohan Mustafa,4,0,4
United Arab Emirates,9,Shaiman Anwar,Karim Janat,Rohan Mustafa,1,0,1
United Arab Emirates,9,Rohan Mustafa,Karim Janat,Shaiman Anwar,0,0,0
United Arab Emirates,9,Rohan Mustafa,Karim Janat,Shaiman Anwar,1,0,1
United Arab Emirates,9,Shaiman Anwar,Karim Janat,Rohan Mustafa,0,0,0
United Arab Emirates,9,Shaiman Anwar,Karim Janat,Rohan Mustafa,4,0,4
United Arab Emirates,10,Rohan Mustafa,Rashid Khan,Shaiman Anwar,0,0,0
United Arab Emirates,10,Muhammad Usman,Rashid Khan,Shaiman Anwar,1,0,1
United Arab Emirates,10,Shaiman Anwar,Rashid Khan,Muhammad Usman,1,0,1
United Arab Emirates,10,Muhammad Usman,Rashid Khan,Shaiman Anwar,0,0,0
United Arab Emirates,10,Muhammad Usman,Rashid Khan,Shaiman Anwar,0,0,0
United Arab Emirates,10,Muhammad Usman,Rashid Khan,Shaiman Anwar,2,0,2
United Arab Emirates,11,Shaiman Anwar,Mohammad Nabi,Muhammad Usman,0,0,0
United Arab Emirates,11,Shaiman Anwar,Mohammad Nabi,Muhammad Usman,1,0,1
United Arab Emirates,11,Muhammad Usman,Mohammad Nabi,Shaiman Anwar,1,0,1
United Arab Emirates,11,Shaiman Anwar,Mohammad Nabi,Muhammad Usman,1,0,1
United Arab Emirates,11,Muhammad Usman,Mohammad Nabi,Shaiman Anwar,1,0,1
United Arab Emirates,11,Shaiman Anwar,Mohammad Nabi,Muhammad Usman,1,0,1
United Arab Emirates,12,Shaiman Anwar,Rashid Khan,Muhammad Usman,0,0,0
United Arab Emirates,12,Shaiman Anwar,Rashid Khan,Muhammad Usman,1,0,1
United Arab Emirates,12,Muhammad Usman,Rashid Khan,Shaiman Anwar,0,0,0
United Arab Emirates,12,Muhammad Usman,Rashid Khan,Shaiman Anwar,1,0,1
United Arab Emirates,12,Shaiman Anwar,Rashid Khan,Muhammad Usman,0,0,0
United Arab Emirates,12,Shaiman Anwar,Rashid Khan,Muhammad Usman,0,0,0
United Arab Emirates,13,Muhammad Usman,Karim Janat,Shaiman Anwar,0,1,1
United Arab Emirates,13,Muhammad Usman,Karim Janat,Shaiman Anwar,1,0,1
United Arab Emirates,13,Shaiman Anwar,Karim Janat,Muhammad Usman,1,0,1
United Arab Emirates,13,Muhammad Usman,Karim Janat,Shaiman Anwar,6,0,6
United Arab Emirates,13,Muhammad Usman,Karim Janat,Shaiman Anwar,1,0,1
United Arab Emirates,13,Shaiman Anwar,Karim Janat,Muhammad Usman,1,0,1
United Arab Emirates,13,Muhammad Usman,Karim Janat,Shaiman Anwar,0,0,0
United Arab Emirates,14,Shaiman Anwar,Amir Hamza,Muhammad Usman,1,0,1
United Arab Emirates,14,Muhammad Usman,Amir Hamza,Shaiman Anwar,1,0,1
United Arab Emirates,14,Shaiman Anwar,Amir Hamza,Muhammad Usman,1,0,1
United Arab Emirates,14,Muhammad Usman,Amir Hamza,Shaiman Anwar,0,0,0
United Arab Emirates,14,Rameez Shahzad,Amir Hamza,Shaiman Anwar,1,0,1
United Arab Emirates,14,Shaiman Anwar,Amir Hamza,Rameez Shahzad,1,0,1
United Arab Emirates,15,Shaiman Anwar,Rashid Khan,Rameez Shahzad,1,0,1
United Arab Emirates,15,Rameez Shahzad,Rashid Khan,Shaiman Anwar,4,0,4
United Arab Emirates,15,Rameez Shahzad,Rashid Khan,Shaiman Anwar,0,0,0
United Arab Emirates,15,Rameez Shahzad,Rashid Khan,Shaiman Anwar,1,0,1
United Arab Emirates,15,Shaiman Anwar,Rashid Khan,Rameez Shahzad,0,0,0
United Arab Emirates,15,Shaiman Anwar,Rashid Khan,Rameez Shahzad,0,0,0
United Arab Emirates,16,Rameez Shahzad,Fareed Ahmad,Shaiman Anwar,2,0,2
United Arab Emirates,16,Rameez Shahzad,Fareed Ahmad,Shaiman Anwar,4,0,4
United Arab Emirates,16,Rameez Shahzad,Fareed Ahmad,Shaiman Anwar,4,0,4
United Arab Emirates,16,Rameez Shahzad,Fareed Ahmad,Shaiman Anwar,1,0,1
United Arab Emirates,16,Shaiman Anwar,Fareed Ahmad,Rameez Shahzad,1,0,1
United Arab Emirates,16,Rameez Shahzad,Fareed Ahmad,Shaiman Anwar,4,0,4
United Arab Emirates,17,Shaiman Anwar,Rashid Khan,Rameez Shahzad,6,0,6
United Arab Emirates,17,Shaiman Anwar,Rashid Khan,Rameez Shahzad,0,0,0
United Arab Emirates,17,Shaiman Anwar,Rashid Khan,Rameez Shahzad,1,0,1
United Arab Emirates,17,Rameez Shahzad,Rashid Khan,Shaiman Anwar,0,0,0
United Arab Emirates,17,Rameez Shahzad,Rashid Khan,Shaiman Anwar,1,0,1
United Arab Emirates,17,Shaiman Anwar,Rashid Khan,Rameez Shahzad,6,0,6
United Arab Emirates,18,Rameez Shahzad,Mohammad Nabi,Shaiman Anwar,6,0,6
United Arab Emirates,18,Rameez Shahzad,Mohammad Nabi,Shaiman Anwar,0,0,0
United Arab Emirates,18,Rameez Shahzad,Mohammad Nabi,Shaiman Anwar,6,0,6
United Arab Emirates,18,Rameez Shahzad,Mohammad Nabi,Shaiman Anwar,0,1,1
United Arab Emirates,18,Rameez Shahzad,Mohammad Nabi,Shaiman Anwar,4,0,4
United Arab Emirates,18,Rameez Shahzad,Mohammad Nabi,Shaiman Anwar,1,0,1
United Arab Emirates,18,Shaiman Anwar,Mohammad Nabi,Rameez Shahzad,1,0,1
United Arab Emirates,19,Shaiman Anwar,Fareed Ahmad,Rameez Shahzad,0,0,0
United Arab Emirates,19,Shaiman Anwar,Fareed Ahmad,Rameez Shahzad,1,0,1
United Arab Emirates,19,Rameez Shahzad,Fareed Ahmad,Shaiman Anwar,6,0,6
United Arab Emirates,19,Rameez Shahzad,Fareed Ahmad,Shaiman Anwar,2,0,2
United Arab Emirates,19,Rameez Shahzad,Fareed Ahmad,Shaiman Anwar,0,1,1
United Arab Emirates,19,Shaiman Anwar,Fareed Ahmad,Rameez Shahzad,0,0,0
Afghanistan,0,Mohammad Shahzad,Mohammad Naveed,Hazratullah,1,0,1
Afghanistan,0,Hazratullah,Mohammad Naveed,Mohammad Shahzad,0,0,0
Afghanistan,0,Hazratullah,Mohammad Naveed,Mohammad Shahzad,0,0,0
Afghanistan,0,Hazratullah,Mohammad Naveed,Mohammad Shahzad,1,1,2
Afghanistan,0,Mohammad Shahzad,Mohammad Naveed,Hazratullah,1,0,1
Afghanistan,0,Hazratullah,Mohammad Naveed,Mohammad Shahzad,0,0,0
Afghanistan,0,Hazratullah,Mohammad Naveed,Mohammad Shahzad,2,0,2
Afghanistan,1,Mohammad Shahzad,Atif Ali Khan,Hazratullah,4,0,4
Afghanistan,1,Mohammad Shahzad,Atif Ali Khan,Hazratullah,1,0,1
Afghanistan,1,Hazratullah,Atif Ali Khan,Mohammad Shahzad,3,0,3
Afghanistan,1,Mohammad Shahzad,Atif Ali Khan,Hazratullah,4,0,4
Afghanistan,1,Mohammad Shahzad,Atif Ali Khan,Hazratullah,4,0,4
Afghanistan,1,Mohammad Shahzad,Atif Ali Khan,Hazratullah,4,0,4
Afghanistan,2,Hazratullah,Mohammad Naveed,Mohammad Shahzad,2,0,2
Afghanistan,2,Hazratullah,Mohammad Naveed,Mohammad Shahzad,0,1,1
Afghanistan,2,Hazratullah,Mohammad Naveed,Mohammad Shahzad,0,1,1
Afghanistan,2,Hazratullah,Mohammad Naveed,Mohammad Shahzad,0,0,0
Afghanistan,2,Hazratullah,Mohammad Naveed,Mohammad Shahzad,0,0,0
Afghanistan,2,Hazratullah,Mohammad Naveed,Mohammad Shahzad,0,0,0
Afghanistan,2,Hazratullah,Mohammad Naveed,Mohammad Shahzad,1,0,1
Afghanistan,2,Mohammad Shahzad,Mohammad Naveed,Hazratullah,0,0,0
Afghanistan,3,Hazratullah,Amjad Javed,Mohammad Shahzad,1,0,1
Afghanistan,3,Mohammad Shahzad,Amjad Javed,Hazratullah,4,0,4
Afghanistan,3,Mohammad Shahzad,Amjad Javed,Hazratullah,4,0,4
Afghanistan,3,Mohammad Shahzad,Amjad Javed,Hazratullah,4,0,4
Afghanistan,3,Mohammad Shahzad,Amjad Javed,Hazratullah,0,0,0
Afghanistan,3,Usman Ghani,Amjad Javed,Hazratullah,4,0,4
Afghanistan,4,Hazratullah,Mohammad Naveed,Usman Ghani,0,0,0
Afghanistan,4,Hazratullah,Mohammad Naveed,Usman Ghani,4,0,4
Afghanistan,4,Hazratullah,Mohammad Naveed,Usman Ghani,0,0,0
Afghanistan,4,Hazratullah,Mohammad Naveed,Usman Ghani,0,0,0
Afghanistan,4,Hazratullah,Mohammad Naveed,Usman Ghani,1,0,1
Afghanistan,4,Usman Ghani,Mohammad Naveed,Hazratullah,0,0,0
Afghanistan,5,Hazratullah,Mohammad Shahzad (2),Usman Ghani,0,0,0
Afghanistan,5,Hazratullah,Mohammad Shahzad (2),Usman Ghani,1,0,1
Afghanistan,5,Usman Ghani,Mohammad Shahzad (2),Hazratullah,0,0,0
Afghanistan,5,Usman Ghani,Mohammad Shahzad (2),Hazratullah,0,0,0
Afghanistan,5,Usman Ghani,Mohammad Shahzad (2),Hazratullah,1,0,1
Afghanistan,5,Hazratullah,Mohammad Shahzad (2),Usman Ghani,0,0,0
Afghanistan,6,Usman Ghani,Ahmed Raza,Hazratullah,1,0,1
Afghanistan,6,Hazratullah,Ahmed Raza,Usman Ghani,0,0,0
Afghanistan,6,Hazratullah,Ahmed Raza,Usman Ghani,1,0,1
Afghanistan,6,Usman Ghani,Ahmed Raza,Hazratullah,1,0,1
Afghanistan,6,Hazratullah,Ahmed Raza,Usman Ghani,1,0,1
Afghanistan,6,Usman Ghani,Ahmed Raza,Hazratullah,0,0,0
Afghanistan,7,Hazratullah,Mohammad Shahzad (2),Usman Ghani,0,0,0
Afghanistan,7,Asghar Stanikzai,Mohammad Shahzad (2),Usman Ghani,1,0,1
Afghanistan,7,Usman Ghani,Mohammad Shahzad (2),Asghar Stanikzai,1,0,1
Afghanistan,7,Asghar Stanikzai,Mohammad Shahzad (2),Usman Ghani,0,0,0
Afghanistan,7,Asghar Stanikzai,Mohammad Shahzad (2),Usman Ghani,1,0,1
Afghanistan,7,Usman Ghani,Mohammad Shahzad (2),Asghar Stanikzai,1,0,1
Afghanistan,8,Usman Ghani,Ahmed Raza,Asghar Stanikzai,1,0,1
Afghanistan,8,Asghar Stanikzai,Ahmed Raza,Usman Ghani,0,0,0
Afghanistan,8,Asghar Stanikzai,Ahmed Raza,Usman Ghani,2,0,2
Afghanistan,8,Asghar Stanikzai,Ahmed Raza,Usman Ghani,6,0,6
Afghanistan,8,Asghar Stanikzai,Ahmed Raza,Usman Ghani,0,0,0
Afghanistan,8,Asghar Stanikzai,Ahmed Raza,Usman Ghani,0,0,0
Afghanistan,9,Usman Ghani,Atif Ali Khan,Asghar Stanikzai,0,1,1
Afghanistan,9,Asghar Stanikzai,Atif Ali Khan,Usman Ghani,1,0,1
Afghanistan,9,Usman Ghani,Atif Ali Khan,Asghar Stanikzai,2,0,2
Afghanistan,9,Usman Ghani,Atif Ali Khan,Asghar Stanikzai,1,0,1
Afghanistan,9,Asghar Stanikzai,Atif Ali Khan,Usman Ghani,1,0,1
Afghanistan,9,Usman Ghani,Atif Ali Khan,Asghar Stanikzai,1,0,1
Afghanistan,10,Usman Ghani,Amjad Javed,Asghar Stanikzai,3,0,3
Afghanistan,10,Asghar Stanikzai,Amjad Javed,Usman Ghani,1,0,1
Afghanistan,10,Usman Ghani,Amjad Javed,Asghar Stanikzai,1,0,1
Afghanistan,10,Asghar Stanikzai,Amjad Javed,Usman Ghani,1,0,1
Afghanistan,10,Usman Ghani,Amjad Javed,Asghar Stanikzai,0,0,0
Afghanistan,10,Samiullah Shenwari,Amjad Javed,Asghar Stanikzai,1,0,1
Afghanistan,11,Samiullah Shenwari,Ahmed Raza,Asghar Stanikzai,1,0,1
Afghanistan,11,Asghar Stanikzai,Ahmed Raza,Samiullah Shenwari,1,0,1
Afghanistan,11,Samiullah Shenwari,Ahmed Raza,Asghar Stanikzai,1,0,1
Afghanistan,11,Asghar Stanikzai,Ahmed Raza,Samiullah Shenwari,0,0,0
Afghanistan,11,Asghar Stanikzai,Ahmed Raza,Samiullah Shenwari,6,0,6
Afghanistan,11,Asghar Stanikzai,Ahmed Raza,Samiullah Shenwari,1,0,1
Afghanistan,12,Asghar Stanikzai,Amjad Javed,Samiullah Shenwari,1,0,1
Afghanistan,12,Samiullah Shenwari,Amjad Javed,Asghar Stanikzai,1,0,1
Afghanistan,12,Asghar Stanikzai,Amjad Javed,Samiullah Shenwari,2,0,2
Afghanistan,12,Asghar Stanikzai,Amjad Javed,Samiullah Shenwari,4,0,4
Afghanistan,12,Asghar Stanikzai,Amjad Javed,Samiullah Shenwari,0,0,0
Afghanistan,12,Mohammad Nabi,Amjad Javed,Samiullah Shenwari,0,1,1
Afghanistan,12,Mohammad Nabi,Amjad Javed,Samiullah Shenwari,1,0,1
Afghanistan,13,Mohammad Nabi,Atif Ali Khan,Samiullah Shenwari,1,0,1
Afghanistan,13,Samiullah Shenwari,Atif Ali Khan,Mohammad Nabi,4,0,4
Afghanistan,13,Samiullah Shenwari,Atif Ali Khan,Mohammad Nabi,2,0,2
Afghanistan,13,Samiullah Shenwari,Atif Ali Khan,Mohammad Nabi,1,0,1
Afghanistan,13,Mohammad Nabi,Atif Ali Khan,Samiullah Shenwari,1,0,1
Afghanistan,13,Samiullah Shenwari,Atif Ali Khan,Mohammad Nabi,1,0,1
Afghanistan,14,Mohammad Nabi,Amjad Javed,Najibullah Zadran,1,0,1
Afghanistan,14,Najibullah Zadran,Amjad Javed,Mohammad Nabi,1,0,1
Afghanistan,14,Mohammad Nabi,Amjad Javed,Najibullah Zadran,0,0,0
Afghanistan,14,Mohammad Nabi,Amjad Javed,Najibullah Zadran,2,0,2
Afghanistan,14,Mohammad Nabi,Amjad Javed,Najibullah Zadran,1,0,1
Afghanistan,14,Najibullah Zadran,Amjad Javed,Mohammad Nabi,1,0,1
Afghanistan,15,Najibullah Zadran,Mohammad Shahzad (2),Mohammad Nabi,4,0,4
Afghanistan,15,Najibullah Zadran,Mohammad Shahzad (2),Mohammad Nabi,0,0,0
Afghanistan,15,Najibullah Zadran,Mohammad Shahzad (2),Mohammad Nabi,2,0,2
Afghanistan,15,Najibullah Zadran,Mohammad Shahzad (2),Mohammad Nabi,4,0,4
Afghanistan,15,Najibullah Zadran,Mohammad Shahzad (2),Mohammad Nabi,6,0,6
Afghanistan,15,Najibullah Zadran,Mohammad Shahzad (2),Mohammad Nabi,0,1,1
Afghanistan,15,Najibullah Zadran,Mohammad Shahzad (2),Mohammad Nabi,1,0,1
Afghanistan,16,Najibullah Zadran,Atif Ali Khan,Mohammad Nabi,1,0,1
Afghanistan,16,Mohammad Nabi,Atif Ali Khan,Najibullah Zadran,0,1,1
Afghanistan,16,Najibullah Zadran,Atif Ali Khan,Mohammad Nabi,2,0,2
Afghanistan,16,Najibullah Zadran,Atif Ali Khan,Mohammad Nabi,1,0,1
Afghanistan,16,Mohammad Nabi,Atif Ali Khan,Najibullah Zadran,1,0,1
Afghanistan,16,Najibullah Zadran,Atif Ali Khan,Mohammad Nabi,2,0,2
Afghanistan,17,Mohammad Nabi,Mohammad Shahzad (2),Najibullah Zadran,2,0,2
Afghanistan,17,Mohammad Nabi,Mohammad Shahzad (2),Najibullah Zadran,1,0,1
Afghanistan,17,Najibullah Zadran,Mohammad Shahzad (2),Mohammad Nabi,0,0,0
Afghanistan,17,Najibullah Zadran,Mohammad Shahzad (2),Mohammad Nabi,6,0,6
Afghanistan,17,Najibullah Zadran,Mohammad Shahzad (2),Mohammad Nabi,4,0,4
Afghanistan,17,Najibullah Zadran,Mohammad Shahzad (2),Mohammad Nabi,6,0,6
Afghanistan,18,Mohammad Nabi,Mohammad Naveed,Najibullah Zadran,1,0,1
Afghanistan,18,Najibullah Zadran,Mohammad Naveed,Mohammad Nabi,0,0,0
Afghanistan,18,Najibullah Zadran,Mohammad Naveed,Mohammad Nabi,0,0,0
Afghanistan,18,Najibullah Zadran,Mohammad Naveed,Mohammad Nabi,4,0,4
Afghanistan,18,Najibullah Zadran,Mohammad Naveed,Mohammad Nabi,2,0,2
Afghanistan,18,Najibullah Zadran,Mohammad Naveed,Mohammad Nabi,2,0,2
Afghanistan,19,Mohammad Nabi,Rohan Mustafa,Najibullah Zadran,1,0,1
Afghanistan,19,Najibullah Zadran,Rohan Mustafa,Mohammad Nabi,2,0,2
Afghanistan,19,Najibullah Zadran,Rohan Mustafa,Mohammad Nabi,0,0,0
Afghanistan,19,Najibullah Zadran,Rohan Mustafa,Mohammad Nabi,4,0,4
