Team,Over,Batter,Bowler,Non_Striker,Batter_Runs,Extras,Total_Runs
England,0,JJ Roy,B Stanlake,AD Hales,2,0,2
England,0,JJ Roy,B Stanlake,AD Hales,0,0,0
England,0,JJ Roy,B Stanlake,AD Hales,0,1,1
England,0,JJ Roy,B Stanlake,AD Hales,4,0,4
England,0,JJ Roy,B Stanlake,AD Hales,2,0,2
England,0,JJ Roy,B Stanlake,AD Hales,1,0,1
England,0,AD Hales,B Stanlake,JJ Roy,1,0,1
England,1,AD Hales,KW Richardson,JJ Roy,4,0,4
England,1,AD Hales,KW Richardson,JJ Roy,1,0,1
England,1,JJ Roy,KW Richardson,AD Hales,0,0,0
England,1,JJ Roy,KW Richardson,AD Hales,0,0,0
England,1,DJ Malan,KW Richardson,AD Hales,1,0,1
England,1,AD Hales,KW Richardson,DJ Malan,0,0,0
England,2,DJ Malan,B Stanlake,AD Hales,4,0,4
England,2,DJ Malan,B Stanlake,AD Hales,0,0,0
England,2,DJ Malan,B Stanlake,AD Hales,4,0,4
England,2,DJ Malan,B Stanlake,AD Hales,6,0,6
England,2,DJ Malan,B Stanlake,AD Hales,2,0,2
England,2,DJ Malan,B Stanlake,AD Hales,0,0,0
England,3,AD Hales,KW Richardson,DJ Malan,4,0,4
England,3,AD Hales,KW Richardson,DJ Malan,0,0,0
England,3,AD Hales,KW Richardson,DJ Malan,0,0,0
England,3,AD Hales,KW Richardson,DJ Malan,4,0,4
England,3,AD Hales,KW Richardson,DJ Malan,1,0,1
England,3,DJ Malan,KW Richardson,AD Hales,0,0,0
England,4,AD Hales,AJ Tye,DJ Malan,4,0,4
England,4,AD Hales,AJ Tye,DJ Malan,0,0,0
England,4,AD Hales,AJ Tye,DJ Malan,1,0,1
England,4,DJ Malan,AJ Tye,AD Hales,1,0,1
England,4,AD Hales,AJ Tye,DJ Malan,1,0,1
England,4,DJ Malan,AJ Tye,AD Hales,1,0,1
England,5,DJ Malan,MP Stoinis,AD Hales,0,0,0
England,5,DJ Malan,MP Stoinis,AD Hales,1,0,1
England,5,AD Hales,MP Stoinis,DJ Malan,1,0,1
England,5,DJ Malan,MP Stoinis,AD Hales,0,0,0
England,5,DJ Malan,MP Stoinis,AD Hales,4,0,4
England,5,DJ Malan,MP Stoinis,AD Hales,4,0,4
England,6,AD Hales,AC Agar,DJ Malan,0,0,0
England,6,EJG Morgan,AC Agar,DJ Malan,0,0,0
England,6,EJG Morgan,AC Agar,DJ Malan,1,0,1
England,6,DJ Malan,AC Agar,EJG Morgan,2,0,2
England,6,DJ Malan,AC Agar,EJG Morgan,1,0,1
England,6,EJG Morgan,AC Agar,DJ Malan,1,0,1
England,7,EJG Morgan,TM Head,DJ Malan,4,0,4
England,7,EJG Morgan,TM Head,DJ Malan,2,0,2
England,7,EJG Morgan,TM Head,DJ Malan,6,0,6
England,7,EJG Morgan,TM Head,DJ Malan,0,0,0
England,7,EJG Morgan,TM Head,DJ Malan,1,0,1
England,7,DJ Malan,TM Head,EJG Morgan,1,0,1
England,8,DJ Malan,B Stanlake,EJG Morgan,0,0,0
England,8,DJ Malan,B Stanlake,EJG Morgan,0,1,1
England,8,DJ Malan,B Stanlake,EJG Morgan,0,1,1
England,8,EJG Morgan,B Stanlake,DJ Malan,0,0,0
England,8,EJG Morgan,B Stanlake,DJ Malan,1,0,1
England,8,DJ Malan,B Stanlake,EJG Morgan,0,0,0
England,8,DJ Malan,B Stanlake,EJG Morgan,6,0,6
England,9,EJG Morgan,GJ Maxwell,DJ Malan,0,0,0
England,9,EJG Morgan,GJ Maxwell,DJ Malan,2,0,2
England,9,EJG Morgan,GJ Maxwell,DJ Malan,4,0,4
England,9,EJG Morgan,GJ Maxwell,DJ Malan,0,0,0
England,9,DJ Malan,GJ Maxwell,JC Buttler,1,0,1
England,9,JC Buttler,GJ Maxwell,DJ Malan,1,0,1
England,10,JC Buttler,AC Agar,DJ Malan,1,0,1
England,10,DJ Malan,AC Agar,JC Buttler,0,0,0
England,10,DJ Malan,AC Agar,JC Buttler,0,0,0
England,10,DJ Malan,AC Agar,JC Buttler,1,0,1
England,10,JC Buttler,AC Agar,DJ Malan,1,0,1
England,10,DJ Malan,AC Agar,JC Buttler,4,0,4
England,11,JC Buttler,AJ Tye,DJ Malan,1,0,1
England,11,DJ Malan,AJ Tye,JC Buttler,1,0,1
England,11,JC Buttler,AJ Tye,DJ Malan,1,0,1
England,11,DJ Malan,AJ Tye,JC Buttler,0,0,0
England,11,DJ Malan,AJ Tye,JC Buttler,1,0,1
England,11,JC Buttler,AJ Tye,DJ Malan,0,0,0
England,12,DJ Malan,MP Stoinis,JC Buttler,1,0,1
England,12,JC Buttler,MP Stoinis,DJ Malan,0,1,1
England,12,JC Buttler,MP Stoinis,DJ Malan,0,0,0
England,12,SW Billings,MP Stoinis,DJ Malan,0,0,0
England,12,SW Billings,MP Stoinis,DJ Malan,1,0,1
England,12,DJ Malan,MP Stoinis,SW Billings,0,1,1
England,12,DJ Malan,MP Stoinis,SW Billings,1,0,1
England,12,SW Billings,MP Stoinis,DJ Malan,1,0,1
England,13,SW Billings,KW Richardson,DJ Malan,4,0,4
England,13,SW Billings,KW Richardson,DJ Malan,1,0,1
England,13,DJ Malan,KW Richardson,SW Billings,1,0,1
England,13,SW Billings,KW Richardson,DJ Malan,0,0,0
England,13,SW Billings,KW Richardson,DJ Malan,2,0,2
England,13,SW Billings,KW Richardson,DJ Malan,1,0,1
England,14,SW Billings,AC Agar,DJ Malan,0,0,0
England,14,DJ Willey,AC Agar,DJ Malan,0,0,0
England,14,DJ Willey,AC Agar,DJ Malan,1,0,1
England,14,DJ Malan,AC Agar,DJ Willey,1,0,1
England,14,DJ Willey,AC Agar,DJ Malan,1,0,1
England,14,DJ Malan,AC Agar,DJ Willey,0,0,0
England,15,DJ Willey,GJ Maxwell,DJ Malan,0,0,0
England,15,DJ Willey,GJ Maxwell,DJ Malan,1,0,1
England,15,DJ Malan,GJ Maxwell,DJ Willey,0,0,0
England,15,DJ Willey,GJ Maxwell,CJ Jordan,0,0,0
England,15,AU Rashid,GJ Maxwell,CJ Jordan,1,0,1
England,15,CJ Jordan,GJ Maxwell,AU Rashid,0,0,0
England,16,AU Rashid,B Stanlake,CJ Jordan,0,0,0
England,16,AU Rashid,B Stanlake,CJ Jordan,0,0,0
England,16,AU Rashid,B Stanlake,CJ Jordan,0,0,0
England,16,CJ Jordan,B Stanlake,TK Curran,2,0,2
England,16,CJ Jordan,B Stanlake,TK Curran,0,1,1
England,16,TK Curran,B Stanlake,CJ Jordan,6,0,6
England,17,CJ Jordan,AJ Tye,TK Curran,1,0,1
England,17,TK Curran,AJ Tye,CJ Jordan,0,0,0
England,17,CJ Jordan,AJ Tye,MA Wood,1,0,1
England,17,MA Wood,AJ Tye,CJ Jordan,1,0,1
England,17,CJ Jordan,AJ Tye,MA Wood,1,0,1
England,17,MA Wood,AJ Tye,CJ Jordan,0,0,0
England,18,CJ Jordan,KW Richardson,MA Wood,1,0,1
England,18,MA Wood,KW Richardson,CJ Jordan,0,0,0
England,18,MA Wood,KW Richardson,CJ Jordan,0,0,0
England,18,MA Wood,KW Richardson,CJ Jordan,1,0,1
England,18,CJ Jordan,KW Richardson,MA Wood,1,0,1
England,18,MA Wood,KW Richardson,CJ Jordan,0,0,0
England,19,CJ Jordan,AJ Tye,MA Wood,2,0,2
England,19,CJ Jordan,AJ Tye,MA Wood,1,0,1
England,19,MA Wood,AJ Tye,CJ Jordan,0,0,0
England,19,MA Wood,AJ Tye,CJ Jordan,2,0,2
England,19,MA Wood,AJ Tye,CJ Jordan,1,0,1
England,19,CJ Jordan,AJ Tye,MA Wood,6,0,6
Australia,0,DA Warner,DJ Willey,DJM Short,4,0,4
Australia,0,DA Warner,DJ Willey,DJM Short,0,0,0
Australia,0,CA Lynn,DJ Willey,DJM Short,0,0,0
Australia,0,CA Lynn,DJ Willey,DJM Short,0,0,0
Australia,0,GJ Maxwell,DJ Willey,DJM Short,0,0,0
Australia,0,GJ Maxwell,DJ Willey,DJM Short,0,1,1
Australia,0,GJ Maxwell,DJ Willey,DJM Short,1,0,1
Australia,1,GJ Maxwell,MA Wood,DJM Short,1,0,1
Australia,1,DJM Short,MA Wood,GJ Maxwell,0,0,0
Australia,1,DJM Short,MA Wood,GJ Maxwell,4,0,4
Australia,1,DJM Short,MA Wood,GJ Maxwell,4,0,4
Australia,1,DJM Short,MA Wood,GJ Maxwell,3,0,3
Australia,1,GJ Maxwell,MA Wood,DJM Short,0,0,0
Australia,2,DJM Short,DJ Willey,GJ Maxwell,0,0,0
Australia,2,DJM Short,DJ Willey,GJ Maxwell,6,0,6
Australia,2,DJM Short,DJ Willey,GJ Maxwell,1,0,1
Australia,2,GJ Maxwell,DJ Willey,DJM Short,0,0,0
Australia,2,GJ Maxwell,DJ Willey,DJM Short,4,0,4
Australia,2,GJ Maxwell,DJ Willey,DJM Short,1,0,1
Australia,3,GJ Maxwell,CJ Jordan,DJM Short,1,0,1
Australia,3,DJM Short,CJ Jordan,GJ Maxwell,1,0,1
Australia,3,GJ Maxwell,CJ Jordan,DJM Short,1,0,1
Australia,3,DJM Short,CJ Jordan,GJ Maxwell,0,0,0
Australia,3,DJM Short,CJ Jordan,GJ Maxwell,1,0,1
Australia,3,GJ Maxwell,CJ Jordan,DJM Short,0,0,0
Australia,4,DJM Short,TK Curran,GJ Maxwell,1,0,1
Australia,4,GJ Maxwell,TK Curran,DJM Short,1,0,1
Australia,4,DJM Short,TK Curran,GJ Maxwell,1,0,1
Australia,4,GJ Maxwell,TK Curran,DJM Short,0,0,0
Australia,4,GJ Maxwell,TK Curran,DJM Short,1,0,1
Australia,4,DJM Short,TK Curran,GJ Maxwell,6,0,6
Australia,5,GJ Maxwell,CJ Jordan,DJM Short,4,0,4
Australia,5,GJ Maxwell,CJ Jordan,DJM Short,0,0,0
Australia,5,GJ Maxwell,CJ Jordan,DJM Short,6,0,6
Australia,5,GJ Maxwell,CJ Jordan,DJM Short,4,0,4
Australia,5,GJ Maxwell,CJ Jordan,DJM Short,1,0,1
Australia,5,DJM Short,CJ Jordan,GJ Maxwell,0,0,0
Australia,6,GJ Maxwell,AU Rashid,DJM Short,1,0,1
Australia,6,DJM Short,AU Rashid,GJ Maxwell,1,0,1
Australia,6,GJ Maxwell,AU Rashid,DJM Short,0,0,0
Australia,6,GJ Maxwell,AU Rashid,DJM Short,6,0,6
Australia,6,GJ Maxwell,AU Rashid,DJM Short,6,0,6
Australia,6,GJ Maxwell,AU Rashid,DJM Short,1,0,1
Australia,7,GJ Maxwell,TK Curran,DJM Short,2,0,2
Australia,7,GJ Maxwell,TK Curran,DJM Short,0,0,0
Australia,7,GJ Maxwell,TK Curran,DJM Short,0,0,0
Australia,7,GJ Maxwell,TK Curran,DJM Short,1,0,1
Australia,7,DJM Short,TK Curran,GJ Maxwell,1,0,1
Australia,7,GJ Maxwell,TK Curran,DJM Short,4,0,4
Australia,8,DJM Short,AU Rashid,GJ Maxwell,0,0,0
Australia,8,DJM Short,AU Rashid,GJ Maxwell,0,0,0
Australia,8,DJM Short,AU Rashid,GJ Maxwell,0,0,0
Australia,8,DJM Short,AU Rashid,GJ Maxwell,0,0,0
Australia,8,MP Stoinis,AU Rashid,GJ Maxwell,0,0,0
Australia,8,MP Stoinis,AU Rashid,GJ Maxwell,0,1,1
Australia,8,MP Stoinis,AU Rashid,GJ Maxwell,0,0,0
Australia,9,GJ Maxwell,MA Wood,MP Stoinis,1,0,1
Australia,9,MP Stoinis,MA Wood,GJ Maxwell,0,0,0
Australia,9,MP Stoinis,MA Wood,GJ Maxwell,0,0,0
Australia,9,MP Stoinis,MA Wood,GJ Maxwell,0,0,0
Australia,9,MP Stoinis,MA Wood,GJ Maxwell,0,0,0
Australia,9,MP Stoinis,MA Wood,GJ Maxwell,1,0,1
Australia,10,MP Stoinis,AU Rashid,GJ Maxwell,0,0,0
Australia,10,MP Stoinis,AU Rashid,GJ Maxwell,1,0,1
Australia,10,GJ Maxwell,AU Rashid,MP Stoinis,4,0,4
Australia,10,GJ Maxwell,AU Rashid,MP Stoinis,2,0,2
Australia,10,GJ Maxwell,AU Rashid,MP Stoinis,0,0,0
Australia,10,GJ Maxwell,AU Rashid,MP Stoinis,1,0,1
Australia,11,GJ Maxwell,MA Wood,MP Stoinis,0,0,0
Australia,11,GJ Maxwell,MA Wood,MP Stoinis,1,0,1
Australia,11,MP Stoinis,MA Wood,GJ Maxwell,4,0,4
Australia,11,MP Stoinis,MA Wood,GJ Maxwell,0,0,0
Australia,11,TM Head,MA Wood,GJ Maxwell,0,0,0
Australia,11,TM Head,MA Wood,GJ Maxwell,0,0,0
Australia,12,GJ Maxwell,AU Rashid,TM Head,3,0,3
Australia,12,TM Head,AU Rashid,GJ Maxwell,1,0,1
Australia,12,GJ Maxwell,AU Rashid,TM Head,0,1,1
Australia,12,GJ Maxwell,AU Rashid,TM Head,0,0,0
Australia,12,GJ Maxwell,AU Rashid,TM Head,1,0,1
Australia,12,TM Head,AU Rashid,GJ Maxwell,0,0,0
Australia,12,TM Head,AU Rashid,GJ Maxwell,0,0,0
Australia,13,GJ Maxwell,CJ Jordan,TM Head,2,0,2
Australia,13,GJ Maxwell,CJ Jordan,TM Head,1,0,1
Australia,13,TM Head,CJ Jordan,GJ Maxwell,0,2,2
Australia,13,TM Head,CJ Jordan,GJ Maxwell,1,0,1
Australia,13,GJ Maxwell,CJ Jordan,TM Head,1,0,1
Australia,13,TM Head,CJ Jordan,GJ Maxwell,0,0,0
Australia,14,GJ Maxwell,TK Curran,TM Head,1,0,1
Australia,14,TM Head,TK Curran,GJ Maxwell,1,0,1
Australia,14,GJ Maxwell,TK Curran,TM Head,1,0,1
Australia,14,TM Head,TK Curran,GJ Maxwell,1,0,1
Australia,14,GJ Maxwell,TK Curran,TM Head,1,0,1
Australia,14,TM Head,TK Curran,GJ Maxwell,1,0,1
Australia,15,TM Head,DJ Willey,GJ Maxwell,1,0,1
Australia,15,GJ Maxwell,DJ Willey,TM Head,4,0,4
Australia,15,GJ Maxwell,DJ Willey,TM Head,4,0,4
Australia,15,GJ Maxwell,DJ Willey,TM Head,0,1,1
Australia,15,TM Head,DJ Willey,GJ Maxwell,0,0,0
Australia,15,AT Carey,DJ Willey,GJ Maxwell,1,0,1
Australia,16,AT Carey,CJ Jordan,GJ Maxwell,1,0,1
Australia,16,GJ Maxwell,CJ Jordan,AT Carey,4,0,4
Australia,16,GJ Maxwell,CJ Jordan,AT Carey,2,0,2
Australia,16,GJ Maxwell,CJ Jordan,AT Carey,2,0,2
Australia,16,GJ Maxwell,CJ Jordan,AT Carey,0,1,1
Australia,16,AT Carey,CJ Jordan,GJ Maxwell,1,0,1
Australia,17,AT Carey,TK Curran,GJ Maxwell,1,0,1
Australia,17,GJ Maxwell,TK Curran,AT Carey,2,0,2
Australia,17,GJ Maxwell,TK Curran,AT Carey,4,0,4
Australia,17,GJ Maxwell,TK Curran,AT Carey,2,0,2
Australia,17,GJ Maxwell,TK Curran,AT Carey,4,0,4
Australia,17,GJ Maxwell,TK Curran,AT Carey,2,0,2
Australia,18,AT Carey,MA Wood,GJ Maxwell,1,0,1
Australia,18,GJ Maxwell,MA Wood,AT Carey,0,0,0
Australia,18,GJ Maxwell,MA Wood,AT Carey,6,0,6
