Team,Over,Batter,Bowler,Non_Striker,Batter_Runs,Extras,Total_Runs
England,0,JJ Roy,TA Boult,AD Hales,0,0,0
England,0,JJ Roy,TA Boult,AD Hales,0,0,0
England,0,JJ Roy,TA Boult,AD Hales,6,0,6
England,0,JJ Roy,TA Boult,AD Hales,4,0,4
England,0,JJ Roy,TA Boult,AD Hales,0,0,0
England,0,JJ Roy,TA Boult,AD Hales,1,0,1
England,1,JJ Roy,MJ Santner,AD Hales,0,1,1
England,1,JJ Roy,MJ Santner,AD Hales,1,0,1
England,1,AD Hales,MJ Santner,JJ Roy,1,0,1
England,1,JJ Roy,MJ Santner,AD Hales,4,0,4
England,1,JJ Roy,MJ Santner,AD Hales,4,0,4
England,1,JJ Roy,MJ Santner,AD Hales,0,0,0
England,1,JJ Roy,MJ Santner,AD Hales,0,0,0
England,2,AD Hales,TG Southee,JJ Roy,0,0,0
England,2,AD Hales,TG Southee,JJ Roy,0,0,0
England,2,AD Hales,TG Southee,JJ Roy,0,0,0
England,2,JJ Roy,TG Southee,DJ Malan,1,0,1
England,2,DJ Malan,TG Southee,JJ Roy,0,0,0
England,2,DJ Malan,TG Southee,JJ Roy,0,1,1
England,2,DJ Malan,TG Southee,JJ Roy,0,0,0
England,3,JJ Roy,TA Boult,DJ Malan,0,0,0
England,3,EJG Morgan,TA Boult,DJ Malan,0,0,0
England,3,EJG Morgan,TA Boult,DJ Malan,0,0,0
England,3,EJG Morgan,TA Boult,DJ Malan,0,0,0
England,3,EJG Morgan,TA Boult,DJ Malan,1,0,1
England,3,DJ Malan,TA Boult,EJG Morgan,2,0,2
England,4,EJG Morgan,C de Grandhomme,DJ Malan,1,0,1
England,4,DJ Malan,C de Grandhomme,EJG Morgan,4,0,4
England,4,DJ Malan,C de Grandhomme,EJG Morgan,4,0,4
England,4,DJ Malan,C de Grandhomme,EJG Morgan,0,0,0
England,4,DJ Malan,C de Grandhomme,EJG Morgan,0,0,0
England,4,DJ Malan,C de Grandhomme,EJG Morgan,1,0,1
England,5,DJ Malan,TG Southee,EJG Morgan,1,0,1
England,5,EJG Morgan,TG Southee,DJ Malan,1,0,1
England,5,DJ Malan,TG Southee,EJG Morgan,1,0,1
England,5,EJG Morgan,TG Southee,DJ Malan,1,0,1
England,5,DJ Malan,TG Southee,EJG Morgan,0,0,0
England,5,DJ Malan,TG Southee,EJG Morgan,0,0,0
England,6,EJG Morgan,KS Williamson,DJ Malan,1,0,1
England,6,DJ Malan,KS Williamson,EJG Morgan,6,0,6
England,6,DJ Malan,KS Williamson,EJG Morgan,1,0,1
England,6,EJG Morgan,KS Williamson,DJ Malan,6,0,6
England,6,EJG Morgan,KS Williamson,DJ Malan,1,0,1
England,6,DJ Malan,KS Williamson,EJG Morgan,1,0,1
England,7,DJ Malan,IS Sodhi,EJG Morgan,0,0,0
England,7,DJ Malan,IS Sodhi,EJG Morgan,2,0,2
England,7,DJ Malan,IS Sodhi,EJG Morgan,0,0,0
England,7,DJ Malan,IS Sodhi,EJG Morgan,0,0,0
England,7,DJ Malan,IS Sodhi,EJG Morgan,0,0,0
England,7,DJ Malan,IS Sodhi,EJG Morgan,1,0,1
England,8,DJ Malan,C Munro,EJG Morgan,1,0,1
England,8,EJG Morgan,C Munro,DJ Malan,1,0,1
England,8,DJ Malan,C Munro,EJG Morgan,6,0,6
England,8,DJ Malan,C Munro,EJG Morgan,1,0,1
England,8,EJG Morgan,C Munro,DJ Malan,1,0,1
England,8,DJ Malan,C Munro,EJG Morgan,1,0,1
England,9,DJ Malan,IS Sodhi,EJG Morgan,6,0,6
England,9,DJ Malan,IS Sodhi,EJG Morgan,1,0,1
England,9,EJG Morgan,IS Sodhi,DJ Malan,1,0,1
England,9,DJ Malan,IS Sodhi,EJG Morgan,6,0,6
England,9,DJ Malan,IS Sodhi,EJG Morgan,0,0,0
England,9,DJ Malan,IS Sodhi,EJG Morgan,0,0,0
England,10,EJG Morgan,MJ Santner,DJ Malan,4,0,4
England,10,EJG Morgan,MJ Santner,DJ Malan,0,1,1
England,10,EJG Morgan,MJ Santner,DJ Malan,4,0,4
England,10,EJG Morgan,MJ Santner,DJ Malan,4,0,4
England,10,EJG Morgan,MJ Santner,DJ Malan,6,0,6
England,10,EJG Morgan,MJ Santner,DJ Malan,0,1,1
England,10,EJG Morgan,MJ Santner,DJ Malan,1,0,1
England,10,DJ Malan,MJ Santner,EJG Morgan,0,0,0
England,11,EJG Morgan,IS Sodhi,DJ Malan,0,0,0
England,11,EJG Morgan,IS Sodhi,DJ Malan,2,0,2
England,11,EJG Morgan,IS Sodhi,DJ Malan,1,1,2
England,11,DJ Malan,IS Sodhi,EJG Morgan,6,0,6
England,11,DJ Malan,IS Sodhi,EJG Morgan,0,0,0
England,11,DJ Malan,IS Sodhi,EJG Morgan,0,0,0
England,11,DJ Malan,IS Sodhi,EJG Morgan,1,0,1
England,12,DJ Malan,C de Grandhomme,EJG Morgan,0,0,0
England,12,EJG Morgan,C de Grandhomme,JC Buttler,1,0,1
England,12,JC Buttler,C de Grandhomme,EJG Morgan,1,0,1
England,12,EJG Morgan,C de Grandhomme,JC Buttler,1,0,1
England,12,JC Buttler,C de Grandhomme,EJG Morgan,0,0,0
England,12,JC Buttler,C de Grandhomme,EJG Morgan,0,0,0
England,13,EJG Morgan,IS Sodhi,JC Buttler,1,0,1
England,13,JC Buttler,IS Sodhi,EJG Morgan,1,0,1
England,13,EJG Morgan,IS Sodhi,JC Buttler,0,0,0
England,13,EJG Morgan,IS Sodhi,JC Buttler,0,0,0
England,13,EJG Morgan,IS Sodhi,JC Buttler,1,0,1
England,13,JC Buttler,IS Sodhi,EJG Morgan,0,0,0
England,14,EJG Morgan,C de Grandhomme,SW Billings,1,0,1
England,14,SW Billings,C de Grandhomme,EJG Morgan,1,0,1
England,14,EJG Morgan,C de Grandhomme,SW Billings,1,0,1
England,14,SW Billings,C de Grandhomme,EJG Morgan,1,0,1
England,14,EJG Morgan,C de Grandhomme,SW Billings,0,0,0
England,14,EJG Morgan,C de Grandhomme,SW Billings,0,0,0
England,15,SW Billings,TG Southee,EJG Morgan,1,0,1
England,15,EJG Morgan,TG Southee,SW Billings,1,0,1
England,15,SW Billings,TG Southee,EJG Morgan,1,0,1
England,15,EJG Morgan,TG Southee,SW Billings,1,0,1
England,15,SW Billings,TG Southee,EJG Morgan,1,0,1
England,15,EJG Morgan,TG Southee,SW Billings,1,0,1
England,16,EJG Morgan,C de Grandhomme,SW Billings,6,0,6
England,16,EJG Morgan,C de Grandhomme,SW Billings,1,0,1
England,16,SW Billings,C de Grandhomme,EJG Morgan,1,0,1
England,16,EJG Morgan,C de Grandhomme,SW Billings,6,0,6
England,16,EJG Morgan,C de Grandhomme,SW Billings,1,0,1
England,16,SW Billings,C de Grandhomme,EJG Morgan,0,0,0
England,17,EJG Morgan,TA Boult,SW Billings,6,0,6
England,17,EJG Morgan,TA Boult,SW Billings,4,0,4
England,17,EJG Morgan,TA Boult,SW Billings,6,0,6
England,17,EJG Morgan,TA Boult,SW Billings,1,0,1
England,17,SW Billings,TA Boult,EJG Morgan,0,0,0
England,17,DJ Willey,TA Boult,EJG Morgan,1,0,1
England,18,DJ Willey,TG Southee,EJG Morgan,4,0,4
England,18,DJ Willey,TG Southee,EJG Morgan,1,0,1
England,18,EJG Morgan,TG Southee,DJ Willey,0,0,0
England,18,EJG Morgan,TG Southee,DJ Willey,1,0,1
England,18,DJ Willey,TG Southee,EJG Morgan,4,0,4
England,18,DJ Willey,TG Southee,EJG Morgan,0,0,0
England,19,EJG Morgan,TA Boult,LA Dawson,1,0,1
England,19,LA Dawson,TA Boult,EJG Morgan,6,0,6
England,19,LA Dawson,TA Boult,EJG Morgan,4,0,4
England,19,LA Dawson,TA Boult,EJG Morgan,0,0,0
England,19,EJG Morgan,TA Boult,CJ Jordan,1,0,1
England,19,CJ Jordan,TA Boult,EJG Morgan,6,0,6
New Zealand,0,MJ Guptill,DJ Willey,C Munro,0,1,1
New Zealand,0,C Munro,DJ Willey,MJ Guptill,6,0,6
New Zealand,0,C Munro,DJ Willey,MJ Guptill,0,0,0
New Zealand,0,C Munro,DJ Willey,MJ Guptill,0,0,0
New Zealand,0,C Munro,DJ Willey,MJ Guptill,0,0,0
New Zealand,0,C Munro,DJ Willey,MJ Guptill,6,0,6
New Zealand,1,MJ Guptill,TK Curran,C Munro,0,0,0
New Zealand,1,MJ Guptill,TK Curran,C Munro,1,0,1
New Zealand,1,C Munro,TK Curran,MJ Guptill,6,0,6
New Zealand,1,C Munro,TK Curran,MJ Guptill,6,0,6
New Zealand,1,C Munro,TK Curran,MJ Guptill,0,0,0
New Zealand,1,C Munro,TK Curran,MJ Guptill,4,0,4
New Zealand,2,MJ Guptill,DJ Willey,C Munro,0,4,4
New Zealand,2,MJ Guptill,DJ Willey,C Munro,0,0,0
New Zealand,2,MJ Guptill,DJ Willey,C Munro,0,1,1
New Zealand,2,MJ Guptill,DJ Willey,C Munro,0,0,0
New Zealand,2,MJ Guptill,DJ Willey,C Munro,1,0,1
New Zealand,2,C Munro,DJ Willey,MJ Guptill,1,0,1
New Zealand,2,MJ Guptill,DJ Willey,C Munro,0,0,0
New Zealand,3,C Munro,CJ Jordan,MJ Guptill,0,0,0
New Zealand,3,C Munro,CJ Jordan,MJ Guptill,0,1,1
New Zealand,3,MJ Guptill,CJ Jordan,C Munro,1,0,1
New Zealand,3,C Munro,CJ Jordan,MJ Guptill,1,0,1
New Zealand,3,MJ Guptill,CJ Jordan,C Munro,1,0,1
New Zealand,3,C Munro,CJ Jordan,MJ Guptill,6,0,6
New Zealand,4,MJ Guptill,DJ Willey,C Munro,1,0,1
New Zealand,4,C Munro,DJ Willey,MJ Guptill,6,0,6
New Zealand,4,C Munro,DJ Willey,MJ Guptill,0,1,1
New Zealand,4,MJ Guptill,DJ Willey,C Munro,1,0,1
New Zealand,4,C Munro,DJ Willey,MJ Guptill,4,0,4
New Zealand,4,C Munro,DJ Willey,MJ Guptill,6,0,6
New Zealand,5,MJ Guptill,CJ Jordan,C Munro,4,0,4
New Zealand,5,MJ Guptill,CJ Jordan,C Munro,0,0,0
New Zealand,5,MJ Guptill,CJ Jordan,C Munro,1,0,1
New Zealand,5,C Munro,CJ Jordan,MJ Guptill,4,0,4
New Zealand,5,C Munro,CJ Jordan,MJ Guptill,1,0,1
New Zealand,5,MJ Guptill,CJ Jordan,C Munro,1,0,1
New Zealand,6,MJ Guptill,AU Rashid,C Munro,0,0,0
New Zealand,6,MJ Guptill,AU Rashid,C Munro,1,0,1
New Zealand,6,C Munro,AU Rashid,MJ Guptill,0,0,0
New Zealand,6,MJ Guptill,AU Rashid,KS Williamson,1,0,1
New Zealand,6,KS Williamson,AU Rashid,MJ Guptill,1,0,1
New Zealand,6,MJ Guptill,AU Rashid,KS Williamson,0,0,0
New Zealand,7,KS Williamson,LA Dawson,MJ Guptill,1,0,1
New Zealand,7,MJ Guptill,LA Dawson,KS Williamson,0,0,0
New Zealand,7,MJ Guptill,LA Dawson,KS Williamson,0,0,0
New Zealand,7,MJ Guptill,LA Dawson,KS Williamson,1,0,1
New Zealand,7,KS Williamson,LA Dawson,MJ Guptill,0,0,0
New Zealand,7,KS Williamson,LA Dawson,MJ Guptill,0,0,0
New Zealand,8,MJ Guptill,AU Rashid,KS Williamson,4,0,4
New Zealand,8,MJ Guptill,AU Rashid,KS Williamson,1,0,1
New Zealand,8,KS Williamson,AU Rashid,MJ Guptill,1,0,1
New Zealand,8,MJ Guptill,AU Rashid,KS Williamson,1,0,1
New Zealand,8,KS Williamson,AU Rashid,MJ Guptill,0,0,0
New Zealand,8,KS Williamson,AU Rashid,MJ Guptill,1,0,1
New Zealand,9,KS Williamson,LA Dawson,MJ Guptill,1,0,1
New Zealand,9,MJ Guptill,LA Dawson,KS Williamson,0,0,0
New Zealand,9,MJ Guptill,LA Dawson,KS Williamson,1,0,1
New Zealand,9,KS Williamson,LA Dawson,MJ Guptill,1,0,1
New Zealand,9,MJ Guptill,LA Dawson,KS Williamson,1,0,1
New Zealand,9,KS Williamson,LA Dawson,MJ Guptill,0,0,0
New Zealand,10,MJ Guptill,AU Rashid,KS Williamson,1,0,1
New Zealand,10,KS Williamson,AU Rashid,MJ Guptill,1,0,1
New Zealand,10,MJ Guptill,AU Rashid,KS Williamson,0,0,0
New Zealand,10,MJ Guptill,AU Rashid,KS Williamson,1,0,1
New Zealand,10,KS Williamson,AU Rashid,MJ Guptill,1,0,1
New Zealand,10,MJ Guptill,AU Rashid,KS Williamson,2,0,2
New Zealand,11,KS Williamson,LA Dawson,MJ Guptill,0,0,0
New Zealand,11,MS Chapman,LA Dawson,MJ Guptill,1,0,1
New Zealand,11,MJ Guptill,LA Dawson,MS Chapman,1,0,1
New Zealand,11,MS Chapman,LA Dawson,MJ Guptill,0,0,0
New Zealand,11,MS Chapman,LA Dawson,MJ Guptill,0,0,0
New Zealand,11,MS Chapman,LA Dawson,MJ Guptill,1,0,1
New Zealand,12,MS Chapman,AU Rashid,MJ Guptill,1,0,1
New Zealand,12,MJ Guptill,AU Rashid,MS Chapman,1,0,1
New Zealand,12,MS Chapman,AU Rashid,MJ Guptill,0,0,0
New Zealand,12,MS Chapman,AU Rashid,MJ Guptill,1,0,1
New Zealand,12,MJ Guptill,AU Rashid,MS Chapman,1,0,1
New Zealand,12,MS Chapman,AU Rashid,MJ Guptill,1,0,1
New Zealand,13,MS Chapman,LA Dawson,MJ Guptill,6,0,6
New Zealand,13,MS Chapman,LA Dawson,MJ Guptill,1,0,1
New Zealand,13,MJ Guptill,LA Dawson,MS Chapman,4,0,4
New Zealand,13,MJ Guptill,LA Dawson,MS Chapman,1,0,1
New Zealand,13,MS Chapman,LA Dawson,MJ Guptill,6,0,6
New Zealand,13,MS Chapman,LA Dawson,MJ Guptill,0,0,0
New Zealand,14,MJ Guptill,DJ Malan,MS Chapman,6,0,6
New Zealand,14,MJ Guptill,DJ Malan,MS Chapman,1,0,1
New Zealand,14,MS Chapman,DJ Malan,MJ Guptill,2,0,2
New Zealand,14,MS Chapman,DJ Malan,MJ Guptill,2,0,2
New Zealand,14,MS Chapman,DJ Malan,MJ Guptill,1,0,1
New Zealand,14,MJ Guptill,DJ Malan,MS Chapman,0,0,0
New Zealand,15,MS Chapman,CJ Jordan,MJ Guptill,0,1,1
New Zealand,15,MJ Guptill,CJ Jordan,MS Chapman,6,0,6
New Zealand,15,MJ Guptill,CJ Jordan,MS Chapman,1,0,1
New Zealand,15,MS Chapman,CJ Jordan,MJ Guptill,4,0,4
New Zealand,15,MS Chapman,CJ Jordan,MJ Guptill,1,0,1
New Zealand,15,MJ Guptill,CJ Jordan,MS Chapman,1,0,1
New Zealand,16,MJ Guptill,DJ Malan,MS Chapman,6,0,6
New Zealand,16,MJ Guptill,DJ Malan,MS Chapman,6,0,6
New Zealand,16,MJ Guptill,DJ Malan,MS Chapman,0,0,0
New Zealand,16,LRPL Taylor,DJ Malan,MS Chapman,1,0,1
New Zealand,16,MS Chapman,DJ Malan,LRPL Taylor,1,0,1
New Zealand,16,LRPL Taylor,DJ Malan,MS Chapman,1,0,1
New Zealand,17,LRPL Taylor,TK Curran,MS Chapman,0,0,0
New Zealand,17,LRPL Taylor,TK Curran,MS Chapman,4,0,4
New Zealand,17,LRPL Taylor,TK Curran,MS Chapman,1,0,1
New Zealand,17,MS Chapman,TK Curran,LRPL Taylor,1,0,1
New Zealand,17,LRPL Taylor,TK Curran,MS Chapman,0,0,0
New Zealand,17,MS Chapman,TK Curran,C de Grandhomme,1,0,1
New Zealand,18,MS Chapman,CJ Jordan,C de Grandhomme,1,0,1
New Zealand,18,C de Grandhomme,CJ Jordan,MS Chapman,4,0,4
New Zealand,18,C de Grandhomme,CJ Jordan,MS Chapman,1,1,2
New Zealand,18,MS Chapman,CJ Jordan,C de Grandhomme,0,1,1
New Zealand,18,MS Chapman,CJ Jordan,C de Grandhomme,0,0,0
New Zealand,18,MS Chapman,CJ Jordan,C de Grandhomme,0,0,0
New Zealand,18,MS Chapman,CJ Jordan,C de Grandhomme,0,1,1
New Zealand,18,MS Chapman,CJ Jordan,C de Grandhomme,0,0,0
New Zealand,18,MS Chapman,CJ Jordan,C de Grandhomme,0,0,0
New Zealand,19,C de Grandhomme,TK Curran,MS Chapman,1,0,1
New Zealand,19,MS Chapman,TK Curran,C de Grandhomme,1,0,1
New Zealand,19,C de Grandhomme,TK Curran,MS Chapman,1,0,1
New Zealand,19,MS Chapman,TK Curran,C de Grandhomme,4,0,4
New Zealand,19,MS Chapman,TK Curran,C de Grandhomme,0,1,1
New Zealand,19,C de Grandhomme,TK Curran,MS Chapman,1,0,1
