Team,Over,Batter,Bowler,Non_Striker,Batter_Runs,Extras,Total_Runs
Afghanistan,0,Mohammad Shahzad,Mohammad Naveed,Najeeb Tarakai,0,0,0
Afghanistan,0,Mohammad Shahzad,Mohammad Naveed,Najeeb Tarakai,0,0,0
Afghanistan,0,Mohammad Shahzad,Mohammad Naveed,Najeeb Tarakai,0,0,0
Afghanistan,0,Mohammad Shahzad,Mohammad Naveed,Najeeb Tarakai,0,0,0
Afghanistan,0,Mohammad Shahzad,Mohammad Naveed,Najeeb Tarakai,1,0,1
Afghanistan,0,Najeeb Tarakai,Mohammad Naveed,Mohammad Shahzad,1,0,1
Afghanistan,1,Najeeb Tarakai,Ahmed Raza,Mohammad Shahzad,0,0,0
Afghanistan,1,Najeeb Tarakai,Ahmed Raza,Mohammad Shahzad,1,0,1
Afghanistan,1,Mohammad Shahzad,Ahmed Raza,Najeeb Tarakai,0,0,0
Afghanistan,1,Mohammad Shahzad,Ahmed Raza,Najeeb Tarakai,0,0,0
Afghanistan,1,Mohammad Shahzad,Ahmed Raza,Najeeb Tarakai,4,0,4
Afghanistan,1,Mohammad Shahzad,Ahmed Raza,Najeeb Tarakai,4,0,4
Afghanistan,2,Najeeb Tarakai,Mohammad Naveed,Mohammad Shahzad,0,1,1
Afghanistan,2,Mohammad Shahzad,Mohammad Naveed,Najeeb Tarakai,0,0,0
Afghanistan,2,Mohammad Shahzad,Mohammad Naveed,Najeeb Tarakai,1,0,1
Afghanistan,2,Najeeb Tarakai,Mohammad Naveed,Mohammad Shahzad,4,0,4
Afghanistan,2,Najeeb Tarakai,Mohammad Naveed,Mohammad Shahzad,4,0,4
Afghanistan,2,Najeeb Tarakai,Mohammad Naveed,Mohammad Shahzad,0,0,0
Afghanistan,3,Mohammad Shahzad,Ahmed Raza,Najeeb Tarakai,4,0,4
Afghanistan,3,Mohammad Shahzad,Ahmed Raza,Najeeb Tarakai,0,0,0
Afghanistan,3,Mohammad Shahzad,Ahmed Raza,Najeeb Tarakai,1,0,1
Afghanistan,3,Najeeb Tarakai,Ahmed Raza,Mohammad Shahzad,1,0,1
Afghanistan,3,Mohammad Shahzad,Ahmed Raza,Najeeb Tarakai,0,0,0
Afghanistan,3,Mohammad Shahzad,Ahmed Raza,Najeeb Tarakai,0,0,0
Afghanistan,4,Najeeb Tarakai,Muhammed Shanil,Mohammad Shahzad,0,0,0
Afghanistan,4,Najeeb Tarakai,Muhammed Shanil,Mohammad Shahzad,4,0,4
Afghanistan,4,Najeeb Tarakai,Muhammed Shanil,Mohammad Shahzad,1,0,1
Afghanistan,4,Mohammad Shahzad,Muhammed Shanil,Najeeb Tarakai,4,0,4
Afghanistan,4,Mohammad Shahzad,Muhammed Shanil,Najeeb Tarakai,1,0,1
Afghanistan,4,Najeeb Tarakai,Muhammed Shanil,Mohammad Shahzad,0,0,0
Afghanistan,5,Mohammad Shahzad,Ahmed Raza,Najeeb Tarakai,4,0,4
Afghanistan,5,Mohammad Shahzad,Ahmed Raza,Najeeb Tarakai,4,0,4
Afghanistan,5,Mohammad Shahzad,Ahmed Raza,Najeeb Tarakai,0,0,0
Afghanistan,5,Mohammad Shahzad,Ahmed Raza,Najeeb Tarakai,0,0,0
Afghanistan,5,Mohammad Shahzad,Ahmed Raza,Najeeb Tarakai,4,0,4
Afghanistan,5,Mohammad Shahzad,Ahmed Raza,Najeeb Tarakai,1,0,1
Afghanistan,6,Mohammad Shahzad,Muhammed Shanil,Najeeb Tarakai,1,0,1
Afghanistan,6,Najeeb Tarakai,Muhammed Shanil,Mohammad Shahzad,1,0,1
Afghanistan,6,Mohammad Shahzad,Muhammed Shanil,Najeeb Tarakai,1,0,1
Afghanistan,6,Najeeb Tarakai,Muhammed Shanil,Mohammad Shahzad,2,0,2
Afghanistan,6,Najeeb Tarakai,Muhammed Shanil,Mohammad Shahzad,1,0,1
Afghanistan,6,Mohammad Shahzad,Muhammed Shanil,Najeeb Tarakai,2,0,2
Afghanistan,7,Najeeb Tarakai,Imran Haider,Mohammad Shahzad,1,0,1
Afghanistan,7,Mohammad Shahzad,Imran Haider,Najeeb Tarakai,1,0,1
Afghanistan,7,Najeeb Tarakai,Imran Haider,Mohammad Shahzad,1,0,1
Afghanistan,7,Mohammad Shahzad,Imran Haider,Najeeb Tarakai,6,0,6
Afghanistan,7,Mohammad Shahzad,Imran Haider,Najeeb Tarakai,0,0,0
Afghanistan,7,Asghar Stanikzai,Imran Haider,Najeeb Tarakai,0,0,0
Afghanistan,8,Najeeb Tarakai,Mohammad Shahzad (2),Asghar Stanikzai,1,0,1
Afghanistan,8,Asghar Stanikzai,Mohammad Shahzad (2),Najeeb Tarakai,1,0,1
Afghanistan,8,Najeeb Tarakai,Mohammad Shahzad (2),Asghar Stanikzai,6,0,6
Afghanistan,8,Najeeb Tarakai,Mohammad Shahzad (2),Asghar Stanikzai,1,0,1
Afghanistan,8,Asghar Stanikzai,Mohammad Shahzad (2),Najeeb Tarakai,0,0,0
Afghanistan,8,Asghar Stanikzai,Mohammad Shahzad (2),Najeeb Tarakai,6,0,6
Afghanistan,9,Najeeb Tarakai,Imran Haider,Asghar Stanikzai,1,0,1
Afghanistan,9,Asghar Stanikzai,Imran Haider,Najeeb Tarakai,1,0,1
Afghanistan,9,Najeeb Tarakai,Imran Haider,Asghar Stanikzai,4,0,4
Afghanistan,9,Najeeb Tarakai,Imran Haider,Asghar Stanikzai,1,0,1
Afghanistan,9,Asghar Stanikzai,Imran Haider,Najeeb Tarakai,1,0,1
Afghanistan,9,Najeeb Tarakai,Imran Haider,Asghar Stanikzai,4,0,4
Afghanistan,10,Asghar Stanikzai,Rohan Mustafa,Najeeb Tarakai,1,0,1
Afghanistan,10,Najeeb Tarakai,Rohan Mustafa,Asghar Stanikzai,0,0,0
Afghanistan,10,Usman Ghani,Rohan Mustafa,Asghar Stanikzai,1,0,1
Afghanistan,10,Asghar Stanikzai,Rohan Mustafa,Usman Ghani,0,0,0
Afghanistan,10,Asghar Stanikzai,Rohan Mustafa,Usman Ghani,0,0,0
Afghanistan,10,Samiullah Shenwari,Rohan Mustafa,Usman Ghani,0,0,0
Afghanistan,11,Usman Ghani,Imran Haider,Samiullah Shenwari,1,0,1
Afghanistan,11,Samiullah Shenwari,Imran Haider,Usman Ghani,0,1,1
Afghanistan,11,Samiullah Shenwari,Imran Haider,Usman Ghani,2,0,2
Afghanistan,11,Samiullah Shenwari,Imran Haider,Usman Ghani,0,0,0
Afghanistan,11,Samiullah Shenwari,Imran Haider,Usman Ghani,1,0,1
Afghanistan,11,Usman Ghani,Imran Haider,Samiullah Shenwari,6,0,6
Afghanistan,11,Usman Ghani,Imran Haider,Samiullah Shenwari,1,0,1
Afghanistan,12,Usman Ghani,Rohan Mustafa,Samiullah Shenwari,1,0,1
Afghanistan,12,Samiullah Shenwari,Rohan Mustafa,Usman Ghani,6,0,6
Afghanistan,12,Samiullah Shenwari,Rohan Mustafa,Usman Ghani,1,0,1
Afghanistan,12,Usman Ghani,Rohan Mustafa,Samiullah Shenwari,2,0,2
Afghanistan,12,Usman Ghani,Rohan Mustafa,Samiullah Shenwari,1,0,1
Afghanistan,12,Samiullah Shenwari,Rohan Mustafa,Usman Ghani,0,0,0
Afghanistan,13,Usman Ghani,Mohammad Shahzad (2),Samiullah Shenwari,1,0,1
Afghanistan,13,Samiullah Shenwari,Mohammad Shahzad (2),Usman Ghani,1,0,1
Afghanistan,13,Usman Ghani,Mohammad Shahzad (2),Samiullah Shenwari,1,0,1
Afghanistan,13,Samiullah Shenwari,Mohammad Shahzad (2),Usman Ghani,1,0,1
Afghanistan,13,Usman Ghani,Mohammad Shahzad (2),Samiullah Shenwari,2,0,2
Afghanistan,13,Usman Ghani,Mohammad Shahzad (2),Samiullah Shenwari,1,0,1
Afghanistan,14,Usman Ghani,Rohan Mustafa,Samiullah Shenwari,0,1,1
Afghanistan,14,Usman Ghani,Rohan Mustafa,Samiullah Shenwari,0,0,0
Afghanistan,14,Usman Ghani,Rohan Mustafa,Samiullah Shenwari,6,0,6
Afghanistan,14,Usman Ghani,Rohan Mustafa,Samiullah Shenwari,1,0,1
Afghanistan,14,Samiullah Shenwari,Rohan Mustafa,Usman Ghani,1,0,1
Afghanistan,14,Usman Ghani,Rohan Mustafa,Samiullah Shenwari,1,0,1
Afghanistan,14,Samiullah Shenwari,Rohan Mustafa,Usman Ghani,4,0,4
Afghanistan,15,Usman Ghani,Ahmed Raza,Samiullah Shenwari,1,0,1
Afghanistan,15,Samiullah Shenwari,Ahmed Raza,Usman Ghani,0,0,0
Afghanistan,15,Samiullah Shenwari,Ahmed Raza,Usman Ghani,2,0,2
Afghanistan,15,Samiullah Shenwari,Ahmed Raza,Usman Ghani,1,0,1
Afghanistan,15,Usman Ghani,Ahmed Raza,Samiullah Shenwari,0,0,0
Afghanistan,15,Samiullah Shenwari,Ahmed Raza,Najibullah Zadran,1,0,1
Afghanistan,16,Samiullah Shenwari,Muhammed Shanil,Najibullah Zadran,6,0,6
Afghanistan,16,Samiullah Shenwari,Muhammed Shanil,Najibullah Zadran,1,0,1
Afghanistan,16,Najibullah Zadran,Muhammed Shanil,Samiullah Shenwari,1,0,1
Afghanistan,16,Samiullah Shenwari,Muhammed Shanil,Najibullah Zadran,0,0,0
Afghanistan,16,Samiullah Shenwari,Muhammed Shanil,Najibullah Zadran,6,0,6
Afghanistan,16,Samiullah Shenwari,Muhammed Shanil,Najibullah Zadran,4,0,4
Afghanistan,17,Najibullah Zadran,Mohammad Naveed,Samiullah Shenwari,1,0,1
Afghanistan,17,Samiullah Shenwari,Mohammad Naveed,Najibullah Zadran,1,0,1
Afghanistan,17,Najibullah Zadran,Mohammad Naveed,Samiullah Shenwari,1,0,1
Afghanistan,17,Samiullah Shenwari,Mohammad Naveed,Najibullah Zadran,0,0,0
Afghanistan,17,Mohammad Nabi,Mohammad Naveed,Najibullah Zadran,1,0,1
Afghanistan,17,Najibullah Zadran,Mohammad Naveed,Mohammad Nabi,1,0,1
Afghanistan,18,Najibullah Zadran,Muhammed Shanil,Mohammad Nabi,0,0,0
Afghanistan,18,Najibullah Zadran,Muhammed Shanil,Mohammad Nabi,2,0,2
Afghanistan,18,Najibullah Zadran,Muhammed Shanil,Mohammad Nabi,4,0,4
Afghanistan,18,Najibullah Zadran,Muhammed Shanil,Mohammad Nabi,6,0,6
Afghanistan,18,Najibullah Zadran,Muhammed Shanil,Mohammad Nabi,0,1,1
Afghanistan,18,Mohammad Nabi,Muhammed Shanil,Najibullah Zadran,1,0,1
Afghanistan,19,Mohammad Nabi,Mohammad Naveed,Najibullah Zadran,1,0,1
Afghanistan,19,Najibullah Zadran,Mohammad Naveed,Mohammad Nabi,1,0,1
Afghanistan,19,Mohammad Nabi,Mohammad Naveed,Najibullah Zadran,1,0,1
Afghanistan,19,Najibullah Zadran,Mohammad Naveed,Mohammad Nabi,1,0,1
Afghanistan,19,Mohammad Nabi,Mohammad Naveed,Najibullah Zadran,2,0,2
Afghanistan,19,Mohammad Nabi,Mohammad Naveed,Najibullah Zadran,1,0,1
United Arab Emirates,0,Rohan Mustafa,Fareed Ahmad,Mohammad Shahzad (2),1,0,1
United Arab Emirates,0,Mohammad Shahzad (2),Fareed Ahmad,Rohan Mustafa,1,0,1
United Arab Emirates,0,Rohan Mustafa,Fareed Ahmad,Mohammad Shahzad (2),0,1,1
United Arab Emirates,0,Rohan Mustafa,Fareed Ahmad,Mohammad Shahzad (2),0,0,0
United Arab Emirates,0,Rohan Mustafa,Fareed Ahmad,Mohammad Shahzad (2),0,0,0
United Arab Emirates,0,Rohan Mustafa,Fareed Ahmad,Mohammad Shahzad (2),0,0,0
United Arab Emirates,0,Rohan Mustafa,Fareed Ahmad,Mohammad Shahzad (2),1,0,1
United Arab Emirates,1,Rohan Mustafa,Mohammad Nabi,Mohammad Shahzad (2),1,0,1
United Arab Emirates,1,Mohammad Shahzad (2),Mohammad Nabi,Rohan Mustafa,0,0,0
United Arab Emirates,1,Mohammad Shahzad (2),Mohammad Nabi,Rohan Mustafa,0,0,0
United Arab Emirates,1,Shaiman Anwar,Mohammad Nabi,Rohan Mustafa,1,0,1
United Arab Emirates,1,Rohan Mustafa,Mohammad Nabi,Shaiman Anwar,6,0,6
United Arab Emirates,1,Rohan Mustafa,Mohammad Nabi,Shaiman Anwar,1,0,1
United Arab Emirates,2,Rohan Mustafa,Fareed Ahmad,Shaiman Anwar,1,0,1
United Arab Emirates,2,Shaiman Anwar,Fareed Ahmad,Rohan Mustafa,0,1,1
United Arab Emirates,2,Shaiman Anwar,Fareed Ahmad,Rohan Mustafa,1,0,1
United Arab Emirates,2,Rohan Mustafa,Fareed Ahmad,Shaiman Anwar,0,1,1
United Arab Emirates,2,Rohan Mustafa,Fareed Ahmad,Shaiman Anwar,1,0,1
United Arab Emirates,2,Shaiman Anwar,Fareed Ahmad,Rohan Mustafa,1,0,1
United Arab Emirates,2,Rohan Mustafa,Fareed Ahmad,Shaiman Anwar,0,0,0
United Arab Emirates,2,Rohan Mustafa,Fareed Ahmad,Shaiman Anwar,4,0,4
United Arab Emirates,3,Shaiman Anwar,Mohammad Nabi,Rohan Mustafa,0,0,0
United Arab Emirates,3,Shaiman Anwar,Mohammad Nabi,Rohan Mustafa,0,1,1
United Arab Emirates,3,Shaiman Anwar,Mohammad Nabi,Rohan Mustafa,1,0,1
United Arab Emirates,3,Rohan Mustafa,Mohammad Nabi,Shaiman Anwar,0,0,0
United Arab Emirates,3,Rohan Mustafa,Mohammad Nabi,Shaiman Anwar,2,0,2
United Arab Emirates,3,Rohan Mustafa,Mohammad Nabi,Shaiman Anwar,2,0,2
United Arab Emirates,3,Rohan Mustafa,Mohammad Nabi,Shaiman Anwar,0,0,0
United Arab Emirates,4,Shaiman Anwar,Amir Hamza,Rohan Mustafa,1,0,1
United Arab Emirates,4,Rohan Mustafa,Amir Hamza,Shaiman Anwar,0,0,0
United Arab Emirates,4,Rohan Mustafa,Amir Hamza,Shaiman Anwar,6,0,6
United Arab Emirates,4,Rohan Mustafa,Amir Hamza,Shaiman Anwar,1,0,1
United Arab Emirates,4,Shaiman Anwar,Amir Hamza,Rohan Mustafa,4,0,4
United Arab Emirates,4,Shaiman Anwar,Amir Hamza,Rohan Mustafa,6,0,6
United Arab Emirates,5,Rohan Mustafa,Karim Janat,Shaiman Anwar,4,0,4
United Arab Emirates,5,Rohan Mustafa,Karim Janat,Shaiman Anwar,6,0,6
United Arab Emirates,5,Rohan Mustafa,Karim Janat,Shaiman Anwar,1,0,1
United Arab Emirates,5,Shaiman Anwar,Karim Janat,Rohan Mustafa,0,0,0
United Arab Emirates,5,Shaiman Anwar,Karim Janat,Rohan Mustafa,1,0,1
United Arab Emirates,5,Rohan Mustafa,Karim Janat,Shaiman Anwar,4,0,4
United Arab Emirates,6,Shaiman Anwar,Amir Hamza,Rohan Mustafa,0,0,0
United Arab Emirates,6,Shaiman Anwar,Amir Hamza,Rohan Mustafa,0,0,0
United Arab Emirates,6,Shaiman Anwar,Amir Hamza,Rohan Mustafa,1,0,1
United Arab Emirates,6,Rohan Mustafa,Amir Hamza,Shaiman Anwar,1,0,1
United Arab Emirates,6,Shaiman Anwar,Amir Hamza,Rohan Mustafa,1,0,1
United Arab Emirates,6,Rohan Mustafa,Amir Hamza,Shaiman Anwar,1,0,1
United Arab Emirates,7,Rohan Mustafa,Karim Janat,Shaiman Anwar,1,0,1
United Arab Emirates,7,Shaiman Anwar,Karim Janat,Rohan Mustafa,1,0,1
United Arab Emirates,7,Rohan Mustafa,Karim Janat,Shaiman Anwar,1,0,1
United Arab Emirates,7,Shaiman Anwar,Karim Janat,Rohan Mustafa,1,0,1
United Arab Emirates,7,Rohan Mustafa,Karim Janat,Shaiman Anwar,1,0,1
United Arab Emirates,7,Shaiman Anwar,Karim Janat,Rohan Mustafa,2,0,2
United Arab Emirates,8,Rohan Mustafa,Amir Hamza,Shaiman Anwar,4,0,4
United Arab Emirates,8,Rohan Mustafa,Amir Hamza,Shaiman Anwar,0,0,0
United Arab Emirates,8,Rohan Mustafa,Amir Hamza,Shaiman Anwar,1,0,1
United Arab Emirates,8,Shaiman Anwar,Amir Hamza,Rohan Mustafa,1,0,1
United Arab Emirates,8,Rohan Mustafa,Amir Hamza,Shaiman Anwar,1,0,1
United Arab Emirates,8,Shaiman Anwar,Amir Hamza,Rohan Mustafa,1,0,1
United Arab Emirates,9,Shaiman Anwar,Mohammad Nabi,Rohan Mustafa,2,0,2
United Arab Emirates,9,Shaiman Anwar,Mohammad Nabi,Rohan Mustafa,1,0,1
United Arab Emirates,9,Rohan Mustafa,Mohammad Nabi,Shaiman Anwar,1,0,1
United Arab Emirates,9,Shaiman Anwar,Mohammad Nabi,Rohan Mustafa,1,0,1
United Arab Emirates,9,Rohan Mustafa,Mohammad Nabi,Shaiman Anwar,4,0,4
United Arab Emirates,9,Rohan Mustafa,Mohammad Nabi,Shaiman Anwar,0,0,0
United Arab Emirates,10,Muhammad Usman,Rashid Khan,Shaiman Anwar,0,0,0
United Arab Emirates,10,Muhammad Usman,Rashid Khan,Shaiman Anwar,0,0,0
United Arab Emirates,10,Muhammad Usman,Rashid Khan,Shaiman Anwar,0,0,0
United Arab Emirates,10,Rameez Shahzad,Rashid Khan,Shaiman Anwar,0,0,0
United Arab Emirates,10,Rameez Shahzad,Rashid Khan,Shaiman Anwar,0,0,0
United Arab Emirates,10,Rameez Shahzad,Rashid Khan,Shaiman Anwar,1,0,1
United Arab Emirates,11,Rameez Shahzad,Karim Janat,Shaiman Anwar,4,0,4
United Arab Emirates,11,Rameez Shahzad,Karim Janat,Shaiman Anwar,1,0,1
United Arab Emirates,11,Shaiman Anwar,Karim Janat,Rameez Shahzad,1,0,1
United Arab Emirates,11,Rameez Shahzad,Karim Janat,Shaiman Anwar,0,0,0
United Arab Emirates,11,Rameez Shahzad,Karim Janat,Shaiman Anwar,1,0,1
United Arab Emirates,11,Shaiman Anwar,Karim Janat,Rameez Shahzad,2,0,2
United Arab Emirates,12,Rameez Shahzad,Rashid Khan,Shaiman Anwar,1,0,1
United Arab Emirates,12,Shaiman Anwar,Rashid Khan,Rameez Shahzad,0,0,0
United Arab Emirates,12,Shaiman Anwar,Rashid Khan,Rameez Shahzad,2,0,2
United Arab Emirates,12,Shaiman Anwar,Rashid Khan,Rameez Shahzad,3,0,3
United Arab Emirates,12,Rameez Shahzad,Rashid Khan,Shaiman Anwar,1,0,1
United Arab Emirates,12,Shaiman Anwar,Rashid Khan,Rameez Shahzad,0,0,0
United Arab Emirates,13,Rameez Shahzad,Karim Janat,Shaiman Anwar,1,0,1
United Arab Emirates,13,Shaiman Anwar,Karim Janat,Rameez Shahzad,2,0,2
United Arab Emirates,13,Shaiman Anwar,Karim Janat,Rameez Shahzad,1,0,1
United Arab Emirates,13,Rameez Shahzad,Karim Janat,Shaiman Anwar,1,0,1
United Arab Emirates,13,Shaiman Anwar,Karim Janat,Rameez Shahzad,0,0,0
United Arab Emirates,13,Shaiman Anwar,Karim Janat,Rameez Shahzad,2,0,2
United Arab Emirates,14,Rameez Shahzad,Rashid Khan,Shaiman Anwar,0,0,0
United Arab Emirates,14,Rameez Shahzad,Rashid Khan,Shaiman Anwar,1,0,1
United Arab Emirates,14,Shaiman Anwar,Rashid Khan,Rameez Shahzad,1,0,1
United Arab Emirates,14,Rameez Shahzad,Rashid Khan,Shaiman Anwar,1,0,1
United Arab Emirates,14,Shaiman Anwar,Rashid Khan,Rameez Shahzad,1,0,1
United Arab Emirates,14,Rameez Shahzad,Rashid Khan,Shaiman Anwar,1,0,1
United Arab Emirates,15,Rameez Shahzad,Amir Hamza,Shaiman Anwar,0,1,1
United Arab Emirates,15,Rameez Shahzad,Amir Hamza,Shaiman Anwar,1,0,1
United Arab Emirates,15,Shaiman Anwar,Amir Hamza,Rameez Shahzad,2,0,2
United Arab Emirates,15,Shaiman Anwar,Amir Hamza,Rameez Shahzad,1,0,1
United Arab Emirates,15,Shaiman Anwar,Amir Hamza,Amjad Gul,1,0,1
United Arab Emirates,15,Amjad Gul,Amir Hamza,Shaiman Anwar,0,0,0
United Arab Emirates,15,Amjad Gul,Amir Hamza,Shaiman Anwar,1,0,1
United Arab Emirates,16,Amjad Gul,Fareed Ahmad,Shaiman Anwar,1,0,1
United Arab Emirates,16,Shaiman Anwar,Fareed Ahmad,Amjad Gul,1,0,1
United Arab Emirates,16,Amjad Gul,Fareed Ahmad,Shaiman Anwar,0,1,1
United Arab Emirates,16,Amjad Gul,Fareed Ahmad,Shaiman Anwar,0,0,0
United Arab Emirates,16,Amjad Gul,Fareed Ahmad,Shaiman Anwar,0,0,0
United Arab Emirates,16,Shaiman Anwar,Fareed Ahmad,Ghulam Shabber,0,0,0
United Arab Emirates,16,Shaiman Anwar,Fareed Ahmad,Ghulam Shabber,4,0,4
United Arab Emirates,17,Ghulam Shabber,Mohammad Nabi,Shaiman Anwar,1,0,1
United Arab Emirates,17,Shaiman Anwar,Mohammad Nabi,Ghulam Shabber,2,0,2
United Arab Emirates,17,Shaiman Anwar,Mohammad Nabi,Ghulam Shabber,2,0,2
United Arab Emirates,17,Shaiman Anwar,Mohammad Nabi,Ghulam Shabber,0,0,0
United Arab Emirates,17,Ghulam Shabber,Mohammad Nabi,Mohammad Naveed,1,0,1
United Arab Emirates,17,Mohammad Naveed,Mohammad Nabi,Ghulam Shabber,0,0,0
United Arab Emirates,18,Ghulam Shabber,Rashid Khan,Mohammad Naveed,0,0,0
United Arab Emirates,18,Mohammad Naveed,Rashid Khan,Muhammed Shanil,0,0,0
United Arab Emirates,18,Ahmed Raza,Rashid Khan,Muhammed Shanil,0,0,0
United Arab Emirates,18,Ahmed Raza,Rashid Khan,Muhammed Shanil,1,0,1
United Arab Emirates,18,Muhammed Shanil,Rashid Khan,Ahmed Raza,0,0,0
United Arab Emirates,18,Muhammed Shanil,Rashid Khan,Ahmed Raza,0,0,0
United Arab Emirates,19,Ahmed Raza,Fareed Ahmad,Muhammed Shanil,0,0,0
United Arab Emirates,19,Ahmed Raza,Fareed Ahmad,Muhammed Shanil,1,0,1
United Arab Emirates,19,Muhammed Shanil,Fareed Ahmad,Ahmed Raza,1,0,1
United Arab Emirates,19,Ahmed Raza,Fareed Ahmad,Muhammed Shanil,0,0,0
United Arab Emirates,19,Ahmed Raza,Fareed Ahmad,Muhammed Shanil,2,0,2
United Arab Emirates,19,Ahmed Raza,Fareed Ahmad,Muhammed Shanil,0,0,0
