Team,Over,Batter,Bowler,Non_Striker,Batter_Runs,Extras,Total_Runs
Ireland,0,PR Stirling,Mohammad Naveed,SW Poynter,0,1,1
Ireland,0,PR Stirling,Mohammad Naveed,SW Poynter,0,0,0
Ireland,0,PR Stirling,Mohammad Naveed,SW Poynter,0,0,0
Ireland,0,PR Stirling,Mohammad Naveed,SW Poynter,0,0,0
Ireland,0,PR Stirling,Mohammad Naveed,SW Poynter,0,0,0
Ireland,0,PR Stirling,Mohammad Naveed,SW Poynter,4,0,4
Ireland,0,PR Stirling,Mohammad Naveed,SW Poynter,6,0,6
Ireland,1,SW Poynter,Amjad Javed,PR Stirling,0,0,0
Ireland,1,SW Poynter,Amjad Javed,PR Stirling,2,0,2
Ireland,1,SW Poynter,Amjad Javed,PR Stirling,1,0,1
Ireland,1,PR Stirling,Amjad Javed,SW Poynter,1,0,1
Ireland,1,SW Poynter,Amjad Javed,PR Stirling,1,0,1
Ireland,1,PR Stirling,Amjad Javed,SW Poynter,1,0,1
Ireland,2,PR Stirling,Mohammad Naveed,SW Poynter,0,0,0
Ireland,2,PR Stirling,Mohammad Naveed,SW Poynter,0,0,0
Ireland,2,PR Stirling,Mohammad Naveed,SW Poynter,0,1,1
Ireland,2,PR Stirling,Mohammad Naveed,SW Poynter,4,0,4
Ireland,2,PR Stirling,Mohammad Naveed,SW Poynter,1,0,1
Ireland,2,SW Poynter,Mohammad Naveed,PR Stirling,1,0,1
Ireland,2,PR Stirling,Mohammad Naveed,SW Poynter,0,0,0
Ireland,3,SW Poynter,Ahmed Raza,PR Stirling,0,1,1
Ireland,3,PR Stirling,Ahmed Raza,SW Poynter,0,0,0
Ireland,3,PR Stirling,Ahmed Raza,SW Poynter,6,0,6
Ireland,3,PR Stirling,Ahmed Raza,SW Poynter,4,0,4
Ireland,3,PR Stirling,Ahmed Raza,SW Poynter,0,0,0
Ireland,3,PR Stirling,Ahmed Raza,SW Poynter,0,0,0
Ireland,4,SW Poynter,Amjad Javed,PR Stirling,0,0,0
Ireland,4,WTS Porterfield,Amjad Javed,PR Stirling,0,0,0
Ireland,4,WTS Porterfield,Amjad Javed,PR Stirling,0,0,0
Ireland,4,WTS Porterfield,Amjad Javed,PR Stirling,0,0,0
Ireland,4,WTS Porterfield,Amjad Javed,PR Stirling,0,0,0
Ireland,4,WTS Porterfield,Amjad Javed,PR Stirling,0,0,0
Ireland,5,PR Stirling,Rohan Mustafa,WTS Porterfield,4,0,4
Ireland,5,PR Stirling,Rohan Mustafa,WTS Porterfield,0,0,0
Ireland,5,PR Stirling,Rohan Mustafa,WTS Porterfield,0,0,0
Ireland,5,PR Stirling,Rohan Mustafa,WTS Porterfield,0,0,0
Ireland,5,PR Stirling,Rohan Mustafa,WTS Porterfield,0,0,0
Ireland,5,PR Stirling,Rohan Mustafa,WTS Porterfield,4,0,4
Ireland,6,WTS Porterfield,Amjad Javed,PR Stirling,0,1,1
Ireland,6,PR Stirling,Amjad Javed,WTS Porterfield,1,0,1
Ireland,6,WTS Porterfield,Amjad Javed,PR Stirling,0,0,0
Ireland,6,WTS Porterfield,Amjad Javed,PR Stirling,0,1,1
Ireland,6,WTS Porterfield,Amjad Javed,PR Stirling,0,0,0
Ireland,6,WTS Porterfield,Amjad Javed,PR Stirling,0,0,0
Ireland,6,KJ O'Brien,Amjad Javed,PR Stirling,1,0,1
Ireland,7,KJ O'Brien,Imran Haider,PR Stirling,1,0,1
Ireland,7,PR Stirling,Imran Haider,KJ O'Brien,0,0,0
Ireland,7,PR Stirling,Imran Haider,KJ O'Brien,2,0,2
Ireland,7,PR Stirling,Imran Haider,KJ O'Brien,1,0,1
Ireland,7,KJ O'Brien,Imran Haider,PR Stirling,1,0,1
Ireland,7,PR Stirling,Imran Haider,KJ O'Brien,0,0,0
Ireland,8,KJ O'Brien,Amjad Javed,GC Wilson,2,0,2
Ireland,8,KJ O'Brien,Amjad Javed,GC Wilson,0,0,0
Ireland,8,KJ O'Brien,Amjad Javed,GC Wilson,2,0,2
Ireland,8,KJ O'Brien,Amjad Javed,GC Wilson,2,0,2
Ireland,8,KJ O'Brien,Amjad Javed,GC Wilson,0,0,0
Ireland,8,KJ O'Brien,Amjad Javed,GC Wilson,1,0,1
Ireland,9,KJ O'Brien,Imran Haider,GC Wilson,0,0,0
Ireland,9,KJ O'Brien,Imran Haider,GC Wilson,1,0,1
Ireland,9,GC Wilson,Imran Haider,KJ O'Brien,0,1,1
Ireland,9,KJ O'Brien,Imran Haider,GC Wilson,0,0,0
Ireland,9,KJ O'Brien,Imran Haider,GC Wilson,4,0,4
Ireland,9,KJ O'Brien,Imran Haider,GC Wilson,1,0,1
Ireland,10,KJ O'Brien,Ahmed Raza,GC Wilson,0,0,0
Ireland,10,KJ O'Brien,Ahmed Raza,GC Wilson,1,0,1
Ireland,10,GC Wilson,Ahmed Raza,KJ O'Brien,1,0,1
Ireland,10,KJ O'Brien,Ahmed Raza,GC Wilson,0,0,0
Ireland,10,KJ O'Brien,Ahmed Raza,GC Wilson,1,0,1
Ireland,10,GC Wilson,Ahmed Raza,KJ O'Brien,1,0,1
Ireland,11,GC Wilson,Imran Haider,KJ O'Brien,6,0,6
Ireland,11,GC Wilson,Imran Haider,KJ O'Brien,0,0,0
Ireland,11,GC Wilson,Imran Haider,KJ O'Brien,1,0,1
Ireland,11,KJ O'Brien,Imran Haider,GC Wilson,6,0,6
Ireland,11,KJ O'Brien,Imran Haider,GC Wilson,2,0,2
Ireland,11,KJ O'Brien,Imran Haider,GC Wilson,0,1,1
Ireland,12,KJ O'Brien,Ahmed Raza,GC Wilson,6,0,6
Ireland,12,KJ O'Brien,Ahmed Raza,GC Wilson,0,0,0
Ireland,12,KJ O'Brien,Ahmed Raza,GC Wilson,6,0,6
Ireland,12,KJ O'Brien,Ahmed Raza,GC Wilson,1,0,1
Ireland,12,GC Wilson,Ahmed Raza,KJ O'Brien,0,0,0
Ireland,12,GC Wilson,Ahmed Raza,KJ O'Brien,4,0,4
Ireland,13,KJ O'Brien,Zahoor Khan,GC Wilson,1,0,1
Ireland,13,GC Wilson,Zahoor Khan,KJ O'Brien,1,0,1
Ireland,13,KJ O'Brien,Zahoor Khan,GC Wilson,0,0,0
Ireland,13,GJ Thompson,Zahoor Khan,GC Wilson,1,0,1
Ireland,13,GC Wilson,Zahoor Khan,GJ Thompson,1,0,1
Ireland,13,GJ Thompson,Zahoor Khan,GC Wilson,1,0,1
Ireland,14,GJ Thompson,Imran Haider,GC Wilson,1,0,1
Ireland,14,GC Wilson,Imran Haider,GJ Thompson,0,0,0
Ireland,14,GC Wilson,Imran Haider,GJ Thompson,0,0,0
Ireland,14,GC Wilson,Imran Haider,GJ Thompson,6,0,6
Ireland,14,GC Wilson,Imran Haider,GJ Thompson,1,0,1
Ireland,14,GJ Thompson,Imran Haider,GC Wilson,4,0,4
Ireland,15,GC Wilson,Zahoor Khan,GJ Thompson,0,1,1
Ireland,15,GJ Thompson,Zahoor Khan,GC Wilson,0,1,1
Ireland,15,GC Wilson,Zahoor Khan,GJ Thompson,4,0,4
Ireland,15,GC Wilson,Zahoor Khan,GJ Thompson,0,0,0
Ireland,15,AR McBrine,Zahoor Khan,GJ Thompson,1,0,1
Ireland,15,GJ Thompson,Zahoor Khan,AR McBrine,1,0,1
Ireland,16,GJ Thompson,Mohammad Naveed,AR McBrine,1,0,1
Ireland,16,AR McBrine,Mohammad Naveed,GJ Thompson,0,0,0
Ireland,16,AR McBrine,Mohammad Naveed,GJ Thompson,0,0,0
Ireland,16,AR McBrine,Mohammad Naveed,GJ Thompson,0,0,0
Ireland,16,AR McBrine,Mohammad Naveed,GJ Thompson,1,0,1
Ireland,16,GJ Thompson,Mohammad Naveed,AR McBrine,1,0,1
Ireland,17,GJ Thompson,Zahoor Khan,AR McBrine,0,1,1
Ireland,17,GJ Thompson,Zahoor Khan,AR McBrine,1,0,1
Ireland,17,AR McBrine,Zahoor Khan,GJ Thompson,1,0,1
Ireland,17,GJ Thompson,Zahoor Khan,AR McBrine,0,0,0
Ireland,17,GJ Thompson,Zahoor Khan,AR McBrine,6,0,6
Ireland,17,GJ Thompson,Zahoor Khan,AR McBrine,0,0,0
Ireland,17,GJ Thompson,Zahoor Khan,AR McBrine,0,0,0
Ireland,18,AR McBrine,Mohammad Naveed,GJ Thompson,1,0,1
Ireland,18,GJ Thompson,Mohammad Naveed,AR McBrine,0,0,0
Ireland,18,GH Dockrell,Mohammad Naveed,AR McBrine,1,0,1
Ireland,18,AR McBrine,Mohammad Naveed,GH Dockrell,4,0,4
Ireland,18,AR McBrine,Mohammad Naveed,GH Dockrell,4,0,4
Ireland,18,AR McBrine,Mohammad Naveed,GH Dockrell,1,0,1
Ireland,19,AR McBrine,Zahoor Khan,GH Dockrell,0,1,1
Ireland,19,GH Dockrell,Zahoor Khan,AR McBrine,3,0,3
Ireland,19,AR McBrine,Zahoor Khan,GH Dockrell,0,1,1
Ireland,19,GH Dockrell,Zahoor Khan,AR McBrine,1,0,1
Ireland,19,AR McBrine,Zahoor Khan,GH Dockrell,1,0,1
Ireland,19,GH Dockrell,Zahoor Khan,AR McBrine,2,0,2
United Arab Emirates,0,Rohan Mustafa,WB Rankin,Ghulam Shabber,0,0,0
United Arab Emirates,0,Shaiman Anwar,WB Rankin,Ghulam Shabber,0,0,0
United Arab Emirates,0,Shaiman Anwar,WB Rankin,Ghulam Shabber,0,0,0
United Arab Emirates,0,Shaiman Anwar,WB Rankin,Ghulam Shabber,4,0,4
United Arab Emirates,0,Shaiman Anwar,WB Rankin,Ghulam Shabber,1,0,1
United Arab Emirates,0,Ghulam Shabber,WB Rankin,Shaiman Anwar,4,0,4
United Arab Emirates,1,Shaiman Anwar,CA Young,Ghulam Shabber,0,0,0
United Arab Emirates,1,Mohammad Shahzad,CA Young,Ghulam Shabber,1,0,1
United Arab Emirates,1,Ghulam Shabber,CA Young,Mohammad Shahzad,0,0,0
United Arab Emirates,1,Ghulam Shabber,CA Young,Mohammad Shahzad,0,0,0
United Arab Emirates,1,Ghulam Shabber,CA Young,Mohammad Shahzad,0,0,0
United Arab Emirates,1,Ghulam Shabber,CA Young,Mohammad Shahzad,1,0,1
United Arab Emirates,2,Ghulam Shabber,WB Rankin,Mohammad Shahzad,4,0,4
United Arab Emirates,2,Ghulam Shabber,WB Rankin,Mohammad Shahzad,0,0,0
United Arab Emirates,2,Rameez Shahzad,WB Rankin,Mohammad Shahzad,0,0,0
United Arab Emirates,2,Muhammad Usman,WB Rankin,Mohammad Shahzad,1,0,1
United Arab Emirates,2,Mohammad Shahzad,WB Rankin,Muhammad Usman,0,0,0
United Arab Emirates,2,Mohammad Shahzad,WB Rankin,Muhammad Usman,0,0,0
United Arab Emirates,3,Muhammad Usman,KJ O'Brien,Mohammad Shahzad,1,0,1
United Arab Emirates,3,Mohammad Shahzad,KJ O'Brien,Muhammad Usman,0,0,0
United Arab Emirates,3,Mohammad Shahzad,KJ O'Brien,Muhammad Usman,4,0,4
United Arab Emirates,3,Mohammad Shahzad,KJ O'Brien,Muhammad Usman,0,0,0
United Arab Emirates,3,Amjad Javed,KJ O'Brien,Muhammad Usman,0,0,0
United Arab Emirates,3,Amjad Javed,KJ O'Brien,Muhammad Usman,0,0,0
United Arab Emirates,4,Muhammad Usman,WB Rankin,Amjad Javed,0,0,0
United Arab Emirates,4,Muhammad Usman,WB Rankin,Amjad Javed,0,1,1
United Arab Emirates,4,Muhammad Usman,WB Rankin,Amjad Javed,0,0,0
United Arab Emirates,4,Muhammad Usman,WB Rankin,Amjad Javed,0,0,0
United Arab Emirates,4,Muhammad Usman,WB Rankin,Amjad Javed,1,0,1
United Arab Emirates,4,Amjad Javed,WB Rankin,Muhammad Usman,0,0,0
United Arab Emirates,4,Amjad Javed,WB Rankin,Muhammad Usman,0,0,0
United Arab Emirates,5,Muhammad Usman,CA Young,Amjad Javed,0,0,0
United Arab Emirates,5,Muhammad Usman,CA Young,Amjad Javed,1,0,1
United Arab Emirates,5,Amjad Javed,CA Young,Muhammad Usman,0,0,0
United Arab Emirates,5,Amjad Javed,CA Young,Muhammad Usman,0,0,0
United Arab Emirates,5,Amjad Javed,CA Young,Muhammad Usman,6,0,6
United Arab Emirates,5,Amjad Javed,CA Young,Muhammad Usman,0,0,0
United Arab Emirates,6,Muhammad Usman,GH Dockrell,Amjad Javed,0,0,0
United Arab Emirates,6,Muhammad Usman,GH Dockrell,Amjad Javed,4,0,4
United Arab Emirates,6,Muhammad Usman,GH Dockrell,Amjad Javed,4,0,4
United Arab Emirates,6,Muhammad Usman,GH Dockrell,Amjad Javed,1,0,1
United Arab Emirates,6,Amjad Javed,GH Dockrell,Muhammad Usman,1,0,1
United Arab Emirates,6,Muhammad Usman,GH Dockrell,Amjad Javed,1,0,1
United Arab Emirates,7,Muhammad Usman,KJ O'Brien,Amjad Javed,1,0,1
United Arab Emirates,7,Amjad Javed,KJ O'Brien,Muhammad Usman,1,0,1
United Arab Emirates,7,Muhammad Usman,KJ O'Brien,Amjad Javed,0,0,0
United Arab Emirates,7,Muhammad Usman,KJ O'Brien,Amjad Javed,4,0,4
United Arab Emirates,7,Muhammad Usman,KJ O'Brien,Amjad Javed,1,0,1
United Arab Emirates,7,Amjad Javed,KJ O'Brien,Muhammad Usman,1,0,1
United Arab Emirates,8,Amjad Javed,GH Dockrell,Muhammad Usman,0,0,0
United Arab Emirates,8,Amjad Javed,GH Dockrell,Muhammad Usman,1,0,1
United Arab Emirates,8,Muhammad Usman,GH Dockrell,Amjad Javed,1,0,1
United Arab Emirates,8,Amjad Javed,GH Dockrell,Muhammad Usman,0,0,0
United Arab Emirates,8,Amjad Javed,GH Dockrell,Muhammad Usman,2,0,2
United Arab Emirates,8,Amjad Javed,GH Dockrell,Muhammad Usman,0,0,0
United Arab Emirates,9,Muhammad Usman,J Mulder,Amjad Javed,2,0,2
United Arab Emirates,9,Muhammad Usman,J Mulder,Amjad Javed,1,0,1
United Arab Emirates,9,Amjad Javed,J Mulder,Muhammad Usman,1,0,1
United Arab Emirates,9,Muhammad Usman,J Mulder,Amjad Javed,0,0,0
United Arab Emirates,9,Ahmed Raza,J Mulder,Amjad Javed,1,0,1
United Arab Emirates,9,Amjad Javed,J Mulder,Ahmed Raza,0,0,0
United Arab Emirates,10,Ahmed Raza,GH Dockrell,Amjad Javed,0,0,0
United Arab Emirates,10,Ahmed Raza,GH Dockrell,Amjad Javed,0,1,1
United Arab Emirates,10,Ahmed Raza,GH Dockrell,Amjad Javed,1,0,1
United Arab Emirates,10,Amjad Javed,GH Dockrell,Ahmed Raza,0,0,0
United Arab Emirates,10,Amjad Javed,GH Dockrell,Ahmed Raza,0,0,0
United Arab Emirates,10,Amjad Javed,GH Dockrell,Ahmed Raza,1,0,1
United Arab Emirates,10,Ahmed Raza,GH Dockrell,Amjad Javed,2,0,2
United Arab Emirates,11,Amjad Javed,J Mulder,Ahmed Raza,1,0,1
United Arab Emirates,11,Ahmed Raza,J Mulder,Amjad Javed,1,0,1
United Arab Emirates,11,Amjad Javed,J Mulder,Ahmed Raza,1,0,1
United Arab Emirates,11,Ahmed Raza,J Mulder,Amjad Javed,0,0,0
United Arab Emirates,11,Ahmed Raza,J Mulder,Amjad Javed,0,0,0
United Arab Emirates,11,Ahmed Raza,J Mulder,Amjad Javed,1,0,1
United Arab Emirates,12,Ahmed Raza,GH Dockrell,Amjad Javed,0,1,1
United Arab Emirates,12,Ahmed Raza,GH Dockrell,Amjad Javed,0,0,0
United Arab Emirates,12,Ahmed Raza,GH Dockrell,Amjad Javed,1,0,1
United Arab Emirates,12,Amjad Javed,GH Dockrell,Ahmed Raza,1,0,1
United Arab Emirates,12,Ahmed Raza,GH Dockrell,Amjad Javed,0,0,0
United Arab Emirates,12,Ahmed Raza,GH Dockrell,Amjad Javed,0,0,0
United Arab Emirates,12,Ahmed Raza,GH Dockrell,Amjad Javed,1,0,1
United Arab Emirates,13,Ahmed Raza,J Mulder,Amjad Javed,1,0,1
United Arab Emirates,13,Amjad Javed,J Mulder,Ahmed Raza,0,0,0
United Arab Emirates,13,Amjad Javed,J Mulder,Ahmed Raza,0,0,0
United Arab Emirates,13,Amjad Javed,J Mulder,Ahmed Raza,0,0,0
United Arab Emirates,13,Amjad Javed,J Mulder,Ahmed Raza,1,0,1
United Arab Emirates,13,Ahmed Raza,J Mulder,Amjad Javed,1,0,1
United Arab Emirates,14,Ahmed Raza,CA Young,Amjad Javed,0,0,0
United Arab Emirates,14,Ahmed Raza,CA Young,Amjad Javed,0,0,0
United Arab Emirates,14,Ahmed Raza,CA Young,Amjad Javed,0,0,0
United Arab Emirates,14,Ahmed Raza,CA Young,Amjad Javed,1,0,1
United Arab Emirates,14,Amjad Javed,CA Young,Ahmed Raza,0,0,0
United Arab Emirates,14,Amjad Javed,CA Young,Ahmed Raza,0,0,0
United Arab Emirates,15,Ahmed Raza,J Mulder,Amjad Javed,1,0,1
United Arab Emirates,15,Amjad Javed,J Mulder,Ahmed Raza,1,0,1
United Arab Emirates,15,Ahmed Raza,J Mulder,Amjad Javed,0,0,0
United Arab Emirates,15,Ahmed Raza,J Mulder,Amjad Javed,0,0,0
United Arab Emirates,15,Mohammad Naveed,J Mulder,Amjad Javed,6,0,6
United Arab Emirates,15,Mohammad Naveed,J Mulder,Amjad Javed,0,0,0
United Arab Emirates,16,Amjad Javed,KJ O'Brien,Mohammad Naveed,0,1,1
United Arab Emirates,16,Amjad Javed,KJ O'Brien,Mohammad Naveed,1,0,1
United Arab Emirates,16,Mohammad Naveed,KJ O'Brien,Amjad Javed,4,0,4
United Arab Emirates,16,Mohammad Naveed,KJ O'Brien,Amjad Javed,4,0,4
United Arab Emirates,16,Mohammad Naveed,KJ O'Brien,Amjad Javed,1,0,1
United Arab Emirates,16,Amjad Javed,KJ O'Brien,Mohammad Naveed,0,0,0
United Arab Emirates,16,Amjad Javed,KJ O'Brien,Mohammad Naveed,1,0,1
United Arab Emirates,17,Amjad Javed,CA Young,Mohammad Naveed,0,0,0
United Arab Emirates,17,Amjad Javed,CA Young,Mohammad Naveed,1,0,1
United Arab Emirates,17,Mohammad Naveed,CA Young,Amjad Javed,1,0,1
United Arab Emirates,17,Amjad Javed,CA Young,Mohammad Naveed,6,0,6
United Arab Emirates,17,Amjad Javed,CA Young,Mohammad Naveed,0,2,2
United Arab Emirates,17,Amjad Javed,CA Young,Mohammad Naveed,0,1,1
United Arab Emirates,17,Amjad Javed,CA Young,Mohammad Naveed,0,0,0
United Arab Emirates,18,Mohammad Naveed,KJ O'Brien,Amjad Javed,1,0,1
United Arab Emirates,18,Amjad Javed,KJ O'Brien,Mohammad Naveed,0,1,1
United Arab Emirates,18,Amjad Javed,KJ O'Brien,Mohammad Naveed,0,1,1
United Arab Emirates,18,Amjad Javed,KJ O'Brien,Mohammad Naveed,1,0,1
United Arab Emirates,18,Mohammad Naveed,KJ O'Brien,Amjad Javed,4,0,4
United Arab Emirates,18,Mohammad Naveed,KJ O'Brien,Amjad Javed,4,0,4
United Arab Emirates,18,Mohammad Naveed,KJ O'Brien,Amjad Javed,0,0,0
United Arab Emirates,18,Mohammad Naveed,KJ O'Brien,Amjad Javed,0,0,0
United Arab Emirates,19,Amjad Javed,PR Stirling,Mohammad Naveed,6,0,6
United Arab Emirates,19,Amjad Javed,PR Stirling,Mohammad Naveed,6,0,6
United Arab Emirates,19,Amjad Javed,PR Stirling,Mohammad Naveed,0,0,0
United Arab Emirates,19,Amjad Javed,PR Stirling,Mohammad Naveed,0,0,0
United Arab Emirates,19,Amjad Javed,PR Stirling,Mohammad Naveed,0,0,0
United Arab Emirates,19,Amjad Javed,PR Stirling,Mohammad Naveed,6,0,6
