Team,Over,Batter,Bowler,Non_Striker,Batter_Runs,Extras,Total_Runs
Ireland,0,PR Stirling,MRJ Watt,SW Poynter,0,0,0
Ireland,0,PR Stirling,MRJ Watt,SW Poynter,0,0,0
Ireland,0,PR Stirling,MRJ Watt,SW Poynter,4,0,4
Ireland,0,PR Stirling,MRJ Watt,SW Poynter,0,0,0
Ireland,0,PR Stirling,MRJ Watt,SW Poynter,0,0,0
Ireland,0,PR Stirling,MRJ Watt,SW Poynter,0,0,0
Ireland,1,SW Poynter,BTJ Wheal,PR Stirling,0,0,0
Ireland,1,SW Poynter,BTJ Wheal,PR Stirling,2,0,2
Ireland,1,SW Poynter,BTJ Wheal,PR Stirling,0,0,0
Ireland,1,SW Poynter,BTJ Wheal,PR Stirling,0,0,0
Ireland,1,SW Poynter,BTJ Wheal,PR Stirling,0,0,0
Ireland,1,SW Poynter,BTJ Wheal,PR Stirling,4,0,4
Ireland,2,PR Stirling,JH Davey,SW Poynter,6,0,6
Ireland,2,PR Stirling,JH Davey,SW Poynter,4,0,4
Ireland,2,PR Stirling,JH Davey,SW Poynter,2,0,2
Ireland,2,PR Stirling,JH Davey,SW Poynter,0,0,0
Ireland,2,PR Stirling,JH Davey,SW Poynter,1,0,1
Ireland,2,SW Poynter,JH Davey,PR Stirling,4,0,4
Ireland,3,PR Stirling,MRJ Watt,SW Poynter,1,0,1
Ireland,3,SW Poynter,MRJ Watt,PR Stirling,1,0,1
Ireland,3,PR Stirling,MRJ Watt,SW Poynter,6,0,6
Ireland,3,PR Stirling,MRJ Watt,SW Poynter,1,0,1
Ireland,3,SW Poynter,MRJ Watt,PR Stirling,0,0,0
Ireland,3,SW Poynter,MRJ Watt,PR Stirling,4,0,4
Ireland,4,PR Stirling,SM Sharif,SW Poynter,1,0,1
Ireland,4,SW Poynter,SM Sharif,PR Stirling,1,0,1
Ireland,4,PR Stirling,SM Sharif,SW Poynter,4,0,4
Ireland,4,PR Stirling,SM Sharif,SW Poynter,4,0,4
Ireland,4,PR Stirling,SM Sharif,SW Poynter,0,1,1
Ireland,4,PR Stirling,SM Sharif,SW Poynter,1,0,1
Ireland,4,SW Poynter,SM Sharif,PR Stirling,4,0,4
Ireland,5,PR Stirling,BTJ Wheal,SW Poynter,1,0,1
Ireland,5,SW Poynter,BTJ Wheal,PR Stirling,1,0,1
Ireland,5,PR Stirling,BTJ Wheal,SW Poynter,1,0,1
Ireland,5,SW Poynter,BTJ Wheal,PR Stirling,4,0,4
Ireland,5,SW Poynter,BTJ Wheal,PR Stirling,4,0,4
Ireland,5,SW Poynter,BTJ Wheal,PR Stirling,4,0,4
Ireland,6,PR Stirling,CD de Lange,SW Poynter,1,0,1
Ireland,6,SW Poynter,CD de Lange,PR Stirling,0,0,0
Ireland,6,SW Poynter,CD de Lange,PR Stirling,6,0,6
Ireland,6,SW Poynter,CD de Lange,PR Stirling,0,0,0
Ireland,6,PR Stirling,CD de Lange,WTS Porterfield,0,1,1
Ireland,6,PR Stirling,CD de Lange,WTS Porterfield,4,0,4
Ireland,6,PR Stirling,CD de Lange,WTS Porterfield,1,0,1
Ireland,7,PR Stirling,JH Davey,WTS Porterfield,0,0,0
Ireland,7,PR Stirling,JH Davey,WTS Porterfield,1,0,1
Ireland,7,WTS Porterfield,JH Davey,PR Stirling,2,0,2
Ireland,7,WTS Porterfield,JH Davey,PR Stirling,0,0,0
Ireland,7,KJ O'Brien,JH Davey,PR Stirling,1,0,1
Ireland,7,PR Stirling,JH Davey,KJ O'Brien,1,0,1
Ireland,8,PR Stirling,SM Sharif,KJ O'Brien,1,0,1
Ireland,8,KJ O'Brien,SM Sharif,PR Stirling,0,0,0
Ireland,8,KJ O'Brien,SM Sharif,PR Stirling,0,1,1
Ireland,8,PR Stirling,SM Sharif,KJ O'Brien,0,0,0
Ireland,8,PR Stirling,SM Sharif,KJ O'Brien,1,0,1
Ireland,8,KJ O'Brien,SM Sharif,PR Stirling,1,0,1
Ireland,9,KJ O'Brien,CD de Lange,PR Stirling,1,0,1
Ireland,9,PR Stirling,CD de Lange,KJ O'Brien,1,0,1
Ireland,9,KJ O'Brien,CD de Lange,PR Stirling,2,0,2
Ireland,9,KJ O'Brien,CD de Lange,PR Stirling,0,1,1
Ireland,9,PR Stirling,CD de Lange,KJ O'Brien,2,0,2
Ireland,9,PR Stirling,CD de Lange,KJ O'Brien,2,0,2
Ireland,10,KJ O'Brien,MRJ Watt,PR Stirling,1,0,1
Ireland,10,PR Stirling,MRJ Watt,KJ O'Brien,6,0,6
Ireland,10,PR Stirling,MRJ Watt,KJ O'Brien,1,0,1
Ireland,10,KJ O'Brien,MRJ Watt,PR Stirling,6,0,6
Ireland,10,KJ O'Brien,MRJ Watt,PR Stirling,1,0,1
Ireland,10,PR Stirling,MRJ Watt,KJ O'Brien,1,0,1
Ireland,11,PR Stirling,CD de Lange,KJ O'Brien,0,0,0
Ireland,11,GC Wilson,CD de Lange,KJ O'Brien,1,0,1
Ireland,11,KJ O'Brien,CD de Lange,GC Wilson,2,0,2
Ireland,11,KJ O'Brien,CD de Lange,GC Wilson,0,1,1
Ireland,11,KJ O'Brien,CD de Lange,GC Wilson,1,0,1
Ireland,11,GC Wilson,CD de Lange,KJ O'Brien,1,0,1
Ireland,11,KJ O'Brien,CD de Lange,GC Wilson,1,0,1
Ireland,12,KJ O'Brien,BTJ Wheal,GC Wilson,1,0,1
Ireland,12,GC Wilson,BTJ Wheal,KJ O'Brien,4,0,4
Ireland,12,GC Wilson,BTJ Wheal,KJ O'Brien,1,0,1
Ireland,12,KJ O'Brien,BTJ Wheal,GC Wilson,1,0,1
Ireland,12,GC Wilson,BTJ Wheal,KJ O'Brien,4,0,4
Ireland,12,GC Wilson,BTJ Wheal,KJ O'Brien,1,0,1
Ireland,13,GC Wilson,CD de Lange,KJ O'Brien,1,0,1
Ireland,13,KJ O'Brien,CD de Lange,GC Wilson,1,0,1
Ireland,13,GC Wilson,CD de Lange,KJ O'Brien,1,0,1
Ireland,13,KJ O'Brien,CD de Lange,GC Wilson,1,0,1
Ireland,13,GC Wilson,CD de Lange,KJ O'Brien,4,0,4
Ireland,13,GC Wilson,CD de Lange,KJ O'Brien,1,0,1
Ireland,14,GC Wilson,SM Sharif,KJ O'Brien,0,0,0
Ireland,14,GC Wilson,SM Sharif,KJ O'Brien,1,0,1
Ireland,14,KJ O'Brien,SM Sharif,GC Wilson,1,0,1
Ireland,14,GC Wilson,SM Sharif,KJ O'Brien,0,0,0
Ireland,14,GC Wilson,SM Sharif,KJ O'Brien,1,0,1
Ireland,14,KJ O'Brien,SM Sharif,GC Wilson,1,0,1
Ireland,15,KJ O'Brien,MRJ Watt,GC Wilson,1,0,1
Ireland,15,GC Wilson,MRJ Watt,KJ O'Brien,4,0,4
Ireland,15,GC Wilson,MRJ Watt,KJ O'Brien,1,0,1
Ireland,15,KJ O'Brien,MRJ Watt,GC Wilson,6,0,6
Ireland,15,KJ O'Brien,MRJ Watt,GC Wilson,0,1,1
Ireland,15,KJ O'Brien,MRJ Watt,GC Wilson,0,0,0
Ireland,15,AR McBrine,MRJ Watt,GC Wilson,1,0,1
Ireland,16,AR McBrine,BTJ Wheal,GC Wilson,2,0,2
Ireland,16,AR McBrine,BTJ Wheal,GC Wilson,0,0,0
Ireland,16,AR McBrine,BTJ Wheal,GC Wilson,0,0,0
Ireland,16,AR McBrine,BTJ Wheal,GC Wilson,1,0,1
Ireland,16,GC Wilson,BTJ Wheal,AR McBrine,0,0,0
Ireland,16,GC Wilson,BTJ Wheal,AR McBrine,4,0,4
Ireland,17,AR McBrine,JH Davey,GC Wilson,2,0,2
Ireland,17,AR McBrine,JH Davey,GC Wilson,0,0,0
Ireland,17,GC Wilson,JH Davey,GJ Thompson,0,0,0
Ireland,17,GC Wilson,JH Davey,GJ Thompson,4,0,4
Ireland,17,GC Wilson,JH Davey,GJ Thompson,6,0,6
Ireland,17,GC Wilson,JH Davey,GJ Thompson,4,0,4
Ireland,18,GJ Thompson,SM Sharif,GC Wilson,0,0,0
Ireland,18,GJ Thompson,SM Sharif,GC Wilson,0,0,0
Ireland,18,GH Dockrell,SM Sharif,GC Wilson,1,0,1
Ireland,18,GC Wilson,SM Sharif,GH Dockrell,6,0,6
Ireland,18,GC Wilson,SM Sharif,GH Dockrell,2,0,2
Ireland,18,GC Wilson,SM Sharif,GH Dockrell,6,0,6
Ireland,19,GH Dockrell,JH Davey,GC Wilson,1,0,1
Ireland,19,GC Wilson,JH Davey,GH Dockrell,0,0,0
Ireland,19,GC Wilson,JH Davey,GH Dockrell,4,0,4
Ireland,19,GC Wilson,JH Davey,GH Dockrell,1,0,1
Ireland,19,GH Dockrell,JH Davey,GC Wilson,1,0,1
Ireland,19,GC Wilson,JH Davey,GH Dockrell,2,0,2
Scotland,0,KJ Coetzer,WB Rankin,MH Cross,1,0,1
Scotland,0,MH Cross,WB Rankin,KJ Coetzer,0,0,0
Scotland,0,MH Cross,WB Rankin,KJ Coetzer,0,1,1
Scotland,0,KJ Coetzer,WB Rankin,MH Cross,0,0,0
Scotland,0,KJ Coetzer,WB Rankin,MH Cross,0,0,0
Scotland,0,KJ Coetzer,WB Rankin,MH Cross,1,0,1
Scotland,1,KJ Coetzer,CA Young,MH Cross,1,0,1
Scotland,1,MH Cross,CA Young,KJ Coetzer,6,0,6
Scotland,1,MH Cross,CA Young,KJ Coetzer,0,0,0
Scotland,1,MH Cross,CA Young,KJ Coetzer,1,0,1
Scotland,1,KJ Coetzer,CA Young,MH Cross,4,0,4
Scotland,1,KJ Coetzer,CA Young,MH Cross,0,0,0
Scotland,2,MH Cross,KJ O'Brien,KJ Coetzer,1,0,1
Scotland,2,KJ Coetzer,KJ O'Brien,MH Cross,1,0,1
Scotland,2,MH Cross,KJ O'Brien,KJ Coetzer,4,0,4
Scotland,2,MH Cross,KJ O'Brien,KJ Coetzer,6,0,6
Scotland,2,MH Cross,KJ O'Brien,KJ Coetzer,1,0,1
Scotland,2,KJ Coetzer,KJ O'Brien,MH Cross,0,0,0
Scotland,3,MH Cross,GH Dockrell,KJ Coetzer,2,0,2
Scotland,3,MH Cross,GH Dockrell,KJ Coetzer,4,0,4
Scotland,3,MH Cross,GH Dockrell,KJ Coetzer,0,0,0
Scotland,3,MH Cross,GH Dockrell,KJ Coetzer,0,0,0
Scotland,3,MH Cross,GH Dockrell,KJ Coetzer,6,0,6
Scotland,3,MH Cross,GH Dockrell,KJ Coetzer,4,0,4
Scotland,4,KJ Coetzer,WB Rankin,MH Cross,0,0,0
Scotland,4,KJ Coetzer,WB Rankin,MH Cross,0,0,0
Scotland,4,KJ Coetzer,WB Rankin,MH Cross,1,0,1
Scotland,4,MH Cross,WB Rankin,KJ Coetzer,0,0,0
Scotland,4,CS MacLeod,WB Rankin,KJ Coetzer,0,0,0
Scotland,4,CS MacLeod,WB Rankin,KJ Coetzer,0,0,0
Scotland,5,KJ Coetzer,CA Young,CS MacLeod,6,0,6
Scotland,5,KJ Coetzer,CA Young,CS MacLeod,0,0,0
Scotland,5,KJ Coetzer,CA Young,CS MacLeod,4,0,4
Scotland,5,KJ Coetzer,CA Young,CS MacLeod,4,0,4
Scotland,5,KJ Coetzer,CA Young,CS MacLeod,6,0,6
Scotland,5,KJ Coetzer,CA Young,CS MacLeod,1,0,1
Scotland,6,KJ Coetzer,KJ O'Brien,CS MacLeod,1,0,1
Scotland,6,CS MacLeod,KJ O'Brien,KJ Coetzer,0,0,0
Scotland,6,CS MacLeod,KJ O'Brien,KJ Coetzer,0,0,0
Scotland,6,CS MacLeod,KJ O'Brien,KJ Coetzer,1,0,1
Scotland,6,KJ Coetzer,KJ O'Brien,CS MacLeod,0,0,0
Scotland,6,KJ Coetzer,KJ O'Brien,CS MacLeod,2,0,2
Scotland,7,CS MacLeod,J Mulder,KJ Coetzer,1,0,1
Scotland,7,KJ Coetzer,J Mulder,CS MacLeod,1,0,1
Scotland,7,CS MacLeod,J Mulder,KJ Coetzer,0,0,0
Scotland,7,KJ Coetzer,J Mulder,HG Munsey,1,0,1
Scotland,7,HG Munsey,J Mulder,KJ Coetzer,0,0,0
Scotland,7,HG Munsey,J Mulder,KJ Coetzer,1,0,1
Scotland,8,HG Munsey,GH Dockrell,KJ Coetzer,0,0,0
Scotland,8,RD Berrington,GH Dockrell,KJ Coetzer,1,0,1
Scotland,8,KJ Coetzer,GH Dockrell,RD Berrington,1,0,1
Scotland,8,RD Berrington,GH Dockrell,KJ Coetzer,1,0,1
Scotland,8,KJ Coetzer,GH Dockrell,RD Berrington,1,0,1
Scotland,8,RD Berrington,GH Dockrell,KJ Coetzer,0,0,0
Scotland,9,KJ Coetzer,J Mulder,RD Berrington,1,0,1
Scotland,9,RD Berrington,J Mulder,KJ Coetzer,0,0,0
Scotland,9,RD Berrington,J Mulder,KJ Coetzer,0,0,0
Scotland,9,RD Berrington,J Mulder,KJ Coetzer,1,0,1
Scotland,9,KJ Coetzer,J Mulder,RD Berrington,1,0,1
Scotland,9,RD Berrington,J Mulder,KJ Coetzer,1,0,1
Scotland,10,RD Berrington,GH Dockrell,KJ Coetzer,0,0,0
Scotland,10,RD Berrington,GH Dockrell,KJ Coetzer,6,0,6
Scotland,10,RD Berrington,GH Dockrell,KJ Coetzer,0,0,0
Scotland,10,KJ Coetzer,GH Dockrell,SM Sharif,0,0,0
Scotland,10,KJ Coetzer,GH Dockrell,SM Sharif,1,0,1
Scotland,10,SM Sharif,GH Dockrell,KJ Coetzer,1,0,1
Scotland,11,SM Sharif,J Mulder,KJ Coetzer,0,0,0
Scotland,11,SM Sharif,J Mulder,KJ Coetzer,1,0,1
Scotland,11,KJ Coetzer,J Mulder,SM Sharif,0,0,0
Scotland,11,KJ Coetzer,J Mulder,SM Sharif,0,0,0
Scotland,11,SM Sharif,J Mulder,CD de Lange,0,0,0
Scotland,11,CD de Lange,J Mulder,CD Wallace,1,0,1
Scotland,12,CD de Lange,WB Rankin,CD Wallace,4,0,4
Scotland,12,CD de Lange,WB Rankin,CD Wallace,0,0,0
Scotland,12,CD de Lange,WB Rankin,CD Wallace,2,0,2
Scotland,12,CD de Lange,WB Rankin,CD Wallace,0,1,1
Scotland,12,CD Wallace,WB Rankin,CD de Lange,0,0,0
Scotland,12,CD Wallace,WB Rankin,CD de Lange,1,0,1
Scotland,13,CD Wallace,J Mulder,CD de Lange,0,0,0
Scotland,13,CD Wallace,J Mulder,CD de Lange,0,0,0
Scotland,13,JH Davey,J Mulder,CD de Lange,0,1,1
Scotland,13,JH Davey,J Mulder,CD de Lange,1,0,1
Scotland,13,CD de Lange,J Mulder,JH Davey,4,0,4
Scotland,13,CD de Lange,J Mulder,JH Davey,0,0,0
Scotland,13,CD de Lange,J Mulder,JH Davey,0,0,0
Scotland,14,JH Davey,KJ O'Brien,CD de Lange,0,0,0
Scotland,14,CD de Lange,KJ O'Brien,MRJ Watt,1,0,1
Scotland,14,MRJ Watt,KJ O'Brien,CD de Lange,1,0,1
Scotland,14,CD de Lange,KJ O'Brien,MRJ Watt,0,0,0
Scotland,14,MRJ Watt,KJ O'Brien,BTJ Wheal,4,0,4
Scotland,14,MRJ Watt,KJ O'Brien,BTJ Wheal,1,0,1
Scotland,15,MRJ Watt,GH Dockrell,BTJ Wheal,0,0,0
