Team,Over,Batter,Bowler,Non_Striker,Batter_Runs,Extras,Total_Runs
Scotland,0,HG Munsey,Nadeem Ahmed,KJ Coetzer,0,0,0
Scotland,0,HG Munsey,Nadeem Ahmed,KJ Coetzer,0,0,0
Scotland,0,HG Munsey,Nadeem Ahmed,KJ Coetzer,1,0,1
Scotland,0,KJ Coetzer,Nadeem Ahmed,HG Munsey,3,0,3
Scotland,0,HG Munsey,Nadeem Ahmed,KJ Coetzer,2,0,2
Scotland,0,HG Munsey,Nadeem Ahmed,KJ Coetzer,1,0,1
Scotland,1,HG Munsey,Ehsan Nawaz,KJ Coetzer,4,0,4
Scotland,1,HG Munsey,Ehsan Nawaz,KJ Coetzer,1,0,1
Scotland,1,KJ Coetzer,Ehsan Nawaz,HG Munsey,0,0,0
Scotland,1,KJ Coetzer,Ehsan Nawaz,HG Munsey,1,0,1
Scotland,1,HG Munsey,Ehsan Nawaz,KJ Coetzer,0,0,0
Scotland,1,HG Munsey,Ehsan Nawaz,KJ Coetzer,0,0,0
Scotland,2,KJ Coetzer,Tanveer Ahmed,HG Munsey,4,0,4
Scotland,2,KJ Coetzer,Tanveer Ahmed,HG Munsey,0,0,0
Scotland,2,KJ Coetzer,Tanveer Ahmed,HG Munsey,2,0,2
Scotland,2,KJ Coetzer,Tanveer Ahmed,HG Munsey,2,0,2
Scotland,2,KJ Coetzer,Tanveer Ahmed,HG Munsey,0,0,0
Scotland,2,KJ Coetzer,Tanveer Ahmed,HG Munsey,0,0,0
Scotland,3,HG Munsey,Ehsan Khan,KJ Coetzer,0,0,0
Scotland,3,HG Munsey,Ehsan Khan,KJ Coetzer,0,0,0
Scotland,3,HG Munsey,Ehsan Khan,KJ Coetzer,0,1,1
Scotland,3,KJ Coetzer,Ehsan Khan,HG Munsey,1,0,1
Scotland,3,HG Munsey,Ehsan Khan,KJ Coetzer,2,0,2
Scotland,3,HG Munsey,Ehsan Khan,KJ Coetzer,0,3,3
Scotland,4,HG Munsey,Nadeem Ahmed,KJ Coetzer,0,0,0
Scotland,4,HG Munsey,Nadeem Ahmed,KJ Coetzer,0,0,0
Scotland,4,HG Munsey,Nadeem Ahmed,KJ Coetzer,0,0,0
Scotland,4,HG Munsey,Nadeem Ahmed,KJ Coetzer,4,0,4
Scotland,4,HG Munsey,Nadeem Ahmed,KJ Coetzer,0,0,0
Scotland,4,HG Munsey,Nadeem Ahmed,KJ Coetzer,2,0,2
Scotland,5,KJ Coetzer,Ehsan Nawaz,HG Munsey,4,0,4
Scotland,5,KJ Coetzer,Ehsan Nawaz,HG Munsey,1,0,1
Scotland,5,HG Munsey,Ehsan Nawaz,KJ Coetzer,0,0,0
Scotland,5,HG Munsey,Ehsan Nawaz,KJ Coetzer,4,0,4
Scotland,5,HG Munsey,Ehsan Nawaz,KJ Coetzer,0,4,4
Scotland,5,HG Munsey,Ehsan Nawaz,KJ Coetzer,0,0,0
Scotland,6,KJ Coetzer,Anshuman Rath,HG Munsey,1,0,1
Scotland,6,HG Munsey,Anshuman Rath,KJ Coetzer,1,0,1
Scotland,6,KJ Coetzer,Anshuman Rath,HG Munsey,2,0,2
Scotland,6,KJ Coetzer,Anshuman Rath,HG Munsey,2,0,2
Scotland,6,KJ Coetzer,Anshuman Rath,HG Munsey,6,0,6
Scotland,6,KJ Coetzer,Anshuman Rath,HG Munsey,1,0,1
Scotland,7,KJ Coetzer,Ehsan Khan,HG Munsey,1,0,1
Scotland,7,HG Munsey,Ehsan Khan,KJ Coetzer,0,0,0
Scotland,7,CS MacLeod,Ehsan Khan,KJ Coetzer,1,0,1
Scotland,7,KJ Coetzer,Ehsan Khan,CS MacLeod,0,0,0
Scotland,7,KJ Coetzer,Ehsan Khan,CS MacLeod,0,0,0
Scotland,7,RD Berrington,Ehsan Khan,CS MacLeod,0,0,0
Scotland,8,CS MacLeod,Aizaz Khan,RD Berrington,1,0,1
Scotland,8,RD Berrington,Aizaz Khan,CS MacLeod,0,0,0
Scotland,8,RD Berrington,Aizaz Khan,CS MacLeod,2,0,2
Scotland,8,RD Berrington,Aizaz Khan,CS MacLeod,0,0,0
Scotland,8,RD Berrington,Aizaz Khan,CS MacLeod,1,0,1
Scotland,8,CS MacLeod,Aizaz Khan,RD Berrington,0,0,0
Scotland,9,RD Berrington,Ehsan Khan,CS MacLeod,1,0,1
Scotland,9,CS MacLeod,Ehsan Khan,RD Berrington,4,0,4
Scotland,9,CS MacLeod,Ehsan Khan,RD Berrington,1,0,1
Scotland,9,RD Berrington,Ehsan Khan,CS MacLeod,1,0,1
Scotland,9,CS MacLeod,Ehsan Khan,RD Berrington,1,0,1
Scotland,9,RD Berrington,Ehsan Khan,CS MacLeod,1,0,1
Scotland,10,RD Berrington,Aizaz Khan,CS MacLeod,2,0,2
Scotland,10,RD Berrington,Aizaz Khan,CS MacLeod,1,0,1
Scotland,10,CS MacLeod,Aizaz Khan,RD Berrington,0,0,0
Scotland,10,CS MacLeod,Aizaz Khan,RD Berrington,0,1,1
Scotland,10,CS MacLeod,Aizaz Khan,RD Berrington,4,0,4
Scotland,10,CS MacLeod,Aizaz Khan,RD Berrington,2,0,2
Scotland,10,CS MacLeod,Aizaz Khan,RD Berrington,0,1,1
Scotland,10,CS MacLeod,Aizaz Khan,RD Berrington,1,0,1
Scotland,11,CS MacLeod,Ehsan Khan,RD Berrington,1,0,1
Scotland,11,RD Berrington,Ehsan Khan,CS MacLeod,0,1,1
Scotland,11,RD Berrington,Ehsan Khan,CS MacLeod,4,0,4
Scotland,11,RD Berrington,Ehsan Khan,CS MacLeod,2,0,2
Scotland,11,RD Berrington,Ehsan Khan,CS MacLeod,0,0,0
Scotland,11,RD Berrington,Ehsan Khan,CS MacLeod,2,0,2
Scotland,11,RD Berrington,Ehsan Khan,CS MacLeod,2,0,2
Scotland,12,CS MacLeod,Nadeem Ahmed,RD Berrington,1,0,1
Scotland,12,RD Berrington,Nadeem Ahmed,CS MacLeod,1,0,1
Scotland,12,CS MacLeod,Nadeem Ahmed,RD Berrington,6,0,6
Scotland,12,CS MacLeod,Nadeem Ahmed,RD Berrington,2,0,2
Scotland,12,CS MacLeod,Nadeem Ahmed,RD Berrington,1,0,1
Scotland,12,RD Berrington,Nadeem Ahmed,CS MacLeod,1,0,1
Scotland,13,RD Berrington,Waqas Barkat,CS MacLeod,1,0,1
Scotland,13,CS MacLeod,Waqas Barkat,RD Berrington,2,0,2
Scotland,13,CS MacLeod,Waqas Barkat,RD Berrington,1,0,1
Scotland,13,RD Berrington,Waqas Barkat,CS MacLeod,0,0,0
Scotland,13,RD Berrington,Waqas Barkat,CS MacLeod,4,0,4
Scotland,13,RD Berrington,Waqas Barkat,CS MacLeod,2,0,2
Scotland,14,CS MacLeod,Tanveer Ahmed,RD Berrington,1,0,1
Scotland,14,RD Berrington,Tanveer Ahmed,CS MacLeod,1,0,1
Scotland,14,CS MacLeod,Tanveer Ahmed,RD Berrington,0,1,1
Scotland,14,CS MacLeod,Tanveer Ahmed,RD Berrington,6,0,6
Scotland,14,CS MacLeod,Tanveer Ahmed,RD Berrington,1,0,1
Scotland,14,RD Berrington,Tanveer Ahmed,CS MacLeod,1,0,1
Scotland,14,CS MacLeod,Tanveer Ahmed,RD Berrington,1,0,1
Scotland,15,CS MacLeod,Nadeem Ahmed,RD Berrington,2,0,2
Scotland,15,CS MacLeod,Nadeem Ahmed,RD Berrington,1,0,1
Scotland,15,RD Berrington,Nadeem Ahmed,CS MacLeod,0,0,0
Scotland,15,RD Berrington,Nadeem Ahmed,CS MacLeod,1,0,1
Scotland,15,CS MacLeod,Nadeem Ahmed,RD Berrington,1,0,1
Scotland,15,RD Berrington,Nadeem Ahmed,CS MacLeod,6,0,6
Scotland,16,CS MacLeod,Tanveer Ahmed,RD Berrington,0,0,0
Scotland,16,CS MacLeod,Tanveer Ahmed,RD Berrington,2,0,2
Scotland,16,CS MacLeod,Tanveer Ahmed,RD Berrington,1,0,1
Scotland,16,RD Berrington,Tanveer Ahmed,CS MacLeod,2,0,2
Scotland,16,RD Berrington,Tanveer Ahmed,CS MacLeod,1,0,1
Scotland,16,CS MacLeod,Tanveer Ahmed,RD Berrington,0,4,4
Scotland,17,RD Berrington,Aizaz Khan,CS MacLeod,2,0,2
Scotland,17,RD Berrington,Aizaz Khan,CS MacLeod,0,0,0
Scotland,17,RD Berrington,Aizaz Khan,CS MacLeod,2,0,2
Scotland,17,RD Berrington,Aizaz Khan,CS MacLeod,2,0,2
Scotland,17,RD Berrington,Aizaz Khan,CS MacLeod,1,0,1
Scotland,17,CS MacLeod,Aizaz Khan,RD Berrington,0,0,0
Scotland,18,RD Berrington,Tanveer Ahmed,CS MacLeod,2,0,2
Scotland,18,RD Berrington,Tanveer Ahmed,CS MacLeod,6,0,6
Scotland,18,RD Berrington,Tanveer Ahmed,CS MacLeod,1,0,1
Scotland,18,CS MacLeod,Tanveer Ahmed,RD Berrington,1,0,1
Scotland,18,RD Berrington,Tanveer Ahmed,CS MacLeod,1,0,1
Scotland,18,CS MacLeod,Tanveer Ahmed,RD Berrington,6,0,6
Scotland,19,RD Berrington,Aizaz Khan,CS MacLeod,2,0,2
Scotland,19,RD Berrington,Aizaz Khan,CS MacLeod,1,0,1
Scotland,19,CS MacLeod,Ehsan Nawaz,RD Berrington,4,0,4
Scotland,19,CS MacLeod,Ehsan Nawaz,RD Berrington,4,0,4
Scotland,19,CS MacLeod,Ehsan Nawaz,RD Berrington,0,0,0
Scotland,19,CD Wallace,Ehsan Nawaz,RD Berrington,0,0,0
Hong Kong,0,Nizakat Khan,MRJ Watt,Aizaz Khan,0,0,0
Hong Kong,0,Nizakat Khan,MRJ Watt,Aizaz Khan,0,2,2
Hong Kong,0,Nizakat Khan,MRJ Watt,Aizaz Khan,0,0,0
Hong Kong,0,Nizakat Khan,MRJ Watt,Aizaz Khan,0,0,0
Hong Kong,0,Nizakat Khan,MRJ Watt,Aizaz Khan,0,0,0
Hong Kong,0,Nizakat Khan,MRJ Watt,Aizaz Khan,1,0,1
Hong Kong,1,Nizakat Khan,BTJ Wheal,Aizaz Khan,0,0,0
Hong Kong,1,Nizakat Khan,BTJ Wheal,Aizaz Khan,6,0,6
Hong Kong,1,Nizakat Khan,BTJ Wheal,Aizaz Khan,0,0,0
Hong Kong,1,Nizakat Khan,BTJ Wheal,Aizaz Khan,0,0,0
Hong Kong,1,Babar Hayat,BTJ Wheal,Nizakat Khan,0,0,0
Hong Kong,1,Babar Hayat,BTJ Wheal,Nizakat Khan,0,0,0
Hong Kong,2,Nizakat Khan,JH Davey,Babar Hayat,0,0,0
Hong Kong,2,Nizakat Khan,JH Davey,Babar Hayat,2,0,2
Hong Kong,2,Nizakat Khan,JH Davey,Babar Hayat,4,0,4
Hong Kong,2,Nizakat Khan,JH Davey,Babar Hayat,1,0,1
Hong Kong,2,Babar Hayat,JH Davey,Nizakat Khan,4,0,4
Hong Kong,2,Babar Hayat,JH Davey,Nizakat Khan,0,1,1
Hong Kong,3,Babar Hayat,BTJ Wheal,Nizakat Khan,4,0,4
Hong Kong,3,Babar Hayat,BTJ Wheal,Nizakat Khan,0,0,0
Hong Kong,3,Babar Hayat,BTJ Wheal,Nizakat Khan,0,0,0
Hong Kong,3,Babar Hayat,BTJ Wheal,Nizakat Khan,1,0,1
Hong Kong,3,Nizakat Khan,BTJ Wheal,Babar Hayat,0,0,0
Hong Kong,3,Nizakat Khan,BTJ Wheal,Babar Hayat,0,0,0
Hong Kong,4,Babar Hayat,SM Sharif,Nizakat Khan,1,0,1
Hong Kong,4,Nizakat Khan,SM Sharif,Babar Hayat,4,0,4
Hong Kong,4,Nizakat Khan,SM Sharif,Babar Hayat,1,0,1
Hong Kong,4,Babar Hayat,SM Sharif,Nizakat Khan,0,0,0
Hong Kong,4,Anshuman Rath,SM Sharif,Nizakat Khan,0,0,0
Hong Kong,4,Anshuman Rath,SM Sharif,Nizakat Khan,1,0,1
Hong Kong,5,Anshuman Rath,JH Davey,Nizakat Khan,3,0,3
Hong Kong,5,Nizakat Khan,JH Davey,Anshuman Rath,0,0,0
Hong Kong,5,Nizakat Khan,JH Davey,Anshuman Rath,1,1,2
Hong Kong,5,Anshuman Rath,JH Davey,Nizakat Khan,0,0,0
Hong Kong,5,Anshuman Rath,JH Davey,Nizakat Khan,1,0,1
Hong Kong,5,Nizakat Khan,JH Davey,Anshuman Rath,2,0,2
Hong Kong,5,Nizakat Khan,JH Davey,Anshuman Rath,0,0,0
Hong Kong,6,Anshuman Rath,MRJ Watt,Waqas Khan,1,0,1
Hong Kong,6,Waqas Khan,MRJ Watt,Anshuman Rath,0,0,0
Hong Kong,6,Waqas Khan,MRJ Watt,Anshuman Rath,0,0,0
Hong Kong,6,Waqas Khan,MRJ Watt,Anshuman Rath,1,0,1
Hong Kong,6,Anshuman Rath,MRJ Watt,Waqas Khan,2,0,2
Hong Kong,6,Anshuman Rath,MRJ Watt,Waqas Khan,1,0,1
Hong Kong,7,Anshuman Rath,CD de Lange,Waqas Khan,1,0,1
Hong Kong,7,Waqas Khan,CD de Lange,Anshuman Rath,0,0,0
Hong Kong,7,Waqas Khan,CD de Lange,Anshuman Rath,0,1,1
Hong Kong,7,Anshuman Rath,CD de Lange,Waqas Khan,0,0,0
Hong Kong,7,Anshuman Rath,CD de Lange,Waqas Khan,0,0,0
Hong Kong,7,Anshuman Rath,CD de Lange,Waqas Khan,0,0,0
Hong Kong,8,Waqas Khan,MRJ Watt,Anshuman Rath,0,0,0
Hong Kong,8,Waqas Khan,MRJ Watt,Anshuman Rath,2,0,2
Hong Kong,8,Waqas Khan,MRJ Watt,Anshuman Rath,0,0,0
Hong Kong,8,Waqas Khan,MRJ Watt,Anshuman Rath,0,0,0
Hong Kong,8,Shahid Wasif,MRJ Watt,Anshuman Rath,0,0,0
Hong Kong,8,Shahid Wasif,MRJ Watt,Anshuman Rath,2,0,2
Hong Kong,9,Anshuman Rath,CD de Lange,Shahid Wasif,1,0,1
Hong Kong,9,Shahid Wasif,CD de Lange,Anshuman Rath,1,0,1
Hong Kong,9,Anshuman Rath,CD de Lange,Shahid Wasif,1,0,1
Hong Kong,9,Shahid Wasif,CD de Lange,Anshuman Rath,1,0,1
Hong Kong,9,Anshuman Rath,CD de Lange,Shahid Wasif,1,0,1
Hong Kong,9,Shahid Wasif,CD de Lange,Anshuman Rath,2,0,2
Hong Kong,10,Anshuman Rath,SM Sharif,Shahid Wasif,1,0,1
Hong Kong,10,Shahid Wasif,SM Sharif,Anshuman Rath,0,1,1
Hong Kong,10,Anshuman Rath,SM Sharif,Shahid Wasif,1,0,1
Hong Kong,10,Shahid Wasif,SM Sharif,Anshuman Rath,1,0,1
Hong Kong,10,Anshuman Rath,SM Sharif,Shahid Wasif,1,0,1
Hong Kong,10,Shahid Wasif,SM Sharif,Anshuman Rath,0,0,0
Hong Kong,11,Anshuman Rath,CS MacLeod,Shahid Wasif,1,0,1
Hong Kong,11,Shahid Wasif,CS MacLeod,Anshuman Rath,4,0,4
Hong Kong,11,Shahid Wasif,CS MacLeod,Anshuman Rath,4,0,4
Hong Kong,11,Shahid Wasif,CS MacLeod,Anshuman Rath,1,0,1
Hong Kong,11,Anshuman Rath,CS MacLeod,Shahid Wasif,1,0,1
Hong Kong,11,Shahid Wasif,CS MacLeod,Anshuman Rath,2,0,2
Hong Kong,12,Anshuman Rath,SM Sharif,Shahid Wasif,4,0,4
Hong Kong,12,Anshuman Rath,SM Sharif,Shahid Wasif,4,0,4
Hong Kong,12,Anshuman Rath,SM Sharif,Shahid Wasif,1,0,1
Hong Kong,12,Shahid Wasif,SM Sharif,Anshuman Rath,2,0,2
Hong Kong,12,Shahid Wasif,SM Sharif,Anshuman Rath,1,0,1
Hong Kong,12,Anshuman Rath,SM Sharif,Shahid Wasif,1,0,1
Hong Kong,13,Anshuman Rath,CD de Lange,Shahid Wasif,1,0,1
Hong Kong,13,Shahid Wasif,CD de Lange,Ehsan Khan,1,0,1
Hong Kong,13,Ehsan Khan,CD de Lange,Shahid Wasif,0,0,0
Hong Kong,13,Ehsan Khan,CD de Lange,Shahid Wasif,1,0,1
Hong Kong,13,Shahid Wasif,CD de Lange,Ehsan Khan,4,0,4
Hong Kong,13,Shahid Wasif,CD de Lange,Ehsan Khan,1,0,1
Hong Kong,14,Shahid Wasif,MRJ Watt,Ehsan Khan,1,0,1
Hong Kong,14,Ehsan Khan,MRJ Watt,Shahid Wasif,1,0,1
Hong Kong,14,Shahid Wasif,MRJ Watt,Ehsan Khan,1,0,1
Hong Kong,14,Ehsan Khan,MRJ Watt,Shahid Wasif,4,0,4
Hong Kong,14,Ehsan Khan,MRJ Watt,Shahid Wasif,1,0,1
Hong Kong,14,Shahid Wasif,MRJ Watt,Ehsan Khan,2,0,2
Hong Kong,15,Ehsan Khan,CD de Lange,Shahid Wasif,3,0,3
Hong Kong,15,Shahid Wasif,CD de Lange,Ehsan Khan,1,0,1
Hong Kong,15,Ehsan Khan,CD de Lange,Shahid Wasif,1,0,1
Hong Kong,15,Shahid Wasif,CD de Lange,Ehsan Khan,1,0,1
Hong Kong,15,Ehsan Khan,CD de Lange,Shahid Wasif,0,0,0
Hong Kong,15,Ehsan Khan,CD de Lange,Shahid Wasif,0,2,2
Hong Kong,16,Shahid Wasif,JH Davey,Ehsan Khan,1,0,1
Hong Kong,16,Ehsan Khan,JH Davey,Shahid Wasif,0,0,0
Hong Kong,16,Ehsan Khan,JH Davey,Shahid Wasif,6,0,6
Hong Kong,16,Ehsan Khan,JH Davey,Shahid Wasif,6,0,6
Hong Kong,16,Ehsan Khan,JH Davey,Shahid Wasif,0,0,0
Hong Kong,16,Ehsan Khan,JH Davey,Shahid Wasif,2,0,2
Hong Kong,17,Shahid Wasif,BTJ Wheal,Ehsan Khan,6,0,6
Hong Kong,17,Shahid Wasif,BTJ Wheal,Ehsan Khan,0,0,0
Hong Kong,17,Waqas Barkat,BTJ Wheal,Ehsan Khan,1,0,1
Hong Kong,17,Ehsan Khan,BTJ Wheal,Waqas Barkat,4,0,4
Hong Kong,17,Ehsan Khan,BTJ Wheal,Waqas Barkat,0,0,0
Hong Kong,17,Ehsan Khan,BTJ Wheal,Waqas Barkat,0,0,0
Hong Kong,18,Waqas Barkat,JH Davey,Ehsan Khan,1,0,1
Hong Kong,18,Ehsan Khan,JH Davey,Waqas Barkat,1,0,1
Hong Kong,18,Waqas Barkat,JH Davey,Ehsan Khan,1,0,1
Hong Kong,18,Ehsan Khan,JH Davey,Waqas Barkat,6,1,7
Hong Kong,18,Ehsan Khan,JH Davey,Waqas Barkat,1,0,1
Hong Kong,18,Waqas Barkat,JH Davey,Ehsan Khan,2,0,2
Hong Kong,18,Waqas Barkat,JH Davey,Ehsan Khan,1,0,1
Hong Kong,19,Waqas Barkat,BTJ Wheal,Ehsan Khan,2,0,2
Hong Kong,19,Waqas Barkat,BTJ Wheal,Ehsan Khan,0,0,0
Hong Kong,19,Waqas Barkat,BTJ Wheal,Ehsan Khan,1,0,1
Hong Kong,19,Ehsan Khan,BTJ Wheal,Waqas Barkat,1,0,1
Hong Kong,19,Waqas Barkat,BTJ Wheal,Ehsan Khan,1,0,1
Hong Kong,19,Ehsan Khan,BTJ Wheal,Waqas Barkat,4,0,4
