Team,Over,Batter,Bowler,Non_Striker,Batter_Runs,Extras,Total_Runs
Scotland,0,HG Munsey,RE van der Merwe,KJ Coetzer,0,0,0
Scotland,0,HG Munsey,RE van der Merwe,KJ Coetzer,4,0,4
Scotland,0,HG Munsey,RE van der Merwe,KJ Coetzer,0,0,0
Scotland,0,HG Munsey,RE van der Merwe,KJ Coetzer,0,0,0
Scotland,0,MH Cross,RE van der Merwe,KJ Coetzer,0,0,0
Scotland,0,MH Cross,RE van der Merwe,KJ Coetzer,0,0,0
Scotland,1,KJ Coetzer,T van der Gugten,MH Cross,0,0,0
Scotland,1,KJ Coetzer,T van der Gugten,MH Cross,0,0,0
Scotland,1,KJ Coetzer,T van der Gugten,MH Cross,4,0,4
Scotland,1,KJ Coetzer,T van der Gugten,MH Cross,0,0,0
Scotland,1,KJ Coetzer,T van der Gugten,MH Cross,0,0,0
Scotland,1,KJ Coetzer,T van der Gugten,MH Cross,0,0,0
Scotland,2,MH Cross,PA van Meekeren,KJ Coetzer,0,0,0
Scotland,2,MH Cross,PA van Meekeren,KJ Coetzer,1,0,1
Scotland,2,KJ Coetzer,PA van Meekeren,MH Cross,0,0,0
Scotland,2,MH Cross,PA van Meekeren,CS MacLeod,0,0,0
Scotland,2,MH Cross,PA van Meekeren,CS MacLeod,0,0,0
Scotland,2,MH Cross,PA van Meekeren,CS MacLeod,1,0,1
Scotland,3,MH Cross,T van der Gugten,CS MacLeod,1,0,1
Scotland,3,CS MacLeod,T van der Gugten,MH Cross,0,0,0
Scotland,3,CS MacLeod,T van der Gugten,MH Cross,1,0,1
Scotland,3,MH Cross,T van der Gugten,CS MacLeod,0,0,0
Scotland,3,MH Cross,T van der Gugten,CS MacLeod,0,0,0
Scotland,3,MH Cross,T van der Gugten,CS MacLeod,1,0,1
Scotland,4,MH Cross,PA van Meekeren,CS MacLeod,0,0,0
Scotland,4,MH Cross,PA van Meekeren,CS MacLeod,0,0,0
Scotland,4,RD Berrington,PA van Meekeren,CS MacLeod,0,0,0
Scotland,4,RD Berrington,PA van Meekeren,CS MacLeod,1,0,1
Scotland,4,CS MacLeod,PA van Meekeren,RD Berrington,0,0,0
Scotland,4,CS MacLeod,PA van Meekeren,RD Berrington,1,0,1
Scotland,5,CS MacLeod,T van der Gugten,RD Berrington,0,0,0
Scotland,5,CS MacLeod,T van der Gugten,RD Berrington,1,0,1
Scotland,5,RD Berrington,T van der Gugten,CS MacLeod,0,0,0
Scotland,5,RD Berrington,T van der Gugten,CS MacLeod,0,0,0
Scotland,5,RD Berrington,T van der Gugten,CS MacLeod,0,0,0
Scotland,5,RD Berrington,T van der Gugten,CS MacLeod,1,0,1
Scotland,6,RD Berrington,MJG Rippon,CS MacLeod,1,0,1
Scotland,6,CS MacLeod,MJG Rippon,RD Berrington,1,0,1
Scotland,6,RD Berrington,MJG Rippon,CS MacLeod,1,0,1
Scotland,6,CS MacLeod,MJG Rippon,RD Berrington,4,0,4
Scotland,6,CS MacLeod,MJG Rippon,RD Berrington,1,0,1
Scotland,6,RD Berrington,MJG Rippon,CS MacLeod,0,0,0
Scotland,7,CS MacLeod,RE van der Merwe,RD Berrington,2,0,2
Scotland,7,CS MacLeod,RE van der Merwe,RD Berrington,0,0,0
Scotland,7,CS MacLeod,RE van der Merwe,RD Berrington,1,0,1
Scotland,7,RD Berrington,RE van der Merwe,CS MacLeod,2,0,2
Scotland,7,RD Berrington,RE van der Merwe,CS MacLeod,4,0,4
Scotland,7,RD Berrington,RE van der Merwe,CS MacLeod,1,0,1
Scotland,8,RD Berrington,Ahsan Malik,CS MacLeod,2,0,2
Scotland,8,RD Berrington,Ahsan Malik,CS MacLeod,1,0,1
Scotland,8,CS MacLeod,Ahsan Malik,RD Berrington,1,0,1
Scotland,8,RD Berrington,Ahsan Malik,CS MacLeod,1,0,1
Scotland,8,CS MacLeod,Ahsan Malik,RD Berrington,1,0,1
Scotland,8,RD Berrington,Ahsan Malik,CS MacLeod,1,0,1
Scotland,9,RD Berrington,PA van Meekeren,CS MacLeod,2,0,2
Scotland,9,RD Berrington,PA van Meekeren,CS MacLeod,0,0,0
Scotland,9,RD Berrington,PA van Meekeren,CS MacLeod,1,0,1
Scotland,9,CS MacLeod,PA van Meekeren,RD Berrington,1,0,1
Scotland,9,RD Berrington,PA van Meekeren,CS MacLeod,4,1,5
Scotland,9,RD Berrington,PA van Meekeren,CS MacLeod,4,0,4
Scotland,9,RD Berrington,PA van Meekeren,CS MacLeod,1,0,1
Scotland,10,RD Berrington,RE van der Merwe,CS MacLeod,0,0,0
Scotland,10,RD Berrington,RE van der Merwe,CS MacLeod,1,0,1
Scotland,10,CS MacLeod,RE van der Merwe,RD Berrington,1,0,1
Scotland,10,RD Berrington,RE van der Merwe,CS MacLeod,4,0,4
Scotland,10,RD Berrington,RE van der Merwe,CS MacLeod,2,0,2
Scotland,10,RD Berrington,RE van der Merwe,CS MacLeod,1,0,1
Scotland,11,RD Berrington,MJG Rippon,CS MacLeod,1,0,1
Scotland,11,CS MacLeod,MJG Rippon,RD Berrington,4,0,4
Scotland,11,CS MacLeod,MJG Rippon,RD Berrington,0,0,0
Scotland,11,CD Wallace,MJG Rippon,RD Berrington,1,0,1
Scotland,11,RD Berrington,MJG Rippon,CD Wallace,1,0,1
Scotland,11,CD Wallace,MJG Rippon,RD Berrington,1,0,1
Scotland,12,CD Wallace,RE van der Merwe,RD Berrington,0,0,0
Scotland,12,CD Wallace,RE van der Merwe,RD Berrington,1,0,1
Scotland,12,RD Berrington,RE van der Merwe,CD Wallace,0,0,0
Scotland,12,CD de Lange,RE van der Merwe,CD Wallace,1,0,1
Scotland,12,CD Wallace,RE van der Merwe,CD de Lange,0,0,0
Scotland,12,CD Wallace,RE van der Merwe,CD de Lange,1,0,1
Scotland,13,CD Wallace,MJG Rippon,CD de Lange,4,0,4
Scotland,13,CD Wallace,MJG Rippon,CD de Lange,0,0,0
Scotland,13,CD Wallace,MJG Rippon,CD de Lange,1,0,1
Scotland,13,CD de Lange,MJG Rippon,CD Wallace,1,0,1
Scotland,13,CD Wallace,MJG Rippon,CD de Lange,0,0,0
Scotland,13,CD Wallace,MJG Rippon,CD de Lange,0,0,0
Scotland,14,CD de Lange,PM Seelaar,CD Wallace,6,0,6
Scotland,14,CD de Lange,PM Seelaar,CD Wallace,0,1,1
Scotland,14,CD Wallace,PM Seelaar,CD de Lange,1,0,1
Scotland,14,CD de Lange,PM Seelaar,CD Wallace,3,0,3
Scotland,14,CD Wallace,PM Seelaar,CD de Lange,1,0,1
Scotland,14,CD de Lange,PM Seelaar,CD Wallace,1,0,1
Scotland,15,CD de Lange,MJG Rippon,CD Wallace,2,0,2
Scotland,15,CD de Lange,MJG Rippon,CD Wallace,6,0,6
Scotland,15,CD de Lange,MJG Rippon,CD Wallace,2,0,2
Scotland,15,CD de Lange,MJG Rippon,CD Wallace,0,0,0
Scotland,15,SM Sharif,MJG Rippon,CD Wallace,1,0,1
Scotland,15,CD Wallace,MJG Rippon,SM Sharif,0,1,1
Scotland,16,CD Wallace,Ahsan Malik,SM Sharif,1,0,1
Scotland,16,SM Sharif,Ahsan Malik,CD Wallace,0,1,1
Scotland,16,SM Sharif,Ahsan Malik,CD Wallace,0,0,0
Scotland,16,SM Sharif,Ahsan Malik,CD Wallace,1,0,1
Scotland,16,CD Wallace,Ahsan Malik,SM Sharif,1,0,1
Scotland,16,SM Sharif,Ahsan Malik,CD Wallace,1,0,1
Scotland,16,CD Wallace,Ahsan Malik,SM Sharif,1,0,1
Scotland,17,CD Wallace,T van der Gugten,SM Sharif,4,0,4
Scotland,17,CD Wallace,T van der Gugten,SM Sharif,2,0,2
Scotland,17,CD Wallace,T van der Gugten,SM Sharif,1,0,1
Scotland,17,SM Sharif,T van der Gugten,CD Wallace,0,0,0
Scotland,17,SM Sharif,T van der Gugten,CD Wallace,1,0,1
Scotland,17,CD Wallace,T van der Gugten,SM Sharif,0,0,0
Scotland,18,JH Davey,PA van Meekeren,SM Sharif,1,0,1
Scotland,18,SM Sharif,PA van Meekeren,JH Davey,6,0,6
Scotland,18,SM Sharif,PA van Meekeren,JH Davey,1,0,1
Scotland,18,JH Davey,PA van Meekeren,SM Sharif,0,1,1
Scotland,18,JH Davey,PA van Meekeren,SM Sharif,2,0,2
Scotland,18,JH Davey,PA van Meekeren,SM Sharif,0,0,0
Scotland,18,JH Davey,PA van Meekeren,SM Sharif,1,0,1
Scotland,19,JH Davey,Ahsan Malik,SM Sharif,0,1,1
Scotland,19,SM Sharif,Ahsan Malik,JH Davey,1,0,1
Scotland,19,JH Davey,Ahsan Malik,SM Sharif,4,0,4
Scotland,19,JH Davey,Ahsan Malik,SM Sharif,1,0,1
Scotland,19,SM Sharif,Ahsan Malik,JH Davey,2,0,2
Scotland,19,SM Sharif,Ahsan Malik,JH Davey,6,0,6
Netherlands,0,BN Cooper,MRJ Watt,MJG Rippon,0,0,0
Netherlands,0,BN Cooper,MRJ Watt,MJG Rippon,0,0,0
Netherlands,0,BN Cooper,MRJ Watt,MJG Rippon,0,1,1
Netherlands,0,BN Cooper,MRJ Watt,MJG Rippon,1,0,1
Netherlands,0,MJG Rippon,MRJ Watt,BN Cooper,0,0,0
Netherlands,0,MJG Rippon,MRJ Watt,BN Cooper,0,0,0
Netherlands,0,MJG Rippon,MRJ Watt,BN Cooper,0,0,0
Netherlands,1,BN Cooper,BTJ Wheal,MJG Rippon,4,0,4
Netherlands,1,BN Cooper,BTJ Wheal,MJG Rippon,1,0,1
Netherlands,1,MJG Rippon,BTJ Wheal,BN Cooper,2,0,2
Netherlands,1,MJG Rippon,BTJ Wheal,BN Cooper,4,0,4
Netherlands,1,MJG Rippon,BTJ Wheal,BN Cooper,0,0,0
Netherlands,1,MJG Rippon,BTJ Wheal,BN Cooper,4,0,4
Netherlands,2,BN Cooper,JH Davey,MJG Rippon,4,0,4
Netherlands,2,BN Cooper,JH Davey,MJG Rippon,6,0,6
Netherlands,2,BN Cooper,JH Davey,MJG Rippon,1,0,1
Netherlands,2,MJG Rippon,JH Davey,BN Cooper,0,0,0
Netherlands,2,MJG Rippon,JH Davey,BN Cooper,4,0,4
Netherlands,2,MJG Rippon,JH Davey,BN Cooper,1,0,1
Netherlands,3,MJG Rippon,SM Sharif,BN Cooper,4,0,4
Netherlands,3,MJG Rippon,SM Sharif,BN Cooper,1,0,1
Netherlands,3,BN Cooper,SM Sharif,MJG Rippon,0,1,1
Netherlands,3,BN Cooper,SM Sharif,MJG Rippon,0,0,0
Netherlands,3,BN Cooper,SM Sharif,MJG Rippon,0,1,1
Netherlands,3,BN Cooper,SM Sharif,MJG Rippon,0,5,5
Netherlands,3,BN Cooper,SM Sharif,MJG Rippon,1,0,1
Netherlands,3,MJG Rippon,SM Sharif,BN Cooper,0,0,0
Netherlands,3,MJG Rippon,SM Sharif,BN Cooper,0,0,0
Netherlands,4,BN Cooper,MRJ Watt,MJG Rippon,0,0,0
Netherlands,4,BN Cooper,MRJ Watt,MJG Rippon,1,0,1
Netherlands,4,MJG Rippon,MRJ Watt,BN Cooper,0,0,0
Netherlands,4,MJG Rippon,MRJ Watt,BN Cooper,1,0,1
Netherlands,4,BN Cooper,MRJ Watt,MJG Rippon,1,0,1
Netherlands,4,MJG Rippon,MRJ Watt,BN Cooper,0,0,0
Netherlands,5,BN Cooper,JH Davey,MJG Rippon,4,0,4
Netherlands,5,BN Cooper,JH Davey,MJG Rippon,0,0,0
Netherlands,5,MJG Rippon,JH Davey,TP Visee,1,0,1
Netherlands,5,TP Visee,JH Davey,MJG Rippon,0,0,0
Netherlands,5,TP Visee,JH Davey,MJG Rippon,0,0,0
Netherlands,5,W Barresi,JH Davey,MJG Rippon,0,0,0
Netherlands,6,MJG Rippon,BTJ Wheal,W Barresi,2,0,2
Netherlands,6,MJG Rippon,BTJ Wheal,W Barresi,0,0,0
Netherlands,6,MJG Rippon,BTJ Wheal,W Barresi,2,0,2
Netherlands,6,MJG Rippon,BTJ Wheal,W Barresi,0,0,0
Netherlands,6,MJG Rippon,BTJ Wheal,W Barresi,0,0,0
Netherlands,6,MJG Rippon,BTJ Wheal,W Barresi,4,0,4
Netherlands,7,W Barresi,CD de Lange,MJG Rippon,0,0,0
Netherlands,7,W Barresi,CD de Lange,MJG Rippon,1,0,1
Netherlands,7,MJG Rippon,CD de Lange,W Barresi,1,0,1
Netherlands,7,W Barresi,CD de Lange,MJG Rippon,0,0,0
Netherlands,7,W Barresi,CD de Lange,MJG Rippon,0,0,0
Netherlands,7,W Barresi,CD de Lange,MJG Rippon,0,0,0
Netherlands,8,MJG Rippon,MRJ Watt,W Barresi,1,0,1
Netherlands,8,W Barresi,MRJ Watt,MJG Rippon,0,0,0
Netherlands,8,W Barresi,MRJ Watt,MJG Rippon,2,0,2
Netherlands,8,W Barresi,MRJ Watt,MJG Rippon,1,0,1
Netherlands,8,MJG Rippon,MRJ Watt,W Barresi,1,0,1
Netherlands,8,W Barresi,MRJ Watt,MJG Rippon,2,0,2
Netherlands,9,MJG Rippon,CD de Lange,W Barresi,1,0,1
Netherlands,9,W Barresi,CD de Lange,MJG Rippon,0,0,0
Netherlands,9,PW Borren,CD de Lange,MJG Rippon,3,0,3
Netherlands,9,MJG Rippon,CD de Lange,PW Borren,2,0,2
Netherlands,9,MJG Rippon,CD de Lange,PW Borren,0,0,0
Netherlands,9,MJG Rippon,CD de Lange,PW Borren,0,0,0
Netherlands,10,PW Borren,SM Sharif,MJG Rippon,1,0,1
Netherlands,10,MJG Rippon,SM Sharif,PW Borren,3,0,3
Netherlands,10,PW Borren,SM Sharif,MJG Rippon,4,0,4
Netherlands,10,PW Borren,SM Sharif,MJG Rippon,1,0,1
Netherlands,10,MJG Rippon,SM Sharif,PW Borren,1,0,1
Netherlands,10,PW Borren,SM Sharif,MJG Rippon,1,0,1
Netherlands,11,PW Borren,CD de Lange,MJG Rippon,4,0,4
Netherlands,11,PW Borren,CD de Lange,MJG Rippon,0,1,1
Netherlands,11,MJG Rippon,CD de Lange,PW Borren,0,0,0
Netherlands,11,MJG Rippon,CD de Lange,PW Borren,0,0,0
Netherlands,11,MJG Rippon,CD de Lange,PW Borren,0,0,0
Netherlands,11,MJG Rippon,CD de Lange,PW Borren,0,0,0
Netherlands,12,PW Borren,SM Sharif,MJG Rippon,1,0,1
Netherlands,12,MJG Rippon,SM Sharif,PW Borren,1,0,1
Netherlands,12,PW Borren,SM Sharif,MJG Rippon,0,0,0
Netherlands,12,PW Borren,SM Sharif,MJG Rippon,0,0,0
Netherlands,12,RE van der Merwe,SM Sharif,MJG Rippon,1,0,1
Netherlands,12,MJG Rippon,SM Sharif,RE van der Merwe,1,0,1
Netherlands,13,MJG Rippon,CD de Lange,RE van der Merwe,0,0,0
Netherlands,13,MP O'Dowd,CD de Lange,RE van der Merwe,1,0,1
Netherlands,13,RE van der Merwe,CD de Lange,MP O'Dowd,1,0,1
Netherlands,13,MP O'Dowd,CD de Lange,RE van der Merwe,1,0,1
Netherlands,13,RE van der Merwe,CD de Lange,MP O'Dowd,0,0,0
Netherlands,13,RE van der Merwe,CD de Lange,MP O'Dowd,2,0,2
Netherlands,14,MP O'Dowd,BTJ Wheal,RE van der Merwe,0,0,0
Netherlands,14,MP O'Dowd,BTJ Wheal,RE van der Merwe,3,0,3
Netherlands,14,RE van der Merwe,BTJ Wheal,MP O'Dowd,0,0,0
Netherlands,14,RE van der Merwe,BTJ Wheal,MP O'Dowd,2,0,2
Netherlands,14,RE van der Merwe,BTJ Wheal,MP O'Dowd,0,0,0
Netherlands,14,PM Seelaar,BTJ Wheal,MP O'Dowd,0,1,1
Netherlands,14,PM Seelaar,BTJ Wheal,MP O'Dowd,0,0,0
Netherlands,15,MP O'Dowd,MRJ Watt,PM Seelaar,2,0,2
Netherlands,15,MP O'Dowd,MRJ Watt,PM Seelaar,0,0,0
Netherlands,15,MP O'Dowd,MRJ Watt,PM Seelaar,0,0,0
Netherlands,15,MP O'Dowd,MRJ Watt,PM Seelaar,1,0,1
Netherlands,15,PM Seelaar,MRJ Watt,MP O'Dowd,1,0,1
Netherlands,15,MP O'Dowd,MRJ Watt,PM Seelaar,2,0,2
Netherlands,16,PM Seelaar,JH Davey,MP O'Dowd,0,1,1
Netherlands,16,MP O'Dowd,JH Davey,PM Seelaar,2,0,2
Netherlands,16,MP O'Dowd,JH Davey,PM Seelaar,0,0,0
Netherlands,16,PM Seelaar,JH Davey,T van der Gugten,4,0,4
Netherlands,16,PM Seelaar,JH Davey,T van der Gugten,1,0,1
Netherlands,16,T van der Gugten,JH Davey,PM Seelaar,0,0,0
Netherlands,17,PM Seelaar,BTJ Wheal,T van der Gugten,1,0,1
Netherlands,17,T van der Gugten,BTJ Wheal,PM Seelaar,0,1,1
Netherlands,17,PM Seelaar,BTJ Wheal,T van der Gugten,4,0,4
Netherlands,17,PM Seelaar,BTJ Wheal,T van der Gugten,0,1,1
Netherlands,17,PM Seelaar,BTJ Wheal,T van der Gugten,0,1,1
Netherlands,17,PM Seelaar,BTJ Wheal,T van der Gugten,1,0,1
Netherlands,17,T van der Gugten,BTJ Wheal,PM Seelaar,2,0,2
Netherlands,17,T van der Gugten,BTJ Wheal,PM Seelaar,0,0,0
Netherlands,18,PM Seelaar,JH Davey,T van der Gugten,0,0,0
Netherlands,18,Ahsan Malik,JH Davey,T van der Gugten,1,0,1
Netherlands,18,T van der Gugten,JH Davey,Ahsan Malik,2,0,2
Netherlands,18,T van der Gugten,JH Davey,Ahsan Malik,1,0,1
Netherlands,18,Ahsan Malik,JH Davey,T van der Gugten,0,0,0
Netherlands,18,Ahsan Malik,JH Davey,T van der Gugten,2,0,2
Netherlands,19,T van der Gugten,SM Sharif,Ahsan Malik,1,0,1
Netherlands,19,T van der Gugten,SM Sharif,PA van Meekeren,1,0,1
