Team,Over,Batter,Bowler,Non_Striker,Batter_Runs,Extras,Total_Runs
Oman,0,Zeeshan Maqsood,Fareed Ahmad,Khawar Ali,1,0,1
Oman,0,Khawar Ali,Fareed Ahmad,Zeeshan Maqsood,0,0,0
Oman,0,Khawar Ali,Fareed Ahmad,Zeeshan Maqsood,0,0,0
Oman,0,Khawar Ali,Fareed Ahmad,Zeeshan Maqsood,0,0,0
Oman,0,Khawar Ali,Fareed Ahmad,Zeeshan Maqsood,0,0,0
Oman,0,Khawar Ali,Fareed Ahmad,Zeeshan Maqsood,0,0,0
Oman,1,Zeeshan Maqsood,Mohammad Nabi,Khawar Ali,1,0,1
Oman,1,Khawar Ali,Mohammad Nabi,Zeeshan Maqsood,1,0,1
Oman,1,Zeeshan Maqsood,Mohammad Nabi,Khawar Ali,0,0,0
Oman,1,Zeeshan Maqsood,Mohammad Nabi,Khawar Ali,0,1,1
Oman,1,Khawar Ali,Mohammad Nabi,Zeeshan Maqsood,4,0,4
Oman,1,Khawar Ali,Mohammad Nabi,Zeeshan Maqsood,0,0,0
Oman,2,Zeeshan Maqsood,Fareed Ahmad,Khawar Ali,0,1,1
Oman,2,Zeeshan Maqsood,Fareed Ahmad,Khawar Ali,0,0,0
Oman,2,Zeeshan Maqsood,Fareed Ahmad,Khawar Ali,0,1,1
Oman,2,Zeeshan Maqsood,Fareed Ahmad,Khawar Ali,1,0,1
Oman,2,Khawar Ali,Fareed Ahmad,Zeeshan Maqsood,0,0,0
Oman,2,Aqib Ilyas,Fareed Ahmad,Zeeshan Maqsood,0,0,0
Oman,2,Aqib Ilyas,Fareed Ahmad,Zeeshan Maqsood,0,0,0
Oman,2,Aqib Ilyas,Fareed Ahmad,Zeeshan Maqsood,4,0,4
Oman,3,Zeeshan Maqsood,Dawlat Zadran,Aqib Ilyas,0,0,0
Oman,3,Zeeshan Maqsood,Dawlat Zadran,Aqib Ilyas,1,0,1
Oman,3,Aqib Ilyas,Dawlat Zadran,Zeeshan Maqsood,6,0,6
Oman,3,Aqib Ilyas,Dawlat Zadran,Zeeshan Maqsood,0,0,0
Oman,3,Aqib Ilyas,Dawlat Zadran,Zeeshan Maqsood,1,0,1
Oman,3,Zeeshan Maqsood,Dawlat Zadran,Aqib Ilyas,1,0,1
Oman,4,Zeeshan Maqsood,Mohammad Nabi,Aqib Ilyas,3,0,3
Oman,4,Aqib Ilyas,Mohammad Nabi,Zeeshan Maqsood,0,0,0
Oman,4,Aqib Ilyas,Mohammad Nabi,Zeeshan Maqsood,0,0,0
Oman,4,Aqib Ilyas,Mohammad Nabi,Zeeshan Maqsood,0,0,0
Oman,4,Aqib Ilyas,Mohammad Nabi,Zeeshan Maqsood,0,0,0
Oman,4,Aqib Ilyas,Mohammad Nabi,Zeeshan Maqsood,1,0,1
Oman,5,Aqib Ilyas,Dawlat Zadran,Zeeshan Maqsood,1,0,1
Oman,5,Zeeshan Maqsood,Dawlat Zadran,Aqib Ilyas,4,0,4
Oman,5,Zeeshan Maqsood,Dawlat Zadran,Aqib Ilyas,6,0,6
Oman,5,Zeeshan Maqsood,Dawlat Zadran,Aqib Ilyas,4,0,4
Oman,5,Zeeshan Maqsood,Dawlat Zadran,Aqib Ilyas,1,0,1
Oman,5,Aqib Ilyas,Dawlat Zadran,Zeeshan Maqsood,1,0,1
Oman,6,Aqib Ilyas,Amir Hamza,Zeeshan Maqsood,1,0,1
Oman,6,Zeeshan Maqsood,Amir Hamza,Aqib Ilyas,1,0,1
Oman,6,Aqib Ilyas,Amir Hamza,Zeeshan Maqsood,0,0,0
Oman,6,Mehran Khan,Amir Hamza,Zeeshan Maqsood,1,0,1
Oman,6,Zeeshan Maqsood,Amir Hamza,Mehran Khan,1,0,1
Oman,6,Mehran Khan,Amir Hamza,Zeeshan Maqsood,0,0,0
Oman,7,Zeeshan Maqsood,Mohammad Nabi,Mehran Khan,0,0,0
Oman,7,Zeeshan Maqsood,Mohammad Nabi,Mehran Khan,1,0,1
Oman,7,Mehran Khan,Mohammad Nabi,Zeeshan Maqsood,6,0,6
Oman,7,Mehran Khan,Mohammad Nabi,Zeeshan Maqsood,0,0,0
Oman,7,Mehran Khan,Mohammad Nabi,Zeeshan Maqsood,1,0,1
Oman,7,Zeeshan Maqsood,Mohammad Nabi,Mehran Khan,0,0,0
Oman,8,Mehran Khan,Amir Hamza,Zeeshan Maqsood,1,0,1
Oman,8,Zeeshan Maqsood,Amir Hamza,Mehran Khan,0,0,0
Oman,8,Zeeshan Maqsood,Amir Hamza,Mehran Khan,1,0,1
Oman,8,Mehran Khan,Amir Hamza,Zeeshan Maqsood,1,0,1
Oman,8,Zeeshan Maqsood,Amir Hamza,Mehran Khan,1,0,1
Oman,8,Mehran Khan,Amir Hamza,Zeeshan Maqsood,0,0,0
Oman,9,Zeeshan Maqsood,Rashid Khan,Mehran Khan,0,0,0
Oman,9,Zeeshan Maqsood,Rashid Khan,Mehran Khan,1,0,1
Oman,9,Mehran Khan,Rashid Khan,Zeeshan Maqsood,0,0,0
Oman,9,Mehran Khan,Rashid Khan,Zeeshan Maqsood,0,0,0
Oman,9,Khurram Nawaz,Rashid Khan,Zeeshan Maqsood,0,0,0
Oman,9,Khurram Nawaz,Rashid Khan,Zeeshan Maqsood,1,0,1
Oman,10,Khurram Nawaz,Amir Hamza,Zeeshan Maqsood,1,0,1
Oman,10,Zeeshan Maqsood,Amir Hamza,Khurram Nawaz,0,0,0
Oman,10,Zeeshan Maqsood,Amir Hamza,Khurram Nawaz,0,0,0
Oman,10,Zeeshan Maqsood,Amir Hamza,Khurram Nawaz,0,0,0
Oman,10,Zeeshan Maqsood,Amir Hamza,Khurram Nawaz,0,0,0
Oman,10,Zeeshan Maqsood,Amir Hamza,Khurram Nawaz,1,0,1
Oman,11,Zeeshan Maqsood,Rashid Khan,Khurram Nawaz,0,1,1
Oman,11,Zeeshan Maqsood,Rashid Khan,Khurram Nawaz,0,0,0
Oman,11,Zeeshan Maqsood,Rashid Khan,Khurram Nawaz,0,1,1
Oman,11,Zeeshan Maqsood,Rashid Khan,Khurram Nawaz,2,0,2
Oman,11,Zeeshan Maqsood,Rashid Khan,Khurram Nawaz,0,1,1
Oman,11,Zeeshan Maqsood,Rashid Khan,Khurram Nawaz,0,0,0
Oman,11,Zeeshan Maqsood,Rashid Khan,Khurram Nawaz,0,0,0
Oman,11,Zeeshan Maqsood,Rashid Khan,Khurram Nawaz,1,0,1
Oman,11,Khurram Nawaz,Rashid Khan,Zeeshan Maqsood,0,0,0
Oman,12,Zeeshan Maqsood,Amir Hamza,Khurram Nawaz,0,0,0
Oman,12,Zeeshan Maqsood,Amir Hamza,Khurram Nawaz,0,0,0
Oman,12,AV Lalcheta,Amir Hamza,Khurram Nawaz,0,0,0
Oman,12,AV Lalcheta,Amir Hamza,Khurram Nawaz,4,0,4
Oman,12,AV Lalcheta,Amir Hamza,Khurram Nawaz,1,0,1
Oman,12,Khurram Nawaz,Amir Hamza,AV Lalcheta,2,0,2
Oman,13,AV Lalcheta,Mohammad Nabi,Khurram Nawaz,1,0,1
Oman,13,Khurram Nawaz,Mohammad Nabi,AV Lalcheta,1,0,1
Oman,13,AV Lalcheta,Mohammad Nabi,Khurram Nawaz,1,0,1
Oman,13,Khurram Nawaz,Mohammad Nabi,AV Lalcheta,1,0,1
Oman,13,AV Lalcheta,Mohammad Nabi,Khurram Nawaz,0,0,0
Oman,13,AV Lalcheta,Mohammad Nabi,Khurram Nawaz,6,0,6
Oman,14,Khurram Nawaz,Samiullah Shenwari,AV Lalcheta,2,0,2
Oman,14,Khurram Nawaz,Samiullah Shenwari,AV Lalcheta,1,0,1
Oman,14,AV Lalcheta,Samiullah Shenwari,Khurram Nawaz,2,0,2
Oman,14,AV Lalcheta,Samiullah Shenwari,Khurram Nawaz,1,0,1
Oman,14,Khurram Nawaz,Samiullah Shenwari,AV Lalcheta,1,0,1
Oman,14,AV Lalcheta,Samiullah Shenwari,Khurram Nawaz,0,0,0
Oman,15,Khurram Nawaz,Rashid Khan,Naseem Khushi,1,0,1
Oman,15,Naseem Khushi,Rashid Khan,Khurram Nawaz,0,1,1
Oman,15,Khurram Nawaz,Rashid Khan,Naseem Khushi,1,0,1
Oman,15,Naseem Khushi,Rashid Khan,Khurram Nawaz,0,0,0
Oman,15,Naseem Khushi,Rashid Khan,Khurram Nawaz,1,0,1
Oman,15,Khurram Nawaz,Rashid Khan,Naseem Khushi,1,0,1
Oman,16,Khurram Nawaz,Fareed Ahmad,Naseem Khushi,1,0,1
Oman,16,Naseem Khushi,Fareed Ahmad,Khurram Nawaz,2,0,2
Oman,16,Naseem Khushi,Fareed Ahmad,Khurram Nawaz,6,0,6
Oman,16,Naseem Khushi,Fareed Ahmad,Khurram Nawaz,4,0,4
Oman,16,Naseem Khushi,Fareed Ahmad,Khurram Nawaz,1,0,1
Oman,16,Khurram Nawaz,Fareed Ahmad,Naseem Khushi,1,0,1
Oman,17,Khurram Nawaz,Dawlat Zadran,Naseem Khushi,1,0,1
Oman,17,Naseem Khushi,Dawlat Zadran,Khurram Nawaz,6,0,6
Oman,17,Naseem Khushi,Dawlat Zadran,Khurram Nawaz,0,0,0
Oman,17,Naseem Khushi,Dawlat Zadran,Khurram Nawaz,1,0,1
Oman,17,Khurram Nawaz,Dawlat Zadran,Naseem Khushi,2,0,2
Oman,17,Khurram Nawaz,Dawlat Zadran,Naseem Khushi,6,0,6
Oman,18,Naseem Khushi,Rashid Khan,Khurram Nawaz,0,0,0
Oman,18,Naseem Khushi,Rashid Khan,Khurram Nawaz,1,0,1
Oman,18,Khurram Nawaz,Rashid Khan,Naseem Khushi,0,0,0
Oman,18,Mohammad Nadeem,Rashid Khan,Naseem Khushi,1,0,1
Oman,18,Naseem Khushi,Rashid Khan,Mohammad Nadeem,0,4,4
Oman,18,Naseem Khushi,Rashid Khan,Mohammad Nadeem,0,0,0
Oman,19,Mohammad Nadeem,Fareed Ahmad,Naseem Khushi,1,0,1
Oman,19,Naseem Khushi,Fareed Ahmad,Mohammad Nadeem,1,0,1
Oman,19,Mohammad Nadeem,Fareed Ahmad,Naseem Khushi,4,0,4
Oman,19,Mohammad Nadeem,Fareed Ahmad,Naseem Khushi,0,0,0
Oman,19,Naseem Khushi,Fareed Ahmad,Sultan Ahmed,6,0,6
Oman,19,Naseem Khushi,Fareed Ahmad,Sultan Ahmed,0,0,0
Afghanistan,0,Mohammad Shahzad,Bilal Khan,Nawroz Mangal,4,0,4
Afghanistan,0,Mohammad Shahzad,Bilal Khan,Nawroz Mangal,0,1,1
Afghanistan,0,Mohammad Shahzad,Bilal Khan,Nawroz Mangal,1,0,1
Afghanistan,0,Nawroz Mangal,Bilal Khan,Mohammad Shahzad,1,0,1
Afghanistan,0,Mohammad Shahzad,Bilal Khan,Nawroz Mangal,0,0,0
Afghanistan,0,Mohammad Shahzad,Bilal Khan,Nawroz Mangal,0,0,0
Afghanistan,0,Mohammad Shahzad,Bilal Khan,Nawroz Mangal,4,0,4
Afghanistan,1,Nawroz Mangal,AV Lalcheta,Mohammad Shahzad,4,0,4
Afghanistan,1,Nawroz Mangal,AV Lalcheta,Mohammad Shahzad,1,0,1
Afghanistan,1,Mohammad Shahzad,AV Lalcheta,Nawroz Mangal,0,0,0
Afghanistan,1,Mohammad Shahzad,AV Lalcheta,Nawroz Mangal,1,0,1
Afghanistan,1,Nawroz Mangal,AV Lalcheta,Mohammad Shahzad,1,0,1
Afghanistan,1,Mohammad Shahzad,AV Lalcheta,Nawroz Mangal,0,0,0
Afghanistan,2,Nawroz Mangal,Kaleemullah,Mohammad Shahzad,1,0,1
Afghanistan,2,Mohammad Shahzad,Kaleemullah,Nawroz Mangal,1,0,1
Afghanistan,2,Nawroz Mangal,Kaleemullah,Mohammad Shahzad,0,0,0
Afghanistan,2,Nawroz Mangal,Kaleemullah,Mohammad Shahzad,0,0,0
Afghanistan,2,Nawroz Mangal,Kaleemullah,Mohammad Shahzad,4,0,4
Afghanistan,2,Nawroz Mangal,Kaleemullah,Mohammad Shahzad,0,0,0
Afghanistan,3,Mohammad Shahzad,Bilal Khan,Nawroz Mangal,1,0,1
Afghanistan,3,Nawroz Mangal,Bilal Khan,Mohammad Shahzad,1,0,1
Afghanistan,3,Mohammad Shahzad,Bilal Khan,Nawroz Mangal,4,0,4
Afghanistan,3,Mohammad Shahzad,Bilal Khan,Nawroz Mangal,1,0,1
Afghanistan,3,Nawroz Mangal,Bilal Khan,Mohammad Shahzad,0,0,0
Afghanistan,3,Nawroz Mangal,Bilal Khan,Mohammad Shahzad,0,0,0
Afghanistan,4,Mohammad Shahzad,Kaleemullah,Nawroz Mangal,4,0,4
Afghanistan,4,Mohammad Shahzad,Kaleemullah,Nawroz Mangal,6,0,6
Afghanistan,4,Mohammad Shahzad,Kaleemullah,Nawroz Mangal,1,0,1
Afghanistan,4,Nawroz Mangal,Kaleemullah,Mohammad Shahzad,0,0,0
Afghanistan,4,Nawroz Mangal,Kaleemullah,Mohammad Shahzad,0,1,1
Afghanistan,4,Mohammad Shahzad,Kaleemullah,Nawroz Mangal,1,0,1
Afghanistan,5,Mohammad Shahzad,Mohammad Nadeem,Nawroz Mangal,4,0,4
Afghanistan,5,Mohammad Shahzad,Mohammad Nadeem,Nawroz Mangal,0,0,0
Afghanistan,5,Mohammad Shahzad,Mohammad Nadeem,Nawroz Mangal,4,0,4
Afghanistan,5,Mohammad Shahzad,Mohammad Nadeem,Nawroz Mangal,2,0,2
Afghanistan,5,Mohammad Shahzad,Mohammad Nadeem,Nawroz Mangal,0,0,0
Afghanistan,5,Mohammad Shahzad,Mohammad Nadeem,Nawroz Mangal,0,0,0
Afghanistan,6,Nawroz Mangal,Zeeshan Maqsood,Mohammad Shahzad,1,0,1
Afghanistan,6,Mohammad Shahzad,Zeeshan Maqsood,Nawroz Mangal,0,0,0
Afghanistan,6,Mohammad Shahzad,Zeeshan Maqsood,Nawroz Mangal,0,0,0
Afghanistan,6,Mohammad Shahzad,Zeeshan Maqsood,Nawroz Mangal,0,0,0
Afghanistan,6,Mohammad Shahzad,Zeeshan Maqsood,Nawroz Mangal,0,0,0
Afghanistan,6,Mohammad Shahzad,Zeeshan Maqsood,Nawroz Mangal,1,0,1
Afghanistan,7,Mohammad Shahzad,Mohammad Nadeem,Nawroz Mangal,4,0,4
Afghanistan,7,Mohammad Shahzad,Mohammad Nadeem,Nawroz Mangal,1,0,1
Afghanistan,7,Nawroz Mangal,Mohammad Nadeem,Mohammad Shahzad,0,0,0
Afghanistan,7,Nawroz Mangal,Mohammad Nadeem,Mohammad Shahzad,0,1,1
Afghanistan,7,Mohammad Shahzad,Mohammad Nadeem,Nawroz Mangal,1,0,1
Afghanistan,7,Nawroz Mangal,Mohammad Nadeem,Mohammad Shahzad,2,0,2
Afghanistan,8,Mohammad Shahzad,Zeeshan Maqsood,Nawroz Mangal,1,0,1
Afghanistan,8,Nawroz Mangal,Zeeshan Maqsood,Mohammad Shahzad,1,0,1
Afghanistan,8,Mohammad Shahzad,Zeeshan Maqsood,Nawroz Mangal,1,0,1
Afghanistan,8,Nawroz Mangal,Zeeshan Maqsood,Mohammad Shahzad,1,0,1
Afghanistan,8,Mohammad Shahzad,Zeeshan Maqsood,Nawroz Mangal,1,0,1
Afghanistan,8,Nawroz Mangal,Zeeshan Maqsood,Mohammad Shahzad,0,0,0
Afghanistan,9,Mohammad Shahzad,Khawar Ali,Nawroz Mangal,1,0,1
Afghanistan,9,Nawroz Mangal,Khawar Ali,Mohammad Shahzad,1,0,1
Afghanistan,9,Mohammad Shahzad,Khawar Ali,Nawroz Mangal,1,0,1
Afghanistan,9,Nawroz Mangal,Khawar Ali,Mohammad Shahzad,6,0,6
Afghanistan,9,Nawroz Mangal,Khawar Ali,Mohammad Shahzad,0,0,0
Afghanistan,9,Nawroz Mangal,Khawar Ali,Mohammad Shahzad,0,0,0
Afghanistan,10,Mohammad Shahzad,Zeeshan Maqsood,Nawroz Mangal,0,0,0
Afghanistan,10,Mohammad Shahzad,Zeeshan Maqsood,Nawroz Mangal,1,0,1
Afghanistan,10,Nawroz Mangal,Zeeshan Maqsood,Mohammad Shahzad,0,0,0
Afghanistan,10,Nawroz Mangal,Zeeshan Maqsood,Mohammad Shahzad,1,0,1
Afghanistan,10,Mohammad Shahzad,Zeeshan Maqsood,Nawroz Mangal,0,0,0
Afghanistan,10,Mohammad Shahzad,Zeeshan Maqsood,Nawroz Mangal,1,0,1
Afghanistan,11,Mohammad Shahzad,Khawar Ali,Nawroz Mangal,0,0,0
Afghanistan,11,Mohammad Shahzad,Khawar Ali,Nawroz Mangal,1,0,1
Afghanistan,11,Nawroz Mangal,Khawar Ali,Mohammad Shahzad,4,0,4
Afghanistan,11,Nawroz Mangal,Khawar Ali,Mohammad Shahzad,4,0,4
Afghanistan,11,Nawroz Mangal,Khawar Ali,Mohammad Shahzad,0,0,0
Afghanistan,11,Mohammad Shahzad,Khawar Ali,Asghar Stanikzai,1,0,1
Afghanistan,12,Mohammad Shahzad,Zeeshan Maqsood,Asghar Stanikzai,1,0,1
Afghanistan,12,Asghar Stanikzai,Zeeshan Maqsood,Mohammad Shahzad,1,0,1
Afghanistan,12,Mohammad Shahzad,Zeeshan Maqsood,Asghar Stanikzai,0,0,0
Afghanistan,12,Mohammad Shahzad,Zeeshan Maqsood,Asghar Stanikzai,1,0,1
Afghanistan,12,Asghar Stanikzai,Zeeshan Maqsood,Mohammad Shahzad,0,0,0
Afghanistan,12,Asghar Stanikzai,Zeeshan Maqsood,Mohammad Shahzad,0,0,0
Afghanistan,13,Mohammad Shahzad,Khawar Ali,Asghar Stanikzai,1,0,1
Afghanistan,13,Asghar Stanikzai,Khawar Ali,Mohammad Shahzad,6,0,6
Afghanistan,13,Asghar Stanikzai,Khawar Ali,Mohammad Shahzad,4,0,4
Afghanistan,13,Asghar Stanikzai,Khawar Ali,Mohammad Shahzad,1,0,1
Afghanistan,13,Mohammad Shahzad,Khawar Ali,Asghar Stanikzai,0,0,0
Afghanistan,13,Mohammad Shahzad,Khawar Ali,Asghar Stanikzai,1,0,1
Afghanistan,14,Mohammad Shahzad,Mehran Khan,Asghar Stanikzai,0,0,0
Afghanistan,14,Mohammad Shahzad,Mehran Khan,Asghar Stanikzai,6,0,6
Afghanistan,14,Mohammad Shahzad,Mehran Khan,Asghar Stanikzai,1,0,1
Afghanistan,14,Asghar Stanikzai,Mehran Khan,Mohammad Shahzad,2,0,2
Afghanistan,14,Asghar Stanikzai,Mehran Khan,Mohammad Shahzad,1,0,1
Afghanistan,14,Mohammad Shahzad,Mehran Khan,Asghar Stanikzai,1,0,1
Afghanistan,15,Mohammad Shahzad,AV Lalcheta,Asghar Stanikzai,6,0,6
Afghanistan,15,Mohammad Shahzad,AV Lalcheta,Asghar Stanikzai,0,0,0
Afghanistan,15,Mohammad Shahzad,AV Lalcheta,Asghar Stanikzai,1,0,1
Afghanistan,15,Asghar Stanikzai,AV Lalcheta,Mohammad Shahzad,1,0,1
Afghanistan,15,Mohammad Shahzad,AV Lalcheta,Asghar Stanikzai,1,0,1
Afghanistan,15,Asghar Stanikzai,AV Lalcheta,Mohammad Shahzad,1,0,1
Afghanistan,16,Asghar Stanikzai,Bilal Khan,Mohammad Shahzad,1,0,1
Afghanistan,16,Mohammad Shahzad,Bilal Khan,Asghar Stanikzai,4,0,4
Afghanistan,16,Mohammad Shahzad,Bilal Khan,Asghar Stanikzai,1,0,1
Afghanistan,16,Asghar Stanikzai,Bilal Khan,Mohammad Shahzad,1,0,1
Afghanistan,16,Mohammad Shahzad,Bilal Khan,Asghar Stanikzai,0,0,0
Afghanistan,16,Asghar Stanikzai,Bilal Khan,Samiullah Shenwari,0,0,0
Afghanistan,17,Samiullah Shenwari,Kaleemullah,Asghar Stanikzai,0,0,0
Afghanistan,17,Samiullah Shenwari,Kaleemullah,Asghar Stanikzai,1,0,1
Afghanistan,17,Asghar Stanikzai,Kaleemullah,Samiullah Shenwari,0,1,1
Afghanistan,17,Samiullah Shenwari,Kaleemullah,Asghar Stanikzai,1,0,1
Afghanistan,17,Asghar Stanikzai,Kaleemullah,Samiullah Shenwari,0,0,0
Afghanistan,17,Asghar Stanikzai,Kaleemullah,Samiullah Shenwari,1,0,1
Afghanistan,18,Asghar Stanikzai,Bilal Khan,Samiullah Shenwari,4,0,4
Afghanistan,18,Asghar Stanikzai,Bilal Khan,Samiullah Shenwari,1,0,1
Afghanistan,18,Samiullah Shenwari,Bilal Khan,Asghar Stanikzai,4,0,4
Afghanistan,18,Samiullah Shenwari,Bilal Khan,Asghar Stanikzai,0,1,1
