Team,Over,Batter,Bowler,Non_Striker,Batter_Runs,Extras,Total_Runs
Bangladesh,0,Imrul Kayes,SL Malinga,Soumya Sarkar,0,0,0
Bangladesh,0,Imrul Kayes,SL Malinga,Soumya Sarkar,0,0,0
Bangladesh,0,Imrul Kayes,SL Malinga,Soumya Sarkar,0,0,0
Bangladesh,0,Imrul Kayes,SL Malinga,Soumya Sarkar,1,0,1
Bangladesh,0,Soumya Sarkar,SL Malinga,Imrul Kayes,4,0,4
Bangladesh,0,Soumya Sarkar,SL Malinga,Imrul Kayes,0,0,0
Bangladesh,1,Imrul Kayes,KMDN Kulasekara,Soumya Sarkar,0,0,0
Bangladesh,1,Imrul Kayes,KMDN Kulasekara,Soumya Sarkar,1,0,1
Bangladesh,1,Soumya Sarkar,KMDN Kulasekara,Imrul Kayes,1,0,1
Bangladesh,1,Imrul Kayes,KMDN Kulasekara,Soumya Sarkar,0,0,0
Bangladesh,1,Imrul Kayes,KMDN Kulasekara,Soumya Sarkar,4,0,4
Bangladesh,1,Imrul Kayes,KMDN Kulasekara,Soumya Sarkar,4,0,4
Bangladesh,2,Soumya Sarkar,EMDY Munaweera,Imrul Kayes,1,0,1
Bangladesh,2,Imrul Kayes,EMDY Munaweera,Soumya Sarkar,0,1,1
Bangladesh,2,Imrul Kayes,EMDY Munaweera,Soumya Sarkar,0,0,0
Bangladesh,2,Imrul Kayes,EMDY Munaweera,Soumya Sarkar,4,0,4
Bangladesh,2,Imrul Kayes,EMDY Munaweera,Soumya Sarkar,1,0,1
Bangladesh,2,Soumya Sarkar,EMDY Munaweera,Imrul Kayes,0,0,0
Bangladesh,2,Soumya Sarkar,EMDY Munaweera,Imrul Kayes,0,1,1
Bangladesh,2,Soumya Sarkar,EMDY Munaweera,Imrul Kayes,0,1,1
Bangladesh,3,Soumya Sarkar,JRMVB Sanjaya,Imrul Kayes,1,0,1
Bangladesh,3,Imrul Kayes,JRMVB Sanjaya,Soumya Sarkar,6,0,6
Bangladesh,3,Imrul Kayes,JRMVB Sanjaya,Soumya Sarkar,1,0,1
Bangladesh,3,Soumya Sarkar,JRMVB Sanjaya,Imrul Kayes,0,0,0
Bangladesh,3,Soumya Sarkar,JRMVB Sanjaya,Imrul Kayes,6,0,6
Bangladesh,3,Soumya Sarkar,JRMVB Sanjaya,Imrul Kayes,4,0,4
Bangladesh,4,Imrul Kayes,EMDY Munaweera,Soumya Sarkar,1,0,1
Bangladesh,4,Soumya Sarkar,EMDY Munaweera,Imrul Kayes,1,0,1
Bangladesh,4,Imrul Kayes,EMDY Munaweera,Soumya Sarkar,0,0,0
Bangladesh,4,Imrul Kayes,EMDY Munaweera,Soumya Sarkar,4,0,4
Bangladesh,4,Imrul Kayes,EMDY Munaweera,Soumya Sarkar,1,0,1
Bangladesh,4,Soumya Sarkar,EMDY Munaweera,Imrul Kayes,0,1,1
Bangladesh,4,Soumya Sarkar,EMDY Munaweera,Imrul Kayes,6,0,6
Bangladesh,5,Imrul Kayes,SL Malinga,Soumya Sarkar,0,0,0
Bangladesh,5,Imrul Kayes,SL Malinga,Soumya Sarkar,0,1,1
Bangladesh,5,Imrul Kayes,SL Malinga,Soumya Sarkar,1,0,1
Bangladesh,5,Soumya Sarkar,SL Malinga,Imrul Kayes,4,0,4
Bangladesh,5,Soumya Sarkar,SL Malinga,Imrul Kayes,4,0,4
Bangladesh,5,Soumya Sarkar,SL Malinga,Imrul Kayes,0,0,0
Bangladesh,5,Soumya Sarkar,SL Malinga,Imrul Kayes,2,0,2
Bangladesh,6,Imrul Kayes,DAS Gunaratne,Soumya Sarkar,2,0,2
Bangladesh,6,Imrul Kayes,DAS Gunaratne,Soumya Sarkar,1,0,1
Bangladesh,6,Soumya Sarkar,DAS Gunaratne,Imrul Kayes,0,0,0
Bangladesh,6,Sabbir Rahman,DAS Gunaratne,Imrul Kayes,1,0,1
Bangladesh,6,Imrul Kayes,DAS Gunaratne,Sabbir Rahman,1,0,1
Bangladesh,6,Sabbir Rahman,DAS Gunaratne,Imrul Kayes,1,0,1
Bangladesh,7,Sabbir Rahman,S Prasanna,Imrul Kayes,1,0,1
Bangladesh,7,Imrul Kayes,S Prasanna,Sabbir Rahman,2,0,2
Bangladesh,7,Imrul Kayes,S Prasanna,Sabbir Rahman,1,0,1
Bangladesh,7,Sabbir Rahman,S Prasanna,Imrul Kayes,0,0,0
Bangladesh,7,Sabbir Rahman,S Prasanna,Imrul Kayes,0,0,0
Bangladesh,7,Shakib Al Hasan,S Prasanna,Sabbir Rahman,1,0,1
Bangladesh,8,Shakib Al Hasan,DAS Gunaratne,Sabbir Rahman,1,0,1
Bangladesh,8,Sabbir Rahman,DAS Gunaratne,Shakib Al Hasan,0,1,1
Bangladesh,8,Shakib Al Hasan,DAS Gunaratne,Sabbir Rahman,0,0,0
Bangladesh,8,Shakib Al Hasan,DAS Gunaratne,Sabbir Rahman,1,0,1
Bangladesh,8,Sabbir Rahman,DAS Gunaratne,Shakib Al Hasan,6,0,6
Bangladesh,8,Sabbir Rahman,DAS Gunaratne,Shakib Al Hasan,1,0,1
Bangladesh,9,Sabbir Rahman,S Prasanna,Shakib Al Hasan,1,0,1
Bangladesh,9,Shakib Al Hasan,S Prasanna,Sabbir Rahman,1,0,1
Bangladesh,9,Sabbir Rahman,S Prasanna,Shakib Al Hasan,1,0,1
Bangladesh,9,Shakib Al Hasan,S Prasanna,Sabbir Rahman,4,0,4
Bangladesh,9,Shakib Al Hasan,S Prasanna,Sabbir Rahman,4,0,4
Bangladesh,9,Shakib Al Hasan,S Prasanna,Sabbir Rahman,1,0,1
Bangladesh,10,Shakib Al Hasan,JRMVB Sanjaya,Sabbir Rahman,0,0,0
Bangladesh,10,Shakib Al Hasan,JRMVB Sanjaya,Sabbir Rahman,1,0,1
Bangladesh,10,Sabbir Rahman,JRMVB Sanjaya,Shakib Al Hasan,0,1,1
Bangladesh,10,Sabbir Rahman,JRMVB Sanjaya,Shakib Al Hasan,0,0,0
Bangladesh,10,Sabbir Rahman,JRMVB Sanjaya,Shakib Al Hasan,1,0,1
Bangladesh,10,Shakib Al Hasan,JRMVB Sanjaya,Sabbir Rahman,1,0,1
Bangladesh,10,Sabbir Rahman,JRMVB Sanjaya,Shakib Al Hasan,2,0,2
Bangladesh,11,Shakib Al Hasan,KMDN Kulasekara,Sabbir Rahman,1,0,1
Bangladesh,11,Sabbir Rahman,KMDN Kulasekara,Shakib Al Hasan,1,0,1
Bangladesh,11,Shakib Al Hasan,KMDN Kulasekara,Sabbir Rahman,4,0,4
Bangladesh,11,Shakib Al Hasan,KMDN Kulasekara,Sabbir Rahman,4,0,4
Bangladesh,11,Shakib Al Hasan,KMDN Kulasekara,Sabbir Rahman,0,0,0
Bangladesh,11,Shakib Al Hasan,KMDN Kulasekara,Sabbir Rahman,1,0,1
Bangladesh,12,Shakib Al Hasan,NLTC Perera,Sabbir Rahman,2,0,2
Bangladesh,12,Shakib Al Hasan,NLTC Perera,Sabbir Rahman,1,0,1
Bangladesh,12,Sabbir Rahman,NLTC Perera,Shakib Al Hasan,2,0,2
Bangladesh,12,Sabbir Rahman,NLTC Perera,Shakib Al Hasan,0,0,0
Bangladesh,12,Sabbir Rahman,NLTC Perera,Shakib Al Hasan,1,0,1
Bangladesh,12,Shakib Al Hasan,NLTC Perera,Sabbir Rahman,0,0,0
Bangladesh,13,Sabbir Rahman,JRMVB Sanjaya,Shakib Al Hasan,0,0,0
Bangladesh,13,Mosaddek Hossain,JRMVB Sanjaya,Shakib Al Hasan,1,0,1
Bangladesh,13,Shakib Al Hasan,JRMVB Sanjaya,Mosaddek Hossain,2,0,2
Bangladesh,13,Shakib Al Hasan,JRMVB Sanjaya,Mosaddek Hossain,2,0,2
Bangladesh,13,Shakib Al Hasan,JRMVB Sanjaya,Mosaddek Hossain,2,0,2
Bangladesh,13,Shakib Al Hasan,JRMVB Sanjaya,Mosaddek Hossain,1,0,1
Bangladesh,14,Shakib Al Hasan,NLTC Perera,Mosaddek Hossain,0,0,0
Bangladesh,14,Shakib Al Hasan,NLTC Perera,Mosaddek Hossain,0,0,0
Bangladesh,14,Shakib Al Hasan,NLTC Perera,Mosaddek Hossain,1,0,1
Bangladesh,14,Mosaddek Hossain,NLTC Perera,Shakib Al Hasan,1,0,1
Bangladesh,14,Shakib Al Hasan,NLTC Perera,Mosaddek Hossain,1,0,1
Bangladesh,14,Mosaddek Hossain,NLTC Perera,Shakib Al Hasan,1,0,1
Bangladesh,15,Mosaddek Hossain,KMDN Kulasekara,Shakib Al Hasan,1,0,1
Bangladesh,15,Shakib Al Hasan,KMDN Kulasekara,Mosaddek Hossain,0,0,0
Bangladesh,15,Shakib Al Hasan,KMDN Kulasekara,Mosaddek Hossain,0,0,0
Bangladesh,15,Shakib Al Hasan,KMDN Kulasekara,Mosaddek Hossain,1,0,1
Bangladesh,15,Mosaddek Hossain,KMDN Kulasekara,Shakib Al Hasan,1,0,1
Bangladesh,15,Shakib Al Hasan,KMDN Kulasekara,Mosaddek Hossain,0,0,0
Bangladesh,16,Mosaddek Hossain,SL Malinga,Mahmudullah,1,0,1
Bangladesh,16,Mahmudullah,SL Malinga,Mosaddek Hossain,1,0,1
Bangladesh,16,Mosaddek Hossain,SL Malinga,Mahmudullah,0,0,0
Bangladesh,16,Mosaddek Hossain,SL Malinga,Mahmudullah,6,0,6
Bangladesh,16,Mosaddek Hossain,SL Malinga,Mahmudullah,4,0,4
Bangladesh,16,Mosaddek Hossain,SL Malinga,Mahmudullah,1,0,1
Bangladesh,17,Mosaddek Hossain,NLTC Perera,Mahmudullah,0,0,0
Bangladesh,17,Mushfiqur Rahim,NLTC Perera,Mahmudullah,1,0,1
Bangladesh,17,Mahmudullah,NLTC Perera,Mushfiqur Rahim,1,0,1
Bangladesh,17,Mushfiqur Rahim,NLTC Perera,Mahmudullah,2,0,2
Bangladesh,17,Mushfiqur Rahim,NLTC Perera,Mahmudullah,4,0,4
Bangladesh,17,Mushfiqur Rahim,NLTC Perera,Mahmudullah,6,0,6
Bangladesh,18,Mahmudullah,SL Malinga,Mushfiqur Rahim,1,0,1
Bangladesh,18,Mushfiqur Rahim,SL Malinga,Mahmudullah,2,0,2
Bangladesh,18,Mushfiqur Rahim,SL Malinga,Mahmudullah,0,0,0
Bangladesh,18,Mashrafe Mortaza,SL Malinga,Mahmudullah,0,0,0
Bangladesh,18,Mehedi Hasan Miraz,SL Malinga,Mahmudullah,0,0,0
Bangladesh,18,Mohammad Saifuddin,SL Malinga,Mahmudullah,1,0,1
Bangladesh,19,Mohammad Saifuddin,KMDN Kulasekara,Mahmudullah,0,0,0
Bangladesh,19,Mohammad Saifuddin,KMDN Kulasekara,Mahmudullah,1,0,1
Bangladesh,19,Mahmudullah,KMDN Kulasekara,Mohammad Saifuddin,0,0,0
Bangladesh,19,Mahmudullah,KMDN Kulasekara,Mohammad Saifuddin,1,0,1
Bangladesh,19,Mohammad Saifuddin,KMDN Kulasekara,Mahmudullah,4,0,4
Bangladesh,19,Mohammad Saifuddin,KMDN Kulasekara,Mahmudullah,0,0,0
Sri Lanka,0,MDKJ Perera,Shakib Al Hasan,EMDY Munaweera,4,0,4
Sri Lanka,0,MDKJ Perera,Shakib Al Hasan,EMDY Munaweera,0,0,0
Sri Lanka,0,WU Tharanga,Shakib Al Hasan,EMDY Munaweera,0,0,0
Sri Lanka,0,WU Tharanga,Shakib Al Hasan,EMDY Munaweera,0,0,0
Sri Lanka,0,WU Tharanga,Shakib Al Hasan,EMDY Munaweera,2,0,2
Sri Lanka,0,WU Tharanga,Shakib Al Hasan,EMDY Munaweera,1,0,1
Sri Lanka,1,WU Tharanga,Mashrafe Mortaza,EMDY Munaweera,2,0,2
Sri Lanka,1,WU Tharanga,Mashrafe Mortaza,EMDY Munaweera,4,0,4
Sri Lanka,1,WU Tharanga,Mashrafe Mortaza,EMDY Munaweera,2,0,2
Sri Lanka,1,WU Tharanga,Mashrafe Mortaza,EMDY Munaweera,0,0,0
Sri Lanka,1,WU Tharanga,Mashrafe Mortaza,EMDY Munaweera,0,0,0
Sri Lanka,1,WU Tharanga,Mashrafe Mortaza,EMDY Munaweera,0,0,0
Sri Lanka,2,EMDY Munaweera,Shakib Al Hasan,WU Tharanga,4,0,4
Sri Lanka,2,EMDY Munaweera,Shakib Al Hasan,WU Tharanga,0,0,0
Sri Lanka,2,EMDY Munaweera,Shakib Al Hasan,WU Tharanga,0,0,0
Sri Lanka,2,WU Tharanga,Shakib Al Hasan,CK Kapugedera,0,1,1
Sri Lanka,2,WU Tharanga,Shakib Al Hasan,CK Kapugedera,0,0,0
Sri Lanka,2,WU Tharanga,Shakib Al Hasan,CK Kapugedera,1,0,1
Sri Lanka,2,CK Kapugedera,Shakib Al Hasan,WU Tharanga,2,0,2
Sri Lanka,3,WU Tharanga,Mehedi Hasan Miraz,CK Kapugedera,4,0,4
Sri Lanka,3,WU Tharanga,Mehedi Hasan Miraz,CK Kapugedera,1,0,1
Sri Lanka,3,CK Kapugedera,Mehedi Hasan Miraz,WU Tharanga,4,0,4
Sri Lanka,3,CK Kapugedera,Mehedi Hasan Miraz,WU Tharanga,1,0,1
Sri Lanka,3,WU Tharanga,Mehedi Hasan Miraz,CK Kapugedera,0,0,0
Sri Lanka,3,WU Tharanga,Mehedi Hasan Miraz,CK Kapugedera,0,1,1
Sri Lanka,4,WU Tharanga,Mahmudullah,CK Kapugedera,0,0,0
Sri Lanka,4,WU Tharanga,Mahmudullah,CK Kapugedera,0,0,0
Sri Lanka,4,WU Tharanga,Mahmudullah,CK Kapugedera,2,0,2
Sri Lanka,4,WU Tharanga,Mahmudullah,CK Kapugedera,4,0,4
Sri Lanka,4,WU Tharanga,Mahmudullah,CK Kapugedera,0,0,0
Sri Lanka,4,CK Kapugedera,Mahmudullah,DAS Gunaratne,0,0,0
Sri Lanka,5,DAS Gunaratne,Mustafizur Rahman,CK Kapugedera,0,0,0
Sri Lanka,5,TAM Siriwardana,Mustafizur Rahman,CK Kapugedera,0,0,0
Sri Lanka,5,NLTC Perera,Mustafizur Rahman,CK Kapugedera,0,0,0
Sri Lanka,5,NLTC Perera,Mustafizur Rahman,CK Kapugedera,0,1,1
Sri Lanka,5,NLTC Perera,Mustafizur Rahman,CK Kapugedera,2,0,2
Sri Lanka,5,NLTC Perera,Mustafizur Rahman,CK Kapugedera,0,0,0
Sri Lanka,5,NLTC Perera,Mustafizur Rahman,CK Kapugedera,4,0,4
Sri Lanka,6,CK Kapugedera,Mashrafe Mortaza,NLTC Perera,0,0,0
Sri Lanka,6,CK Kapugedera,Mashrafe Mortaza,NLTC Perera,1,0,1
Sri Lanka,6,NLTC Perera,Mashrafe Mortaza,CK Kapugedera,0,0,0
Sri Lanka,6,NLTC Perera,Mashrafe Mortaza,CK Kapugedera,1,0,1
Sri Lanka,6,CK Kapugedera,Mashrafe Mortaza,NLTC Perera,1,0,1
Sri Lanka,6,NLTC Perera,Mashrafe Mortaza,CK Kapugedera,4,0,4
Sri Lanka,7,CK Kapugedera,Mehedi Hasan Miraz,NLTC Perera,1,0,1
Sri Lanka,7,NLTC Perera,Mehedi Hasan Miraz,CK Kapugedera,0,0,0
Sri Lanka,7,NLTC Perera,Mehedi Hasan Miraz,CK Kapugedera,1,0,1
Sri Lanka,7,CK Kapugedera,Mehedi Hasan Miraz,NLTC Perera,1,0,1
Sri Lanka,7,NLTC Perera,Mehedi Hasan Miraz,CK Kapugedera,2,0,2
Sri Lanka,7,NLTC Perera,Mehedi Hasan Miraz,CK Kapugedera,0,0,0
Sri Lanka,8,CK Kapugedera,Mahmudullah,NLTC Perera,0,0,0
Sri Lanka,8,CK Kapugedera,Mahmudullah,NLTC Perera,1,0,1
Sri Lanka,8,NLTC Perera,Mahmudullah,CK Kapugedera,1,0,1
Sri Lanka,8,CK Kapugedera,Mahmudullah,NLTC Perera,6,0,6
Sri Lanka,8,CK Kapugedera,Mahmudullah,NLTC Perera,1,0,1
Sri Lanka,8,NLTC Perera,Mahmudullah,CK Kapugedera,0,0,0
Sri Lanka,9,CK Kapugedera,Mohammad Saifuddin,NLTC Perera,0,0,0
Sri Lanka,9,CK Kapugedera,Mohammad Saifuddin,NLTC Perera,0,0,0
Sri Lanka,9,CK Kapugedera,Mohammad Saifuddin,NLTC Perera,1,0,1
Sri Lanka,9,NLTC Perera,Mohammad Saifuddin,CK Kapugedera,1,0,1
Sri Lanka,9,CK Kapugedera,Mohammad Saifuddin,NLTC Perera,1,0,1
Sri Lanka,9,NLTC Perera,Mohammad Saifuddin,CK Kapugedera,1,0,1
Sri Lanka,10,NLTC Perera,Mustafizur Rahman,CK Kapugedera,1,0,1
Sri Lanka,10,CK Kapugedera,Mustafizur Rahman,NLTC Perera,0,0,0
Sri Lanka,10,CK Kapugedera,Mustafizur Rahman,NLTC Perera,4,0,4
Sri Lanka,10,CK Kapugedera,Mustafizur Rahman,NLTC Perera,2,0,2
Sri Lanka,10,CK Kapugedera,Mustafizur Rahman,NLTC Perera,1,0,1
Sri Lanka,10,NLTC Perera,Mustafizur Rahman,CK Kapugedera,1,0,1
Sri Lanka,11,NLTC Perera,Mohammad Saifuddin,CK Kapugedera,1,0,1
Sri Lanka,11,CK Kapugedera,Mohammad Saifuddin,NLTC Perera,4,0,4
Sri Lanka,11,CK Kapugedera,Mohammad Saifuddin,NLTC Perera,2,0,2
Sri Lanka,11,CK Kapugedera,Mohammad Saifuddin,NLTC Perera,1,0,1
Sri Lanka,11,NLTC Perera,Mohammad Saifuddin,CK Kapugedera,4,0,4
Sri Lanka,11,NLTC Perera,Mohammad Saifuddin,CK Kapugedera,1,0,1
Sri Lanka,12,NLTC Perera,Shakib Al Hasan,CK Kapugedera,1,0,1
Sri Lanka,12,CK Kapugedera,Shakib Al Hasan,NLTC Perera,1,0,1
Sri Lanka,12,NLTC Perera,Shakib Al Hasan,CK Kapugedera,1,0,1
Sri Lanka,12,CK Kapugedera,Shakib Al Hasan,NLTC Perera,1,0,1
Sri Lanka,12,NLTC Perera,Shakib Al Hasan,CK Kapugedera,0,0,0
Sri Lanka,12,S Prasanna,Shakib Al Hasan,CK Kapugedera,1,0,1
Sri Lanka,13,S Prasanna,Mashrafe Mortaza,CK Kapugedera,0,0,0
Sri Lanka,13,S Prasanna,Mashrafe Mortaza,CK Kapugedera,2,0,2
Sri Lanka,13,S Prasanna,Mashrafe Mortaza,CK Kapugedera,1,0,1
Sri Lanka,13,CK Kapugedera,Mashrafe Mortaza,S Prasanna,1,0,1
Sri Lanka,13,S Prasanna,Mashrafe Mortaza,CK Kapugedera,1,0,1
Sri Lanka,13,CK Kapugedera,Mashrafe Mortaza,S Prasanna,2,0,2
Sri Lanka,14,S Prasanna,Shakib Al Hasan,CK Kapugedera,1,0,1
Sri Lanka,14,CK Kapugedera,Shakib Al Hasan,S Prasanna,0,0,0
Sri Lanka,14,CK Kapugedera,Shakib Al Hasan,S Prasanna,1,0,1
Sri Lanka,14,S Prasanna,Shakib Al Hasan,CK Kapugedera,1,0,1
Sri Lanka,14,CK Kapugedera,Shakib Al Hasan,S Prasanna,0,1,1
Sri Lanka,14,S Prasanna,Shakib Al Hasan,CK Kapugedera,1,0,1
Sri Lanka,15,S Prasanna,Mashrafe Mortaza,CK Kapugedera,1,0,1
Sri Lanka,15,CK Kapugedera,Mashrafe Mortaza,S Prasanna,4,0,4
Sri Lanka,15,CK Kapugedera,Mashrafe Mortaza,S Prasanna,1,0,1
Sri Lanka,15,S Prasanna,Mashrafe Mortaza,CK Kapugedera,2,0,2
Sri Lanka,15,S Prasanna,Mashrafe Mortaza,CK Kapugedera,0,0,0
Sri Lanka,15,KMDN Kulasekara,Mashrafe Mortaza,CK Kapugedera,0,0,0
Sri Lanka,16,CK Kapugedera,Mustafizur Rahman,KMDN Kulasekara,4,0,4
Sri Lanka,16,CK Kapugedera,Mustafizur Rahman,KMDN Kulasekara,0,0,0
Sri Lanka,16,KMDN Kulasekara,Mustafizur Rahman,SL Malinga,1,0,1
Sri Lanka,16,SL Malinga,Mustafizur Rahman,KMDN Kulasekara,0,0,0
Sri Lanka,16,SL Malinga,Mustafizur Rahman,KMDN Kulasekara,0,0,0
Sri Lanka,16,SL Malinga,Mustafizur Rahman,KMDN Kulasekara,0,0,0
Sri Lanka,17,KMDN Kulasekara,Mohammad Saifuddin,JRMVB Sanjaya,0,0,0
Sri Lanka,17,KMDN Kulasekara,Mohammad Saifuddin,JRMVB Sanjaya,0,0,0
Sri Lanka,17,KMDN Kulasekara,Mohammad Saifuddin,JRMVB Sanjaya,1,0,1
Sri Lanka,17,JRMVB Sanjaya,Mohammad Saifuddin,KMDN Kulasekara,4,0,4
Sri Lanka,17,JRMVB Sanjaya,Mohammad Saifuddin,KMDN Kulasekara,2,0,2
Sri Lanka,17,JRMVB Sanjaya,Mohammad Saifuddin,KMDN Kulasekara,0,0,0
