Team,Over,Batter,Bowler,Non_Striker,Batter_Runs,Extras,Total_Runs
Australia,0,BL Mooney,A Shrubsole,AJ Healy,4,0,4
Australia,0,BL Mooney,A Shrubsole,AJ Healy,0,0,0
Australia,0,BL Mooney,A Shrubsole,AJ Healy,0,0,0
Australia,0,BL Mooney,A Shrubsole,AJ Healy,0,1,1
Australia,0,BL Mooney,A Shrubsole,AJ Healy,0,0,0
Australia,0,BL Mooney,A Shrubsole,AJ Healy,1,0,1
Australia,0,AJ Healy,A Shrubsole,BL Mooney,1,0,1
Australia,1,AJ Healy,S Ecclestone,BL Mooney,0,0,0
Australia,1,AJ Healy,S Ecclestone,BL Mooney,0,0,0
Australia,1,AJ Healy,S Ecclestone,BL Mooney,1,0,1
Australia,1,BL Mooney,S Ecclestone,AJ Healy,0,0,0
Australia,1,BL Mooney,S Ecclestone,AJ Healy,4,0,4
Australia,1,BL Mooney,S Ecclestone,AJ Healy,0,0,0
Australia,2,AJ Healy,D Hazell,BL Mooney,1,0,1
Australia,2,BL Mooney,D Hazell,AJ Healy,4,0,4
Australia,2,BL Mooney,D Hazell,AJ Healy,0,0,0
Australia,2,BL Mooney,D Hazell,AJ Healy,0,0,0
Australia,2,BL Mooney,D Hazell,AJ Healy,1,0,1
Australia,2,AJ Healy,D Hazell,BL Mooney,1,0,1
Australia,3,AJ Healy,S Ecclestone,BL Mooney,0,0,0
Australia,3,AJ Healy,S Ecclestone,BL Mooney,1,0,1
Australia,3,BL Mooney,S Ecclestone,AJ Healy,4,0,4
Australia,3,BL Mooney,S Ecclestone,AJ Healy,4,0,4
Australia,3,BL Mooney,S Ecclestone,AJ Healy,0,0,0
Australia,3,BL Mooney,S Ecclestone,AJ Healy,1,0,1
Australia,4,BL Mooney,D Hazell,AJ Healy,1,0,1
Australia,4,AJ Healy,D Hazell,BL Mooney,4,0,4
Australia,4,AJ Healy,D Hazell,BL Mooney,0,0,0
Australia,4,AJ Healy,D Hazell,BL Mooney,4,0,4
Australia,4,AJ Healy,D Hazell,BL Mooney,1,0,1
Australia,4,BL Mooney,D Hazell,AJ Healy,1,0,1
Australia,5,BL Mooney,KH Brunt,AJ Healy,4,0,4
Australia,5,BL Mooney,KH Brunt,AJ Healy,2,0,2
Australia,5,BL Mooney,KH Brunt,AJ Healy,0,0,0
Australia,5,BL Mooney,KH Brunt,AJ Healy,0,0,0
Australia,5,BL Mooney,KH Brunt,AJ Healy,0,0,0
Australia,5,BL Mooney,KH Brunt,AJ Healy,1,0,1
Australia,6,BL Mooney,JL Gunn,AJ Healy,0,0,0
Australia,6,BL Mooney,JL Gunn,AJ Healy,1,0,1
Australia,6,AJ Healy,JL Gunn,BL Mooney,1,0,1
Australia,6,BL Mooney,JL Gunn,AJ Healy,4,0,4
Australia,6,BL Mooney,JL Gunn,AJ Healy,1,0,1
Australia,6,AJ Healy,JL Gunn,BL Mooney,0,0,0
Australia,7,BL Mooney,KH Brunt,AJ Healy,1,0,1
Australia,7,AJ Healy,KH Brunt,BL Mooney,4,0,4
Australia,7,AJ Healy,KH Brunt,BL Mooney,0,0,0
Australia,7,AJ Healy,KH Brunt,BL Mooney,0,0,0
Australia,7,EJ Villani,KH Brunt,BL Mooney,0,1,1
Australia,7,BL Mooney,KH Brunt,EJ Villani,0,0,0
Australia,8,EJ Villani,A Shrubsole,BL Mooney,0,0,0
Australia,8,EJ Villani,A Shrubsole,BL Mooney,6,0,6
Australia,8,EJ Villani,A Shrubsole,BL Mooney,1,0,1
Australia,8,BL Mooney,A Shrubsole,EJ Villani,0,0,0
Australia,8,BL Mooney,A Shrubsole,EJ Villani,4,0,4
Australia,8,BL Mooney,A Shrubsole,EJ Villani,0,0,0
Australia,9,EJ Villani,KH Brunt,BL Mooney,0,0,0
Australia,9,EJ Villani,KH Brunt,BL Mooney,1,0,1
Australia,9,BL Mooney,KH Brunt,EJ Villani,1,0,1
Australia,9,EJ Villani,KH Brunt,BL Mooney,0,0,0
Australia,9,EJ Villani,KH Brunt,BL Mooney,1,0,1
Australia,9,BL Mooney,KH Brunt,EJ Villani,4,0,4
Australia,10,EJ Villani,HC Knight,BL Mooney,1,0,1
Australia,10,BL Mooney,HC Knight,EJ Villani,0,0,0
Australia,10,BL Mooney,HC Knight,EJ Villani,1,0,1
Australia,10,EJ Villani,HC Knight,BL Mooney,1,0,1
Australia,10,BL Mooney,HC Knight,EJ Villani,1,0,1
Australia,10,EJ Villani,HC Knight,BL Mooney,4,0,4
Australia,11,BL Mooney,S Ecclestone,EJ Villani,4,0,4
Australia,11,BL Mooney,S Ecclestone,EJ Villani,1,0,1
Australia,11,EJ Villani,S Ecclestone,BL Mooney,1,0,1
Australia,11,BL Mooney,S Ecclestone,EJ Villani,1,0,1
Australia,11,EJ Villani,S Ecclestone,BL Mooney,0,0,0
Australia,11,EA Perry,S Ecclestone,BL Mooney,1,0,1
Australia,12,EA Perry,D Hazell,BL Mooney,0,0,0
Australia,12,EA Perry,D Hazell,BL Mooney,1,0,1
Australia,12,BL Mooney,D Hazell,EA Perry,0,0,0
Australia,12,BL Mooney,D Hazell,EA Perry,1,0,1
Australia,12,EA Perry,D Hazell,BL Mooney,0,1,1
Australia,12,EA Perry,D Hazell,BL Mooney,0,0,0
Australia,12,EA Perry,D Hazell,BL Mooney,0,0,0
Australia,13,BL Mooney,HC Knight,EA Perry,0,0,0
Australia,13,BL Mooney,HC Knight,EA Perry,4,0,4
Australia,13,BL Mooney,HC Knight,EA Perry,2,0,2
Australia,13,BL Mooney,HC Knight,EA Perry,4,0,4
Australia,13,BL Mooney,HC Knight,EA Perry,1,0,1
Australia,13,EA Perry,HC Knight,BL Mooney,1,0,1
Australia,14,EA Perry,KH Brunt,BL Mooney,1,0,1
Australia,14,BL Mooney,KH Brunt,EA Perry,2,0,2
Australia,14,BL Mooney,KH Brunt,EA Perry,1,0,1
Australia,14,EA Perry,KH Brunt,BL Mooney,0,0,0
Australia,14,EA Perry,KH Brunt,BL Mooney,0,0,0
Australia,14,EA Perry,KH Brunt,BL Mooney,0,1,1
Australia,14,EA Perry,KH Brunt,BL Mooney,1,0,1
Australia,15,EA Perry,JL Gunn,BL Mooney,1,0,1
Australia,15,BL Mooney,JL Gunn,EA Perry,4,0,4
Australia,15,BL Mooney,JL Gunn,EA Perry,4,0,4
Australia,15,BL Mooney,JL Gunn,EA Perry,1,0,1
Australia,15,EA Perry,JL Gunn,BL Mooney,1,0,1
Australia,15,BL Mooney,JL Gunn,EA Perry,1,0,1
Australia,16,BL Mooney,S Ecclestone,EA Perry,1,0,1
Australia,16,EA Perry,S Ecclestone,BL Mooney,1,0,1
Australia,16,BL Mooney,S Ecclestone,EA Perry,2,0,2
Australia,16,BL Mooney,S Ecclestone,EA Perry,0,0,0
Australia,16,BL Mooney,S Ecclestone,EA Perry,6,0,6
Australia,16,BL Mooney,S Ecclestone,EA Perry,1,0,1
Australia,17,BL Mooney,JL Gunn,EA Perry,4,0,4
Australia,17,BL Mooney,JL Gunn,EA Perry,0,0,0
Australia,17,BL Mooney,JL Gunn,EA Perry,1,0,1
Australia,17,EA Perry,JL Gunn,BL Mooney,4,0,4
Australia,17,EA Perry,JL Gunn,BL Mooney,1,0,1
Australia,17,BL Mooney,JL Gunn,EA Perry,2,0,2
Australia,18,EA Perry,D Hazell,BL Mooney,1,0,1
Australia,18,BL Mooney,D Hazell,EA Perry,1,0,1
Australia,18,EA Perry,D Hazell,BL Mooney,2,0,2
Australia,18,EA Perry,D Hazell,BL Mooney,1,0,1
Australia,18,BL Mooney,D Hazell,EA Perry,1,0,1
Australia,18,EA Perry,D Hazell,BL Mooney,4,0,4
Australia,19,BL Mooney,A Shrubsole,EA Perry,1,0,1
Australia,19,EA Perry,A Shrubsole,BL Mooney,1,0,1
Australia,19,BL Mooney,A Shrubsole,EA Perry,4,0,4
Australia,19,BL Mooney,A Shrubsole,EA Perry,4,0,4
Australia,19,BL Mooney,A Shrubsole,EA Perry,4,0,4
Australia,19,BL Mooney,A Shrubsole,EA Perry,4,0,4
England,0,DN Wyatt,JL Jonassen,TT Beaumont,0,0,0
England,0,DN Wyatt,JL Jonassen,TT Beaumont,1,0,1
England,0,TT Beaumont,JL Jonassen,DN Wyatt,1,0,1
England,0,DN Wyatt,JL Jonassen,TT Beaumont,1,0,1
England,0,TT Beaumont,JL Jonassen,DN Wyatt,0,0,0
England,0,DN Wyatt,JL Jonassen,SJ Taylor,0,0,0
England,1,SJ Taylor,ML Schutt,DN Wyatt,4,0,4
England,1,SJ Taylor,ML Schutt,DN Wyatt,1,0,1
England,1,DN Wyatt,ML Schutt,SJ Taylor,0,0,0
England,1,DN Wyatt,ML Schutt,SJ Taylor,2,0,2
England,1,DN Wyatt,ML Schutt,SJ Taylor,2,0,2
England,1,DN Wyatt,ML Schutt,SJ Taylor,4,0,4
England,2,SJ Taylor,JL Jonassen,DN Wyatt,0,0,0
England,2,NR Sciver,JL Jonassen,DN Wyatt,1,0,1
England,2,DN Wyatt,JL Jonassen,NR Sciver,1,0,1
England,2,NR Sciver,JL Jonassen,DN Wyatt,1,0,1
England,2,DN Wyatt,JL Jonassen,NR Sciver,1,0,1
England,2,NR Sciver,JL Jonassen,DN Wyatt,0,0,0
England,3,DN Wyatt,M Strano,NR Sciver,1,0,1
England,3,NR Sciver,M Strano,DN Wyatt,1,0,1
England,3,DN Wyatt,M Strano,NR Sciver,1,0,1
England,3,NR Sciver,M Strano,DN Wyatt,1,0,1
England,3,DN Wyatt,M Strano,NR Sciver,1,0,1
England,3,NR Sciver,M Strano,DN Wyatt,2,0,2
England,4,DN Wyatt,JL Jonassen,NR Sciver,1,0,1
England,4,NR Sciver,JL Jonassen,DN Wyatt,1,0,1
England,4,DN Wyatt,JL Jonassen,NR Sciver,0,0,0
England,4,DN Wyatt,JL Jonassen,NR Sciver,0,0,0
England,4,DN Wyatt,JL Jonassen,NR Sciver,1,0,1
England,4,NR Sciver,JL Jonassen,DN Wyatt,0,0,0
England,5,HC Knight,M Strano,DN Wyatt,1,0,1
England,5,DN Wyatt,M Strano,HC Knight,1,0,1
England,5,HC Knight,M Strano,DN Wyatt,1,0,1
England,5,DN Wyatt,M Strano,HC Knight,2,0,2
England,5,DN Wyatt,M Strano,HC Knight,0,0,0
England,5,DN Wyatt,M Strano,HC Knight,1,0,1
England,6,DN Wyatt,EA Perry,HC Knight,0,0,0
England,6,DN Wyatt,EA Perry,HC Knight,4,0,4
England,6,DN Wyatt,EA Perry,HC Knight,1,0,1
England,6,HC Knight,EA Perry,DN Wyatt,0,0,0
England,6,HC Knight,EA Perry,DN Wyatt,1,0,1
England,6,DN Wyatt,EA Perry,HC Knight,1,0,1
England,7,DN Wyatt,A Gardner,HC Knight,4,0,4
England,7,DN Wyatt,A Gardner,HC Knight,0,0,0
England,7,DN Wyatt,A Gardner,HC Knight,1,0,1
England,7,HC Knight,A Gardner,DN Wyatt,2,0,2
England,7,HC Knight,A Gardner,DN Wyatt,1,0,1
England,7,DN Wyatt,A Gardner,HC Knight,4,0,4
England,8,HC Knight,A Wellington,DN Wyatt,2,0,2
England,8,HC Knight,A Wellington,DN Wyatt,1,0,1
England,8,DN Wyatt,A Wellington,HC Knight,1,0,1
England,8,HC Knight,A Wellington,DN Wyatt,4,0,4
England,8,HC Knight,A Wellington,DN Wyatt,1,0,1
England,8,DN Wyatt,A Wellington,HC Knight,1,0,1
England,9,DN Wyatt,ML Schutt,HC Knight,1,0,1
England,9,HC Knight,ML Schutt,DN Wyatt,0,0,0
England,9,HC Knight,ML Schutt,DN Wyatt,1,0,1
England,9,DN Wyatt,ML Schutt,HC Knight,1,0,1
England,9,HC Knight,ML Schutt,DN Wyatt,1,0,1
England,9,DN Wyatt,ML Schutt,HC Knight,4,0,4
England,10,HC Knight,A Wellington,DN Wyatt,2,0,2
England,10,HC Knight,A Wellington,DN Wyatt,3,0,3
England,10,DN Wyatt,A Wellington,HC Knight,1,0,1
England,10,HC Knight,A Wellington,DN Wyatt,1,0,1
England,10,DN Wyatt,A Wellington,HC Knight,2,0,2
England,10,DN Wyatt,A Wellington,HC Knight,6,0,6
England,11,HC Knight,A Gardner,DN Wyatt,1,0,1
England,11,DN Wyatt,A Gardner,HC Knight,1,0,1
England,11,HC Knight,A Gardner,DN Wyatt,0,0,0
England,11,HC Knight,A Gardner,DN Wyatt,0,0,0
England,11,HC Knight,A Gardner,DN Wyatt,1,0,1
England,11,DN Wyatt,A Gardner,HC Knight,6,0,6
England,12,HC Knight,DM Kimmince,DN Wyatt,1,0,1
England,12,DN Wyatt,DM Kimmince,HC Knight,4,0,4
England,12,DN Wyatt,DM Kimmince,HC Knight,0,1,1
England,12,HC Knight,DM Kimmince,DN Wyatt,1,0,1
England,12,DN Wyatt,DM Kimmince,HC Knight,1,0,1
England,12,HC Knight,DM Kimmince,DN Wyatt,1,0,1
England,13,HC Knight,M Strano,DN Wyatt,1,0,1
England,13,DN Wyatt,M Strano,HC Knight,4,0,4
England,13,DN Wyatt,M Strano,HC Knight,2,0,2
England,13,DN Wyatt,M Strano,HC Knight,4,0,4
England,13,DN Wyatt,M Strano,HC Knight,1,0,1
England,13,HC Knight,M Strano,DN Wyatt,2,0,2
England,14,DN Wyatt,DM Kimmince,HC Knight,4,0,4
England,14,DN Wyatt,DM Kimmince,HC Knight,4,0,4
England,14,DN Wyatt,DM Kimmince,HC Knight,1,0,1
England,14,HC Knight,DM Kimmince,DN Wyatt,1,0,1
England,14,DN Wyatt,DM Kimmince,HC Knight,1,0,1
England,14,HC Knight,DM Kimmince,DN Wyatt,1,0,1
England,15,HC Knight,ML Schutt,DN Wyatt,4,0,4
England,15,HC Knight,ML Schutt,DN Wyatt,1,0,1
England,15,DN Wyatt,ML Schutt,HC Knight,1,0,1
England,15,HC Knight,ML Schutt,DN Wyatt,0,5,5
England,15,HC Knight,ML Schutt,DN Wyatt,1,0,1
England,15,DN Wyatt,ML Schutt,HC Knight,4,0,4
England,15,DN Wyatt,ML Schutt,HC Knight,4,0,4
England,16,HC Knight,JL Jonassen,DN Wyatt,4,0,4
England,16,HC Knight,JL Jonassen,DN Wyatt,0,0,0
England,16,HC Knight,JL Jonassen,DN Wyatt,6,0,6
England,16,HC Knight,JL Jonassen,DN Wyatt,1,0,1
England,16,DN Wyatt,JL Jonassen,HC Knight,0,0,0
England,16,DN Wyatt,JL Jonassen,HC Knight,4,0,4
England,17,HC Knight,EA Perry,DN Wyatt,2,0,2
England,17,HC Knight,EA Perry,DN Wyatt,0,0,0
England,17,HC Knight,EA Perry,DN Wyatt,0,0,0
England,17,KH Brunt,EA Perry,DN Wyatt,1,0,1
England,17,DN Wyatt,EA Perry,KH Brunt,1,0,1
England,17,KH Brunt,EA Perry,DN Wyatt,0,0,0
England,18,DN Wyatt,DM Kimmince,KH Brunt,0,0,0
England,18,FC Wilson,DM Kimmince,KH Brunt,0,1,1
England,18,FC Wilson,DM Kimmince,KH Brunt,0,0,0
England,18,FC Wilson,DM Kimmince,KH Brunt,1,0,1
England,18,KH Brunt,DM Kimmince,FC Wilson,4,0,4
England,18,KH Brunt,DM Kimmince,FC Wilson,0,0,0
England,18,FC Wilson,DM Kimmince,JL Gunn,4,0,4
