Team,Over,Batter,Bowler,Non_Striker,Batter_Runs,Extras,Total_Runs
West Indies,0,CAK Walton,Dawlat Zadran,E Lewis,0,0,0
West Indies,0,CAK Walton,Dawlat Zadran,E Lewis,4,0,4
West Indies,0,CAK Walton,Dawlat Zadran,E Lewis,0,1,1
West Indies,0,E Lewis,Dawlat Zadran,CAK Walton,0,0,0
West Indies,0,E Lewis,Dawlat Zadran,CAK Walton,1,0,1
West Indies,0,CAK Walton,Dawlat Zadran,E Lewis,0,1,1
West Indies,0,CAK Walton,Dawlat Zadran,E Lewis,4,0,4
West Indies,1,E Lewis,Karim Janat,CAK Walton,1,0,1
West Indies,1,CAK Walton,Karim Janat,E Lewis,0,0,0
West Indies,1,CAK Walton,Karim Janat,E Lewis,2,0,2
West Indies,1,CAK Walton,Karim Janat,E Lewis,4,0,4
West Indies,1,CAK Walton,Karim Janat,E Lewis,1,0,1
West Indies,1,E Lewis,Karim Janat,CAK Walton,0,0,0
West Indies,2,CAK Walton,Dawlat Zadran,E Lewis,0,1,1
West Indies,2,CAK Walton,Dawlat Zadran,E Lewis,0,0,0
West Indies,2,CAK Walton,Dawlat Zadran,E Lewis,4,0,4
West Indies,2,CAK Walton,Dawlat Zadran,E Lewis,0,0,0
West Indies,2,CAK Walton,Dawlat Zadran,E Lewis,1,0,1
West Indies,2,E Lewis,Dawlat Zadran,CAK Walton,4,0,4
West Indies,2,E Lewis,Dawlat Zadran,CAK Walton,1,0,1
West Indies,3,E Lewis,Amir Hamza,CAK Walton,0,0,0
West Indies,3,E Lewis,Amir Hamza,CAK Walton,1,0,1
West Indies,3,CAK Walton,Amir Hamza,E Lewis,1,0,1
West Indies,3,E Lewis,Amir Hamza,CAK Walton,1,0,1
West Indies,3,CAK Walton,Amir Hamza,E Lewis,6,0,6
West Indies,3,CAK Walton,Amir Hamza,E Lewis,1,0,1
West Indies,4,CAK Walton,Mohammad Nabi,E Lewis,1,0,1
West Indies,4,E Lewis,Mohammad Nabi,CAK Walton,0,1,1
West Indies,4,CAK Walton,Mohammad Nabi,E Lewis,0,0,0
West Indies,4,E Lewis,Mohammad Nabi,MN Samuels,6,0,6
West Indies,4,E Lewis,Mohammad Nabi,MN Samuels,1,0,1
West Indies,4,MN Samuels,Mohammad Nabi,E Lewis,2,0,2
West Indies,5,E Lewis,Amir Hamza,MN Samuels,0,0,0
West Indies,5,E Lewis,Amir Hamza,MN Samuels,1,0,1
West Indies,5,MN Samuels,Amir Hamza,E Lewis,0,0,0
West Indies,5,MN Samuels,Amir Hamza,E Lewis,0,0,0
West Indies,5,MN Samuels,Amir Hamza,E Lewis,0,0,0
West Indies,5,MN Samuels,Amir Hamza,E Lewis,0,0,0
West Indies,6,E Lewis,Mohammad Nabi,MN Samuels,1,0,1
West Indies,6,MN Samuels,Mohammad Nabi,E Lewis,6,0,6
West Indies,6,MN Samuels,Mohammad Nabi,E Lewis,1,0,1
West Indies,6,E Lewis,Mohammad Nabi,MN Samuels,0,0,0
West Indies,6,E Lewis,Mohammad Nabi,MN Samuels,2,0,2
West Indies,6,E Lewis,Mohammad Nabi,MN Samuels,1,0,1
West Indies,7,E Lewis,Karim Janat,MN Samuels,1,0,1
West Indies,7,MN Samuels,Karim Janat,E Lewis,0,0,0
West Indies,7,MN Samuels,Karim Janat,E Lewis,1,0,1
West Indies,7,E Lewis,Karim Janat,MN Samuels,0,0,0
West Indies,7,E Lewis,Karim Janat,MN Samuels,0,5,5
West Indies,7,E Lewis,Karim Janat,MN Samuels,0,0,0
West Indies,7,E Lewis,Karim Janat,MN Samuels,0,1,1
West Indies,8,E Lewis,Rashid Khan,MN Samuels,0,0,0
West Indies,8,E Lewis,Rashid Khan,MN Samuels,0,0,0
West Indies,8,E Lewis,Rashid Khan,MN Samuels,2,0,2
West Indies,8,E Lewis,Rashid Khan,MN Samuels,0,0,0
West Indies,8,E Lewis,Rashid Khan,MN Samuels,1,0,1
West Indies,8,MN Samuels,Rashid Khan,E Lewis,0,0,0
West Indies,9,E Lewis,Karim Janat,MN Samuels,0,0,0
West Indies,9,LMP Simmons,Karim Janat,MN Samuels,1,0,1
West Indies,9,MN Samuels,Karim Janat,LMP Simmons,0,0,0
West Indies,9,MN Samuels,Karim Janat,LMP Simmons,1,0,1
West Indies,9,LMP Simmons,Karim Janat,MN Samuels,1,0,1
West Indies,9,MN Samuels,Karim Janat,LMP Simmons,1,0,1
West Indies,10,MN Samuels,Rashid Khan,LMP Simmons,0,0,0
West Indies,10,MN Samuels,Rashid Khan,LMP Simmons,0,0,0
West Indies,10,MN Samuels,Rashid Khan,LMP Simmons,0,0,0
West Indies,10,MN Samuels,Rashid Khan,LMP Simmons,0,0,0
West Indies,10,MN Samuels,Rashid Khan,LMP Simmons,1,0,1
West Indies,10,LMP Simmons,Rashid Khan,MN Samuels,0,0,0
West Indies,11,MN Samuels,Gulbadin Naib,LMP Simmons,0,0,0
West Indies,11,MN Samuels,Gulbadin Naib,LMP Simmons,1,0,1
West Indies,11,LMP Simmons,Gulbadin Naib,MN Samuels,0,0,0
West Indies,11,LMP Simmons,Gulbadin Naib,MN Samuels,0,0,0
West Indies,11,LMP Simmons,Gulbadin Naib,MN Samuels,1,0,1
West Indies,11,MN Samuels,Gulbadin Naib,LMP Simmons,6,0,6
West Indies,12,LMP Simmons,Rashid Khan,MN Samuels,1,0,1
West Indies,12,MN Samuels,Rashid Khan,LMP Simmons,1,0,1
West Indies,12,LMP Simmons,Rashid Khan,MN Samuels,1,0,1
West Indies,12,MN Samuels,Rashid Khan,LMP Simmons,1,0,1
West Indies,12,LMP Simmons,Rashid Khan,MN Samuels,4,0,4
West Indies,12,LMP Simmons,Rashid Khan,MN Samuels,2,0,2
West Indies,13,MN Samuels,Gulbadin Naib,LMP Simmons,0,0,0
West Indies,13,MN Samuels,Gulbadin Naib,LMP Simmons,0,0,0
West Indies,13,MN Samuels,Gulbadin Naib,LMP Simmons,0,0,0
West Indies,13,LMP Simmons,Gulbadin Naib,CR Brathwaite,1,0,1
West Indies,13,CR Brathwaite,Gulbadin Naib,LMP Simmons,1,0,1
West Indies,13,LMP Simmons,Gulbadin Naib,CR Brathwaite,0,0,0
West Indies,14,CR Brathwaite,Dawlat Zadran,LMP Simmons,0,0,0
West Indies,14,CR Brathwaite,Dawlat Zadran,LMP Simmons,6,0,6
West Indies,14,CR Brathwaite,Dawlat Zadran,LMP Simmons,1,0,1
West Indies,14,LMP Simmons,Dawlat Zadran,CR Brathwaite,3,0,3
West Indies,14,CR Brathwaite,Dawlat Zadran,LMP Simmons,0,1,1
West Indies,14,LMP Simmons,Dawlat Zadran,CR Brathwaite,2,0,2
Afghanistan,0,Gulbadin Naib,S Badree,Noor Ali Zadran,0,0,0
Afghanistan,0,Gulbadin Naib,S Badree,Noor Ali Zadran,0,0,0
Afghanistan,0,Gulbadin Naib,S Badree,Noor Ali Zadran,0,0,0
Afghanistan,0,Gulbadin Naib,S Badree,Noor Ali Zadran,0,0,0
Afghanistan,0,Gulbadin Naib,S Badree,Noor Ali Zadran,1,0,1
Afghanistan,0,Noor Ali Zadran,S Badree,Gulbadin Naib,0,0,0
Afghanistan,1,Gulbadin Naib,JE Taylor,Noor Ali Zadran,1,0,1
Afghanistan,1,Noor Ali Zadran,JE Taylor,Gulbadin Naib,1,0,1
Afghanistan,1,Gulbadin Naib,JE Taylor,Noor Ali Zadran,0,0,0
Afghanistan,1,Gulbadin Naib,JE Taylor,Noor Ali Zadran,0,1,1
Afghanistan,1,Gulbadin Naib,JE Taylor,Noor Ali Zadran,2,0,2
Afghanistan,1,Gulbadin Naib,JE Taylor,Noor Ali Zadran,0,0,0
Afghanistan,1,Gulbadin Naib,JE Taylor,Noor Ali Zadran,1,0,1
Afghanistan,2,Gulbadin Naib,S Badree,Noor Ali Zadran,1,0,1
Afghanistan,2,Noor Ali Zadran,S Badree,Gulbadin Naib,0,0,0
Afghanistan,2,Noor Ali Zadran,S Badree,Gulbadin Naib,1,0,1
Afghanistan,2,Gulbadin Naib,S Badree,Noor Ali Zadran,0,0,0
Afghanistan,2,Gulbadin Naib,S Badree,Noor Ali Zadran,6,0,6
Afghanistan,2,Gulbadin Naib,S Badree,Noor Ali Zadran,0,0,0
Afghanistan,3,Noor Ali Zadran,KOK Williams,Asghar Stanikzai,4,0,4
Afghanistan,3,Noor Ali Zadran,KOK Williams,Asghar Stanikzai,0,0,0
Afghanistan,3,Samiullah Shenwari,KOK Williams,Asghar Stanikzai,0,0,0
Afghanistan,3,Mohammad Nabi,KOK Williams,Asghar Stanikzai,0,0,0
Afghanistan,3,Mohammad Nabi,KOK Williams,Asghar Stanikzai,0,0,0
Afghanistan,3,Mohammad Nabi,KOK Williams,Asghar Stanikzai,0,0,0
Afghanistan,4,Asghar Stanikzai,S Badree,Mohammad Nabi,0,0,0
Afghanistan,4,Asghar Stanikzai,S Badree,Mohammad Nabi,1,0,1
Afghanistan,4,Mohammad Nabi,S Badree,Asghar Stanikzai,1,0,1
Afghanistan,4,Asghar Stanikzai,S Badree,Mohammad Nabi,0,0,0
Afghanistan,4,Asghar Stanikzai,S Badree,Mohammad Nabi,0,2,2
Afghanistan,4,Asghar Stanikzai,S Badree,Mohammad Nabi,0,0,0
Afghanistan,5,Mohammad Nabi,KOK Williams,Asghar Stanikzai,1,0,1
Afghanistan,5,Asghar Stanikzai,KOK Williams,Mohammad Nabi,0,0,0
Afghanistan,5,Asghar Stanikzai,KOK Williams,Mohammad Nabi,1,0,1
Afghanistan,5,Mohammad Nabi,KOK Williams,Asghar Stanikzai,0,1,1
Afghanistan,5,Asghar Stanikzai,KOK Williams,Mohammad Nabi,1,0,1
Afghanistan,5,Mohammad Nabi,KOK Williams,Asghar Stanikzai,1,0,1
Afghanistan,6,Mohammad Nabi,SP Narine,Asghar Stanikzai,4,0,4
Afghanistan,6,Mohammad Nabi,SP Narine,Asghar Stanikzai,1,0,1
Afghanistan,6,Asghar Stanikzai,SP Narine,Mohammad Nabi,0,0,0
Afghanistan,6,Asghar Stanikzai,SP Narine,Mohammad Nabi,0,1,1
Afghanistan,6,Mohammad Nabi,SP Narine,Asghar Stanikzai,0,0,0
Afghanistan,6,Mohammad Nabi,SP Narine,Asghar Stanikzai,0,0,0
Afghanistan,7,Asghar Stanikzai,CR Brathwaite,Karim Janat,6,0,6
Afghanistan,7,Asghar Stanikzai,CR Brathwaite,Karim Janat,0,0,0
Afghanistan,7,Shafiqullah,CR Brathwaite,Karim Janat,1,0,1
Afghanistan,7,Karim Janat,CR Brathwaite,Shafiqullah,0,0,0
Afghanistan,7,Karim Janat,CR Brathwaite,Najibullah Zadran,0,0,0
Afghanistan,7,Karim Janat,CR Brathwaite,Najibullah Zadran,0,0,0
Afghanistan,8,Najibullah Zadran,SP Narine,Karim Janat,0,0,0
Afghanistan,8,Najibullah Zadran,SP Narine,Karim Janat,2,0,2
Afghanistan,8,Najibullah Zadran,SP Narine,Karim Janat,2,0,2
Afghanistan,8,Najibullah Zadran,SP Narine,Karim Janat,2,0,2
Afghanistan,8,Najibullah Zadran,SP Narine,Karim Janat,4,0,4
Afghanistan,8,Najibullah Zadran,SP Narine,Karim Janat,1,0,1
Afghanistan,9,Najibullah Zadran,CR Brathwaite,Karim Janat,0,0,0
Afghanistan,9,Najibullah Zadran,CR Brathwaite,Karim Janat,0,0,0
Afghanistan,9,Rashid Khan,CR Brathwaite,Karim Janat,1,0,1
Afghanistan,9,Karim Janat,CR Brathwaite,Rashid Khan,0,0,0
Afghanistan,9,Karim Janat,CR Brathwaite,Rashid Khan,0,0,0
Afghanistan,9,Karim Janat,CR Brathwaite,Rashid Khan,0,0,0
Afghanistan,10,Rashid Khan,SP Narine,Karim Janat,1,0,1
Afghanistan,10,Karim Janat,SP Narine,Rashid Khan,1,0,1
Afghanistan,10,Rashid Khan,SP Narine,Karim Janat,0,0,0
Afghanistan,10,Rashid Khan,SP Narine,Karim Janat,0,0,0
Afghanistan,10,Dawlat Zadran,SP Narine,Karim Janat,6,0,6
Afghanistan,10,Dawlat Zadran,SP Narine,Karim Janat,0,4,4
Afghanistan,11,Karim Janat,CR Brathwaite,Dawlat Zadran,0,0,0
Afghanistan,11,Karim Janat,CR Brathwaite,Dawlat Zadran,6,0,6
Afghanistan,11,Karim Janat,CR Brathwaite,Dawlat Zadran,1,0,1
Afghanistan,11,Dawlat Zadran,CR Brathwaite,Karim Janat,1,0,1
Afghanistan,11,Karim Janat,CR Brathwaite,Dawlat Zadran,4,0,4
Afghanistan,11,Karim Janat,CR Brathwaite,Dawlat Zadran,6,0,6
Afghanistan,12,Dawlat Zadran,JE Taylor,Karim Janat,2,0,2
Afghanistan,12,Dawlat Zadran,JE Taylor,Karim Janat,0,0,0
Afghanistan,12,Amir Hamza,JE Taylor,Karim Janat,4,0,4
Afghanistan,12,Amir Hamza,JE Taylor,Karim Janat,0,0,0
Afghanistan,12,Amir Hamza,JE Taylor,Karim Janat,1,0,1
Afghanistan,12,Karim Janat,JE Taylor,Amir Hamza,0,0,0
Afghanistan,13,Amir Hamza,KOK Williams,Karim Janat,1,0,1
Afghanistan,13,Karim Janat,KOK Williams,Amir Hamza,2,0,2
Afghanistan,13,Karim Janat,KOK Williams,Amir Hamza,0,0,0
