Team,Over,Batter,Bowler,Non_Striker,Batter_Runs,Extras,Total_Runs
Papua New Guinea,0,TP Ura,Mohammad Naveed,L Siaka,0,0,0
Papua New Guinea,0,TP Ura,Mohammad Naveed,L Siaka,1,0,1
Papua New Guinea,0,L Siaka,Mohammad Naveed,TP Ura,0,0,0
Papua New Guinea,0,L Siaka,Mohammad Naveed,TP Ura,0,0,0
Papua New Guinea,0,L Siaka,Mohammad Naveed,TP Ura,0,0,0
Papua New Guinea,0,L Siaka,Mohammad Naveed,TP Ura,0,0,0
Papua New Guinea,1,TP Ura,Amjad Javed,L Siaka,0,0,0
Papua New Guinea,1,TP Ura,Amjad Javed,L Siaka,0,0,0
Papua New Guinea,1,TP Ura,Amjad Javed,L Siaka,1,0,1
Papua New Guinea,1,L Siaka,Amjad Javed,TP Ura,1,0,1
Papua New Guinea,1,TP Ura,Amjad Javed,L Siaka,1,0,1
Papua New Guinea,1,L Siaka,Amjad Javed,TP Ura,1,0,1
Papua New Guinea,2,L Siaka,Mohammad Naveed,TP Ura,1,0,1
Papua New Guinea,2,TP Ura,Mohammad Naveed,L Siaka,0,0,0
Papua New Guinea,2,TP Ura,Mohammad Naveed,L Siaka,2,0,2
Papua New Guinea,2,TP Ura,Mohammad Naveed,L Siaka,0,0,0
Papua New Guinea,2,TP Ura,Mohammad Naveed,L Siaka,4,0,4
Papua New Guinea,2,TP Ura,Mohammad Naveed,L Siaka,1,0,1
Papua New Guinea,3,TP Ura,Amjad Javed,L Siaka,1,0,1
Papua New Guinea,3,L Siaka,Amjad Javed,TP Ura,0,0,0
Papua New Guinea,3,L Siaka,Amjad Javed,TP Ura,4,0,4
Papua New Guinea,3,L Siaka,Amjad Javed,TP Ura,0,0,0
Papua New Guinea,3,L Siaka,Amjad Javed,TP Ura,4,0,4
Papua New Guinea,3,L Siaka,Amjad Javed,TP Ura,0,0,0
Papua New Guinea,4,TP Ura,Ahmed Raza,L Siaka,2,0,2
Papua New Guinea,4,TP Ura,Ahmed Raza,L Siaka,4,0,4
Papua New Guinea,4,TP Ura,Ahmed Raza,L Siaka,1,0,1
Papua New Guinea,4,L Siaka,Ahmed Raza,TP Ura,1,0,1
Papua New Guinea,4,TP Ura,Ahmed Raza,L Siaka,4,0,4
Papua New Guinea,4,TP Ura,Ahmed Raza,L Siaka,3,0,3
Papua New Guinea,5,TP Ura,Amjad Javed,L Siaka,0,1,1
Papua New Guinea,5,TP Ura,Amjad Javed,L Siaka,1,0,1
Papua New Guinea,5,L Siaka,Amjad Javed,TP Ura,0,0,0
Papua New Guinea,5,L Siaka,Amjad Javed,TP Ura,2,0,2
Papua New Guinea,5,L Siaka,Amjad Javed,TP Ura,0,0,0
Papua New Guinea,5,L Siaka,Amjad Javed,TP Ura,4,0,4
Papua New Guinea,5,L Siaka,Amjad Javed,TP Ura,0,1,1
Papua New Guinea,6,L Siaka,Ahmed Raza,TP Ura,0,0,0
Papua New Guinea,6,L Siaka,Ahmed Raza,TP Ura,0,0,0
Papua New Guinea,6,L Siaka,Ahmed Raza,TP Ura,0,0,0
Papua New Guinea,6,L Siaka,Ahmed Raza,TP Ura,0,0,0
Papua New Guinea,6,L Siaka,Ahmed Raza,TP Ura,1,0,1
Papua New Guinea,6,TP Ura,Ahmed Raza,L Siaka,1,0,1
Papua New Guinea,7,TP Ura,Rohan Mustafa,L Siaka,1,0,1
Papua New Guinea,7,L Siaka,Rohan Mustafa,TP Ura,1,0,1
Papua New Guinea,7,TP Ura,Rohan Mustafa,L Siaka,1,0,1
Papua New Guinea,7,L Siaka,Rohan Mustafa,TP Ura,2,0,2
Papua New Guinea,7,L Siaka,Rohan Mustafa,TP Ura,1,0,1
Papua New Guinea,7,TP Ura,Rohan Mustafa,L Siaka,0,0,0
Papua New Guinea,8,L Siaka,Ahmed Raza,A Vala,0,0,0
Papua New Guinea,8,L Siaka,Ahmed Raza,A Vala,1,0,1
Papua New Guinea,8,A Vala,Ahmed Raza,L Siaka,1,0,1
Papua New Guinea,8,L Siaka,Ahmed Raza,A Vala,1,0,1
Papua New Guinea,8,A Vala,Ahmed Raza,L Siaka,0,0,0
Papua New Guinea,8,A Vala,Ahmed Raza,L Siaka,0,0,0
Papua New Guinea,9,L Siaka,Rohan Mustafa,A Vala,4,0,4
Papua New Guinea,9,L Siaka,Rohan Mustafa,A Vala,0,0,0
Papua New Guinea,9,L Siaka,Rohan Mustafa,A Vala,0,0,0
Papua New Guinea,9,L Siaka,Rohan Mustafa,A Vala,1,0,1
Papua New Guinea,9,A Vala,Rohan Mustafa,L Siaka,1,0,1
Papua New Guinea,9,L Siaka,Rohan Mustafa,A Vala,0,0,0
Papua New Guinea,10,A Vala,Ahmed Raza,L Siaka,0,0,0
Papua New Guinea,10,A Vala,Ahmed Raza,L Siaka,1,0,1
Papua New Guinea,10,L Siaka,Ahmed Raza,A Vala,1,0,1
Papua New Guinea,10,A Vala,Ahmed Raza,L Siaka,1,0,1
Papua New Guinea,10,L Siaka,Ahmed Raza,A Vala,0,0,0
Papua New Guinea,10,MD Dai,Ahmed Raza,A Vala,1,0,1
Papua New Guinea,11,MD Dai,Zahoor Khan,A Vala,1,0,1
Papua New Guinea,11,A Vala,Zahoor Khan,MD Dai,2,0,2
Papua New Guinea,11,A Vala,Zahoor Khan,MD Dai,1,0,1
Papua New Guinea,11,MD Dai,Zahoor Khan,A Vala,0,0,0
Papua New Guinea,11,MD Dai,Zahoor Khan,A Vala,1,0,1
Papua New Guinea,11,A Vala,Zahoor Khan,MD Dai,2,0,2
Papua New Guinea,12,MD Dai,Amjad Javed,A Vala,0,1,1
Papua New Guinea,12,A Vala,Amjad Javed,MD Dai,1,0,1
Papua New Guinea,12,MD Dai,Amjad Javed,A Vala,1,0,1
Papua New Guinea,12,A Vala,Amjad Javed,MD Dai,1,0,1
Papua New Guinea,12,MD Dai,Amjad Javed,A Vala,0,0,0
Papua New Guinea,12,MD Dai,Amjad Javed,A Vala,1,0,1
Papua New Guinea,13,MD Dai,Zahoor Khan,A Vala,1,0,1
Papua New Guinea,13,A Vala,Zahoor Khan,MD Dai,1,0,1
Papua New Guinea,13,MD Dai,Zahoor Khan,A Vala,0,0,0
Papua New Guinea,13,MD Dai,Zahoor Khan,A Vala,1,0,1
Papua New Guinea,13,A Vala,Zahoor Khan,MD Dai,1,0,1
Papua New Guinea,13,MD Dai,Zahoor Khan,A Vala,1,0,1
Papua New Guinea,14,MD Dai,Mohammad Naveed,A Vala,4,0,4
Papua New Guinea,14,MD Dai,Mohammad Naveed,A Vala,0,0,0
Papua New Guinea,14,MD Dai,Mohammad Naveed,A Vala,1,0,1
Papua New Guinea,14,A Vala,Mohammad Naveed,MD Dai,0,0,0
Papua New Guinea,14,S Bau,Mohammad Naveed,MD Dai,1,0,1
Papua New Guinea,14,MD Dai,Mohammad Naveed,S Bau,1,0,1
Papua New Guinea,15,MD Dai,Zahoor Khan,S Bau,1,0,1
Papua New Guinea,15,S Bau,Zahoor Khan,MD Dai,2,0,2
Papua New Guinea,15,S Bau,Zahoor Khan,MD Dai,0,1,1
Papua New Guinea,15,S Bau,Zahoor Khan,MD Dai,1,0,1
Papua New Guinea,15,MD Dai,Zahoor Khan,S Bau,0,0,0
Papua New Guinea,15,MD Dai,Zahoor Khan,S Bau,1,0,1
Papua New Guinea,15,S Bau,Zahoor Khan,MD Dai,1,0,1
Papua New Guinea,16,S Bau,Mohammad Naveed,MD Dai,4,0,4
Papua New Guinea,16,S Bau,Mohammad Naveed,MD Dai,1,0,1
Papua New Guinea,16,MD Dai,Mohammad Naveed,S Bau,0,1,1
Papua New Guinea,16,S Bau,Mohammad Naveed,MD Dai,0,1,1
Papua New Guinea,16,MD Dai,Mohammad Naveed,S Bau,2,0,2
Papua New Guinea,16,MD Dai,Mohammad Naveed,S Bau,2,0,2
Papua New Guinea,17,S Bau,Rohan Mustafa,MD Dai,0,0,0
Papua New Guinea,17,S Bau,Rohan Mustafa,MD Dai,1,0,1
Papua New Guinea,17,MD Dai,Rohan Mustafa,S Bau,2,0,2
Papua New Guinea,17,MD Dai,Rohan Mustafa,S Bau,2,0,2
Papua New Guinea,17,MD Dai,Rohan Mustafa,S Bau,0,0,0
Papua New Guinea,17,JNT Vare,Rohan Mustafa,S Bau,1,0,1
Papua New Guinea,18,JNT Vare,Zahoor Khan,S Bau,0,0,0
Papua New Guinea,18,JNT Vare,Zahoor Khan,S Bau,1,0,1
Papua New Guinea,18,S Bau,Zahoor Khan,JNT Vare,0,1,1
Papua New Guinea,18,JNT Vare,Zahoor Khan,S Bau,0,0,0
Papua New Guinea,18,N Vanua,Zahoor Khan,S Bau,1,0,1
Papua New Guinea,18,S Bau,Zahoor Khan,N Vanua,1,0,1
Papua New Guinea,19,S Bau,Rohan Mustafa,N Vanua,1,0,1
Papua New Guinea,19,N Vanua,Rohan Mustafa,S Bau,1,0,1
Papua New Guinea,19,S Bau,Rohan Mustafa,N Vanua,2,0,2
Papua New Guinea,19,S Bau,Rohan Mustafa,N Vanua,1,0,1
Papua New Guinea,19,N Vanua,Rohan Mustafa,S Bau,3,0,3
Papua New Guinea,19,S Bau,Rohan Mustafa,N Vanua,1,0,1
United Arab Emirates,0,Rohan Mustafa,N Vanua,L Sreekumar,0,1,1
United Arab Emirates,0,Rohan Mustafa,N Vanua,L Sreekumar,1,0,1
United Arab Emirates,0,L Sreekumar,N Vanua,Rohan Mustafa,0,0,0
United Arab Emirates,0,Shaiman Anwar,N Vanua,Rohan Mustafa,0,0,0
United Arab Emirates,0,Shaiman Anwar,N Vanua,Rohan Mustafa,1,1,2
United Arab Emirates,0,Rohan Mustafa,N Vanua,Shaiman Anwar,0,0,0
United Arab Emirates,0,Rohan Mustafa,N Vanua,Shaiman Anwar,2,0,2
United Arab Emirates,0,Rohan Mustafa,N Vanua,Shaiman Anwar,0,0,0
United Arab Emirates,1,Shaiman Anwar,CA Soper,Muhammad Usman,0,0,0
United Arab Emirates,1,Rameez Shahzad,CA Soper,Muhammad Usman,1,0,1
United Arab Emirates,1,Muhammad Usman,CA Soper,Rameez Shahzad,0,0,0
United Arab Emirates,1,Muhammad Usman,CA Soper,Rameez Shahzad,1,0,1
United Arab Emirates,1,Rameez Shahzad,CA Soper,Muhammad Usman,1,0,1
United Arab Emirates,1,Muhammad Usman,CA Soper,Rameez Shahzad,1,0,1
United Arab Emirates,2,Muhammad Usman,N Vanua,Rameez Shahzad,4,0,4
United Arab Emirates,2,Muhammad Usman,N Vanua,Rameez Shahzad,1,0,1
United Arab Emirates,2,Rameez Shahzad,N Vanua,Muhammad Usman,2,0,2
United Arab Emirates,2,Rameez Shahzad,N Vanua,Muhammad Usman,1,0,1
United Arab Emirates,2,Muhammad Usman,N Vanua,Rameez Shahzad,0,1,1
United Arab Emirates,2,Muhammad Usman,N Vanua,Rameez Shahzad,0,0,0
United Arab Emirates,2,Muhammad Usman,N Vanua,Rameez Shahzad,2,0,2
United Arab Emirates,3,Rameez Shahzad,CA Soper,Muhammad Usman,1,0,1
United Arab Emirates,3,Muhammad Usman,CA Soper,Rameez Shahzad,1,0,1
United Arab Emirates,3,Rameez Shahzad,CA Soper,Muhammad Usman,4,0,4
United Arab Emirates,3,Rameez Shahzad,CA Soper,Muhammad Usman,0,0,0
United Arab Emirates,3,Rameez Shahzad,CA Soper,Muhammad Usman,0,0,0
United Arab Emirates,3,Rameez Shahzad,CA Soper,Muhammad Usman,0,0,0
United Arab Emirates,4,Muhammad Usman,WT Gavera,Rameez Shahzad,2,0,2
United Arab Emirates,4,Muhammad Usman,WT Gavera,Rameez Shahzad,4,0,4
United Arab Emirates,4,Muhammad Usman,WT Gavera,Rameez Shahzad,1,0,1
United Arab Emirates,4,Rameez Shahzad,WT Gavera,Muhammad Usman,0,0,0
United Arab Emirates,4,Rameez Shahzad,WT Gavera,Muhammad Usman,1,0,1
United Arab Emirates,4,Muhammad Usman,WT Gavera,Rameez Shahzad,0,0,0
United Arab Emirates,5,Rameez Shahzad,CA Soper,Muhammad Usman,1,0,1
United Arab Emirates,5,Muhammad Usman,CA Soper,Rameez Shahzad,4,0,4
United Arab Emirates,5,Muhammad Usman,CA Soper,Rameez Shahzad,1,0,1
United Arab Emirates,5,Rameez Shahzad,CA Soper,Muhammad Usman,2,0,2
United Arab Emirates,5,Rameez Shahzad,CA Soper,Muhammad Usman,0,0,0
United Arab Emirates,5,Rameez Shahzad,CA Soper,Muhammad Usman,2,0,2
United Arab Emirates,6,Muhammad Usman,WT Gavera,Rameez Shahzad,0,0,0
United Arab Emirates,6,Muhammad Usman,WT Gavera,Rameez Shahzad,1,0,1
United Arab Emirates,6,Rameez Shahzad,WT Gavera,Muhammad Usman,1,0,1
United Arab Emirates,6,Muhammad Usman,WT Gavera,Rameez Shahzad,1,0,1
United Arab Emirates,6,Rameez Shahzad,WT Gavera,Muhammad Usman,1,0,1
United Arab Emirates,6,Muhammad Usman,WT Gavera,Rameez Shahzad,1,0,1
United Arab Emirates,7,Muhammad Usman,JB Reva,Rameez Shahzad,4,0,4
United Arab Emirates,7,Muhammad Usman,JB Reva,Rameez Shahzad,0,0,0
United Arab Emirates,7,Muhammad Usman,JB Reva,Rameez Shahzad,1,0,1
United Arab Emirates,7,Rameez Shahzad,JB Reva,Muhammad Usman,4,0,4
United Arab Emirates,7,Rameez Shahzad,JB Reva,Muhammad Usman,0,0,0
United Arab Emirates,7,Rameez Shahzad,JB Reva,Muhammad Usman,1,0,1
United Arab Emirates,8,Rameez Shahzad,MD Dai,Muhammad Usman,0,0,0
United Arab Emirates,8,Rameez Shahzad,MD Dai,Muhammad Usman,1,0,1
United Arab Emirates,8,Muhammad Usman,MD Dai,Rameez Shahzad,0,0,0
United Arab Emirates,8,Muhammad Usman,MD Dai,Rameez Shahzad,1,0,1
United Arab Emirates,8,Rameez Shahzad,MD Dai,Muhammad Usman,1,0,1
United Arab Emirates,8,Muhammad Usman,MD Dai,Rameez Shahzad,1,0,1
United Arab Emirates,9,Muhammad Usman,JB Reva,Rameez Shahzad,0,0,0
United Arab Emirates,9,Muhammad Usman,JB Reva,Rameez Shahzad,1,0,1
United Arab Emirates,9,Rameez Shahzad,JB Reva,Muhammad Usman,1,0,1
United Arab Emirates,9,Muhammad Usman,JB Reva,Rameez Shahzad,4,0,4
United Arab Emirates,9,Muhammad Usman,JB Reva,Rameez Shahzad,4,0,4
United Arab Emirates,9,Muhammad Usman,JB Reva,Rameez Shahzad,1,0,1
United Arab Emirates,10,Muhammad Usman,MD Dai,Rameez Shahzad,1,0,1
United Arab Emirates,10,Rameez Shahzad,MD Dai,Muhammad Usman,1,0,1
United Arab Emirates,10,Muhammad Usman,MD Dai,Rameez Shahzad,0,0,0
United Arab Emirates,10,Muhammad Usman,MD Dai,Rameez Shahzad,1,0,1
United Arab Emirates,10,Rameez Shahzad,MD Dai,Muhammad Usman,0,0,0
United Arab Emirates,10,Rameez Shahzad,MD Dai,Muhammad Usman,2,0,2
United Arab Emirates,11,Muhammad Usman,S Bau,Rameez Shahzad,1,0,1
United Arab Emirates,11,Rameez Shahzad,S Bau,Muhammad Usman,2,0,2
United Arab Emirates,11,Rameez Shahzad,S Bau,Muhammad Usman,1,0,1
United Arab Emirates,11,Muhammad Usman,S Bau,Rameez Shahzad,1,0,1
United Arab Emirates,11,Rameez Shahzad,S Bau,Muhammad Usman,1,0,1
United Arab Emirates,11,Muhammad Usman,S Bau,Rameez Shahzad,1,0,1
United Arab Emirates,12,Muhammad Usman,MD Dai,Rameez Shahzad,0,0,0
United Arab Emirates,12,Muhammad Usman,MD Dai,Rameez Shahzad,0,0,0
United Arab Emirates,12,Muhammad Usman,MD Dai,Rameez Shahzad,0,0,0
United Arab Emirates,12,Muhammad Usman,MD Dai,Rameez Shahzad,0,0,0
United Arab Emirates,12,Muhammad Usman,MD Dai,Rameez Shahzad,1,0,1
United Arab Emirates,12,Rameez Shahzad,MD Dai,Muhammad Usman,1,0,1
United Arab Emirates,13,Rameez Shahzad,A Vala,Muhammad Usman,0,0,0
United Arab Emirates,13,Rameez Shahzad,A Vala,Muhammad Usman,0,1,1
United Arab Emirates,13,Rameez Shahzad,A Vala,Muhammad Usman,1,0,1
United Arab Emirates,13,Muhammad Usman,A Vala,Rameez Shahzad,4,0,4
United Arab Emirates,13,Muhammad Usman,A Vala,Rameez Shahzad,1,0,1
United Arab Emirates,13,Rameez Shahzad,A Vala,Muhammad Usman,1,0,1
United Arab Emirates,13,Muhammad Usman,A Vala,Rameez Shahzad,0,0,0
United Arab Emirates,14,Rameez Shahzad,MD Dai,Muhammad Usman,1,0,1
United Arab Emirates,14,Muhammad Usman,MD Dai,Rameez Shahzad,0,0,0
United Arab Emirates,14,Muhammad Usman,MD Dai,Rameez Shahzad,2,0,2
United Arab Emirates,14,Muhammad Usman,MD Dai,Rameez Shahzad,1,0,1
United Arab Emirates,14,Rameez Shahzad,MD Dai,Muhammad Usman,0,0,0
United Arab Emirates,14,Rameez Shahzad,MD Dai,Muhammad Usman,1,0,1
United Arab Emirates,15,Rameez Shahzad,A Vala,Muhammad Usman,1,0,1
United Arab Emirates,15,Muhammad Usman,A Vala,Rameez Shahzad,1,0,1
United Arab Emirates,15,Rameez Shahzad,A Vala,Muhammad Usman,1,0,1
United Arab Emirates,15,Muhammad Usman,A Vala,Rameez Shahzad,1,0,1
United Arab Emirates,15,Rameez Shahzad,A Vala,Muhammad Usman,0,0,0
United Arab Emirates,15,Rameez Shahzad,A Vala,Muhammad Usman,0,0,0
United Arab Emirates,16,Muhammad Usman,N Vanua,Rameez Shahzad,0,0,0
United Arab Emirates,16,Adnan Mufti,N Vanua,Rameez Shahzad,1,0,1
United Arab Emirates,16,Rameez Shahzad,N Vanua,Adnan Mufti,0,0,0
United Arab Emirates,16,Rameez Shahzad,N Vanua,Adnan Mufti,2,0,2
United Arab Emirates,16,Rameez Shahzad,N Vanua,Adnan Mufti,2,0,2
United Arab Emirates,16,Rameez Shahzad,N Vanua,Adnan Mufti,2,0,2
United Arab Emirates,17,Adnan Mufti,A Vala,Rameez Shahzad,0,0,0
United Arab Emirates,17,Adnan Mufti,A Vala,Rameez Shahzad,1,0,1
United Arab Emirates,17,Rameez Shahzad,A Vala,Adnan Mufti,1,0,1
United Arab Emirates,17,Adnan Mufti,A Vala,Rameez Shahzad,0,0,0
United Arab Emirates,17,Adnan Mufti,A Vala,Rameez Shahzad,1,0,1
United Arab Emirates,17,Rameez Shahzad,A Vala,Adnan Mufti,0,0,0
United Arab Emirates,18,Adnan Mufti,N Vanua,Ghulam Shabber,1,0,1
United Arab Emirates,18,Ghulam Shabber,N Vanua,Adnan Mufti,2,0,2
United Arab Emirates,18,Ghulam Shabber,N Vanua,Adnan Mufti,2,0,2
United Arab Emirates,18,Ghulam Shabber,N Vanua,Adnan Mufti,0,0,0
United Arab Emirates,18,Ghulam Shabber,N Vanua,Adnan Mufti,0,0,0
United Arab Emirates,18,Ghulam Shabber,N Vanua,Adnan Mufti,6,0,6
United Arab Emirates,19,Adnan Mufti,A Vala,Ghulam Shabber,3,0,3
