Team,Over,Batter,Bowler,Non_Striker,Batter_Runs,Extras,Total_Runs
India,0,V Kohli,S Badree,S Dhawan,4,0,4
India,0,V Kohli,S Badree,S Dhawan,1,0,1
India,0,S Dhawan,S Badree,V Kohli,4,0,4
India,0,S Dhawan,S Badree,V Kohli,0,0,0
India,0,S Dhawan,S Badree,V Kohli,4,0,4
India,0,S Dhawan,S Badree,V Kohli,0,0,0
India,1,V Kohli,JE Taylor,S Dhawan,4,0,4
India,1,V Kohli,JE Taylor,S Dhawan,4,0,4
India,1,V Kohli,JE Taylor,S Dhawan,0,0,0
India,1,V Kohli,JE Taylor,S Dhawan,0,0,0
India,1,V Kohli,JE Taylor,S Dhawan,1,0,1
India,1,S Dhawan,JE Taylor,V Kohli,4,0,4
India,2,V Kohli,S Badree,S Dhawan,0,1,1
India,2,V Kohli,S Badree,S Dhawan,0,0,0
India,2,V Kohli,S Badree,S Dhawan,0,0,0
India,2,V Kohli,S Badree,S Dhawan,1,0,1
India,2,S Dhawan,S Badree,V Kohli,0,0,0
India,2,S Dhawan,S Badree,V Kohli,4,0,4
India,2,S Dhawan,S Badree,V Kohli,0,0,0
India,3,V Kohli,KOK Williams,S Dhawan,0,0,0
India,3,V Kohli,KOK Williams,S Dhawan,0,0,0
India,3,V Kohli,KOK Williams,S Dhawan,4,0,4
India,3,V Kohli,KOK Williams,S Dhawan,4,0,4
India,3,V Kohli,KOK Williams,S Dhawan,1,0,1
India,3,S Dhawan,KOK Williams,V Kohli,1,0,1
India,4,S Dhawan,CR Brathwaite,V Kohli,4,0,4
India,4,S Dhawan,CR Brathwaite,V Kohli,1,0,1
India,4,V Kohli,CR Brathwaite,S Dhawan,0,0,0
India,4,V Kohli,CR Brathwaite,S Dhawan,4,0,4
India,4,V Kohli,CR Brathwaite,S Dhawan,0,1,1
India,4,V Kohli,CR Brathwaite,S Dhawan,0,1,1
India,4,V Kohli,CR Brathwaite,S Dhawan,0,0,0
India,4,V Kohli,CR Brathwaite,S Dhawan,1,0,1
India,5,V Kohli,KOK Williams,S Dhawan,6,0,6
India,5,V Kohli,KOK Williams,S Dhawan,4,0,4
India,5,V Kohli,KOK Williams,S Dhawan,0,0,0
India,5,S Dhawan,KOK Williams,RR Pant,1,0,1
India,5,RR Pant,KOK Williams,S Dhawan,0,0,0
India,5,RR Pant,KOK Williams,KD Karthik,1,0,1
India,6,RR Pant,S Badree,KD Karthik,0,0,0
India,6,RR Pant,S Badree,KD Karthik,1,0,1
India,6,KD Karthik,S Badree,RR Pant,1,0,1
India,6,RR Pant,S Badree,KD Karthik,1,0,1
India,6,KD Karthik,S Badree,RR Pant,0,2,2
India,6,KD Karthik,S Badree,RR Pant,0,0,0
India,7,RR Pant,SP Narine,KD Karthik,1,0,1
India,7,KD Karthik,SP Narine,RR Pant,0,0,0
India,7,KD Karthik,SP Narine,RR Pant,4,0,4
India,7,KD Karthik,SP Narine,RR Pant,1,0,1
India,7,RR Pant,SP Narine,KD Karthik,1,0,1
India,7,KD Karthik,SP Narine,RR Pant,0,0,0
India,8,RR Pant,S Badree,KD Karthik,1,0,1
India,8,KD Karthik,S Badree,RR Pant,1,0,1
India,8,RR Pant,S Badree,KD Karthik,4,0,4
India,8,RR Pant,S Badree,KD Karthik,1,0,1
India,8,KD Karthik,S Badree,RR Pant,1,0,1
India,8,RR Pant,S Badree,KD Karthik,1,0,1
India,9,RR Pant,SP Narine,KD Karthik,1,0,1
India,9,KD Karthik,SP Narine,RR Pant,0,0,0
India,9,KD Karthik,SP Narine,RR Pant,4,0,4
India,9,KD Karthik,SP Narine,RR Pant,0,0,0
India,9,KD Karthik,SP Narine,RR Pant,0,0,0
India,9,KD Karthik,SP Narine,RR Pant,1,0,1
India,10,KD Karthik,MN Samuels,RR Pant,1,0,1
India,10,RR Pant,MN Samuels,KD Karthik,0,0,0
India,10,RR Pant,MN Samuels,KD Karthik,0,0,0
India,10,RR Pant,MN Samuels,KD Karthik,1,0,1
India,10,KD Karthik,MN Samuels,RR Pant,6,0,6
India,10,KD Karthik,MN Samuels,RR Pant,4,0,4
India,11,RR Pant,SP Narine,KD Karthik,2,0,2
India,11,RR Pant,SP Narine,KD Karthik,1,0,1
India,11,KD Karthik,SP Narine,RR Pant,1,0,1
India,11,RR Pant,SP Narine,KD Karthik,0,0,0
India,11,RR Pant,SP Narine,KD Karthik,1,0,1
India,11,KD Karthik,SP Narine,RR Pant,4,0,4
India,12,RR Pant,CR Brathwaite,KD Karthik,1,0,1
India,12,KD Karthik,CR Brathwaite,RR Pant,0,0,0
India,12,KD Karthik,CR Brathwaite,RR Pant,6,0,6
India,12,KD Karthik,CR Brathwaite,RR Pant,0,1,1
India,12,KD Karthik,CR Brathwaite,RR Pant,0,0,0
India,12,KD Karthik,CR Brathwaite,RR Pant,0,0,0
India,12,KD Karthik,CR Brathwaite,RR Pant,6,0,6
India,13,RR Pant,MN Samuels,KD Karthik,0,0,0
India,13,RR Pant,MN Samuels,KD Karthik,1,0,1
India,13,KD Karthik,MN Samuels,RR Pant,1,0,1
India,13,RR Pant,MN Samuels,KD Karthik,0,0,0
India,13,RR Pant,MN Samuels,KD Karthik,1,0,1
India,13,KD Karthik,MN Samuels,RR Pant,4,0,4
India,14,RR Pant,JE Taylor,KD Karthik,1,0,1
India,14,KD Karthik,JE Taylor,RR Pant,1,0,1
India,14,RR Pant,JE Taylor,KD Karthik,0,0,0
India,14,RR Pant,JE Taylor,KD Karthik,1,0,1
India,14,KD Karthik,JE Taylor,RR Pant,1,0,1
India,14,RR Pant,JE Taylor,KD Karthik,1,0,1
India,15,RR Pant,MN Samuels,KD Karthik,6,0,6
India,15,RR Pant,MN Samuels,KD Karthik,4,0,4
India,15,RR Pant,MN Samuels,KD Karthik,1,0,1
India,15,KD Karthik,MN Samuels,RR Pant,0,0,0
India,15,MS Dhoni,MN Samuels,RR Pant,1,0,1
India,15,RR Pant,MN Samuels,MS Dhoni,1,0,1
India,16,RR Pant,JE Taylor,MS Dhoni,1,0,1
India,16,MS Dhoni,JE Taylor,RR Pant,1,0,1
India,16,RR Pant,JE Taylor,MS Dhoni,1,0,1
India,16,MS Dhoni,JE Taylor,RR Pant,0,0,0
India,16,RR Pant,JE Taylor,KM Jadhav,0,0,0
India,16,RA Jadeja,JE Taylor,KM Jadhav,2,0,2
India,17,KM Jadhav,KOK Williams,RA Jadeja,2,0,2
India,17,KM Jadhav,KOK Williams,RA Jadeja,1,0,1
India,17,RA Jadeja,KOK Williams,KM Jadhav,1,0,1
India,17,KM Jadhav,KOK Williams,RA Jadeja,1,0,1
India,17,RA Jadeja,KOK Williams,KM Jadhav,1,0,1
India,17,KM Jadhav,KOK Williams,RA Jadeja,0,0,0
India,18,R Ashwin,JE Taylor,RA Jadeja,1,0,1
India,18,RA Jadeja,JE Taylor,R Ashwin,0,2,2
India,18,R Ashwin,JE Taylor,RA Jadeja,1,0,1
India,18,RA Jadeja,JE Taylor,R Ashwin,1,0,1
India,18,R Ashwin,JE Taylor,RA Jadeja,1,0,1
India,18,RA Jadeja,JE Taylor,R Ashwin,1,0,1
India,18,R Ashwin,JE Taylor,RA Jadeja,1,0,1
India,19,R Ashwin,KOK Williams,RA Jadeja,1,0,1
India,19,RA Jadeja,KOK Williams,R Ashwin,6,0,6
India,19,RA Jadeja,KOK Williams,R Ashwin,0,4,4
India,19,RA Jadeja,KOK Williams,R Ashwin,1,0,1
India,19,R Ashwin,KOK Williams,RA Jadeja,2,0,2
India,19,R Ashwin,KOK Williams,RA Jadeja,4,0,4
West Indies,0,CH Gayle,B Kumar,E Lewis,1,0,1
West Indies,0,E Lewis,B Kumar,CH Gayle,2,0,2
West Indies,0,E Lewis,B Kumar,CH Gayle,0,0,0
West Indies,0,E Lewis,B Kumar,CH Gayle,1,0,1
West Indies,0,CH Gayle,B Kumar,E Lewis,1,0,1
West Indies,0,E Lewis,B Kumar,CH Gayle,0,0,0
West Indies,1,CH Gayle,R Ashwin,E Lewis,0,0,0
West Indies,1,CH Gayle,R Ashwin,E Lewis,0,1,1
West Indies,1,E Lewis,R Ashwin,CH Gayle,1,0,1
West Indies,1,CH Gayle,R Ashwin,E Lewis,0,0,0
West Indies,1,CH Gayle,R Ashwin,E Lewis,0,0,0
West Indies,1,CH Gayle,R Ashwin,E Lewis,6,0,6
West Indies,2,E Lewis,B Kumar,CH Gayle,1,0,1
West Indies,2,CH Gayle,B Kumar,E Lewis,1,0,1
West Indies,2,E Lewis,B Kumar,CH Gayle,0,0,0
West Indies,2,E Lewis,B Kumar,CH Gayle,0,0,0
West Indies,2,E Lewis,B Kumar,CH Gayle,2,0,2
West Indies,2,E Lewis,B Kumar,CH Gayle,0,0,0
West Indies,3,CH Gayle,Mohammed Shami,E Lewis,4,0,4
West Indies,3,CH Gayle,Mohammed Shami,E Lewis,1,0,1
West Indies,3,E Lewis,Mohammed Shami,CH Gayle,2,0,2
West Indies,3,E Lewis,Mohammed Shami,CH Gayle,4,0,4
West Indies,3,E Lewis,Mohammed Shami,CH Gayle,4,0,4
West Indies,3,E Lewis,Mohammed Shami,CH Gayle,4,0,4
West Indies,4,CH Gayle,R Ashwin,E Lewis,1,0,1
West Indies,4,E Lewis,R Ashwin,CH Gayle,2,0,2
West Indies,4,E Lewis,R Ashwin,CH Gayle,6,0,6
West Indies,4,E Lewis,R Ashwin,CH Gayle,6,0,6
West Indies,4,E Lewis,R Ashwin,CH Gayle,0,0,0
West Indies,4,E Lewis,R Ashwin,CH Gayle,0,1,1
West Indies,4,E Lewis,R Ashwin,CH Gayle,0,0,0
West Indies,5,CH Gayle,B Kumar,E Lewis,1,0,1
West Indies,5,E Lewis,B Kumar,CH Gayle,1,0,1
West Indies,5,CH Gayle,B Kumar,E Lewis,1,0,1
West Indies,5,E Lewis,B Kumar,CH Gayle,6,0,6
West Indies,5,E Lewis,B Kumar,CH Gayle,4,0,4
West Indies,5,E Lewis,B Kumar,CH Gayle,1,0,1
West Indies,6,E Lewis,Kuldeep Yadav,CH Gayle,6,0,6
West Indies,6,E Lewis,Kuldeep Yadav,CH Gayle,0,0,0
West Indies,6,E Lewis,Kuldeep Yadav,CH Gayle,2,0,2
West Indies,6,E Lewis,Kuldeep Yadav,CH Gayle,1,0,1
West Indies,6,CH Gayle,Kuldeep Yadav,E Lewis,0,0,0
West Indies,6,CH Gayle,Kuldeep Yadav,E Lewis,0,0,0
West Indies,7,E Lewis,R Ashwin,CH Gayle,0,1,1
West Indies,7,E Lewis,R Ashwin,CH Gayle,1,0,1
West Indies,7,CH Gayle,R Ashwin,E Lewis,0,0,0
West Indies,7,CH Gayle,R Ashwin,E Lewis,0,0,0
West Indies,7,CH Gayle,R Ashwin,E Lewis,1,0,1
West Indies,7,E Lewis,R Ashwin,CH Gayle,4,0,4
West Indies,7,E Lewis,R Ashwin,CH Gayle,0,0,0
West Indies,8,CH Gayle,Kuldeep Yadav,E Lewis,0,0,0
West Indies,8,CH Gayle,Kuldeep Yadav,E Lewis,0,0,0
West Indies,8,E Lewis,Kuldeep Yadav,MN Samuels,0,1,1
West Indies,8,MN Samuels,Kuldeep Yadav,E Lewis,0,0,0
West Indies,8,MN Samuels,Kuldeep Yadav,E Lewis,0,1,1
West Indies,8,MN Samuels,Kuldeep Yadav,E Lewis,1,0,1
West Indies,8,E Lewis,Kuldeep Yadav,MN Samuels,1,0,1
West Indies,9,E Lewis,R Ashwin,MN Samuels,6,0,6
West Indies,9,E Lewis,R Ashwin,MN Samuels,0,0,0
West Indies,9,E Lewis,R Ashwin,MN Samuels,1,0,1
West Indies,9,MN Samuels,R Ashwin,E Lewis,1,0,1
West Indies,9,E Lewis,R Ashwin,MN Samuels,1,0,1
West Indies,9,MN Samuels,R Ashwin,E Lewis,0,0,0
West Indies,10,E Lewis,Mohammed Shami,MN Samuels,6,0,6
West Indies,10,E Lewis,Mohammed Shami,MN Samuels,2,0,2
West Indies,10,E Lewis,Mohammed Shami,MN Samuels,0,1,1
West Indies,10,E Lewis,Mohammed Shami,MN Samuels,0,0,0
West Indies,10,E Lewis,Mohammed Shami,MN Samuels,0,0,0
West Indies,10,E Lewis,Mohammed Shami,MN Samuels,1,0,1
West Indies,10,MN Samuels,Mohammed Shami,E Lewis,1,0,1
West Indies,11,MN Samuels,Kuldeep Yadav,E Lewis,1,0,1
West Indies,11,E Lewis,Kuldeep Yadav,MN Samuels,0,0,0
West Indies,11,E Lewis,Kuldeep Yadav,MN Samuels,0,1,1
West Indies,11,E Lewis,Kuldeep Yadav,MN Samuels,1,0,1
West Indies,11,MN Samuels,Kuldeep Yadav,E Lewis,1,0,1
West Indies,11,E Lewis,Kuldeep Yadav,MN Samuels,0,1,1
West Indies,11,E Lewis,Kuldeep Yadav,MN Samuels,0,0,0
West Indies,11,E Lewis,Kuldeep Yadav,MN Samuels,6,0,6
West Indies,12,MN Samuels,RA Jadeja,E Lewis,0,0,0
West Indies,12,MN Samuels,RA Jadeja,E Lewis,0,0,0
West Indies,12,MN Samuels,RA Jadeja,E Lewis,0,0,0
West Indies,12,MN Samuels,RA Jadeja,E Lewis,1,0,1
West Indies,12,E Lewis,RA Jadeja,MN Samuels,0,0,0
West Indies,12,E Lewis,RA Jadeja,MN Samuels,0,1,1
West Indies,12,E Lewis,RA Jadeja,MN Samuels,0,0,0
West Indies,13,MN Samuels,Mohammed Shami,E Lewis,0,0,0
West Indies,13,MN Samuels,Mohammed Shami,E Lewis,4,0,4
West Indies,13,MN Samuels,Mohammed Shami,E Lewis,6,0,6
West Indies,13,MN Samuels,Mohammed Shami,E Lewis,1,0,1
West Indies,13,E Lewis,Mohammed Shami,MN Samuels,1,0,1
West Indies,13,MN Samuels,Mohammed Shami,E Lewis,4,0,4
West Indies,14,E Lewis,RA Jadeja,MN Samuels,0,1,1
West Indies,14,E Lewis,RA Jadeja,MN Samuels,0,0,0
West Indies,14,E Lewis,RA Jadeja,MN Samuels,6,0,6
West Indies,14,E Lewis,RA Jadeja,MN Samuels,0,0,0
West Indies,14,E Lewis,RA Jadeja,MN Samuels,6,0,6
West Indies,14,E Lewis,RA Jadeja,MN Samuels,1,0,1
West Indies,14,MN Samuels,RA Jadeja,E Lewis,0,0,0
West Indies,15,E Lewis,Kuldeep Yadav,MN Samuels,1,0,1
West Indies,15,MN Samuels,Kuldeep Yadav,E Lewis,4,0,4
West Indies,15,MN Samuels,Kuldeep Yadav,E Lewis,0,4,4
West Indies,15,MN Samuels,Kuldeep Yadav,E Lewis,1,0,1
West Indies,15,E Lewis,Kuldeep Yadav,MN Samuels,4,0,4
West Indies,15,E Lewis,Kuldeep Yadav,MN Samuels,1,0,1
West Indies,16,E Lewis,RA Jadeja,MN Samuels,0,0,0
West Indies,16,E Lewis,RA Jadeja,MN Samuels,0,0,0
West Indies,16,E Lewis,RA Jadeja,MN Samuels,6,0,6
West Indies,16,E Lewis,RA Jadeja,MN Samuels,6,0,6
West Indies,16,E Lewis,RA Jadeja,MN Samuels,1,0,1
West Indies,16,MN Samuels,RA Jadeja,E Lewis,1,0,1
West Indies,17,MN Samuels,B Kumar,E Lewis,4,0,4
West Indies,17,MN Samuels,B Kumar,E Lewis,0,0,0
West Indies,17,MN Samuels,B Kumar,E Lewis,0,0,0
West Indies,17,MN Samuels,B Kumar,E Lewis,0,0,0
West Indies,17,MN Samuels,B Kumar,E Lewis,0,0,0
West Indies,17,MN Samuels,B Kumar,E Lewis,0,1,1
West Indies,18,MN Samuels,RA Jadeja,E Lewis,4,0,4
West Indies,18,MN Samuels,RA Jadeja,E Lewis,1,0,1
West Indies,18,E Lewis,RA Jadeja,MN Samuels,6,0,6
