Team,Over,Batter,Bowler,Non_Striker,Batter_Runs,Extras,Total_Runs
Pakistan,0,Fakhar Zaman,TG Southee,Ahmed Shehzad,0,1,1
Pakistan,0,Ahmed Shehzad,TG Southee,Fakhar Zaman,0,0,0
Pakistan,0,Ahmed Shehzad,TG Southee,Fakhar Zaman,2,0,2
Pakistan,0,Ahmed Shehzad,TG Southee,Fakhar Zaman,4,0,4
Pakistan,0,Ahmed Shehzad,TG Southee,Fakhar Zaman,0,0,0
Pakistan,0,Ahmed Shehzad,TG Southee,Fakhar Zaman,0,0,0
Pakistan,1,Fakhar Zaman,TA Boult,Ahmed Shehzad,4,0,4
Pakistan,1,Fakhar Zaman,TA Boult,Ahmed Shehzad,1,0,1
Pakistan,1,Ahmed Shehzad,TA Boult,Fakhar Zaman,0,0,0
Pakistan,1,Ahmed Shehzad,TA Boult,Fakhar Zaman,0,0,0
Pakistan,1,Ahmed Shehzad,TA Boult,Fakhar Zaman,0,0,0
Pakistan,1,Ahmed Shehzad,TA Boult,Fakhar Zaman,3,0,3
Pakistan,2,Ahmed Shehzad,TG Southee,Fakhar Zaman,0,0,0
Pakistan,2,Ahmed Shehzad,TG Southee,Fakhar Zaman,0,0,0
Pakistan,2,Ahmed Shehzad,TG Southee,Fakhar Zaman,0,0,0
Pakistan,2,Ahmed Shehzad,TG Southee,Fakhar Zaman,2,0,2
Pakistan,2,Ahmed Shehzad,TG Southee,Fakhar Zaman,4,0,4
Pakistan,2,Ahmed Shehzad,TG Southee,Fakhar Zaman,4,0,4
Pakistan,3,Fakhar Zaman,C de Grandhomme,Ahmed Shehzad,0,0,0
Pakistan,3,Fakhar Zaman,C de Grandhomme,Ahmed Shehzad,4,0,4
Pakistan,3,Fakhar Zaman,C de Grandhomme,Ahmed Shehzad,1,0,1
Pakistan,3,Ahmed Shehzad,C de Grandhomme,Fakhar Zaman,0,0,0
Pakistan,3,Ahmed Shehzad,C de Grandhomme,Fakhar Zaman,0,0,0
Pakistan,3,Ahmed Shehzad,C de Grandhomme,Fakhar Zaman,0,0,0
Pakistan,4,Fakhar Zaman,TA Boult,Babar Azam,0,0,0
Pakistan,4,Fakhar Zaman,TA Boult,Babar Azam,1,0,1
Pakistan,4,Babar Azam,TA Boult,Fakhar Zaman,2,0,2
Pakistan,4,Babar Azam,TA Boult,Fakhar Zaman,0,0,0
Pakistan,4,Babar Azam,TA Boult,Fakhar Zaman,1,0,1
Pakistan,4,Fakhar Zaman,TA Boult,Babar Azam,0,0,0
Pakistan,5,Babar Azam,C de Grandhomme,Fakhar Zaman,0,0,0
Pakistan,5,Babar Azam,C de Grandhomme,Fakhar Zaman,0,0,0
Pakistan,5,Babar Azam,C de Grandhomme,Fakhar Zaman,4,0,4
Pakistan,5,Babar Azam,C de Grandhomme,Fakhar Zaman,1,0,1
Pakistan,5,Fakhar Zaman,C de Grandhomme,Babar Azam,6,0,6
Pakistan,5,Fakhar Zaman,C de Grandhomme,Babar Azam,0,0,0
Pakistan,6,Babar Azam,IS Sodhi,Fakhar Zaman,1,0,1
Pakistan,6,Fakhar Zaman,IS Sodhi,Babar Azam,1,1,2
Pakistan,6,Babar Azam,IS Sodhi,Fakhar Zaman,2,0,2
Pakistan,6,Babar Azam,IS Sodhi,Fakhar Zaman,1,0,1
Pakistan,6,Fakhar Zaman,IS Sodhi,Babar Azam,0,0,0
Pakistan,6,Fakhar Zaman,IS Sodhi,Babar Azam,0,0,0
Pakistan,6,Fakhar Zaman,IS Sodhi,Babar Azam,1,0,1
Pakistan,7,Fakhar Zaman,MJ Santner,Babar Azam,1,0,1
Pakistan,7,Babar Azam,MJ Santner,Fakhar Zaman,1,0,1
Pakistan,7,Fakhar Zaman,MJ Santner,Babar Azam,1,0,1
Pakistan,7,Babar Azam,MJ Santner,Fakhar Zaman,2,0,2
Pakistan,7,Babar Azam,MJ Santner,Fakhar Zaman,0,0,0
Pakistan,7,Babar Azam,MJ Santner,Fakhar Zaman,0,0,0
Pakistan,8,Fakhar Zaman,IS Sodhi,Babar Azam,1,0,1
Pakistan,8,Babar Azam,IS Sodhi,Fakhar Zaman,1,0,1
Pakistan,8,Fakhar Zaman,IS Sodhi,Babar Azam,4,0,4
Pakistan,8,Fakhar Zaman,IS Sodhi,Babar Azam,1,0,1
Pakistan,8,Babar Azam,IS Sodhi,Fakhar Zaman,2,0,2
Pakistan,8,Babar Azam,IS Sodhi,Fakhar Zaman,0,0,0
Pakistan,9,Fakhar Zaman,C de Grandhomme,Sarfraz Ahmed,0,0,0
Pakistan,9,Fakhar Zaman,C de Grandhomme,Sarfraz Ahmed,1,0,1
Pakistan,9,Sarfraz Ahmed,C de Grandhomme,Fakhar Zaman,0,0,0
Pakistan,9,Sarfraz Ahmed,C de Grandhomme,Fakhar Zaman,1,0,1
Pakistan,9,Fakhar Zaman,C de Grandhomme,Sarfraz Ahmed,0,0,0
Pakistan,9,Fakhar Zaman,C de Grandhomme,Sarfraz Ahmed,4,0,4
Pakistan,10,Sarfraz Ahmed,IS Sodhi,Fakhar Zaman,3,0,3
Pakistan,10,Fakhar Zaman,IS Sodhi,Sarfraz Ahmed,1,0,1
Pakistan,10,Sarfraz Ahmed,IS Sodhi,Fakhar Zaman,1,0,1
Pakistan,10,Fakhar Zaman,IS Sodhi,Sarfraz Ahmed,4,0,4
Pakistan,10,Fakhar Zaman,IS Sodhi,Sarfraz Ahmed,1,0,1
Pakistan,10,Sarfraz Ahmed,IS Sodhi,Fakhar Zaman,0,0,0
Pakistan,11,Fakhar Zaman,MJ Santner,Sarfraz Ahmed,1,0,1
Pakistan,11,Sarfraz Ahmed,MJ Santner,Fakhar Zaman,1,0,1
Pakistan,11,Fakhar Zaman,MJ Santner,Sarfraz Ahmed,1,0,1
Pakistan,11,Sarfraz Ahmed,MJ Santner,Fakhar Zaman,4,0,4
Pakistan,11,Sarfraz Ahmed,MJ Santner,Fakhar Zaman,0,0,0
Pakistan,11,Sarfraz Ahmed,MJ Santner,Fakhar Zaman,4,0,4
Pakistan,12,Fakhar Zaman,TG Southee,Sarfraz Ahmed,2,0,2
Pakistan,12,Fakhar Zaman,TG Southee,Sarfraz Ahmed,2,0,2
Pakistan,12,Fakhar Zaman,TG Southee,Sarfraz Ahmed,0,0,0
Pakistan,12,Fakhar Zaman,TG Southee,Sarfraz Ahmed,1,0,1
Pakistan,12,Sarfraz Ahmed,TG Southee,Fakhar Zaman,2,0,2
Pakistan,12,Sarfraz Ahmed,TG Southee,Fakhar Zaman,1,0,1
Pakistan,13,Sarfraz Ahmed,MJ Santner,Fakhar Zaman,3,0,3
Pakistan,13,Fakhar Zaman,MJ Santner,Sarfraz Ahmed,0,0,0
Pakistan,13,Fakhar Zaman,MJ Santner,Sarfraz Ahmed,1,0,1
Pakistan,13,Sarfraz Ahmed,MJ Santner,Fakhar Zaman,1,0,1
Pakistan,13,Fakhar Zaman,MJ Santner,Sarfraz Ahmed,0,0,0
Pakistan,13,Sarfraz Ahmed,MJ Santner,Haris Sohail,1,0,1
Pakistan,14,Sarfraz Ahmed,C de Grandhomme,Haris Sohail,1,0,1
Pakistan,14,Haris Sohail,C de Grandhomme,Sarfraz Ahmed,1,0,1
Pakistan,14,Sarfraz Ahmed,C de Grandhomme,Haris Sohail,0,1,1
Pakistan,14,Sarfraz Ahmed,C de Grandhomme,Haris Sohail,4,0,4
Pakistan,14,Sarfraz Ahmed,C de Grandhomme,Haris Sohail,1,0,1
Pakistan,14,Haris Sohail,C de Grandhomme,Sarfraz Ahmed,2,0,2
Pakistan,14,Haris Sohail,C de Grandhomme,Sarfraz Ahmed,4,0,4
Pakistan,15,Sarfraz Ahmed,MJ Santner,Haris Sohail,1,0,1
Pakistan,15,Haris Sohail,MJ Santner,Sarfraz Ahmed,1,0,1
Pakistan,15,Sarfraz Ahmed,MJ Santner,Haris Sohail,0,0,0
Pakistan,15,Sarfraz Ahmed,MJ Santner,Haris Sohail,0,0,0
Pakistan,15,Sarfraz Ahmed,MJ Santner,Haris Sohail,0,0,0
Pakistan,15,Umar Amin,MJ Santner,Haris Sohail,0,0,0
Pakistan,16,Haris Sohail,TA Boult,Umar Amin,4,0,4
Pakistan,16,Haris Sohail,TA Boult,Umar Amin,1,0,1
Pakistan,16,Umar Amin,TA Boult,Haris Sohail,1,0,1
Pakistan,16,Haris Sohail,TA Boult,Umar Amin,0,0,0
Pakistan,16,Haris Sohail,TA Boult,Umar Amin,0,1,1
Pakistan,16,Haris Sohail,TA Boult,Umar Amin,4,0,4
Pakistan,16,Haris Sohail,TA Boult,Umar Amin,1,0,1
Pakistan,17,Haris Sohail,IS Sodhi,Umar Amin,1,0,1
Pakistan,17,Umar Amin,IS Sodhi,Haris Sohail,6,0,6
Pakistan,17,Umar Amin,IS Sodhi,Haris Sohail,2,0,2
Pakistan,17,Umar Amin,IS Sodhi,Haris Sohail,6,0,6
Pakistan,17,Umar Amin,IS Sodhi,Haris Sohail,6,0,6
Pakistan,17,Umar Amin,IS Sodhi,Haris Sohail,0,0,0
Pakistan,18,Faheem Ashraf,TA Boult,Haris Sohail,2,0,2
Pakistan,18,Faheem Ashraf,TA Boult,Haris Sohail,4,0,4
Pakistan,18,Faheem Ashraf,TA Boult,Haris Sohail,2,0,2
Pakistan,18,Faheem Ashraf,TA Boult,Haris Sohail,0,0,0
Pakistan,18,Aamer Yamin,TA Boult,Haris Sohail,1,0,1
Pakistan,18,Haris Sohail,TA Boult,Aamer Yamin,0,0,0
Pakistan,19,Aamer Yamin,TG Southee,Haris Sohail,0,1,1
Pakistan,19,Haris Sohail,TG Southee,Aamer Yamin,1,0,1
Pakistan,19,Aamer Yamin,TG Southee,Haris Sohail,2,0,2
Pakistan,19,Aamer Yamin,TG Southee,Haris Sohail,2,0,2
Pakistan,19,Aamer Yamin,TG Southee,Haris Sohail,4,0,4
Pakistan,19,Aamer Yamin,TG Southee,Haris Sohail,6,0,6
New Zealand,0,MJ Guptill,Aamer Yamin,KS Williamson,1,0,1
New Zealand,0,KS Williamson,Aamer Yamin,MJ Guptill,0,0,0
New Zealand,0,KS Williamson,Aamer Yamin,MJ Guptill,1,0,1
New Zealand,0,MJ Guptill,Aamer Yamin,KS Williamson,1,0,1
New Zealand,0,KS Williamson,Aamer Yamin,MJ Guptill,1,0,1
New Zealand,0,MJ Guptill,Aamer Yamin,KS Williamson,1,0,1
New Zealand,1,MJ Guptill,Rumman Raees,KS Williamson,1,0,1
New Zealand,1,KS Williamson,Rumman Raees,MJ Guptill,4,0,4
New Zealand,1,KS Williamson,Rumman Raees,MJ Guptill,0,0,0
New Zealand,1,KS Williamson,Rumman Raees,MJ Guptill,0,0,0
New Zealand,1,KS Williamson,Rumman Raees,MJ Guptill,0,0,0
New Zealand,1,KS Williamson,Rumman Raees,MJ Guptill,0,0,0
New Zealand,2,MJ Guptill,Mohammad Amir,KS Williamson,0,0,0
New Zealand,2,MJ Guptill,Mohammad Amir,KS Williamson,1,0,1
New Zealand,2,KS Williamson,Mohammad Amir,MJ Guptill,1,0,1
New Zealand,2,MJ Guptill,Mohammad Amir,KS Williamson,6,0,6
New Zealand,2,MJ Guptill,Mohammad Amir,KS Williamson,0,0,0
New Zealand,2,MJ Guptill,Mohammad Amir,KS Williamson,1,0,1
New Zealand,3,MJ Guptill,Rumman Raees,KS Williamson,1,0,1
New Zealand,3,KS Williamson,Rumman Raees,MJ Guptill,0,0,0
New Zealand,3,KS Williamson,Rumman Raees,MJ Guptill,1,0,1
New Zealand,3,MJ Guptill,Rumman Raees,KS Williamson,6,0,6
New Zealand,3,MJ Guptill,Rumman Raees,KS Williamson,1,0,1
New Zealand,3,KS Williamson,Rumman Raees,MJ Guptill,0,0,0
New Zealand,4,MJ Guptill,Mohammad Amir,KS Williamson,1,0,1
New Zealand,4,KS Williamson,Mohammad Amir,MJ Guptill,1,0,1
New Zealand,4,MJ Guptill,Mohammad Amir,KS Williamson,0,0,0
New Zealand,4,MJ Guptill,Mohammad Amir,KS Williamson,2,0,2
New Zealand,4,MJ Guptill,Mohammad Amir,KS Williamson,0,0,0
New Zealand,4,MJ Guptill,Mohammad Amir,KS Williamson,0,0,0
New Zealand,5,KS Williamson,Faheem Ashraf,MJ Guptill,0,0,0
New Zealand,5,AK Kitchen,Faheem Ashraf,MJ Guptill,4,0,4
New Zealand,5,AK Kitchen,Faheem Ashraf,MJ Guptill,0,0,0
New Zealand,5,AK Kitchen,Faheem Ashraf,MJ Guptill,4,0,4
New Zealand,5,AK Kitchen,Faheem Ashraf,MJ Guptill,1,0,1
New Zealand,5,MJ Guptill,Faheem Ashraf,AK Kitchen,6,0,6
New Zealand,6,AK Kitchen,Shadab Khan,MJ Guptill,1,0,1
New Zealand,6,MJ Guptill,Shadab Khan,AK Kitchen,1,0,1
New Zealand,6,AK Kitchen,Shadab Khan,MJ Guptill,0,0,0
New Zealand,6,AK Kitchen,Shadab Khan,MJ Guptill,1,0,1
New Zealand,6,MJ Guptill,Shadab Khan,AK Kitchen,0,0,0
New Zealand,6,MJ Guptill,Shadab Khan,AK Kitchen,1,0,1
New Zealand,7,MJ Guptill,Aamer Yamin,AK Kitchen,0,0,0
New Zealand,7,MJ Guptill,Aamer Yamin,AK Kitchen,1,0,1
New Zealand,7,AK Kitchen,Aamer Yamin,MJ Guptill,0,0,0
New Zealand,7,AK Kitchen,Aamer Yamin,MJ Guptill,0,0,0
New Zealand,7,AK Kitchen,Aamer Yamin,MJ Guptill,0,0,0
New Zealand,7,AK Kitchen,Aamer Yamin,MJ Guptill,1,0,1
New Zealand,8,AK Kitchen,Shadab Khan,MJ Guptill,0,0,0
New Zealand,8,AK Kitchen,Shadab Khan,MJ Guptill,1,0,1
New Zealand,8,MJ Guptill,Shadab Khan,AK Kitchen,0,0,0
New Zealand,8,MJ Guptill,Shadab Khan,AK Kitchen,0,0,0
New Zealand,8,MJ Guptill,Shadab Khan,AK Kitchen,0,0,0
New Zealand,8,MJ Guptill,Shadab Khan,AK Kitchen,0,0,0
New Zealand,9,AK Kitchen,Aamer Yamin,MJ Guptill,0,0,0
New Zealand,9,AK Kitchen,Aamer Yamin,MJ Guptill,1,0,1
New Zealand,9,MJ Guptill,Aamer Yamin,AK Kitchen,0,1,1
New Zealand,9,MJ Guptill,Aamer Yamin,AK Kitchen,6,0,6
New Zealand,9,MJ Guptill,Aamer Yamin,AK Kitchen,1,0,1
New Zealand,9,AK Kitchen,Aamer Yamin,MJ Guptill,1,0,1
New Zealand,9,MJ Guptill,Aamer Yamin,AK Kitchen,1,0,1
New Zealand,10,MJ Guptill,Shadab Khan,AK Kitchen,0,0,0
New Zealand,10,MJ Guptill,Shadab Khan,AK Kitchen,2,0,2
New Zealand,10,MJ Guptill,Shadab Khan,AK Kitchen,2,0,2
New Zealand,10,MJ Guptill,Shadab Khan,AK Kitchen,4,0,4
New Zealand,10,MJ Guptill,Shadab Khan,AK Kitchen,2,0,2
New Zealand,10,MJ Guptill,Shadab Khan,AK Kitchen,1,0,1
New Zealand,11,MJ Guptill,Faheem Ashraf,AK Kitchen,1,0,1
New Zealand,11,AK Kitchen,Faheem Ashraf,MJ Guptill,1,0,1
New Zealand,11,MJ Guptill,Faheem Ashraf,AK Kitchen,4,0,4
New Zealand,11,MJ Guptill,Faheem Ashraf,AK Kitchen,0,0,0
New Zealand,11,MJ Guptill,Faheem Ashraf,AK Kitchen,0,0,0
New Zealand,11,MJ Guptill,Faheem Ashraf,AK Kitchen,2,0,2
New Zealand,12,AK Kitchen,Shadab Khan,MJ Guptill,0,0,0
New Zealand,12,AK Kitchen,Shadab Khan,MJ Guptill,0,0,0
New Zealand,12,TC Bruce,Shadab Khan,MJ Guptill,1,0,1
New Zealand,12,MJ Guptill,Shadab Khan,TC Bruce,1,0,1
New Zealand,12,TC Bruce,Shadab Khan,MJ Guptill,1,0,1
New Zealand,12,MJ Guptill,Shadab Khan,TC Bruce,0,0,0
New Zealand,13,C de Grandhomme,Aamer Yamin,TC Bruce,1,0,1
New Zealand,13,TC Bruce,Aamer Yamin,C de Grandhomme,1,0,1
New Zealand,13,C de Grandhomme,Aamer Yamin,TC Bruce,0,0,0
New Zealand,13,LRPL Taylor,Aamer Yamin,TC Bruce,1,0,1
New Zealand,13,TC Bruce,Aamer Yamin,LRPL Taylor,0,0,0
New Zealand,13,TC Bruce,Aamer Yamin,LRPL Taylor,4,0,4
New Zealand,14,LRPL Taylor,Faheem Ashraf,TC Bruce,6,0,6
New Zealand,14,LRPL Taylor,Faheem Ashraf,TC Bruce,0,0,0
New Zealand,14,LRPL Taylor,Faheem Ashraf,TC Bruce,6,0,6
New Zealand,14,LRPL Taylor,Faheem Ashraf,TC Bruce,1,0,1
New Zealand,14,TC Bruce,Faheem Ashraf,LRPL Taylor,1,0,1
New Zealand,14,LRPL Taylor,Faheem Ashraf,TC Bruce,2,0,2
New Zealand,15,TC Bruce,Rumman Raees,LRPL Taylor,1,0,1
New Zealand,15,LRPL Taylor,Rumman Raees,TC Bruce,6,0,6
New Zealand,15,LRPL Taylor,Rumman Raees,TC Bruce,1,0,1
New Zealand,15,TC Bruce,Rumman Raees,LRPL Taylor,6,0,6
New Zealand,15,TC Bruce,Rumman Raees,LRPL Taylor,1,0,1
New Zealand,15,LRPL Taylor,Rumman Raees,TC Bruce,2,0,2
New Zealand,16,TC Bruce,Mohammad Amir,LRPL Taylor,1,0,1
New Zealand,16,LRPL Taylor,Mohammad Amir,TC Bruce,0,0,0
New Zealand,16,LRPL Taylor,Mohammad Amir,TC Bruce,0,0,0
New Zealand,16,TA Blundell,Mohammad Amir,TC Bruce,1,0,1
New Zealand,16,TC Bruce,Mohammad Amir,TA Blundell,0,0,0
New Zealand,16,TC Bruce,Mohammad Amir,TA Blundell,1,0,1
New Zealand,17,TC Bruce,Rumman Raees,TA Blundell,0,0,0
New Zealand,17,TC Bruce,Rumman Raees,TA Blundell,4,0,4
New Zealand,17,TC Bruce,Rumman Raees,TA Blundell,0,0,0
New Zealand,17,MJ Santner,Rumman Raees,TA Blundell,0,0,0
New Zealand,17,MJ Santner,Rumman Raees,TA Blundell,4,0,4
New Zealand,17,MJ Santner,Rumman Raees,TA Blundell,0,1,1
New Zealand,17,MJ Santner,Rumman Raees,TA Blundell,1,0,1
New Zealand,18,MJ Santner,Mohammad Amir,TA Blundell,4,0,4
New Zealand,18,MJ Santner,Mohammad Amir,TA Blundell,1,0,1
New Zealand,18,TA Blundell,Mohammad Amir,MJ Santner,0,0,0
New Zealand,18,TA Blundell,Mohammad Amir,MJ Santner,0,1,1
New Zealand,18,TA Blundell,Mohammad Amir,MJ Santner,0,0,0
New Zealand,18,TA Blundell,Mohammad Amir,MJ Santner,1,0,1
New Zealand,18,MJ Santner,Mohammad Amir,TA Blundell,0,0,0
New Zealand,19,TA Blundell,Faheem Ashraf,MJ Santner,1,1,2
New Zealand,19,MJ Santner,Faheem Ashraf,TA Blundell,2,0,2
New Zealand,19,MJ Santner,Faheem Ashraf,TA Blundell,2,0,2
New Zealand,19,MJ Santner,Faheem Ashraf,TA Blundell,0,0,0
New Zealand,19,MJ Santner,Faheem Ashraf,TA Blundell,6,0,6
New Zealand,19,MJ Santner,Faheem Ashraf,TA Blundell,4,0,4
New Zealand,19,MJ Santner,Faheem Ashraf,TA Blundell,0,0,0
