Team,Over,Batter,Bowler,Non_Striker,Batter_Runs,Extras,Total_Runs
New Zealand,0,MJ Guptill,JE Taylor,C Munro,4,0,4
New Zealand,0,MJ Guptill,JE Taylor,C Munro,0,0,0
New Zealand,0,MJ Guptill,JE Taylor,C Munro,1,0,1
New Zealand,0,C Munro,JE Taylor,MJ Guptill,0,0,0
New Zealand,0,C Munro,JE Taylor,MJ Guptill,1,0,1
New Zealand,0,MJ Guptill,JE Taylor,C Munro,4,0,4
New Zealand,1,C Munro,S Badree,MJ Guptill,6,0,6
New Zealand,1,C Munro,S Badree,MJ Guptill,2,0,2
New Zealand,1,C Munro,S Badree,MJ Guptill,1,0,1
New Zealand,1,MJ Guptill,S Badree,C Munro,1,0,1
New Zealand,1,C Munro,S Badree,MJ Guptill,1,0,1
New Zealand,1,MJ Guptill,S Badree,C Munro,1,0,1
New Zealand,2,MJ Guptill,JE Taylor,C Munro,1,0,1
New Zealand,2,C Munro,JE Taylor,MJ Guptill,1,0,1
New Zealand,2,MJ Guptill,JE Taylor,C Munro,1,1,2
New Zealand,2,C Munro,JE Taylor,MJ Guptill,1,0,1
New Zealand,2,MJ Guptill,JE Taylor,C Munro,1,0,1
New Zealand,2,C Munro,JE Taylor,MJ Guptill,6,0,6
New Zealand,2,C Munro,JE Taylor,MJ Guptill,0,0,0
New Zealand,3,MJ Guptill,S Badree,C Munro,0,0,0
New Zealand,3,MJ Guptill,S Badree,C Munro,0,0,0
New Zealand,3,MJ Guptill,S Badree,C Munro,0,0,0
New Zealand,3,MJ Guptill,S Badree,C Munro,4,0,4
New Zealand,3,MJ Guptill,S Badree,C Munro,0,0,0
New Zealand,3,MJ Guptill,S Badree,C Munro,4,0,4
New Zealand,4,C Munro,AR Nurse,MJ Guptill,4,0,4
New Zealand,4,C Munro,AR Nurse,MJ Guptill,4,0,4
New Zealand,4,C Munro,AR Nurse,MJ Guptill,0,0,0
New Zealand,4,C Munro,AR Nurse,MJ Guptill,1,0,1
New Zealand,4,MJ Guptill,AR Nurse,C Munro,1,0,1
New Zealand,4,C Munro,AR Nurse,MJ Guptill,0,0,0
New Zealand,5,MJ Guptill,S Badree,C Munro,4,0,4
New Zealand,5,MJ Guptill,S Badree,C Munro,1,0,1
New Zealand,5,C Munro,S Badree,MJ Guptill,0,0,0
New Zealand,5,C Munro,S Badree,MJ Guptill,1,0,1
New Zealand,5,MJ Guptill,S Badree,C Munro,1,0,1
New Zealand,5,C Munro,S Badree,MJ Guptill,4,0,4
New Zealand,6,MJ Guptill,AR Nurse,C Munro,1,0,1
New Zealand,6,C Munro,AR Nurse,MJ Guptill,0,0,0
New Zealand,6,C Munro,AR Nurse,MJ Guptill,1,0,1
New Zealand,6,MJ Guptill,AR Nurse,C Munro,1,0,1
New Zealand,6,C Munro,AR Nurse,MJ Guptill,6,0,6
New Zealand,6,C Munro,AR Nurse,MJ Guptill,1,0,1
New Zealand,7,C Munro,CR Brathwaite,MJ Guptill,1,0,1
New Zealand,7,MJ Guptill,CR Brathwaite,C Munro,1,0,1
New Zealand,7,C Munro,CR Brathwaite,MJ Guptill,1,0,1
New Zealand,7,MJ Guptill,CR Brathwaite,C Munro,2,0,2
New Zealand,7,MJ Guptill,CR Brathwaite,C Munro,1,0,1
New Zealand,7,C Munro,CR Brathwaite,MJ Guptill,1,0,1
New Zealand,8,C Munro,RR Emrit,MJ Guptill,6,0,6
New Zealand,8,C Munro,RR Emrit,MJ Guptill,6,0,6
New Zealand,8,C Munro,RR Emrit,MJ Guptill,1,0,1
New Zealand,8,MJ Guptill,RR Emrit,C Munro,1,0,1
New Zealand,8,C Munro,RR Emrit,MJ Guptill,1,0,1
New Zealand,8,MJ Guptill,RR Emrit,C Munro,1,0,1
New Zealand,9,MJ Guptill,CR Brathwaite,C Munro,2,0,2
New Zealand,9,MJ Guptill,CR Brathwaite,C Munro,2,0,2
New Zealand,9,MJ Guptill,CR Brathwaite,C Munro,0,1,1
New Zealand,9,MJ Guptill,CR Brathwaite,C Munro,0,5,5
New Zealand,9,MJ Guptill,CR Brathwaite,C Munro,2,0,2
New Zealand,9,MJ Guptill,CR Brathwaite,C Munro,2,0,2
New Zealand,9,MJ Guptill,CR Brathwaite,C Munro,6,0,6
New Zealand,9,MJ Guptill,CR Brathwaite,C Munro,2,0,2
New Zealand,10,C Munro,AR Nurse,MJ Guptill,1,0,1
New Zealand,10,MJ Guptill,AR Nurse,C Munro,0,0,0
New Zealand,10,MJ Guptill,AR Nurse,C Munro,1,0,1
New Zealand,10,C Munro,AR Nurse,MJ Guptill,6,0,6
New Zealand,10,C Munro,AR Nurse,MJ Guptill,1,0,1
New Zealand,10,MJ Guptill,AR Nurse,C Munro,1,0,1
New Zealand,11,MJ Guptill,RR Emrit,C Munro,6,0,6
New Zealand,11,MJ Guptill,RR Emrit,C Munro,2,0,2
New Zealand,11,MJ Guptill,RR Emrit,C Munro,0,0,0
New Zealand,11,TC Bruce,RR Emrit,C Munro,1,0,1
New Zealand,11,C Munro,RR Emrit,TC Bruce,0,0,0
New Zealand,11,C Munro,RR Emrit,TC Bruce,0,0,0
New Zealand,12,TC Bruce,S Badree,C Munro,0,0,0
New Zealand,12,TC Bruce,S Badree,C Munro,4,0,4
New Zealand,12,TC Bruce,S Badree,C Munro,2,0,2
New Zealand,12,TC Bruce,S Badree,C Munro,1,0,1
New Zealand,12,C Munro,S Badree,TC Bruce,6,0,6
New Zealand,12,C Munro,S Badree,TC Bruce,0,1,1
New Zealand,12,C Munro,S Badree,TC Bruce,6,0,6
New Zealand,13,TC Bruce,RR Emrit,C Munro,0,0,0
New Zealand,13,TC Bruce,RR Emrit,C Munro,6,0,6
New Zealand,13,TC Bruce,RR Emrit,C Munro,1,0,1
New Zealand,13,C Munro,RR Emrit,TC Bruce,1,0,1
New Zealand,13,TC Bruce,RR Emrit,C Munro,1,0,1
New Zealand,13,C Munro,RR Emrit,TC Bruce,1,0,1
New Zealand,14,C Munro,JE Taylor,TC Bruce,6,0,6
New Zealand,14,C Munro,JE Taylor,TC Bruce,6,0,6
New Zealand,14,C Munro,JE Taylor,TC Bruce,0,0,0
New Zealand,14,C Munro,JE Taylor,TC Bruce,1,0,1
New Zealand,14,TC Bruce,JE Taylor,C Munro,1,0,1
New Zealand,14,C Munro,JE Taylor,TC Bruce,2,0,2
New Zealand,15,TC Bruce,CR Brathwaite,C Munro,1,0,1
New Zealand,15,C Munro,CR Brathwaite,TC Bruce,1,0,1
New Zealand,15,TC Bruce,CR Brathwaite,C Munro,4,0,4
New Zealand,15,TC Bruce,CR Brathwaite,C Munro,1,0,1
New Zealand,15,C Munro,CR Brathwaite,TC Bruce,1,0,1
New Zealand,15,TC Bruce,CR Brathwaite,C Munro,0,0,0
New Zealand,16,C Munro,AR Nurse,AK Kitchen,2,0,2
New Zealand,16,C Munro,AR Nurse,AK Kitchen,1,0,1
New Zealand,16,AK Kitchen,AR Nurse,C Munro,2,0,2
New Zealand,16,AK Kitchen,AR Nurse,C Munro,6,0,6
New Zealand,16,AK Kitchen,AR Nurse,C Munro,1,0,1
New Zealand,16,C Munro,AR Nurse,AK Kitchen,1,0,1
New Zealand,17,C Munro,RR Emrit,AK Kitchen,0,0,0
New Zealand,17,C Munro,RR Emrit,KS Williamson,1,0,1
New Zealand,17,KS Williamson,RR Emrit,C Munro,1,0,1
New Zealand,17,C Munro,RR Emrit,KS Williamson,1,0,1
New Zealand,17,KS Williamson,RR Emrit,C Munro,2,0,2
New Zealand,17,KS Williamson,RR Emrit,C Munro,2,0,2
New Zealand,18,C Munro,JE Taylor,KS Williamson,1,0,1
New Zealand,18,KS Williamson,JE Taylor,C Munro,0,0,0
New Zealand,18,KS Williamson,JE Taylor,C Munro,6,0,6
New Zealand,18,KS Williamson,JE Taylor,C Munro,4,0,4
New Zealand,18,KS Williamson,JE Taylor,C Munro,4,0,4
New Zealand,18,KS Williamson,JE Taylor,C Munro,0,0,0
New Zealand,19,C Munro,CR Brathwaite,GD Phillips,0,0,0
New Zealand,19,GD Phillips,CR Brathwaite,MJ Santner,0,0,0
New Zealand,19,GD Phillips,CR Brathwaite,MJ Santner,6,0,6
New Zealand,19,GD Phillips,CR Brathwaite,MJ Santner,0,4,4
New Zealand,19,GD Phillips,CR Brathwaite,MJ Santner,1,0,1
New Zealand,19,MJ Santner,CR Brathwaite,GD Phillips,6,0,6
West Indies,0,CAK Walton,TG Southee,CH Gayle,0,0,0
West Indies,0,ADS Fletcher,TG Southee,CH Gayle,0,0,0
West Indies,0,ADS Fletcher,TG Southee,CH Gayle,1,0,1
West Indies,0,CH Gayle,TG Southee,ADS Fletcher,0,0,0
West Indies,0,CH Gayle,TG Southee,ADS Fletcher,0,0,0
West Indies,0,R Powell,TG Southee,ADS Fletcher,0,0,0
West Indies,1,ADS Fletcher,TA Boult,R Powell,2,0,2
West Indies,1,ADS Fletcher,TA Boult,R Powell,0,0,0
West Indies,1,ADS Fletcher,TA Boult,R Powell,0,1,1
West Indies,1,ADS Fletcher,TA Boult,R Powell,2,0,2
West Indies,1,ADS Fletcher,TA Boult,R Powell,1,1,2
West Indies,1,R Powell,TA Boult,ADS Fletcher,0,1,1
West Indies,1,R Powell,TA Boult,ADS Fletcher,0,1,1
West Indies,1,R Powell,TA Boult,ADS Fletcher,4,0,4
West Indies,1,R Powell,TA Boult,ADS Fletcher,4,0,4
West Indies,1,R Powell,TA Boult,ADS Fletcher,0,0,0
West Indies,2,ADS Fletcher,TG Southee,R Powell,0,0,0
West Indies,2,ADS Fletcher,TG Southee,R Powell,4,0,4
West Indies,2,ADS Fletcher,TG Southee,R Powell,4,0,4
West Indies,2,ADS Fletcher,TG Southee,R Powell,6,0,6
West Indies,2,ADS Fletcher,TG Southee,R Powell,1,0,1
West Indies,2,R Powell,TG Southee,ADS Fletcher,4,0,4
West Indies,3,ADS Fletcher,AK Kitchen,R Powell,0,0,0
West Indies,3,ADS Fletcher,AK Kitchen,R Powell,0,0,0
West Indies,3,ADS Fletcher,AK Kitchen,R Powell,1,0,1
West Indies,3,R Powell,AK Kitchen,ADS Fletcher,4,0,4
West Indies,3,R Powell,AK Kitchen,ADS Fletcher,0,0,0
West Indies,3,ADS Fletcher,AK Kitchen,SO Hetmyer,0,0,0
West Indies,4,SO Hetmyer,MJ Santner,ADS Fletcher,0,0,0
West Indies,4,SO Hetmyer,MJ Santner,ADS Fletcher,6,0,6
West Indies,4,SO Hetmyer,MJ Santner,ADS Fletcher,1,0,1
West Indies,4,ADS Fletcher,MJ Santner,SO Hetmyer,0,0,0
West Indies,4,ADS Fletcher,MJ Santner,SO Hetmyer,0,0,0
West Indies,4,CR Brathwaite,MJ Santner,ADS Fletcher,4,0,4
West Indies,5,ADS Fletcher,AK Kitchen,CR Brathwaite,0,0,0
West Indies,5,ADS Fletcher,AK Kitchen,CR Brathwaite,4,0,4
West Indies,5,ADS Fletcher,AK Kitchen,CR Brathwaite,4,0,4
West Indies,5,ADS Fletcher,AK Kitchen,CR Brathwaite,0,0,0
West Indies,5,ADS Fletcher,AK Kitchen,CR Brathwaite,6,0,6
West Indies,5,ADS Fletcher,AK Kitchen,CR Brathwaite,6,0,6
West Indies,6,CR Brathwaite,IS Sodhi,ADS Fletcher,1,0,1
West Indies,6,ADS Fletcher,IS Sodhi,CR Brathwaite,0,0,0
West Indies,6,ADS Fletcher,IS Sodhi,CR Brathwaite,0,0,0
West Indies,6,ADS Fletcher,IS Sodhi,CR Brathwaite,0,0,0
West Indies,6,ADS Fletcher,IS Sodhi,CR Brathwaite,1,0,1
West Indies,6,CR Brathwaite,IS Sodhi,ADS Fletcher,0,0,0
West Indies,7,ADS Fletcher,MJ Santner,CR Brathwaite,0,0,0
West Indies,7,ADS Fletcher,MJ Santner,CR Brathwaite,1,0,1
West Indies,7,CR Brathwaite,MJ Santner,ADS Fletcher,1,0,1
West Indies,7,ADS Fletcher,MJ Santner,CR Brathwaite,1,0,1
West Indies,7,CR Brathwaite,MJ Santner,ADS Fletcher,1,0,1
West Indies,7,ADS Fletcher,MJ Santner,CR Brathwaite,1,0,1
West Indies,8,ADS Fletcher,IS Sodhi,CR Brathwaite,0,0,0
West Indies,8,AR Nurse,IS Sodhi,CR Brathwaite,1,0,1
West Indies,8,CR Brathwaite,IS Sodhi,AR Nurse,6,0,6
West Indies,8,CR Brathwaite,IS Sodhi,AR Nurse,0,0,0
West Indies,8,CR Brathwaite,IS Sodhi,AR Nurse,0,0,0
West Indies,8,CR Brathwaite,IS Sodhi,AR Nurse,0,0,0
West Indies,9,AR Nurse,AK Kitchen,CR Brathwaite,0,0,0
West Indies,9,AR Nurse,AK Kitchen,CR Brathwaite,0,0,0
West Indies,9,AR Nurse,AK Kitchen,CR Brathwaite,0,1,1
West Indies,9,AR Nurse,AK Kitchen,CR Brathwaite,0,0,0
West Indies,9,AR Nurse,AK Kitchen,CR Brathwaite,1,0,1
West Indies,9,CR Brathwaite,AK Kitchen,AR Nurse,0,0,0
West Indies,9,CR Brathwaite,AK Kitchen,AR Nurse,1,0,1
West Indies,10,CR Brathwaite,TA Boult,AR Nurse,1,0,1
West Indies,10,AR Nurse,TA Boult,CR Brathwaite,1,0,1
West Indies,10,CR Brathwaite,TA Boult,AR Nurse,0,0,0
West Indies,10,CR Brathwaite,TA Boult,AR Nurse,0,0,0
West Indies,10,RR Emrit,TA Boult,AR Nurse,1,0,1
West Indies,10,AR Nurse,TA Boult,RR Emrit,0,1,1
West Indies,10,AR Nurse,TA Boult,RR Emrit,0,0,0
West Indies,11,RR Emrit,AK Kitchen,AR Nurse,2,0,2
West Indies,11,RR Emrit,AK Kitchen,AR Nurse,1,0,1
West Indies,11,AR Nurse,AK Kitchen,RR Emrit,0,0,0
West Indies,11,AR Nurse,AK Kitchen,RR Emrit,1,0,1
West Indies,11,RR Emrit,AK Kitchen,AR Nurse,0,0,0
West Indies,11,RR Emrit,AK Kitchen,AR Nurse,1,0,1
West Indies,12,RR Emrit,IS Sodhi,AR Nurse,0,0,0
West Indies,12,JE Taylor,IS Sodhi,AR Nurse,6,0,6
West Indies,12,JE Taylor,IS Sodhi,AR Nurse,1,0,1
West Indies,12,AR Nurse,IS Sodhi,JE Taylor,0,0,0
West Indies,12,AR Nurse,IS Sodhi,JE Taylor,1,0,1
West Indies,12,JE Taylor,IS Sodhi,AR Nurse,6,0,6
West Indies,13,AR Nurse,TA Boult,JE Taylor,0,0,0
West Indies,13,AR Nurse,TA Boult,JE Taylor,0,0,0
West Indies,13,AR Nurse,TA Boult,JE Taylor,0,0,0
West Indies,13,AR Nurse,TA Boult,JE Taylor,1,0,1
West Indies,13,JE Taylor,TA Boult,AR Nurse,0,0,0
West Indies,13,AR Nurse,TA Boult,S Badree,0,0,0
West Indies,14,S Badree,IS Sodhi,AR Nurse,0,0,0
West Indies,14,S Badree,IS Sodhi,AR Nurse,0,0,0
West Indies,14,S Badree,IS Sodhi,AR Nurse,1,0,1
West Indies,14,AR Nurse,IS Sodhi,S Badree,0,0,0
West Indies,14,AR Nurse,IS Sodhi,S Badree,0,0,0
West Indies,14,AR Nurse,IS Sodhi,S Badree,1,0,1
West Indies,15,AR Nurse,TA Boult,S Badree,0,0,0
West Indies,15,AR Nurse,TA Boult,S Badree,4,0,4
West Indies,15,AR Nurse,TA Boult,S Badree,1,0,1
West Indies,15,S Badree,TA Boult,AR Nurse,1,0,1
West Indies,15,AR Nurse,TA Boult,S Badree,1,0,1
West Indies,15,S Badree,TA Boult,AR Nurse,0,0,0
West Indies,16,AR Nurse,TG Southee,S Badree,0,0,0
West Indies,16,AR Nurse,TG Southee,S Badree,1,0,1
West Indies,16,S Badree,TG Southee,AR Nurse,0,0,0
