Team,Over,Batter,Bowler,Non_Striker,Batter_Runs,Extras,Total_Runs
Pakistan,0,Fakhar Zaman,SHA Rance,Umar Amin,1,0,1
Pakistan,0,Umar Amin,SHA Rance,Fakhar Zaman,0,0,0
Pakistan,0,Umar Amin,SHA Rance,Fakhar Zaman,0,0,0
Pakistan,0,Umar Amin,SHA Rance,Fakhar Zaman,0,0,0
Pakistan,0,Umar Amin,SHA Rance,Fakhar Zaman,0,0,0
Pakistan,0,Umar Amin,SHA Rance,Fakhar Zaman,0,0,0
Pakistan,1,Fakhar Zaman,TG Southee,Umar Amin,2,0,2
Pakistan,1,Fakhar Zaman,TG Southee,Umar Amin,0,0,0
Pakistan,1,Fakhar Zaman,TG Southee,Umar Amin,0,1,1
Pakistan,1,Fakhar Zaman,TG Southee,Umar Amin,0,0,0
Pakistan,1,Mohammad Nawaz (3),TG Southee,Umar Amin,0,0,0
Pakistan,1,Mohammad Nawaz (3),TG Southee,Umar Amin,0,0,0
Pakistan,1,Mohammad Nawaz (3),TG Southee,Umar Amin,0,0,0
Pakistan,2,Umar Amin,SHA Rance,Mohammad Nawaz (3),0,0,0
Pakistan,2,Umar Amin,SHA Rance,Mohammad Nawaz (3),0,0,0
Pakistan,2,Mohammad Nawaz (3),SHA Rance,Haris Sohail,4,0,4
Pakistan,2,Mohammad Nawaz (3),SHA Rance,Haris Sohail,0,0,0
Pakistan,2,Mohammad Nawaz (3),SHA Rance,Haris Sohail,0,0,0
Pakistan,2,Mohammad Nawaz (3),SHA Rance,Haris Sohail,2,0,2
Pakistan,3,Haris Sohail,TG Southee,Mohammad Nawaz (3),1,0,1
Pakistan,3,Mohammad Nawaz (3),TG Southee,Haris Sohail,1,0,1
Pakistan,3,Haris Sohail,TG Southee,Mohammad Nawaz (3),0,0,0
Pakistan,3,Haris Sohail,TG Southee,Mohammad Nawaz (3),3,0,3
Pakistan,3,Mohammad Nawaz (3),TG Southee,Haris Sohail,0,0,0
Pakistan,3,Babar Azam,TG Southee,Haris Sohail,0,0,0
Pakistan,4,Haris Sohail,C de Grandhomme,Babar Azam,1,0,1
Pakistan,4,Babar Azam,C de Grandhomme,Haris Sohail,0,0,0
Pakistan,4,Babar Azam,C de Grandhomme,Haris Sohail,1,0,1
Pakistan,4,Haris Sohail,C de Grandhomme,Babar Azam,0,0,0
Pakistan,4,Haris Sohail,C de Grandhomme,Babar Azam,4,0,4
Pakistan,4,Haris Sohail,C de Grandhomme,Babar Azam,0,0,0
Pakistan,5,Babar Azam,AK Kitchen,Haris Sohail,1,0,1
Pakistan,5,Haris Sohail,AK Kitchen,Babar Azam,0,0,0
Pakistan,5,Haris Sohail,AK Kitchen,Babar Azam,0,0,0
Pakistan,5,Haris Sohail,AK Kitchen,Babar Azam,0,0,0
Pakistan,5,Sarfraz Ahmed,AK Kitchen,Babar Azam,1,0,1
Pakistan,5,Babar Azam,AK Kitchen,Sarfraz Ahmed,1,0,1
Pakistan,6,Babar Azam,IS Sodhi,Sarfraz Ahmed,3,0,3
Pakistan,6,Sarfraz Ahmed,IS Sodhi,Babar Azam,0,0,0
Pakistan,6,Sarfraz Ahmed,IS Sodhi,Babar Azam,4,0,4
Pakistan,6,Sarfraz Ahmed,IS Sodhi,Babar Azam,0,0,0
Pakistan,6,Sarfraz Ahmed,IS Sodhi,Babar Azam,0,0,0
Pakistan,6,Sarfraz Ahmed,IS Sodhi,Babar Azam,0,0,0
Pakistan,7,Babar Azam,MJ Santner,Sarfraz Ahmed,0,0,0
Pakistan,7,Babar Azam,MJ Santner,Sarfraz Ahmed,1,0,1
Pakistan,7,Sarfraz Ahmed,MJ Santner,Babar Azam,1,0,1
Pakistan,7,Babar Azam,MJ Santner,Sarfraz Ahmed,1,0,1
Pakistan,7,Sarfraz Ahmed,MJ Santner,Babar Azam,0,0,0
Pakistan,7,Sarfraz Ahmed,MJ Santner,Babar Azam,1,0,1
Pakistan,8,Sarfraz Ahmed,IS Sodhi,Babar Azam,1,0,1
Pakistan,8,Babar Azam,IS Sodhi,Sarfraz Ahmed,1,0,1
Pakistan,8,Sarfraz Ahmed,IS Sodhi,Babar Azam,0,0,0
Pakistan,8,Sarfraz Ahmed,IS Sodhi,Babar Azam,0,0,0
Pakistan,8,Sarfraz Ahmed,IS Sodhi,Babar Azam,1,0,1
Pakistan,8,Babar Azam,IS Sodhi,Sarfraz Ahmed,0,0,0
Pakistan,9,Sarfraz Ahmed,MJ Santner,Babar Azam,0,0,0
Pakistan,9,Shadab Khan,MJ Santner,Babar Azam,0,0,0
Pakistan,9,Faheem Ashraf,MJ Santner,Babar Azam,0,0,0
Pakistan,9,Faheem Ashraf,MJ Santner,Babar Azam,0,0,0
Pakistan,9,Faheem Ashraf,MJ Santner,Babar Azam,1,0,1
Pakistan,9,Babar Azam,MJ Santner,Faheem Ashraf,0,0,0
Pakistan,10,Faheem Ashraf,IS Sodhi,Babar Azam,0,1,1
Pakistan,10,Faheem Ashraf,IS Sodhi,Babar Azam,0,0,0
Pakistan,10,Faheem Ashraf,IS Sodhi,Babar Azam,1,0,1
Pakistan,10,Babar Azam,IS Sodhi,Faheem Ashraf,0,0,0
Pakistan,10,Babar Azam,IS Sodhi,Faheem Ashraf,1,0,1
Pakistan,10,Faheem Ashraf,IS Sodhi,Babar Azam,1,0,1
Pakistan,10,Babar Azam,IS Sodhi,Faheem Ashraf,1,0,1
Pakistan,11,Babar Azam,MJ Santner,Faheem Ashraf,0,0,0
Pakistan,11,Babar Azam,MJ Santner,Faheem Ashraf,1,0,1
Pakistan,11,Faheem Ashraf,MJ Santner,Babar Azam,1,0,1
Pakistan,11,Babar Azam,MJ Santner,Faheem Ashraf,1,0,1
Pakistan,11,Faheem Ashraf,MJ Santner,Babar Azam,0,0,0
Pakistan,11,Faheem Ashraf,MJ Santner,Babar Azam,0,0,0
Pakistan,12,Babar Azam,C de Grandhomme,Faheem Ashraf,1,0,1
Pakistan,12,Faheem Ashraf,C de Grandhomme,Babar Azam,1,0,1
Pakistan,12,Babar Azam,C de Grandhomme,Faheem Ashraf,1,0,1
Pakistan,12,Faheem Ashraf,C de Grandhomme,Babar Azam,2,0,2
Pakistan,12,Faheem Ashraf,C de Grandhomme,Babar Azam,0,0,0
Pakistan,12,Faheem Ashraf,C de Grandhomme,Babar Azam,0,0,0
Pakistan,13,Babar Azam,TG Southee,Faheem Ashraf,0,0,0
Pakistan,13,Babar Azam,TG Southee,Faheem Ashraf,0,0,0
Pakistan,13,Babar Azam,TG Southee,Faheem Ashraf,0,0,0
Pakistan,13,Babar Azam,TG Southee,Faheem Ashraf,1,0,1
Pakistan,13,Faheem Ashraf,TG Southee,Babar Azam,0,0,0
Pakistan,13,Hasan Ali,TG Southee,Babar Azam,0,0,0
Pakistan,14,Babar Azam,IS Sodhi,Hasan Ali,1,0,1
Pakistan,14,Hasan Ali,IS Sodhi,Babar Azam,1,0,1
Pakistan,14,Babar Azam,IS Sodhi,Hasan Ali,1,0,1
Pakistan,14,Hasan Ali,IS Sodhi,Babar Azam,6,0,6
Pakistan,14,Hasan Ali,IS Sodhi,Babar Azam,0,0,0
Pakistan,14,Hasan Ali,IS Sodhi,Babar Azam,1,0,1
Pakistan,15,Hasan Ali,MJ Santner,Babar Azam,1,0,1
Pakistan,15,Babar Azam,MJ Santner,Hasan Ali,1,0,1
Pakistan,15,Hasan Ali,MJ Santner,Babar Azam,1,0,1
Pakistan,15,Babar Azam,MJ Santner,Hasan Ali,1,0,1
Pakistan,15,Hasan Ali,MJ Santner,Babar Azam,1,0,1
Pakistan,15,Babar Azam,MJ Santner,Hasan Ali,2,0,2
Pakistan,16,Hasan Ali,SHA Rance,Babar Azam,0,0,0
Pakistan,16,Hasan Ali,SHA Rance,Babar Azam,0,1,1
Pakistan,16,Hasan Ali,SHA Rance,Babar Azam,6,0,6
Pakistan,16,Hasan Ali,SHA Rance,Babar Azam,6,0,6
Pakistan,16,Hasan Ali,SHA Rance,Babar Azam,0,0,0
Pakistan,16,Babar Azam,SHA Rance,Mohammad Amir,1,0,1
Pakistan,16,Mohammad Amir,SHA Rance,Babar Azam,0,0,0
Pakistan,17,Babar Azam,TG Southee,Mohammad Amir,1,0,1
Pakistan,17,Mohammad Amir,TG Southee,Babar Azam,0,0,0
Pakistan,17,Mohammad Amir,TG Southee,Babar Azam,1,0,1
Pakistan,17,Babar Azam,TG Southee,Mohammad Amir,0,0,0
Pakistan,17,Babar Azam,TG Southee,Mohammad Amir,1,0,1
Pakistan,17,Mohammad Amir,TG Southee,Babar Azam,1,0,1
Pakistan,18,Mohammad Amir,SHA Rance,Babar Azam,1,0,1
Pakistan,18,Babar Azam,SHA Rance,Mohammad Amir,0,0,0
Pakistan,18,Babar Azam,SHA Rance,Mohammad Amir,1,0,1
Pakistan,18,Mohammad Amir,SHA Rance,Babar Azam,0,0,0
Pakistan,18,Babar Azam,SHA Rance,Rumman Raees,2,0,2
Pakistan,18,Babar Azam,SHA Rance,Rumman Raees,1,0,1
Pakistan,19,Babar Azam,C Munro,Rumman Raees,4,0,4
Pakistan,19,Babar Azam,C Munro,Rumman Raees,2,0,2
Pakistan,19,Babar Azam,C Munro,Rumman Raees,6,0,6
Pakistan,19,Babar Azam,C Munro,Rumman Raees,0,0,0
New Zealand,0,MJ Guptill,Mohammad Amir,C Munro,0,0,0
New Zealand,0,MJ Guptill,Mohammad Amir,C Munro,1,0,1
New Zealand,0,C Munro,Mohammad Amir,MJ Guptill,1,0,1
New Zealand,0,MJ Guptill,Mohammad Amir,C Munro,0,0,0
New Zealand,0,MJ Guptill,Mohammad Amir,C Munro,0,0,0
New Zealand,0,MJ Guptill,Mohammad Amir,C Munro,1,0,1
New Zealand,1,MJ Guptill,Rumman Raees,C Munro,0,0,0
New Zealand,1,C Munro,Rumman Raees,GD Phillips,1,0,1
New Zealand,1,GD Phillips,Rumman Raees,C Munro,0,0,0
New Zealand,1,GD Phillips,Rumman Raees,C Munro,0,0,0
New Zealand,1,GD Phillips,Rumman Raees,C Munro,0,0,0
New Zealand,1,GD Phillips,Rumman Raees,C Munro,1,0,1
New Zealand,2,GD Phillips,Mohammad Amir,C Munro,0,0,0
New Zealand,2,GD Phillips,Mohammad Amir,C Munro,1,0,1
New Zealand,2,C Munro,Mohammad Amir,GD Phillips,1,0,1
New Zealand,2,GD Phillips,Mohammad Amir,C Munro,0,0,0
New Zealand,2,GD Phillips,Mohammad Amir,C Munro,0,0,0
New Zealand,2,GD Phillips,Mohammad Amir,C Munro,1,0,1
New Zealand,3,GD Phillips,Rumman Raees,C Munro,0,0,0
New Zealand,3,GD Phillips,Rumman Raees,C Munro,0,0,0
New Zealand,3,TC Bruce,Rumman Raees,C Munro,0,0,0
New Zealand,3,TC Bruce,Rumman Raees,C Munro,1,0,1
New Zealand,3,C Munro,Rumman Raees,TC Bruce,1,0,1
New Zealand,3,TC Bruce,Rumman Raees,C Munro,4,0,4
New Zealand,4,C Munro,Mohammad Amir,TC Bruce,1,0,1
New Zealand,4,TC Bruce,Mohammad Amir,C Munro,0,0,0
New Zealand,4,TC Bruce,Mohammad Amir,C Munro,0,1,1
New Zealand,4,TC Bruce,Mohammad Amir,C Munro,1,0,1
New Zealand,4,C Munro,Mohammad Amir,TC Bruce,0,0,0
New Zealand,4,C Munro,Mohammad Amir,TC Bruce,2,0,2
New Zealand,4,C Munro,Mohammad Amir,TC Bruce,2,0,2
New Zealand,5,TC Bruce,Rumman Raees,C Munro,0,0,0
New Zealand,5,TC Bruce,Rumman Raees,C Munro,0,1,1
New Zealand,5,TC Bruce,Rumman Raees,C Munro,4,0,4
New Zealand,5,TC Bruce,Rumman Raees,C Munro,1,0,1
New Zealand,5,C Munro,Rumman Raees,TC Bruce,0,0,0
New Zealand,5,C Munro,Rumman Raees,TC Bruce,1,0,1
New Zealand,5,TC Bruce,Rumman Raees,C Munro,0,0,0
New Zealand,6,C Munro,Shadab Khan,TC Bruce,2,0,2
New Zealand,6,C Munro,Shadab Khan,TC Bruce,0,0,0
New Zealand,6,C Munro,Shadab Khan,TC Bruce,1,0,1
New Zealand,6,TC Bruce,Shadab Khan,C Munro,1,0,1
New Zealand,6,C Munro,Shadab Khan,TC Bruce,0,0,0
New Zealand,6,C Munro,Shadab Khan,TC Bruce,0,0,0
New Zealand,7,TC Bruce,Hasan Ali,C Munro,0,0,0
New Zealand,7,TC Bruce,Hasan Ali,C Munro,0,0,0
New Zealand,7,TC Bruce,Hasan Ali,C Munro,2,0,2
New Zealand,7,TC Bruce,Hasan Ali,C Munro,0,0,0
New Zealand,7,TC Bruce,Hasan Ali,C Munro,0,0,0
New Zealand,7,TC Bruce,Hasan Ali,C Munro,0,0,0
New Zealand,8,C Munro,Shadab Khan,TC Bruce,0,0,0
New Zealand,8,C Munro,Shadab Khan,TC Bruce,0,0,0
New Zealand,8,C Munro,Shadab Khan,TC Bruce,1,0,1
New Zealand,8,TC Bruce,Shadab Khan,C Munro,6,0,6
New Zealand,8,TC Bruce,Shadab Khan,C Munro,4,0,4
New Zealand,8,TC Bruce,Shadab Khan,C Munro,0,0,0
New Zealand,9,C Munro,Hasan Ali,TC Bruce,4,0,4
New Zealand,9,C Munro,Hasan Ali,TC Bruce,4,0,4
New Zealand,9,C Munro,Hasan Ali,TC Bruce,1,0,1
New Zealand,9,TC Bruce,Hasan Ali,C Munro,1,0,1
New Zealand,9,C Munro,Hasan Ali,TC Bruce,1,0,1
New Zealand,9,TC Bruce,Hasan Ali,C Munro,1,0,1
New Zealand,10,TC Bruce,Shadab Khan,C Munro,0,0,0
New Zealand,10,C Munro,Shadab Khan,LRPL Taylor,0,0,0
New Zealand,10,C Munro,Shadab Khan,LRPL Taylor,0,0,0
New Zealand,10,C Munro,Shadab Khan,LRPL Taylor,0,0,0
New Zealand,10,C Munro,Shadab Khan,LRPL Taylor,0,0,0
New Zealand,10,C Munro,Shadab Khan,LRPL Taylor,1,0,1
New Zealand,11,C Munro,Faheem Ashraf,LRPL Taylor,1,0,1
New Zealand,11,LRPL Taylor,Faheem Ashraf,C Munro,2,0,2
New Zealand,11,LRPL Taylor,Faheem Ashraf,C Munro,1,0,1
New Zealand,11,C Munro,Faheem Ashraf,LRPL Taylor,1,0,1
New Zealand,11,LRPL Taylor,Faheem Ashraf,C Munro,2,0,2
New Zealand,11,LRPL Taylor,Faheem Ashraf,C Munro,1,0,1
New Zealand,12,LRPL Taylor,Mohammad Nawaz (3),C Munro,1,0,1
New Zealand,12,C Munro,Mohammad Nawaz (3),LRPL Taylor,1,0,1
New Zealand,12,LRPL Taylor,Mohammad Nawaz (3),C Munro,1,0,1
New Zealand,12,C Munro,Mohammad Nawaz (3),LRPL Taylor,4,0,4
New Zealand,12,C Munro,Mohammad Nawaz (3),LRPL Taylor,6,0,6
New Zealand,12,C Munro,Mohammad Nawaz (3),LRPL Taylor,1,0,1
New Zealand,13,C Munro,Rumman Raees,LRPL Taylor,6,0,6
New Zealand,13,C Munro,Rumman Raees,LRPL Taylor,0,0,0
New Zealand,13,C Munro,Rumman Raees,LRPL Taylor,1,0,1
New Zealand,13,LRPL Taylor,Rumman Raees,C Munro,1,0,1
New Zealand,13,C Munro,Rumman Raees,LRPL Taylor,1,0,1
New Zealand,13,LRPL Taylor,Rumman Raees,C Munro,0,0,0
New Zealand,14,C Munro,Shadab Khan,LRPL Taylor,0,0,0
New Zealand,14,C Munro,Shadab Khan,LRPL Taylor,0,0,0
New Zealand,14,C Munro,Shadab Khan,LRPL Taylor,0,1,1
New Zealand,14,LRPL Taylor,Shadab Khan,C Munro,1,0,1
New Zealand,14,C Munro,Shadab Khan,LRPL Taylor,0,0,0
New Zealand,14,C Munro,Shadab Khan,LRPL Taylor,1,0,1
New Zealand,15,C Munro,Hasan Ali,LRPL Taylor,1,0,1
New Zealand,15,LRPL Taylor,Hasan Ali,C Munro,0,0,0
New Zealand,15,LRPL Taylor,Hasan Ali,C Munro,4,0,4
New Zealand,15,LRPL Taylor,Hasan Ali,C Munro,4,0,4
New Zealand,15,LRPL Taylor,Hasan Ali,C Munro,4,0,4
New Zealand,15,LRPL Taylor,Hasan Ali,C Munro,0,1,1
