Team,Over,Batter,Bowler,Non_Striker,Batter_Runs,Extras,Total_Runs
Pakistan,0,Fakhar Zaman,S Badree,Ahmed Shehzad,1,0,1
Pakistan,0,Ahmed Shehzad,S Badree,Fakhar Zaman,0,0,0
Pakistan,0,Ahmed Shehzad,S Badree,Fakhar Zaman,4,0,4
Pakistan,0,Ahmed Shehzad,S Badree,Fakhar Zaman,1,0,1
Pakistan,0,Fakhar Zaman,S Badree,Ahmed Shehzad,4,0,4
Pakistan,0,Fakhar Zaman,S Badree,Ahmed Shehzad,2,0,2
Pakistan,1,Ahmed Shehzad,M Morkel,Fakhar Zaman,4,0,4
Pakistan,1,Ahmed Shehzad,M Morkel,Fakhar Zaman,4,0,4
Pakistan,1,Ahmed Shehzad,M Morkel,Fakhar Zaman,1,0,1
Pakistan,1,Fakhar Zaman,M Morkel,Ahmed Shehzad,0,0,0
Pakistan,1,Fakhar Zaman,M Morkel,Ahmed Shehzad,0,0,0
Pakistan,1,Fakhar Zaman,M Morkel,Ahmed Shehzad,1,0,1
Pakistan,2,Fakhar Zaman,S Badree,Ahmed Shehzad,0,0,0
Pakistan,2,Fakhar Zaman,S Badree,Ahmed Shehzad,0,0,0
Pakistan,2,Fakhar Zaman,S Badree,Ahmed Shehzad,0,0,0
Pakistan,2,Fakhar Zaman,S Badree,Ahmed Shehzad,4,0,4
Pakistan,2,Fakhar Zaman,S Badree,Ahmed Shehzad,1,0,1
Pakistan,2,Ahmed Shehzad,S Badree,Fakhar Zaman,1,0,1
Pakistan,3,Ahmed Shehzad,M Morkel,Fakhar Zaman,4,0,4
Pakistan,3,Ahmed Shehzad,M Morkel,Fakhar Zaman,1,0,1
Pakistan,3,Fakhar Zaman,M Morkel,Ahmed Shehzad,0,0,0
Pakistan,3,Fakhar Zaman,M Morkel,Ahmed Shehzad,0,0,0
Pakistan,3,Fakhar Zaman,M Morkel,Ahmed Shehzad,1,0,1
Pakistan,3,Ahmed Shehzad,M Morkel,Fakhar Zaman,0,0,0
Pakistan,4,Fakhar Zaman,BCJ Cutting,Ahmed Shehzad,0,0,0
Pakistan,4,Fakhar Zaman,BCJ Cutting,Ahmed Shehzad,0,0,0
Pakistan,4,Fakhar Zaman,BCJ Cutting,Ahmed Shehzad,0,0,0
Pakistan,4,Fakhar Zaman,BCJ Cutting,Ahmed Shehzad,2,0,2
Pakistan,4,Fakhar Zaman,BCJ Cutting,Ahmed Shehzad,1,0,1
Pakistan,4,Ahmed Shehzad,BCJ Cutting,Fakhar Zaman,1,0,1
Pakistan,5,Ahmed Shehzad,NLTC Perera,Fakhar Zaman,4,0,4
Pakistan,5,Ahmed Shehzad,NLTC Perera,Fakhar Zaman,0,0,0
Pakistan,5,Ahmed Shehzad,NLTC Perera,Fakhar Zaman,1,0,1
Pakistan,5,Fakhar Zaman,NLTC Perera,Ahmed Shehzad,6,0,6
Pakistan,5,Fakhar Zaman,NLTC Perera,Ahmed Shehzad,1,0,1
Pakistan,5,Ahmed Shehzad,NLTC Perera,Fakhar Zaman,1,0,1
Pakistan,6,Ahmed Shehzad,DJG Sammy,Fakhar Zaman,1,0,1
Pakistan,6,Fakhar Zaman,DJG Sammy,Ahmed Shehzad,0,0,0
Pakistan,6,Fakhar Zaman,DJG Sammy,Ahmed Shehzad,1,0,1
Pakistan,6,Ahmed Shehzad,DJG Sammy,Fakhar Zaman,0,0,0
Pakistan,6,Ahmed Shehzad,DJG Sammy,Fakhar Zaman,0,0,0
Pakistan,6,Ahmed Shehzad,DJG Sammy,Fakhar Zaman,0,0,0
Pakistan,7,Fakhar Zaman,Imran Tahir,Ahmed Shehzad,1,0,1
Pakistan,7,Ahmed Shehzad,Imran Tahir,Fakhar Zaman,0,0,0
Pakistan,7,Ahmed Shehzad,Imran Tahir,Fakhar Zaman,1,0,1
Pakistan,7,Fakhar Zaman,Imran Tahir,Ahmed Shehzad,1,0,1
Pakistan,7,Ahmed Shehzad,Imran Tahir,Fakhar Zaman,2,0,2
Pakistan,7,Ahmed Shehzad,Imran Tahir,Fakhar Zaman,1,0,1
Pakistan,8,Ahmed Shehzad,DJG Sammy,Fakhar Zaman,2,0,2
Pakistan,8,Ahmed Shehzad,DJG Sammy,Fakhar Zaman,0,0,0
Pakistan,8,Ahmed Shehzad,DJG Sammy,Babar Azam,1,0,1
Pakistan,8,Babar Azam,DJG Sammy,Ahmed Shehzad,1,0,1
Pakistan,8,Ahmed Shehzad,DJG Sammy,Babar Azam,1,0,1
Pakistan,8,Babar Azam,DJG Sammy,Ahmed Shehzad,2,0,2
Pakistan,9,Ahmed Shehzad,Imran Tahir,Babar Azam,0,0,0
Pakistan,9,Ahmed Shehzad,Imran Tahir,Babar Azam,2,0,2
Pakistan,9,Ahmed Shehzad,Imran Tahir,Babar Azam,4,0,4
Pakistan,9,Ahmed Shehzad,Imran Tahir,Babar Azam,1,0,1
Pakistan,9,Babar Azam,Imran Tahir,Ahmed Shehzad,2,0,2
Pakistan,9,Babar Azam,Imran Tahir,Ahmed Shehzad,1,0,1
Pakistan,10,Babar Azam,DJG Sammy,Ahmed Shehzad,1,0,1
Pakistan,10,Ahmed Shehzad,DJG Sammy,Babar Azam,1,0,1
Pakistan,10,Babar Azam,DJG Sammy,Ahmed Shehzad,4,0,4
Pakistan,10,Babar Azam,DJG Sammy,Ahmed Shehzad,1,0,1
Pakistan,10,Ahmed Shehzad,DJG Sammy,Babar Azam,1,0,1
Pakistan,10,Babar Azam,DJG Sammy,Ahmed Shehzad,1,0,1
Pakistan,11,Babar Azam,S Badree,Ahmed Shehzad,1,0,1
Pakistan,11,Ahmed Shehzad,S Badree,Babar Azam,2,0,2
Pakistan,11,Ahmed Shehzad,S Badree,Babar Azam,1,0,1
Pakistan,11,Babar Azam,S Badree,Ahmed Shehzad,4,0,4
Pakistan,11,Babar Azam,S Badree,Ahmed Shehzad,1,0,1
Pakistan,11,Ahmed Shehzad,S Badree,Babar Azam,1,0,1
Pakistan,12,Ahmed Shehzad,DJG Sammy,Babar Azam,1,0,1
Pakistan,12,Babar Azam,DJG Sammy,Ahmed Shehzad,1,0,1
Pakistan,12,Ahmed Shehzad,DJG Sammy,Babar Azam,1,0,1
Pakistan,12,Babar Azam,DJG Sammy,Ahmed Shehzad,1,0,1
Pakistan,12,Ahmed Shehzad,DJG Sammy,Babar Azam,1,0,1
Pakistan,12,Babar Azam,DJG Sammy,Ahmed Shehzad,1,0,1
Pakistan,13,Babar Azam,NLTC Perera,Ahmed Shehzad,1,0,1
Pakistan,13,Ahmed Shehzad,NLTC Perera,Babar Azam,1,0,1
Pakistan,13,Babar Azam,NLTC Perera,Ahmed Shehzad,1,0,1
Pakistan,13,Ahmed Shehzad,NLTC Perera,Babar Azam,1,0,1
Pakistan,13,Babar Azam,NLTC Perera,Ahmed Shehzad,1,0,1
Pakistan,13,Ahmed Shehzad,NLTC Perera,Babar Azam,1,0,1
Pakistan,14,Ahmed Shehzad,Imran Tahir,Babar Azam,1,0,1
Pakistan,14,Babar Azam,Imran Tahir,Ahmed Shehzad,2,0,2
Pakistan,14,Babar Azam,Imran Tahir,Ahmed Shehzad,1,0,1
Pakistan,14,Ahmed Shehzad,Imran Tahir,Babar Azam,1,0,1
Pakistan,14,Babar Azam,Imran Tahir,Ahmed Shehzad,4,0,4
Pakistan,14,Babar Azam,Imran Tahir,Ahmed Shehzad,1,0,1
Pakistan,15,Babar Azam,NLTC Perera,Ahmed Shehzad,4,0,4
Pakistan,15,Babar Azam,NLTC Perera,Ahmed Shehzad,0,1,1
Pakistan,15,Babar Azam,NLTC Perera,Ahmed Shehzad,1,0,1
Pakistan,15,Ahmed Shehzad,NLTC Perera,Babar Azam,2,0,2
Pakistan,15,Ahmed Shehzad,NLTC Perera,Babar Azam,0,0,0
Pakistan,15,Ahmed Shehzad,NLTC Perera,Babar Azam,1,0,1
Pakistan,15,Babar Azam,NLTC Perera,Ahmed Shehzad,1,0,1
Pakistan,16,Babar Azam,M Morkel,Ahmed Shehzad,4,0,4
Pakistan,16,Babar Azam,M Morkel,Ahmed Shehzad,1,0,1
Pakistan,16,Ahmed Shehzad,M Morkel,Babar Azam,4,0,4
Pakistan,16,Ahmed Shehzad,M Morkel,Babar Azam,4,0,4
Pakistan,16,Ahmed Shehzad,M Morkel,Babar Azam,0,0,0
Pakistan,16,Ahmed Shehzad,M Morkel,Babar Azam,2,0,2
Pakistan,17,Babar Azam,BCJ Cutting,Ahmed Shehzad,1,0,1
Pakistan,17,Ahmed Shehzad,BCJ Cutting,Babar Azam,6,0,6
Pakistan,17,Ahmed Shehzad,BCJ Cutting,Babar Azam,6,0,6
Pakistan,17,Ahmed Shehzad,BCJ Cutting,Babar Azam,6,0,6
Pakistan,17,Ahmed Shehzad,BCJ Cutting,Babar Azam,1,0,1
Pakistan,17,Babar Azam,BCJ Cutting,Ahmed Shehzad,0,1,1
Pakistan,17,Babar Azam,BCJ Cutting,Shoaib Malik,1,0,1
Pakistan,18,Babar Azam,M Morkel,Shoaib Malik,1,0,1
Pakistan,18,Shoaib Malik,M Morkel,Babar Azam,1,0,1
Pakistan,18,Babar Azam,M Morkel,Shoaib Malik,1,0,1
Pakistan,18,Shoaib Malik,M Morkel,Babar Azam,0,0,0
Pakistan,18,Shoaib Malik,M Morkel,Babar Azam,6,0,6
Pakistan,18,Shoaib Malik,M Morkel,Babar Azam,2,0,2
Pakistan,19,Babar Azam,NLTC Perera,Shoaib Malik,0,0,0
Pakistan,19,Shoaib Malik,NLTC Perera,Imad Wasim,6,0,6
Pakistan,19,Shoaib Malik,NLTC Perera,Imad Wasim,1,0,1
Pakistan,19,Imad Wasim,NLTC Perera,Shoaib Malik,0,0,0
Pakistan,19,Imad Wasim,NLTC Perera,Shoaib Malik,0,0,0
Pakistan,19,Shoaib Malik,NLTC Perera,Sarfraz Ahmed,1,0,1
ICC World XI,0,Tamim Iqbal,Imad Wasim,HM Amla,0,0,0
ICC World XI,0,Tamim Iqbal,Imad Wasim,HM Amla,4,0,4
ICC World XI,0,Tamim Iqbal,Imad Wasim,HM Amla,4,0,4
ICC World XI,0,Tamim Iqbal,Imad Wasim,HM Amla,0,0,0
ICC World XI,0,Tamim Iqbal,Imad Wasim,HM Amla,4,0,4
ICC World XI,0,Tamim Iqbal,Imad Wasim,HM Amla,1,0,1
ICC World XI,1,Tamim Iqbal,Usman Shinwari,HM Amla,0,0,0
ICC World XI,1,Tamim Iqbal,Usman Shinwari,HM Amla,0,0,0
ICC World XI,1,Tamim Iqbal,Usman Shinwari,HM Amla,1,0,1
ICC World XI,1,HM Amla,Usman Shinwari,Tamim Iqbal,0,0,0
ICC World XI,1,HM Amla,Usman Shinwari,Tamim Iqbal,1,0,1
ICC World XI,1,Tamim Iqbal,Usman Shinwari,HM Amla,0,0,0
ICC World XI,2,HM Amla,Imad Wasim,BCJ Cutting,0,1,1
ICC World XI,2,HM Amla,Imad Wasim,BCJ Cutting,4,0,4
ICC World XI,2,HM Amla,Imad Wasim,BCJ Cutting,1,0,1
ICC World XI,2,BCJ Cutting,Imad Wasim,HM Amla,0,0,0
ICC World XI,2,BCJ Cutting,Imad Wasim,HM Amla,1,0,1
ICC World XI,2,HM Amla,Imad Wasim,BCJ Cutting,0,0,0
ICC World XI,2,HM Amla,Imad Wasim,BCJ Cutting,1,0,1
ICC World XI,3,HM Amla,Usman Shinwari,BCJ Cutting,2,0,2
ICC World XI,3,HM Amla,Usman Shinwari,BCJ Cutting,4,0,4
ICC World XI,3,HM Amla,Usman Shinwari,BCJ Cutting,0,0,0
ICC World XI,3,HM Amla,Usman Shinwari,BCJ Cutting,4,0,4
ICC World XI,3,HM Amla,Usman Shinwari,BCJ Cutting,4,0,4
ICC World XI,3,HM Amla,Usman Shinwari,BCJ Cutting,0,0,0
ICC World XI,4,BCJ Cutting,Hasan Ali,HM Amla,4,0,4
ICC World XI,4,BCJ Cutting,Hasan Ali,HM Amla,0,0,0
ICC World XI,4,F du Plessis,Hasan Ali,HM Amla,0,0,0
ICC World XI,4,F du Plessis,Hasan Ali,GJ Bailey,1,0,1
ICC World XI,4,GJ Bailey,Hasan Ali,F du Plessis,0,0,0
ICC World XI,4,GJ Bailey,Hasan Ali,F du Plessis,1,0,1
ICC World XI,5,GJ Bailey,Rumman Raees,F du Plessis,0,0,0
ICC World XI,5,GJ Bailey,Rumman Raees,F du Plessis,0,0,0
ICC World XI,5,GJ Bailey,Rumman Raees,F du Plessis,0,0,0
ICC World XI,5,GJ Bailey,Rumman Raees,F du Plessis,0,0,0
ICC World XI,5,GJ Bailey,Rumman Raees,F du Plessis,0,0,0
ICC World XI,5,GJ Bailey,Rumman Raees,F du Plessis,0,0,0
ICC World XI,6,F du Plessis,Mohammad Nawaz (3),GJ Bailey,0,0,0
ICC World XI,6,F du Plessis,Mohammad Nawaz (3),GJ Bailey,1,0,1
ICC World XI,6,GJ Bailey,Mohammad Nawaz (3),F du Plessis,1,0,1
ICC World XI,6,F du Plessis,Mohammad Nawaz (3),GJ Bailey,4,0,4
ICC World XI,6,F du Plessis,Mohammad Nawaz (3),GJ Bailey,1,0,1
ICC World XI,6,GJ Bailey,Mohammad Nawaz (3),F du Plessis,0,0,0
ICC World XI,7,F du Plessis,Imad Wasim,GJ Bailey,1,0,1
ICC World XI,7,GJ Bailey,Imad Wasim,F du Plessis,1,0,1
ICC World XI,7,F du Plessis,Imad Wasim,GJ Bailey,1,0,1
ICC World XI,7,GJ Bailey,Imad Wasim,F du Plessis,0,0,0
ICC World XI,7,DA Miller,Imad Wasim,F du Plessis,0,0,0
ICC World XI,7,DA Miller,Imad Wasim,F du Plessis,0,0,0
ICC World XI,8,F du Plessis,Shadab Khan,DA Miller,1,0,1
ICC World XI,8,DA Miller,Shadab Khan,F du Plessis,0,0,0
ICC World XI,8,DA Miller,Shadab Khan,F du Plessis,1,0,1
ICC World XI,8,F du Plessis,Shadab Khan,DA Miller,1,0,1
ICC World XI,8,DA Miller,Shadab Khan,F du Plessis,1,0,1
ICC World XI,8,F du Plessis,Shadab Khan,DA Miller,1,0,1
ICC World XI,9,F du Plessis,Imad Wasim,DA Miller,1,0,1
ICC World XI,9,DA Miller,Imad Wasim,F du Plessis,0,0,0
ICC World XI,9,DA Miller,Imad Wasim,F du Plessis,6,0,6
ICC World XI,9,DA Miller,Imad Wasim,F du Plessis,0,0,0
ICC World XI,9,DA Miller,Imad Wasim,F du Plessis,0,2,2
ICC World XI,9,F du Plessis,Imad Wasim,DA Miller,0,0,0
ICC World XI,9,DA Miller,Imad Wasim,NLTC Perera,1,0,1
ICC World XI,10,DA Miller,Shadab Khan,NLTC Perera,0,0,0
ICC World XI,10,DA Miller,Shadab Khan,NLTC Perera,1,0,1
ICC World XI,10,NLTC Perera,Shadab Khan,DA Miller,1,0,1
ICC World XI,10,DA Miller,Shadab Khan,NLTC Perera,1,0,1
ICC World XI,10,NLTC Perera,Shadab Khan,DA Miller,1,0,1
ICC World XI,10,DA Miller,Shadab Khan,NLTC Perera,1,0,1
ICC World XI,11,DA Miller,Hasan Ali,NLTC Perera,1,0,1
ICC World XI,11,NLTC Perera,Hasan Ali,DA Miller,1,0,1
ICC World XI,11,DA Miller,Hasan Ali,NLTC Perera,0,0,0
ICC World XI,11,DA Miller,Hasan Ali,NLTC Perera,1,0,1
ICC World XI,11,NLTC Perera,Hasan Ali,DA Miller,1,0,1
ICC World XI,11,DA Miller,Hasan Ali,NLTC Perera,4,0,4
ICC World XI,12,NLTC Perera,Shadab Khan,DA Miller,6,0,6
ICC World XI,12,NLTC Perera,Shadab Khan,DA Miller,6,0,6
ICC World XI,12,NLTC Perera,Shadab Khan,DA Miller,6,0,6
ICC World XI,12,NLTC Perera,Shadab Khan,DA Miller,4,0,4
ICC World XI,12,NLTC Perera,Shadab Khan,DA Miller,1,0,1
ICC World XI,12,DA Miller,Shadab Khan,NLTC Perera,1,0,1
ICC World XI,13,DA Miller,Rumman Raees,NLTC Perera,1,0,1
ICC World XI,13,NLTC Perera,Rumman Raees,DA Miller,0,0,0
ICC World XI,13,NLTC Perera,Rumman Raees,DA Miller,1,0,1
ICC World XI,13,DA Miller,Rumman Raees,NLTC Perera,1,0,1
ICC World XI,13,NLTC Perera,Rumman Raees,DA Miller,4,0,4
ICC World XI,13,NLTC Perera,Rumman Raees,DA Miller,0,0,0
ICC World XI,14,DA Miller,Usman Shinwari,DJG Sammy,1,0,1
ICC World XI,14,DJG Sammy,Usman Shinwari,DA Miller,1,0,1
ICC World XI,14,DA Miller,Usman Shinwari,DJG Sammy,2,0,2
ICC World XI,14,DA Miller,Usman Shinwari,DJG Sammy,0,1,1
ICC World XI,14,DA Miller,Usman Shinwari,DJG Sammy,1,0,1
ICC World XI,14,DJG Sammy,Usman Shinwari,DA Miller,0,0,0
ICC World XI,14,DJG Sammy,Usman Shinwari,DA Miller,1,0,1
ICC World XI,15,DJG Sammy,Rumman Raees,DA Miller,0,0,0
ICC World XI,15,DJG Sammy,Rumman Raees,DA Miller,1,0,1
ICC World XI,15,DA Miller,Rumman Raees,DJG Sammy,0,1,1
ICC World XI,15,DJG Sammy,Rumman Raees,DA Miller,1,0,1
ICC World XI,15,DA Miller,Rumman Raees,DJG Sammy,2,0,2
ICC World XI,15,DA Miller,Rumman Raees,DJG Sammy,4,0,4
ICC World XI,16,DJG Sammy,Hasan Ali,DA Miller,6,0,6
ICC World XI,16,DJG Sammy,Hasan Ali,DA Miller,1,0,1
ICC World XI,16,DA Miller,Hasan Ali,DJG Sammy,0,0,0
ICC World XI,16,DA Miller,Hasan Ali,DJG Sammy,1,0,1
ICC World XI,16,DJG Sammy,Hasan Ali,DA Miller,1,0,1
ICC World XI,16,DA Miller,Hasan Ali,DJG Sammy,0,0,0
ICC World XI,17,M Morkel,Usman Shinwari,DJG Sammy,1,0,1
ICC World XI,17,DJG Sammy,Usman Shinwari,M Morkel,1,0,1
ICC World XI,17,M Morkel,Usman Shinwari,DJG Sammy,0,0,0
ICC World XI,17,DJG Sammy,Usman Shinwari,S Badree,0,0,0
ICC World XI,17,DJG Sammy,Usman Shinwari,S Badree,1,0,1
ICC World XI,17,S Badree,Usman Shinwari,DJG Sammy,0,0,0
ICC World XI,18,DJG Sammy,Hasan Ali,S Badree,0,0,0
ICC World XI,18,DJG Sammy,Hasan Ali,S Badree,4,0,4
ICC World XI,18,DJG Sammy,Hasan Ali,S Badree,0,0,0
ICC World XI,18,DJG Sammy,Hasan Ali,S Badree,0,0,0
ICC World XI,18,DJG Sammy,Hasan Ali,S Badree,1,0,1
ICC World XI,18,S Badree,Hasan Ali,DJG Sammy,0,0,0
ICC World XI,19,DJG Sammy,Rumman Raees,S Badree,0,0,0
ICC World XI,19,DJG Sammy,Rumman Raees,S Badree,0,0,0
ICC World XI,19,DJG Sammy,Rumman Raees,S Badree,0,0,0
ICC World XI,19,DJG Sammy,Rumman Raees,S Badree,0,0,0
ICC World XI,19,DJG Sammy,Rumman Raees,S Badree,4,0,4
ICC World XI,19,DJG Sammy,Rumman Raees,S Badree,1,0,1
