Team,Over,Batter,Bowler,Non_Striker,Batter_Runs,Extras,Total_Runs
Pakistan,0,Fakhar Zaman,M Morkel,Ahmed Shehzad,1,0,1
Pakistan,0,Ahmed Shehzad,M Morkel,Fakhar Zaman,0,1,1
Pakistan,0,Ahmed Shehzad,M Morkel,Fakhar Zaman,0,0,0
Pakistan,0,Ahmed Shehzad,M Morkel,Fakhar Zaman,0,0,0
Pakistan,0,Ahmed Shehzad,M Morkel,Fakhar Zaman,0,0,0
Pakistan,0,Ahmed Shehzad,M Morkel,Fakhar Zaman,0,0,0
Pakistan,0,Ahmed Shehzad,M Morkel,Fakhar Zaman,0,0,0
Pakistan,1,Fakhar Zaman,BCJ Cutting,Ahmed Shehzad,1,0,1
Pakistan,1,Ahmed Shehzad,BCJ Cutting,Fakhar Zaman,1,0,1
Pakistan,1,Fakhar Zaman,BCJ Cutting,Ahmed Shehzad,4,0,4
Pakistan,1,Fakhar Zaman,BCJ Cutting,Ahmed Shehzad,0,0,0
Pakistan,1,Fakhar Zaman,BCJ Cutting,Ahmed Shehzad,4,0,4
Pakistan,1,Fakhar Zaman,BCJ Cutting,Ahmed Shehzad,4,0,4
Pakistan,2,Ahmed Shehzad,S Badree,Fakhar Zaman,1,0,1
Pakistan,2,Fakhar Zaman,S Badree,Ahmed Shehzad,4,0,4
Pakistan,2,Fakhar Zaman,S Badree,Ahmed Shehzad,1,0,1
Pakistan,2,Ahmed Shehzad,S Badree,Fakhar Zaman,0,0,0
Pakistan,2,Ahmed Shehzad,S Badree,Fakhar Zaman,4,0,4
Pakistan,2,Ahmed Shehzad,S Badree,Fakhar Zaman,4,0,4
Pakistan,3,Fakhar Zaman,M Morkel,Ahmed Shehzad,1,0,1
Pakistan,3,Ahmed Shehzad,M Morkel,Fakhar Zaman,0,1,1
Pakistan,3,Fakhar Zaman,M Morkel,Ahmed Shehzad,0,1,1
Pakistan,3,Fakhar Zaman,M Morkel,Ahmed Shehzad,1,0,1
Pakistan,3,Ahmed Shehzad,M Morkel,Fakhar Zaman,0,0,0
Pakistan,3,Ahmed Shehzad,M Morkel,Fakhar Zaman,1,0,1
Pakistan,3,Fakhar Zaman,M Morkel,Ahmed Shehzad,0,0,0
Pakistan,4,Ahmed Shehzad,S Badree,Fakhar Zaman,0,1,1
Pakistan,4,Ahmed Shehzad,S Badree,Fakhar Zaman,4,0,4
Pakistan,4,Ahmed Shehzad,S Badree,Fakhar Zaman,0,0,0
Pakistan,4,Ahmed Shehzad,S Badree,Fakhar Zaman,1,0,1
Pakistan,4,Fakhar Zaman,S Badree,Ahmed Shehzad,0,0,0
Pakistan,4,Fakhar Zaman,S Badree,Ahmed Shehzad,0,0,0
Pakistan,4,Babar Azam,S Badree,Ahmed Shehzad,1,0,1
Pakistan,5,Babar Azam,M Morkel,Ahmed Shehzad,0,0,0
Pakistan,5,Babar Azam,M Morkel,Ahmed Shehzad,0,0,0
Pakistan,5,Babar Azam,M Morkel,Ahmed Shehzad,1,0,1
Pakistan,5,Ahmed Shehzad,M Morkel,Babar Azam,0,0,0
Pakistan,5,Ahmed Shehzad,M Morkel,Babar Azam,0,0,0
Pakistan,5,Ahmed Shehzad,M Morkel,Babar Azam,0,0,0
Pakistan,6,Babar Azam,PD Collingwood,Ahmed Shehzad,1,0,1
Pakistan,6,Ahmed Shehzad,PD Collingwood,Babar Azam,1,0,1
Pakistan,6,Babar Azam,PD Collingwood,Ahmed Shehzad,0,0,0
Pakistan,6,Babar Azam,PD Collingwood,Ahmed Shehzad,0,0,0
Pakistan,6,Babar Azam,PD Collingwood,Ahmed Shehzad,1,0,1
Pakistan,6,Ahmed Shehzad,PD Collingwood,Babar Azam,1,0,1
Pakistan,7,Ahmed Shehzad,NLTC Perera,Babar Azam,2,0,2
Pakistan,7,Ahmed Shehzad,NLTC Perera,Babar Azam,1,0,1
Pakistan,7,Babar Azam,NLTC Perera,Ahmed Shehzad,0,0,0
Pakistan,7,Babar Azam,NLTC Perera,Ahmed Shehzad,4,0,4
Pakistan,7,Babar Azam,NLTC Perera,Ahmed Shehzad,0,0,0
Pakistan,7,Babar Azam,NLTC Perera,Ahmed Shehzad,1,0,1
Pakistan,8,Babar Azam,PD Collingwood,Ahmed Shehzad,1,0,1
Pakistan,8,Ahmed Shehzad,PD Collingwood,Babar Azam,0,1,1
Pakistan,8,Ahmed Shehzad,PD Collingwood,Babar Azam,4,0,4
Pakistan,8,Ahmed Shehzad,PD Collingwood,Babar Azam,2,0,2
Pakistan,8,Ahmed Shehzad,PD Collingwood,Babar Azam,1,0,1
Pakistan,8,Babar Azam,PD Collingwood,Ahmed Shehzad,1,0,1
Pakistan,8,Ahmed Shehzad,PD Collingwood,Babar Azam,4,0,4
Pakistan,9,Babar Azam,NLTC Perera,Ahmed Shehzad,1,0,1
Pakistan,9,Ahmed Shehzad,NLTC Perera,Babar Azam,1,0,1
Pakistan,9,Babar Azam,NLTC Perera,Ahmed Shehzad,4,0,4
Pakistan,9,Babar Azam,NLTC Perera,Ahmed Shehzad,1,0,1
Pakistan,9,Ahmed Shehzad,NLTC Perera,Babar Azam,1,0,1
Pakistan,9,Babar Azam,NLTC Perera,Ahmed Shehzad,1,0,1
Pakistan,10,Babar Azam,Imran Tahir,Ahmed Shehzad,1,0,1
Pakistan,10,Ahmed Shehzad,Imran Tahir,Babar Azam,1,0,1
Pakistan,10,Babar Azam,Imran Tahir,Ahmed Shehzad,4,0,4
Pakistan,10,Babar Azam,Imran Tahir,Ahmed Shehzad,1,0,1
Pakistan,10,Ahmed Shehzad,Imran Tahir,Babar Azam,1,0,1
Pakistan,10,Babar Azam,Imran Tahir,Ahmed Shehzad,1,0,1
Pakistan,11,Babar Azam,BCJ Cutting,Ahmed Shehzad,2,0,2
Pakistan,11,Babar Azam,BCJ Cutting,Ahmed Shehzad,1,0,1
Pakistan,11,Ahmed Shehzad,BCJ Cutting,Babar Azam,1,0,1
Pakistan,11,Babar Azam,BCJ Cutting,Ahmed Shehzad,0,0,0
Pakistan,11,Babar Azam,BCJ Cutting,Ahmed Shehzad,0,1,1
Pakistan,11,Babar Azam,BCJ Cutting,Ahmed Shehzad,1,0,1
Pakistan,11,Ahmed Shehzad,BCJ Cutting,Babar Azam,6,0,6
Pakistan,12,Babar Azam,Imran Tahir,Ahmed Shehzad,1,0,1
Pakistan,12,Ahmed Shehzad,Imran Tahir,Babar Azam,0,0,0
Pakistan,12,Babar Azam,Imran Tahir,Shoaib Malik,0,0,0
Pakistan,12,Babar Azam,Imran Tahir,Shoaib Malik,4,0,4
Pakistan,12,Babar Azam,Imran Tahir,Shoaib Malik,1,0,1
Pakistan,12,Shoaib Malik,Imran Tahir,Babar Azam,1,0,1
Pakistan,13,Shoaib Malik,BCJ Cutting,Babar Azam,1,0,1
Pakistan,13,Babar Azam,BCJ Cutting,Shoaib Malik,4,0,4
Pakistan,13,Babar Azam,BCJ Cutting,Shoaib Malik,1,0,1
Pakistan,13,Shoaib Malik,BCJ Cutting,Babar Azam,1,0,1
Pakistan,13,Babar Azam,BCJ Cutting,Shoaib Malik,1,0,1
Pakistan,13,Shoaib Malik,BCJ Cutting,Babar Azam,1,0,1
Pakistan,14,Shoaib Malik,S Badree,Babar Azam,1,0,1
Pakistan,14,Babar Azam,S Badree,Shoaib Malik,1,0,1
Pakistan,14,Shoaib Malik,S Badree,Babar Azam,1,0,1
Pakistan,14,Babar Azam,S Badree,Shoaib Malik,1,0,1
Pakistan,14,Shoaib Malik,S Badree,Babar Azam,1,0,1
Pakistan,14,Babar Azam,S Badree,Shoaib Malik,1,0,1
Pakistan,15,Babar Azam,Imran Tahir,Shoaib Malik,1,0,1
Pakistan,15,Shoaib Malik,Imran Tahir,Babar Azam,0,0,0
Pakistan,15,Shoaib Malik,Imran Tahir,Babar Azam,6,0,6
Pakistan,15,Shoaib Malik,Imran Tahir,Babar Azam,0,0,0
Pakistan,15,Shoaib Malik,Imran Tahir,Babar Azam,4,0,4
Pakistan,15,Shoaib Malik,Imran Tahir,Babar Azam,0,1,1
Pakistan,15,Shoaib Malik,Imran Tahir,Babar Azam,1,0,1
Pakistan,16,Shoaib Malik,S Badree,Babar Azam,1,0,1
Pakistan,16,Babar Azam,S Badree,Shoaib Malik,0,0,0
Pakistan,16,Shoaib Malik,S Badree,Imad Wasim,1,0,1
Pakistan,16,Imad Wasim,S Badree,Shoaib Malik,1,0,1
Pakistan,16,Shoaib Malik,S Badree,Imad Wasim,1,0,1
Pakistan,16,Imad Wasim,S Badree,Shoaib Malik,0,0,0
Pakistan,17,Shoaib Malik,M Morkel,Imad Wasim,1,0,1
Pakistan,17,Imad Wasim,M Morkel,Shoaib Malik,4,0,4
Pakistan,17,Imad Wasim,M Morkel,Shoaib Malik,2,0,2
Pakistan,17,Imad Wasim,M Morkel,Shoaib Malik,4,0,4
Pakistan,17,Imad Wasim,M Morkel,Shoaib Malik,0,0,0
Pakistan,17,Imad Wasim,M Morkel,Shoaib Malik,0,1,1
Pakistan,17,Imad Wasim,M Morkel,Shoaib Malik,1,0,1
Pakistan,18,Imad Wasim,NLTC Perera,Shoaib Malik,0,1,1
Pakistan,18,Imad Wasim,NLTC Perera,Shoaib Malik,2,0,2
Pakistan,18,Imad Wasim,NLTC Perera,Shoaib Malik,1,0,1
Pakistan,18,Shoaib Malik,NLTC Perera,Imad Wasim,1,0,1
Pakistan,18,Imad Wasim,NLTC Perera,Shoaib Malik,0,0,0
Pakistan,18,Shoaib Malik,NLTC Perera,Sarfraz Ahmed,1,0,1
Pakistan,18,Sarfraz Ahmed,NLTC Perera,Shoaib Malik,0,0,0
Pakistan,19,Shoaib Malik,BCJ Cutting,Sohail Khan,6,0,6
Pakistan,19,Shoaib Malik,BCJ Cutting,Sohail Khan,2,0,2
Pakistan,19,Shoaib Malik,BCJ Cutting,Sohail Khan,0,1,1
Pakistan,19,Shoaib Malik,BCJ Cutting,Sohail Khan,1,0,1
Pakistan,19,Sohail Khan,BCJ Cutting,Shoaib Malik,1,0,1
Pakistan,19,Shoaib Malik,BCJ Cutting,Sohail Khan,6,0,6
Pakistan,19,Shoaib Malik,BCJ Cutting,Sohail Khan,0,0,0
ICC World XI,0,Tamim Iqbal,Imad Wasim,HM Amla,0,0,0
ICC World XI,0,Tamim Iqbal,Imad Wasim,HM Amla,1,0,1
ICC World XI,0,HM Amla,Imad Wasim,Tamim Iqbal,1,0,1
ICC World XI,0,Tamim Iqbal,Imad Wasim,HM Amla,1,0,1
ICC World XI,0,HM Amla,Imad Wasim,Tamim Iqbal,0,0,0
ICC World XI,0,HM Amla,Imad Wasim,Tamim Iqbal,2,0,2
ICC World XI,1,Tamim Iqbal,Sohail Khan,HM Amla,2,0,2
ICC World XI,1,Tamim Iqbal,Sohail Khan,HM Amla,0,0,0
ICC World XI,1,Tamim Iqbal,Sohail Khan,HM Amla,1,0,1
ICC World XI,1,HM Amla,Sohail Khan,Tamim Iqbal,1,0,1
ICC World XI,1,Tamim Iqbal,Sohail Khan,HM Amla,1,0,1
ICC World XI,1,HM Amla,Sohail Khan,Tamim Iqbal,4,0,4
ICC World XI,2,Tamim Iqbal,Imad Wasim,HM Amla,6,0,6
ICC World XI,2,Tamim Iqbal,Imad Wasim,HM Amla,4,0,4
ICC World XI,2,Tamim Iqbal,Imad Wasim,HM Amla,0,0,0
ICC World XI,2,Tamim Iqbal,Imad Wasim,HM Amla,2,0,2
ICC World XI,2,Tamim Iqbal,Imad Wasim,HM Amla,0,0,0
ICC World XI,2,Tamim Iqbal,Imad Wasim,HM Amla,4,0,4
ICC World XI,3,HM Amla,Usman Shinwari,Tamim Iqbal,1,0,1
ICC World XI,3,Tamim Iqbal,Usman Shinwari,HM Amla,0,1,1
ICC World XI,3,HM Amla,Usman Shinwari,Tamim Iqbal,4,0,4
ICC World XI,3,HM Amla,Usman Shinwari,Tamim Iqbal,0,0,0
ICC World XI,3,HM Amla,Usman Shinwari,Tamim Iqbal,4,0,4
ICC World XI,3,HM Amla,Usman Shinwari,Tamim Iqbal,1,0,1
ICC World XI,4,HM Amla,Rumman Raees,Tamim Iqbal,1,0,1
ICC World XI,4,Tamim Iqbal,Rumman Raees,HM Amla,0,0,0
ICC World XI,4,Tamim Iqbal,Rumman Raees,HM Amla,0,0,0
ICC World XI,4,Tamim Iqbal,Rumman Raees,HM Amla,1,0,1
ICC World XI,4,HM Amla,Rumman Raees,Tamim Iqbal,1,0,1
ICC World XI,4,Tamim Iqbal,Rumman Raees,HM Amla,0,0,0
ICC World XI,5,HM Amla,Sohail Khan,Tamim Iqbal,2,0,2
ICC World XI,5,HM Amla,Sohail Khan,Tamim Iqbal,1,0,1
ICC World XI,5,Tamim Iqbal,Sohail Khan,HM Amla,0,0,0
ICC World XI,5,TD Paine,Sohail Khan,HM Amla,1,0,1
ICC World XI,5,HM Amla,Sohail Khan,TD Paine,1,0,1
ICC World XI,5,TD Paine,Sohail Khan,HM Amla,0,0,0
ICC World XI,6,HM Amla,Mohammad Nawaz (3),TD Paine,1,0,1
ICC World XI,6,TD Paine,Mohammad Nawaz (3),HM Amla,1,0,1
ICC World XI,6,HM Amla,Mohammad Nawaz (3),TD Paine,0,0,0
ICC World XI,6,HM Amla,Mohammad Nawaz (3),TD Paine,1,0,1
ICC World XI,6,TD Paine,Mohammad Nawaz (3),HM Amla,4,0,4
ICC World XI,6,TD Paine,Mohammad Nawaz (3),HM Amla,0,0,0
ICC World XI,7,HM Amla,Imad Wasim,TD Paine,1,0,1
ICC World XI,7,TD Paine,Imad Wasim,HM Amla,0,0,0
ICC World XI,7,TD Paine,Imad Wasim,HM Amla,1,0,1
ICC World XI,7,HM Amla,Imad Wasim,TD Paine,0,0,0
ICC World XI,7,HM Amla,Imad Wasim,TD Paine,1,0,1
ICC World XI,7,TD Paine,Imad Wasim,HM Amla,1,0,1
ICC World XI,8,TD Paine,Shadab Khan,HM Amla,1,0,1
ICC World XI,8,HM Amla,Shadab Khan,TD Paine,6,0,6
ICC World XI,8,HM Amla,Shadab Khan,TD Paine,1,0,1
ICC World XI,8,TD Paine,Shadab Khan,HM Amla,1,0,1
ICC World XI,8,HM Amla,Shadab Khan,TD Paine,1,0,1
ICC World XI,8,TD Paine,Shadab Khan,HM Amla,0,0,0
ICC World XI,9,HM Amla,Imad Wasim,TD Paine,1,0,1
ICC World XI,9,TD Paine,Imad Wasim,HM Amla,0,0,0
ICC World XI,9,F du Plessis,Imad Wasim,HM Amla,0,0,0
ICC World XI,9,F du Plessis,Imad Wasim,HM Amla,0,0,0
ICC World XI,9,F du Plessis,Imad Wasim,HM Amla,1,0,1
ICC World XI,9,HM Amla,Imad Wasim,F du Plessis,0,0,0
ICC World XI,10,F du Plessis,Shadab Khan,HM Amla,1,0,1
ICC World XI,10,HM Amla,Shadab Khan,F du Plessis,1,0,1
ICC World XI,10,F du Plessis,Shadab Khan,HM Amla,1,0,1
ICC World XI,10,HM Amla,Shadab Khan,F du Plessis,1,0,1
ICC World XI,10,F du Plessis,Shadab Khan,HM Amla,1,0,1
ICC World XI,10,HM Amla,Shadab Khan,F du Plessis,1,0,1
ICC World XI,11,HM Amla,Mohammad Nawaz (3),F du Plessis,1,0,1
ICC World XI,11,F du Plessis,Mohammad Nawaz (3),HM Amla,0,0,0
ICC World XI,11,F du Plessis,Mohammad Nawaz (3),HM Amla,1,0,1
ICC World XI,11,HM Amla,Mohammad Nawaz (3),F du Plessis,0,0,0
ICC World XI,11,HM Amla,Mohammad Nawaz (3),F du Plessis,6,0,6
ICC World XI,11,HM Amla,Mohammad Nawaz (3),F du Plessis,0,0,0
ICC World XI,12,F du Plessis,Shadab Khan,HM Amla,1,0,1
ICC World XI,12,HM Amla,Shadab Khan,F du Plessis,0,0,0
ICC World XI,12,HM Amla,Shadab Khan,F du Plessis,1,0,1
ICC World XI,12,F du Plessis,Shadab Khan,HM Amla,6,0,6
ICC World XI,12,F du Plessis,Shadab Khan,HM Amla,1,0,1
ICC World XI,12,HM Amla,Shadab Khan,F du Plessis,1,0,1
ICC World XI,13,HM Amla,Mohammad Nawaz (3),F du Plessis,1,0,1
ICC World XI,13,HM Amla,Mohammad Nawaz (3),F du Plessis,1,0,1
ICC World XI,13,F du Plessis,Mohammad Nawaz (3),HM Amla,1,0,1
ICC World XI,13,HM Amla,Mohammad Nawaz (3),F du Plessis,1,0,1
ICC World XI,13,F du Plessis,Mohammad Nawaz (3),HM Amla,6,0,6
ICC World XI,13,F du Plessis,Mohammad Nawaz (3),HM Amla,0,0,0
ICC World XI,14,NLTC Perera,Shadab Khan,HM Amla,1,0,1
ICC World XI,14,HM Amla,Shadab Khan,NLTC Perera,1,0,1
ICC World XI,14,NLTC Perera,Shadab Khan,HM Amla,1,0,1
ICC World XI,14,HM Amla,Shadab Khan,NLTC Perera,1,0,1
ICC World XI,14,NLTC Perera,Shadab Khan,HM Amla,1,0,1
ICC World XI,14,HM Amla,Shadab Khan,NLTC Perera,1,0,1
ICC World XI,15,HM Amla,Rumman Raees,NLTC Perera,2,0,2
ICC World XI,15,HM Amla,Rumman Raees,NLTC Perera,1,0,1
ICC World XI,15,NLTC Perera,Rumman Raees,HM Amla,1,0,1
ICC World XI,15,HM Amla,Rumman Raees,NLTC Perera,4,0,4
ICC World XI,15,HM Amla,Rumman Raees,NLTC Perera,0,0,0
ICC World XI,15,HM Amla,Rumman Raees,NLTC Perera,4,0,4
ICC World XI,16,NLTC Perera,Sohail Khan,HM Amla,0,0,0
ICC World XI,16,NLTC Perera,Sohail Khan,HM Amla,1,0,1
ICC World XI,16,HM Amla,Sohail Khan,NLTC Perera,1,0,1
ICC World XI,16,NLTC Perera,Sohail Khan,HM Amla,6,0,6
ICC World XI,16,NLTC Perera,Sohail Khan,HM Amla,1,0,1
ICC World XI,16,HM Amla,Sohail Khan,NLTC Perera,1,0,1
ICC World XI,17,HM Amla,Rumman Raees,NLTC Perera,0,0,0
ICC World XI,17,HM Amla,Rumman Raees,NLTC Perera,1,0,1
ICC World XI,17,NLTC Perera,Rumman Raees,HM Amla,6,0,6
ICC World XI,17,NLTC Perera,Rumman Raees,HM Amla,1,0,1
ICC World XI,17,HM Amla,Rumman Raees,NLTC Perera,0,0,0
ICC World XI,17,HM Amla,Rumman Raees,NLTC Perera,0,0,0
ICC World XI,18,NLTC Perera,Sohail Khan,HM Amla,6,0,6
ICC World XI,18,NLTC Perera,Sohail Khan,HM Amla,2,0,2
ICC World XI,18,NLTC Perera,Sohail Khan,HM Amla,0,1,1
ICC World XI,18,NLTC Perera,Sohail Khan,HM Amla,2,0,2
ICC World XI,18,NLTC Perera,Sohail Khan,HM Amla,2,0,2
ICC World XI,18,NLTC Perera,Sohail Khan,HM Amla,6,0,6
ICC World XI,18,NLTC Perera,Sohail Khan,HM Amla,1,0,1
ICC World XI,19,NLTC Perera,Rumman Raees,HM Amla,0,1,1
ICC World XI,19,NLTC Perera,Rumman Raees,HM Amla,2,0,2
ICC World XI,19,NLTC Perera,Rumman Raees,HM Amla,1,0,1
ICC World XI,19,HM Amla,Rumman Raees,NLTC Perera,2,0,2
ICC World XI,19,HM Amla,Rumman Raees,NLTC Perera,1,0,1
ICC World XI,19,NLTC Perera,Rumman Raees,HM Amla,6,0,6
