Team,Over,Batter,Bowler,Non_Striker,Batter_Runs,Extras,Total_Runs
England,0,JJ Roy,B Kumar,JC Buttler,0,0,0
England,0,JJ Roy,B Kumar,JC Buttler,2,0,2
England,0,JJ Roy,B Kumar,JC Buttler,0,0,0
England,0,JJ Roy,B Kumar,JC Buttler,4,0,4
England,0,JJ Roy,B Kumar,JC Buttler,4,0,4
England,0,JJ Roy,B Kumar,JC Buttler,1,0,1
England,1,JJ Roy,UT Yadav,JC Buttler,0,0,0
England,1,JJ Roy,UT Yadav,JC Buttler,4,0,4
England,1,JJ Roy,UT Yadav,JC Buttler,1,0,1
England,1,JC Buttler,UT Yadav,JJ Roy,0,0,0
England,1,JC Buttler,UT Yadav,JJ Roy,0,0,0
England,1,JC Buttler,UT Yadav,JJ Roy,4,0,4
England,2,JJ Roy,B Kumar,JC Buttler,0,0,0
England,2,JJ Roy,B Kumar,JC Buttler,0,0,0
England,2,JJ Roy,B Kumar,JC Buttler,2,0,2
England,2,JJ Roy,B Kumar,JC Buttler,4,0,4
England,2,JJ Roy,B Kumar,JC Buttler,2,0,2
England,2,JJ Roy,B Kumar,JC Buttler,0,0,0
England,3,JC Buttler,YS Chahal,JJ Roy,0,0,0
England,3,JC Buttler,YS Chahal,JJ Roy,1,0,1
England,3,JJ Roy,YS Chahal,JC Buttler,4,0,4
England,3,JJ Roy,YS Chahal,JC Buttler,1,0,1
England,3,JC Buttler,YS Chahal,JJ Roy,6,0,6
England,3,JC Buttler,YS Chahal,JJ Roy,4,0,4
England,4,JJ Roy,UT Yadav,JC Buttler,0,0,0
England,4,JJ Roy,UT Yadav,JC Buttler,1,0,1
England,4,JC Buttler,UT Yadav,JJ Roy,4,0,4
England,4,JC Buttler,UT Yadav,JJ Roy,0,0,0
England,4,JC Buttler,UT Yadav,JJ Roy,1,0,1
England,4,JJ Roy,UT Yadav,JC Buttler,0,0,0
England,5,JC Buttler,HH Pandya,AD Hales,2,0,2
England,5,JC Buttler,HH Pandya,AD Hales,1,0,1
England,5,AD Hales,HH Pandya,JC Buttler,0,0,0
England,5,AD Hales,HH Pandya,JC Buttler,0,0,0
England,5,AD Hales,HH Pandya,JC Buttler,0,0,0
England,5,AD Hales,HH Pandya,JC Buttler,0,0,0
England,6,JC Buttler,YS Chahal,AD Hales,1,0,1
England,6,AD Hales,YS Chahal,JC Buttler,1,0,1
England,6,JC Buttler,YS Chahal,AD Hales,1,0,1
England,6,AD Hales,YS Chahal,JC Buttler,1,0,1
England,6,JC Buttler,YS Chahal,AD Hales,0,0,0
England,6,JC Buttler,YS Chahal,AD Hales,2,0,2
England,7,AD Hales,HH Pandya,JC Buttler,1,0,1
England,7,JC Buttler,HH Pandya,AD Hales,1,0,1
England,7,AD Hales,HH Pandya,JC Buttler,0,0,0
England,7,AD Hales,HH Pandya,JC Buttler,0,0,0
England,7,AD Hales,HH Pandya,JC Buttler,1,0,1
England,7,JC Buttler,HH Pandya,AD Hales,4,0,4
England,8,AD Hales,YS Chahal,JC Buttler,0,0,0
England,8,AD Hales,YS Chahal,JC Buttler,0,0,0
England,8,AD Hales,YS Chahal,JC Buttler,1,0,1
England,8,JC Buttler,YS Chahal,AD Hales,4,0,4
England,8,JC Buttler,YS Chahal,AD Hales,0,0,0
England,8,JC Buttler,YS Chahal,AD Hales,1,0,1
England,9,JC Buttler,Kuldeep Yadav,AD Hales,4,0,4
England,9,JC Buttler,Kuldeep Yadav,AD Hales,0,0,0
England,9,JC Buttler,Kuldeep Yadav,AD Hales,0,0,0
England,9,JC Buttler,Kuldeep Yadav,AD Hales,0,0,0
England,9,JC Buttler,Kuldeep Yadav,AD Hales,0,0,0
England,9,JC Buttler,Kuldeep Yadav,AD Hales,1,0,1
England,10,JC Buttler,HH Pandya,AD Hales,4,0,4
England,10,JC Buttler,HH Pandya,AD Hales,6,0,6
England,10,JC Buttler,HH Pandya,AD Hales,4,0,4
England,10,JC Buttler,HH Pandya,AD Hales,1,0,1
England,10,AD Hales,HH Pandya,JC Buttler,2,0,2
England,10,AD Hales,HH Pandya,JC Buttler,1,0,1
England,11,AD Hales,Kuldeep Yadav,JC Buttler,0,0,0
England,11,AD Hales,Kuldeep Yadav,JC Buttler,0,0,0
England,11,AD Hales,Kuldeep Yadav,JC Buttler,0,0,0
England,11,EJG Morgan,Kuldeep Yadav,JC Buttler,3,0,3
England,11,JC Buttler,Kuldeep Yadav,EJG Morgan,0,0,0
England,11,JC Buttler,Kuldeep Yadav,EJG Morgan,2,0,2
England,12,EJG Morgan,YS Chahal,JC Buttler,1,0,1
England,12,JC Buttler,YS Chahal,EJG Morgan,0,0,0
England,12,JC Buttler,YS Chahal,EJG Morgan,1,0,1
England,12,EJG Morgan,YS Chahal,JC Buttler,0,1,1
England,12,EJG Morgan,YS Chahal,JC Buttler,2,0,2
England,12,EJG Morgan,YS Chahal,JC Buttler,0,0,0
England,12,EJG Morgan,YS Chahal,JC Buttler,1,0,1
England,13,EJG Morgan,Kuldeep Yadav,JC Buttler,0,0,0
England,13,JC Buttler,Kuldeep Yadav,JM Bairstow,1,0,1
England,13,JM Bairstow,Kuldeep Yadav,JC Buttler,0,0,0
England,13,JE Root,Kuldeep Yadav,JC Buttler,0,0,0
England,13,MM Ali,Kuldeep Yadav,JC Buttler,1,0,1
England,13,JC Buttler,Kuldeep Yadav,MM Ali,1,0,1
England,14,JC Buttler,UT Yadav,MM Ali,1,0,1
England,14,MM Ali,UT Yadav,JC Buttler,0,0,0
England,14,MM Ali,UT Yadav,JC Buttler,1,0,1
England,14,JC Buttler,UT Yadav,MM Ali,1,0,1
England,14,MM Ali,UT Yadav,JC Buttler,0,0,0
England,14,MM Ali,UT Yadav,JC Buttler,0,0,0
England,15,JC Buttler,HH Pandya,MM Ali,1,0,1
England,15,MM Ali,HH Pandya,JC Buttler,4,0,4
England,15,MM Ali,HH Pandya,JC Buttler,0,0,0
England,15,MM Ali,HH Pandya,JC Buttler,0,0,0
England,15,JC Buttler,HH Pandya,DJ Willey,0,0,0
England,15,JC Buttler,HH Pandya,DJ Willey,0,0,0
England,16,DJ Willey,B Kumar,JC Buttler,6,0,6
England,16,DJ Willey,B Kumar,JC Buttler,2,0,2
England,16,DJ Willey,B Kumar,JC Buttler,0,0,0
England,16,DJ Willey,B Kumar,JC Buttler,4,0,4
England,16,DJ Willey,B Kumar,JC Buttler,4,0,4
England,16,DJ Willey,B Kumar,JC Buttler,0,1,1
England,16,DJ Willey,B Kumar,JC Buttler,0,1,1
England,16,DJ Willey,B Kumar,JC Buttler,0,2,2
England,17,JC Buttler,Kuldeep Yadav,DJ Willey,2,0,2
England,17,JC Buttler,Kuldeep Yadav,DJ Willey,2,0,2
England,17,JC Buttler,Kuldeep Yadav,DJ Willey,0,0,0
England,17,JC Buttler,Kuldeep Yadav,DJ Willey,0,0,0
England,17,DJ Willey,Kuldeep Yadav,CJ Jordan,6,0,6
England,17,DJ Willey,Kuldeep Yadav,CJ Jordan,1,0,1
England,18,DJ Willey,UT Yadav,CJ Jordan,0,0,0
England,18,DJ Willey,UT Yadav,CJ Jordan,1,0,1
England,18,CJ Jordan,UT Yadav,DJ Willey,0,0,0
England,18,LE Plunkett,UT Yadav,DJ Willey,1,0,1
England,18,DJ Willey,UT Yadav,LE Plunkett,0,0,0
England,18,DJ Willey,UT Yadav,LE Plunkett,1,0,1
England,19,DJ Willey,B Kumar,LE Plunkett,1,0,1
England,19,LE Plunkett,B Kumar,DJ Willey,0,0,0
England,19,LE Plunkett,B Kumar,DJ Willey,1,0,1
England,19,DJ Willey,B Kumar,LE Plunkett,0,1,1
England,19,DJ Willey,B Kumar,LE Plunkett,0,1,1
England,19,DJ Willey,B Kumar,LE Plunkett,1,0,1
England,19,LE Plunkett,B Kumar,DJ Willey,1,0,1
England,19,DJ Willey,B Kumar,LE Plunkett,2,0,2
India,0,S Dhawan,DJ Willey,RG Sharma,4,0,4
India,0,S Dhawan,DJ Willey,RG Sharma,0,0,0
India,0,S Dhawan,DJ Willey,RG Sharma,0,1,1
India,0,RG Sharma,DJ Willey,S Dhawan,0,1,1
India,0,RG Sharma,DJ Willey,S Dhawan,1,0,1
India,0,S Dhawan,DJ Willey,RG Sharma,0,0,0
India,0,KL Rahul,DJ Willey,RG Sharma,1,0,1
India,1,KL Rahul,CJ Jordan,RG Sharma,0,0,0
India,1,KL Rahul,CJ Jordan,RG Sharma,6,0,6
India,1,KL Rahul,CJ Jordan,RG Sharma,0,0,0
India,1,KL Rahul,CJ Jordan,RG Sharma,3,0,3
India,1,RG Sharma,CJ Jordan,KL Rahul,0,0,0
India,1,RG Sharma,CJ Jordan,KL Rahul,0,0,0
India,2,KL Rahul,DJ Willey,RG Sharma,1,0,1
India,2,RG Sharma,DJ Willey,KL Rahul,0,1,1
India,2,RG Sharma,DJ Willey,KL Rahul,0,1,1
India,2,KL Rahul,DJ Willey,RG Sharma,2,0,2
India,2,KL Rahul,DJ Willey,RG Sharma,0,0,0
India,2,KL Rahul,DJ Willey,RG Sharma,4,0,4
India,2,KL Rahul,DJ Willey,RG Sharma,0,0,0
India,3,RG Sharma,LE Plunkett,KL Rahul,0,0,0
India,3,RG Sharma,LE Plunkett,KL Rahul,1,0,1
India,3,KL Rahul,LE Plunkett,RG Sharma,1,0,1
India,3,RG Sharma,LE Plunkett,KL Rahul,1,0,1
India,3,KL Rahul,LE Plunkett,RG Sharma,0,1,1
India,3,KL Rahul,LE Plunkett,RG Sharma,4,0,4
India,3,KL Rahul,LE Plunkett,RG Sharma,4,0,4
India,4,RG Sharma,CJ Jordan,KL Rahul,0,0,0
India,4,RG Sharma,CJ Jordan,KL Rahul,4,0,4
India,4,RG Sharma,CJ Jordan,KL Rahul,1,0,1
India,4,KL Rahul,CJ Jordan,RG Sharma,1,0,1
India,4,RG Sharma,CJ Jordan,KL Rahul,0,0,0
India,4,RG Sharma,CJ Jordan,KL Rahul,4,0,4
India,5,KL Rahul,LE Plunkett,RG Sharma,0,0,0
India,5,KL Rahul,LE Plunkett,RG Sharma,0,0,0
India,5,KL Rahul,LE Plunkett,RG Sharma,0,0,0
India,5,KL Rahul,LE Plunkett,RG Sharma,4,0,4
India,5,KL Rahul,LE Plunkett,RG Sharma,1,0,1
India,5,RG Sharma,LE Plunkett,KL Rahul,1,0,1
India,6,RG Sharma,AU Rashid,KL Rahul,1,0,1
India,6,KL Rahul,AU Rashid,RG Sharma,1,0,1
India,6,RG Sharma,AU Rashid,KL Rahul,0,0,0
India,6,RG Sharma,AU Rashid,KL Rahul,0,0,0
India,6,RG Sharma,AU Rashid,KL Rahul,0,0,0
India,6,RG Sharma,AU Rashid,KL Rahul,4,0,4
India,7,KL Rahul,MM Ali,RG Sharma,4,0,4
India,7,KL Rahul,MM Ali,RG Sharma,6,0,6
India,7,KL Rahul,MM Ali,RG Sharma,2,0,2
India,7,KL Rahul,MM Ali,RG Sharma,1,0,1
India,7,RG Sharma,MM Ali,KL Rahul,1,0,1
India,7,KL Rahul,MM Ali,RG Sharma,2,0,2
India,8,RG Sharma,AU Rashid,KL Rahul,6,0,6
India,8,RG Sharma,AU Rashid,KL Rahul,0,0,0
India,8,RG Sharma,AU Rashid,KL Rahul,1,0,1
India,8,KL Rahul,AU Rashid,RG Sharma,1,0,1
India,8,RG Sharma,AU Rashid,KL Rahul,1,0,1
India,8,KL Rahul,AU Rashid,RG Sharma,4,0,4
India,9,RG Sharma,MM Ali,KL Rahul,1,0,1
India,9,KL Rahul,MM Ali,RG Sharma,1,0,1
India,9,RG Sharma,MM Ali,KL Rahul,1,0,1
India,9,KL Rahul,MM Ali,RG Sharma,4,0,4
India,9,KL Rahul,MM Ali,RG Sharma,6,0,6
India,9,KL Rahul,MM Ali,RG Sharma,1,0,1
India,10,KL Rahul,LE Plunkett,RG Sharma,0,0,0
India,10,KL Rahul,LE Plunkett,RG Sharma,6,0,6
India,10,KL Rahul,LE Plunkett,RG Sharma,4,0,4
India,10,KL Rahul,LE Plunkett,RG Sharma,4,0,4
India,10,KL Rahul,LE Plunkett,RG Sharma,0,0,0
India,10,KL Rahul,LE Plunkett,RG Sharma,6,0,6
India,11,RG Sharma,CJ Jordan,KL Rahul,1,0,1
India,11,KL Rahul,CJ Jordan,RG Sharma,0,0,0
India,11,KL Rahul,CJ Jordan,RG Sharma,0,0,0
India,11,KL Rahul,CJ Jordan,RG Sharma,2,0,2
India,11,KL Rahul,CJ Jordan,RG Sharma,1,0,1
India,11,RG Sharma,CJ Jordan,KL Rahul,1,0,1
India,12,RG Sharma,AU Rashid,KL Rahul,0,0,0
India,12,RG Sharma,AU Rashid,KL Rahul,1,0,1
India,12,KL Rahul,AU Rashid,RG Sharma,1,0,1
India,12,RG Sharma,AU Rashid,KL Rahul,0,0,0
India,12,V Kohli,AU Rashid,KL Rahul,1,0,1
India,12,KL Rahul,AU Rashid,V Kohli,0,0,0
India,13,V Kohli,CJ Jordan,KL Rahul,0,0,0
India,13,V Kohli,CJ Jordan,KL Rahul,1,0,1
India,13,KL Rahul,CJ Jordan,V Kohli,0,0,0
India,13,KL Rahul,CJ Jordan,V Kohli,1,0,1
India,13,V Kohli,CJ Jordan,KL Rahul,0,0,0
India,13,V Kohli,CJ Jordan,KL Rahul,1,0,1
India,14,V Kohli,AU Rashid,KL Rahul,0,0,0
India,14,V Kohli,AU Rashid,KL Rahul,1,0,1
India,14,KL Rahul,AU Rashid,V Kohli,1,0,1
India,14,V Kohli,AU Rashid,KL Rahul,0,0,0
India,14,V Kohli,AU Rashid,KL Rahul,0,0,0
India,14,V Kohli,AU Rashid,KL Rahul,1,0,1
India,15,V Kohli,DJ Willey,KL Rahul,1,0,1
India,15,KL Rahul,DJ Willey,V Kohli,1,0,1
India,15,V Kohli,DJ Willey,KL Rahul,1,0,1
India,15,KL Rahul,DJ Willey,V Kohli,0,0,0
India,15,KL Rahul,DJ Willey,V Kohli,1,0,1
India,15,V Kohli,DJ Willey,KL Rahul,1,0,1
India,16,V Kohli,LE Plunkett,KL Rahul,0,0,0
India,16,V Kohli,LE Plunkett,KL Rahul,1,0,1
India,16,KL Rahul,LE Plunkett,V Kohli,1,0,1
India,16,V Kohli,LE Plunkett,KL Rahul,0,0,0
India,16,V Kohli,LE Plunkett,KL Rahul,0,1,1
India,16,V Kohli,LE Plunkett,KL Rahul,0,0,0
India,16,V Kohli,LE Plunkett,KL Rahul,1,0,1
India,17,V Kohli,DJ Willey,KL Rahul,1,0,1
India,17,KL Rahul,DJ Willey,V Kohli,4,0,4
India,17,KL Rahul,DJ Willey,V Kohli,1,0,1
India,17,V Kohli,DJ Willey,KL Rahul,2,0,2
India,17,V Kohli,DJ Willey,KL Rahul,1,0,1
India,17,KL Rahul,DJ Willey,V Kohli,1,0,1
India,18,KL Rahul,MM Ali,V Kohli,1,0,1
India,18,V Kohli,MM Ali,KL Rahul,6,0,6
