Team,Over,Batter,Bowler,Non_Striker,Batter_Runs,Extras,Total_Runs
England,0,JJ Roy,B Stanlake,JC Buttler,4,0,4
England,0,JJ Roy,B Stanlake,JC Buttler,0,0,0
England,0,JJ Roy,B Stanlake,JC Buttler,4,0,4
England,0,JJ Roy,B Stanlake,JC Buttler,0,0,0
England,0,JJ Roy,B Stanlake,JC Buttler,4,0,4
England,0,JJ Roy,B Stanlake,JC Buttler,1,0,1
England,1,JJ Roy,AC Agar,JC Buttler,0,0,0
England,1,JJ Roy,AC Agar,JC Buttler,1,0,1
England,1,JC Buttler,AC Agar,JJ Roy,1,0,1
England,1,JJ Roy,AC Agar,JC Buttler,1,0,1
England,1,JC Buttler,AC Agar,JJ Roy,0,0,0
England,1,JC Buttler,AC Agar,JJ Roy,1,0,1
England,2,JC Buttler,MJ Swepson,JJ Roy,0,0,0
England,2,JC Buttler,MJ Swepson,JJ Roy,4,0,4
England,2,JC Buttler,MJ Swepson,JJ Roy,1,0,1
England,2,JJ Roy,MJ Swepson,JC Buttler,4,0,4
England,2,JJ Roy,MJ Swepson,JC Buttler,1,0,1
England,2,JC Buttler,MJ Swepson,JJ Roy,6,0,6
England,3,JJ Roy,KW Richardson,JC Buttler,4,0,4
England,3,JJ Roy,KW Richardson,JC Buttler,1,0,1
England,3,JC Buttler,KW Richardson,JJ Roy,6,0,6
England,3,JC Buttler,KW Richardson,JJ Roy,4,0,4
England,3,JC Buttler,KW Richardson,JJ Roy,4,0,4
England,3,JC Buttler,KW Richardson,JJ Roy,4,0,4
England,4,JJ Roy,AJ Tye,JC Buttler,0,0,0
England,4,JJ Roy,AJ Tye,JC Buttler,1,0,1
England,4,JC Buttler,AJ Tye,JJ Roy,1,0,1
England,4,JJ Roy,AJ Tye,JC Buttler,1,0,1
England,4,JC Buttler,AJ Tye,JJ Roy,0,0,0
England,4,JC Buttler,AJ Tye,JJ Roy,0,0,0
England,5,JJ Roy,AC Agar,JC Buttler,1,0,1
England,5,JC Buttler,AC Agar,JJ Roy,4,0,4
England,5,JC Buttler,AC Agar,JJ Roy,6,0,6
England,5,JC Buttler,AC Agar,JJ Roy,0,0,0
England,5,JC Buttler,AC Agar,JJ Roy,0,0,0
England,5,JC Buttler,AC Agar,JJ Roy,0,0,0
England,6,JJ Roy,B Stanlake,JC Buttler,2,0,2
England,6,JJ Roy,B Stanlake,JC Buttler,1,0,1
England,6,JC Buttler,B Stanlake,JJ Roy,0,0,0
England,6,JC Buttler,B Stanlake,JJ Roy,6,0,6
England,6,JC Buttler,B Stanlake,JJ Roy,4,0,4
England,6,JC Buttler,B Stanlake,JJ Roy,0,0,0
England,7,JJ Roy,AC Agar,JC Buttler,1,0,1
England,7,JC Buttler,AC Agar,JJ Roy,1,0,1
England,7,JJ Roy,AC Agar,JC Buttler,1,0,1
England,7,JC Buttler,AC Agar,JJ Roy,6,0,6
England,7,JC Buttler,AC Agar,JJ Roy,0,0,0
England,7,JC Buttler,AC Agar,JJ Roy,0,0,0
England,8,JJ Roy,MJ Swepson,JC Buttler,0,0,0
England,8,JJ Roy,MJ Swepson,JC Buttler,1,0,1
England,8,JC Buttler,MJ Swepson,JJ Roy,0,0,0
England,8,JC Buttler,MJ Swepson,JJ Roy,2,0,2
England,8,JC Buttler,MJ Swepson,JJ Roy,0,0,0
England,8,EJG Morgan,MJ Swepson,JJ Roy,0,1,1
England,8,EJG Morgan,MJ Swepson,JJ Roy,2,0,2
England,9,JJ Roy,B Stanlake,EJG Morgan,4,0,4
England,9,JJ Roy,B Stanlake,EJG Morgan,6,0,6
England,9,JJ Roy,B Stanlake,EJG Morgan,0,0,0
England,9,EJG Morgan,B Stanlake,AD Hales,1,0,1
England,9,AD Hales,B Stanlake,EJG Morgan,1,0,1
England,9,EJG Morgan,B Stanlake,AD Hales,6,0,6
England,10,AD Hales,KW Richardson,EJG Morgan,4,0,4
England,10,AD Hales,KW Richardson,EJG Morgan,2,0,2
England,10,AD Hales,KW Richardson,EJG Morgan,1,0,1
England,10,EJG Morgan,KW Richardson,AD Hales,4,0,4
England,10,EJG Morgan,KW Richardson,AD Hales,0,0,0
England,10,EJG Morgan,KW Richardson,AD Hales,1,0,1
England,11,EJG Morgan,MJ Swepson,AD Hales,1,0,1
England,11,AD Hales,MJ Swepson,EJG Morgan,2,0,2
England,11,AD Hales,MJ Swepson,EJG Morgan,1,0,1
England,11,EJG Morgan,MJ Swepson,AD Hales,0,0,0
England,11,AD Hales,MJ Swepson,JE Root,1,0,1
England,11,JE Root,MJ Swepson,AD Hales,1,0,1
England,12,JE Root,AC Agar,AD Hales,1,0,1
England,12,AD Hales,AC Agar,JE Root,6,0,6
England,12,AD Hales,AC Agar,JE Root,1,0,1
England,12,JE Root,AC Agar,AD Hales,1,0,1
England,12,AD Hales,AC Agar,JE Root,1,0,1
England,12,JE Root,AC Agar,AD Hales,0,0,0
England,13,AD Hales,AJ Tye,JE Root,4,0,4
England,13,AD Hales,AJ Tye,JE Root,1,0,1
England,13,JE Root,AJ Tye,AD Hales,2,0,2
England,13,JE Root,AJ Tye,AD Hales,2,0,2
England,13,JE Root,AJ Tye,AD Hales,0,0,0
England,13,JE Root,AJ Tye,AD Hales,1,0,1
England,14,JE Root,MJ Swepson,AD Hales,1,0,1
England,14,AD Hales,MJ Swepson,JE Root,1,0,1
England,14,JE Root,MJ Swepson,AD Hales,0,0,0
England,14,JE Root,MJ Swepson,AD Hales,2,0,2
England,14,JE Root,MJ Swepson,AD Hales,4,0,4
England,14,JE Root,MJ Swepson,AD Hales,1,0,1
England,15,JE Root,KW Richardson,AD Hales,4,0,4
England,15,JE Root,KW Richardson,AD Hales,0,1,1
England,15,JE Root,KW Richardson,AD Hales,4,0,4
England,15,JE Root,KW Richardson,AD Hales,1,0,1
England,15,AD Hales,KW Richardson,JE Root,4,0,4
England,15,AD Hales,KW Richardson,JE Root,0,0,0
England,15,AD Hales,KW Richardson,JE Root,1,0,1
England,16,AD Hales,AJ Tye,JE Root,4,0,4
England,16,AD Hales,AJ Tye,JE Root,1,0,1
England,16,JE Root,AJ Tye,AD Hales,1,0,1
England,16,AD Hales,AJ Tye,JE Root,6,0,6
England,16,AD Hales,AJ Tye,JE Root,1,0,1
England,16,JE Root,AJ Tye,AD Hales,4,0,4
England,17,AD Hales,KW Richardson,JE Root,1,0,1
England,17,JE Root,KW Richardson,AD Hales,1,0,1
England,17,AD Hales,KW Richardson,JE Root,4,0,4
England,17,AD Hales,KW Richardson,JE Root,1,0,1
England,17,JE Root,KW Richardson,AD Hales,2,0,2
England,17,JE Root,KW Richardson,AD Hales,0,0,0
England,18,AD Hales,MP Stoinis,JE Root,0,0,0
England,18,JM Bairstow,MP Stoinis,JE Root,6,0,6
England,18,JM Bairstow,MP Stoinis,JE Root,1,0,1
England,18,JE Root,MP Stoinis,JM Bairstow,0,0,0
England,18,JE Root,MP Stoinis,JM Bairstow,1,0,1
England,18,JM Bairstow,MP Stoinis,JE Root,1,0,1
England,19,JM Bairstow,AJ Tye,JE Root,0,0,0
England,19,JM Bairstow,AJ Tye,JE Root,0,0,0
England,19,JM Bairstow,AJ Tye,JE Root,0,1,1
England,19,JE Root,AJ Tye,JM Bairstow,1,0,1
England,19,JM Bairstow,AJ Tye,JE Root,0,0,0
England,19,JM Bairstow,AJ Tye,MM Ali,6,0,6
Australia,0,DJM Short,DJ Willey,AJ Finch,0,0,0
Australia,0,DJM Short,DJ Willey,AJ Finch,0,0,0
Australia,0,DJM Short,DJ Willey,AJ Finch,0,0,0
Australia,0,DJM Short,DJ Willey,AJ Finch,0,1,1
Australia,0,DJM Short,DJ Willey,AJ Finch,2,0,2
Australia,0,DJM Short,DJ Willey,AJ Finch,1,0,1
Australia,0,AJ Finch,DJ Willey,DJM Short,0,0,0
Australia,1,DJM Short,CJ Jordan,AJ Finch,0,0,0
Australia,1,DJM Short,CJ Jordan,AJ Finch,4,0,4
Australia,1,DJM Short,CJ Jordan,AJ Finch,4,0,4
Australia,1,DJM Short,CJ Jordan,AJ Finch,4,0,4
Australia,1,DJM Short,CJ Jordan,AJ Finch,1,0,1
Australia,1,AJ Finch,CJ Jordan,DJM Short,0,0,0
Australia,2,DJM Short,LE Plunkett,AJ Finch,0,0,0
Australia,2,DJM Short,LE Plunkett,AJ Finch,0,0,0
Australia,2,GJ Maxwell,LE Plunkett,AJ Finch,1,0,1
Australia,2,AJ Finch,LE Plunkett,GJ Maxwell,1,0,1
Australia,2,GJ Maxwell,LE Plunkett,AJ Finch,1,0,1
Australia,2,AJ Finch,LE Plunkett,GJ Maxwell,4,0,4
Australia,3,GJ Maxwell,CJ Jordan,AJ Finch,2,0,2
Australia,3,GJ Maxwell,CJ Jordan,AJ Finch,2,0,2
Australia,3,GJ Maxwell,CJ Jordan,AJ Finch,0,1,1
Australia,3,GJ Maxwell,CJ Jordan,AJ Finch,4,0,4
Australia,3,GJ Maxwell,CJ Jordan,AJ Finch,0,0,0
Australia,3,TM Head,CJ Jordan,AJ Finch,5,0,5
Australia,3,AJ Finch,CJ Jordan,TM Head,1,0,1
Australia,4,AJ Finch,LE Plunkett,TM Head,1,0,1
Australia,4,TM Head,LE Plunkett,AJ Finch,4,0,4
Australia,4,TM Head,LE Plunkett,AJ Finch,0,0,0
Australia,4,TM Head,LE Plunkett,AJ Finch,1,0,1
Australia,4,AJ Finch,LE Plunkett,TM Head,0,1,1
Australia,4,TM Head,LE Plunkett,AJ Finch,1,0,1
Australia,5,TM Head,DJ Willey,AJ Finch,0,1,1
Australia,5,TM Head,DJ Willey,AJ Finch,1,0,1
Australia,5,AJ Finch,DJ Willey,TM Head,4,0,4
Australia,5,AJ Finch,DJ Willey,TM Head,0,0,0
Australia,5,AJ Finch,DJ Willey,TM Head,1,0,1
Australia,5,TM Head,DJ Willey,AJ Finch,1,0,1
Australia,5,AJ Finch,DJ Willey,TM Head,4,0,4
Australia,6,TM Head,AU Rashid,AJ Finch,1,0,1
Australia,6,AJ Finch,AU Rashid,TM Head,0,0,0
Australia,6,AJ Finch,AU Rashid,TM Head,0,0,0
Australia,6,AJ Finch,AU Rashid,TM Head,1,0,1
Australia,6,TM Head,AU Rashid,AJ Finch,1,0,1
Australia,6,AJ Finch,AU Rashid,TM Head,1,0,1
Australia,7,AJ Finch,MM Ali,TM Head,1,0,1
Australia,7,TM Head,MM Ali,AJ Finch,0,0,0
Australia,7,AJ Finch,MM Ali,AT Carey,0,0,0
Australia,7,AJ Finch,MM Ali,AT Carey,4,0,4
Australia,7,AJ Finch,MM Ali,AT Carey,1,0,1
Australia,7,AT Carey,MM Ali,AJ Finch,1,0,1
Australia,8,AT Carey,AU Rashid,AJ Finch,2,0,2
Australia,8,AT Carey,AU Rashid,AJ Finch,0,0,0
Australia,8,MP Stoinis,AU Rashid,AJ Finch,0,0,0
Australia,8,MP Stoinis,AU Rashid,AJ Finch,0,0,0
Australia,8,AC Agar,AU Rashid,AJ Finch,0,0,0
Australia,8,AC Agar,AU Rashid,AJ Finch,1,0,1
Australia,9,AC Agar,MM Ali,AJ Finch,1,0,1
Australia,9,AJ Finch,MM Ali,AC Agar,6,0,6
Australia,9,AJ Finch,MM Ali,AC Agar,1,0,1
Australia,9,AC Agar,MM Ali,AJ Finch,0,0,0
Australia,9,AC Agar,MM Ali,AJ Finch,1,0,1
Australia,9,AJ Finch,MM Ali,AC Agar,1,0,1
Australia,10,AJ Finch,AU Rashid,AC Agar,1,0,1
Australia,10,AC Agar,AU Rashid,AJ Finch,0,0,0
Australia,10,AC Agar,AU Rashid,AJ Finch,0,0,0
Australia,10,AC Agar,AU Rashid,AJ Finch,6,0,6
Australia,10,AC Agar,AU Rashid,AJ Finch,0,0,0
Australia,10,AC Agar,AU Rashid,AJ Finch,0,0,0
Australia,11,AJ Finch,MM Ali,AC Agar,6,0,6
Australia,11,AJ Finch,MM Ali,AC Agar,1,0,1
Australia,11,AC Agar,MM Ali,AJ Finch,1,0,1
Australia,11,AJ Finch,MM Ali,AC Agar,4,0,4
Australia,11,AJ Finch,MM Ali,AC Agar,6,0,6
Australia,11,AJ Finch,MM Ali,AC Agar,1,0,1
Australia,12,AJ Finch,LE Plunkett,AC Agar,6,0,6
Australia,12,AJ Finch,LE Plunkett,AC Agar,0,0,0
Australia,12,AJ Finch,LE Plunkett,AC Agar,1,0,1
Australia,12,AC Agar,LE Plunkett,AJ Finch,4,0,4
Australia,12,AC Agar,LE Plunkett,AJ Finch,1,0,1
Australia,12,AJ Finch,LE Plunkett,AC Agar,1,0,1
Australia,13,AJ Finch,MM Ali,AC Agar,1,0,1
Australia,13,AC Agar,MM Ali,AJ Finch,4,0,4
Australia,13,AC Agar,MM Ali,AJ Finch,1,0,1
Australia,13,AJ Finch,MM Ali,AC Agar,6,0,6
Australia,13,AJ Finch,MM Ali,AC Agar,4,0,4
Australia,13,AJ Finch,MM Ali,AC Agar,6,0,6
Australia,14,AC Agar,CJ Jordan,AJ Finch,1,0,1
Australia,14,AJ Finch,CJ Jordan,AC Agar,2,0,2
Australia,14,AJ Finch,CJ Jordan,AC Agar,1,0,1
Australia,14,AC Agar,CJ Jordan,AJ Finch,4,0,4
Australia,14,AC Agar,CJ Jordan,AJ Finch,1,0,1
Australia,14,AJ Finch,CJ Jordan,AC Agar,1,0,1
Australia,15,AJ Finch,AU Rashid,AC Agar,4,0,4
Australia,15,AJ Finch,AU Rashid,AC Agar,0,0,0
Australia,15,AJ Tye,AU Rashid,AC Agar,1,0,1
Australia,15,AC Agar,AU Rashid,AJ Tye,1,0,1
Australia,15,AJ Tye,AU Rashid,AC Agar,6,0,6
Australia,15,AJ Tye,AU Rashid,AC Agar,1,0,1
Australia,16,AJ Tye,DJ Willey,AC Agar,1,0,1
Australia,16,AC Agar,DJ Willey,AJ Tye,0,1,1
Australia,16,AC Agar,DJ Willey,AJ Tye,0,0,0
Australia,16,AC Agar,DJ Willey,AJ Tye,1,0,1
Australia,16,AJ Tye,DJ Willey,AC Agar,1,0,1
Australia,16,AC Agar,DJ Willey,AJ Tye,1,0,1
Australia,16,AJ Tye,DJ Willey,AC Agar,1,0,1
Australia,17,AJ Tye,CJ Jordan,AC Agar,1,0,1
Australia,17,AC Agar,CJ Jordan,AJ Tye,0,0,0
Australia,17,KW Richardson,CJ Jordan,AJ Tye,0,0,0
Australia,17,MJ Swepson,CJ Jordan,AJ Tye,0,0,0
Australia,17,MJ Swepson,CJ Jordan,AJ Tye,1,0,1
Australia,17,AJ Tye,CJ Jordan,MJ Swepson,2,0,2
Australia,18,MJ Swepson,DJ Willey,AJ Tye,1,0,1
Australia,18,AJ Tye,DJ Willey,MJ Swepson,0,0,0
Australia,18,AJ Tye,DJ Willey,MJ Swepson,6,0,6
Australia,18,AJ Tye,DJ Willey,MJ Swepson,0,0,0
Australia,18,MJ Swepson,DJ Willey,B Stanlake,1,0,1
Australia,18,B Stanlake,DJ Willey,MJ Swepson,1,0,1
Australia,19,B Stanlake,LE Plunkett,MJ Swepson,0,0,0
Australia,19,B Stanlake,LE Plunkett,MJ Swepson,0,1,1
Australia,19,B Stanlake,LE Plunkett,MJ Swepson,0,0,0
Australia,19,B Stanlake,LE Plunkett,MJ Swepson,6,0,6
Australia,19,B Stanlake,LE Plunkett,MJ Swepson,0,0,0
