Team,Over,Batter,Bowler,Non_Striker,Batter_Runs,Extras,Total_Runs
India,0,RG Sharma,JP Behrendorff,S Dhawan,4,0,4
India,0,RG Sharma,JP Behrendorff,S Dhawan,0,0,0
India,0,RG Sharma,JP Behrendorff,S Dhawan,4,0,4
India,0,RG Sharma,JP Behrendorff,S Dhawan,0,0,0
India,0,V Kohli,JP Behrendorff,S Dhawan,0,0,0
India,0,V Kohli,JP Behrendorff,S Dhawan,0,0,0
India,1,S Dhawan,NM Coulter-Nile,MK Pandey,1,0,1
India,1,MK Pandey,NM Coulter-Nile,S Dhawan,0,0,0
India,1,MK Pandey,NM Coulter-Nile,S Dhawan,0,0,0
India,1,MK Pandey,NM Coulter-Nile,S Dhawan,2,0,2
India,1,MK Pandey,NM Coulter-Nile,S Dhawan,0,0,0
India,1,MK Pandey,NM Coulter-Nile,S Dhawan,0,1,1
India,2,MK Pandey,JP Behrendorff,S Dhawan,4,0,4
India,2,MK Pandey,JP Behrendorff,S Dhawan,0,0,0
India,2,KM Jadhav,JP Behrendorff,S Dhawan,0,0,0
India,2,KM Jadhav,JP Behrendorff,S Dhawan,0,0,0
India,2,KM Jadhav,JP Behrendorff,S Dhawan,0,0,0
India,2,KM Jadhav,JP Behrendorff,S Dhawan,0,0,0
India,3,S Dhawan,NM Coulter-Nile,KM Jadhav,1,0,1
India,3,KM Jadhav,NM Coulter-Nile,S Dhawan,1,0,1
India,3,S Dhawan,NM Coulter-Nile,KM Jadhav,0,3,3
India,3,KM Jadhav,NM Coulter-Nile,S Dhawan,0,0,0
India,3,KM Jadhav,NM Coulter-Nile,S Dhawan,6,0,6
India,3,KM Jadhav,NM Coulter-Nile,S Dhawan,0,0,0
India,4,S Dhawan,JP Behrendorff,KM Jadhav,0,0,0
India,4,S Dhawan,JP Behrendorff,KM Jadhav,0,0,0
India,4,S Dhawan,JP Behrendorff,KM Jadhav,0,0,0
India,4,KM Jadhav,JP Behrendorff,MS Dhoni,0,0,0
India,4,KM Jadhav,JP Behrendorff,MS Dhoni,4,0,4
India,4,KM Jadhav,JP Behrendorff,MS Dhoni,0,0,0
India,5,MS Dhoni,AJ Tye,KM Jadhav,1,0,1
India,5,KM Jadhav,AJ Tye,MS Dhoni,0,0,0
India,5,KM Jadhav,AJ Tye,MS Dhoni,4,0,4
India,5,KM Jadhav,AJ Tye,MS Dhoni,1,0,1
India,5,MS Dhoni,AJ Tye,KM Jadhav,0,0,0
India,5,MS Dhoni,AJ Tye,KM Jadhav,1,0,1
India,6,MS Dhoni,JP Behrendorff,KM Jadhav,2,0,2
India,6,MS Dhoni,JP Behrendorff,KM Jadhav,0,0,0
India,6,MS Dhoni,JP Behrendorff,KM Jadhav,2,0,2
India,6,MS Dhoni,JP Behrendorff,KM Jadhav,1,0,1
India,6,KM Jadhav,JP Behrendorff,MS Dhoni,0,0,0
India,6,KM Jadhav,JP Behrendorff,MS Dhoni,0,0,0
India,7,MS Dhoni,A Zampa,KM Jadhav,0,0,0
India,7,MS Dhoni,A Zampa,KM Jadhav,1,0,1
India,7,KM Jadhav,A Zampa,MS Dhoni,2,0,2
India,7,KM Jadhav,A Zampa,MS Dhoni,0,0,0
India,7,KM Jadhav,A Zampa,MS Dhoni,1,0,1
India,7,MS Dhoni,A Zampa,KM Jadhav,0,0,0
India,8,KM Jadhav,MP Stoinis,MS Dhoni,4,0,4
India,8,KM Jadhav,MP Stoinis,MS Dhoni,1,0,1
India,8,MS Dhoni,MP Stoinis,KM Jadhav,0,0,0
India,8,MS Dhoni,MP Stoinis,KM Jadhav,1,0,1
India,8,KM Jadhav,MP Stoinis,MS Dhoni,0,0,0
India,8,KM Jadhav,MP Stoinis,MS Dhoni,1,0,1
India,9,KM Jadhav,A Zampa,MS Dhoni,1,0,1
India,9,MS Dhoni,A Zampa,KM Jadhav,0,0,0
India,9,MS Dhoni,A Zampa,KM Jadhav,4,0,4
India,9,MS Dhoni,A Zampa,KM Jadhav,0,0,0
India,9,MS Dhoni,A Zampa,KM Jadhav,0,1,1
India,9,MS Dhoni,A Zampa,KM Jadhav,0,0,0
India,9,HH Pandya,A Zampa,KM Jadhav,1,0,1
India,10,HH Pandya,MP Stoinis,KM Jadhav,0,0,0
India,10,HH Pandya,MP Stoinis,KM Jadhav,1,0,1
India,10,KM Jadhav,MP Stoinis,HH Pandya,1,0,1
India,10,HH Pandya,MP Stoinis,KM Jadhav,0,0,0
India,10,HH Pandya,MP Stoinis,KM Jadhav,3,0,3
India,10,KM Jadhav,MP Stoinis,HH Pandya,0,1,1
India,11,KM Jadhav,A Zampa,HH Pandya,0,0,0
India,11,B Kumar,A Zampa,HH Pandya,0,0,0
India,11,B Kumar,A Zampa,HH Pandya,0,0,0
India,11,B Kumar,A Zampa,HH Pandya,0,0,0
India,11,B Kumar,A Zampa,HH Pandya,1,0,1
India,11,HH Pandya,A Zampa,B Kumar,1,0,1
India,12,HH Pandya,NM Coulter-Nile,B Kumar,0,0,0
India,12,HH Pandya,NM Coulter-Nile,B Kumar,1,0,1
India,12,B Kumar,NM Coulter-Nile,HH Pandya,0,0,0
India,12,B Kumar,NM Coulter-Nile,HH Pandya,0,0,0
India,12,Kuldeep Yadav,NM Coulter-Nile,HH Pandya,0,0,0
India,12,Kuldeep Yadav,NM Coulter-Nile,HH Pandya,1,0,1
India,13,Kuldeep Yadav,A Zampa,HH Pandya,1,0,1
India,13,HH Pandya,A Zampa,Kuldeep Yadav,1,0,1
India,13,Kuldeep Yadav,A Zampa,HH Pandya,1,0,1
India,13,HH Pandya,A Zampa,Kuldeep Yadav,1,0,1
India,13,Kuldeep Yadav,A Zampa,HH Pandya,2,0,2
India,13,Kuldeep Yadav,A Zampa,HH Pandya,0,0,0
India,14,HH Pandya,AJ Tye,Kuldeep Yadav,1,0,1
India,14,Kuldeep Yadav,AJ Tye,HH Pandya,0,0,0
India,14,Kuldeep Yadav,AJ Tye,HH Pandya,0,0,0
India,14,Kuldeep Yadav,AJ Tye,HH Pandya,1,0,1
India,14,HH Pandya,AJ Tye,Kuldeep Yadav,1,0,1
India,14,Kuldeep Yadav,AJ Tye,HH Pandya,0,1,1
India,14,Kuldeep Yadav,AJ Tye,HH Pandya,4,0,4
India,15,HH Pandya,MP Stoinis,Kuldeep Yadav,1,0,1
India,15,Kuldeep Yadav,MP Stoinis,HH Pandya,1,0,1
India,15,HH Pandya,MP Stoinis,Kuldeep Yadav,0,0,0
India,15,HH Pandya,MP Stoinis,Kuldeep Yadav,1,0,1
India,15,Kuldeep Yadav,MP Stoinis,HH Pandya,1,0,1
India,15,HH Pandya,MP Stoinis,Kuldeep Yadav,1,0,1
India,16,HH Pandya,AJ Tye,Kuldeep Yadav,6,0,6
India,16,HH Pandya,AJ Tye,Kuldeep Yadav,0,0,0
India,16,HH Pandya,AJ Tye,Kuldeep Yadav,2,0,2
India,16,HH Pandya,AJ Tye,Kuldeep Yadav,1,0,1
India,16,Kuldeep Yadav,AJ Tye,HH Pandya,1,0,1
India,16,HH Pandya,AJ Tye,Kuldeep Yadav,1,0,1
India,17,HH Pandya,MP Stoinis,Kuldeep Yadav,1,0,1
India,17,Kuldeep Yadav,MP Stoinis,HH Pandya,1,0,1
India,17,HH Pandya,MP Stoinis,Kuldeep Yadav,0,0,0
India,17,JJ Bumrah,MP Stoinis,Kuldeep Yadav,0,1,1
India,17,JJ Bumrah,MP Stoinis,Kuldeep Yadav,0,0,0
India,17,JJ Bumrah,MP Stoinis,Kuldeep Yadav,0,0,0
India,17,JJ Bumrah,MP Stoinis,Kuldeep Yadav,0,0,0
India,18,Kuldeep Yadav,NM Coulter-Nile,JJ Bumrah,0,1,1
India,18,Kuldeep Yadav,NM Coulter-Nile,JJ Bumrah,0,1,1
India,18,Kuldeep Yadav,NM Coulter-Nile,JJ Bumrah,1,0,1
India,18,JJ Bumrah,NM Coulter-Nile,Kuldeep Yadav,0,0,0
India,18,JJ Bumrah,NM Coulter-Nile,Kuldeep Yadav,4,0,4
India,18,JJ Bumrah,NM Coulter-Nile,Kuldeep Yadav,1,0,1
India,18,Kuldeep Yadav,NM Coulter-Nile,JJ Bumrah,1,0,1
India,18,JJ Bumrah,NM Coulter-Nile,Kuldeep Yadav,1,0,1
India,19,JJ Bumrah,AJ Tye,Kuldeep Yadav,0,0,0
India,19,JJ Bumrah,AJ Tye,Kuldeep Yadav,1,0,1
India,19,Kuldeep Yadav,AJ Tye,JJ Bumrah,0,0,0
India,19,YS Chahal,AJ Tye,Kuldeep Yadav,0,0,0
India,19,YS Chahal,AJ Tye,Kuldeep Yadav,3,0,3
India,19,Kuldeep Yadav,AJ Tye,YS Chahal,0,0,0
Australia,0,AJ Finch,B Kumar,DA Warner,0,1,1
Australia,0,AJ Finch,B Kumar,DA Warner,0,0,0
Australia,0,AJ Finch,B Kumar,DA Warner,3,0,3
Australia,0,DA Warner,B Kumar,AJ Finch,0,0,0
Australia,0,DA Warner,B Kumar,AJ Finch,0,0,0
Australia,0,DA Warner,B Kumar,AJ Finch,0,0,0
Australia,0,DA Warner,B Kumar,AJ Finch,2,0,2
Australia,1,AJ Finch,JJ Bumrah,DA Warner,4,0,4
Australia,1,AJ Finch,JJ Bumrah,DA Warner,1,0,1
Australia,1,DA Warner,JJ Bumrah,AJ Finch,0,0,0
Australia,1,MC Henriques,JJ Bumrah,AJ Finch,0,0,0
Australia,1,MC Henriques,JJ Bumrah,AJ Finch,1,0,1
Australia,1,AJ Finch,JJ Bumrah,MC Henriques,0,0,0
Australia,2,MC Henriques,B Kumar,AJ Finch,0,0,0
Australia,2,MC Henriques,B Kumar,AJ Finch,1,0,1
Australia,2,AJ Finch,B Kumar,MC Henriques,0,0,0
Australia,2,AJ Finch,B Kumar,MC Henriques,0,0,0
Australia,2,AJ Finch,B Kumar,MC Henriques,0,0,0
Australia,2,TM Head,B Kumar,MC Henriques,1,0,1
Australia,3,TM Head,JJ Bumrah,MC Henriques,0,0,0
Australia,3,TM Head,JJ Bumrah,MC Henriques,4,0,4
Australia,3,TM Head,JJ Bumrah,MC Henriques,2,0,2
Australia,3,TM Head,JJ Bumrah,MC Henriques,0,0,0
Australia,3,TM Head,JJ Bumrah,MC Henriques,0,0,0
Australia,3,TM Head,JJ Bumrah,MC Henriques,4,0,4
Australia,4,MC Henriques,B Kumar,TM Head,0,0,0
Australia,4,MC Henriques,B Kumar,TM Head,0,0,0
Australia,4,MC Henriques,B Kumar,TM Head,0,0,0
Australia,4,MC Henriques,B Kumar,TM Head,0,0,0
Australia,4,MC Henriques,B Kumar,TM Head,0,0,0
Australia,4,MC Henriques,B Kumar,TM Head,1,0,1
Australia,5,MC Henriques,JJ Bumrah,TM Head,0,0,0
Australia,5,MC Henriques,JJ Bumrah,TM Head,0,0,0
Australia,5,MC Henriques,JJ Bumrah,TM Head,6,0,6
Australia,5,MC Henriques,JJ Bumrah,TM Head,1,0,1
Australia,5,TM Head,JJ Bumrah,MC Henriques,1,0,1
Australia,5,MC Henriques,JJ Bumrah,TM Head,1,0,1
Australia,6,MC Henriques,HH Pandya,TM Head,0,0,0
Australia,6,MC Henriques,HH Pandya,TM Head,0,0,0
Australia,6,MC Henriques,HH Pandya,TM Head,1,0,1
Australia,6,TM Head,HH Pandya,MC Henriques,0,0,0
Australia,6,TM Head,HH Pandya,MC Henriques,1,0,1
Australia,6,MC Henriques,HH Pandya,TM Head,0,0,0
Australia,7,TM Head,Kuldeep Yadav,MC Henriques,1,0,1
Australia,7,MC Henriques,Kuldeep Yadav,TM Head,6,0,6
Australia,7,MC Henriques,Kuldeep Yadav,TM Head,1,0,1
Australia,7,TM Head,Kuldeep Yadav,MC Henriques,0,0,0
Australia,7,TM Head,Kuldeep Yadav,MC Henriques,2,0,2
Australia,7,TM Head,Kuldeep Yadav,MC Henriques,4,0,4
Australia,8,MC Henriques,HH Pandya,TM Head,2,0,2
Australia,8,MC Henriques,HH Pandya,TM Head,4,0,4
Australia,8,MC Henriques,HH Pandya,TM Head,1,0,1
Australia,8,TM Head,HH Pandya,MC Henriques,4,0,4
Australia,8,TM Head,HH Pandya,MC Henriques,0,0,0
Australia,8,TM Head,HH Pandya,MC Henriques,0,0,0
Australia,9,MC Henriques,YS Chahal,TM Head,0,0,0
Australia,9,MC Henriques,YS Chahal,TM Head,0,0,0
Australia,9,MC Henriques,YS Chahal,TM Head,1,0,1
Australia,9,TM Head,YS Chahal,MC Henriques,1,0,1
Australia,9,MC Henriques,YS Chahal,TM Head,0,0,0
Australia,9,MC Henriques,YS Chahal,TM Head,4,0,4
Australia,10,TM Head,Kuldeep Yadav,MC Henriques,0,0,0
Australia,10,TM Head,Kuldeep Yadav,MC Henriques,4,0,4
Australia,10,TM Head,Kuldeep Yadav,MC Henriques,1,0,1
Australia,10,MC Henriques,Kuldeep Yadav,TM Head,4,0,4
Australia,10,MC Henriques,Kuldeep Yadav,TM Head,2,0,2
Australia,10,MC Henriques,Kuldeep Yadav,TM Head,0,0,0
Australia,11,TM Head,YS Chahal,MC Henriques,0,0,0
Australia,11,TM Head,YS Chahal,MC Henriques,1,0,1
Australia,11,MC Henriques,YS Chahal,TM Head,0,0,0
Australia,11,MC Henriques,YS Chahal,TM Head,1,0,1
Australia,11,TM Head,YS Chahal,MC Henriques,6,0,6
Australia,11,TM Head,YS Chahal,MC Henriques,2,0,2
Australia,12,MC Henriques,Kuldeep Yadav,TM Head,0,0,0
Australia,12,MC Henriques,Kuldeep Yadav,TM Head,0,0,0
Australia,12,MC Henriques,Kuldeep Yadav,TM Head,1,0,1
Australia,12,TM Head,Kuldeep Yadav,MC Henriques,1,0,1
Australia,12,MC Henriques,Kuldeep Yadav,TM Head,1,0,1
Australia,12,TM Head,Kuldeep Yadav,MC Henriques,1,0,1
Australia,13,TM Head,YS Chahal,MC Henriques,2,0,2
Australia,13,TM Head,YS Chahal,MC Henriques,0,0,0
Australia,13,TM Head,YS Chahal,MC Henriques,1,0,1
Australia,13,MC Henriques,YS Chahal,TM Head,0,0,0
Australia,13,MC Henriques,YS Chahal,TM Head,1,0,1
Australia,13,TM Head,YS Chahal,MC Henriques,1,0,1
Australia,14,TM Head,Kuldeep Yadav,MC Henriques,1,0,1
Australia,14,MC Henriques,Kuldeep Yadav,TM Head,6,0,6
Australia,14,MC Henriques,Kuldeep Yadav,TM Head,6,0,6
Australia,14,MC Henriques,Kuldeep Yadav,TM Head,1,0,1
Australia,14,TM Head,Kuldeep Yadav,MC Henriques,1,0,1
Australia,14,MC Henriques,Kuldeep Yadav,TM Head,2,0,2
Australia,15,TM Head,YS Chahal,MC Henriques,0,1,1
Australia,15,TM Head,YS Chahal,MC Henriques,1,0,1
Australia,15,MC Henriques,YS Chahal,TM Head,2,0,2
Australia,15,MC Henriques,YS Chahal,TM Head,4,0,4
