Team,Over,Batter,Bowler,Non_Striker,Batter_Runs,Extras,Total_Runs
Australia,0,DA Warner,B Kumar,AJ Finch,0,0,0
Australia,0,DA Warner,B Kumar,AJ Finch,0,0,0
Australia,0,DA Warner,B Kumar,AJ Finch,4,0,4
Australia,0,DA Warner,B Kumar,AJ Finch,4,0,4
Australia,0,DA Warner,B Kumar,AJ Finch,0,0,0
Australia,0,GJ Maxwell,B Kumar,AJ Finch,0,0,0
Australia,1,AJ Finch,JJ Bumrah,GJ Maxwell,0,0,0
Australia,1,AJ Finch,JJ Bumrah,GJ Maxwell,0,0,0
Australia,1,AJ Finch,JJ Bumrah,GJ Maxwell,4,0,4
Australia,1,AJ Finch,JJ Bumrah,GJ Maxwell,1,0,1
Australia,1,GJ Maxwell,JJ Bumrah,AJ Finch,1,0,1
Australia,1,AJ Finch,JJ Bumrah,GJ Maxwell,1,0,1
Australia,2,AJ Finch,HH Pandya,GJ Maxwell,0,0,0
Australia,2,AJ Finch,HH Pandya,GJ Maxwell,2,0,2
Australia,2,AJ Finch,HH Pandya,GJ Maxwell,0,0,0
Australia,2,AJ Finch,HH Pandya,GJ Maxwell,0,0,0
Australia,2,AJ Finch,HH Pandya,GJ Maxwell,4,0,4
Australia,2,AJ Finch,HH Pandya,GJ Maxwell,4,0,4
Australia,3,GJ Maxwell,B Kumar,AJ Finch,0,0,0
Australia,3,GJ Maxwell,B Kumar,AJ Finch,1,0,1
Australia,3,AJ Finch,B Kumar,GJ Maxwell,1,0,1
Australia,3,GJ Maxwell,B Kumar,AJ Finch,0,0,0
Australia,3,GJ Maxwell,B Kumar,AJ Finch,0,0,0
Australia,3,GJ Maxwell,B Kumar,AJ Finch,1,0,1
Australia,4,GJ Maxwell,JJ Bumrah,AJ Finch,0,0,0
Australia,4,GJ Maxwell,JJ Bumrah,AJ Finch,1,0,1
Australia,4,AJ Finch,JJ Bumrah,GJ Maxwell,1,0,1
Australia,4,GJ Maxwell,JJ Bumrah,AJ Finch,0,1,1
Australia,4,GJ Maxwell,JJ Bumrah,AJ Finch,1,0,1
Australia,4,AJ Finch,JJ Bumrah,GJ Maxwell,2,0,2
Australia,4,AJ Finch,JJ Bumrah,GJ Maxwell,2,0,2
Australia,5,GJ Maxwell,HH Pandya,AJ Finch,4,0,4
Australia,5,GJ Maxwell,HH Pandya,AJ Finch,1,0,1
Australia,5,AJ Finch,HH Pandya,GJ Maxwell,2,0,2
Australia,5,AJ Finch,HH Pandya,GJ Maxwell,4,0,4
Australia,5,AJ Finch,HH Pandya,GJ Maxwell,1,0,1
Australia,5,GJ Maxwell,HH Pandya,AJ Finch,1,0,1
Australia,6,GJ Maxwell,YS Chahal,AJ Finch,2,0,2
Australia,6,GJ Maxwell,YS Chahal,AJ Finch,4,0,4
Australia,6,GJ Maxwell,YS Chahal,AJ Finch,0,0,0
Australia,6,TM Head,YS Chahal,AJ Finch,1,0,1
Australia,6,AJ Finch,YS Chahal,TM Head,1,0,1
Australia,6,TM Head,YS Chahal,AJ Finch,0,0,0
Australia,7,AJ Finch,Kuldeep Yadav,TM Head,0,0,0
Australia,7,AJ Finch,Kuldeep Yadav,TM Head,1,0,1
Australia,7,TM Head,Kuldeep Yadav,AJ Finch,1,0,1
Australia,7,AJ Finch,Kuldeep Yadav,TM Head,1,0,1
Australia,7,TM Head,Kuldeep Yadav,AJ Finch,1,0,1
Australia,7,AJ Finch,Kuldeep Yadav,TM Head,1,0,1
Australia,8,AJ Finch,YS Chahal,TM Head,0,0,0
Australia,8,AJ Finch,YS Chahal,TM Head,6,0,6
Australia,8,AJ Finch,YS Chahal,TM Head,1,0,1
Australia,8,TM Head,YS Chahal,AJ Finch,0,1,1
Australia,8,AJ Finch,YS Chahal,TM Head,0,1,1
Australia,8,AJ Finch,YS Chahal,TM Head,0,0,0
Australia,8,AJ Finch,YS Chahal,TM Head,1,0,1
Australia,9,AJ Finch,Kuldeep Yadav,TM Head,1,0,1
Australia,9,TM Head,Kuldeep Yadav,AJ Finch,2,0,2
Australia,9,TM Head,Kuldeep Yadav,AJ Finch,0,0,0
Australia,9,TM Head,Kuldeep Yadav,AJ Finch,1,0,1
Australia,9,AJ Finch,Kuldeep Yadav,TM Head,0,0,0
Australia,9,MC Henriques,Kuldeep Yadav,TM Head,1,0,1
Australia,10,MC Henriques,YS Chahal,TM Head,1,0,1
Australia,10,TM Head,YS Chahal,MC Henriques,0,0,0
Australia,10,TM Head,YS Chahal,MC Henriques,1,0,1
Australia,10,MC Henriques,YS Chahal,TM Head,0,0,0
Australia,10,MC Henriques,YS Chahal,TM Head,1,0,1
Australia,10,TM Head,YS Chahal,MC Henriques,0,0,0
Australia,11,MC Henriques,HH Pandya,TM Head,1,0,1
Australia,11,TM Head,HH Pandya,MC Henriques,0,0,0
Australia,11,TM Head,HH Pandya,MC Henriques,1,0,1
Australia,11,MC Henriques,HH Pandya,TM Head,0,0,0
Australia,11,MC Henriques,HH Pandya,TM Head,4,0,4
Australia,11,MC Henriques,HH Pandya,TM Head,0,0,0
Australia,12,TM Head,Kuldeep Yadav,MC Henriques,1,0,1
Australia,12,MC Henriques,Kuldeep Yadav,TM Head,0,0,0
Australia,12,DT Christian,Kuldeep Yadav,TM Head,0,0,0
Australia,12,DT Christian,Kuldeep Yadav,TM Head,0,0,0
Australia,12,DT Christian,Kuldeep Yadav,TM Head,1,0,1
Australia,12,TM Head,Kuldeep Yadav,DT Christian,0,0,0
Australia,13,DT Christian,HH Pandya,TM Head,0,0,0
Australia,13,DT Christian,HH Pandya,TM Head,1,0,1
Australia,13,TM Head,HH Pandya,DT Christian,0,0,0
Australia,13,TD Paine,HH Pandya,DT Christian,1,0,1
Australia,13,DT Christian,HH Pandya,TD Paine,1,0,1
Australia,13,TD Paine,HH Pandya,DT Christian,1,0,1
Australia,14,TD Paine,YS Chahal,DT Christian,0,0,0
Australia,14,TD Paine,YS Chahal,DT Christian,0,0,0
Australia,14,TD Paine,YS Chahal,DT Christian,1,0,1
Australia,14,DT Christian,YS Chahal,TD Paine,1,0,1
Australia,14,TD Paine,YS Chahal,DT Christian,0,0,0
Australia,14,TD Paine,YS Chahal,DT Christian,1,0,1
Australia,15,TD Paine,Kuldeep Yadav,DT Christian,0,0,0
Australia,15,TD Paine,Kuldeep Yadav,DT Christian,1,0,1
Australia,15,DT Christian,Kuldeep Yadav,TD Paine,1,0,1
Australia,15,TD Paine,Kuldeep Yadav,DT Christian,0,0,0
Australia,15,TD Paine,Kuldeep Yadav,DT Christian,1,0,1
Australia,15,DT Christian,Kuldeep Yadav,TD Paine,1,0,1
Australia,16,DT Christian,B Kumar,TD Paine,0,0,0
Australia,16,DT Christian,B Kumar,TD Paine,1,0,1
Australia,16,TD Paine,B Kumar,DT Christian,4,0,4
Australia,16,TD Paine,B Kumar,DT Christian,0,0,0
Australia,16,TD Paine,B Kumar,DT Christian,6,0,6
Australia,16,TD Paine,B Kumar,DT Christian,1,0,1
Australia,17,TD Paine,JJ Bumrah,DT Christian,0,0,0
Australia,17,NM Coulter-Nile,JJ Bumrah,DT Christian,1,0,1
Australia,17,DT Christian,JJ Bumrah,NM Coulter-Nile,1,0,1
Australia,17,NM Coulter-Nile,JJ Bumrah,DT Christian,0,0,0
Australia,17,AJ Tye,JJ Bumrah,DT Christian,0,0,0
Australia,17,AJ Tye,JJ Bumrah,DT Christian,0,0,0
Australia,18,DT Christian,B Kumar,AJ Tye,1,0,1
Australia,18,A Zampa,B Kumar,AJ Tye,0,0,0
Australia,18,A Zampa,B Kumar,AJ Tye,4,0,4
Australia,18,A Zampa,B Kumar,AJ Tye,0,0,0
India,0,RG Sharma,JP Behrendorff,S Dhawan,4,0,4
India,0,RG Sharma,JP Behrendorff,S Dhawan,0,0,0
India,0,RG Sharma,JP Behrendorff,S Dhawan,0,0,0
India,0,RG Sharma,JP Behrendorff,S Dhawan,0,0,0
India,0,RG Sharma,JP Behrendorff,S Dhawan,1,0,1
India,0,S Dhawan,JP Behrendorff,RG Sharma,0,0,0
India,1,RG Sharma,NM Coulter-Nile,S Dhawan,6,0,6
India,1,RG Sharma,NM Coulter-Nile,S Dhawan,0,0,0
India,1,V Kohli,NM Coulter-Nile,S Dhawan,0,0,0
India,1,V Kohli,NM Coulter-Nile,S Dhawan,1,0,1
India,1,S Dhawan,NM Coulter-Nile,V Kohli,0,0,0
India,1,S Dhawan,NM Coulter-Nile,V Kohli,4,0,4
India,2,V Kohli,AJ Tye,S Dhawan,4,0,4
India,2,V Kohli,AJ Tye,S Dhawan,1,0,1
India,2,S Dhawan,AJ Tye,V Kohli,4,0,4
India,2,S Dhawan,AJ Tye,V Kohli,0,1,1
India,2,V Kohli,AJ Tye,S Dhawan,0,0,0
India,2,V Kohli,AJ Tye,S Dhawan,1,0,1
India,3,V Kohli,NM Coulter-Nile,S Dhawan,1,0,1
India,3,S Dhawan,NM Coulter-Nile,V Kohli,4,0,4
India,3,S Dhawan,NM Coulter-Nile,V Kohli,1,0,1
India,3,V Kohli,NM Coulter-Nile,S Dhawan,2,0,2
India,3,V Kohli,NM Coulter-Nile,S Dhawan,1,0,1
India,3,S Dhawan,NM Coulter-Nile,V Kohli,0,0,0
India,4,V Kohli,A Zampa,S Dhawan,4,0,4
India,4,V Kohli,A Zampa,S Dhawan,1,0,1
India,4,S Dhawan,A Zampa,V Kohli,0,0,0
India,4,S Dhawan,A Zampa,V Kohli,0,0,0
India,4,S Dhawan,A Zampa,V Kohli,1,0,1
India,4,V Kohli,A Zampa,S Dhawan,0,0,0
India,5,S Dhawan,DT Christian,V Kohli,1,0,1
India,5,V Kohli,DT Christian,S Dhawan,2,0,2
India,5,V Kohli,DT Christian,S Dhawan,4,0,4
