Team,Over,Batter,Bowler,Non_Striker,Batter_Runs,Extras,Total_Runs
Sri Lanka,0,MD Gunathilaka,Imad Wasim,EMDY Munaweera,0,0,0
Sri Lanka,0,MD Gunathilaka,Imad Wasim,EMDY Munaweera,0,0,0
Sri Lanka,0,MD Gunathilaka,Imad Wasim,EMDY Munaweera,1,0,1
Sri Lanka,0,EMDY Munaweera,Imad Wasim,MD Gunathilaka,0,0,0
Sri Lanka,0,EMDY Munaweera,Imad Wasim,MD Gunathilaka,0,0,0
Sri Lanka,0,EMDY Munaweera,Imad Wasim,MD Gunathilaka,0,0,0
Sri Lanka,1,MD Gunathilaka,Usman Shinwari,EMDY Munaweera,0,0,0
Sri Lanka,1,MD Gunathilaka,Usman Shinwari,EMDY Munaweera,4,0,4
Sri Lanka,1,MD Gunathilaka,Usman Shinwari,EMDY Munaweera,0,0,0
Sri Lanka,1,MD Gunathilaka,Usman Shinwari,EMDY Munaweera,0,0,0
Sri Lanka,1,MD Gunathilaka,Usman Shinwari,EMDY Munaweera,4,0,4
Sri Lanka,1,MD Gunathilaka,Usman Shinwari,EMDY Munaweera,0,0,0
Sri Lanka,2,EMDY Munaweera,Imad Wasim,MD Gunathilaka,0,0,0
Sri Lanka,2,EMDY Munaweera,Imad Wasim,MD Gunathilaka,4,0,4
Sri Lanka,2,EMDY Munaweera,Imad Wasim,MD Gunathilaka,0,1,1
Sri Lanka,2,MD Gunathilaka,Imad Wasim,EMDY Munaweera,0,0,0
Sri Lanka,2,MD Gunathilaka,Imad Wasim,EMDY Munaweera,1,0,1
Sri Lanka,2,EMDY Munaweera,Imad Wasim,MD Gunathilaka,1,0,1
Sri Lanka,3,EMDY Munaweera,Usman Shinwari,MD Gunathilaka,4,0,4
Sri Lanka,3,EMDY Munaweera,Usman Shinwari,MD Gunathilaka,0,0,0
Sri Lanka,3,EMDY Munaweera,Usman Shinwari,MD Gunathilaka,1,0,1
Sri Lanka,3,MD Gunathilaka,Usman Shinwari,EMDY Munaweera,1,0,1
Sri Lanka,3,EMDY Munaweera,Usman Shinwari,MD Gunathilaka,0,0,0
Sri Lanka,3,EMDY Munaweera,Usman Shinwari,MD Gunathilaka,4,0,4
Sri Lanka,4,MD Gunathilaka,Imad Wasim,EMDY Munaweera,1,0,1
Sri Lanka,4,EMDY Munaweera,Imad Wasim,MD Gunathilaka,1,0,1
Sri Lanka,4,MD Gunathilaka,Imad Wasim,EMDY Munaweera,0,0,0
Sri Lanka,4,MD Gunathilaka,Imad Wasim,EMDY Munaweera,1,0,1
Sri Lanka,4,EMDY Munaweera,Imad Wasim,MD Gunathilaka,3,0,3
Sri Lanka,4,MD Gunathilaka,Imad Wasim,EMDY Munaweera,2,0,2
Sri Lanka,5,EMDY Munaweera,Hasan Ali,MD Gunathilaka,0,0,0
Sri Lanka,5,EMDY Munaweera,Hasan Ali,MD Gunathilaka,1,0,1
Sri Lanka,5,MD Gunathilaka,Hasan Ali,EMDY Munaweera,6,0,6
Sri Lanka,5,MD Gunathilaka,Hasan Ali,EMDY Munaweera,1,0,1
Sri Lanka,5,EMDY Munaweera,Hasan Ali,MD Gunathilaka,0,0,0
Sri Lanka,5,EMDY Munaweera,Hasan Ali,MD Gunathilaka,0,0,0
Sri Lanka,6,MD Gunathilaka,Faheem Ashraf,EMDY Munaweera,0,0,0
Sri Lanka,6,MD Gunathilaka,Faheem Ashraf,EMDY Munaweera,1,0,1
Sri Lanka,6,EMDY Munaweera,Faheem Ashraf,MD Gunathilaka,0,0,0
Sri Lanka,6,EMDY Munaweera,Faheem Ashraf,MD Gunathilaka,0,0,0
Sri Lanka,6,MD Gunathilaka,Faheem Ashraf,S Samarawickrama,1,0,1
Sri Lanka,6,S Samarawickrama,Faheem Ashraf,MD Gunathilaka,1,0,1
Sri Lanka,7,S Samarawickrama,Shadab Khan,MD Gunathilaka,1,0,1
Sri Lanka,7,MD Gunathilaka,Shadab Khan,S Samarawickrama,0,0,0
Sri Lanka,7,MD Gunathilaka,Shadab Khan,S Samarawickrama,0,0,0
Sri Lanka,7,MD Gunathilaka,Shadab Khan,S Samarawickrama,1,0,1
Sri Lanka,7,S Samarawickrama,Shadab Khan,MD Gunathilaka,1,0,1
Sri Lanka,7,MD Gunathilaka,Shadab Khan,S Samarawickrama,0,0,0
Sri Lanka,8,S Samarawickrama,Faheem Ashraf,MD Gunathilaka,2,0,2
Sri Lanka,8,S Samarawickrama,Faheem Ashraf,MD Gunathilaka,1,0,1
Sri Lanka,8,MD Gunathilaka,Faheem Ashraf,S Samarawickrama,1,0,1
Sri Lanka,8,S Samarawickrama,Faheem Ashraf,MD Gunathilaka,1,0,1
Sri Lanka,8,MD Gunathilaka,Faheem Ashraf,S Samarawickrama,1,0,1
Sri Lanka,8,S Samarawickrama,Faheem Ashraf,MD Gunathilaka,1,0,1
Sri Lanka,9,S Samarawickrama,Shadab Khan,MD Gunathilaka,2,0,2
Sri Lanka,9,S Samarawickrama,Shadab Khan,MD Gunathilaka,1,0,1
Sri Lanka,9,MD Gunathilaka,Shadab Khan,S Samarawickrama,1,0,1
Sri Lanka,9,S Samarawickrama,Shadab Khan,MD Gunathilaka,1,0,1
Sri Lanka,9,MD Gunathilaka,Shadab Khan,S Samarawickrama,1,0,1
Sri Lanka,9,S Samarawickrama,Shadab Khan,MD Gunathilaka,0,0,0
Sri Lanka,10,MD Gunathilaka,Imad Wasim,S Samarawickrama,4,0,4
Sri Lanka,10,MD Gunathilaka,Imad Wasim,S Samarawickrama,1,0,1
Sri Lanka,10,S Samarawickrama,Imad Wasim,MD Gunathilaka,0,2,2
Sri Lanka,10,MD Gunathilaka,Imad Wasim,S Samarawickrama,0,0,0
Sri Lanka,10,MD Gunathilaka,Imad Wasim,S Samarawickrama,0,0,0
Sri Lanka,10,MD Gunathilaka,Imad Wasim,S Samarawickrama,0,0,0
Sri Lanka,10,MD Gunathilaka,Imad Wasim,S Samarawickrama,1,0,1
Sri Lanka,11,MD Gunathilaka,Mohammad Hafeez,S Samarawickrama,1,0,1
Sri Lanka,11,S Samarawickrama,Mohammad Hafeez,MD Gunathilaka,0,0,0
Sri Lanka,11,S Samarawickrama,Mohammad Hafeez,MD Gunathilaka,0,0,0
Sri Lanka,11,S Samarawickrama,Mohammad Hafeez,MD Gunathilaka,1,0,1
Sri Lanka,11,MD Gunathilaka,Mohammad Hafeez,S Samarawickrama,0,0,0
Sri Lanka,11,MD Gunathilaka,Mohammad Hafeez,S Samarawickrama,2,0,2
Sri Lanka,12,S Samarawickrama,Hasan Ali,MD Gunathilaka,1,0,1
Sri Lanka,12,MD Gunathilaka,Hasan Ali,S Samarawickrama,1,0,1
Sri Lanka,12,S Samarawickrama,Hasan Ali,MD Gunathilaka,4,0,4
Sri Lanka,12,S Samarawickrama,Hasan Ali,MD Gunathilaka,1,0,1
Sri Lanka,12,MD Gunathilaka,Hasan Ali,S Samarawickrama,4,0,4
Sri Lanka,12,MD Gunathilaka,Hasan Ali,S Samarawickrama,2,0,2
Sri Lanka,13,S Samarawickrama,Mohammad Hafeez,MD Gunathilaka,1,0,1
Sri Lanka,13,MD Gunathilaka,Mohammad Hafeez,S Samarawickrama,1,0,1
Sri Lanka,13,S Samarawickrama,Mohammad Hafeez,MD Gunathilaka,1,0,1
Sri Lanka,13,MD Gunathilaka,Mohammad Hafeez,S Samarawickrama,1,0,1
Sri Lanka,13,S Samarawickrama,Mohammad Hafeez,MD Gunathilaka,0,1,1
Sri Lanka,13,S Samarawickrama,Mohammad Hafeez,MD Gunathilaka,2,0,2
Sri Lanka,13,S Samarawickrama,Mohammad Hafeez,MD Gunathilaka,2,0,2
Sri Lanka,14,MD Gunathilaka,Shadab Khan,S Samarawickrama,1,0,1
Sri Lanka,14,S Samarawickrama,Shadab Khan,MD Gunathilaka,0,0,0
Sri Lanka,14,S Samarawickrama,Shadab Khan,MD Gunathilaka,1,0,1
Sri Lanka,14,MD Gunathilaka,Shadab Khan,S Samarawickrama,1,0,1
Sri Lanka,14,S Samarawickrama,Shadab Khan,MD Gunathilaka,0,0,0
Sri Lanka,14,S Samarawickrama,Shadab Khan,MD Gunathilaka,0,0,0
Sri Lanka,15,MD Gunathilaka,Mohammad Hafeez,S Samarawickrama,1,0,1
Sri Lanka,15,S Samarawickrama,Mohammad Hafeez,MD Gunathilaka,0,0,0
Sri Lanka,15,S Samarawickrama,Mohammad Hafeez,MD Gunathilaka,4,0,4
Sri Lanka,15,S Samarawickrama,Mohammad Hafeez,MD Gunathilaka,1,0,1
Sri Lanka,15,MD Gunathilaka,Mohammad Hafeez,S Samarawickrama,1,0,1
Sri Lanka,15,S Samarawickrama,Mohammad Hafeez,MD Gunathilaka,1,0,1
Sri Lanka,16,S Samarawickrama,Shadab Khan,MD Gunathilaka,0,0,0
Sri Lanka,16,S Samarawickrama,Shadab Khan,MD Gunathilaka,0,0,0
Sri Lanka,16,S Prasanna,Shadab Khan,MD Gunathilaka,0,0,0
Sri Lanka,16,S Prasanna,Shadab Khan,MD Gunathilaka,1,0,1
Sri Lanka,16,MD Gunathilaka,Shadab Khan,S Prasanna,0,0,0
Sri Lanka,16,NLTC Perera,Shadab Khan,S Prasanna,1,0,1
Sri Lanka,17,NLTC Perera,Hasan Ali,S Prasanna,1,0,1
Sri Lanka,17,S Prasanna,Hasan Ali,NLTC Perera,0,0,0
Sri Lanka,17,NLTC Perera,Hasan Ali,MD Shanaka,1,0,1
Sri Lanka,17,MD Shanaka,Hasan Ali,NLTC Perera,1,0,1
Sri Lanka,17,NLTC Perera,Hasan Ali,MD Shanaka,0,0,0
Sri Lanka,17,MD Shanaka,Hasan Ali,I Udana,0,0,0
Sri Lanka,18,I Udana,Faheem Ashraf,MD Shanaka,2,0,2
Sri Lanka,18,I Udana,Faheem Ashraf,MD Shanaka,0,0,0
Sri Lanka,18,I Udana,Faheem Ashraf,MD Shanaka,4,0,4
Sri Lanka,18,I Udana,Faheem Ashraf,MD Shanaka,0,0,0
Sri Lanka,18,ML Udawatte,Faheem Ashraf,MD Shanaka,0,0,0
Sri Lanka,18,MD Shanaka,Faheem Ashraf,SS Pathirana,0,0,0
Sri Lanka,19,SS Pathirana,Hasan Ali,SMA Priyanjan,1,0,1
Sri Lanka,19,SMA Priyanjan,Hasan Ali,SS Pathirana,1,0,1
Sri Lanka,19,SS Pathirana,Hasan Ali,SMA Priyanjan,0,0,0
Sri Lanka,19,SMA Priyanjan,Hasan Ali,JRMVB Sanjaya,1,0,1
Sri Lanka,19,JRMVB Sanjaya,Hasan Ali,SMA Priyanjan,4,0,4
Sri Lanka,19,JRMVB Sanjaya,Hasan Ali,SMA Priyanjan,0,0,0
Pakistan,0,Ahmed Shehzad,JRMVB Sanjaya,Fakhar Zaman,0,0,0
Pakistan,0,Ahmed Shehzad,JRMVB Sanjaya,Fakhar Zaman,2,0,2
Pakistan,0,Ahmed Shehzad,JRMVB Sanjaya,Fakhar Zaman,0,0,0
Pakistan,0,Ahmed Shehzad,JRMVB Sanjaya,Fakhar Zaman,0,1,1
Pakistan,0,Ahmed Shehzad,JRMVB Sanjaya,Fakhar Zaman,2,0,2
Pakistan,0,Ahmed Shehzad,JRMVB Sanjaya,Fakhar Zaman,1,0,1
Pakistan,0,Fakhar Zaman,JRMVB Sanjaya,Ahmed Shehzad,1,0,1
Pakistan,1,Fakhar Zaman,EMDY Munaweera,Ahmed Shehzad,1,0,1
Pakistan,1,Ahmed Shehzad,EMDY Munaweera,Fakhar Zaman,0,0,0
Pakistan,1,Ahmed Shehzad,EMDY Munaweera,Fakhar Zaman,1,0,1
Pakistan,1,Fakhar Zaman,EMDY Munaweera,Ahmed Shehzad,1,0,1
Pakistan,1,Ahmed Shehzad,EMDY Munaweera,Fakhar Zaman,0,1,1
Pakistan,1,Ahmed Shehzad,EMDY Munaweera,Fakhar Zaman,4,0,4
Pakistan,1,Ahmed Shehzad,EMDY Munaweera,Fakhar Zaman,1,0,1
Pakistan,2,Ahmed Shehzad,JRMVB Sanjaya,Fakhar Zaman,0,0,0
Pakistan,2,Ahmed Shehzad,JRMVB Sanjaya,Fakhar Zaman,1,0,1
Pakistan,2,Fakhar Zaman,JRMVB Sanjaya,Ahmed Shehzad,0,0,0
Pakistan,2,Fakhar Zaman,JRMVB Sanjaya,Ahmed Shehzad,2,0,2
Pakistan,2,Fakhar Zaman,JRMVB Sanjaya,Ahmed Shehzad,4,0,4
Pakistan,2,Fakhar Zaman,JRMVB Sanjaya,Ahmed Shehzad,0,0,0
Pakistan,3,Ahmed Shehzad,EMDY Munaweera,Fakhar Zaman,4,0,4
Pakistan,3,Ahmed Shehzad,EMDY Munaweera,Fakhar Zaman,1,0,1
Pakistan,3,Fakhar Zaman,EMDY Munaweera,Ahmed Shehzad,0,0,0
Pakistan,3,Fakhar Zaman,EMDY Munaweera,Ahmed Shehzad,0,0,0
Pakistan,3,Fakhar Zaman,EMDY Munaweera,Ahmed Shehzad,2,0,2
Pakistan,3,Babar Azam,EMDY Munaweera,Ahmed Shehzad,1,0,1
Pakistan,4,Babar Azam,I Udana,Ahmed Shehzad,0,0,0
Pakistan,4,Shoaib Malik,I Udana,Ahmed Shehzad,0,0,0
Pakistan,4,Shoaib Malik,I Udana,Ahmed Shehzad,0,0,0
Pakistan,4,Shoaib Malik,I Udana,Ahmed Shehzad,0,0,0
Pakistan,4,Shoaib Malik,I Udana,Ahmed Shehzad,0,0,0
Pakistan,4,Shoaib Malik,I Udana,Ahmed Shehzad,1,0,1
Pakistan,5,Shoaib Malik,SS Pathirana,Ahmed Shehzad,0,0,0
Pakistan,5,Shoaib Malik,SS Pathirana,Ahmed Shehzad,1,0,1
Pakistan,5,Ahmed Shehzad,SS Pathirana,Shoaib Malik,0,1,1
Pakistan,5,Ahmed Shehzad,SS Pathirana,Shoaib Malik,0,0,0
Pakistan,5,Ahmed Shehzad,SS Pathirana,Shoaib Malik,1,0,1
Pakistan,5,Shoaib Malik,SS Pathirana,Ahmed Shehzad,1,0,1
Pakistan,5,Ahmed Shehzad,SS Pathirana,Shoaib Malik,3,0,3
Pakistan,6,Ahmed Shehzad,I Udana,Shoaib Malik,1,0,1
Pakistan,6,Shoaib Malik,I Udana,Ahmed Shehzad,2,0,2
Pakistan,6,Shoaib Malik,I Udana,Ahmed Shehzad,0,0,0
Pakistan,6,Shoaib Malik,I Udana,Ahmed Shehzad,1,0,1
Pakistan,6,Ahmed Shehzad,I Udana,Shoaib Malik,1,0,1
Pakistan,6,Shoaib Malik,I Udana,Ahmed Shehzad,0,0,0
Pakistan,7,Ahmed Shehzad,SS Pathirana,Shoaib Malik,1,0,1
Pakistan,7,Shoaib Malik,SS Pathirana,Ahmed Shehzad,0,0,0
Pakistan,7,Shoaib Malik,SS Pathirana,Ahmed Shehzad,0,0,0
Pakistan,7,Shoaib Malik,SS Pathirana,Ahmed Shehzad,0,0,0
Pakistan,7,Shoaib Malik,SS Pathirana,Ahmed Shehzad,1,0,1
Pakistan,7,Ahmed Shehzad,SS Pathirana,Shoaib Malik,1,0,1
Pakistan,8,Ahmed Shehzad,NLTC Perera,Shoaib Malik,2,0,2
Pakistan,8,Ahmed Shehzad,NLTC Perera,Shoaib Malik,0,0,0
Pakistan,8,Ahmed Shehzad,NLTC Perera,Shoaib Malik,0,0,0
Pakistan,8,Ahmed Shehzad,NLTC Perera,Shoaib Malik,0,1,1
Pakistan,8,Ahmed Shehzad,NLTC Perera,Shoaib Malik,0,0,0
Pakistan,8,Mohammad Hafeez,NLTC Perera,Shoaib Malik,1,0,1
Pakistan,8,Shoaib Malik,NLTC Perera,Mohammad Hafeez,0,0,0
Pakistan,9,Mohammad Hafeez,SS Pathirana,Shoaib Malik,1,0,1
Pakistan,9,Shoaib Malik,SS Pathirana,Mohammad Hafeez,1,0,1
Pakistan,9,Mohammad Hafeez,SS Pathirana,Shoaib Malik,1,0,1
Pakistan,9,Shoaib Malik,SS Pathirana,Mohammad Hafeez,1,0,1
Pakistan,9,Mohammad Hafeez,SS Pathirana,Shoaib Malik,0,0,0
Pakistan,9,Mohammad Hafeez,SS Pathirana,Shoaib Malik,0,0,0
Pakistan,10,Shoaib Malik,NLTC Perera,Mohammad Hafeez,0,0,0
Pakistan,10,Sarfraz Ahmed,NLTC Perera,Mohammad Hafeez,0,0,0
Pakistan,10,Sarfraz Ahmed,NLTC Perera,Mohammad Hafeez,2,0,2
Pakistan,10,Sarfraz Ahmed,NLTC Perera,Mohammad Hafeez,1,0,1
Pakistan,10,Mohammad Hafeez,NLTC Perera,Sarfraz Ahmed,1,0,1
Pakistan,10,Sarfraz Ahmed,NLTC Perera,Mohammad Hafeez,0,0,0
Pakistan,11,Mohammad Hafeez,MD Shanaka,Sarfraz Ahmed,1,0,1
Pakistan,11,Sarfraz Ahmed,MD Shanaka,Mohammad Hafeez,1,0,1
Pakistan,11,Mohammad Hafeez,MD Shanaka,Sarfraz Ahmed,0,0,0
Pakistan,11,Mohammad Hafeez,MD Shanaka,Sarfraz Ahmed,1,0,1
Pakistan,11,Sarfraz Ahmed,MD Shanaka,Mohammad Hafeez,1,0,1
Pakistan,11,Mohammad Hafeez,MD Shanaka,Sarfraz Ahmed,1,0,1
Pakistan,12,Mohammad Hafeez,NLTC Perera,Sarfraz Ahmed,1,0,1
Pakistan,12,Sarfraz Ahmed,NLTC Perera,Mohammad Hafeez,2,0,2
Pakistan,12,Sarfraz Ahmed,NLTC Perera,Mohammad Hafeez,2,0,2
Pakistan,12,Sarfraz Ahmed,NLTC Perera,Mohammad Hafeez,0,0,0
Pakistan,12,Sarfraz Ahmed,NLTC Perera,Mohammad Hafeez,1,0,1
Pakistan,12,Mohammad Hafeez,NLTC Perera,Sarfraz Ahmed,1,0,1
Pakistan,13,Mohammad Hafeez,MD Shanaka,Sarfraz Ahmed,1,0,1
Pakistan,13,Sarfraz Ahmed,MD Shanaka,Mohammad Hafeez,1,0,1
Pakistan,13,Mohammad Hafeez,MD Shanaka,Sarfraz Ahmed,1,0,1
Pakistan,13,Sarfraz Ahmed,MD Shanaka,Mohammad Hafeez,2,0,2
Pakistan,13,Sarfraz Ahmed,MD Shanaka,Mohammad Hafeez,2,0,2
Pakistan,13,Sarfraz Ahmed,MD Shanaka,Mohammad Hafeez,0,4,4
Pakistan,14,Mohammad Hafeez,I Udana,Sarfraz Ahmed,1,0,1
Pakistan,14,Sarfraz Ahmed,I Udana,Mohammad Hafeez,1,0,1
Pakistan,14,Mohammad Hafeez,I Udana,Sarfraz Ahmed,0,0,0
Pakistan,14,Mohammad Hafeez,I Udana,Sarfraz Ahmed,1,0,1
Pakistan,14,Sarfraz Ahmed,I Udana,Mohammad Hafeez,4,0,4
Pakistan,14,Sarfraz Ahmed,I Udana,Mohammad Hafeez,1,0,1
Pakistan,15,Sarfraz Ahmed,SS Pathirana,Mohammad Hafeez,0,1,1
Pakistan,15,Sarfraz Ahmed,SS Pathirana,Mohammad Hafeez,0,0,0
Pakistan,15,Sarfraz Ahmed,SS Pathirana,Mohammad Hafeez,0,0,0
Pakistan,15,Sarfraz Ahmed,SS Pathirana,Mohammad Hafeez,1,0,1
Pakistan,15,Mohammad Hafeez,SS Pathirana,Sarfraz Ahmed,1,0,1
Pakistan,15,Sarfraz Ahmed,SS Pathirana,Mohammad Hafeez,1,0,1
Pakistan,15,Mohammad Hafeez,SS Pathirana,Sarfraz Ahmed,0,0,0
Pakistan,16,Sarfraz Ahmed,JRMVB Sanjaya,Imad Wasim,1,0,1
Pakistan,16,Imad Wasim,JRMVB Sanjaya,Sarfraz Ahmed,1,0,1
Pakistan,16,Sarfraz Ahmed,JRMVB Sanjaya,Imad Wasim,1,0,1
Pakistan,16,Imad Wasim,JRMVB Sanjaya,Sarfraz Ahmed,1,0,1
Pakistan,16,Sarfraz Ahmed,JRMVB Sanjaya,Imad Wasim,2,0,2
Pakistan,16,Sarfraz Ahmed,JRMVB Sanjaya,Imad Wasim,0,0,0
Pakistan,17,Imad Wasim,NLTC Perera,Sarfraz Ahmed,0,0,0
Pakistan,17,Faheem Ashraf,NLTC Perera,Sarfraz Ahmed,2,0,2
Pakistan,17,Faheem Ashraf,NLTC Perera,Sarfraz Ahmed,1,0,1
Pakistan,17,Sarfraz Ahmed,NLTC Perera,Faheem Ashraf,1,0,1
Pakistan,17,Shadab Khan,NLTC Perera,Faheem Ashraf,4,0,4
Pakistan,17,Shadab Khan,NLTC Perera,Faheem Ashraf,1,0,1
Pakistan,18,Shadab Khan,I Udana,Faheem Ashraf,0,0,0
Pakistan,18,Shadab Khan,I Udana,Faheem Ashraf,1,0,1
Pakistan,18,Faheem Ashraf,I Udana,Shadab Khan,1,0,1
Pakistan,18,Shadab Khan,I Udana,Faheem Ashraf,1,0,1
Pakistan,18,Faheem Ashraf,I Udana,Shadab Khan,0,0,0
Pakistan,18,Faheem Ashraf,I Udana,Shadab Khan,0,1,1
Pakistan,19,Faheem Ashraf,JRMVB Sanjaya,Shadab Khan,0,0,0
Pakistan,19,Shadab Khan,JRMVB Sanjaya,Hasan Ali,1,0,1
Pakistan,19,Hasan Ali,JRMVB Sanjaya,Shadab Khan,3,0,3
Pakistan,19,Shadab Khan,JRMVB Sanjaya,Hasan Ali,6,0,6
Pakistan,19,Shadab Khan,JRMVB Sanjaya,Hasan Ali,2,0,2
