Team,Over,Batter,Bowler,Non_Striker,Batter_Runs,Extras,Total_Runs
India,0,RG Sharma,TA Boult,S Dhawan,1,0,1
India,0,S Dhawan,TA Boult,RG Sharma,0,0,0
India,0,S Dhawan,TA Boult,RG Sharma,0,0,0
India,0,S Dhawan,TA Boult,RG Sharma,2,0,2
India,0,S Dhawan,TA Boult,RG Sharma,4,0,4
India,0,S Dhawan,TA Boult,RG Sharma,0,0,0
India,1,RG Sharma,MJ Santner,S Dhawan,0,0,0
India,1,RG Sharma,MJ Santner,S Dhawan,2,0,2
India,1,RG Sharma,MJ Santner,S Dhawan,0,0,0
India,1,RG Sharma,MJ Santner,S Dhawan,4,0,4
India,1,RG Sharma,MJ Santner,S Dhawan,0,0,0
India,1,RG Sharma,MJ Santner,S Dhawan,0,1,1
India,2,RG Sharma,TG Southee,S Dhawan,1,0,1
India,2,S Dhawan,TG Southee,RG Sharma,0,0,0
India,2,RG Sharma,TG Southee,V Kohli,0,0,0
India,2,V Kohli,TG Southee,SS Iyer,1,0,1
India,2,SS Iyer,TG Southee,V Kohli,1,0,1
India,2,V Kohli,TG Southee,SS Iyer,1,0,1
India,3,V Kohli,IS Sodhi,SS Iyer,4,0,4
India,3,V Kohli,IS Sodhi,SS Iyer,6,0,6
India,3,V Kohli,IS Sodhi,SS Iyer,1,0,1
India,3,SS Iyer,IS Sodhi,V Kohli,1,0,1
India,3,V Kohli,IS Sodhi,SS Iyer,0,0,0
India,3,MK Pandey,IS Sodhi,SS Iyer,1,0,1
India,4,MK Pandey,TG Southee,SS Iyer,4,0,4
India,4,MK Pandey,TG Southee,SS Iyer,0,0,0
India,4,MK Pandey,TG Southee,SS Iyer,1,0,1
India,4,SS Iyer,TG Southee,MK Pandey,0,0,0
India,4,SS Iyer,TG Southee,MK Pandey,2,0,2
India,4,SS Iyer,TG Southee,MK Pandey,2,0,2
India,5,MK Pandey,IS Sodhi,SS Iyer,0,1,1
India,5,MK Pandey,IS Sodhi,SS Iyer,6,0,6
India,5,MK Pandey,IS Sodhi,SS Iyer,0,0,0
India,5,MK Pandey,IS Sodhi,SS Iyer,1,0,1
India,5,SS Iyer,IS Sodhi,MK Pandey,0,0,0
India,5,MK Pandey,IS Sodhi,HH Pandya,1,0,1
India,5,HH Pandya,IS Sodhi,MK Pandey,1,0,1
India,6,HH Pandya,MJ Santner,MK Pandey,0,0,0
India,6,HH Pandya,MJ Santner,MK Pandey,1,0,1
India,6,MK Pandey,MJ Santner,HH Pandya,2,0,2
India,6,MK Pandey,MJ Santner,HH Pandya,1,0,1
India,6,HH Pandya,MJ Santner,MK Pandey,6,0,6
India,6,HH Pandya,MJ Santner,MK Pandey,0,1,1
India,7,HH Pandya,TA Boult,MK Pandey,1,0,1
India,7,MK Pandey,TA Boult,HH Pandya,0,0,0
India,7,HH Pandya,TA Boult,MS Dhoni,2,0,2
India,7,HH Pandya,TA Boult,MS Dhoni,2,0,2
India,7,HH Pandya,TA Boult,MS Dhoni,0,0,0
India,7,HH Pandya,TA Boult,MS Dhoni,1,0,1
New Zealand,0,MJ Guptill,B Kumar,C Munro,1,0,1
New Zealand,0,C Munro,B Kumar,MJ Guptill,6,0,6
New Zealand,0,C Munro,B Kumar,MJ Guptill,0,0,0
New Zealand,0,C Munro,B Kumar,MJ Guptill,1,0,1
New Zealand,0,MJ Guptill,B Kumar,C Munro,0,0,0
New Zealand,0,MJ Guptill,B Kumar,C Munro,0,0,0
New Zealand,1,C Munro,JJ Bumrah,KS Williamson,0,0,0
New Zealand,1,C Munro,JJ Bumrah,KS Williamson,0,0,0
New Zealand,1,C Munro,JJ Bumrah,KS Williamson,0,0,0
New Zealand,1,KS Williamson,JJ Bumrah,GD Phillips,1,0,1
New Zealand,1,GD Phillips,JJ Bumrah,KS Williamson,0,1,1
New Zealand,1,KS Williamson,JJ Bumrah,GD Phillips,1,0,1
New Zealand,2,KS Williamson,YS Chahal,GD Phillips,0,0,0
New Zealand,2,KS Williamson,YS Chahal,GD Phillips,2,0,2
New Zealand,2,KS Williamson,YS Chahal,GD Phillips,0,0,0
New Zealand,2,KS Williamson,YS Chahal,GD Phillips,1,0,1
New Zealand,2,GD Phillips,YS Chahal,KS Williamson,0,0,0
New Zealand,2,GD Phillips,YS Chahal,KS Williamson,2,0,2
New Zealand,3,KS Williamson,B Kumar,GD Phillips,1,0,1
New Zealand,3,KS Williamson,B Kumar,GD Phillips,1,0,1
New Zealand,3,GD Phillips,B Kumar,KS Williamson,0,0,0
New Zealand,3,GD Phillips,B Kumar,KS Williamson,4,0,4
New Zealand,3,GD Phillips,B Kumar,KS Williamson,4,0,4
New Zealand,3,GD Phillips,B Kumar,KS Williamson,0,0,0
New Zealand,4,KS Williamson,Kuldeep Yadav,GD Phillips,1,0,1
New Zealand,4,GD Phillips,Kuldeep Yadav,KS Williamson,1,0,1
New Zealand,4,KS Williamson,Kuldeep Yadav,GD Phillips,0,0,0
New Zealand,4,GD Phillips,Kuldeep Yadav,C de Grandhomme,0,0,0
New Zealand,4,C de Grandhomme,Kuldeep Yadav,HM Nicholls,2,0,2
New Zealand,4,C de Grandhomme,Kuldeep Yadav,HM Nicholls,6,0,6
New Zealand,5,HM Nicholls,YS Chahal,C de Grandhomme,1,0,1
New Zealand,5,C de Grandhomme,YS Chahal,HM Nicholls,0,0,0
New Zealand,5,C de Grandhomme,YS Chahal,HM Nicholls,0,0,0
New Zealand,5,C de Grandhomme,YS Chahal,HM Nicholls,1,0,1
New Zealand,5,HM Nicholls,YS Chahal,C de Grandhomme,0,0,0
New Zealand,5,HM Nicholls,YS Chahal,C de Grandhomme,1,0,1
New Zealand,6,HM Nicholls,JJ Bumrah,C de Grandhomme,0,0,0
New Zealand,6,C de Grandhomme,JJ Bumrah,TC Bruce,1,0,1
New Zealand,6,TC Bruce,JJ Bumrah,C de Grandhomme,4,0,4
New Zealand,6,TC Bruce,JJ Bumrah,C de Grandhomme,0,2,2
New Zealand,6,C de Grandhomme,JJ Bumrah,TC Bruce,0,1,1
New Zealand,6,TC Bruce,JJ Bumrah,C de Grandhomme,0,1,1
New Zealand,6,MJ Santner,JJ Bumrah,C de Grandhomme,0,1,1
New Zealand,7,MJ Santner,HH Pandya,C de Grandhomme,0,1,1
New Zealand,7,C de Grandhomme,HH Pandya,MJ Santner,0,0,0
New Zealand,7,C de Grandhomme,HH Pandya,MJ Santner,6,0,6
New Zealand,7,C de Grandhomme,HH Pandya,MJ Santner,0,1,1
New Zealand,7,C de Grandhomme,HH Pandya,MJ Santner,1,0,1
New Zealand,7,MJ Santner,HH Pandya,C de Grandhomme,2,0,2
New Zealand,7,MJ Santner,HH Pandya,C de Grandhomme,1,0,1
