Team,Over,Batter,Bowler,Non_Striker,Batter_Runs,Extras,Total_Runs
India,0,RG Sharma,AD Mathews,KL Rahul,0,0,0
India,0,RG Sharma,AD Mathews,KL Rahul,0,0,0
India,0,RG Sharma,AD Mathews,KL Rahul,4,0,4
India,0,RG Sharma,AD Mathews,KL Rahul,0,0,0
India,0,RG Sharma,AD Mathews,KL Rahul,4,0,4
India,0,RG Sharma,AD Mathews,KL Rahul,0,0,0
India,1,KL Rahul,PVD Chameera,RG Sharma,0,0,0
India,1,KL Rahul,PVD Chameera,RG Sharma,0,0,0
India,1,KL Rahul,PVD Chameera,RG Sharma,1,0,1
India,1,RG Sharma,PVD Chameera,KL Rahul,1,0,1
India,1,KL Rahul,PVD Chameera,RG Sharma,4,0,4
India,1,KL Rahul,PVD Chameera,RG Sharma,1,0,1
India,2,KL Rahul,AD Mathews,RG Sharma,0,0,0
India,2,KL Rahul,AD Mathews,RG Sharma,0,0,0
India,2,KL Rahul,AD Mathews,RG Sharma,0,0,0
India,2,KL Rahul,AD Mathews,RG Sharma,1,0,1
India,2,RG Sharma,AD Mathews,KL Rahul,1,0,1
India,2,KL Rahul,AD Mathews,RG Sharma,1,0,1
India,3,KL Rahul,PVD Chameera,RG Sharma,2,0,2
India,3,KL Rahul,PVD Chameera,RG Sharma,0,0,0
India,3,KL Rahul,PVD Chameera,RG Sharma,0,0,0
India,3,KL Rahul,PVD Chameera,RG Sharma,6,0,6
India,3,KL Rahul,PVD Chameera,RG Sharma,0,0,0
India,3,KL Rahul,PVD Chameera,RG Sharma,0,0,0
India,4,RG Sharma,N Pradeep,KL Rahul,6,0,6
India,4,RG Sharma,N Pradeep,KL Rahul,0,0,0
India,4,RG Sharma,N Pradeep,KL Rahul,1,0,1
India,4,KL Rahul,N Pradeep,RG Sharma,4,0,4
India,4,KL Rahul,N Pradeep,RG Sharma,6,0,6
India,4,KL Rahul,N Pradeep,RG Sharma,0,0,0
India,5,RG Sharma,A Dananjaya,KL Rahul,4,0,4
India,5,RG Sharma,A Dananjaya,KL Rahul,0,0,0
India,5,RG Sharma,A Dananjaya,KL Rahul,4,0,4
India,5,RG Sharma,A Dananjaya,KL Rahul,6,0,6
India,5,RG Sharma,A Dananjaya,KL Rahul,1,0,1
India,5,KL Rahul,A Dananjaya,RG Sharma,1,0,1
India,6,KL Rahul,NLTC Perera,RG Sharma,1,0,1
India,6,RG Sharma,NLTC Perera,KL Rahul,1,0,1
India,6,KL Rahul,NLTC Perera,RG Sharma,1,0,1
India,6,RG Sharma,NLTC Perera,KL Rahul,4,0,4
India,6,RG Sharma,NLTC Perera,KL Rahul,1,0,1
India,6,KL Rahul,NLTC Perera,RG Sharma,4,0,4
India,7,RG Sharma,PC de Silva,KL Rahul,4,0,4
India,7,RG Sharma,PC de Silva,KL Rahul,4,0,4
India,7,RG Sharma,PC de Silva,KL Rahul,1,0,1
India,7,KL Rahul,PC de Silva,RG Sharma,0,0,0
India,7,KL Rahul,PC de Silva,RG Sharma,6,0,6
India,7,KL Rahul,PC de Silva,RG Sharma,1,0,1
India,8,KL Rahul,DAS Gunaratne,RG Sharma,0,0,0
India,8,KL Rahul,DAS Gunaratne,RG Sharma,1,0,1
India,8,RG Sharma,DAS Gunaratne,KL Rahul,6,0,6
India,8,RG Sharma,DAS Gunaratne,KL Rahul,6,0,6
India,8,RG Sharma,DAS Gunaratne,KL Rahul,4,0,4
India,8,RG Sharma,DAS Gunaratne,KL Rahul,4,0,4
India,9,KL Rahul,N Pradeep,RG Sharma,1,0,1
India,9,RG Sharma,N Pradeep,KL Rahul,1,0,1
India,9,KL Rahul,N Pradeep,RG Sharma,1,0,1
India,9,RG Sharma,N Pradeep,KL Rahul,1,0,1
India,9,KL Rahul,N Pradeep,RG Sharma,1,0,1
India,9,RG Sharma,N Pradeep,KL Rahul,4,0,4
India,10,KL Rahul,NLTC Perera,RG Sharma,1,0,1
India,10,RG Sharma,NLTC Perera,KL Rahul,0,0,0
India,10,RG Sharma,NLTC Perera,KL Rahul,6,0,6
India,10,RG Sharma,NLTC Perera,KL Rahul,0,1,1
India,10,RG Sharma,NLTC Perera,KL Rahul,6,0,6
India,10,RG Sharma,NLTC Perera,KL Rahul,6,0,6
India,10,RG Sharma,NLTC Perera,KL Rahul,6,0,6
India,11,KL Rahul,AD Mathews,RG Sharma,1,0,1
India,11,RG Sharma,AD Mathews,KL Rahul,4,0,4
India,11,RG Sharma,A Dananjaya,KL Rahul,0,0,0
India,11,RG Sharma,A Dananjaya,KL Rahul,0,0,0
India,11,RG Sharma,A Dananjaya,KL Rahul,0,0,0
India,11,RG Sharma,A Dananjaya,KL Rahul,1,0,1
India,12,RG Sharma,PVD Chameera,KL Rahul,6,0,6
India,12,RG Sharma,PVD Chameera,KL Rahul,4,0,4
India,12,RG Sharma,PVD Chameera,KL Rahul,6,0,6
India,12,RG Sharma,PVD Chameera,KL Rahul,0,0,0
India,12,MS Dhoni,PVD Chameera,KL Rahul,0,0,0
India,12,MS Dhoni,PVD Chameera,KL Rahul,1,0,1
India,13,MS Dhoni,A Dananjaya,KL Rahul,4,0,4
India,13,MS Dhoni,A Dananjaya,KL Rahul,4,0,4
India,13,MS Dhoni,A Dananjaya,KL Rahul,1,0,1
India,13,KL Rahul,A Dananjaya,MS Dhoni,1,0,1
India,13,MS Dhoni,A Dananjaya,KL Rahul,0,0,0
India,13,MS Dhoni,A Dananjaya,KL Rahul,1,0,1
India,14,MS Dhoni,N Pradeep,KL Rahul,0,1,1
India,14,KL Rahul,N Pradeep,MS Dhoni,4,0,4
India,14,KL Rahul,N Pradeep,MS Dhoni,1,0,1
India,14,MS Dhoni,N Pradeep,KL Rahul,0,1,1
India,14,MS Dhoni,N Pradeep,KL Rahul,1,0,1
India,14,KL Rahul,N Pradeep,MS Dhoni,0,1,1
India,14,KL Rahul,N Pradeep,MS Dhoni,6,0,6
India,14,KL Rahul,N Pradeep,MS Dhoni,4,0,4
India,15,MS Dhoni,NLTC Perera,KL Rahul,0,0,0
India,15,MS Dhoni,NLTC Perera,KL Rahul,0,1,1
India,15,KL Rahul,NLTC Perera,MS Dhoni,1,0,1
India,15,MS Dhoni,NLTC Perera,KL Rahul,0,1,1
India,15,KL Rahul,NLTC Perera,MS Dhoni,0,1,1
India,15,KL Rahul,NLTC Perera,MS Dhoni,0,0,0
India,15,KL Rahul,NLTC Perera,MS Dhoni,2,0,2
India,16,MS Dhoni,A Dananjaya,KL Rahul,6,0,6
India,16,MS Dhoni,A Dananjaya,KL Rahul,0,0,0
India,16,MS Dhoni,A Dananjaya,KL Rahul,0,1,1
India,16,MS Dhoni,A Dananjaya,KL Rahul,0,0,0
India,16,MS Dhoni,A Dananjaya,KL Rahul,0,1,1
India,16,MS Dhoni,A Dananjaya,KL Rahul,6,0,6
India,16,MS Dhoni,A Dananjaya,KL Rahul,1,0,1
India,16,KL Rahul,A Dananjaya,MS Dhoni,6,0,6
India,17,MS Dhoni,PVD Chameera,KL Rahul,1,0,1
India,17,KL Rahul,PVD Chameera,MS Dhoni,0,0,0
India,17,KL Rahul,PVD Chameera,MS Dhoni,6,0,6
India,17,KL Rahul,PVD Chameera,MS Dhoni,0,0,0
India,17,KL Rahul,PVD Chameera,MS Dhoni,0,0,0
India,17,KL Rahul,PVD Chameera,MS Dhoni,6,0,6
India,18,MS Dhoni,N Pradeep,KL Rahul,1,0,1
India,18,KL Rahul,N Pradeep,MS Dhoni,6,0,6
India,18,KL Rahul,N Pradeep,MS Dhoni,0,0,0
India,18,HH Pandya,N Pradeep,MS Dhoni,4,0,4
India,18,HH Pandya,N Pradeep,MS Dhoni,6,0,6
India,18,HH Pandya,N Pradeep,MS Dhoni,0,0,0
India,19,MS Dhoni,NLTC Perera,SS Iyer,1,0,1
India,19,SS Iyer,NLTC Perera,MS Dhoni,0,0,0
India,19,MK Pandey,NLTC Perera,MS Dhoni,1,0,1
India,19,MS Dhoni,NLTC Perera,MK Pandey,0,0,0
India,19,KD Karthik,NLTC Perera,MK Pandey,4,0,4
India,19,KD Karthik,NLTC Perera,MK Pandey,1,0,1
Sri Lanka,0,N Dickwella,JD Unadkat,WU Tharanga,1,0,1
Sri Lanka,0,WU Tharanga,JD Unadkat,N Dickwella,0,0,0
Sri Lanka,0,WU Tharanga,JD Unadkat,N Dickwella,1,0,1
Sri Lanka,0,N Dickwella,JD Unadkat,WU Tharanga,1,0,1
Sri Lanka,0,WU Tharanga,JD Unadkat,N Dickwella,1,0,1
Sri Lanka,0,N Dickwella,JD Unadkat,WU Tharanga,1,0,1
Sri Lanka,1,N Dickwella,JJ Bumrah,WU Tharanga,0,0,0
Sri Lanka,1,N Dickwella,JJ Bumrah,WU Tharanga,2,0,2
Sri Lanka,1,N Dickwella,JJ Bumrah,WU Tharanga,6,0,6
Sri Lanka,1,N Dickwella,JJ Bumrah,WU Tharanga,1,0,1
Sri Lanka,1,WU Tharanga,JJ Bumrah,N Dickwella,1,0,1
Sri Lanka,1,N Dickwella,JJ Bumrah,WU Tharanga,1,0,1
Sri Lanka,2,N Dickwella,JD Unadkat,WU Tharanga,0,0,0
Sri Lanka,2,N Dickwella,JD Unadkat,WU Tharanga,4,0,4
Sri Lanka,2,N Dickwella,JD Unadkat,WU Tharanga,4,0,4
Sri Lanka,2,N Dickwella,JD Unadkat,WU Tharanga,1,0,1
Sri Lanka,2,WU Tharanga,JD Unadkat,N Dickwella,1,0,1
Sri Lanka,2,N Dickwella,JD Unadkat,WU Tharanga,1,0,1
Sri Lanka,3,N Dickwella,JJ Bumrah,WU Tharanga,1,0,1
Sri Lanka,3,WU Tharanga,JJ Bumrah,N Dickwella,2,0,2
Sri Lanka,3,WU Tharanga,JJ Bumrah,N Dickwella,0,1,1
Sri Lanka,3,WU Tharanga,JJ Bumrah,N Dickwella,1,0,1
Sri Lanka,3,N Dickwella,JJ Bumrah,WU Tharanga,0,1,1
Sri Lanka,3,N Dickwella,JJ Bumrah,WU Tharanga,0,0,0
Sri Lanka,3,N Dickwella,JJ Bumrah,WU Tharanga,1,0,1
Sri Lanka,3,WU Tharanga,JJ Bumrah,N Dickwella,2,0,2
Sri Lanka,4,N Dickwella,JD Unadkat,WU Tharanga,0,0,0
Sri Lanka,4,N Dickwella,JD Unadkat,WU Tharanga,0,0,0
Sri Lanka,4,N Dickwella,JD Unadkat,WU Tharanga,0,0,0
Sri Lanka,4,WU Tharanga,JD Unadkat,MDKJ Perera,4,0,4
Sri Lanka,4,WU Tharanga,JD Unadkat,MDKJ Perera,1,0,1
Sri Lanka,4,MDKJ Perera,JD Unadkat,WU Tharanga,1,0,1
Sri Lanka,5,MDKJ Perera,Kuldeep Yadav,WU Tharanga,1,0,1
Sri Lanka,5,WU Tharanga,Kuldeep Yadav,MDKJ Perera,4,0,4
Sri Lanka,5,WU Tharanga,Kuldeep Yadav,MDKJ Perera,1,0,1
Sri Lanka,5,MDKJ Perera,Kuldeep Yadav,WU Tharanga,6,0,6
Sri Lanka,5,MDKJ Perera,Kuldeep Yadav,WU Tharanga,6,0,6
Sri Lanka,5,MDKJ Perera,Kuldeep Yadav,WU Tharanga,0,1,1
Sri Lanka,6,MDKJ Perera,HH Pandya,WU Tharanga,1,0,1
Sri Lanka,6,WU Tharanga,HH Pandya,MDKJ Perera,0,0,0
Sri Lanka,6,WU Tharanga,HH Pandya,MDKJ Perera,1,0,1
Sri Lanka,6,MDKJ Perera,HH Pandya,WU Tharanga,1,0,1
Sri Lanka,6,WU Tharanga,HH Pandya,MDKJ Perera,1,0,1
Sri Lanka,6,MDKJ Perera,HH Pandya,WU Tharanga,1,0,1
Sri Lanka,7,MDKJ Perera,Kuldeep Yadav,WU Tharanga,1,0,1
Sri Lanka,7,WU Tharanga,Kuldeep Yadav,MDKJ Perera,1,0,1
Sri Lanka,7,MDKJ Perera,Kuldeep Yadav,WU Tharanga,1,0,1
Sri Lanka,7,WU Tharanga,Kuldeep Yadav,MDKJ Perera,1,0,1
Sri Lanka,7,MDKJ Perera,Kuldeep Yadav,WU Tharanga,6,0,6
Sri Lanka,7,MDKJ Perera,Kuldeep Yadav,WU Tharanga,1,0,1
Sri Lanka,8,MDKJ Perera,HH Pandya,WU Tharanga,1,0,1
Sri Lanka,8,WU Tharanga,HH Pandya,MDKJ Perera,1,0,1
Sri Lanka,8,MDKJ Perera,HH Pandya,WU Tharanga,2,0,2
Sri Lanka,8,MDKJ Perera,HH Pandya,WU Tharanga,1,0,1
Sri Lanka,8,WU Tharanga,HH Pandya,MDKJ Perera,0,0,0
Sri Lanka,8,WU Tharanga,HH Pandya,MDKJ Perera,4,0,4
Sri Lanka,9,MDKJ Perera,YS Chahal,WU Tharanga,0,0,0
Sri Lanka,9,MDKJ Perera,YS Chahal,WU Tharanga,0,0,0
Sri Lanka,9,MDKJ Perera,YS Chahal,WU Tharanga,1,0,1
Sri Lanka,9,WU Tharanga,YS Chahal,MDKJ Perera,6,0,6
Sri Lanka,9,WU Tharanga,YS Chahal,MDKJ Perera,2,0,2
Sri Lanka,9,WU Tharanga,YS Chahal,MDKJ Perera,0,1,1
Sri Lanka,9,WU Tharanga,YS Chahal,MDKJ Perera,6,0,6
Sri Lanka,10,MDKJ Perera,HH Pandya,WU Tharanga,0,0,0
Sri Lanka,10,MDKJ Perera,HH Pandya,WU Tharanga,1,0,1
Sri Lanka,10,WU Tharanga,HH Pandya,MDKJ Perera,0,1,1
Sri Lanka,10,MDKJ Perera,HH Pandya,WU Tharanga,1,0,1
Sri Lanka,10,WU Tharanga,HH Pandya,MDKJ Perera,1,0,1
Sri Lanka,10,MDKJ Perera,HH Pandya,WU Tharanga,6,0,6
Sri Lanka,11,WU Tharanga,YS Chahal,MDKJ Perera,1,0,1
Sri Lanka,11,MDKJ Perera,YS Chahal,WU Tharanga,2,0,2
Sri Lanka,11,MDKJ Perera,YS Chahal,WU Tharanga,0,0,0
Sri Lanka,11,MDKJ Perera,YS Chahal,WU Tharanga,6,0,6
Sri Lanka,11,MDKJ Perera,YS Chahal,WU Tharanga,4,0,4
Sri Lanka,11,MDKJ Perera,YS Chahal,WU Tharanga,1,0,1
Sri Lanka,12,MDKJ Perera,Kuldeep Yadav,WU Tharanga,0,0,0
Sri Lanka,12,MDKJ Perera,Kuldeep Yadav,WU Tharanga,4,0,4
Sri Lanka,12,MDKJ Perera,Kuldeep Yadav,WU Tharanga,6,0,6
Sri Lanka,12,MDKJ Perera,Kuldeep Yadav,WU Tharanga,4,0,4
Sri Lanka,12,MDKJ Perera,Kuldeep Yadav,WU Tharanga,1,0,1
Sri Lanka,12,WU Tharanga,Kuldeep Yadav,MDKJ Perera,1,0,1
Sri Lanka,13,WU Tharanga,YS Chahal,MDKJ Perera,2,0,2
Sri Lanka,13,WU Tharanga,YS Chahal,MDKJ Perera,0,1,1
Sri Lanka,13,WU Tharanga,YS Chahal,MDKJ Perera,0,0,0
Sri Lanka,13,MDKJ Perera,YS Chahal,NLTC Perera,4,0,4
Sri Lanka,13,MDKJ Perera,YS Chahal,NLTC Perera,0,0,0
Sri Lanka,13,MDKJ Perera,YS Chahal,NLTC Perera,6,0,6
Sri Lanka,13,MDKJ Perera,YS Chahal,NLTC Perera,0,0,0
Sri Lanka,14,NLTC Perera,Kuldeep Yadav,MDKJ Perera,0,0,0
Sri Lanka,14,MDKJ Perera,Kuldeep Yadav,DAS Gunaratne,0,1,1
Sri Lanka,14,MDKJ Perera,Kuldeep Yadav,DAS Gunaratne,0,0,0
Sri Lanka,14,S Samarawickrama,Kuldeep Yadav,DAS Gunaratne,4,0,4
Sri Lanka,14,S Samarawickrama,Kuldeep Yadav,DAS Gunaratne,1,0,1
Sri Lanka,14,DAS Gunaratne,Kuldeep Yadav,S Samarawickrama,0,0,0
Sri Lanka,14,PC de Silva,Kuldeep Yadav,S Samarawickrama,1,0,1
Sri Lanka,15,PC de Silva,YS Chahal,S Samarawickrama,0,0,0
Sri Lanka,15,A Dananjaya,YS Chahal,S Samarawickrama,1,0,1
Sri Lanka,15,S Samarawickrama,YS Chahal,A Dananjaya,0,1,1
Sri Lanka,15,PVD Chameera,YS Chahal,A Dananjaya,1,0,1
Sri Lanka,15,A Dananjaya,YS Chahal,PVD Chameera,4,0,4
Sri Lanka,15,A Dananjaya,YS Chahal,PVD Chameera,0,1,1
Sri Lanka,15,A Dananjaya,YS Chahal,PVD Chameera,0,0,0
Sri Lanka,15,PVD Chameera,YS Chahal,N Pradeep,1,0,1
Sri Lanka,16,PVD Chameera,JJ Bumrah,N Pradeep,1,0,1
Sri Lanka,16,N Pradeep,JJ Bumrah,PVD Chameera,0,0,0
Sri Lanka,16,N Pradeep,JJ Bumrah,PVD Chameera,0,0,0
Sri Lanka,16,N Pradeep,JJ Bumrah,PVD Chameera,0,0,0
Sri Lanka,16,N Pradeep,JJ Bumrah,PVD Chameera,0,0,0
Sri Lanka,16,N Pradeep,JJ Bumrah,PVD Chameera,0,0,0
Sri Lanka,17,PVD Chameera,HH Pandya,N Pradeep,0,0,0
Sri Lanka,17,PVD Chameera,HH Pandya,N Pradeep,0,0,0
