Team,Over,Batter,Bowler,Non_Striker,Batter_Runs,Extras,Total_Runs
India,0,RG Sharma,CH Morris,S Dhawan,2,1,3
India,0,RG Sharma,CH Morris,S Dhawan,1,0,1
India,0,S Dhawan,CH Morris,RG Sharma,1,0,1
India,0,RG Sharma,CH Morris,S Dhawan,0,0,0
India,0,RG Sharma,CH Morris,S Dhawan,0,0,0
India,0,RG Sharma,CH Morris,S Dhawan,4,0,4
India,0,RG Sharma,CH Morris,S Dhawan,4,0,4
India,1,S Dhawan,CJ Dala,RG Sharma,1,0,1
India,1,RG Sharma,CJ Dala,S Dhawan,0,0,0
India,1,RG Sharma,CJ Dala,S Dhawan,0,0,0
India,1,SK Raina,CJ Dala,S Dhawan,6,0,6
India,1,SK Raina,CJ Dala,S Dhawan,2,0,2
India,1,SK Raina,CJ Dala,S Dhawan,0,0,0
India,2,S Dhawan,JP Duminy,SK Raina,1,0,1
India,2,SK Raina,JP Duminy,S Dhawan,4,0,4
India,2,SK Raina,JP Duminy,S Dhawan,1,0,1
India,2,S Dhawan,JP Duminy,SK Raina,0,0,0
India,2,S Dhawan,JP Duminy,SK Raina,1,0,1
India,2,SK Raina,JP Duminy,S Dhawan,0,1,1
India,3,SK Raina,CJ Dala,S Dhawan,0,0,0
India,3,SK Raina,CJ Dala,S Dhawan,1,0,1
India,3,S Dhawan,CJ Dala,SK Raina,0,0,0
India,3,S Dhawan,CJ Dala,SK Raina,2,0,2
India,3,S Dhawan,CJ Dala,SK Raina,2,0,2
India,3,S Dhawan,CJ Dala,SK Raina,0,0,0
India,4,SK Raina,AL Phehlukwayo,S Dhawan,4,0,4
India,4,SK Raina,AL Phehlukwayo,S Dhawan,4,0,4
India,4,SK Raina,AL Phehlukwayo,S Dhawan,1,0,1
India,4,S Dhawan,AL Phehlukwayo,SK Raina,1,0,1
India,4,SK Raina,AL Phehlukwayo,S Dhawan,0,1,1
India,4,SK Raina,AL Phehlukwayo,S Dhawan,0,0,0
India,4,SK Raina,AL Phehlukwayo,S Dhawan,1,0,1
India,5,SK Raina,CH Morris,S Dhawan,2,0,2
India,5,SK Raina,CH Morris,S Dhawan,4,0,4
India,5,SK Raina,CH Morris,S Dhawan,1,0,1
India,5,S Dhawan,CH Morris,SK Raina,1,0,1
India,5,SK Raina,CH Morris,S Dhawan,1,0,1
India,5,S Dhawan,CH Morris,SK Raina,1,0,1
India,6,S Dhawan,JP Duminy,SK Raina,0,0,0
India,6,S Dhawan,JP Duminy,SK Raina,1,0,1
India,6,SK Raina,JP Duminy,S Dhawan,1,0,1
India,6,S Dhawan,JP Duminy,SK Raina,0,0,0
India,6,S Dhawan,JP Duminy,SK Raina,2,0,2
India,6,S Dhawan,JP Duminy,SK Raina,1,0,1
India,7,S Dhawan,T Shamsi,SK Raina,1,0,1
India,7,SK Raina,T Shamsi,S Dhawan,0,0,0
India,7,SK Raina,T Shamsi,S Dhawan,0,0,0
India,7,SK Raina,T Shamsi,S Dhawan,1,0,1
India,7,S Dhawan,T Shamsi,SK Raina,0,0,0
India,7,S Dhawan,T Shamsi,SK Raina,1,0,1
India,8,S Dhawan,JP Duminy,SK Raina,1,0,1
India,8,SK Raina,JP Duminy,S Dhawan,1,0,1
India,8,S Dhawan,JP Duminy,SK Raina,1,0,1
India,8,SK Raina,JP Duminy,S Dhawan,4,0,4
India,8,SK Raina,JP Duminy,S Dhawan,2,0,2
India,8,SK Raina,JP Duminy,S Dhawan,1,0,1
India,9,SK Raina,T Shamsi,S Dhawan,1,0,1
India,9,S Dhawan,T Shamsi,SK Raina,2,0,2
India,9,S Dhawan,T Shamsi,SK Raina,1,0,1
India,9,SK Raina,T Shamsi,S Dhawan,0,0,0
India,9,MK Pandey,T Shamsi,S Dhawan,1,0,1
India,9,S Dhawan,T Shamsi,MK Pandey,1,0,1
India,10,S Dhawan,AM Phangiso,MK Pandey,1,0,1
India,10,MK Pandey,AM Phangiso,S Dhawan,1,0,1
India,10,S Dhawan,AM Phangiso,MK Pandey,0,0,0
India,10,S Dhawan,AM Phangiso,MK Pandey,1,0,1
India,10,MK Pandey,AM Phangiso,S Dhawan,0,0,0
India,10,MK Pandey,AM Phangiso,S Dhawan,1,0,1
India,11,MK Pandey,T Shamsi,S Dhawan,6,0,6
India,11,MK Pandey,T Shamsi,S Dhawan,1,0,1
India,11,S Dhawan,T Shamsi,MK Pandey,4,0,4
India,11,S Dhawan,T Shamsi,MK Pandey,1,0,1
India,11,MK Pandey,T Shamsi,S Dhawan,1,0,1
India,11,S Dhawan,T Shamsi,MK Pandey,4,0,4
India,12,MK Pandey,AM Phangiso,S Dhawan,1,0,1
India,12,S Dhawan,AM Phangiso,MK Pandey,0,0,0
India,12,S Dhawan,AM Phangiso,MK Pandey,2,0,2
India,12,S Dhawan,AM Phangiso,MK Pandey,4,0,4
India,12,S Dhawan,AM Phangiso,MK Pandey,1,0,1
India,12,MK Pandey,AM Phangiso,S Dhawan,1,0,1
India,13,MK Pandey,CJ Dala,S Dhawan,0,0,0
India,13,S Dhawan,CJ Dala,HH Pandya,2,0,2
India,13,S Dhawan,CJ Dala,HH Pandya,1,0,1
India,13,HH Pandya,CJ Dala,S Dhawan,1,0,1
India,13,S Dhawan,CJ Dala,HH Pandya,1,0,1
India,13,HH Pandya,CJ Dala,S Dhawan,1,0,1
India,14,HH Pandya,AL Phehlukwayo,S Dhawan,0,1,1
India,14,HH Pandya,AL Phehlukwayo,S Dhawan,2,0,2
India,14,HH Pandya,AL Phehlukwayo,S Dhawan,2,0,2
India,14,HH Pandya,AL Phehlukwayo,S Dhawan,0,0,0
India,14,HH Pandya,AL Phehlukwayo,S Dhawan,0,0,0
India,14,HH Pandya,AL Phehlukwayo,S Dhawan,1,0,1
India,14,S Dhawan,AL Phehlukwayo,HH Pandya,0,1,1
India,14,S Dhawan,AL Phehlukwayo,HH Pandya,1,0,1
India,15,S Dhawan,T Shamsi,HH Pandya,1,0,1
India,15,MS Dhoni,T Shamsi,HH Pandya,0,0,0
India,15,MS Dhoni,T Shamsi,HH Pandya,1,0,1
India,15,HH Pandya,T Shamsi,MS Dhoni,1,0,1
India,15,MS Dhoni,T Shamsi,HH Pandya,1,0,1
India,15,HH Pandya,T Shamsi,MS Dhoni,1,0,1
India,16,HH Pandya,AL Phehlukwayo,MS Dhoni,1,0,1
India,16,MS Dhoni,AL Phehlukwayo,HH Pandya,1,0,1
India,16,HH Pandya,AL Phehlukwayo,MS Dhoni,2,0,2
India,16,HH Pandya,AL Phehlukwayo,MS Dhoni,0,0,0
India,16,HH Pandya,AL Phehlukwayo,MS Dhoni,1,0,1
India,16,MS Dhoni,AL Phehlukwayo,HH Pandya,1,0,1
India,17,MS Dhoni,CH Morris,HH Pandya,2,0,2
India,17,MS Dhoni,CH Morris,HH Pandya,1,0,1
India,17,HH Pandya,CH Morris,MS Dhoni,6,0,6
India,17,HH Pandya,CH Morris,MS Dhoni,1,0,1
India,17,MS Dhoni,CH Morris,HH Pandya,0,0,0
India,17,MS Dhoni,CH Morris,HH Pandya,1,0,1
India,18,MS Dhoni,CJ Dala,HH Pandya,4,0,4
India,18,MS Dhoni,CJ Dala,HH Pandya,0,0,0
India,18,HH Pandya,CJ Dala,KD Karthik,0,1,1
India,18,HH Pandya,CJ Dala,KD Karthik,1,0,1
India,18,KD Karthik,CJ Dala,HH Pandya,4,0,4
India,18,KD Karthik,CJ Dala,HH Pandya,4,0,4
India,18,KD Karthik,CJ Dala,HH Pandya,1,0,1
India,19,KD Karthik,CH Morris,HH Pandya,0,1,1
India,19,HH Pandya,CH Morris,KD Karthik,0,0,0
India,19,KD Karthik,CH Morris,AR Patel,4,0,4
India,19,KD Karthik,CH Morris,AR Patel,0,1,1
India,19,KD Karthik,CH Morris,AR Patel,0,0,0
India,19,B Kumar,CH Morris,AR Patel,3,0,3
India,19,AR Patel,CH Morris,B Kumar,1,0,1
South Africa,0,RR Hendricks,B Kumar,DA Miller,0,0,0
South Africa,0,RR Hendricks,B Kumar,DA Miller,0,0,0
South Africa,0,RR Hendricks,B Kumar,DA Miller,0,0,0
South Africa,0,RR Hendricks,B Kumar,DA Miller,4,0,4
South Africa,0,RR Hendricks,B Kumar,DA Miller,0,0,0
South Africa,0,RR Hendricks,B Kumar,DA Miller,1,0,1
South Africa,1,RR Hendricks,JJ Bumrah,DA Miller,1,0,1
South Africa,1,DA Miller,JJ Bumrah,RR Hendricks,0,0,0
South Africa,1,DA Miller,JJ Bumrah,RR Hendricks,0,0,0
South Africa,1,DA Miller,JJ Bumrah,RR Hendricks,1,0,1
South Africa,1,RR Hendricks,JJ Bumrah,DA Miller,0,0,0
South Africa,1,RR Hendricks,JJ Bumrah,DA Miller,0,1,1
South Africa,2,RR Hendricks,B Kumar,DA Miller,0,0,0
South Africa,2,RR Hendricks,B Kumar,DA Miller,1,0,1
South Africa,2,DA Miller,B Kumar,RR Hendricks,1,0,1
South Africa,2,RR Hendricks,B Kumar,DA Miller,0,0,0
South Africa,2,RR Hendricks,B Kumar,DA Miller,0,0,0
South Africa,2,DA Miller,B Kumar,JP Duminy,2,0,2
South Africa,3,JP Duminy,SN Thakur,DA Miller,1,0,1
South Africa,3,DA Miller,SN Thakur,JP Duminy,4,0,4
South Africa,3,DA Miller,SN Thakur,JP Duminy,0,0,0
South Africa,3,DA Miller,SN Thakur,JP Duminy,1,0,1
South Africa,3,JP Duminy,SN Thakur,DA Miller,0,0,0
South Africa,3,JP Duminy,SN Thakur,DA Miller,0,0,0
South Africa,4,DA Miller,B Kumar,JP Duminy,1,0,1
South Africa,4,JP Duminy,B Kumar,DA Miller,0,0,0
South Africa,4,JP Duminy,B Kumar,DA Miller,1,0,1
South Africa,4,DA Miller,B Kumar,JP Duminy,0,0,0
South Africa,4,DA Miller,B Kumar,JP Duminy,1,0,1
South Africa,4,JP Duminy,B Kumar,DA Miller,1,0,1
South Africa,5,JP Duminy,SN Thakur,DA Miller,0,0,0
South Africa,5,JP Duminy,SN Thakur,DA Miller,0,0,0
South Africa,5,JP Duminy,SN Thakur,DA Miller,2,0,2
South Africa,5,JP Duminy,SN Thakur,DA Miller,1,0,1
South Africa,5,DA Miller,SN Thakur,JP Duminy,0,0,0
South Africa,5,DA Miller,SN Thakur,JP Duminy,0,0,0
South Africa,6,JP Duminy,HH Pandya,DA Miller,1,0,1
South Africa,6,DA Miller,HH Pandya,JP Duminy,1,0,1
South Africa,6,JP Duminy,HH Pandya,DA Miller,0,0,0
South Africa,6,JP Duminy,HH Pandya,DA Miller,2,0,2
South Africa,6,JP Duminy,HH Pandya,DA Miller,0,0,0
South Africa,6,JP Duminy,HH Pandya,DA Miller,1,0,1
South Africa,7,JP Duminy,SK Raina,DA Miller,1,0,1
South Africa,7,DA Miller,SK Raina,JP Duminy,4,0,4
South Africa,7,DA Miller,SK Raina,JP Duminy,1,0,1
South Africa,7,JP Duminy,SK Raina,DA Miller,1,0,1
South Africa,7,DA Miller,SK Raina,JP Duminy,0,0,0
South Africa,7,DA Miller,SK Raina,JP Duminy,1,0,1
South Africa,8,DA Miller,HH Pandya,JP Duminy,0,0,0
South Africa,8,DA Miller,HH Pandya,JP Duminy,6,0,6
South Africa,8,DA Miller,HH Pandya,JP Duminy,0,0,0
South Africa,8,DA Miller,HH Pandya,JP Duminy,0,1,1
South Africa,8,JP Duminy,HH Pandya,DA Miller,0,0,0
South Africa,8,JP Duminy,HH Pandya,DA Miller,0,0,0
South Africa,9,DA Miller,SK Raina,JP Duminy,0,0,0
South Africa,9,JP Duminy,SK Raina,H Klaasen,4,0,4
South Africa,9,JP Duminy,SK Raina,H Klaasen,1,0,1
South Africa,9,H Klaasen,SK Raina,JP Duminy,1,0,1
South Africa,9,JP Duminy,SK Raina,H Klaasen,1,0,1
South Africa,9,H Klaasen,SK Raina,JP Duminy,0,0,0
South Africa,10,JP Duminy,HH Pandya,H Klaasen,1,0,1
South Africa,10,H Klaasen,HH Pandya,JP Duminy,0,0,0
South Africa,10,H Klaasen,HH Pandya,JP Duminy,1,0,1
South Africa,10,JP Duminy,HH Pandya,H Klaasen,2,0,2
South Africa,10,JP Duminy,HH Pandya,H Klaasen,1,0,1
South Africa,10,H Klaasen,HH Pandya,JP Duminy,1,0,1
South Africa,11,H Klaasen,AR Patel,JP Duminy,1,0,1
South Africa,11,JP Duminy,AR Patel,H Klaasen,6,0,6
South Africa,11,JP Duminy,AR Patel,H Klaasen,6,0,6
South Africa,11,JP Duminy,AR Patel,H Klaasen,1,0,1
South Africa,11,H Klaasen,AR Patel,JP Duminy,2,0,2
South Africa,11,H Klaasen,AR Patel,JP Duminy,0,0,0
South Africa,12,JP Duminy,HH Pandya,H Klaasen,2,0,2
South Africa,12,JP Duminy,HH Pandya,H Klaasen,1,0,1
South Africa,12,H Klaasen,HH Pandya,JP Duminy,1,0,1
South Africa,12,JP Duminy,HH Pandya,H Klaasen,1,0,1
South Africa,12,H Klaasen,HH Pandya,JP Duminy,0,0,0
South Africa,12,C Jonker,HH Pandya,JP Duminy,0,0,0
South Africa,13,JP Duminy,SK Raina,C Jonker,1,0,1
South Africa,13,C Jonker,SK Raina,JP Duminy,0,0,0
South Africa,13,C Jonker,SK Raina,JP Duminy,2,0,2
South Africa,13,C Jonker,SK Raina,JP Duminy,4,0,4
South Africa,13,C Jonker,SK Raina,JP Duminy,4,0,4
South Africa,13,C Jonker,SK Raina,JP Duminy,1,0,1
South Africa,14,C Jonker,JJ Bumrah,JP Duminy,1,0,1
South Africa,14,JP Duminy,JJ Bumrah,C Jonker,0,0,0
South Africa,14,JP Duminy,JJ Bumrah,C Jonker,6,0,6
South Africa,14,JP Duminy,JJ Bumrah,C Jonker,1,0,1
South Africa,14,C Jonker,JJ Bumrah,JP Duminy,1,0,1
South Africa,14,JP Duminy,JJ Bumrah,C Jonker,1,0,1
South Africa,15,JP Duminy,SN Thakur,C Jonker,1,0,1
South Africa,15,C Jonker,SN Thakur,JP Duminy,1,0,1
South Africa,15,JP Duminy,SN Thakur,C Jonker,4,0,4
South Africa,15,JP Duminy,SN Thakur,C Jonker,0,0,0
South Africa,15,JP Duminy,SN Thakur,C Jonker,2,0,2
South Africa,15,JP Duminy,SN Thakur,C Jonker,0,0,0
South Africa,16,CH Morris,JJ Bumrah,C Jonker,0,1,1
South Africa,16,CH Morris,JJ Bumrah,C Jonker,4,0,4
South Africa,16,CH Morris,JJ Bumrah,C Jonker,0,0,0
South Africa,16,CH Morris,JJ Bumrah,C Jonker,0,0,0
South Africa,16,F Behardien,JJ Bumrah,C Jonker,1,0,1
South Africa,16,C Jonker,JJ Bumrah,F Behardien,1,0,1
South Africa,16,F Behardien,JJ Bumrah,C Jonker,4,0,4
South Africa,17,C Jonker,SN Thakur,F Behardien,6,0,6
South Africa,17,C Jonker,SN Thakur,F Behardien,4,0,4
South Africa,17,C Jonker,SN Thakur,F Behardien,0,0,0
South Africa,17,C Jonker,SN Thakur,F Behardien,4,0,4
South Africa,17,C Jonker,SN Thakur,F Behardien,0,0,0
South Africa,17,C Jonker,SN Thakur,F Behardien,4,0,4
South Africa,18,F Behardien,JJ Bumrah,C Jonker,4,0,4
South Africa,18,F Behardien,JJ Bumrah,C Jonker,1,0,1
South Africa,18,C Jonker,JJ Bumrah,F Behardien,6,0,6
South Africa,18,C Jonker,JJ Bumrah,F Behardien,2,0,2
South Africa,18,C Jonker,JJ Bumrah,F Behardien,2,0,2
South Africa,18,C Jonker,JJ Bumrah,F Behardien,1,0,1
South Africa,19,C Jonker,B Kumar,F Behardien,1,0,1
South Africa,19,F Behardien,B Kumar,C Jonker,4,0,4
South Africa,19,F Behardien,B Kumar,C Jonker,1,0,1
South Africa,19,C Jonker,B Kumar,F Behardien,0,1,1
South Africa,19,C Jonker,B Kumar,F Behardien,2,0,2
South Africa,19,C Jonker,B Kumar,F Behardien,2,0,2
South Africa,19,C Jonker,B Kumar,F Behardien,0,0,0
