Team,Over,Batter,Bowler,Non_Striker,Batter_Runs,Extras,Total_Runs
West Indies,0,HK Matthews,SS Weerakkody,SR Taylor,0,0,0
West Indies,0,HK Matthews,SS Weerakkody,SR Taylor,0,0,0
West Indies,0,HK Matthews,SS Weerakkody,SR Taylor,0,0,0
West Indies,0,DJS Dottin,SS Weerakkody,SR Taylor,1,0,1
West Indies,0,SR Taylor,SS Weerakkody,DJS Dottin,1,0,1
West Indies,0,DJS Dottin,SS Weerakkody,SR Taylor,0,0,0
West Indies,1,SR Taylor,HHC Gunaratne,DJS Dottin,0,0,0
West Indies,1,SR Taylor,HHC Gunaratne,DJS Dottin,0,0,0
West Indies,1,SR Taylor,HHC Gunaratne,DJS Dottin,0,0,0
West Indies,1,SR Taylor,HHC Gunaratne,DJS Dottin,0,1,1
West Indies,1,SR Taylor,HHC Gunaratne,DJS Dottin,1,0,1
West Indies,1,DJS Dottin,HHC Gunaratne,SR Taylor,0,0,0
West Indies,1,DJS Dottin,HHC Gunaratne,SR Taylor,4,0,4
West Indies,2,SR Taylor,KADA Kanchana,DJS Dottin,0,0,0
West Indies,2,SR Taylor,KADA Kanchana,DJS Dottin,1,0,1
West Indies,2,DJS Dottin,KADA Kanchana,SR Taylor,4,0,4
West Indies,2,DJS Dottin,KADA Kanchana,SR Taylor,2,0,2
West Indies,2,DJS Dottin,KADA Kanchana,SR Taylor,2,0,2
West Indies,2,DJS Dottin,KADA Kanchana,SR Taylor,1,0,1
West Indies,3,DJS Dottin,HHC Gunaratne,SR Taylor,0,0,0
West Indies,3,DJS Dottin,HHC Gunaratne,SR Taylor,0,1,1
West Indies,3,SR Taylor,HHC Gunaratne,DJS Dottin,1,0,1
West Indies,3,DJS Dottin,HHC Gunaratne,SR Taylor,1,0,1
West Indies,3,SR Taylor,HHC Gunaratne,DJS Dottin,1,0,1
West Indies,3,DJS Dottin,HHC Gunaratne,SR Taylor,1,0,1
West Indies,4,DJS Dottin,SS Weerakkody,SR Taylor,4,0,4
West Indies,4,DJS Dottin,SS Weerakkody,SR Taylor,1,0,1
West Indies,4,SR Taylor,SS Weerakkody,DJS Dottin,1,0,1
West Indies,4,DJS Dottin,SS Weerakkody,SR Taylor,1,0,1
West Indies,4,SR Taylor,SS Weerakkody,DJS Dottin,1,0,1
West Indies,4,DJS Dottin,SS Weerakkody,SR Taylor,0,0,0
West Indies,5,SR Taylor,HASD Siriwardene,DJS Dottin,0,0,0
West Indies,5,SR Taylor,HASD Siriwardene,DJS Dottin,4,0,4
West Indies,5,SR Taylor,HASD Siriwardene,DJS Dottin,1,0,1
West Indies,5,DJS Dottin,HASD Siriwardene,SR Taylor,1,0,1
West Indies,5,SR Taylor,HASD Siriwardene,DJS Dottin,1,0,1
West Indies,5,DJS Dottin,HASD Siriwardene,SR Taylor,4,0,4
West Indies,6,SR Taylor,I Ranaweera,DJS Dottin,2,0,2
West Indies,6,SR Taylor,I Ranaweera,DJS Dottin,1,0,1
West Indies,6,DJS Dottin,I Ranaweera,SR Taylor,0,0,0
West Indies,6,SR Taylor,I Ranaweera,Kycia A Knight,0,0,0
West Indies,6,SR Taylor,I Ranaweera,Kycia A Knight,1,0,1
West Indies,6,Kycia A Knight,I Ranaweera,SR Taylor,4,0,4
West Indies,7,SR Taylor,HASD Siriwardene,Kycia A Knight,1,0,1
West Indies,7,Kycia A Knight,HASD Siriwardene,SR Taylor,0,0,0
West Indies,7,Kycia A Knight,HASD Siriwardene,SR Taylor,0,0,0
West Indies,7,Kycia A Knight,HASD Siriwardene,SR Taylor,1,0,1
West Indies,7,SR Taylor,HASD Siriwardene,Kycia A Knight,0,0,0
West Indies,7,SR Taylor,HASD Siriwardene,Kycia A Knight,2,0,2
West Indies,8,Kycia A Knight,AC Jayangani,SR Taylor,1,0,1
West Indies,8,SR Taylor,AC Jayangani,Kycia A Knight,0,1,1
West Indies,8,SR Taylor,AC Jayangani,Kycia A Knight,4,0,4
West Indies,8,SR Taylor,AC Jayangani,Kycia A Knight,0,0,0
West Indies,8,SR Taylor,AC Jayangani,Kycia A Knight,1,0,1
West Indies,8,Kycia A Knight,AC Jayangani,SR Taylor,1,0,1
West Indies,8,SR Taylor,AC Jayangani,Kycia A Knight,2,0,2
West Indies,9,Kycia A Knight,HASD Siriwardene,SR Taylor,0,0,0
West Indies,9,Kycia A Knight,HASD Siriwardene,SR Taylor,1,0,1
West Indies,9,SR Taylor,HASD Siriwardene,Kycia A Knight,1,0,1
West Indies,9,Kycia A Knight,HASD Siriwardene,SR Taylor,1,0,1
West Indies,9,SR Taylor,HASD Siriwardene,Kycia A Knight,1,0,1
West Indies,9,Kycia A Knight,HASD Siriwardene,SR Taylor,0,0,0
West Indies,10,SR Taylor,I Ranaweera,Kycia A Knight,1,0,1
West Indies,10,Kycia A Knight,I Ranaweera,SR Taylor,0,2,2
West Indies,10,Kycia A Knight,I Ranaweera,SR Taylor,1,0,1
West Indies,10,SR Taylor,I Ranaweera,Kycia A Knight,4,0,4
West Indies,10,SR Taylor,I Ranaweera,Kycia A Knight,0,0,0
West Indies,10,SR Taylor,I Ranaweera,Kycia A Knight,1,0,1
West Indies,11,SR Taylor,HASD Siriwardene,Kycia A Knight,1,0,1
West Indies,11,Kycia A Knight,HASD Siriwardene,SR Taylor,1,0,1
West Indies,11,SR Taylor,HASD Siriwardene,Kycia A Knight,1,0,1
West Indies,11,Kycia A Knight,HASD Siriwardene,SR Taylor,0,0,0
West Indies,11,Kycia A Knight,HASD Siriwardene,SR Taylor,0,0,0
West Indies,11,Kycia A Knight,HASD Siriwardene,SR Taylor,0,0,0
West Indies,12,SR Taylor,I Ranaweera,Kycia A Knight,6,0,6
West Indies,12,SR Taylor,I Ranaweera,Kycia A Knight,0,1,1
West Indies,12,SR Taylor,I Ranaweera,Kycia A Knight,1,0,1
West Indies,12,Kycia A Knight,I Ranaweera,SR Taylor,1,0,1
West Indies,12,SR Taylor,I Ranaweera,Kycia A Knight,0,0,0
West Indies,12,SR Taylor,I Ranaweera,Kycia A Knight,4,0,4
West Indies,12,SR Taylor,I Ranaweera,Kycia A Knight,1,0,1
West Indies,13,SR Taylor,KADA Kanchana,Kycia A Knight,0,0,0
West Indies,13,SR Taylor,KADA Kanchana,Kycia A Knight,0,0,0
West Indies,13,Kycia A Knight,KADA Kanchana,MR Aguilleira,1,0,1
West Indies,13,MR Aguilleira,KADA Kanchana,Kycia A Knight,4,0,4
West Indies,13,MR Aguilleira,KADA Kanchana,Kycia A Knight,0,1,1
West Indies,13,Kycia A Knight,KADA Kanchana,MR Aguilleira,1,0,1
West Indies,14,Kycia A Knight,AC Jayangani,MR Aguilleira,2,0,2
West Indies,14,Kycia A Knight,AC Jayangani,MR Aguilleira,1,0,1
West Indies,14,MR Aguilleira,AC Jayangani,Kycia A Knight,1,0,1
West Indies,14,B Cooper,AC Jayangani,Kycia A Knight,1,0,1
West Indies,14,Kycia A Knight,AC Jayangani,B Cooper,1,0,1
West Indies,14,B Cooper,AC Jayangani,Kycia A Knight,0,0,0
West Indies,15,Kycia A Knight,KADA Kanchana,B Cooper,1,0,1
West Indies,15,B Cooper,KADA Kanchana,Kycia A Knight,1,0,1
West Indies,15,Kycia A Knight,KADA Kanchana,B Cooper,1,0,1
West Indies,15,B Cooper,KADA Kanchana,Kycia A Knight,4,0,4
West Indies,15,B Cooper,KADA Kanchana,Kycia A Knight,0,0,0
West Indies,15,B Cooper,KADA Kanchana,Kycia A Knight,4,0,4
West Indies,16,Kycia A Knight,HHC Gunaratne,B Cooper,1,0,1
West Indies,16,B Cooper,HHC Gunaratne,Kycia A Knight,0,0,0
West Indies,16,B Cooper,HHC Gunaratne,Kycia A Knight,0,0,0
West Indies,16,B Cooper,HHC Gunaratne,Kycia A Knight,0,0,0
West Indies,16,B Cooper,HHC Gunaratne,Kycia A Knight,0,0,0
West Indies,16,B Cooper,HHC Gunaratne,Kycia A Knight,0,0,0
West Indies,17,Kycia A Knight,AC Jayangani,B Cooper,0,1,1
West Indies,17,B Cooper,AC Jayangani,Kycia A Knight,4,0,4
West Indies,17,B Cooper,AC Jayangani,Kycia A Knight,1,0,1
West Indies,17,Kycia A Knight,AC Jayangani,B Cooper,0,0,0
West Indies,17,Kycia A Knight,AC Jayangani,B Cooper,1,0,1
West Indies,17,B Cooper,AC Jayangani,Kycia A Knight,1,0,1
West Indies,18,B Cooper,HHC Gunaratne,Kycia A Knight,1,0,1
West Indies,18,Kycia A Knight,HHC Gunaratne,B Cooper,1,0,1
West Indies,18,B Cooper,HHC Gunaratne,Kycia A Knight,2,0,2
West Indies,18,B Cooper,HHC Gunaratne,Kycia A Knight,4,0,4
West Indies,18,B Cooper,HHC Gunaratne,Kycia A Knight,0,0,0
West Indies,18,Kyshona A Knight,HHC Gunaratne,Kycia A Knight,1,0,1
West Indies,19,Kyshona A Knight,I Ranaweera,Kycia A Knight,6,0,6
West Indies,19,Kyshona A Knight,I Ranaweera,Kycia A Knight,4,0,4
West Indies,19,Kyshona A Knight,I Ranaweera,Kycia A Knight,4,0,4
West Indies,19,Kyshona A Knight,I Ranaweera,Kycia A Knight,4,0,4
West Indies,19,Kyshona A Knight,I Ranaweera,Kycia A Knight,0,0,0
West Indies,19,Kyshona A Knight,I Ranaweera,Kycia A Knight,0,0,0
Sri Lanka,0,BYA Mendis,SC Selman,MDN Hansika,0,0,0
Sri Lanka,0,BYA Mendis,SC Selman,MDN Hansika,0,0,0
Sri Lanka,0,BYA Mendis,SC Selman,MDN Hansika,0,1,1
Sri Lanka,0,MDN Hansika,SC Selman,BYA Mendis,2,0,2
Sri Lanka,0,MDN Hansika,SC Selman,BYA Mendis,0,0,0
Sri Lanka,0,MDN Hansika,SC Selman,BYA Mendis,2,0,2
Sri Lanka,1,BYA Mendis,HK Matthews,MDN Hansika,4,0,4
Sri Lanka,1,BYA Mendis,HK Matthews,MDN Hansika,0,0,0
Sri Lanka,1,BYA Mendis,HK Matthews,MDN Hansika,0,0,0
Sri Lanka,1,BYA Mendis,HK Matthews,MDN Hansika,2,0,2
Sri Lanka,1,BYA Mendis,HK Matthews,MDN Hansika,0,0,0
Sri Lanka,1,BYA Mendis,HK Matthews,MDN Hansika,4,0,4
Sri Lanka,2,MDN Hansika,SC Selman,BYA Mendis,0,0,0
Sri Lanka,2,MDN Hansika,SC Selman,BYA Mendis,0,0,0
Sri Lanka,2,MDN Hansika,SC Selman,BYA Mendis,1,0,1
Sri Lanka,2,BYA Mendis,SC Selman,MDN Hansika,0,0,0
Sri Lanka,2,BYA Mendis,SC Selman,MDN Hansika,4,0,4
Sri Lanka,2,BYA Mendis,SC Selman,MDN Hansika,1,0,1
Sri Lanka,3,BYA Mendis,DJS Dottin,MDN Hansika,0,0,0
Sri Lanka,3,BYA Mendis,DJS Dottin,MDN Hansika,4,0,4
Sri Lanka,3,BYA Mendis,DJS Dottin,MDN Hansika,0,2,2
Sri Lanka,3,MDN Hansika,DJS Dottin,BYA Mendis,0,1,1
Sri Lanka,3,MDN Hansika,DJS Dottin,BYA Mendis,0,0,0
Sri Lanka,3,MDN Hansika,DJS Dottin,BYA Mendis,0,0,0
Sri Lanka,3,MDN Hansika,DJS Dottin,BYA Mendis,0,1,1
Sri Lanka,3,MDN Hansika,DJS Dottin,BYA Mendis,1,0,1
Sri Lanka,3,BYA Mendis,DJS Dottin,MDN Hansika,3,0,3
Sri Lanka,4,BYA Mendis,SC Selman,MDN Hansika,0,0,0
Sri Lanka,4,BYA Mendis,SC Selman,MDN Hansika,0,0,0
Sri Lanka,4,AC Jayangani,SC Selman,BYA Mendis,2,0,2
Sri Lanka,4,AC Jayangani,SC Selman,BYA Mendis,0,0,0
Sri Lanka,4,AC Jayangani,SC Selman,BYA Mendis,0,1,1
Sri Lanka,4,AC Jayangani,SC Selman,BYA Mendis,2,0,2
Sri Lanka,4,AC Jayangani,SC Selman,BYA Mendis,4,0,4
Sri Lanka,5,BYA Mendis,HK Matthews,AC Jayangani,0,0,0
Sri Lanka,5,BYA Mendis,HK Matthews,AC Jayangani,0,0,0
Sri Lanka,5,BYA Mendis,HK Matthews,AC Jayangani,0,0,0
Sri Lanka,5,MADD Surangika,HK Matthews,AC Jayangani,1,0,1
Sri Lanka,5,AC Jayangani,HK Matthews,MADD Surangika,3,0,3
Sri Lanka,5,MADD Surangika,HK Matthews,AC Jayangani,4,0,4
Sri Lanka,6,AC Jayangani,A Mohammed,MADD Surangika,1,0,1
Sri Lanka,6,MADD Surangika,A Mohammed,AC Jayangani,2,0,2
Sri Lanka,6,MADD Surangika,A Mohammed,AC Jayangani,1,0,1
Sri Lanka,6,AC Jayangani,A Mohammed,MADD Surangika,1,0,1
Sri Lanka,6,MADD Surangika,A Mohammed,AC Jayangani,1,0,1
Sri Lanka,6,AC Jayangani,A Mohammed,MADD Surangika,1,0,1
Sri Lanka,7,AC Jayangani,SR Taylor,MADD Surangika,0,0,0
Sri Lanka,7,AC Jayangani,SR Taylor,MADD Surangika,1,0,1
Sri Lanka,7,MADD Surangika,SR Taylor,AC Jayangani,2,0,2
Sri Lanka,7,MADD Surangika,SR Taylor,AC Jayangani,0,0,0
Sri Lanka,7,AC Jayangani,SR Taylor,RS Vandort,1,0,1
Sri Lanka,7,RS Vandort,SR Taylor,AC Jayangani,0,0,0
Sri Lanka,8,AC Jayangani,A Mohammed,RS Vandort,0,0,0
Sri Lanka,8,AC Jayangani,A Mohammed,RS Vandort,0,0,0
Sri Lanka,8,AC Jayangani,A Mohammed,RS Vandort,1,0,1
Sri Lanka,8,RS Vandort,A Mohammed,AC Jayangani,1,0,1
Sri Lanka,8,AC Jayangani,A Mohammed,RS Vandort,1,0,1
Sri Lanka,8,RS Vandort,A Mohammed,AC Jayangani,0,0,0
Sri Lanka,9,AC Jayangani,SR Taylor,RS Vandort,0,0,0
Sri Lanka,9,AC Jayangani,SR Taylor,RS Vandort,2,0,2
Sri Lanka,9,AC Jayangani,SR Taylor,RS Vandort,0,0,0
Sri Lanka,9,AC Jayangani,SR Taylor,RS Vandort,1,0,1
Sri Lanka,9,RS Vandort,SR Taylor,AC Jayangani,2,0,2
Sri Lanka,9,RS Vandort,SR Taylor,AC Jayangani,1,0,1
Sri Lanka,10,RS Vandort,A Mohammed,AC Jayangani,0,0,0
Sri Lanka,10,RS Vandort,A Mohammed,AC Jayangani,2,0,2
Sri Lanka,10,RS Vandort,A Mohammed,AC Jayangani,1,0,1
Sri Lanka,10,AC Jayangani,A Mohammed,RS Vandort,0,0,0
Sri Lanka,10,AC Jayangani,A Mohammed,RS Vandort,0,0,0
Sri Lanka,10,AC Jayangani,A Mohammed,RS Vandort,0,0,0
Sri Lanka,11,RS Vandort,SR Taylor,AC Jayangani,1,0,1
Sri Lanka,11,AC Jayangani,SR Taylor,RS Vandort,0,0,0
Sri Lanka,11,AC Jayangani,SR Taylor,RS Vandort,1,0,1
Sri Lanka,11,RS Vandort,SR Taylor,AC Jayangani,1,0,1
Sri Lanka,11,AC Jayangani,SR Taylor,RS Vandort,1,0,1
Sri Lanka,11,RS Vandort,SR Taylor,AC Jayangani,1,0,1
Sri Lanka,12,RS Vandort,A Mohammed,AC Jayangani,2,0,2
Sri Lanka,12,RS Vandort,A Mohammed,AC Jayangani,0,0,0
Sri Lanka,12,RS Vandort,A Mohammed,AC Jayangani,1,0,1
Sri Lanka,12,AC Jayangani,A Mohammed,RS Vandort,1,0,1
Sri Lanka,12,RS Vandort,A Mohammed,AC Jayangani,1,0,1
Sri Lanka,12,AC Jayangani,A Mohammed,RS Vandort,1,0,1
Sri Lanka,13,AC Jayangani,ASS Fletcher,RS Vandort,1,0,1
Sri Lanka,13,RS Vandort,ASS Fletcher,AC Jayangani,0,0,0
Sri Lanka,13,HASD Siriwardene,ASS Fletcher,AC Jayangani,0,0,0
Sri Lanka,13,HASD Siriwardene,ASS Fletcher,AC Jayangani,0,0,0
Sri Lanka,13,HASD Siriwardene,ASS Fletcher,AC Jayangani,1,0,1
Sri Lanka,13,AC Jayangani,ASS Fletcher,HASD Siriwardene,1,0,1
Sri Lanka,14,AC Jayangani,HK Matthews,HASD Siriwardene,0,0,0
Sri Lanka,14,AC Jayangani,HK Matthews,HASD Siriwardene,1,0,1
Sri Lanka,14,HASD Siriwardene,HK Matthews,AC Jayangani,0,0,0
Sri Lanka,14,HASD Siriwardene,HK Matthews,AC Jayangani,1,0,1
Sri Lanka,14,AC Jayangani,HK Matthews,HASD Siriwardene,1,0,1
Sri Lanka,14,HASD Siriwardene,HK Matthews,AC Jayangani,1,0,1
Sri Lanka,15,HASD Siriwardene,ASS Fletcher,AC Jayangani,0,0,0
Sri Lanka,15,KADA Kanchana,ASS Fletcher,AC Jayangani,0,0,0
Sri Lanka,15,KADA Kanchana,ASS Fletcher,AC Jayangani,1,0,1
Sri Lanka,15,AC Jayangani,ASS Fletcher,KADA Kanchana,1,0,1
Sri Lanka,15,GWHM Perera,ASS Fletcher,KADA Kanchana,0,0,0
Sri Lanka,15,GWHM Perera,ASS Fletcher,KADA Kanchana,0,0,0
Sri Lanka,16,KADA Kanchana,HK Matthews,GWHM Perera,1,0,1
Sri Lanka,16,GWHM Perera,HK Matthews,KADA Kanchana,0,1,1
Sri Lanka,16,KADA Kanchana,HK Matthews,GWHM Perera,1,0,1
Sri Lanka,16,GWHM Perera,HK Matthews,KADA Kanchana,0,1,1
Sri Lanka,16,KADA Kanchana,HK Matthews,GWHM Perera,1,0,1
Sri Lanka,16,GWHM Perera,HK Matthews,KADA Kanchana,0,0,0
Sri Lanka,17,KADA Kanchana,ASS Fletcher,SS Weerakkody,2,0,2
Sri Lanka,17,KADA Kanchana,ASS Fletcher,SS Weerakkody,0,0,0
Sri Lanka,17,SS Weerakkody,ASS Fletcher,I Ranaweera,4,0,4
Sri Lanka,17,SS Weerakkody,ASS Fletcher,I Ranaweera,1,0,1
Sri Lanka,17,I Ranaweera,ASS Fletcher,SS Weerakkody,0,0,0
Sri Lanka,17,I Ranaweera,ASS Fletcher,SS Weerakkody,0,0,0
Sri Lanka,18,SS Weerakkody,SR Taylor,I Ranaweera,1,0,1
Sri Lanka,18,I Ranaweera,SR Taylor,SS Weerakkody,0,0,0
Sri Lanka,18,I Ranaweera,SR Taylor,SS Weerakkody,0,0,0
Sri Lanka,18,I Ranaweera,SR Taylor,SS Weerakkody,0,0,0
Sri Lanka,18,I Ranaweera,SR Taylor,SS Weerakkody,0,0,0
Sri Lanka,18,I Ranaweera,SR Taylor,SS Weerakkody,0,0,0
Sri Lanka,19,SS Weerakkody,ASS Fletcher,I Ranaweera,0,0,0
Sri Lanka,19,HHC Gunaratne,ASS Fletcher,I Ranaweera,0,0,0
Sri Lanka,19,HHC Gunaratne,ASS Fletcher,I Ranaweera,1,0,1
Sri Lanka,19,I Ranaweera,ASS Fletcher,HHC Gunaratne,0,0,0
