Team,Over,Batter,Bowler,Non_Striker,Batter_Runs,Extras,Total_Runs
Sri Lanka,0,N Dickwella,Washington Sundar,WU Tharanga,0,0,0
Sri Lanka,0,N Dickwella,Washington Sundar,WU Tharanga,1,0,1
Sri Lanka,0,WU Tharanga,Washington Sundar,N Dickwella,0,0,0
Sri Lanka,0,WU Tharanga,Washington Sundar,N Dickwella,4,0,4
Sri Lanka,0,WU Tharanga,Washington Sundar,N Dickwella,1,0,1
Sri Lanka,0,N Dickwella,Washington Sundar,WU Tharanga,0,0,0
Sri Lanka,1,WU Tharanga,JD Unadkat,N Dickwella,0,0,0
Sri Lanka,1,WU Tharanga,JD Unadkat,N Dickwella,0,1,1
Sri Lanka,1,N Dickwella,JD Unadkat,WU Tharanga,0,1,1
Sri Lanka,1,N Dickwella,JD Unadkat,WU Tharanga,0,0,0
Sri Lanka,1,N Dickwella,JD Unadkat,WU Tharanga,0,0,0
Sri Lanka,1,N Dickwella,JD Unadkat,WU Tharanga,0,0,0
Sri Lanka,1,WU Tharanga,JD Unadkat,MDKJ Perera,1,0,1
Sri Lanka,2,WU Tharanga,Washington Sundar,MDKJ Perera,0,0,0
Sri Lanka,2,WU Tharanga,Washington Sundar,MDKJ Perera,1,0,1
Sri Lanka,2,MDKJ Perera,Washington Sundar,WU Tharanga,0,0,0
Sri Lanka,2,MDKJ Perera,Washington Sundar,WU Tharanga,0,0,0
Sri Lanka,2,MDKJ Perera,Washington Sundar,WU Tharanga,4,0,4
Sri Lanka,2,MDKJ Perera,Washington Sundar,WU Tharanga,0,0,0
Sri Lanka,3,WU Tharanga,JD Unadkat,S Samarawickrama,0,0,0
Sri Lanka,3,WU Tharanga,JD Unadkat,S Samarawickrama,4,0,4
Sri Lanka,3,WU Tharanga,JD Unadkat,S Samarawickrama,0,0,0
Sri Lanka,3,S Samarawickrama,JD Unadkat,DAS Gunaratne,0,0,0
Sri Lanka,3,S Samarawickrama,JD Unadkat,DAS Gunaratne,1,0,1
Sri Lanka,3,DAS Gunaratne,JD Unadkat,S Samarawickrama,0,0,0
Sri Lanka,4,S Samarawickrama,Washington Sundar,DAS Gunaratne,1,0,1
Sri Lanka,4,DAS Gunaratne,Washington Sundar,S Samarawickrama,4,0,4
Sri Lanka,4,DAS Gunaratne,Washington Sundar,S Samarawickrama,0,0,0
Sri Lanka,4,DAS Gunaratne,Washington Sundar,S Samarawickrama,0,0,0
Sri Lanka,4,DAS Gunaratne,Washington Sundar,S Samarawickrama,1,0,1
Sri Lanka,4,S Samarawickrama,Washington Sundar,DAS Gunaratne,1,0,1
Sri Lanka,5,S Samarawickrama,Mohammed Siraj,DAS Gunaratne,1,0,1
Sri Lanka,5,DAS Gunaratne,Mohammed Siraj,S Samarawickrama,4,0,4
Sri Lanka,5,DAS Gunaratne,Mohammed Siraj,S Samarawickrama,0,1,1
Sri Lanka,5,DAS Gunaratne,Mohammed Siraj,S Samarawickrama,1,0,1
Sri Lanka,5,S Samarawickrama,Mohammed Siraj,DAS Gunaratne,0,0,0
Sri Lanka,5,S Samarawickrama,Mohammed Siraj,DAS Gunaratne,4,0,4
Sri Lanka,5,S Samarawickrama,Mohammed Siraj,DAS Gunaratne,0,0,0
Sri Lanka,6,DAS Gunaratne,HH Pandya,S Samarawickrama,0,1,1
Sri Lanka,6,DAS Gunaratne,HH Pandya,S Samarawickrama,0,0,0
Sri Lanka,6,DAS Gunaratne,HH Pandya,S Samarawickrama,1,0,1
Sri Lanka,6,S Samarawickrama,HH Pandya,DAS Gunaratne,4,0,4
Sri Lanka,6,S Samarawickrama,HH Pandya,DAS Gunaratne,0,0,0
Sri Lanka,6,S Samarawickrama,HH Pandya,DAS Gunaratne,2,0,2
Sri Lanka,6,S Samarawickrama,HH Pandya,DAS Gunaratne,0,0,0
Sri Lanka,7,DAS Gunaratne,Kuldeep Yadav,S Samarawickrama,0,0,0
Sri Lanka,7,DAS Gunaratne,Kuldeep Yadav,S Samarawickrama,1,0,1
Sri Lanka,7,S Samarawickrama,Kuldeep Yadav,DAS Gunaratne,4,0,4
Sri Lanka,7,S Samarawickrama,Kuldeep Yadav,DAS Gunaratne,1,0,1
Sri Lanka,7,DAS Gunaratne,Kuldeep Yadav,S Samarawickrama,1,0,1
Sri Lanka,7,S Samarawickrama,Kuldeep Yadav,DAS Gunaratne,1,0,1
Sri Lanka,8,S Samarawickrama,HH Pandya,DAS Gunaratne,1,0,1
Sri Lanka,8,DAS Gunaratne,HH Pandya,S Samarawickrama,1,0,1
Sri Lanka,8,S Samarawickrama,HH Pandya,DAS Gunaratne,0,1,1
Sri Lanka,8,S Samarawickrama,HH Pandya,DAS Gunaratne,0,0,0
Sri Lanka,8,DAS Gunaratne,HH Pandya,MD Gunathilaka,1,0,1
Sri Lanka,8,MD Gunathilaka,HH Pandya,DAS Gunaratne,0,0,0
Sri Lanka,8,MD Gunathilaka,HH Pandya,DAS Gunaratne,0,0,0
Sri Lanka,9,DAS Gunaratne,Kuldeep Yadav,MD Gunathilaka,1,0,1
Sri Lanka,9,MD Gunathilaka,Kuldeep Yadav,DAS Gunaratne,1,0,1
Sri Lanka,9,DAS Gunaratne,Kuldeep Yadav,MD Gunathilaka,2,0,2
Sri Lanka,9,DAS Gunaratne,Kuldeep Yadav,MD Gunathilaka,4,0,4
Sri Lanka,9,DAS Gunaratne,Kuldeep Yadav,MD Gunathilaka,0,0,0
Sri Lanka,9,DAS Gunaratne,Kuldeep Yadav,MD Gunathilaka,2,0,2
Sri Lanka,10,MD Gunathilaka,Washington Sundar,DAS Gunaratne,1,0,1
Sri Lanka,10,DAS Gunaratne,Washington Sundar,MD Gunathilaka,0,0,0
Sri Lanka,10,DAS Gunaratne,Washington Sundar,MD Gunathilaka,0,0,0
Sri Lanka,10,DAS Gunaratne,Washington Sundar,MD Gunathilaka,1,0,1
Sri Lanka,10,MD Gunathilaka,Washington Sundar,DAS Gunaratne,1,0,1
Sri Lanka,10,DAS Gunaratne,Washington Sundar,MD Gunathilaka,1,0,1
Sri Lanka,11,DAS Gunaratne,Kuldeep Yadav,MD Gunathilaka,1,0,1
Sri Lanka,11,MD Gunathilaka,Kuldeep Yadav,DAS Gunaratne,0,0,0
Sri Lanka,11,MD Gunathilaka,Kuldeep Yadav,DAS Gunaratne,0,0,0
Sri Lanka,11,MD Gunathilaka,Kuldeep Yadav,DAS Gunaratne,0,0,0
Sri Lanka,11,NLTC Perera,Kuldeep Yadav,DAS Gunaratne,1,0,1
Sri Lanka,11,DAS Gunaratne,Kuldeep Yadav,NLTC Perera,1,0,1
Sri Lanka,12,DAS Gunaratne,Mohammed Siraj,NLTC Perera,1,0,1
Sri Lanka,12,NLTC Perera,Mohammed Siraj,DAS Gunaratne,4,0,4
Sri Lanka,12,NLTC Perera,Mohammed Siraj,DAS Gunaratne,0,0,0
Sri Lanka,12,NLTC Perera,Mohammed Siraj,DAS Gunaratne,4,0,4
Sri Lanka,12,NLTC Perera,Mohammed Siraj,DAS Gunaratne,2,0,2
Sri Lanka,12,NLTC Perera,Mohammed Siraj,DAS Gunaratne,0,0,0
Sri Lanka,13,DAS Gunaratne,Kuldeep Yadav,MD Shanaka,1,0,1
Sri Lanka,13,MD Shanaka,Kuldeep Yadav,DAS Gunaratne,1,0,1
Sri Lanka,13,DAS Gunaratne,Kuldeep Yadav,MD Shanaka,1,0,1
Sri Lanka,13,MD Shanaka,Kuldeep Yadav,DAS Gunaratne,1,0,1
Sri Lanka,13,DAS Gunaratne,Kuldeep Yadav,MD Shanaka,0,1,1
Sri Lanka,13,MD Shanaka,Kuldeep Yadav,DAS Gunaratne,1,0,1
Sri Lanka,14,MD Shanaka,Mohammed Siraj,DAS Gunaratne,0,0,0
Sri Lanka,14,MD Shanaka,Mohammed Siraj,DAS Gunaratne,1,0,1
Sri Lanka,14,DAS Gunaratne,Mohammed Siraj,MD Shanaka,0,1,1
Sri Lanka,14,DAS Gunaratne,Mohammed Siraj,MD Shanaka,1,0,1
Sri Lanka,14,MD Shanaka,Mohammed Siraj,DAS Gunaratne,0,0,0
Sri Lanka,14,MD Shanaka,Mohammed Siraj,DAS Gunaratne,1,0,1
Sri Lanka,14,DAS Gunaratne,Mohammed Siraj,MD Shanaka,1,0,1
Sri Lanka,15,DAS Gunaratne,HH Pandya,MD Shanaka,1,0,1
Sri Lanka,15,MD Shanaka,HH Pandya,DAS Gunaratne,1,0,1
Sri Lanka,15,DAS Gunaratne,HH Pandya,MD Shanaka,1,0,1
Sri Lanka,15,MD Shanaka,HH Pandya,DAS Gunaratne,0,0,0
Sri Lanka,15,MD Shanaka,HH Pandya,DAS Gunaratne,0,1,1
Sri Lanka,15,MD Shanaka,HH Pandya,DAS Gunaratne,0,0,0
Sri Lanka,15,MD Shanaka,HH Pandya,DAS Gunaratne,6,0,6
Sri Lanka,16,DAS Gunaratne,JD Unadkat,MD Shanaka,1,0,1
Sri Lanka,16,MD Shanaka,JD Unadkat,DAS Gunaratne,0,0,0
Sri Lanka,16,MD Shanaka,JD Unadkat,DAS Gunaratne,2,0,2
Sri Lanka,16,MD Shanaka,JD Unadkat,DAS Gunaratne,0,0,0
Sri Lanka,16,MD Shanaka,JD Unadkat,DAS Gunaratne,1,0,1
Sri Lanka,16,DAS Gunaratne,JD Unadkat,MD Shanaka,0,0,0
Sri Lanka,17,MD Shanaka,HH Pandya,DAS Gunaratne,1,0,1
Sri Lanka,17,DAS Gunaratne,HH Pandya,MD Shanaka,0,0,0
Sri Lanka,17,DAS Gunaratne,HH Pandya,MD Shanaka,0,0,0
Sri Lanka,17,MD Shanaka,HH Pandya,A Dananjaya,0,0,0
Sri Lanka,17,MD Shanaka,HH Pandya,A Dananjaya,1,0,1
Sri Lanka,17,A Dananjaya,HH Pandya,MD Shanaka,1,0,1
Sri Lanka,18,A Dananjaya,JD Unadkat,MD Shanaka,0,0,0
Sri Lanka,18,A Dananjaya,JD Unadkat,MD Shanaka,0,0,0
Sri Lanka,18,A Dananjaya,JD Unadkat,MD Shanaka,1,0,1
Sri Lanka,18,MD Shanaka,JD Unadkat,A Dananjaya,2,0,2
Sri Lanka,18,MD Shanaka,JD Unadkat,A Dananjaya,0,0,0
Sri Lanka,18,MD Shanaka,JD Unadkat,A Dananjaya,1,0,1
Sri Lanka,19,MD Shanaka,Mohammed Siraj,A Dananjaya,1,0,1
Sri Lanka,19,A Dananjaya,Mohammed Siraj,MD Shanaka,4,0,4
Sri Lanka,19,A Dananjaya,Mohammed Siraj,MD Shanaka,4,0,4
Sri Lanka,19,A Dananjaya,Mohammed Siraj,MD Shanaka,1,0,1
Sri Lanka,19,MD Shanaka,Mohammed Siraj,A Dananjaya,6,0,6
Sri Lanka,19,MD Shanaka,Mohammed Siraj,A Dananjaya,2,0,2
India,0,RG Sharma,A Dananjaya,KL Rahul,0,1,1
India,0,RG Sharma,A Dananjaya,KL Rahul,0,0,0
India,0,RG Sharma,A Dananjaya,KL Rahul,0,0,0
India,0,RG Sharma,A Dananjaya,KL Rahul,0,0,0
India,0,RG Sharma,A Dananjaya,KL Rahul,1,0,1
India,0,KL Rahul,A Dananjaya,RG Sharma,1,0,1
India,0,RG Sharma,A Dananjaya,KL Rahul,0,0,0
India,1,KL Rahul,PVD Chameera,RG Sharma,0,0,0
India,1,KL Rahul,PVD Chameera,RG Sharma,0,0,0
India,1,KL Rahul,PVD Chameera,RG Sharma,0,0,0
India,1,KL Rahul,PVD Chameera,RG Sharma,1,0,1
India,1,RG Sharma,PVD Chameera,KL Rahul,0,0,0
India,1,RG Sharma,PVD Chameera,KL Rahul,0,0,0
India,2,KL Rahul,A Dananjaya,RG Sharma,1,0,1
India,2,RG Sharma,A Dananjaya,KL Rahul,4,0,4
India,2,RG Sharma,A Dananjaya,KL Rahul,0,0,0
India,2,RG Sharma,A Dananjaya,KL Rahul,6,0,6
India,2,RG Sharma,A Dananjaya,KL Rahul,1,0,1
India,2,KL Rahul,A Dananjaya,RG Sharma,1,0,1
India,3,KL Rahul,PVD Chameera,RG Sharma,0,0,0
India,3,KL Rahul,PVD Chameera,RG Sharma,0,0,0
India,3,SS Iyer,PVD Chameera,RG Sharma,4,0,4
India,3,SS Iyer,PVD Chameera,RG Sharma,0,0,0
India,3,SS Iyer,PVD Chameera,RG Sharma,0,0,0
India,3,SS Iyer,PVD Chameera,RG Sharma,0,0,0
India,4,RG Sharma,NLTC Perera,SS Iyer,4,0,4
India,4,RG Sharma,NLTC Perera,SS Iyer,0,0,0
India,4,RG Sharma,NLTC Perera,SS Iyer,1,0,1
India,4,SS Iyer,NLTC Perera,RG Sharma,0,0,0
India,4,SS Iyer,NLTC Perera,RG Sharma,0,0,0
India,4,SS Iyer,NLTC Perera,RG Sharma,0,0,0
India,5,RG Sharma,N Pradeep,SS Iyer,0,0,0
India,5,RG Sharma,N Pradeep,SS Iyer,4,0,4
India,5,RG Sharma,N Pradeep,SS Iyer,4,0,4
India,5,RG Sharma,N Pradeep,SS Iyer,1,0,1
India,5,SS Iyer,N Pradeep,RG Sharma,2,0,2
India,5,SS Iyer,N Pradeep,RG Sharma,0,0,0
India,6,RG Sharma,MD Shanaka,SS Iyer,1,0,1
India,6,SS Iyer,MD Shanaka,RG Sharma,0,0,0
India,6,SS Iyer,MD Shanaka,RG Sharma,0,0,0
India,6,SS Iyer,MD Shanaka,RG Sharma,0,0,0
India,6,SS Iyer,MD Shanaka,RG Sharma,1,0,1
India,6,RG Sharma,MD Shanaka,SS Iyer,0,0,0
India,7,MK Pandey,N Pradeep,SS Iyer,1,0,1
India,7,SS Iyer,N Pradeep,MK Pandey,1,0,1
India,7,MK Pandey,N Pradeep,SS Iyer,1,0,1
India,7,SS Iyer,N Pradeep,MK Pandey,1,0,1
India,7,MK Pandey,N Pradeep,SS Iyer,0,4,4
India,7,MK Pandey,N Pradeep,SS Iyer,0,0,0
India,8,SS Iyer,MD Shanaka,MK Pandey,0,1,1
India,8,MK Pandey,MD Shanaka,SS Iyer,1,0,1
India,8,SS Iyer,MD Shanaka,MK Pandey,0,0,0
India,8,SS Iyer,MD Shanaka,MK Pandey,0,0,0
India,8,SS Iyer,MD Shanaka,MK Pandey,0,0,0
India,8,SS Iyer,MD Shanaka,MK Pandey,1,0,1
India,9,SS Iyer,NLTC Perera,MK Pandey,2,0,2
India,9,SS Iyer,NLTC Perera,MK Pandey,2,0,2
India,9,SS Iyer,NLTC Perera,MK Pandey,1,0,1
India,9,MK Pandey,NLTC Perera,SS Iyer,0,0,0
India,9,MK Pandey,NLTC Perera,SS Iyer,0,0,0
India,9,MK Pandey,NLTC Perera,SS Iyer,1,0,1
India,10,MK Pandey,A Dananjaya,SS Iyer,0,0,0
India,10,MK Pandey,A Dananjaya,SS Iyer,1,0,1
India,10,SS Iyer,A Dananjaya,MK Pandey,2,0,2
India,10,SS Iyer,A Dananjaya,MK Pandey,1,0,1
India,10,MK Pandey,A Dananjaya,SS Iyer,0,0,0
India,10,MK Pandey,A Dananjaya,SS Iyer,1,0,1
India,11,MK Pandey,MD Shanaka,SS Iyer,1,0,1
India,11,SS Iyer,MD Shanaka,MK Pandey,2,0,2
India,11,SS Iyer,MD Shanaka,MK Pandey,1,0,1
India,11,MK Pandey,MD Shanaka,SS Iyer,1,0,1
India,11,SS Iyer,MD Shanaka,MK Pandey,0,0,0
India,11,SS Iyer,MD Shanaka,MK Pandey,6,0,6
India,12,MK Pandey,PVD Chameera,SS Iyer,1,0,1
India,12,SS Iyer,PVD Chameera,MK Pandey,2,0,2
India,12,SS Iyer,PVD Chameera,MK Pandey,0,1,1
India,12,SS Iyer,PVD Chameera,MK Pandey,0,0,0
India,12,SS Iyer,PVD Chameera,MK Pandey,1,0,1
India,12,MK Pandey,PVD Chameera,SS Iyer,0,1,1
India,12,MK Pandey,PVD Chameera,SS Iyer,2,0,2
India,12,MK Pandey,PVD Chameera,SS Iyer,1,0,1
India,13,MK Pandey,A Dananjaya,SS Iyer,0,0,0
India,13,MK Pandey,A Dananjaya,SS Iyer,0,0,0
India,13,MK Pandey,A Dananjaya,HH Pandya,1,0,1
India,13,HH Pandya,A Dananjaya,MK Pandey,1,0,1
India,13,MK Pandey,A Dananjaya,HH Pandya,4,0,4
India,13,MK Pandey,A Dananjaya,HH Pandya,0,0,0
India,14,HH Pandya,MD Shanaka,MK Pandey,1,0,1
India,14,MK Pandey,MD Shanaka,HH Pandya,4,0,4
India,14,MK Pandey,MD Shanaka,HH Pandya,4,0,4
India,14,MK Pandey,MD Shanaka,HH Pandya,1,0,1
India,14,HH Pandya,MD Shanaka,MK Pandey,2,0,2
India,14,HH Pandya,MD Shanaka,MK Pandey,0,0,0
India,15,MK Pandey,N Pradeep,KD Karthik,1,0,1
India,15,KD Karthik,N Pradeep,MK Pandey,0,0,0
India,15,KD Karthik,N Pradeep,MK Pandey,2,0,2
India,15,KD Karthik,N Pradeep,MK Pandey,1,0,1
India,15,MK Pandey,N Pradeep,KD Karthik,4,0,4
India,15,MK Pandey,N Pradeep,KD Karthik,1,0,1
India,16,MK Pandey,PVD Chameera,KD Karthik,0,0,0
India,16,MS Dhoni,PVD Chameera,KD Karthik,1,0,1
India,16,KD Karthik,PVD Chameera,MS Dhoni,1,0,1
India,16,MS Dhoni,PVD Chameera,KD Karthik,4,0,4
India,16,MS Dhoni,PVD Chameera,KD Karthik,2,0,2
India,16,MS Dhoni,PVD Chameera,KD Karthik,0,0,0
India,17,KD Karthik,NLTC Perera,MS Dhoni,1,0,1
India,17,MS Dhoni,NLTC Perera,KD Karthik,1,0,1
India,17,KD Karthik,NLTC Perera,MS Dhoni,1,0,1
India,17,MS Dhoni,NLTC Perera,KD Karthik,1,0,1
India,17,KD Karthik,NLTC Perera,MS Dhoni,1,0,1
India,17,MS Dhoni,NLTC Perera,KD Karthik,0,0,0
India,18,KD Karthik,N Pradeep,MS Dhoni,1,0,1
India,18,MS Dhoni,N Pradeep,KD Karthik,1,0,1
India,18,KD Karthik,N Pradeep,MS Dhoni,2,0,2
India,18,KD Karthik,N Pradeep,MS Dhoni,0,0,0
India,18,KD Karthik,N Pradeep,MS Dhoni,2,0,2
India,18,KD Karthik,N Pradeep,MS Dhoni,6,0,6
India,19,MS Dhoni,NLTC Perera,KD Karthik,2,0,2
India,19,MS Dhoni,NLTC Perera,KD Karthik,4,0,4
