Team,Over,Batter,Bowler,Non_Striker,Batter_Runs,Extras,Total_Runs
South Africa,0,L Lee,P Vastrakar,D van Niekerk,1,0,1
South Africa,0,D van Niekerk,P Vastrakar,L Lee,0,0,0
South Africa,0,D van Niekerk,P Vastrakar,L Lee,0,0,0
South Africa,0,D van Niekerk,P Vastrakar,L Lee,0,0,0
South Africa,0,D van Niekerk,P Vastrakar,L Lee,1,0,1
South Africa,0,L Lee,P Vastrakar,D van Niekerk,0,0,0
South Africa,1,D van Niekerk,R Dhar,L Lee,0,0,0
South Africa,1,D van Niekerk,R Dhar,L Lee,0,0,0
South Africa,1,D van Niekerk,R Dhar,L Lee,0,0,0
South Africa,1,D van Niekerk,R Dhar,L Lee,0,1,1
South Africa,1,L Lee,R Dhar,D van Niekerk,4,1,5
South Africa,1,L Lee,R Dhar,D van Niekerk,1,0,1
South Africa,1,D van Niekerk,R Dhar,L Lee,1,0,1
South Africa,2,D van Niekerk,P Vastrakar,L Lee,1,0,1
South Africa,2,L Lee,P Vastrakar,D van Niekerk,0,0,0
South Africa,2,L Lee,P Vastrakar,D van Niekerk,1,0,1
South Africa,2,D van Niekerk,P Vastrakar,L Lee,0,4,4
South Africa,2,D van Niekerk,P Vastrakar,L Lee,0,0,0
South Africa,2,D van Niekerk,P Vastrakar,L Lee,1,0,1
South Africa,3,D van Niekerk,R Dhar,L Lee,4,0,4
South Africa,3,D van Niekerk,R Dhar,L Lee,0,0,0
South Africa,3,D van Niekerk,R Dhar,L Lee,1,0,1
South Africa,3,L Lee,R Dhar,D van Niekerk,1,0,1
South Africa,3,D van Niekerk,R Dhar,L Lee,0,0,0
South Africa,3,D van Niekerk,R Dhar,L Lee,1,0,1
South Africa,4,D van Niekerk,RS Gayakwad,L Lee,4,0,4
South Africa,4,D van Niekerk,RS Gayakwad,L Lee,0,0,0
South Africa,4,D van Niekerk,RS Gayakwad,L Lee,1,0,1
South Africa,4,L Lee,RS Gayakwad,D van Niekerk,4,0,4
South Africa,4,L Lee,RS Gayakwad,D van Niekerk,0,0,0
South Africa,4,L Lee,RS Gayakwad,D van Niekerk,6,0,6
South Africa,5,D van Niekerk,P Vastrakar,L Lee,4,0,4
South Africa,5,D van Niekerk,P Vastrakar,L Lee,0,0,0
South Africa,5,D van Niekerk,P Vastrakar,L Lee,0,0,0
South Africa,5,D van Niekerk,P Vastrakar,L Lee,0,0,0
South Africa,5,D van Niekerk,P Vastrakar,L Lee,0,0,0
South Africa,5,D van Niekerk,P Vastrakar,L Lee,1,0,1
South Africa,6,D van Niekerk,R Dhar,L Lee,4,0,4
South Africa,6,D van Niekerk,R Dhar,L Lee,1,0,1
South Africa,6,L Lee,R Dhar,D van Niekerk,0,0,0
South Africa,6,L Lee,R Dhar,D van Niekerk,1,0,1
South Africa,6,D van Niekerk,R Dhar,L Lee,1,0,1
South Africa,6,L Lee,R Dhar,D van Niekerk,1,0,1
South Africa,7,L Lee,Poonam Yadav,D van Niekerk,0,0,0
South Africa,7,L Lee,Poonam Yadav,D van Niekerk,1,0,1
South Africa,7,D van Niekerk,Poonam Yadav,L Lee,1,0,1
South Africa,7,L Lee,Poonam Yadav,D van Niekerk,1,0,1
South Africa,7,D van Niekerk,Poonam Yadav,L Lee,1,0,1
South Africa,7,L Lee,Poonam Yadav,D van Niekerk,0,0,0
South Africa,8,D van Niekerk,DB Sharma,L Lee,0,1,1
South Africa,8,D van Niekerk,DB Sharma,L Lee,0,0,0
South Africa,8,D van Niekerk,DB Sharma,L Lee,1,0,1
South Africa,8,L Lee,DB Sharma,D van Niekerk,6,0,6
South Africa,8,L Lee,DB Sharma,D van Niekerk,0,0,0
South Africa,8,L Lee,DB Sharma,D van Niekerk,1,0,1
South Africa,8,D van Niekerk,DB Sharma,L Lee,1,0,1
South Africa,9,D van Niekerk,Poonam Yadav,L Lee,1,0,1
South Africa,9,L Lee,Poonam Yadav,D van Niekerk,0,0,0
South Africa,9,L Lee,Poonam Yadav,D van Niekerk,1,0,1
South Africa,9,D van Niekerk,Poonam Yadav,L Lee,4,0,4
South Africa,9,D van Niekerk,Poonam Yadav,L Lee,1,0,1
South Africa,9,L Lee,Poonam Yadav,D van Niekerk,0,0,0
South Africa,10,D van Niekerk,RS Gayakwad,L Lee,6,0,6
South Africa,10,D van Niekerk,RS Gayakwad,L Lee,0,0,0
South Africa,10,D van Niekerk,RS Gayakwad,L Lee,1,0,1
South Africa,10,L Lee,RS Gayakwad,D van Niekerk,6,0,6
South Africa,10,L Lee,RS Gayakwad,D van Niekerk,2,0,2
South Africa,10,L Lee,RS Gayakwad,D van Niekerk,1,0,1
South Africa,11,L Lee,H Kaur,D van Niekerk,0,0,0
South Africa,11,L Lee,H Kaur,D van Niekerk,1,0,1
South Africa,11,D van Niekerk,H Kaur,L Lee,0,0,0
South Africa,11,D van Niekerk,H Kaur,L Lee,1,0,1
South Africa,11,L Lee,H Kaur,D van Niekerk,1,0,1
South Africa,11,D van Niekerk,H Kaur,L Lee,1,0,1
South Africa,12,D van Niekerk,DB Sharma,L Lee,6,0,6
South Africa,12,D van Niekerk,DB Sharma,L Lee,4,0,4
South Africa,12,D van Niekerk,DB Sharma,L Lee,0,0,0
South Africa,12,CL Tryon,DB Sharma,L Lee,1,0,1
South Africa,12,L Lee,DB Sharma,CL Tryon,1,0,1
South Africa,12,CL Tryon,DB Sharma,L Lee,1,0,1
South Africa,13,CL Tryon,Poonam Yadav,L Lee,0,0,0
South Africa,13,CL Tryon,Poonam Yadav,L Lee,0,0,0
South Africa,13,S Luus,Poonam Yadav,L Lee,1,0,1
South Africa,13,L Lee,Poonam Yadav,S Luus,6,0,6
South Africa,13,L Lee,Poonam Yadav,S Luus,1,0,1
South Africa,13,S Luus,Poonam Yadav,L Lee,4,0,4
South Africa,14,L Lee,DB Sharma,S Luus,2,0,2
South Africa,14,L Lee,DB Sharma,S Luus,1,0,1
South Africa,14,S Luus,DB Sharma,L Lee,0,0,0
South Africa,14,M du Preez,DB Sharma,L Lee,1,0,1
South Africa,14,L Lee,DB Sharma,M du Preez,0,0,0
South Africa,14,L Lee,DB Sharma,M du Preez,6,0,6
South Africa,15,M du Preez,H Kaur,L Lee,1,0,1
South Africa,15,L Lee,H Kaur,M du Preez,0,1,1
South Africa,15,L Lee,H Kaur,M du Preez,0,0,0
South Africa,15,L Lee,H Kaur,M du Preez,0,0,0
