Team,Over,Batter,Bowler,Non_Striker,Batter_Runs,Extras,Total_Runs
South Africa,0,L Lee,P Vastrakar,D van Niekerk,0,1,1
South Africa,0,L Lee,P Vastrakar,D van Niekerk,1,0,1
South Africa,0,D van Niekerk,P Vastrakar,L Lee,0,0,0
South Africa,0,D van Niekerk,P Vastrakar,L Lee,0,0,0
South Africa,0,D van Niekerk,P Vastrakar,L Lee,4,0,4
South Africa,0,D van Niekerk,P Vastrakar,L Lee,1,0,1
South Africa,0,L Lee,P Vastrakar,D van Niekerk,0,0,0
South Africa,1,D van Niekerk,S Pandey,L Lee,0,0,0
South Africa,1,D van Niekerk,S Pandey,L Lee,0,0,0
South Africa,1,D van Niekerk,S Pandey,L Lee,1,0,1
South Africa,1,L Lee,S Pandey,D van Niekerk,0,0,0
South Africa,1,L Lee,S Pandey,D van Niekerk,2,0,2
South Africa,1,L Lee,S Pandey,D van Niekerk,0,0,0
South Africa,2,D van Niekerk,P Vastrakar,L Lee,0,0,0
South Africa,2,D van Niekerk,P Vastrakar,L Lee,0,0,0
South Africa,2,D van Niekerk,P Vastrakar,L Lee,1,0,1
South Africa,2,L Lee,P Vastrakar,D van Niekerk,4,0,4
South Africa,2,L Lee,P Vastrakar,D van Niekerk,4,0,4
South Africa,2,L Lee,P Vastrakar,D van Niekerk,0,0,0
South Africa,3,D van Niekerk,S Pandey,L Lee,4,0,4
South Africa,3,D van Niekerk,S Pandey,L Lee,0,0,0
South Africa,3,D van Niekerk,S Pandey,L Lee,1,0,1
South Africa,3,L Lee,S Pandey,D van Niekerk,0,0,0
South Africa,3,L Lee,S Pandey,D van Niekerk,0,1,1
South Africa,3,L Lee,S Pandey,D van Niekerk,4,0,4
South Africa,3,L Lee,S Pandey,D van Niekerk,0,0,0
South Africa,4,S Luus,P Vastrakar,D van Niekerk,2,0,2
South Africa,4,S Luus,P Vastrakar,D van Niekerk,0,0,0
South Africa,4,S Luus,P Vastrakar,D van Niekerk,0,0,0
South Africa,4,S Luus,P Vastrakar,D van Niekerk,1,0,1
South Africa,4,D van Niekerk,P Vastrakar,S Luus,1,0,1
South Africa,4,S Luus,P Vastrakar,D van Niekerk,1,0,1
South Africa,5,S Luus,AA Patil,D van Niekerk,1,0,1
South Africa,5,D van Niekerk,AA Patil,S Luus,1,0,1
South Africa,5,S Luus,AA Patil,D van Niekerk,1,0,1
South Africa,5,D van Niekerk,AA Patil,S Luus,1,0,1
South Africa,5,S Luus,AA Patil,D van Niekerk,1,0,1
South Africa,5,D van Niekerk,AA Patil,S Luus,0,0,0
South Africa,6,S Luus,P Vastrakar,D van Niekerk,1,0,1
South Africa,6,D van Niekerk,P Vastrakar,S Luus,0,0,0
South Africa,6,M du Preez,P Vastrakar,S Luus,4,0,4
South Africa,6,M du Preez,P Vastrakar,S Luus,0,0,0
South Africa,6,M du Preez,P Vastrakar,S Luus,1,0,1
South Africa,6,S Luus,P Vastrakar,M du Preez,0,1,1
South Africa,6,S Luus,P Vastrakar,M du Preez,2,0,2
South Africa,7,M du Preez,RP Yadav,S Luus,4,0,4
South Africa,7,M du Preez,RP Yadav,S Luus,0,0,0
South Africa,7,M du Preez,RP Yadav,S Luus,1,0,1
South Africa,7,S Luus,RP Yadav,M du Preez,1,0,1
South Africa,7,M du Preez,RP Yadav,S Luus,1,0,1
South Africa,7,M Kapp,RP Yadav,S Luus,1,0,1
South Africa,8,M Kapp,Poonam Yadav,S Luus,0,0,0
South Africa,8,M Kapp,Poonam Yadav,S Luus,1,0,1
South Africa,8,S Luus,Poonam Yadav,M Kapp,1,0,1
South Africa,8,M Kapp,Poonam Yadav,S Luus,0,0,0
South Africa,8,S Luus,Poonam Yadav,N de Klerk,1,0,1
South Africa,8,N de Klerk,Poonam Yadav,S Luus,1,0,1
South Africa,9,N de Klerk,RP Yadav,S Luus,1,0,1
South Africa,9,S Luus,RP Yadav,N de Klerk,0,0,0
South Africa,9,S Luus,RP Yadav,N de Klerk,1,0,1
South Africa,9,N de Klerk,RP Yadav,S Luus,0,0,0
South Africa,9,N de Klerk,RP Yadav,S Luus,0,0,0
South Africa,9,N de Klerk,RP Yadav,S Luus,0,0,0
South Africa,10,S Luus,Poonam Yadav,N de Klerk,1,0,1
South Africa,10,N de Klerk,Poonam Yadav,S Luus,1,0,1
South Africa,10,S Luus,Poonam Yadav,N de Klerk,0,0,0
South Africa,10,S Luus,Poonam Yadav,N de Klerk,0,0,0
South Africa,10,S Luus,Poonam Yadav,N de Klerk,1,0,1
South Africa,10,N de Klerk,Poonam Yadav,S Luus,1,0,1
South Africa,11,N de Klerk,AA Patil,S Luus,4,0,4
South Africa,11,N de Klerk,AA Patil,S Luus,1,0,1
South Africa,11,S Luus,AA Patil,N de Klerk,1,0,1
South Africa,11,N de Klerk,AA Patil,S Luus,1,0,1
South Africa,11,S Luus,AA Patil,N de Klerk,1,0,1
South Africa,11,N de Klerk,AA Patil,S Luus,1,0,1
South Africa,12,N de Klerk,Poonam Yadav,S Luus,0,0,0
South Africa,12,N de Klerk,Poonam Yadav,S Luus,2,0,2
South Africa,12,N de Klerk,Poonam Yadav,S Luus,1,0,1
South Africa,12,S Luus,Poonam Yadav,N de Klerk,1,0,1
South Africa,12,N de Klerk,Poonam Yadav,S Luus,0,0,0
South Africa,12,N de Klerk,Poonam Yadav,S Luus,1,0,1
South Africa,13,N de Klerk,RP Yadav,S Luus,1,0,1
South Africa,13,S Luus,RP Yadav,N de Klerk,4,0,4
South Africa,13,S Luus,RP Yadav,N de Klerk,4,0,4
South Africa,13,S Luus,RP Yadav,N de Klerk,0,0,0
South Africa,13,S Luus,RP Yadav,N de Klerk,1,0,1
South Africa,13,N de Klerk,RP Yadav,S Luus,1,0,1
South Africa,14,N de Klerk,H Kaur,S Luus,1,0,1
South Africa,14,S Luus,H Kaur,N de Klerk,1,0,1
South Africa,14,N de Klerk,H Kaur,S Luus,1,0,1
South Africa,14,S Luus,H Kaur,N de Klerk,1,0,1
South Africa,14,N de Klerk,H Kaur,S Luus,1,0,1
South Africa,14,S Luus,H Kaur,N de Klerk,1,0,1
South Africa,15,S Luus,Poonam Yadav,N de Klerk,1,0,1
South Africa,15,N de Klerk,Poonam Yadav,S Luus,1,0,1
South Africa,15,S Luus,Poonam Yadav,N de Klerk,1,0,1
South Africa,15,N de Klerk,Poonam Yadav,S Luus,1,0,1
South Africa,15,S Luus,Poonam Yadav,N de Klerk,0,0,0
South Africa,15,N de Klerk,Poonam Yadav,CL Tryon,1,0,1
South Africa,16,N de Klerk,S Pandey,CL Tryon,1,0,1
South Africa,16,CL Tryon,S Pandey,N de Klerk,0,0,0
South Africa,16,CL Tryon,S Pandey,N de Klerk,0,0,0
South Africa,16,CL Tryon,S Pandey,N de Klerk,1,0,1
South Africa,16,N de Klerk,S Pandey,CL Tryon,0,4,4
South Africa,16,N de Klerk,S Pandey,CL Tryon,2,0,2
South Africa,17,CL Tryon,AA Patil,N de Klerk,1,0,1
South Africa,17,N de Klerk,AA Patil,CL Tryon,0,0,0
South Africa,17,CL Tryon,AA Patil,S Ismail,1,0,1
South Africa,17,S Ismail,AA Patil,CL Tryon,0,0,0
South Africa,17,S Ismail,AA Patil,CL Tryon,1,0,1
South Africa,17,CL Tryon,AA Patil,S Ismail,4,0,4
South Africa,18,S Ismail,S Pandey,CL Tryon,0,0,0
South Africa,18,S Ismail,S Pandey,CL Tryon,1,0,1
South Africa,18,CL Tryon,S Pandey,S Ismail,0,0,0
South Africa,18,CL Tryon,S Pandey,S Ismail,2,0,2
South Africa,18,CL Tryon,S Pandey,S Ismail,4,0,4
South Africa,18,CL Tryon,S Pandey,S Ismail,2,0,2
South Africa,19,S Ismail,AA Patil,CL Tryon,1,0,1
South Africa,19,CL Tryon,AA Patil,S Ismail,0,0,0
South Africa,19,S Ismail,AA Patil,A Khaka,6,0,6
South Africa,19,S Ismail,AA Patil,A Khaka,1,0,1
South Africa,19,A Khaka,AA Patil,S Ismail,1,0,1
South Africa,19,S Ismail,AA Patil,A Khaka,4,1,5
South Africa,19,S Ismail,AA Patil,A Khaka,2,0,2
India,0,M Raj,M Kapp,S Mandhana,0,1,1
India,0,M Raj,M Kapp,S Mandhana,0,1,1
India,0,M Raj,M Kapp,S Mandhana,0,0,0
India,0,M Raj,M Kapp,S Mandhana,1,0,1
India,0,S Mandhana,M Kapp,M Raj,1,0,1
India,0,M Raj,M Kapp,S Mandhana,0,0,0
India,0,M Raj,M Kapp,S Mandhana,0,1,1
India,0,S Mandhana,M Kapp,M Raj,1,0,1
India,1,S Mandhana,S Ismail,M Raj,0,0,0
India,1,S Mandhana,S Ismail,M Raj,0,0,0
India,1,S Mandhana,S Ismail,M Raj,1,0,1
India,1,M Raj,S Ismail,S Mandhana,0,0,0
India,1,M Raj,S Ismail,S Mandhana,1,0,1
India,1,S Mandhana,S Ismail,M Raj,4,0,4
India,2,M Raj,M Kapp,S Mandhana,0,0,0
India,2,M Raj,M Kapp,S Mandhana,0,0,0
India,2,M Raj,M Kapp,S Mandhana,3,0,3
India,2,S Mandhana,M Kapp,M Raj,1,0,1
India,2,M Raj,M Kapp,S Mandhana,0,0,0
India,2,M Raj,M Kapp,S Mandhana,0,0,0
India,3,S Mandhana,S Ismail,M Raj,2,0,2
India,3,S Mandhana,S Ismail,M Raj,0,0,0
India,3,S Mandhana,S Ismail,M Raj,4,0,4
India,3,S Mandhana,S Ismail,M Raj,2,0,2
India,3,S Mandhana,S Ismail,M Raj,4,0,4
India,3,S Mandhana,S Ismail,M Raj,1,0,1
India,4,S Mandhana,M Kapp,M Raj,1,0,1
India,4,M Raj,M Kapp,S Mandhana,4,0,4
India,4,M Raj,M Kapp,S Mandhana,1,0,1
India,4,S Mandhana,M Kapp,M Raj,4,0,4
India,4,S Mandhana,M Kapp,M Raj,1,0,1
India,4,M Raj,M Kapp,S Mandhana,0,0,0
India,5,S Mandhana,M Daniels,M Raj,0,0,0
India,5,S Mandhana,M Daniels,M Raj,0,1,1
India,5,S Mandhana,M Daniels,M Raj,0,0,0
India,5,S Mandhana,M Daniels,M Raj,1,0,1
India,5,M Raj,M Daniels,S Mandhana,0,0,0
India,5,M Raj,M Daniels,S Mandhana,1,0,1
India,5,S Mandhana,M Daniels,M Raj,0,0,0
India,6,M Raj,A Khaka,S Mandhana,1,0,1
India,6,S Mandhana,A Khaka,M Raj,1,0,1
India,6,M Raj,A Khaka,S Mandhana,2,0,2
India,6,M Raj,A Khaka,S Mandhana,2,0,2
India,6,M Raj,A Khaka,S Mandhana,0,0,0
India,6,M Raj,A Khaka,S Mandhana,0,0,0
India,7,S Mandhana,M Daniels,M Raj,1,0,1
India,7,M Raj,M Daniels,S Mandhana,4,0,4
India,7,M Raj,M Daniels,S Mandhana,2,0,2
India,7,M Raj,M Daniels,S Mandhana,2,0,2
India,7,M Raj,M Daniels,S Mandhana,0,0,0
India,7,M Raj,M Daniels,S Mandhana,0,0,0
India,8,S Mandhana,A Khaka,M Raj,0,0,0
India,8,S Mandhana,A Khaka,M Raj,1,0,1
India,8,M Raj,A Khaka,S Mandhana,1,0,1
India,8,S Mandhana,A Khaka,M Raj,2,0,2
India,8,S Mandhana,A Khaka,M Raj,1,0,1
India,8,M Raj,A Khaka,S Mandhana,1,0,1
India,9,M Raj,D van Niekerk,S Mandhana,0,0,0
India,9,M Raj,D van Niekerk,S Mandhana,1,0,1
India,9,S Mandhana,D van Niekerk,M Raj,6,0,6
India,9,S Mandhana,D van Niekerk,M Raj,1,0,1
India,9,M Raj,D van Niekerk,S Mandhana,0,0,0
India,9,M Raj,D van Niekerk,S Mandhana,2,0,2
India,10,S Mandhana,A Khaka,M Raj,0,0,0
India,10,S Mandhana,A Khaka,M Raj,1,0,1
India,10,M Raj,A Khaka,S Mandhana,1,0,1
India,10,S Mandhana,A Khaka,M Raj,0,0,0
India,10,S Mandhana,A Khaka,M Raj,0,0,0
India,10,S Mandhana,A Khaka,M Raj,0,0,0
India,11,M Raj,R Ntozakhe,S Mandhana,1,0,1
India,11,S Mandhana,R Ntozakhe,M Raj,1,0,1
India,11,M Raj,R Ntozakhe,S Mandhana,1,0,1
India,11,S Mandhana,R Ntozakhe,M Raj,0,0,0
India,11,S Mandhana,R Ntozakhe,M Raj,6,0,6
India,11,S Mandhana,R Ntozakhe,M Raj,6,0,6
India,12,M Raj,CL Tryon,S Mandhana,0,0,0
India,12,M Raj,CL Tryon,S Mandhana,4,0,4
India,12,M Raj,CL Tryon,S Mandhana,4,0,4
India,12,M Raj,CL Tryon,S Mandhana,0,0,0
India,12,M Raj,CL Tryon,S Mandhana,1,0,1
India,12,S Mandhana,CL Tryon,M Raj,0,0,0
India,13,M Raj,S Ismail,S Mandhana,1,0,1
India,13,S Mandhana,S Ismail,M Raj,0,0,0
India,13,S Mandhana,S Ismail,M Raj,1,0,1
India,13,M Raj,S Ismail,S Mandhana,1,0,1
India,13,S Mandhana,S Ismail,M Raj,1,0,1
India,13,M Raj,S Ismail,S Mandhana,1,0,1
India,14,M Raj,M Daniels,S Mandhana,1,0,1
India,14,S Mandhana,M Daniels,M Raj,0,0,0
India,14,H Kaur,M Daniels,M Raj,0,0,0
India,14,H Kaur,M Daniels,M Raj,1,0,1
India,14,M Raj,M Daniels,H Kaur,2,0,2
India,14,M Raj,M Daniels,H Kaur,1,0,1
India,15,M Raj,CL Tryon,H Kaur,1,0,1
India,15,H Kaur,CL Tryon,M Raj,1,0,1
India,15,M Raj,CL Tryon,H Kaur,1,0,1
India,15,H Kaur,CL Tryon,M Raj,0,0,0
India,15,H Kaur,CL Tryon,M Raj,1,0,1
India,15,M Raj,CL Tryon,H Kaur,2,0,2
India,16,H Kaur,M Daniels,M Raj,1,0,1
India,16,M Raj,M Daniels,H Kaur,1,0,1
India,16,H Kaur,M Daniels,M Raj,1,0,1
India,16,M Raj,M Daniels,H Kaur,1,0,1
India,16,H Kaur,M Daniels,M Raj,0,0,0
India,16,H Kaur,M Daniels,M Raj,0,0,0
India,17,M Raj,A Khaka,H Kaur,4,0,4
India,17,M Raj,A Khaka,H Kaur,0,0,0
India,17,M Raj,A Khaka,H Kaur,1,0,1
India,17,H Kaur,A Khaka,M Raj,1,0,1
India,17,M Raj,A Khaka,H Kaur,4,0,4
India,17,M Raj,A Khaka,H Kaur,1,0,1
India,18,M Raj,M Kapp,H Kaur,1,0,1
India,18,H Kaur,M Kapp,M Raj,1,0,1
India,18,M Raj,M Kapp,H Kaur,2,0,2
India,18,M Raj,M Kapp,H Kaur,4,0,4
India,18,M Raj,M Kapp,H Kaur,1,0,1
India,18,H Kaur,M Kapp,M Raj,0,0,0
India,19,M Raj,S Ismail,H Kaur,4,0,4
