Team,Over,Batter,Bowler,Non_Striker,Batter_Runs,Extras,Total_Runs
India,0,M Raj,M Kapp,S Mandhana,0,0,0
India,0,M Raj,M Kapp,S Mandhana,0,0,0
India,0,M Raj,M Kapp,S Mandhana,0,4,4
India,0,M Raj,M Kapp,S Mandhana,0,0,0
India,0,M Raj,M Kapp,S Mandhana,0,0,0
India,0,M Raj,M Kapp,S Mandhana,0,0,0
India,1,S Mandhana,A Khaka,M Raj,0,1,1
India,1,S Mandhana,A Khaka,M Raj,0,1,1
India,1,S Mandhana,A Khaka,M Raj,0,1,1
India,1,S Mandhana,A Khaka,M Raj,4,0,4
India,1,S Mandhana,A Khaka,M Raj,0,0,0
India,1,S Mandhana,A Khaka,M Raj,0,1,1
India,1,S Mandhana,A Khaka,M Raj,0,0,0
India,1,S Mandhana,A Khaka,M Raj,0,0,0
India,1,S Mandhana,A Khaka,M Raj,0,1,1
India,1,S Mandhana,A Khaka,M Raj,0,0,0
India,1,S Mandhana,A Khaka,M Raj,0,1,1
India,1,S Mandhana,A Khaka,M Raj,1,0,1
India,2,S Mandhana,M Kapp,M Raj,0,0,0
India,2,S Mandhana,M Kapp,M Raj,0,0,0
India,2,S Mandhana,M Kapp,M Raj,0,0,0
India,2,S Mandhana,M Kapp,M Raj,4,0,4
India,2,S Mandhana,M Kapp,M Raj,0,0,0
India,2,S Mandhana,M Kapp,M Raj,0,0,0
India,3,M Raj,S Ismail,S Mandhana,0,0,0
India,3,M Raj,S Ismail,S Mandhana,4,0,4
India,3,M Raj,S Ismail,S Mandhana,0,0,0
India,3,M Raj,S Ismail,S Mandhana,4,0,4
India,3,M Raj,S Ismail,S Mandhana,0,0,0
India,3,M Raj,S Ismail,S Mandhana,0,0,0
India,4,S Mandhana,M Kapp,M Raj,4,0,4
India,4,S Mandhana,M Kapp,M Raj,0,1,1
India,4,S Mandhana,M Kapp,M Raj,0,0,0
India,4,M Raj,M Kapp,JI Rodrigues,0,0,0
India,4,M Raj,M Kapp,JI Rodrigues,0,0,0
India,4,M Raj,M Kapp,JI Rodrigues,0,0,0
India,4,M Raj,M Kapp,JI Rodrigues,4,0,4
India,5,JI Rodrigues,S Ismail,M Raj,0,0,0
India,5,JI Rodrigues,S Ismail,M Raj,1,0,1
India,5,M Raj,S Ismail,JI Rodrigues,0,0,0
India,5,M Raj,S Ismail,JI Rodrigues,1,0,1
India,5,JI Rodrigues,S Ismail,M Raj,1,0,1
India,5,M Raj,S Ismail,JI Rodrigues,0,0,0
India,6,JI Rodrigues,M Klaas,M Raj,0,0,0
India,6,JI Rodrigues,M Klaas,M Raj,1,0,1
India,6,M Raj,M Klaas,JI Rodrigues,0,0,0
India,6,M Raj,M Klaas,JI Rodrigues,1,0,1
India,6,JI Rodrigues,M Klaas,M Raj,1,0,1
India,6,M Raj,M Klaas,JI Rodrigues,4,0,4
India,7,JI Rodrigues,D van Niekerk,M Raj,0,0,0
India,7,JI Rodrigues,D van Niekerk,M Raj,1,0,1
India,7,M Raj,D van Niekerk,JI Rodrigues,0,0,0
India,7,M Raj,D van Niekerk,JI Rodrigues,1,0,1
India,7,JI Rodrigues,D van Niekerk,M Raj,1,0,1
India,7,M Raj,D van Niekerk,JI Rodrigues,0,0,0
India,8,JI Rodrigues,M Klaas,M Raj,1,0,1
India,8,M Raj,M Klaas,JI Rodrigues,6,0,6
India,8,M Raj,M Klaas,JI Rodrigues,1,0,1
India,8,JI Rodrigues,M Klaas,M Raj,4,0,4
India,8,JI Rodrigues,M Klaas,M Raj,1,0,1
India,8,M Raj,M Klaas,JI Rodrigues,1,0,1
India,9,M Raj,D van Niekerk,JI Rodrigues,0,0,0
India,9,M Raj,D van Niekerk,JI Rodrigues,6,0,6
India,9,M Raj,D van Niekerk,JI Rodrigues,0,0,0
India,9,M Raj,D van Niekerk,JI Rodrigues,0,0,0
India,9,M Raj,D van Niekerk,JI Rodrigues,1,0,1
India,9,JI Rodrigues,D van Niekerk,M Raj,1,0,1
India,10,JI Rodrigues,R Ntozakhe,M Raj,1,0,1
India,10,M Raj,R Ntozakhe,JI Rodrigues,0,0,0
India,10,M Raj,R Ntozakhe,JI Rodrigues,0,0,0
India,10,M Raj,R Ntozakhe,JI Rodrigues,1,0,1
India,10,JI Rodrigues,R Ntozakhe,M Raj,1,0,1
India,10,M Raj,R Ntozakhe,JI Rodrigues,6,0,6
India,11,JI Rodrigues,D van Niekerk,M Raj,0,0,0
India,11,JI Rodrigues,D van Niekerk,M Raj,1,0,1
India,11,M Raj,D van Niekerk,JI Rodrigues,1,0,1
India,11,JI Rodrigues,D van Niekerk,M Raj,1,0,1
India,11,M Raj,D van Niekerk,JI Rodrigues,1,0,1
India,11,JI Rodrigues,D van Niekerk,M Raj,1,0,1
India,12,JI Rodrigues,R Ntozakhe,M Raj,4,0,4
India,12,JI Rodrigues,R Ntozakhe,M Raj,0,0,0
India,12,JI Rodrigues,R Ntozakhe,M Raj,6,0,6
India,12,JI Rodrigues,R Ntozakhe,M Raj,1,0,1
India,12,M Raj,R Ntozakhe,JI Rodrigues,1,0,1
India,12,JI Rodrigues,R Ntozakhe,M Raj,0,0,0
India,13,M Raj,D van Niekerk,JI Rodrigues,1,0,1
India,13,JI Rodrigues,D van Niekerk,M Raj,0,0,0
India,13,JI Rodrigues,D van Niekerk,M Raj,4,0,4
India,13,JI Rodrigues,D van Niekerk,M Raj,0,0,0
India,13,JI Rodrigues,D van Niekerk,M Raj,1,0,1
India,13,M Raj,D van Niekerk,JI Rodrigues,0,0,0
India,14,JI Rodrigues,A Khaka,M Raj,1,0,1
India,14,M Raj,A Khaka,JI Rodrigues,4,0,4
India,14,M Raj,A Khaka,JI Rodrigues,0,0,0
India,14,M Raj,A Khaka,JI Rodrigues,0,0,0
India,14,M Raj,A Khaka,JI Rodrigues,1,0,1
India,14,JI Rodrigues,A Khaka,M Raj,1,1,2
India,14,M Raj,A Khaka,JI Rodrigues,4,0,4
India,15,JI Rodrigues,S Ismail,M Raj,6,0,6
India,15,JI Rodrigues,S Ismail,M Raj,1,0,1
India,15,M Raj,S Ismail,JI Rodrigues,4,0,4
India,15,M Raj,S Ismail,JI Rodrigues,4,0,4
India,15,M Raj,S Ismail,JI Rodrigues,0,0,0
India,15,H Kaur,S Ismail,JI Rodrigues,1,0,1
India,16,H Kaur,A Khaka,JI Rodrigues,1,0,1
India,16,JI Rodrigues,A Khaka,H Kaur,1,0,1
India,16,H Kaur,A Khaka,JI Rodrigues,0,0,0
India,16,H Kaur,A Khaka,JI Rodrigues,1,0,1
India,16,JI Rodrigues,A Khaka,H Kaur,0,0,0
India,16,H Kaur,A Khaka,V Krishnamurthy,0,0,0
India,17,V Krishnamurthy,S Ismail,H Kaur,1,0,1
India,17,H Kaur,S Ismail,V Krishnamurthy,1,0,1
India,17,V Krishnamurthy,S Ismail,H Kaur,1,0,1
India,17,H Kaur,S Ismail,V Krishnamurthy,0,0,0
India,17,H Kaur,S Ismail,V Krishnamurthy,1,0,1
India,17,V Krishnamurthy,S Ismail,H Kaur,4,0,4
India,18,H Kaur,A Khaka,V Krishnamurthy,4,0,4
India,18,H Kaur,A Khaka,V Krishnamurthy,2,0,2
India,18,H Kaur,A Khaka,V Krishnamurthy,1,0,1
India,18,V Krishnamurthy,A Khaka,H Kaur,1,0,1
India,18,H Kaur,A Khaka,V Krishnamurthy,6,0,6
India,18,H Kaur,A Khaka,V Krishnamurthy,1,0,1
India,19,H Kaur,M Kapp,V Krishnamurthy,6,0,6
India,19,H Kaur,M Kapp,V Krishnamurthy,0,0,0
India,19,H Kaur,M Kapp,V Krishnamurthy,1,0,1
India,19,V Krishnamurthy,M Kapp,H Kaur,1,0,1
India,19,H Kaur,M Kapp,V Krishnamurthy,1,0,1
India,19,V Krishnamurthy,M Kapp,H Kaur,0,0,0
South Africa,0,L Lee,P Vastrakar,D van Niekerk,0,0,0
South Africa,0,L Lee,P Vastrakar,D van Niekerk,0,0,0
South Africa,0,L Lee,P Vastrakar,D van Niekerk,0,0,0
South Africa,0,L Lee,P Vastrakar,D van Niekerk,0,0,0
South Africa,0,L Lee,P Vastrakar,D van Niekerk,0,0,0
South Africa,0,L Lee,P Vastrakar,D van Niekerk,0,0,0
South Africa,1,D van Niekerk,S Pandey,L Lee,0,0,0
South Africa,1,D van Niekerk,S Pandey,L Lee,1,0,1
South Africa,1,L Lee,S Pandey,D van Niekerk,1,0,1
South Africa,1,D van Niekerk,S Pandey,L Lee,0,0,0
South Africa,1,D van Niekerk,S Pandey,L Lee,0,0,0
South Africa,1,D van Niekerk,S Pandey,L Lee,1,0,1
South Africa,2,D van Niekerk,P Vastrakar,L Lee,0,0,0
South Africa,2,D van Niekerk,P Vastrakar,L Lee,0,0,0
South Africa,2,D van Niekerk,P Vastrakar,L Lee,2,0,2
South Africa,2,D van Niekerk,P Vastrakar,L Lee,1,0,1
South Africa,2,L Lee,P Vastrakar,D van Niekerk,0,0,0
South Africa,2,L Lee,P Vastrakar,D van Niekerk,0,0,0
South Africa,3,D van Niekerk,R Dhar,L Lee,4,0,4
South Africa,3,D van Niekerk,R Dhar,L Lee,1,0,1
South Africa,3,L Lee,R Dhar,D van Niekerk,1,0,1
South Africa,3,D van Niekerk,R Dhar,L Lee,0,0,0
South Africa,3,S Luus,R Dhar,L Lee,0,0,0
South Africa,3,S Luus,R Dhar,L Lee,1,0,1
South Africa,4,S Luus,S Pandey,L Lee,0,0,0
South Africa,4,S Luus,S Pandey,L Lee,0,0,0
South Africa,4,S Luus,S Pandey,L Lee,0,0,0
South Africa,4,S Luus,S Pandey,L Lee,0,1,1
South Africa,4,S Luus,S Pandey,L Lee,0,0,0
South Africa,4,S Luus,S Pandey,L Lee,4,0,4
South Africa,4,S Luus,S Pandey,L Lee,0,0,0
South Africa,5,L Lee,R Dhar,M du Preez,1,0,1
South Africa,5,M du Preez,R Dhar,L Lee,1,0,1
South Africa,5,L Lee,R Dhar,M du Preez,0,0,0
South Africa,5,L Lee,R Dhar,M du Preez,0,0,0
South Africa,5,CL Tryon,R Dhar,M du Preez,1,0,1
South Africa,5,M du Preez,R Dhar,CL Tryon,1,0,1
South Africa,6,CL Tryon,P Vastrakar,M du Preez,0,1,1
South Africa,6,CL Tryon,P Vastrakar,M du Preez,0,0,0
South Africa,6,CL Tryon,P Vastrakar,M du Preez,1,0,1
South Africa,6,M du Preez,P Vastrakar,CL Tryon,0,0,0
South Africa,6,M du Preez,P Vastrakar,CL Tryon,4,0,4
South Africa,6,M du Preez,P Vastrakar,CL Tryon,4,0,4
South Africa,6,M du Preez,P Vastrakar,CL Tryon,1,0,1
South Africa,7,M du Preez,Poonam Yadav,CL Tryon,0,0,0
South Africa,7,M du Preez,Poonam Yadav,CL Tryon,1,0,1
South Africa,7,CL Tryon,Poonam Yadav,M du Preez,0,0,0
South Africa,7,CL Tryon,Poonam Yadav,M du Preez,0,0,0
South Africa,7,CL Tryon,Poonam Yadav,M du Preez,1,0,1
South Africa,7,M du Preez,Poonam Yadav,CL Tryon,1,0,1
South Africa,8,M du Preez,S Pandey,CL Tryon,4,0,4
South Africa,8,M du Preez,S Pandey,CL Tryon,0,0,0
South Africa,8,N de Klerk,S Pandey,CL Tryon,0,0,0
South Africa,8,N de Klerk,S Pandey,CL Tryon,4,0,4
South Africa,8,N de Klerk,S Pandey,CL Tryon,0,0,0
South Africa,8,M Kapp,S Pandey,CL Tryon,0,0,0
South Africa,9,CL Tryon,Poonam Yadav,M Kapp,2,0,2
South Africa,9,CL Tryon,Poonam Yadav,M Kapp,6,0,6
South Africa,9,CL Tryon,Poonam Yadav,M Kapp,0,1,1
South Africa,9,CL Tryon,Poonam Yadav,M Kapp,1,0,1
South Africa,9,M Kapp,Poonam Yadav,CL Tryon,1,0,1
South Africa,9,CL Tryon,Poonam Yadav,M Kapp,1,0,1
South Africa,9,M Kapp,Poonam Yadav,CL Tryon,0,0,0
South Africa,10,CL Tryon,R Dhar,M Kapp,1,0,1
South Africa,10,M Kapp,R Dhar,CL Tryon,1,0,1
South Africa,10,CL Tryon,R Dhar,M Kapp,2,0,2
South Africa,10,CL Tryon,R Dhar,M Kapp,6,0,6
South Africa,10,CL Tryon,R Dhar,M Kapp,2,0,2
South Africa,10,CL Tryon,R Dhar,M Kapp,0,0,0
South Africa,11,M Kapp,RS Gayakwad,CL Tryon,1,0,1
South Africa,11,CL Tryon,RS Gayakwad,M Kapp,1,0,1
South Africa,11,M Kapp,RS Gayakwad,CL Tryon,0,0,0
South Africa,11,M Kapp,RS Gayakwad,CL Tryon,1,0,1
South Africa,11,CL Tryon,RS Gayakwad,M Kapp,0,0,0
South Africa,11,M Kapp,RS Gayakwad,S Ismail,4,0,4
South Africa,12,S Ismail,Poonam Yadav,M Kapp,0,0,0
South Africa,12,S Ismail,Poonam Yadav,M Kapp,1,0,1
South Africa,12,M Kapp,Poonam Yadav,S Ismail,1,0,1
South Africa,12,S Ismail,Poonam Yadav,M Kapp,0,0,0
South Africa,12,S Ismail,Poonam Yadav,M Kapp,0,0,0
South Africa,12,S Ismail,Poonam Yadav,M Kapp,1,0,1
South Africa,13,S Ismail,H Kaur,M Kapp,0,0,0
South Africa,13,S Ismail,H Kaur,M Kapp,2,0,2
South Africa,13,S Ismail,H Kaur,M Kapp,1,0,1
South Africa,13,M Kapp,H Kaur,S Ismail,0,0,0
South Africa,13,M Kapp,H Kaur,S Ismail,1,0,1
South Africa,13,S Ismail,H Kaur,M Kapp,1,0,1
South Africa,14,S Ismail,RS Gayakwad,M Kapp,1,0,1
South Africa,14,M Kapp,RS Gayakwad,S Ismail,6,0,6
South Africa,14,M Kapp,RS Gayakwad,S Ismail,6,0,6
South Africa,14,M Kapp,RS Gayakwad,S Ismail,1,0,1
South Africa,14,S Ismail,RS Gayakwad,M Kapp,1,0,1
South Africa,14,M Kapp,RS Gayakwad,S Ismail,1,0,1
South Africa,15,M Kapp,Poonam Yadav,S Ismail,1,0,1
South Africa,15,S Ismail,Poonam Yadav,M Kapp,0,0,0
South Africa,15,M Klaas,Poonam Yadav,M Kapp,4,0,4
South Africa,15,M Klaas,Poonam Yadav,M Kapp,0,0,0
South Africa,15,M Klaas,Poonam Yadav,M Kapp,1,0,1
South Africa,15,M Kapp,Poonam Yadav,M Klaas,1,0,1
South Africa,16,M Kapp,R Dhar,M Klaas,0,0,0
South Africa,16,M Kapp,R Dhar,M Klaas,1,0,1
South Africa,16,M Klaas,R Dhar,M Kapp,1,0,1
South Africa,16,M Kapp,R Dhar,M Klaas,0,0,0
South Africa,16,M Kapp,R Dhar,M Klaas,0,0,0
South Africa,16,M Klaas,R Dhar,A Khaka,1,0,1
South Africa,17,M Klaas,RS Gayakwad,A Khaka,1,0,1
South Africa,17,A Khaka,RS Gayakwad,M Klaas,0,0,0
South Africa,17,A Khaka,RS Gayakwad,M Klaas,1,0,1
South Africa,17,M Klaas,RS Gayakwad,A Khaka,1,0,1
South Africa,17,A Khaka,RS Gayakwad,M Klaas,0,0,0
South Africa,17,M Klaas,RS Gayakwad,R Ntozakhe,0,0,0
