Team,Over,Batter,Bowler,Non_Striker,Batter_Runs,Extras,Total_Runs
New Zealand,0,SFM Devine,A Shrubsole,SW Bates,0,0,0
New Zealand,0,SFM Devine,A Shrubsole,SW Bates,0,1,1
New Zealand,0,SW Bates,A Shrubsole,SFM Devine,0,0,0
New Zealand,0,SW Bates,A Shrubsole,SFM Devine,0,0,0
New Zealand,0,SW Bates,A Shrubsole,SFM Devine,0,0,0
New Zealand,0,SW Bates,A Shrubsole,SFM Devine,0,4,4
New Zealand,1,SFM Devine,KH Brunt,SW Bates,1,0,1
New Zealand,1,SW Bates,KH Brunt,SFM Devine,1,0,1
New Zealand,1,SFM Devine,KH Brunt,SW Bates,4,0,4
New Zealand,1,SFM Devine,KH Brunt,SW Bates,0,0,0
New Zealand,1,SFM Devine,KH Brunt,SW Bates,4,0,4
New Zealand,1,SFM Devine,KH Brunt,SW Bates,0,0,0
New Zealand,2,SW Bates,KL George,SFM Devine,1,0,1
New Zealand,2,SFM Devine,KL George,SW Bates,0,0,0
New Zealand,2,SFM Devine,KL George,SW Bates,1,0,1
New Zealand,2,SW Bates,KL George,SFM Devine,0,0,0
New Zealand,2,SW Bates,KL George,SFM Devine,4,0,4
New Zealand,2,SW Bates,KL George,SFM Devine,4,0,4
New Zealand,3,SFM Devine,S Ecclestone,SW Bates,4,0,4
New Zealand,3,SFM Devine,S Ecclestone,SW Bates,1,0,1
New Zealand,3,SW Bates,S Ecclestone,SFM Devine,0,0,0
New Zealand,3,SW Bates,S Ecclestone,SFM Devine,4,0,4
New Zealand,3,SW Bates,S Ecclestone,SFM Devine,0,0,0
New Zealand,3,SW Bates,S Ecclestone,SFM Devine,4,0,4
New Zealand,4,SFM Devine,A Shrubsole,SW Bates,6,0,6
New Zealand,4,SFM Devine,A Shrubsole,SW Bates,0,0,0
New Zealand,4,SFM Devine,A Shrubsole,SW Bates,0,0,0
New Zealand,4,SFM Devine,A Shrubsole,SW Bates,0,0,0
New Zealand,4,SFM Devine,A Shrubsole,SW Bates,4,0,4
New Zealand,4,SFM Devine,A Shrubsole,SW Bates,6,0,6
New Zealand,5,SW Bates,KH Brunt,SFM Devine,0,0,0
New Zealand,5,SW Bates,KH Brunt,SFM Devine,1,0,1
New Zealand,5,SFM Devine,KH Brunt,SW Bates,0,0,0
New Zealand,5,KJ Martin,KH Brunt,SW Bates,2,0,2
New Zealand,5,KJ Martin,KH Brunt,SW Bates,0,0,0
New Zealand,5,AE Satterthwaite,KH Brunt,SW Bates,0,0,0
New Zealand,6,SW Bates,KL George,AE Satterthwaite,0,0,0
New Zealand,6,SW Bates,KL George,AE Satterthwaite,1,0,1
New Zealand,6,AE Satterthwaite,KL George,SW Bates,0,0,0
New Zealand,6,AE Satterthwaite,KL George,SW Bates,1,0,1
New Zealand,6,SW Bates,KL George,AE Satterthwaite,1,0,1
New Zealand,6,AE Satterthwaite,KL George,SW Bates,4,0,4
New Zealand,7,SW Bates,D Hazell,AE Satterthwaite,2,0,2
New Zealand,7,SW Bates,D Hazell,AE Satterthwaite,1,0,1
New Zealand,7,AE Satterthwaite,D Hazell,SW Bates,1,0,1
New Zealand,7,SW Bates,D Hazell,AE Satterthwaite,1,0,1
New Zealand,7,AE Satterthwaite,D Hazell,SW Bates,4,0,4
New Zealand,7,AE Satterthwaite,D Hazell,SW Bates,1,0,1
New Zealand,8,AE Satterthwaite,KL George,SW Bates,1,0,1
New Zealand,8,SW Bates,KL George,AE Satterthwaite,0,0,0
New Zealand,8,SW Bates,KL George,AE Satterthwaite,4,0,4
New Zealand,8,SW Bates,KL George,AE Satterthwaite,1,0,1
New Zealand,8,AE Satterthwaite,KL George,SW Bates,0,0,0
New Zealand,8,AE Satterthwaite,KL George,SW Bates,2,0,2
New Zealand,9,SW Bates,S Ecclestone,AE Satterthwaite,1,0,1
New Zealand,9,AE Satterthwaite,S Ecclestone,SW Bates,1,0,1
New Zealand,9,SW Bates,S Ecclestone,AE Satterthwaite,0,0,0
New Zealand,9,SW Bates,S Ecclestone,AE Satterthwaite,0,0,0
New Zealand,9,ML Green,S Ecclestone,AE Satterthwaite,0,0,0
New Zealand,9,ML Green,S Ecclestone,AE Satterthwaite,0,1,1
New Zealand,9,ML Green,S Ecclestone,AE Satterthwaite,1,0,1
New Zealand,10,ML Green,D Hazell,AE Satterthwaite,1,0,1
New Zealand,10,AE Satterthwaite,D Hazell,ML Green,0,0,0
New Zealand,10,AE Satterthwaite,D Hazell,ML Green,0,0,0
New Zealand,10,AE Satterthwaite,D Hazell,ML Green,1,0,1
New Zealand,10,ML Green,D Hazell,AE Satterthwaite,0,0,0
New Zealand,10,ML Green,D Hazell,AE Satterthwaite,1,0,1
New Zealand,11,ML Green,S Ecclestone,AE Satterthwaite,1,0,1
New Zealand,11,AE Satterthwaite,S Ecclestone,ML Green,1,0,1
New Zealand,11,ML Green,S Ecclestone,AE Satterthwaite,1,0,1
New Zealand,11,AE Satterthwaite,S Ecclestone,ML Green,0,0,0
New Zealand,11,AE Satterthwaite,S Ecclestone,ML Green,1,0,1
New Zealand,11,ML Green,S Ecclestone,AE Satterthwaite,1,0,1
New Zealand,12,ML Green,D Hazell,AE Satterthwaite,1,0,1
New Zealand,12,AE Satterthwaite,D Hazell,ML Green,0,0,0
New Zealand,12,AE Satterthwaite,D Hazell,ML Green,0,0,0
New Zealand,12,AE Satterthwaite,D Hazell,ML Green,1,0,1
New Zealand,12,ML Green,D Hazell,AE Satterthwaite,1,0,1
New Zealand,12,AE Satterthwaite,D Hazell,ML Green,0,0,0
New Zealand,13,ML Green,A Shrubsole,AC Kerr,0,0,0
New Zealand,13,JM Watkin,A Shrubsole,AC Kerr,0,0,0
New Zealand,13,JM Watkin,A Shrubsole,AC Kerr,0,0,0
New Zealand,13,JM Watkin,A Shrubsole,AC Kerr,1,0,1
New Zealand,13,AC Kerr,A Shrubsole,JM Watkin,0,0,0
New Zealand,13,AC Kerr,A Shrubsole,JM Watkin,0,0,0
New Zealand,14,JM Watkin,KL George,AC Kerr,4,0,4
New Zealand,14,JM Watkin,KL George,AC Kerr,0,0,0
New Zealand,14,JM Watkin,KL George,AC Kerr,0,0,0
New Zealand,14,JM Watkin,KL George,AC Kerr,0,0,0
New Zealand,14,AC Kerr,KL George,AM Peterson,2,0,2
New Zealand,14,AC Kerr,KL George,AM Peterson,0,0,0
New Zealand,15,AM Peterson,KH Brunt,AC Kerr,0,0,0
New Zealand,15,AM Peterson,KH Brunt,AC Kerr,4,0,4
New Zealand,15,AM Peterson,KH Brunt,AC Kerr,0,0,0
New Zealand,15,AM Peterson,KH Brunt,AC Kerr,0,0,0
New Zealand,15,AM Peterson,KH Brunt,AC Kerr,2,0,2
New Zealand,15,AM Peterson,KH Brunt,AC Kerr,0,0,0
New Zealand,16,AC Kerr,D Hazell,AM Peterson,1,0,1
New Zealand,16,AM Peterson,D Hazell,AC Kerr,0,0,0
New Zealand,16,AM Peterson,D Hazell,AC Kerr,1,0,1
New Zealand,16,AC Kerr,D Hazell,AM Peterson,1,0,1
New Zealand,16,AM Peterson,D Hazell,AC Kerr,0,0,0
New Zealand,16,LM Kasperek,D Hazell,AC Kerr,1,0,1
New Zealand,17,LM Kasperek,S Ecclestone,AC Kerr,0,0,0
New Zealand,17,LM Kasperek,S Ecclestone,AC Kerr,4,0,4
New Zealand,17,LM Kasperek,S Ecclestone,AC Kerr,0,0,0
New Zealand,17,LM Kasperek,S Ecclestone,AC Kerr,0,0,0
New Zealand,17,LM Kasperek,S Ecclestone,AC Kerr,0,0,0
New Zealand,17,LM Kasperek,S Ecclestone,AC Kerr,0,0,0
New Zealand,18,AC Kerr,A Shrubsole,HNK Jensen,1,0,1
New Zealand,18,HNK Jensen,A Shrubsole,AC Kerr,1,0,1
New Zealand,18,AC Kerr,A Shrubsole,HNK Jensen,4,0,4
New Zealand,18,AC Kerr,A Shrubsole,HNK Jensen,1,0,1
New Zealand,18,HNK Jensen,A Shrubsole,AC Kerr,2,0,2
New Zealand,18,HNK Jensen,A Shrubsole,AC Kerr,1,0,1
New Zealand,19,HNK Jensen,KH Brunt,AC Kerr,0,0,0
New Zealand,19,HNK Jensen,KH Brunt,AC Kerr,4,0,4
New Zealand,19,HNK Jensen,KH Brunt,AC Kerr,0,2,2
New Zealand,19,HNK Jensen,KH Brunt,AC Kerr,1,0,1
New Zealand,19,AC Kerr,KH Brunt,HNK Jensen,1,0,1
New Zealand,19,AC Kerr,KH Brunt,LMM Tahuhu,1,0,1
England,0,DN Wyatt,JM Watkin,TT Beaumont,0,0,0
England,0,DN Wyatt,JM Watkin,TT Beaumont,0,0,0
England,0,DN Wyatt,JM Watkin,TT Beaumont,0,0,0
England,0,DN Wyatt,JM Watkin,TT Beaumont,0,0,0
England,0,DN Wyatt,JM Watkin,TT Beaumont,4,0,4
England,0,DN Wyatt,JM Watkin,TT Beaumont,0,0,0
England,1,TT Beaumont,AM Peterson,DN Wyatt,2,0,2
England,1,TT Beaumont,AM Peterson,DN Wyatt,1,0,1
England,1,DN Wyatt,AM Peterson,TT Beaumont,1,0,1
England,1,TT Beaumont,AM Peterson,DN Wyatt,0,0,0
England,1,TT Beaumont,AM Peterson,DN Wyatt,4,0,4
England,1,TT Beaumont,AM Peterson,DN Wyatt,0,0,0
England,2,DN Wyatt,HNK Jensen,TT Beaumont,0,0,0
England,2,DN Wyatt,HNK Jensen,TT Beaumont,0,0,0
England,2,DN Wyatt,HNK Jensen,TT Beaumont,0,0,0
England,2,DN Wyatt,HNK Jensen,TT Beaumont,2,0,2
England,2,DN Wyatt,HNK Jensen,TT Beaumont,1,0,1
England,2,TT Beaumont,HNK Jensen,DN Wyatt,4,0,4
England,3,DN Wyatt,JM Watkin,TT Beaumont,0,0,0
England,3,DN Wyatt,JM Watkin,TT Beaumont,4,0,4
England,3,DN Wyatt,JM Watkin,TT Beaumont,1,0,1
England,3,TT Beaumont,JM Watkin,DN Wyatt,4,0,4
England,3,TT Beaumont,JM Watkin,DN Wyatt,4,0,4
England,3,TT Beaumont,JM Watkin,DN Wyatt,1,0,1
England,4,TT Beaumont,SFM Devine,DN Wyatt,0,0,0
England,4,TT Beaumont,SFM Devine,DN Wyatt,1,0,1
England,4,DN Wyatt,SFM Devine,TT Beaumont,1,0,1
England,4,TT Beaumont,SFM Devine,DN Wyatt,0,0,0
England,4,TT Beaumont,SFM Devine,DN Wyatt,0,0,0
England,4,TT Beaumont,SFM Devine,DN Wyatt,1,0,1
England,5,TT Beaumont,HNK Jensen,DN Wyatt,1,0,1
England,5,DN Wyatt,HNK Jensen,TT Beaumont,0,0,0
England,5,DN Wyatt,HNK Jensen,TT Beaumont,4,0,4
England,5,DN Wyatt,HNK Jensen,TT Beaumont,0,0,0
England,5,DN Wyatt,HNK Jensen,TT Beaumont,4,0,4
England,5,DN Wyatt,HNK Jensen,TT Beaumont,4,0,4
England,6,TT Beaumont,SFM Devine,DN Wyatt,1,0,1
England,6,DN Wyatt,SFM Devine,TT Beaumont,4,0,4
England,6,DN Wyatt,SFM Devine,TT Beaumont,4,0,4
England,6,DN Wyatt,SFM Devine,TT Beaumont,2,0,2
England,6,DN Wyatt,SFM Devine,TT Beaumont,1,0,1
England,6,TT Beaumont,SFM Devine,DN Wyatt,0,0,0
England,7,DN Wyatt,LM Kasperek,TT Beaumont,1,0,1
England,7,TT Beaumont,LM Kasperek,DN Wyatt,4,0,4
England,7,TT Beaumont,LM Kasperek,DN Wyatt,1,0,1
England,7,DN Wyatt,LM Kasperek,TT Beaumont,0,0,0
England,7,DN Wyatt,LM Kasperek,TT Beaumont,6,0,6
England,7,DN Wyatt,LM Kasperek,TT Beaumont,0,0,0
England,8,TT Beaumont,AC Kerr,DN Wyatt,1,0,1
England,8,DN Wyatt,AC Kerr,TT Beaumont,1,0,1
England,8,TT Beaumont,AC Kerr,DN Wyatt,0,0,0
England,8,TT Beaumont,AC Kerr,DN Wyatt,1,0,1
England,8,DN Wyatt,AC Kerr,TT Beaumont,0,0,0
England,8,DN Wyatt,AC Kerr,TT Beaumont,1,0,1
England,9,DN Wyatt,SW Bates,TT Beaumont,0,0,0
England,9,DN Wyatt,SW Bates,TT Beaumont,4,0,4
England,9,DN Wyatt,SW Bates,TT Beaumont,0,0,0
England,9,SJ Taylor,SW Bates,TT Beaumont,1,0,1
England,9,TT Beaumont,SW Bates,SJ Taylor,0,0,0
England,9,TT Beaumont,SW Bates,SJ Taylor,2,0,2
England,10,SJ Taylor,AC Kerr,TT Beaumont,0,0,0
England,10,SJ Taylor,AC Kerr,TT Beaumont,0,0,0
England,10,SJ Taylor,AC Kerr,TT Beaumont,0,0,0
England,10,SJ Taylor,AC Kerr,TT Beaumont,0,5,5
England,10,SJ Taylor,AC Kerr,TT Beaumont,1,0,1
England,10,TT Beaumont,AC Kerr,SJ Taylor,0,0,0
England,10,TT Beaumont,AC Kerr,SJ Taylor,0,0,0
England,11,SJ Taylor,SW Bates,TT Beaumont,4,0,4
England,11,SJ Taylor,SW Bates,TT Beaumont,4,0,4
England,11,SJ Taylor,SW Bates,TT Beaumont,1,0,1
England,11,TT Beaumont,SW Bates,SJ Taylor,0,0,0
England,11,TT Beaumont,SW Bates,SJ Taylor,0,0,0
England,11,TT Beaumont,SW Bates,SJ Taylor,1,0,1
England,12,TT Beaumont,AC Kerr,SJ Taylor,0,0,0
England,12,TT Beaumont,AC Kerr,SJ Taylor,0,0,0
England,12,TT Beaumont,AC Kerr,SJ Taylor,1,0,1
England,12,SJ Taylor,AC Kerr,TT Beaumont,1,0,1
England,12,TT Beaumont,AC Kerr,SJ Taylor,0,0,0
England,12,SJ Taylor,AC Kerr,NR Sciver,0,0,0
England,13,NR Sciver,LMM Tahuhu,HC Knight,0,1,1
England,13,NR Sciver,LMM Tahuhu,HC Knight,0,0,0
England,13,NR Sciver,LMM Tahuhu,HC Knight,1,0,1
England,13,HC Knight,LMM Tahuhu,NR Sciver,4,0,4
England,13,HC Knight,LMM Tahuhu,NR Sciver,4,0,4
England,13,HC Knight,LMM Tahuhu,NR Sciver,1,0,1
England,13,NR Sciver,LMM Tahuhu,HC Knight,4,0,4
England,14,HC Knight,AC Kerr,NR Sciver,1,0,1
England,14,NR Sciver,AC Kerr,HC Knight,4,0,4
England,14,NR Sciver,AC Kerr,HC Knight,1,0,1
England,14,HC Knight,AC Kerr,NR Sciver,2,0,2
England,14,HC Knight,AC Kerr,NR Sciver,1,0,1
England,14,NR Sciver,AC Kerr,HC Knight,1,0,1
England,15,NR Sciver,HNK Jensen,HC Knight,1,0,1
England,15,HC Knight,HNK Jensen,NR Sciver,1,0,1
England,15,NR Sciver,HNK Jensen,HC Knight,1,0,1
England,15,HC Knight,HNK Jensen,NR Sciver,0,0,0
England,15,HC Knight,HNK Jensen,NR Sciver,1,0,1
England,15,NR Sciver,HNK Jensen,HC Knight,1,0,1
England,16,NR Sciver,LM Kasperek,HC Knight,0,0,0
England,16,NR Sciver,LM Kasperek,HC Knight,1,0,1
England,16,HC Knight,LM Kasperek,NR Sciver,1,0,1
England,16,NR Sciver,LM Kasperek,HC Knight,1,0,1
England,16,HC Knight,LM Kasperek,NR Sciver,1,0,1
England,16,NR Sciver,LM Kasperek,HC Knight,1,0,1
England,17,NR Sciver,HNK Jensen,HC Knight,4,0,4
