Team,Over,Batter,Bowler,Non_Striker,Batter_Runs,Extras,Total_Runs
Pakistan,0,Fakhar Zaman,CB Sole,Ahmed Shehzad,0,0,0
Pakistan,0,Fakhar Zaman,CB Sole,Ahmed Shehzad,0,0,0
Pakistan,0,Fakhar Zaman,CB Sole,Ahmed Shehzad,4,0,4
Pakistan,0,Fakhar Zaman,CB Sole,Ahmed Shehzad,2,0,2
Pakistan,0,Fakhar Zaman,CB Sole,Ahmed Shehzad,2,0,2
Pakistan,0,Fakhar Zaman,CB Sole,Ahmed Shehzad,4,0,4
Pakistan,1,Ahmed Shehzad,SM Sharif,Fakhar Zaman,0,0,0
Pakistan,1,Ahmed Shehzad,SM Sharif,Fakhar Zaman,1,0,1
Pakistan,1,Fakhar Zaman,SM Sharif,Ahmed Shehzad,0,0,0
Pakistan,1,Fakhar Zaman,SM Sharif,Ahmed Shehzad,0,0,0
Pakistan,1,Fakhar Zaman,SM Sharif,Ahmed Shehzad,4,0,4
Pakistan,1,Fakhar Zaman,SM Sharif,Ahmed Shehzad,0,0,0
Pakistan,2,Ahmed Shehzad,CB Sole,Fakhar Zaman,4,0,4
Pakistan,2,Ahmed Shehzad,CB Sole,Fakhar Zaman,1,0,1
Pakistan,2,Fakhar Zaman,CB Sole,Ahmed Shehzad,0,0,0
Pakistan,2,Fakhar Zaman,CB Sole,Ahmed Shehzad,0,0,0
Pakistan,2,Fakhar Zaman,CB Sole,Ahmed Shehzad,4,0,4
Pakistan,2,Fakhar Zaman,CB Sole,Ahmed Shehzad,0,0,0
Pakistan,3,Ahmed Shehzad,AC Evans,Fakhar Zaman,0,0,0
Pakistan,3,Ahmed Shehzad,AC Evans,Fakhar Zaman,6,0,6
Pakistan,3,Ahmed Shehzad,AC Evans,Fakhar Zaman,0,0,0
Pakistan,3,Ahmed Shehzad,AC Evans,Fakhar Zaman,1,0,1
Pakistan,3,Fakhar Zaman,AC Evans,Ahmed Shehzad,0,1,1
Pakistan,3,Ahmed Shehzad,AC Evans,Fakhar Zaman,0,0,0
Pakistan,4,Fakhar Zaman,SM Sharif,Ahmed Shehzad,4,0,4
Pakistan,4,Fakhar Zaman,SM Sharif,Ahmed Shehzad,1,0,1
Pakistan,4,Ahmed Shehzad,SM Sharif,Fakhar Zaman,0,0,0
Pakistan,4,Ahmed Shehzad,SM Sharif,Fakhar Zaman,0,0,0
Pakistan,4,Ahmed Shehzad,SM Sharif,Fakhar Zaman,0,0,0
Pakistan,4,Ahmed Shehzad,SM Sharif,Fakhar Zaman,0,0,0
Pakistan,5,Fakhar Zaman,AC Evans,Ahmed Shehzad,4,0,4
Pakistan,5,Fakhar Zaman,AC Evans,Ahmed Shehzad,1,0,1
Pakistan,5,Ahmed Shehzad,AC Evans,Fakhar Zaman,6,0,6
Pakistan,5,Ahmed Shehzad,AC Evans,Fakhar Zaman,1,0,1
Pakistan,5,Fakhar Zaman,AC Evans,Ahmed Shehzad,0,1,1
Pakistan,5,Fakhar Zaman,AC Evans,Ahmed Shehzad,1,0,1
Pakistan,5,Ahmed Shehzad,AC Evans,Fakhar Zaman,1,0,1
Pakistan,6,Ahmed Shehzad,MRJ Watt,Fakhar Zaman,0,0,0
Pakistan,6,Ahmed Shehzad,MRJ Watt,Fakhar Zaman,2,0,2
Pakistan,6,Ahmed Shehzad,MRJ Watt,Fakhar Zaman,1,0,1
Pakistan,6,Fakhar Zaman,MRJ Watt,Ahmed Shehzad,1,0,1
Pakistan,6,Ahmed Shehzad,MRJ Watt,Fakhar Zaman,0,0,0
Pakistan,6,Ahmed Shehzad,MRJ Watt,Fakhar Zaman,0,1,1
Pakistan,6,Ahmed Shehzad,MRJ Watt,Fakhar Zaman,0,0,0
Pakistan,7,Fakhar Zaman,MA Leask,Ahmed Shehzad,1,0,1
Pakistan,7,Ahmed Shehzad,MA Leask,Fakhar Zaman,0,0,0
Pakistan,7,Hussain Talat,MA Leask,Fakhar Zaman,0,0,0
Pakistan,7,Hussain Talat,MA Leask,Fakhar Zaman,1,0,1
Pakistan,7,Fakhar Zaman,MA Leask,Hussain Talat,0,0,0
Pakistan,7,Fakhar Zaman,MA Leask,Hussain Talat,0,0,0
Pakistan,8,Hussain Talat,MRJ Watt,Fakhar Zaman,1,0,1
Pakistan,8,Fakhar Zaman,MRJ Watt,Hussain Talat,0,0,0
Pakistan,8,Sarfraz Ahmed,MRJ Watt,Hussain Talat,0,0,0
Pakistan,8,Sarfraz Ahmed,MRJ Watt,Hussain Talat,0,0,0
Pakistan,8,Sarfraz Ahmed,MRJ Watt,Hussain Talat,3,0,3
Pakistan,8,Hussain Talat,MRJ Watt,Sarfraz Ahmed,1,0,1
Pakistan,9,Hussain Talat,MA Leask,Sarfraz Ahmed,1,0,1
Pakistan,9,Sarfraz Ahmed,MA Leask,Hussain Talat,2,0,2
Pakistan,9,Sarfraz Ahmed,MA Leask,Hussain Talat,4,0,4
Pakistan,9,Sarfraz Ahmed,MA Leask,Hussain Talat,1,0,1
Pakistan,9,Hussain Talat,MA Leask,Sarfraz Ahmed,1,0,1
Pakistan,9,Sarfraz Ahmed,MA Leask,Hussain Talat,1,0,1
Pakistan,10,Sarfraz Ahmed,AC Evans,Hussain Talat,1,0,1
Pakistan,10,Hussain Talat,AC Evans,Sarfraz Ahmed,1,0,1
Pakistan,10,Sarfraz Ahmed,AC Evans,Hussain Talat,0,0,0
Pakistan,10,Sarfraz Ahmed,AC Evans,Hussain Talat,0,1,1
Pakistan,10,Sarfraz Ahmed,AC Evans,Hussain Talat,0,1,1
Pakistan,10,Sarfraz Ahmed,AC Evans,Hussain Talat,0,0,0
Pakistan,10,Sarfraz Ahmed,AC Evans,Hussain Talat,1,0,1
Pakistan,10,Hussain Talat,AC Evans,Sarfraz Ahmed,0,0,0
Pakistan,11,Sarfraz Ahmed,CB Sole,Hussain Talat,1,0,1
Pakistan,11,Hussain Talat,CB Sole,Sarfraz Ahmed,1,0,1
Pakistan,11,Sarfraz Ahmed,CB Sole,Hussain Talat,0,0,0
Pakistan,11,Hussain Talat,CB Sole,Shoaib Malik,1,0,1
Pakistan,11,Shoaib Malik,CB Sole,Hussain Talat,0,0,0
Pakistan,11,Shoaib Malik,CB Sole,Hussain Talat,0,0,0
Pakistan,12,Hussain Talat,MRJ Watt,Shoaib Malik,0,0,0
Pakistan,12,Hussain Talat,MRJ Watt,Shoaib Malik,4,0,4
Pakistan,12,Hussain Talat,MRJ Watt,Shoaib Malik,1,0,1
Pakistan,12,Shoaib Malik,MRJ Watt,Hussain Talat,1,0,1
Pakistan,12,Hussain Talat,MRJ Watt,Shoaib Malik,2,0,2
Pakistan,12,Hussain Talat,MRJ Watt,Shoaib Malik,1,0,1
Pakistan,13,Hussain Talat,MA Leask,Shoaib Malik,0,0,0
Pakistan,13,Hussain Talat,MA Leask,Shoaib Malik,0,1,1
Pakistan,13,Hussain Talat,MA Leask,Shoaib Malik,1,0,1
Pakistan,13,Shoaib Malik,MA Leask,Hussain Talat,0,1,1
Pakistan,13,Shoaib Malik,MA Leask,Hussain Talat,0,1,1
Pakistan,13,Shoaib Malik,MA Leask,Hussain Talat,1,0,1
Pakistan,13,Hussain Talat,MA Leask,Shoaib Malik,0,0,0
Pakistan,13,Asif Ali,MA Leask,Shoaib Malik,0,0,0
Pakistan,13,Asif Ali,MA Leask,Shoaib Malik,0,0,0
Pakistan,14,Shadab Khan,MRJ Watt,Shoaib Malik,0,0,0
Pakistan,14,Shadab Khan,MRJ Watt,Shoaib Malik,0,0,0
Pakistan,14,Shadab Khan,MRJ Watt,Shoaib Malik,1,0,1
Pakistan,14,Shoaib Malik,MRJ Watt,Shadab Khan,0,1,1
Pakistan,14,Shoaib Malik,MRJ Watt,Shadab Khan,3,0,3
Pakistan,14,Shadab Khan,MRJ Watt,Shoaib Malik,0,0,0
Pakistan,14,Shadab Khan,MRJ Watt,Shoaib Malik,1,0,1
Pakistan,15,Shadab Khan,MA Leask,Shoaib Malik,2,0,2
Pakistan,15,Shadab Khan,MA Leask,Shoaib Malik,2,0,2
Pakistan,15,Shadab Khan,MA Leask,Shoaib Malik,0,0,0
Pakistan,15,Shadab Khan,MA Leask,Shoaib Malik,1,0,1
Pakistan,15,Shoaib Malik,MA Leask,Shadab Khan,0,1,1
Pakistan,15,Shoaib Malik,MA Leask,Shadab Khan,2,0,2
Pakistan,15,Shoaib Malik,MA Leask,Shadab Khan,6,0,6
Pakistan,16,Shadab Khan,SM Sharif,Shoaib Malik,1,0,1
Pakistan,16,Shoaib Malik,SM Sharif,Shadab Khan,0,0,0
Pakistan,16,Shoaib Malik,SM Sharif,Shadab Khan,1,0,1
Pakistan,16,Shadab Khan,SM Sharif,Shoaib Malik,1,0,1
Pakistan,16,Shoaib Malik,SM Sharif,Shadab Khan,1,0,1
Pakistan,16,Shadab Khan,SM Sharif,Shoaib Malik,1,0,1
Pakistan,17,Shadab Khan,AC Evans,Shoaib Malik,0,1,1
Pakistan,17,Shadab Khan,AC Evans,Shoaib Malik,1,0,1
Pakistan,17,Shoaib Malik,AC Evans,Shadab Khan,0,0,0
Pakistan,17,Shoaib Malik,AC Evans,Shadab Khan,1,0,1
Pakistan,17,Shadab Khan,AC Evans,Shoaib Malik,4,0,4
Pakistan,17,Shadab Khan,AC Evans,Shoaib Malik,1,0,1
Pakistan,17,Shoaib Malik,AC Evans,Shadab Khan,1,0,1
Pakistan,18,Shoaib Malik,SM Sharif,Shadab Khan,6,0,6
Pakistan,18,Shoaib Malik,SM Sharif,Shadab Khan,6,0,6
Pakistan,18,Shoaib Malik,SM Sharif,Shadab Khan,4,0,4
Pakistan,18,Shoaib Malik,SM Sharif,Shadab Khan,1,0,1
Pakistan,18,Shadab Khan,SM Sharif,Shoaib Malik,1,0,1
Pakistan,18,Shoaib Malik,SM Sharif,Shadab Khan,1,0,1
Pakistan,19,Shoaib Malik,CB Sole,Shadab Khan,1,0,1
Pakistan,19,Shadab Khan,CB Sole,Shoaib Malik,0,0,0
Pakistan,19,Shoaib Malik,CB Sole,Faheem Ashraf,6,0,6
Pakistan,19,Shoaib Malik,CB Sole,Faheem Ashraf,1,0,1
Pakistan,19,Faheem Ashraf,CB Sole,Shoaib Malik,0,1,1
Pakistan,19,Shoaib Malik,CB Sole,Faheem Ashraf,6,0,6
Scotland,0,HG Munsey,Usman Shinwari,KJ Coetzer,0,0,0
Scotland,0,HG Munsey,Usman Shinwari,KJ Coetzer,0,0,0
Scotland,0,HG Munsey,Usman Shinwari,KJ Coetzer,0,0,0
Scotland,0,RD Berrington,Usman Shinwari,KJ Coetzer,0,0,0
Scotland,0,RD Berrington,Usman Shinwari,KJ Coetzer,0,0,0
Scotland,0,RD Berrington,Usman Shinwari,KJ Coetzer,1,0,1
Scotland,1,RD Berrington,Mohammad Nawaz (3),KJ Coetzer,0,0,0
Scotland,1,RD Berrington,Mohammad Nawaz (3),KJ Coetzer,0,0,0
Scotland,1,RD Berrington,Mohammad Nawaz (3),KJ Coetzer,4,0,4
Scotland,1,RD Berrington,Mohammad Nawaz (3),KJ Coetzer,6,0,6
Scotland,1,RD Berrington,Mohammad Nawaz (3),KJ Coetzer,1,0,1
Scotland,1,KJ Coetzer,Mohammad Nawaz (3),RD Berrington,0,0,0
Scotland,2,RD Berrington,Hasan Ali,KJ Coetzer,4,0,4
Scotland,2,RD Berrington,Hasan Ali,KJ Coetzer,1,0,1
Scotland,2,KJ Coetzer,Hasan Ali,RD Berrington,1,0,1
Scotland,2,RD Berrington,Hasan Ali,KJ Coetzer,2,0,2
Scotland,2,RD Berrington,Hasan Ali,KJ Coetzer,0,0,0
Scotland,2,RD Berrington,Hasan Ali,KJ Coetzer,1,0,1
Scotland,3,RD Berrington,Faheem Ashraf,KJ Coetzer,0,0,0
Scotland,3,RD Berrington,Faheem Ashraf,KJ Coetzer,0,0,0
Scotland,3,CS MacLeod,Faheem Ashraf,KJ Coetzer,1,0,1
Scotland,3,KJ Coetzer,Faheem Ashraf,CS MacLeod,0,0,0
Scotland,3,KJ Coetzer,Faheem Ashraf,CS MacLeod,0,1,1
Scotland,3,KJ Coetzer,Faheem Ashraf,CS MacLeod,0,0,0
Scotland,3,KJ Coetzer,Faheem Ashraf,CS MacLeod,0,0,0
Scotland,4,CS MacLeod,Usman Shinwari,KJ Coetzer,1,0,1
Scotland,4,KJ Coetzer,Usman Shinwari,CS MacLeod,0,0,0
Scotland,4,DE Budge,Usman Shinwari,CS MacLeod,1,0,1
Scotland,4,CS MacLeod,Usman Shinwari,DE Budge,1,0,1
Scotland,4,DE Budge,Usman Shinwari,CS MacLeod,0,0,0
Scotland,4,DE Budge,Usman Shinwari,CS MacLeod,0,0,0
Scotland,5,CS MacLeod,Faheem Ashraf,DE Budge,1,0,1
Scotland,5,DE Budge,Faheem Ashraf,CS MacLeod,1,0,1
Scotland,5,CS MacLeod,Faheem Ashraf,DE Budge,0,1,1
Scotland,5,CS MacLeod,Faheem Ashraf,DE Budge,0,0,0
Scotland,5,CS MacLeod,Faheem Ashraf,DE Budge,0,0,0
Scotland,5,CS MacLeod,Faheem Ashraf,DE Budge,0,0,0
Scotland,5,CS MacLeod,Faheem Ashraf,DE Budge,0,1,1
Scotland,6,CS MacLeod,Mohammad Nawaz (3),DE Budge,0,0,0
Scotland,6,CS MacLeod,Mohammad Nawaz (3),DE Budge,1,0,1
Scotland,6,DE Budge,Mohammad Nawaz (3),CS MacLeod,0,0,0
Scotland,6,DE Budge,Mohammad Nawaz (3),CS MacLeod,0,0,0
Scotland,6,DE Budge,Mohammad Nawaz (3),CS MacLeod,1,0,1
Scotland,6,CS MacLeod,Mohammad Nawaz (3),DE Budge,4,0,4
Scotland,7,DE Budge,Shadab Khan,CS MacLeod,1,0,1
Scotland,7,MA Leask,Shadab Khan,CS MacLeod,0,0,0
Scotland,7,MA Leask,Shadab Khan,CS MacLeod,1,0,1
Scotland,7,CS MacLeod,Shadab Khan,MA Leask,1,0,1
Scotland,7,MA Leask,Shadab Khan,CS MacLeod,1,0,1
Scotland,7,CS MacLeod,Shadab Khan,MA Leask,1,0,1
Scotland,8,CS MacLeod,Mohammad Nawaz (3),MA Leask,1,0,1
Scotland,8,MA Leask,Mohammad Nawaz (3),CS MacLeod,0,0,0
Scotland,8,MA Leask,Mohammad Nawaz (3),CS MacLeod,1,0,1
Scotland,8,CS MacLeod,Mohammad Nawaz (3),MA Leask,1,0,1
Scotland,8,MA Leask,Mohammad Nawaz (3),CS MacLeod,6,0,6
Scotland,8,MA Leask,Mohammad Nawaz (3),CS MacLeod,0,0,0
Scotland,9,CS MacLeod,Shadab Khan,MH Cross,1,0,1
Scotland,9,MH Cross,Shadab Khan,CS MacLeod,1,0,1
Scotland,9,CS MacLeod,Shadab Khan,MH Cross,1,0,1
Scotland,9,MH Cross,Shadab Khan,CS MacLeod,0,0,0
Scotland,9,MH Cross,Shadab Khan,CS MacLeod,1,0,1
Scotland,9,CS MacLeod,Shadab Khan,MH Cross,0,0,0
Scotland,10,MH Cross,Mohammad Nawaz (3),CS MacLeod,1,0,1
Scotland,10,CS MacLeod,Mohammad Nawaz (3),MH Cross,4,0,4
Scotland,10,CS MacLeod,Mohammad Nawaz (3),MH Cross,1,0,1
Scotland,10,MH Cross,Mohammad Nawaz (3),CS MacLeod,0,0,0
Scotland,10,MH Cross,Mohammad Nawaz (3),CS MacLeod,1,0,1
Scotland,10,CS MacLeod,Mohammad Nawaz (3),MH Cross,2,0,2
Scotland,11,MH Cross,Shadab Khan,CS MacLeod,1,0,1
Scotland,11,CS MacLeod,Shadab Khan,MH Cross,1,0,1
Scotland,11,MH Cross,Shadab Khan,CS MacLeod,0,0,0
Scotland,11,CS MacLeod,Shadab Khan,SM Sharif,0,0,0
Scotland,11,CS MacLeod,Shadab Khan,SM Sharif,1,0,1
Scotland,11,SM Sharif,Shadab Khan,CS MacLeod,1,0,1
Scotland,12,SM Sharif,Hasan Ali,CS MacLeod,0,0,0
Scotland,12,SM Sharif,Hasan Ali,CS MacLeod,2,0,2
Scotland,12,SM Sharif,Hasan Ali,CS MacLeod,0,0,0
Scotland,12,SM Sharif,Hasan Ali,CS MacLeod,6,0,6
Scotland,12,SM Sharif,Hasan Ali,CS MacLeod,0,0,0
Scotland,12,SM Sharif,Hasan Ali,CS MacLeod,1,0,1
Scotland,13,SM Sharif,Shadab Khan,CS MacLeod,0,0,0
Scotland,13,MRJ Watt,Shadab Khan,CS MacLeod,1,0,1
Scotland,13,CS MacLeod,Shadab Khan,MRJ Watt,1,0,1
Scotland,13,MRJ Watt,Shadab Khan,CS MacLeod,0,0,0
Scotland,13,CB Sole,Shadab Khan,CS MacLeod,4,0,4
Scotland,13,CB Sole,Shadab Khan,CS MacLeod,0,0,0
Scotland,14,CS MacLeod,Faheem Ashraf,CB Sole,0,0,0
Scotland,14,CS MacLeod,Faheem Ashraf,CB Sole,0,0,0
Scotland,14,AC Evans,Faheem Ashraf,CB Sole,0,0,0
Scotland,14,AC Evans,Faheem Ashraf,CB Sole,0,0,0
