Team,Over,Batter,Bowler,Non_Striker,Batter_Runs,Extras,Total_Runs
Sri Lanka,0,MD Gunathilaka,Abu Jayed,BKG Mendis,1,0,1
Sri Lanka,0,BKG Mendis,Abu Jayed,MD Gunathilaka,4,0,4
Sri Lanka,0,BKG Mendis,Abu Jayed,MD Gunathilaka,0,1,1
Sri Lanka,0,BKG Mendis,Abu Jayed,MD Gunathilaka,0,0,0
Sri Lanka,0,BKG Mendis,Abu Jayed,MD Gunathilaka,4,0,4
Sri Lanka,0,BKG Mendis,Abu Jayed,MD Gunathilaka,0,0,0
Sri Lanka,0,BKG Mendis,Abu Jayed,MD Gunathilaka,0,1,1
Sri Lanka,0,BKG Mendis,Abu Jayed,MD Gunathilaka,1,0,1
Sri Lanka,1,BKG Mendis,Nazmul Islam,MD Gunathilaka,1,0,1
Sri Lanka,1,MD Gunathilaka,Nazmul Islam,BKG Mendis,0,0,0
Sri Lanka,1,MD Gunathilaka,Nazmul Islam,BKG Mendis,0,0,0
Sri Lanka,1,MD Gunathilaka,Nazmul Islam,BKG Mendis,0,0,0
Sri Lanka,1,MD Gunathilaka,Nazmul Islam,BKG Mendis,0,1,1
Sri Lanka,1,MD Gunathilaka,Nazmul Islam,BKG Mendis,1,0,1
Sri Lanka,1,BKG Mendis,Nazmul Islam,MD Gunathilaka,0,0,0
Sri Lanka,2,MD Gunathilaka,Mahedi Hasan,BKG Mendis,1,0,1
Sri Lanka,2,BKG Mendis,Mahedi Hasan,MD Gunathilaka,2,0,2
Sri Lanka,2,BKG Mendis,Mahedi Hasan,MD Gunathilaka,1,0,1
Sri Lanka,2,MD Gunathilaka,Mahedi Hasan,BKG Mendis,0,0,0
Sri Lanka,2,MD Gunathilaka,Mahedi Hasan,BKG Mendis,6,0,6
Sri Lanka,2,MD Gunathilaka,Mahedi Hasan,BKG Mendis,0,0,0
Sri Lanka,3,BKG Mendis,Nazmul Islam,MD Gunathilaka,0,0,0
Sri Lanka,3,BKG Mendis,Nazmul Islam,MD Gunathilaka,0,0,0
Sri Lanka,3,BKG Mendis,Nazmul Islam,MD Gunathilaka,6,0,6
Sri Lanka,3,BKG Mendis,Nazmul Islam,MD Gunathilaka,1,0,1
Sri Lanka,3,MD Gunathilaka,Nazmul Islam,BKG Mendis,6,0,6
Sri Lanka,3,MD Gunathilaka,Nazmul Islam,BKG Mendis,1,0,1
Sri Lanka,4,MD Gunathilaka,Mustafizur Rahman,BKG Mendis,4,0,4
Sri Lanka,4,MD Gunathilaka,Mustafizur Rahman,BKG Mendis,1,0,1
Sri Lanka,4,BKG Mendis,Mustafizur Rahman,MD Gunathilaka,1,0,1
Sri Lanka,4,MD Gunathilaka,Mustafizur Rahman,BKG Mendis,1,0,1
Sri Lanka,4,BKG Mendis,Mustafizur Rahman,MD Gunathilaka,1,0,1
Sri Lanka,4,MD Gunathilaka,Mustafizur Rahman,BKG Mendis,0,0,0
Sri Lanka,5,BKG Mendis,Mahedi Hasan,MD Gunathilaka,4,0,4
Sri Lanka,5,BKG Mendis,Mahedi Hasan,MD Gunathilaka,4,0,4
Sri Lanka,5,BKG Mendis,Mahedi Hasan,MD Gunathilaka,0,1,1
Sri Lanka,5,MD Gunathilaka,Mahedi Hasan,BKG Mendis,0,0,0
Sri Lanka,5,MD Gunathilaka,Mahedi Hasan,BKG Mendis,1,0,1
Sri Lanka,5,BKG Mendis,Mahedi Hasan,MD Gunathilaka,6,0,6
Sri Lanka,6,MD Gunathilaka,Mohammad Saifuddin,BKG Mendis,0,0,0
Sri Lanka,6,MD Gunathilaka,Mohammad Saifuddin,BKG Mendis,4,0,4
Sri Lanka,6,MD Gunathilaka,Mohammad Saifuddin,BKG Mendis,1,0,1
Sri Lanka,6,BKG Mendis,Mohammad Saifuddin,MD Gunathilaka,2,0,2
Sri Lanka,6,BKG Mendis,Mohammad Saifuddin,MD Gunathilaka,1,0,1
Sri Lanka,6,MD Gunathilaka,Mohammad Saifuddin,BKG Mendis,2,0,2
Sri Lanka,7,BKG Mendis,Nazmul Islam,MD Gunathilaka,1,0,1
Sri Lanka,7,MD Gunathilaka,Nazmul Islam,BKG Mendis,1,0,1
Sri Lanka,7,BKG Mendis,Nazmul Islam,MD Gunathilaka,0,0,0
Sri Lanka,7,BKG Mendis,Nazmul Islam,MD Gunathilaka,1,0,1
Sri Lanka,7,MD Gunathilaka,Nazmul Islam,BKG Mendis,1,0,1
Sri Lanka,7,BKG Mendis,Nazmul Islam,MD Gunathilaka,2,0,2
Sri Lanka,8,MD Gunathilaka,Abu Jayed,BKG Mendis,0,1,1
Sri Lanka,8,BKG Mendis,Abu Jayed,MD Gunathilaka,4,0,4
Sri Lanka,8,BKG Mendis,Abu Jayed,MD Gunathilaka,1,0,1
Sri Lanka,8,MD Gunathilaka,Abu Jayed,BKG Mendis,0,0,0
Sri Lanka,8,MD Gunathilaka,Abu Jayed,BKG Mendis,0,0,0
Sri Lanka,8,MD Gunathilaka,Abu Jayed,BKG Mendis,1,0,1
Sri Lanka,9,MD Gunathilaka,Nazmul Islam,BKG Mendis,2,0,2
Sri Lanka,9,MD Gunathilaka,Nazmul Islam,BKG Mendis,0,0,0
Sri Lanka,9,MD Gunathilaka,Nazmul Islam,BKG Mendis,1,0,1
Sri Lanka,9,BKG Mendis,Nazmul Islam,MD Gunathilaka,1,0,1
Sri Lanka,9,MD Gunathilaka,Nazmul Islam,BKG Mendis,0,0,0
Sri Lanka,9,MD Gunathilaka,Nazmul Islam,BKG Mendis,1,0,1
Sri Lanka,10,MD Gunathilaka,Soumya Sarkar,BKG Mendis,1,0,1
Sri Lanka,10,BKG Mendis,Soumya Sarkar,MD Gunathilaka,1,0,1
Sri Lanka,10,MD Gunathilaka,Soumya Sarkar,BKG Mendis,4,0,4
Sri Lanka,10,MD Gunathilaka,Soumya Sarkar,BKG Mendis,0,0,0
Sri Lanka,10,MD Gunathilaka,Soumya Sarkar,BKG Mendis,0,1,1
Sri Lanka,10,MD Gunathilaka,Soumya Sarkar,BKG Mendis,0,0,0
Sri Lanka,10,MD Gunathilaka,Soumya Sarkar,BKG Mendis,0,0,0
Sri Lanka,11,NLTC Perera,Mohammad Saifuddin,BKG Mendis,1,0,1
Sri Lanka,11,BKG Mendis,Mohammad Saifuddin,NLTC Perera,4,0,4
Sri Lanka,11,BKG Mendis,Mohammad Saifuddin,NLTC Perera,2,0,2
Sri Lanka,11,BKG Mendis,Mohammad Saifuddin,NLTC Perera,1,0,1
Sri Lanka,11,NLTC Perera,Mohammad Saifuddin,BKG Mendis,1,0,1
Sri Lanka,11,BKG Mendis,Mohammad Saifuddin,NLTC Perera,1,0,1
Sri Lanka,12,BKG Mendis,Mustafizur Rahman,NLTC Perera,1,0,1
Sri Lanka,12,NLTC Perera,Mustafizur Rahman,BKG Mendis,0,0,0
Sri Lanka,12,NLTC Perera,Mustafizur Rahman,BKG Mendis,1,0,1
Sri Lanka,12,BKG Mendis,Mustafizur Rahman,NLTC Perera,1,0,1
Sri Lanka,12,NLTC Perera,Mustafizur Rahman,BKG Mendis,2,1,3
Sri Lanka,12,NLTC Perera,Mustafizur Rahman,BKG Mendis,4,0,4
Sri Lanka,12,NLTC Perera,Mustafizur Rahman,BKG Mendis,1,0,1
Sri Lanka,13,NLTC Perera,Soumya Sarkar,BKG Mendis,4,0,4
Sri Lanka,13,NLTC Perera,Soumya Sarkar,BKG Mendis,1,0,1
Sri Lanka,13,BKG Mendis,Soumya Sarkar,NLTC Perera,1,0,1
Sri Lanka,13,NLTC Perera,Soumya Sarkar,BKG Mendis,6,0,6
Sri Lanka,13,NLTC Perera,Soumya Sarkar,BKG Mendis,2,0,2
Sri Lanka,13,NLTC Perera,Soumya Sarkar,BKG Mendis,4,0,4
Sri Lanka,14,BKG Mendis,Mohammad Saifuddin,NLTC Perera,6,0,6
Sri Lanka,14,BKG Mendis,Mohammad Saifuddin,NLTC Perera,1,0,1
Sri Lanka,14,NLTC Perera,Mohammad Saifuddin,BKG Mendis,2,0,2
Sri Lanka,14,NLTC Perera,Mohammad Saifuddin,BKG Mendis,0,0,0
Sri Lanka,14,NLTC Perera,Mohammad Saifuddin,BKG Mendis,1,0,1
Sri Lanka,14,BKG Mendis,Mohammad Saifuddin,NLTC Perera,0,0,0
Sri Lanka,15,NLTC Perera,Abu Jayed,BKG Mendis,1,0,1
Sri Lanka,15,BKG Mendis,Abu Jayed,NLTC Perera,1,0,1
Sri Lanka,15,NLTC Perera,Abu Jayed,BKG Mendis,0,0,0
Sri Lanka,15,WU Tharanga,Abu Jayed,BKG Mendis,4,0,4
Sri Lanka,15,WU Tharanga,Abu Jayed,BKG Mendis,0,1,1
Sri Lanka,15,WU Tharanga,Abu Jayed,BKG Mendis,0,0,0
Sri Lanka,15,WU Tharanga,Abu Jayed,BKG Mendis,4,0,4
Sri Lanka,16,BKG Mendis,Mustafizur Rahman,WU Tharanga,1,0,1
Sri Lanka,16,WU Tharanga,Mustafizur Rahman,BKG Mendis,1,0,1
Sri Lanka,16,BKG Mendis,Mustafizur Rahman,WU Tharanga,0,0,0
Sri Lanka,16,WU Tharanga,Mustafizur Rahman,MD Shanaka,0,0,0
Sri Lanka,16,WU Tharanga,Mustafizur Rahman,MD Shanaka,0,0,0
Sri Lanka,16,WU Tharanga,Mustafizur Rahman,MD Shanaka,1,0,1
Sri Lanka,17,WU Tharanga,Abu Jayed,MD Shanaka,1,0,1
Sri Lanka,17,MD Shanaka,Abu Jayed,WU Tharanga,1,0,1
Sri Lanka,17,WU Tharanga,Abu Jayed,MD Shanaka,6,0,6
Sri Lanka,17,WU Tharanga,Abu Jayed,MD Shanaka,4,0,4
Sri Lanka,17,WU Tharanga,Abu Jayed,MD Shanaka,4,0,4
Sri Lanka,17,WU Tharanga,Abu Jayed,MD Shanaka,0,0,0
Sri Lanka,18,MD Shanaka,Mustafizur Rahman,WU Tharanga,4,0,4
Sri Lanka,18,MD Shanaka,Mustafizur Rahman,WU Tharanga,0,0,0
Sri Lanka,18,MD Shanaka,Mustafizur Rahman,WU Tharanga,4,0,4
Sri Lanka,18,MD Shanaka,Mustafizur Rahman,WU Tharanga,4,0,4
Sri Lanka,18,MD Shanaka,Mustafizur Rahman,WU Tharanga,4,0,4
Sri Lanka,18,MD Shanaka,Mustafizur Rahman,WU Tharanga,1,0,1
Sri Lanka,19,MD Shanaka,Mohammad Saifuddin,WU Tharanga,4,0,4
Sri Lanka,19,MD Shanaka,Mohammad Saifuddin,WU Tharanga,6,0,6
Sri Lanka,19,MD Shanaka,Mohammad Saifuddin,WU Tharanga,1,0,1
Sri Lanka,19,WU Tharanga,Mohammad Saifuddin,MD Shanaka,0,0,0
Sri Lanka,19,MD Shanaka,Mohammad Saifuddin,LD Chandimal,0,1,1
Sri Lanka,19,MD Shanaka,Mohammad Saifuddin,LD Chandimal,0,1,1
Sri Lanka,19,MD Shanaka,Mohammad Saifuddin,LD Chandimal,1,0,1
Sri Lanka,19,LD Chandimal,Mohammad Saifuddin,MD Shanaka,2,0,2
Bangladesh,0,Tamim Iqbal,DSK Madushanka,Soumya Sarkar,0,0,0
Bangladesh,0,Tamim Iqbal,DSK Madushanka,Soumya Sarkar,6,0,6
Bangladesh,0,Tamim Iqbal,DSK Madushanka,Soumya Sarkar,0,0,0
Bangladesh,0,Tamim Iqbal,DSK Madushanka,Soumya Sarkar,2,0,2
Bangladesh,0,Tamim Iqbal,DSK Madushanka,Soumya Sarkar,0,0,0
Bangladesh,0,Tamim Iqbal,DSK Madushanka,Soumya Sarkar,0,0,0
Bangladesh,1,Soumya Sarkar,A Dananjaya,Tamim Iqbal,0,0,0
Bangladesh,1,Soumya Sarkar,A Dananjaya,Tamim Iqbal,0,0,0
Bangladesh,1,Soumya Sarkar,A Dananjaya,Tamim Iqbal,0,0,0
Bangladesh,1,Soumya Sarkar,A Dananjaya,Tamim Iqbal,0,0,0
Bangladesh,1,Tamim Iqbal,A Dananjaya,Mushfiqur Rahim,0,0,0
Bangladesh,1,Tamim Iqbal,A Dananjaya,Mushfiqur Rahim,0,0,0
Bangladesh,2,Mushfiqur Rahim,DSK Madushanka,Tamim Iqbal,0,0,0
Bangladesh,2,Mushfiqur Rahim,DSK Madushanka,Tamim Iqbal,6,0,6
Bangladesh,2,Mushfiqur Rahim,DSK Madushanka,Tamim Iqbal,0,0,0
Bangladesh,2,Mohammad Mithun,DSK Madushanka,Tamim Iqbal,0,1,1
Bangladesh,2,Mohammad Mithun,DSK Madushanka,Tamim Iqbal,1,0,1
Bangladesh,2,Tamim Iqbal,DSK Madushanka,Mohammad Mithun,0,2,2
Bangladesh,2,Mohammad Mithun,DSK Madushanka,Tamim Iqbal,4,0,4
Bangladesh,2,Mohammad Mithun,DSK Madushanka,Tamim Iqbal,0,0,0
Bangladesh,3,Mahmudullah,A Dananjaya,Tamim Iqbal,1,0,1
Bangladesh,3,Tamim Iqbal,A Dananjaya,Mahmudullah,2,0,2
Bangladesh,3,Tamim Iqbal,A Dananjaya,Mahmudullah,0,0,0
Bangladesh,3,Tamim Iqbal,A Dananjaya,Mahmudullah,6,0,6
Bangladesh,3,Tamim Iqbal,A Dananjaya,Mahmudullah,0,0,0
Bangladesh,3,Tamim Iqbal,A Dananjaya,Mahmudullah,1,0,1
Bangladesh,4,Tamim Iqbal,DSK Madushanka,Mahmudullah,1,0,1
Bangladesh,4,Mahmudullah,MD Shanaka,Tamim Iqbal,0,0,0
Bangladesh,4,Mahmudullah,MD Shanaka,Tamim Iqbal,0,0,0
Bangladesh,4,Mahmudullah,MD Shanaka,Tamim Iqbal,0,1,1
Bangladesh,4,Mahmudullah,MD Shanaka,Tamim Iqbal,0,0,0
Bangladesh,4,Mahmudullah,MD Shanaka,Tamim Iqbal,0,0,0
Bangladesh,4,Mahmudullah,MD Shanaka,Tamim Iqbal,1,0,1
Bangladesh,5,Mahmudullah,A Dananjaya,Tamim Iqbal,0,0,0
Bangladesh,5,Mahmudullah,A Dananjaya,Tamim Iqbal,0,0,0
Bangladesh,5,Mahmudullah,A Dananjaya,Tamim Iqbal,1,0,1
Bangladesh,5,Tamim Iqbal,A Dananjaya,Mahmudullah,0,0,0
Bangladesh,5,Tamim Iqbal,A Dananjaya,Mahmudullah,4,0,4
Bangladesh,5,Tamim Iqbal,A Dananjaya,Mahmudullah,0,0,0
Bangladesh,6,Mahmudullah,NLTC Perera,Tamim Iqbal,2,0,2
Bangladesh,6,Mahmudullah,NLTC Perera,Tamim Iqbal,6,0,6
Bangladesh,6,Mahmudullah,NLTC Perera,Tamim Iqbal,0,1,1
Bangladesh,6,Mahmudullah,NLTC Perera,Tamim Iqbal,1,0,1
Bangladesh,6,Tamim Iqbal,NLTC Perera,Mahmudullah,0,0,0
Bangladesh,6,Tamim Iqbal,NLTC Perera,Mahmudullah,1,0,1
Bangladesh,6,Mahmudullah,NLTC Perera,Tamim Iqbal,2,0,2
Bangladesh,7,Tamim Iqbal,MA Aponso,Mahmudullah,0,0,0
Bangladesh,7,Tamim Iqbal,MA Aponso,Mahmudullah,4,0,4
Bangladesh,7,Tamim Iqbal,MA Aponso,Mahmudullah,2,0,2
Bangladesh,7,Tamim Iqbal,MA Aponso,Mahmudullah,0,0,0
Bangladesh,7,Mahmudullah,MA Aponso,Ariful Haque,1,0,1
Bangladesh,7,Ariful Haque,MA Aponso,Mahmudullah,1,0,1
Bangladesh,8,Ariful Haque,BMAJ Mendis,Mahmudullah,1,0,1
Bangladesh,8,Mahmudullah,BMAJ Mendis,Ariful Haque,4,0,4
Bangladesh,8,Mahmudullah,BMAJ Mendis,Ariful Haque,1,0,1
Bangladesh,8,Ariful Haque,BMAJ Mendis,Mahmudullah,0,1,1
Bangladesh,8,Ariful Haque,BMAJ Mendis,Mahmudullah,0,0,0
Bangladesh,8,Mohammad Saifuddin,BMAJ Mendis,Mahmudullah,0,0,0
Bangladesh,8,Mohammad Saifuddin,BMAJ Mendis,Mahmudullah,1,0,1
Bangladesh,9,Mohammad Saifuddin,MA Aponso,Mahmudullah,0,0,0
Bangladesh,9,Mohammad Saifuddin,MA Aponso,Mahmudullah,6,0,6
Bangladesh,9,Mohammad Saifuddin,MA Aponso,Mahmudullah,1,0,1
Bangladesh,9,Mahmudullah,MA Aponso,Mohammad Saifuddin,1,0,1
Bangladesh,9,Mohammad Saifuddin,MA Aponso,Mahmudullah,1,0,1
Bangladesh,9,Mahmudullah,MA Aponso,Mohammad Saifuddin,1,0,1
Bangladesh,10,Mahmudullah,I Udana,Mohammad Saifuddin,0,0,0
Bangladesh,10,Mahmudullah,I Udana,Mohammad Saifuddin,0,1,1
Bangladesh,10,Mahmudullah,I Udana,Mohammad Saifuddin,1,0,1
Bangladesh,10,Mohammad Saifuddin,I Udana,Mahmudullah,0,1,1
Bangladesh,10,Mohammad Saifuddin,I Udana,Mahmudullah,1,0,1
Bangladesh,10,Mahmudullah,I Udana,Mohammad Saifuddin,4,0,4
Bangladesh,10,Mahmudullah,I Udana,Mohammad Saifuddin,0,0,0
Bangladesh,10,Mahmudullah,I Udana,Mohammad Saifuddin,0,0,0
Bangladesh,11,Mohammad Saifuddin,A Dananjaya,Mahmudullah,0,0,0
Bangladesh,11,Mohammad Saifuddin,A Dananjaya,Mahmudullah,1,0,1
Bangladesh,11,Mahmudullah,A Dananjaya,Mohammad Saifuddin,1,0,1
Bangladesh,11,Mohammad Saifuddin,A Dananjaya,Mahmudullah,1,0,1
Bangladesh,11,Mahmudullah,A Dananjaya,Mohammad Saifuddin,1,0,1
Bangladesh,11,Mohammad Saifuddin,A Dananjaya,Mahmudullah,1,0,1
Bangladesh,12,Mohammad Saifuddin,NLTC Perera,Mahmudullah,4,0,4
Bangladesh,12,Mohammad Saifuddin,NLTC Perera,Mahmudullah,0,0,0
Bangladesh,12,Mohammad Saifuddin,NLTC Perera,Mahmudullah,0,0,0
Bangladesh,12,Mohammad Saifuddin,NLTC Perera,Mahmudullah,1,0,1
Bangladesh,12,Mahmudullah,NLTC Perera,Mohammad Saifuddin,2,0,2
Bangladesh,12,Mahmudullah,NLTC Perera,Mohammad Saifuddin,4,0,4
Bangladesh,13,Mohammad Saifuddin,MA Aponso,Mahmudullah,0,0,0
Bangladesh,13,Mohammad Saifuddin,MA Aponso,Mahmudullah,0,0,0
Bangladesh,13,Mohammad Saifuddin,MA Aponso,Mahmudullah,1,0,1
Bangladesh,13,Mahmudullah,MA Aponso,Mohammad Saifuddin,0,0,0
Bangladesh,13,Mahmudullah,MA Aponso,Mohammad Saifuddin,4,0,4
Bangladesh,13,Mahmudullah,MA Aponso,Mohammad Saifuddin,1,0,1
Bangladesh,14,Mahmudullah,I Udana,Mohammad Saifuddin,1,0,1
Bangladesh,14,Mohammad Saifuddin,I Udana,Mahmudullah,0,0,0
Bangladesh,14,Mohammad Saifuddin,I Udana,Mahedi Hasan,0,1,1
Bangladesh,14,Mohammad Saifuddin,I Udana,Mahedi Hasan,1,0,1
Bangladesh,14,Mahedi Hasan,I Udana,Mohammad Saifuddin,1,0,1
Bangladesh,14,Mohammad Saifuddin,I Udana,Mahedi Hasan,0,0,0
Bangladesh,14,Mustafizur Rahman,I Udana,Mahedi Hasan,0,0,0
Bangladesh,15,Mahedi Hasan,MA Aponso,Mustafizur Rahman,1,0,1
Bangladesh,15,Mustafizur Rahman,MA Aponso,Mahedi Hasan,1,0,1
Bangladesh,15,Mahedi Hasan,MA Aponso,Mustafizur Rahman,1,0,1
Bangladesh,15,Mustafizur Rahman,MA Aponso,Mahedi Hasan,4,0,4
Bangladesh,15,Mustafizur Rahman,MA Aponso,Mahedi Hasan,0,0,0
Bangladesh,15,Mustafizur Rahman,MA Aponso,Mahedi Hasan,0,0,0
Bangladesh,16,Mahedi Hasan,NLTC Perera,Mustafizur Rahman,1,0,1
Bangladesh,16,Mustafizur Rahman,NLTC Perera,Mahedi Hasan,0,1,1
Bangladesh,16,Mustafizur Rahman,NLTC Perera,Mahedi Hasan,1,0,1
Bangladesh,16,Mahedi Hasan,NLTC Perera,Mustafizur Rahman,0,0,0
Bangladesh,16,Mahedi Hasan,NLTC Perera,Mustafizur Rahman,0,0,0
Bangladesh,16,Mahedi Hasan,NLTC Perera,Mustafizur Rahman,2,0,2
Bangladesh,16,Mahedi Hasan,NLTC Perera,Mustafizur Rahman,4,0,4
Bangladesh,17,Mustafizur Rahman,MD Shanaka,Mahedi Hasan,1,0,1
Bangladesh,17,Mahedi Hasan,MD Shanaka,Mustafizur Rahman,1,0,1
Bangladesh,17,Mustafizur Rahman,MD Shanaka,Mahedi Hasan,1,0,1
Bangladesh,17,Mahedi Hasan,MD Shanaka,Mustafizur Rahman,0,0,0
Bangladesh,17,Mahedi Hasan,MD Shanaka,Mustafizur Rahman,0,0,0
Bangladesh,17,Abu Jayed,MD Shanaka,Mustafizur Rahman,0,0,0
Bangladesh,18,Mustafizur Rahman,MD Gunathilaka,Abu Jayed,0,0,0
Bangladesh,18,Nazmul Islam,MD Gunathilaka,Abu Jayed,1,0,1
Bangladesh,18,Abu Jayed,MD Gunathilaka,Nazmul Islam,2,0,2
Bangladesh,18,Abu Jayed,MD Gunathilaka,Nazmul Islam,0,0,0
