Team,Over,Batter,Bowler,Non_Striker,Batter_Runs,Extras,Total_Runs
Australia,0,AJ Healy,NE Farrant,BL Mooney,0,0,0
Australia,0,AJ Healy,NE Farrant,BL Mooney,0,0,0
Australia,0,AJ Healy,NE Farrant,BL Mooney,1,0,1
Australia,0,BL Mooney,NE Farrant,AJ Healy,0,0,0
Australia,0,A Gardner,NE Farrant,AJ Healy,0,0,0
Australia,0,A Gardner,NE Farrant,AJ Healy,4,0,4
Australia,1,AJ Healy,S Ecclestone,A Gardner,0,0,0
Australia,1,AJ Healy,S Ecclestone,A Gardner,0,0,0
Australia,1,AJ Healy,S Ecclestone,A Gardner,0,0,0
Australia,1,AJ Healy,S Ecclestone,A Gardner,4,0,4
Australia,1,AJ Healy,S Ecclestone,A Gardner,1,0,1
Australia,1,A Gardner,S Ecclestone,AJ Healy,0,0,0
Australia,2,AJ Healy,NE Farrant,A Gardner,6,0,6
Australia,2,AJ Healy,NE Farrant,A Gardner,0,0,0
Australia,2,AJ Healy,NE Farrant,A Gardner,2,0,2
Australia,2,AJ Healy,NE Farrant,A Gardner,4,0,4
Australia,2,AJ Healy,NE Farrant,A Gardner,0,0,0
Australia,2,AJ Healy,NE Farrant,A Gardner,0,0,0
Australia,3,A Gardner,S Ecclestone,AJ Healy,0,0,0
Australia,3,A Gardner,S Ecclestone,AJ Healy,6,0,6
Australia,3,A Gardner,S Ecclestone,AJ Healy,0,0,0
Australia,3,A Gardner,S Ecclestone,AJ Healy,6,0,6
Australia,3,A Gardner,S Ecclestone,AJ Healy,0,0,0
Australia,3,A Gardner,S Ecclestone,AJ Healy,0,0,0
Australia,4,AJ Healy,NR Sciver,A Gardner,1,0,1
Australia,4,A Gardner,NR Sciver,AJ Healy,0,0,0
Australia,4,A Gardner,NR Sciver,AJ Healy,4,0,4
Australia,4,A Gardner,NR Sciver,AJ Healy,4,0,4
Australia,4,A Gardner,NR Sciver,AJ Healy,0,0,0
Australia,4,A Gardner,NR Sciver,AJ Healy,0,0,0
Australia,5,AJ Healy,D Hazell,A Gardner,0,0,0
Australia,5,AJ Healy,D Hazell,A Gardner,0,0,0
Australia,5,AJ Healy,D Hazell,A Gardner,4,0,4
Australia,5,AJ Healy,D Hazell,A Gardner,4,0,4
Australia,5,AJ Healy,D Hazell,A Gardner,1,0,1
Australia,5,A Gardner,D Hazell,AJ Healy,0,0,0
Australia,6,AJ Healy,NR Sciver,A Gardner,0,0,0
Australia,6,AJ Healy,NR Sciver,A Gardner,1,0,1
Australia,6,A Gardner,NR Sciver,AJ Healy,6,0,6
Australia,6,A Gardner,NR Sciver,AJ Healy,2,0,2
Australia,6,A Gardner,NR Sciver,AJ Healy,0,0,0
Australia,6,A Gardner,NR Sciver,AJ Healy,1,0,1
Australia,7,A Gardner,JL Gunn,AJ Healy,0,0,0
Australia,7,AJ Healy,JL Gunn,MM Lanning,4,0,4
Australia,7,AJ Healy,JL Gunn,MM Lanning,0,0,0
Australia,7,EJ Villani,JL Gunn,MM Lanning,1,0,1
Australia,7,MM Lanning,JL Gunn,EJ Villani,0,0,0
Australia,7,MM Lanning,JL Gunn,EJ Villani,4,0,4
Australia,8,EJ Villani,D Hazell,MM Lanning,1,0,1
Australia,8,MM Lanning,D Hazell,EJ Villani,0,0,0
Australia,8,MM Lanning,D Hazell,EJ Villani,1,0,1
Australia,8,EJ Villani,D Hazell,MM Lanning,0,0,0
Australia,8,EJ Villani,D Hazell,MM Lanning,1,0,1
Australia,8,MM Lanning,D Hazell,EJ Villani,1,0,1
Australia,9,MM Lanning,JL Gunn,EJ Villani,0,0,0
Australia,9,MM Lanning,JL Gunn,EJ Villani,1,0,1
Australia,9,EJ Villani,JL Gunn,MM Lanning,1,0,1
Australia,9,MM Lanning,JL Gunn,EJ Villani,0,1,1
Australia,9,MM Lanning,JL Gunn,EJ Villani,0,1,1
Australia,9,MM Lanning,JL Gunn,EJ Villani,1,0,1
Australia,9,EJ Villani,JL Gunn,MM Lanning,0,0,0
Australia,9,EJ Villani,JL Gunn,MM Lanning,0,0,0
Australia,10,MM Lanning,S Ecclestone,EJ Villani,4,0,4
Australia,10,MM Lanning,S Ecclestone,EJ Villani,1,0,1
Australia,10,EJ Villani,S Ecclestone,MM Lanning,0,0,0
Australia,10,EJ Villani,S Ecclestone,MM Lanning,0,0,0
Australia,10,EJ Villani,S Ecclestone,MM Lanning,2,0,2
Australia,10,EJ Villani,S Ecclestone,MM Lanning,4,0,4
Australia,11,MM Lanning,AN Davidson-Richards,EJ Villani,4,0,4
Australia,11,MM Lanning,AN Davidson-Richards,EJ Villani,4,0,4
Australia,11,MM Lanning,AN Davidson-Richards,EJ Villani,4,0,4
Australia,11,MM Lanning,AN Davidson-Richards,EJ Villani,0,0,0
Australia,11,MM Lanning,AN Davidson-Richards,EJ Villani,4,0,4
Australia,11,MM Lanning,AN Davidson-Richards,EJ Villani,1,0,1
Australia,12,MM Lanning,NE Farrant,EJ Villani,0,0,0
Australia,12,MM Lanning,NE Farrant,EJ Villani,0,0,0
Australia,12,MM Lanning,NE Farrant,EJ Villani,4,0,4
Australia,12,MM Lanning,NE Farrant,EJ Villani,0,0,0
Australia,12,MM Lanning,NE Farrant,EJ Villani,4,0,4
Australia,12,MM Lanning,NE Farrant,EJ Villani,4,0,4
Australia,13,EJ Villani,D Hazell,MM Lanning,0,0,0
Australia,13,EJ Villani,D Hazell,MM Lanning,4,0,4
Australia,13,EJ Villani,D Hazell,MM Lanning,4,0,4
Australia,13,EJ Villani,D Hazell,MM Lanning,4,0,4
Australia,13,EJ Villani,D Hazell,MM Lanning,1,0,1
Australia,13,MM Lanning,D Hazell,EJ Villani,4,0,4
Australia,14,EJ Villani,NR Sciver,MM Lanning,4,0,4
Australia,14,EJ Villani,NR Sciver,MM Lanning,4,0,4
Australia,14,EJ Villani,NR Sciver,MM Lanning,1,0,1
Australia,14,MM Lanning,NR Sciver,EJ Villani,1,0,1
Australia,14,EJ Villani,NR Sciver,MM Lanning,1,0,1
Australia,14,MM Lanning,NR Sciver,EJ Villani,1,0,1
Australia,15,MM Lanning,S Ecclestone,EJ Villani,0,0,0
Australia,15,MM Lanning,S Ecclestone,EJ Villani,4,0,4
Australia,15,MM Lanning,S Ecclestone,EJ Villani,0,0,0
Australia,15,MM Lanning,S Ecclestone,EJ Villani,4,0,4
Australia,15,MM Lanning,S Ecclestone,EJ Villani,4,0,4
Australia,15,MM Lanning,S Ecclestone,EJ Villani,1,0,1
Australia,16,MM Lanning,NR Sciver,EJ Villani,1,0,1
Australia,16,EJ Villani,NR Sciver,MM Lanning,1,0,1
Australia,16,MM Lanning,NR Sciver,EJ Villani,1,0,1
Australia,16,EJ Villani,NR Sciver,MM Lanning,1,0,1
Australia,16,MM Lanning,NR Sciver,EJ Villani,0,0,0
Australia,16,MM Lanning,NR Sciver,EJ Villani,4,0,4
Australia,17,EJ Villani,JL Gunn,MM Lanning,4,0,4
Australia,17,EJ Villani,JL Gunn,MM Lanning,2,0,2
Australia,17,EJ Villani,JL Gunn,MM Lanning,1,0,1
Australia,17,MM Lanning,JL Gunn,EJ Villani,4,0,4
Australia,17,MM Lanning,JL Gunn,EJ Villani,1,0,1
Australia,17,EJ Villani,JL Gunn,MM Lanning,2,0,2
Australia,18,MM Lanning,NE Farrant,EJ Villani,1,0,1
Australia,18,EJ Villani,NE Farrant,MM Lanning,4,0,4
Australia,18,EJ Villani,NE Farrant,MM Lanning,2,0,2
Australia,18,EJ Villani,NE Farrant,MM Lanning,1,0,1
Australia,18,MM Lanning,NE Farrant,EJ Villani,6,0,6
Australia,18,MM Lanning,NE Farrant,EJ Villani,1,0,1
Australia,19,MM Lanning,JL Gunn,EJ Villani,4,0,4
Australia,19,MM Lanning,JL Gunn,EJ Villani,0,1,1
Australia,19,MM Lanning,JL Gunn,EJ Villani,1,0,1
Australia,19,EJ Villani,JL Gunn,MM Lanning,0,0,0
Australia,19,MM Lanning,JL Gunn,RL Haynes,1,0,1
Australia,19,RL Haynes,JL Gunn,MM Lanning,1,0,1
Australia,19,MM Lanning,JL Gunn,RL Haynes,2,0,2
England,0,DN Wyatt,JL Jonassen,BF Smith,4,0,4
England,0,DN Wyatt,JL Jonassen,BF Smith,0,0,0
England,0,DN Wyatt,JL Jonassen,TT Beaumont,0,0,0
England,0,DN Wyatt,JL Jonassen,TT Beaumont,2,0,2
England,0,DN Wyatt,JL Jonassen,TT Beaumont,4,0,4
England,0,DN Wyatt,JL Jonassen,TT Beaumont,4,0,4
England,1,TT Beaumont,EA Perry,DN Wyatt,0,0,0
England,1,NR Sciver,EA Perry,DN Wyatt,0,0,0
England,1,NR Sciver,EA Perry,DN Wyatt,1,0,1
England,1,DN Wyatt,EA Perry,NR Sciver,1,0,1
England,1,NR Sciver,EA Perry,DN Wyatt,0,0,0
England,1,NR Sciver,EA Perry,DN Wyatt,0,0,0
England,2,DN Wyatt,ML Schutt,NR Sciver,1,0,1
England,2,NR Sciver,ML Schutt,DN Wyatt,0,0,0
England,2,NR Sciver,ML Schutt,DN Wyatt,1,0,1
England,2,DN Wyatt,ML Schutt,NR Sciver,0,0,0
England,2,DN Wyatt,ML Schutt,NR Sciver,0,0,0
England,2,DN Wyatt,ML Schutt,NR Sciver,1,0,1
England,3,DN Wyatt,EA Perry,NR Sciver,1,0,1
England,3,NR Sciver,EA Perry,DN Wyatt,4,0,4
England,3,NR Sciver,EA Perry,DN Wyatt,0,0,0
England,3,NR Sciver,EA Perry,DN Wyatt,0,0,0
England,3,NR Sciver,EA Perry,DN Wyatt,1,0,1
England,3,DN Wyatt,EA Perry,NR Sciver,4,1,5
England,3,DN Wyatt,EA Perry,NR Sciver,4,0,4
England,4,NR Sciver,DM Kimmince,DN Wyatt,0,0,0
England,4,NR Sciver,DM Kimmince,DN Wyatt,4,0,4
England,4,NR Sciver,DM Kimmince,DN Wyatt,1,0,1
England,4,DN Wyatt,DM Kimmince,NR Sciver,4,0,4
England,4,DN Wyatt,DM Kimmince,NR Sciver,4,0,4
England,4,DN Wyatt,DM Kimmince,NR Sciver,0,0,0
England,5,NR Sciver,ML Schutt,AE Jones,1,0,1
England,5,AE Jones,ML Schutt,NR Sciver,0,0,0
England,5,AE Jones,ML Schutt,NR Sciver,0,0,0
England,5,AE Jones,ML Schutt,NR Sciver,0,0,0
England,5,AE Jones,ML Schutt,NR Sciver,0,0,0
England,5,AE Jones,ML Schutt,NR Sciver,1,0,1
England,6,AE Jones,A Wellington,NR Sciver,0,0,0
England,6,AE Jones,A Wellington,NR Sciver,1,0,1
England,6,NR Sciver,A Wellington,AE Jones,4,0,4
England,6,NR Sciver,A Wellington,AE Jones,0,0,0
England,6,NR Sciver,A Wellington,AE Jones,0,0,0
England,6,NR Sciver,A Wellington,AE Jones,0,0,0
England,7,AE Jones,A Gardner,NR Sciver,1,0,1
England,7,NR Sciver,A Gardner,AE Jones,1,0,1
England,7,AE Jones,A Gardner,NR Sciver,1,0,1
England,7,NR Sciver,A Gardner,AE Jones,1,0,1
England,7,AE Jones,A Gardner,NR Sciver,2,0,2
England,7,AE Jones,A Gardner,NR Sciver,1,0,1
England,8,AE Jones,JL Jonassen,NR Sciver,2,0,2
England,8,AE Jones,JL Jonassen,NR Sciver,0,0,0
England,8,AE Jones,JL Jonassen,NR Sciver,1,0,1
England,8,NR Sciver,JL Jonassen,AE Jones,2,0,2
England,8,NR Sciver,JL Jonassen,AE Jones,1,0,1
England,8,AE Jones,JL Jonassen,NR Sciver,1,0,1
England,9,AE Jones,DM Kimmince,NR Sciver,2,0,2
England,9,AE Jones,DM Kimmince,NR Sciver,1,0,1
England,9,NR Sciver,DM Kimmince,AE Jones,2,0,2
England,9,NR Sciver,DM Kimmince,AE Jones,1,0,1
England,9,AE Jones,DM Kimmince,NR Sciver,0,0,0
England,9,AE Jones,DM Kimmince,NR Sciver,1,0,1
England,10,AE Jones,EA Perry,NR Sciver,4,0,4
England,10,AE Jones,EA Perry,NR Sciver,1,0,1
England,10,NR Sciver,EA Perry,AE Jones,0,1,1
England,10,NR Sciver,EA Perry,AE Jones,1,0,1
England,10,AE Jones,EA Perry,NR Sciver,4,0,4
England,10,AE Jones,EA Perry,NR Sciver,0,0,0
England,10,AE Jones,EA Perry,NR Sciver,1,0,1
England,11,AE Jones,JL Jonassen,NR Sciver,2,0,2
England,11,AE Jones,JL Jonassen,NR Sciver,2,0,2
England,11,AE Jones,JL Jonassen,NR Sciver,1,0,1
England,11,NR Sciver,JL Jonassen,AE Jones,2,0,2
England,11,NR Sciver,JL Jonassen,AE Jones,2,0,2
England,11,NR Sciver,JL Jonassen,AE Jones,2,0,2
England,12,AE Jones,A Gardner,NR Sciver,0,0,0
England,12,NR Sciver,A Gardner,FC Wilson,1,0,1
England,12,FC Wilson,A Gardner,NR Sciver,1,0,1
England,12,NR Sciver,A Gardner,FC Wilson,1,0,1
England,12,FC Wilson,A Gardner,NR Sciver,1,0,1
England,12,NR Sciver,A Gardner,FC Wilson,4,0,4
England,13,FC Wilson,DM Kimmince,NR Sciver,1,0,1
England,13,NR Sciver,DM Kimmince,FC Wilson,2,0,2
England,13,NR Sciver,DM Kimmince,FC Wilson,0,3,3
England,13,NR Sciver,DM Kimmince,FC Wilson,1,0,1
England,13,FC Wilson,DM Kimmince,NR Sciver,0,1,1
England,13,FC Wilson,DM Kimmince,NR Sciver,4,0,4
England,13,FC Wilson,DM Kimmince,NR Sciver,0,0,0
England,13,FC Wilson,DM Kimmince,NR Sciver,0,1,1
England,14,FC Wilson,JL Jonassen,NR Sciver,1,0,1
England,14,NR Sciver,JL Jonassen,FC Wilson,1,0,1
England,14,FC Wilson,JL Jonassen,NR Sciver,1,0,1
England,14,NR Sciver,JL Jonassen,FC Wilson,1,0,1
England,14,FC Wilson,JL Jonassen,NR Sciver,1,0,1
England,14,NR Sciver,JL Jonassen,FC Wilson,1,0,1
England,15,NR Sciver,EA Perry,FC Wilson,0,0,0
England,15,NR Sciver,EA Perry,FC Wilson,1,0,1
England,15,FC Wilson,EA Perry,NR Sciver,0,0,0
England,15,FC Wilson,EA Perry,NR Sciver,1,0,1
England,15,NR Sciver,EA Perry,FC Wilson,4,0,4
England,15,NR Sciver,EA Perry,FC Wilson,0,4,4
England,16,FC Wilson,A Gardner,NR Sciver,1,0,1
England,16,NR Sciver,A Gardner,FC Wilson,1,0,1
England,16,FC Wilson,A Gardner,NR Sciver,1,0,1
England,16,NR Sciver,A Gardner,FC Wilson,0,0,0
England,16,AN Davidson-Richards,A Gardner,FC Wilson,1,0,1
England,16,FC Wilson,A Gardner,AN Davidson-Richards,1,0,1
England,17,FC Wilson,ML Schutt,AN Davidson-Richards,0,0,0
England,17,AN Davidson-Richards,ML Schutt,JL Gunn,0,0,0
England,17,AN Davidson-Richards,ML Schutt,JL Gunn,0,0,0
England,17,AN Davidson-Richards,ML Schutt,JL Gunn,0,0,0
England,17,S Ecclestone,ML Schutt,JL Gunn,1,0,1
England,17,JL Gunn,ML Schutt,S Ecclestone,0,0,0
England,18,S Ecclestone,DM Kimmince,JL Gunn,1,0,1
England,18,JL Gunn,DM Kimmince,S Ecclestone,1,0,1
England,18,S Ecclestone,DM Kimmince,JL Gunn,0,0,0
England,18,D Hazell,DM Kimmince,JL Gunn,0,0,0
England,18,D Hazell,DM Kimmince,JL Gunn,1,0,1
England,18,JL Gunn,DM Kimmince,D Hazell,0,0,0
England,19,D Hazell,ML Schutt,JL Gunn,2,0,2
England,19,D Hazell,ML Schutt,JL Gunn,1,0,1
England,19,JL Gunn,ML Schutt,D Hazell,2,0,2
England,19,JL Gunn,ML Schutt,D Hazell,2,0,2
England,19,JL Gunn,ML Schutt,D Hazell,0,0,0
England,19,NE Farrant,ML Schutt,D Hazell,1,0,1
