Team,Over,Batter,Bowler,Non_Striker,Batter_Runs,Extras,Total_Runs
England,0,DN Wyatt,J Goswami,AE Jones,0,0,0
England,0,DN Wyatt,J Goswami,AE Jones,0,1,1
England,0,AE Jones,J Goswami,DN Wyatt,0,0,0
England,0,AE Jones,J Goswami,DN Wyatt,0,0,0
England,0,AE Jones,J Goswami,DN Wyatt,0,0,0
England,0,AE Jones,J Goswami,DN Wyatt,0,0,0
England,1,DN Wyatt,P Vastrakar,AE Jones,0,0,0
England,1,DN Wyatt,P Vastrakar,AE Jones,0,1,1
England,1,DN Wyatt,P Vastrakar,AE Jones,0,0,0
England,1,DN Wyatt,P Vastrakar,AE Jones,0,1,1
England,1,DN Wyatt,P Vastrakar,AE Jones,0,0,0
England,1,DN Wyatt,P Vastrakar,AE Jones,1,0,1
England,1,AE Jones,P Vastrakar,DN Wyatt,1,0,1
England,1,DN Wyatt,P Vastrakar,AE Jones,4,0,4
England,2,AE Jones,J Goswami,DN Wyatt,4,0,4
England,2,AE Jones,J Goswami,DN Wyatt,4,0,4
England,2,AE Jones,J Goswami,DN Wyatt,0,0,0
England,2,AE Jones,J Goswami,DN Wyatt,1,0,1
England,2,DN Wyatt,J Goswami,AE Jones,1,0,1
England,2,AE Jones,J Goswami,DN Wyatt,1,0,1
England,3,AE Jones,P Vastrakar,DN Wyatt,4,0,4
England,3,AE Jones,P Vastrakar,DN Wyatt,0,0,0
England,3,DN Wyatt,P Vastrakar,TT Beaumont,0,0,0
England,3,DN Wyatt,P Vastrakar,TT Beaumont,0,0,0
England,3,DN Wyatt,P Vastrakar,TT Beaumont,1,0,1
England,3,TT Beaumont,P Vastrakar,DN Wyatt,4,0,4
England,4,DN Wyatt,AA Patil,TT Beaumont,4,0,4
England,4,DN Wyatt,AA Patil,TT Beaumont,4,0,4
England,4,DN Wyatt,AA Patil,TT Beaumont,1,0,1
England,4,TT Beaumont,AA Patil,DN Wyatt,1,0,1
England,4,DN Wyatt,AA Patil,TT Beaumont,1,0,1
England,4,TT Beaumont,AA Patil,DN Wyatt,0,0,0
England,5,DN Wyatt,RP Yadav,TT Beaumont,0,0,0
England,5,DN Wyatt,RP Yadav,TT Beaumont,4,0,4
England,5,DN Wyatt,RP Yadav,TT Beaumont,2,0,2
England,5,DN Wyatt,RP Yadav,TT Beaumont,1,0,1
England,5,TT Beaumont,RP Yadav,DN Wyatt,1,0,1
England,5,DN Wyatt,RP Yadav,TT Beaumont,6,0,6
England,6,TT Beaumont,DB Sharma,DN Wyatt,1,0,1
England,6,DN Wyatt,DB Sharma,TT Beaumont,1,0,1
England,6,TT Beaumont,DB Sharma,DN Wyatt,2,0,2
England,6,TT Beaumont,DB Sharma,DN Wyatt,1,0,1
England,6,DN Wyatt,DB Sharma,TT Beaumont,0,0,0
England,6,NR Sciver,DB Sharma,TT Beaumont,1,0,1
England,7,NR Sciver,Poonam Yadav,TT Beaumont,1,0,1
England,7,TT Beaumont,Poonam Yadav,NR Sciver,0,0,0
England,7,TT Beaumont,Poonam Yadav,NR Sciver,0,0,0
England,7,NR Sciver,Poonam Yadav,HC Knight,1,0,1
England,7,HC Knight,Poonam Yadav,NR Sciver,0,0,0
England,7,HC Knight,Poonam Yadav,NR Sciver,1,0,1
England,8,HC Knight,DB Sharma,NR Sciver,1,0,1
England,8,NR Sciver,DB Sharma,HC Knight,1,0,1
England,8,HC Knight,DB Sharma,NR Sciver,1,0,1
England,8,NR Sciver,DB Sharma,HC Knight,2,0,2
England,8,NR Sciver,DB Sharma,HC Knight,4,0,4
England,8,NR Sciver,DB Sharma,HC Knight,1,0,1
England,9,NR Sciver,Poonam Yadav,HC Knight,0,0,0
England,9,NR Sciver,Poonam Yadav,HC Knight,1,0,1
England,9,HC Knight,Poonam Yadav,NR Sciver,0,0,0
England,9,HC Knight,Poonam Yadav,NR Sciver,0,0,0
England,9,HC Knight,Poonam Yadav,NR Sciver,1,0,1
England,9,NR Sciver,Poonam Yadav,HC Knight,2,0,2
England,10,HC Knight,AA Patil,NR Sciver,4,0,4
England,10,HC Knight,AA Patil,NR Sciver,1,0,1
England,10,NR Sciver,AA Patil,HC Knight,1,0,1
England,10,HC Knight,AA Patil,NR Sciver,1,0,1
England,10,NR Sciver,AA Patil,HC Knight,0,0,0
England,10,FC Wilson,AA Patil,HC Knight,1,0,1
England,11,FC Wilson,Poonam Yadav,HC Knight,0,0,0
England,11,FC Wilson,Poonam Yadav,HC Knight,4,0,4
England,11,FC Wilson,Poonam Yadav,HC Knight,0,0,0
England,11,FC Wilson,Poonam Yadav,HC Knight,1,0,1
England,11,HC Knight,Poonam Yadav,FC Wilson,1,0,1
England,11,FC Wilson,Poonam Yadav,HC Knight,0,0,0
England,12,HC Knight,RP Yadav,FC Wilson,0,0,0
England,12,AN Davidson-Richards,RP Yadav,FC Wilson,0,0,0
England,12,AN Davidson-Richards,RP Yadav,FC Wilson,1,0,1
England,12,FC Wilson,RP Yadav,AN Davidson-Richards,0,0,0
England,12,FC Wilson,RP Yadav,AN Davidson-Richards,0,0,0
England,12,FC Wilson,RP Yadav,AN Davidson-Richards,0,0,0
England,13,AN Davidson-Richards,Poonam Yadav,FC Wilson,1,0,1
England,13,FC Wilson,Poonam Yadav,AN Davidson-Richards,1,0,1
England,13,AN Davidson-Richards,Poonam Yadav,FC Wilson,0,0,0
England,13,AN Davidson-Richards,Poonam Yadav,FC Wilson,1,0,1
England,13,FC Wilson,Poonam Yadav,AN Davidson-Richards,1,0,1
England,13,AN Davidson-Richards,Poonam Yadav,FC Wilson,0,0,0
England,14,KL George,RP Yadav,FC Wilson,0,0,0
England,14,KL George,RP Yadav,FC Wilson,0,0,0
England,14,D Hazell,RP Yadav,FC Wilson,0,0,0
England,14,D Hazell,RP Yadav,FC Wilson,0,0,0
England,14,D Hazell,RP Yadav,FC Wilson,1,0,1
England,14,FC Wilson,RP Yadav,D Hazell,0,0,0
England,15,D Hazell,DB Sharma,FC Wilson,1,0,1
England,15,FC Wilson,DB Sharma,D Hazell,0,0,0
England,15,FC Wilson,DB Sharma,D Hazell,1,0,1
England,15,D Hazell,DB Sharma,FC Wilson,1,0,1
England,15,FC Wilson,DB Sharma,D Hazell,1,0,1
England,15,D Hazell,DB Sharma,FC Wilson,0,0,0
England,16,FC Wilson,AA Patil,D Hazell,1,0,1
England,16,D Hazell,AA Patil,FC Wilson,0,0,0
England,16,FC Wilson,AA Patil,NE Farrant,0,0,0
England,16,FC Wilson,AA Patil,NE Farrant,1,0,1
England,16,NE Farrant,AA Patil,FC Wilson,0,0,0
England,16,NE Farrant,AA Patil,FC Wilson,0,0,0
England,17,FC Wilson,DB Sharma,NE Farrant,0,0,0
England,17,FC Wilson,DB Sharma,NE Farrant,0,0,0
England,17,A Hartley,DB Sharma,NE Farrant,1,0,1
England,17,NE Farrant,DB Sharma,A Hartley,1,0,1
England,17,A Hartley,DB Sharma,NE Farrant,1,0,1
England,17,NE Farrant,DB Sharma,A Hartley,1,0,1
England,18,NE Farrant,AA Patil,A Hartley,0,0,0
England,18,NE Farrant,AA Patil,A Hartley,0,0,0
England,18,NE Farrant,AA Patil,A Hartley,0,0,0
England,18,NE Farrant,AA Patil,A Hartley,0,0,0
England,18,NE Farrant,AA Patil,A Hartley,0,0,0
India,0,M Raj,NE Farrant,S Mandhana,0,0,0
India,0,M Raj,NE Farrant,S Mandhana,0,5,5
India,0,M Raj,NE Farrant,S Mandhana,4,0,4
India,0,M Raj,NE Farrant,S Mandhana,0,0,0
India,0,M Raj,NE Farrant,S Mandhana,0,0,0
India,0,M Raj,NE Farrant,S Mandhana,0,0,0
India,0,M Raj,NE Farrant,S Mandhana,0,0,0
India,1,S Mandhana,KL George,M Raj,4,0,4
India,1,S Mandhana,KL George,M Raj,4,0,4
India,1,S Mandhana,KL George,M Raj,4,0,4
India,1,S Mandhana,KL George,M Raj,1,0,1
India,1,M Raj,KL George,S Mandhana,1,0,1
India,1,S Mandhana,KL George,M Raj,2,0,2
India,2,M Raj,NE Farrant,S Mandhana,0,0,0
India,2,M Raj,NE Farrant,S Mandhana,0,1,1
India,2,M Raj,NE Farrant,S Mandhana,0,0,0
India,2,M Raj,NE Farrant,S Mandhana,0,0,0
India,2,M Raj,NE Farrant,S Mandhana,0,1,1
India,2,M Raj,NE Farrant,S Mandhana,0,1,1
India,2,M Raj,NE Farrant,S Mandhana,0,1,1
India,2,M Raj,NE Farrant,S Mandhana,0,0,0
India,2,M Raj,NE Farrant,S Mandhana,0,0,0
India,2,M Raj,NE Farrant,S Mandhana,1,0,1
India,3,M Raj,D Hazell,S Mandhana,0,0,0
India,3,M Raj,D Hazell,S Mandhana,0,0,0
India,3,JI Rodrigues,D Hazell,S Mandhana,1,0,1
India,3,S Mandhana,D Hazell,JI Rodrigues,4,0,4
India,3,S Mandhana,D Hazell,JI Rodrigues,4,0,4
India,3,S Mandhana,D Hazell,JI Rodrigues,0,0,0
India,4,JI Rodrigues,HC Knight,S Mandhana,4,0,4
India,4,JI Rodrigues,HC Knight,S Mandhana,1,0,1
India,4,S Mandhana,HC Knight,JI Rodrigues,3,0,3
India,4,JI Rodrigues,HC Knight,S Mandhana,0,0,0
India,4,JI Rodrigues,HC Knight,S Mandhana,0,0,0
India,4,JI Rodrigues,HC Knight,S Mandhana,1,0,1
India,5,JI Rodrigues,D Hazell,S Mandhana,0,0,0
India,5,H Kaur,D Hazell,S Mandhana,0,0,0
India,5,H Kaur,D Hazell,S Mandhana,0,0,0
India,5,H Kaur,D Hazell,S Mandhana,0,0,0
India,5,H Kaur,D Hazell,S Mandhana,1,0,1
India,5,S Mandhana,D Hazell,H Kaur,0,0,0
India,6,H Kaur,A Hartley,S Mandhana,1,0,1
India,6,S Mandhana,A Hartley,H Kaur,0,0,0
India,6,S Mandhana,A Hartley,H Kaur,1,0,1
India,6,H Kaur,A Hartley,S Mandhana,0,0,0
India,6,H Kaur,A Hartley,S Mandhana,0,0,0
India,6,H Kaur,A Hartley,S Mandhana,0,0,0
India,7,S Mandhana,NR Sciver,H Kaur,1,0,1
India,7,H Kaur,NR Sciver,S Mandhana,1,0,1
India,7,S Mandhana,NR Sciver,H Kaur,0,0,0
India,7,S Mandhana,NR Sciver,H Kaur,1,0,1
India,7,H Kaur,NR Sciver,S Mandhana,1,0,1
India,7,S Mandhana,NR Sciver,H Kaur,0,0,0
India,8,H Kaur,A Hartley,S Mandhana,1,0,1
India,8,S Mandhana,A Hartley,H Kaur,1,0,1
India,8,H Kaur,A Hartley,S Mandhana,1,0,1
India,8,S Mandhana,A Hartley,H Kaur,1,0,1
India,8,H Kaur,A Hartley,S Mandhana,1,0,1
India,8,S Mandhana,A Hartley,H Kaur,1,0,1
India,9,S Mandhana,AN Davidson-Richards,H Kaur,6,0,6
India,9,S Mandhana,AN Davidson-Richards,H Kaur,1,0,1
India,9,H Kaur,AN Davidson-Richards,S Mandhana,0,0,0
India,9,H Kaur,AN Davidson-Richards,S Mandhana,0,0,0
India,9,H Kaur,AN Davidson-Richards,S Mandhana,1,0,1
India,9,S Mandhana,AN Davidson-Richards,H Kaur,0,1,1
India,9,S Mandhana,AN Davidson-Richards,H Kaur,0,1,1
India,9,S Mandhana,AN Davidson-Richards,H Kaur,0,0,0
India,10,H Kaur,DN Wyatt,S Mandhana,0,0,0
India,10,H Kaur,DN Wyatt,S Mandhana,0,0,0
India,10,H Kaur,DN Wyatt,S Mandhana,0,0,0
India,10,H Kaur,DN Wyatt,S Mandhana,0,0,0
India,10,H Kaur,DN Wyatt,S Mandhana,4,0,4
India,10,H Kaur,DN Wyatt,S Mandhana,0,0,0
India,11,S Mandhana,A Hartley,H Kaur,0,0,0
India,11,S Mandhana,A Hartley,H Kaur,0,0,0
India,11,S Mandhana,A Hartley,H Kaur,0,1,1
India,11,S Mandhana,A Hartley,H Kaur,1,0,1
India,11,H Kaur,A Hartley,S Mandhana,0,0,0
India,11,H Kaur,A Hartley,S Mandhana,1,0,1
India,11,S Mandhana,A Hartley,H Kaur,1,0,1
India,12,S Mandhana,DN Wyatt,H Kaur,0,0,0
India,12,S Mandhana,DN Wyatt,H Kaur,2,0,2
India,12,S Mandhana,DN Wyatt,H Kaur,0,0,0
India,12,S Mandhana,DN Wyatt,H Kaur,2,0,2
India,12,S Mandhana,DN Wyatt,H Kaur,1,0,1
India,12,H Kaur,DN Wyatt,S Mandhana,0,0,0
India,13,S Mandhana,D Hazell,H Kaur,4,0,4
India,13,S Mandhana,D Hazell,H Kaur,0,0,0
India,13,S Mandhana,D Hazell,H Kaur,1,0,1
India,13,H Kaur,D Hazell,S Mandhana,0,0,0
India,13,H Kaur,D Hazell,S Mandhana,1,0,1
India,13,S Mandhana,D Hazell,H Kaur,1,0,1
India,14,S Mandhana,NR Sciver,H Kaur,1,0,1
India,14,H Kaur,NR Sciver,S Mandhana,0,0,0
India,14,H Kaur,NR Sciver,S Mandhana,1,0,1
India,14,S Mandhana,NR Sciver,H Kaur,0,0,0
India,14,S Mandhana,NR Sciver,H Kaur,0,0,0
India,14,S Mandhana,NR Sciver,H Kaur,4,0,4
India,15,H Kaur,A Hartley,S Mandhana,1,0,1
India,15,S Mandhana,A Hartley,H Kaur,4,0,4
India,15,S Mandhana,A Hartley,H Kaur,1,0,1
India,15,H Kaur,A Hartley,S Mandhana,4,0,4
India,15,H Kaur,A Hartley,S Mandhana,0,1,1
