Team,Over,Batter,Bowler,Non_Striker,Batter_Runs,Extras,Total_Runs
Bangladesh,0,Tamim Iqbal,JD Unadkat,Soumya Sarkar,0,0,0
Bangladesh,0,Tamim Iqbal,JD Unadkat,Soumya Sarkar,1,0,1
Bangladesh,0,Soumya Sarkar,JD Unadkat,Tamim Iqbal,0,0,0
Bangladesh,0,Soumya Sarkar,JD Unadkat,Tamim Iqbal,1,0,1
Bangladesh,0,Tamim Iqbal,JD Unadkat,Soumya Sarkar,3,0,3
Bangladesh,0,Soumya Sarkar,JD Unadkat,Tamim Iqbal,1,0,1
Bangladesh,1,Soumya Sarkar,Washington Sundar,Tamim Iqbal,4,0,4
Bangladesh,1,Soumya Sarkar,Washington Sundar,Tamim Iqbal,0,0,0
Bangladesh,1,Soumya Sarkar,Washington Sundar,Tamim Iqbal,0,0,0
Bangladesh,1,Soumya Sarkar,Washington Sundar,Tamim Iqbal,0,0,0
Bangladesh,1,Soumya Sarkar,Washington Sundar,Tamim Iqbal,0,0,0
Bangladesh,1,Soumya Sarkar,Washington Sundar,Tamim Iqbal,0,0,0
Bangladesh,2,Tamim Iqbal,JD Unadkat,Soumya Sarkar,1,0,1
Bangladesh,2,Soumya Sarkar,JD Unadkat,Tamim Iqbal,6,0,6
Bangladesh,2,Soumya Sarkar,JD Unadkat,Tamim Iqbal,2,0,2
Bangladesh,2,Soumya Sarkar,JD Unadkat,Tamim Iqbal,0,1,1
Bangladesh,2,Soumya Sarkar,JD Unadkat,Tamim Iqbal,0,0,0
Bangladesh,2,Liton Das,JD Unadkat,Tamim Iqbal,1,0,1
Bangladesh,2,Tamim Iqbal,JD Unadkat,Liton Das,1,0,1
Bangladesh,3,Tamim Iqbal,Washington Sundar,Liton Das,0,0,0
Bangladesh,3,Tamim Iqbal,Washington Sundar,Liton Das,0,0,0
Bangladesh,3,Tamim Iqbal,Washington Sundar,Liton Das,0,0,0
Bangladesh,3,Tamim Iqbal,Washington Sundar,Liton Das,0,0,0
Bangladesh,3,Tamim Iqbal,Washington Sundar,Liton Das,1,0,1
Bangladesh,3,Liton Das,Washington Sundar,Tamim Iqbal,4,0,4
Bangladesh,4,Tamim Iqbal,SN Thakur,Liton Das,0,0,0
Bangladesh,4,Tamim Iqbal,SN Thakur,Liton Das,0,0,0
Bangladesh,4,Tamim Iqbal,SN Thakur,Liton Das,0,0,0
Bangladesh,4,Tamim Iqbal,SN Thakur,Liton Das,4,0,4
Bangladesh,4,Tamim Iqbal,SN Thakur,Liton Das,4,0,4
Bangladesh,4,Tamim Iqbal,SN Thakur,Liton Das,0,0,0
Bangladesh,5,Mushfiqur Rahim,YS Chahal,Liton Das,0,0,0
Bangladesh,5,Mushfiqur Rahim,YS Chahal,Liton Das,0,0,0
Bangladesh,5,Mushfiqur Rahim,YS Chahal,Liton Das,0,0,0
Bangladesh,5,Mushfiqur Rahim,YS Chahal,Liton Das,4,0,4
Bangladesh,5,Mushfiqur Rahim,YS Chahal,Liton Das,4,0,4
Bangladesh,5,Mushfiqur Rahim,YS Chahal,Liton Das,1,0,1
Bangladesh,6,Mushfiqur Rahim,V Shankar,Liton Das,1,0,1
Bangladesh,6,Liton Das,V Shankar,Mushfiqur Rahim,2,0,2
Bangladesh,6,Liton Das,V Shankar,Mushfiqur Rahim,1,0,1
Bangladesh,6,Mushfiqur Rahim,V Shankar,Liton Das,1,0,1
Bangladesh,6,Liton Das,V Shankar,Mushfiqur Rahim,2,0,2
Bangladesh,6,Liton Das,V Shankar,Mushfiqur Rahim,0,0,0
Bangladesh,7,Mushfiqur Rahim,YS Chahal,Liton Das,0,0,0
Bangladesh,7,Mushfiqur Rahim,YS Chahal,Liton Das,0,0,0
Bangladesh,7,Mushfiqur Rahim,YS Chahal,Liton Das,1,0,1
Bangladesh,7,Liton Das,YS Chahal,Mushfiqur Rahim,1,0,1
Bangladesh,7,Mushfiqur Rahim,YS Chahal,Liton Das,0,1,1
Bangladesh,7,Liton Das,YS Chahal,Mushfiqur Rahim,1,0,1
Bangladesh,8,Liton Das,V Shankar,Mushfiqur Rahim,4,0,4
Bangladesh,8,Liton Das,V Shankar,Mushfiqur Rahim,0,0,0
Bangladesh,8,Liton Das,V Shankar,Mushfiqur Rahim,1,0,1
Bangladesh,8,Mushfiqur Rahim,V Shankar,Liton Das,6,0,6
Bangladesh,8,Mushfiqur Rahim,V Shankar,Liton Das,0,0,0
Bangladesh,8,Mahmudullah,V Shankar,Liton Das,0,0,0
Bangladesh,9,Liton Das,YS Chahal,Mahmudullah,1,0,1
Bangladesh,9,Mahmudullah,YS Chahal,Liton Das,0,0,0
Bangladesh,9,Mahmudullah,YS Chahal,Liton Das,0,0,0
Bangladesh,9,Mahmudullah,YS Chahal,Liton Das,1,0,1
Bangladesh,9,Liton Das,YS Chahal,Mahmudullah,1,0,1
Bangladesh,9,Mahmudullah,YS Chahal,Liton Das,0,0,0
Bangladesh,10,Liton Das,V Shankar,Mahmudullah,0,0,0
Bangladesh,10,Liton Das,V Shankar,Mahmudullah,0,1,1
Bangladesh,10,Liton Das,V Shankar,Mahmudullah,0,1,1
Bangladesh,10,Liton Das,V Shankar,Mahmudullah,1,0,1
Bangladesh,10,Mahmudullah,V Shankar,Liton Das,0,0,0
Bangladesh,10,Mahmudullah,V Shankar,Liton Das,0,0,0
Bangladesh,10,Mahmudullah,V Shankar,Liton Das,0,0,0
Bangladesh,10,Liton Das,V Shankar,Sabbir Rahman,0,0,0
Bangladesh,11,Sabbir Rahman,Washington Sundar,Liton Das,0,0,0
Bangladesh,11,Sabbir Rahman,Washington Sundar,Liton Das,0,0,0
Bangladesh,11,Sabbir Rahman,Washington Sundar,Liton Das,1,0,1
Bangladesh,11,Liton Das,Washington Sundar,Sabbir Rahman,0,1,1
Bangladesh,11,Liton Das,Washington Sundar,Sabbir Rahman,0,0,0
Bangladesh,11,Liton Das,Washington Sundar,Sabbir Rahman,1,0,1
Bangladesh,11,Sabbir Rahman,Washington Sundar,Liton Das,0,0,0
Bangladesh,12,Liton Das,SN Thakur,Sabbir Rahman,2,0,2
Bangladesh,12,Liton Das,SN Thakur,Sabbir Rahman,1,0,1
Bangladesh,12,Sabbir Rahman,SN Thakur,Liton Das,1,0,1
Bangladesh,12,Liton Das,SN Thakur,Sabbir Rahman,0,0,0
Bangladesh,12,Liton Das,SN Thakur,Sabbir Rahman,1,0,1
Bangladesh,12,Sabbir Rahman,SN Thakur,Liton Das,0,1,1
Bangladesh,12,Sabbir Rahman,SN Thakur,Liton Das,4,0,4
Bangladesh,13,Liton Das,Washington Sundar,Sabbir Rahman,4,0,4
Bangladesh,13,Liton Das,Washington Sundar,Sabbir Rahman,1,0,1
Bangladesh,13,Sabbir Rahman,Washington Sundar,Liton Das,1,0,1
Bangladesh,13,Liton Das,Washington Sundar,Sabbir Rahman,2,0,2
Bangladesh,13,Liton Das,Washington Sundar,Sabbir Rahman,0,1,1
Bangladesh,13,Liton Das,Washington Sundar,Sabbir Rahman,1,0,1
Bangladesh,13,Sabbir Rahman,Washington Sundar,Liton Das,1,0,1
Bangladesh,14,Sabbir Rahman,V Shankar,Liton Das,1,0,1
Bangladesh,14,Liton Das,V Shankar,Sabbir Rahman,0,0,0
Bangladesh,14,Liton Das,V Shankar,Sabbir Rahman,1,0,1
Bangladesh,14,Sabbir Rahman,V Shankar,Liton Das,0,0,0
Bangladesh,14,Sabbir Rahman,V Shankar,Liton Das,2,0,2
Bangladesh,14,Sabbir Rahman,V Shankar,Liton Das,0,1,1
Bangladesh,14,Sabbir Rahman,V Shankar,Liton Das,0,1,1
Bangladesh,14,Sabbir Rahman,V Shankar,Liton Das,0,1,1
Bangladesh,14,Sabbir Rahman,V Shankar,Liton Das,4,0,4
Bangladesh,15,Liton Das,YS Chahal,Sabbir Rahman,0,0,0
Bangladesh,15,Sabbir Rahman,YS Chahal,Mehedi Hasan Miraz,0,0,0
Bangladesh,15,Sabbir Rahman,YS Chahal,Mehedi Hasan Miraz,1,0,1
Bangladesh,15,Mehedi Hasan Miraz,YS Chahal,Sabbir Rahman,1,0,1
Bangladesh,15,Sabbir Rahman,YS Chahal,Mehedi Hasan Miraz,1,0,1
Bangladesh,15,Mehedi Hasan Miraz,YS Chahal,Sabbir Rahman,1,0,1
Bangladesh,16,Mehedi Hasan Miraz,JD Unadkat,Sabbir Rahman,1,0,1
Bangladesh,16,Sabbir Rahman,JD Unadkat,Mehedi Hasan Miraz,4,0,4
Bangladesh,16,Sabbir Rahman,JD Unadkat,Mehedi Hasan Miraz,1,0,1
Bangladesh,16,Mehedi Hasan Miraz,JD Unadkat,Sabbir Rahman,0,1,1
Bangladesh,16,Mehedi Hasan Miraz,JD Unadkat,Sabbir Rahman,0,0,0
Bangladesh,16,Sabbir Rahman,JD Unadkat,Taskin Ahmed,1,0,1
Bangladesh,16,Taskin Ahmed,JD Unadkat,Sabbir Rahman,0,0,0
Bangladesh,17,Sabbir Rahman,SN Thakur,Taskin Ahmed,0,0,0
Bangladesh,17,Sabbir Rahman,SN Thakur,Taskin Ahmed,0,0,0
Bangladesh,17,Sabbir Rahman,SN Thakur,Taskin Ahmed,0,0,0
Bangladesh,17,Sabbir Rahman,SN Thakur,Taskin Ahmed,1,0,1
Bangladesh,17,Taskin Ahmed,SN Thakur,Sabbir Rahman,0,0,0
Bangladesh,17,Taskin Ahmed,SN Thakur,Sabbir Rahman,1,0,1
Bangladesh,18,Taskin Ahmed,JD Unadkat,Sabbir Rahman,4,0,4
Bangladesh,18,Taskin Ahmed,JD Unadkat,Sabbir Rahman,0,1,1
Bangladesh,18,Sabbir Rahman,JD Unadkat,Taskin Ahmed,6,0,6
Bangladesh,18,Sabbir Rahman,JD Unadkat,Taskin Ahmed,0,0,0
Bangladesh,18,Sabbir Rahman,JD Unadkat,Taskin Ahmed,0,1,1
Bangladesh,18,Sabbir Rahman,JD Unadkat,Taskin Ahmed,0,1,1
Bangladesh,18,Sabbir Rahman,JD Unadkat,Taskin Ahmed,0,0,0
Bangladesh,18,Rubel Hossain,JD Unadkat,Taskin Ahmed,0,0,0
Bangladesh,19,Taskin Ahmed,SN Thakur,Rubel Hossain,0,0,0
Bangladesh,19,Taskin Ahmed,SN Thakur,Rubel Hossain,1,0,1
Bangladesh,19,Taskin Ahmed,SN Thakur,Mustafizur Rahman,1,0,1
Bangladesh,19,Mustafizur Rahman,SN Thakur,Taskin Ahmed,0,0,0
Bangladesh,19,Mustafizur Rahman,SN Thakur,Taskin Ahmed,1,0,1
Bangladesh,19,Taskin Ahmed,SN Thakur,Mustafizur Rahman,0,1,1
Bangladesh,19,Taskin Ahmed,SN Thakur,Mustafizur Rahman,1,0,1
India,0,RG Sharma,Mustafizur Rahman,S Dhawan,1,0,1
India,0,S Dhawan,Mustafizur Rahman,RG Sharma,4,0,4
India,0,S Dhawan,Mustafizur Rahman,RG Sharma,2,0,2
India,0,S Dhawan,Mustafizur Rahman,RG Sharma,1,0,1
India,0,RG Sharma,Mustafizur Rahman,S Dhawan,1,0,1
India,0,S Dhawan,Mustafizur Rahman,RG Sharma,0,0,0
India,1,RG Sharma,Taskin Ahmed,S Dhawan,0,0,0
India,1,RG Sharma,Taskin Ahmed,S Dhawan,4,0,4
India,1,RG Sharma,Taskin Ahmed,S Dhawan,0,0,0
India,1,RG Sharma,Taskin Ahmed,S Dhawan,4,0,4
India,1,RG Sharma,Taskin Ahmed,S Dhawan,1,0,1
India,1,S Dhawan,Taskin Ahmed,RG Sharma,0,0,0
India,2,RG Sharma,Rubel Hossain,S Dhawan,4,0,4
India,2,RG Sharma,Rubel Hossain,S Dhawan,1,0,1
India,2,S Dhawan,Rubel Hossain,RG Sharma,1,0,1
India,2,RG Sharma,Rubel Hossain,S Dhawan,0,0,0
India,2,RG Sharma,Rubel Hossain,S Dhawan,0,1,1
India,2,RG Sharma,Rubel Hossain,S Dhawan,1,0,1
India,2,S Dhawan,Rubel Hossain,RG Sharma,1,0,1
India,3,S Dhawan,Mustafizur Rahman,RG Sharma,1,0,1
India,3,RG Sharma,Mustafizur Rahman,S Dhawan,0,0,0
India,3,RG Sharma,Mustafizur Rahman,S Dhawan,0,0,0
India,3,RR Pant,Mustafizur Rahman,S Dhawan,0,0,0
India,3,RR Pant,Mustafizur Rahman,S Dhawan,4,0,4
India,3,RR Pant,Mustafizur Rahman,S Dhawan,1,0,1
India,4,RR Pant,Mehedi Hasan Miraz,S Dhawan,0,0,0
India,4,RR Pant,Mehedi Hasan Miraz,S Dhawan,1,0,1
India,4,S Dhawan,Mehedi Hasan Miraz,RR Pant,4,0,4
India,4,S Dhawan,Mehedi Hasan Miraz,RR Pant,1,0,1
India,4,RR Pant,Mehedi Hasan Miraz,S Dhawan,0,0,0
India,4,RR Pant,Mehedi Hasan Miraz,S Dhawan,1,0,1
India,5,RR Pant,Rubel Hossain,S Dhawan,0,0,0
India,5,SK Raina,Rubel Hossain,S Dhawan,1,0,1
India,5,S Dhawan,Rubel Hossain,SK Raina,4,0,4
India,5,S Dhawan,Rubel Hossain,SK Raina,1,0,1
India,5,SK Raina,Rubel Hossain,S Dhawan,1,0,1
India,5,S Dhawan,Rubel Hossain,SK Raina,0,0,0
India,6,SK Raina,Mehedi Hasan Miraz,S Dhawan,0,0,0
India,6,SK Raina,Mehedi Hasan Miraz,S Dhawan,6,0,6
India,6,SK Raina,Mehedi Hasan Miraz,S Dhawan,1,0,1
India,6,S Dhawan,Mehedi Hasan Miraz,SK Raina,1,0,1
India,6,SK Raina,Mehedi Hasan Miraz,S Dhawan,0,0,0
India,6,SK Raina,Mehedi Hasan Miraz,S Dhawan,0,0,0
India,7,S Dhawan,Taskin Ahmed,SK Raina,6,0,6
India,7,S Dhawan,Taskin Ahmed,SK Raina,4,0,4
India,7,S Dhawan,Taskin Ahmed,SK Raina,0,0,0
India,7,S Dhawan,Taskin Ahmed,SK Raina,1,0,1
India,7,SK Raina,Taskin Ahmed,S Dhawan,1,0,1
India,7,S Dhawan,Taskin Ahmed,SK Raina,1,0,1
India,8,S Dhawan,Mehedi Hasan Miraz,SK Raina,1,0,1
India,8,SK Raina,Mehedi Hasan Miraz,S Dhawan,1,0,1
India,8,S Dhawan,Mehedi Hasan Miraz,SK Raina,0,1,1
India,8,SK Raina,Mehedi Hasan Miraz,S Dhawan,1,0,1
India,8,S Dhawan,Mehedi Hasan Miraz,SK Raina,1,0,1
India,8,SK Raina,Mehedi Hasan Miraz,S Dhawan,0,0,0
India,9,S Dhawan,Soumya Sarkar,SK Raina,0,0,0
India,9,S Dhawan,Soumya Sarkar,SK Raina,1,0,1
India,9,SK Raina,Soumya Sarkar,S Dhawan,0,1,1
India,9,SK Raina,Soumya Sarkar,S Dhawan,1,0,1
India,9,S Dhawan,Soumya Sarkar,SK Raina,1,0,1
India,9,SK Raina,Soumya Sarkar,S Dhawan,0,0,0
India,9,SK Raina,Soumya Sarkar,S Dhawan,4,0,4
India,10,S Dhawan,Mehedi Hasan Miraz,SK Raina,1,0,1
India,10,SK Raina,Mehedi Hasan Miraz,S Dhawan,0,0,0
India,10,SK Raina,Mehedi Hasan Miraz,S Dhawan,1,0,1
India,10,S Dhawan,Mehedi Hasan Miraz,SK Raina,0,0,0
India,10,S Dhawan,Mehedi Hasan Miraz,SK Raina,0,0,0
India,10,S Dhawan,Mehedi Hasan Miraz,SK Raina,0,0,0
India,11,SK Raina,Mustafizur Rahman,S Dhawan,1,0,1
India,11,S Dhawan,Mustafizur Rahman,SK Raina,1,0,1
India,11,SK Raina,Mustafizur Rahman,S Dhawan,1,0,1
India,11,S Dhawan,Mustafizur Rahman,SK Raina,1,0,1
India,11,SK Raina,Mustafizur Rahman,S Dhawan,0,0,0
India,11,SK Raina,Mustafizur Rahman,S Dhawan,1,0,1
India,12,SK Raina,Mahmudullah,S Dhawan,2,0,2
India,12,SK Raina,Mahmudullah,S Dhawan,1,0,1
India,12,S Dhawan,Mahmudullah,SK Raina,6,0,6
India,12,S Dhawan,Mahmudullah,SK Raina,1,0,1
India,12,SK Raina,Mahmudullah,S Dhawan,1,0,1
India,12,S Dhawan,Mahmudullah,SK Raina,0,0,0
India,13,SK Raina,Nazmul Islam,S Dhawan,1,0,1
India,13,S Dhawan,Nazmul Islam,SK Raina,4,0,4
India,13,S Dhawan,Nazmul Islam,SK Raina,0,1,1
India,13,SK Raina,Nazmul Islam,S Dhawan,1,0,1
India,13,S Dhawan,Nazmul Islam,SK Raina,1,0,1
India,13,SK Raina,Nazmul Islam,S Dhawan,1,0,1
India,14,SK Raina,Rubel Hossain,S Dhawan,0,0,0
India,14,MK Pandey,Rubel Hossain,S Dhawan,2,0,2
India,14,MK Pandey,Rubel Hossain,S Dhawan,1,0,1
India,14,S Dhawan,Rubel Hossain,MK Pandey,0,0,0
India,14,S Dhawan,Rubel Hossain,MK Pandey,1,0,1
India,14,MK Pandey,Rubel Hossain,S Dhawan,1,0,1
India,15,MK Pandey,Nazmul Islam,S Dhawan,1,0,1
India,15,S Dhawan,Nazmul Islam,MK Pandey,1,0,1
India,15,MK Pandey,Nazmul Islam,S Dhawan,0,0,0
India,15,MK Pandey,Nazmul Islam,S Dhawan,4,0,4
India,15,MK Pandey,Nazmul Islam,S Dhawan,1,0,1
India,15,S Dhawan,Nazmul Islam,MK Pandey,0,0,0
India,16,MK Pandey,Taskin Ahmed,S Dhawan,1,0,1
India,16,S Dhawan,Taskin Ahmed,MK Pandey,1,0,1
India,16,MK Pandey,Taskin Ahmed,S Dhawan,1,0,1
India,16,S Dhawan,Taskin Ahmed,MK Pandey,0,0,0
India,16,MK Pandey,Taskin Ahmed,KD Karthik,2,0,2
India,16,MK Pandey,Taskin Ahmed,KD Karthik,1,0,1
India,17,MK Pandey,Mustafizur Rahman,KD Karthik,4,0,4
India,17,MK Pandey,Mustafizur Rahman,KD Karthik,1,0,1
India,17,KD Karthik,Mustafizur Rahman,MK Pandey,1,0,1
India,17,MK Pandey,Mustafizur Rahman,KD Karthik,0,0,0
India,17,MK Pandey,Mustafizur Rahman,KD Karthik,4,0,4
India,17,MK Pandey,Mustafizur Rahman,KD Karthik,1,0,1
India,18,MK Pandey,Rubel Hossain,KD Karthik,1,0,1
India,18,KD Karthik,Rubel Hossain,MK Pandey,1,0,1
India,18,MK Pandey,Rubel Hossain,KD Karthik,0,0,0
India,18,MK Pandey,Rubel Hossain,KD Karthik,1,0,1
