Team,Over,Batter,Bowler,Non_Striker,Batter_Runs,Extras,Total_Runs
Sri Lanka,0,MD Gunathilaka,Taskin Ahmed,BKG Mendis,1,0,1
Sri Lanka,0,BKG Mendis,Taskin Ahmed,MD Gunathilaka,4,0,4
Sri Lanka,0,BKG Mendis,Taskin Ahmed,MD Gunathilaka,1,0,1
Sri Lanka,0,MD Gunathilaka,Taskin Ahmed,BKG Mendis,0,0,0
Sri Lanka,0,MD Gunathilaka,Taskin Ahmed,BKG Mendis,1,0,1
Sri Lanka,0,BKG Mendis,Taskin Ahmed,MD Gunathilaka,6,0,6
Sri Lanka,1,MD Gunathilaka,Mustafizur Rahman,BKG Mendis,2,0,2
Sri Lanka,1,MD Gunathilaka,Mustafizur Rahman,BKG Mendis,1,0,1
Sri Lanka,1,BKG Mendis,Mustafizur Rahman,MD Gunathilaka,2,0,2
Sri Lanka,1,BKG Mendis,Mustafizur Rahman,MD Gunathilaka,1,0,1
Sri Lanka,1,MD Gunathilaka,Mustafizur Rahman,BKG Mendis,4,0,4
Sri Lanka,1,MD Gunathilaka,Mustafizur Rahman,BKG Mendis,1,0,1
Sri Lanka,2,MD Gunathilaka,Rubel Hossain,BKG Mendis,4,0,4
Sri Lanka,2,MD Gunathilaka,Rubel Hossain,BKG Mendis,0,0,0
Sri Lanka,2,MD Gunathilaka,Rubel Hossain,BKG Mendis,0,0,0
Sri Lanka,2,MD Gunathilaka,Rubel Hossain,BKG Mendis,0,0,0
Sri Lanka,2,MD Gunathilaka,Rubel Hossain,BKG Mendis,1,0,1
Sri Lanka,2,BKG Mendis,Rubel Hossain,MD Gunathilaka,1,0,1
Sri Lanka,3,BKG Mendis,Taskin Ahmed,MD Gunathilaka,6,0,6
Sri Lanka,3,BKG Mendis,Taskin Ahmed,MD Gunathilaka,1,0,1
Sri Lanka,3,MD Gunathilaka,Taskin Ahmed,BKG Mendis,6,0,6
Sri Lanka,3,MD Gunathilaka,Taskin Ahmed,BKG Mendis,0,0,0
Sri Lanka,3,MD Gunathilaka,Taskin Ahmed,BKG Mendis,0,2,2
Sri Lanka,3,MD Gunathilaka,Taskin Ahmed,BKG Mendis,0,1,1
Sri Lanka,3,MD Gunathilaka,Taskin Ahmed,BKG Mendis,0,5,5
Sri Lanka,3,MD Gunathilaka,Taskin Ahmed,BKG Mendis,1,0,1
Sri Lanka,4,MD Gunathilaka,Mustafizur Rahman,BKG Mendis,0,0,0
Sri Lanka,4,MD Gunathilaka,Mustafizur Rahman,BKG Mendis,4,0,4
Sri Lanka,4,MD Gunathilaka,Mustafizur Rahman,BKG Mendis,0,0,0
Sri Lanka,4,MDKJ Perera,Mustafizur Rahman,BKG Mendis,1,0,1
Sri Lanka,4,BKG Mendis,Mustafizur Rahman,MDKJ Perera,0,1,1
Sri Lanka,4,BKG Mendis,Mustafizur Rahman,MDKJ Perera,0,0,0
Sri Lanka,4,BKG Mendis,Mustafizur Rahman,MDKJ Perera,4,0,4
Sri Lanka,5,MDKJ Perera,Rubel Hossain,BKG Mendis,0,0,0
Sri Lanka,5,MDKJ Perera,Rubel Hossain,BKG Mendis,0,0,0
Sri Lanka,5,MDKJ Perera,Rubel Hossain,BKG Mendis,4,0,4
Sri Lanka,5,MDKJ Perera,Rubel Hossain,BKG Mendis,0,0,0
Sri Lanka,5,MDKJ Perera,Rubel Hossain,BKG Mendis,4,0,4
Sri Lanka,5,MDKJ Perera,Rubel Hossain,BKG Mendis,0,0,0
Sri Lanka,6,BKG Mendis,Mehedi Hasan Miraz,MDKJ Perera,1,0,1
Sri Lanka,6,MDKJ Perera,Mehedi Hasan Miraz,BKG Mendis,0,0,0
Sri Lanka,6,MDKJ Perera,Mehedi Hasan Miraz,BKG Mendis,1,0,1
Sri Lanka,6,BKG Mendis,Mehedi Hasan Miraz,MDKJ Perera,0,0,0
Sri Lanka,6,BKG Mendis,Mehedi Hasan Miraz,MDKJ Perera,0,0,0
Sri Lanka,6,BKG Mendis,Mehedi Hasan Miraz,MDKJ Perera,1,0,1
Sri Lanka,7,BKG Mendis,Nazmul Islam,MDKJ Perera,1,0,1
Sri Lanka,7,MDKJ Perera,Nazmul Islam,BKG Mendis,2,0,2
Sri Lanka,7,MDKJ Perera,Nazmul Islam,BKG Mendis,1,0,1
Sri Lanka,7,BKG Mendis,Nazmul Islam,MDKJ Perera,1,0,1
Sri Lanka,7,MDKJ Perera,Nazmul Islam,BKG Mendis,1,0,1
Sri Lanka,7,BKG Mendis,Nazmul Islam,MDKJ Perera,2,0,2
Sri Lanka,8,MDKJ Perera,Mehedi Hasan Miraz,BKG Mendis,0,0,0
Sri Lanka,8,MDKJ Perera,Mehedi Hasan Miraz,BKG Mendis,1,0,1
Sri Lanka,8,BKG Mendis,Mehedi Hasan Miraz,MDKJ Perera,1,0,1
Sri Lanka,8,MDKJ Perera,Mehedi Hasan Miraz,BKG Mendis,1,0,1
Sri Lanka,8,BKG Mendis,Mehedi Hasan Miraz,MDKJ Perera,1,0,1
Sri Lanka,8,MDKJ Perera,Mehedi Hasan Miraz,BKG Mendis,1,0,1
Sri Lanka,9,MDKJ Perera,Nazmul Islam,BKG Mendis,1,0,1
Sri Lanka,9,BKG Mendis,Nazmul Islam,MDKJ Perera,6,0,6
Sri Lanka,9,BKG Mendis,Nazmul Islam,MDKJ Perera,1,0,1
Sri Lanka,9,MDKJ Perera,Nazmul Islam,BKG Mendis,2,0,2
Sri Lanka,9,MDKJ Perera,Nazmul Islam,BKG Mendis,2,0,2
Sri Lanka,9,MDKJ Perera,Nazmul Islam,BKG Mendis,0,0,0
Sri Lanka,10,BKG Mendis,Mehedi Hasan Miraz,MDKJ Perera,1,0,1
Sri Lanka,10,MDKJ Perera,Mehedi Hasan Miraz,BKG Mendis,6,0,6
Sri Lanka,10,MDKJ Perera,Mehedi Hasan Miraz,BKG Mendis,4,0,4
Sri Lanka,10,MDKJ Perera,Mehedi Hasan Miraz,BKG Mendis,1,0,1
Sri Lanka,10,BKG Mendis,Mehedi Hasan Miraz,MDKJ Perera,0,0,0
Sri Lanka,10,BKG Mendis,Mehedi Hasan Miraz,MDKJ Perera,1,0,1
Sri Lanka,11,BKG Mendis,Mustafizur Rahman,MDKJ Perera,6,0,6
Sri Lanka,11,BKG Mendis,Mustafizur Rahman,MDKJ Perera,1,0,1
Sri Lanka,11,MDKJ Perera,Mustafizur Rahman,BKG Mendis,1,0,1
Sri Lanka,11,BKG Mendis,Mustafizur Rahman,MDKJ Perera,1,0,1
Sri Lanka,11,MDKJ Perera,Mustafizur Rahman,BKG Mendis,2,0,2
Sri Lanka,11,MDKJ Perera,Mustafizur Rahman,BKG Mendis,1,0,1
Sri Lanka,12,MDKJ Perera,Soumya Sarkar,BKG Mendis,0,1,1
Sri Lanka,12,MDKJ Perera,Soumya Sarkar,BKG Mendis,1,0,1
Sri Lanka,12,BKG Mendis,Soumya Sarkar,MDKJ Perera,0,1,1
Sri Lanka,12,MDKJ Perera,Soumya Sarkar,BKG Mendis,0,1,1
Sri Lanka,12,MDKJ Perera,Soumya Sarkar,BKG Mendis,0,0,0
Sri Lanka,12,MDKJ Perera,Soumya Sarkar,BKG Mendis,4,0,4
Sri Lanka,12,MDKJ Perera,Soumya Sarkar,BKG Mendis,4,0,4
Sri Lanka,12,MDKJ Perera,Soumya Sarkar,BKG Mendis,0,0,0
Sri Lanka,13,BKG Mendis,Mahmudullah,MDKJ Perera,6,0,6
Sri Lanka,13,BKG Mendis,Mahmudullah,MDKJ Perera,0,0,0
Sri Lanka,13,MDKJ Perera,Mahmudullah,MD Shanaka,1,0,1
Sri Lanka,13,MD Shanaka,Mahmudullah,MDKJ Perera,0,0,0
Sri Lanka,13,MD Shanaka,Mahmudullah,MDKJ Perera,0,0,0
Sri Lanka,13,MDKJ Perera,Mahmudullah,LD Chandimal,1,0,1
Sri Lanka,14,MDKJ Perera,Taskin Ahmed,LD Chandimal,4,0,4
Sri Lanka,14,MDKJ Perera,Taskin Ahmed,LD Chandimal,1,0,1
Sri Lanka,14,LD Chandimal,Taskin Ahmed,MDKJ Perera,2,0,2
Sri Lanka,14,LD Chandimal,Taskin Ahmed,MDKJ Perera,0,0,0
Sri Lanka,14,LD Chandimal,Taskin Ahmed,MDKJ Perera,0,0,0
Sri Lanka,14,LD Chandimal,Taskin Ahmed,MDKJ Perera,0,0,0
Sri Lanka,15,WU Tharanga,Mahmudullah,MDKJ Perera,1,0,1
Sri Lanka,15,MDKJ Perera,Mahmudullah,WU Tharanga,1,0,1
Sri Lanka,15,WU Tharanga,Mahmudullah,MDKJ Perera,1,0,1
Sri Lanka,15,MDKJ Perera,Mahmudullah,WU Tharanga,1,0,1
Sri Lanka,15,WU Tharanga,Mahmudullah,MDKJ Perera,1,0,1
Sri Lanka,15,MDKJ Perera,Mahmudullah,WU Tharanga,2,0,2
Sri Lanka,16,WU Tharanga,Rubel Hossain,MDKJ Perera,1,0,1
Sri Lanka,16,MDKJ Perera,Rubel Hossain,WU Tharanga,1,0,1
Sri Lanka,16,WU Tharanga,Rubel Hossain,MDKJ Perera,4,0,4
Sri Lanka,16,WU Tharanga,Rubel Hossain,MDKJ Perera,6,0,6
Sri Lanka,16,WU Tharanga,Rubel Hossain,MDKJ Perera,4,0,4
Sri Lanka,16,WU Tharanga,Rubel Hossain,MDKJ Perera,1,0,1
Sri Lanka,17,WU Tharanga,Mehedi Hasan Miraz,MDKJ Perera,1,0,1
Sri Lanka,17,MDKJ Perera,Mehedi Hasan Miraz,WU Tharanga,4,0,4
Sri Lanka,17,MDKJ Perera,Mehedi Hasan Miraz,WU Tharanga,4,0,4
Sri Lanka,17,MDKJ Perera,Mehedi Hasan Miraz,WU Tharanga,0,0,0
Sri Lanka,17,MDKJ Perera,Mehedi Hasan Miraz,WU Tharanga,0,0,0
Sri Lanka,17,MDKJ Perera,Mehedi Hasan Miraz,WU Tharanga,1,0,1
Sri Lanka,18,MDKJ Perera,Rubel Hossain,WU Tharanga,6,0,6
Sri Lanka,18,MDKJ Perera,Rubel Hossain,WU Tharanga,0,0,0
Sri Lanka,18,MDKJ Perera,Rubel Hossain,WU Tharanga,1,0,1
Sri Lanka,18,WU Tharanga,Rubel Hossain,MDKJ Perera,4,0,4
Sri Lanka,18,WU Tharanga,Rubel Hossain,MDKJ Perera,2,0,2
Sri Lanka,18,WU Tharanga,Rubel Hossain,MDKJ Perera,1,0,1
Sri Lanka,19,WU Tharanga,Mustafizur Rahman,MDKJ Perera,0,1,1
Sri Lanka,19,WU Tharanga,Mustafizur Rahman,MDKJ Perera,4,0,4
Sri Lanka,19,WU Tharanga,Mustafizur Rahman,MDKJ Perera,0,2,2
Sri Lanka,19,MDKJ Perera,Mustafizur Rahman,WU Tharanga,0,0,0
Sri Lanka,19,WU Tharanga,Mustafizur Rahman,NLTC Perera,1,0,1
Sri Lanka,19,NLTC Perera,Mustafizur Rahman,WU Tharanga,0,0,0
Sri Lanka,19,WU Tharanga,Mustafizur Rahman,BMAJ Mendis,0,2,2
Sri Lanka,19,BMAJ Mendis,Mustafizur Rahman,WU Tharanga,6,0,6
Sri Lanka,19,BMAJ Mendis,Mustafizur Rahman,WU Tharanga,0,0,0
Bangladesh,0,Tamim Iqbal,PVD Chameera,Liton Das,0,0,0
Bangladesh,0,Tamim Iqbal,PVD Chameera,Liton Das,3,0,3
Bangladesh,0,Liton Das,PVD Chameera,Tamim Iqbal,0,1,1
Bangladesh,0,Tamim Iqbal,PVD Chameera,Liton Das,4,0,4
Bangladesh,0,Tamim Iqbal,PVD Chameera,Liton Das,1,0,1
Bangladesh,0,Liton Das,PVD Chameera,Tamim Iqbal,1,0,1
Bangladesh,1,Liton Das,A Dananjaya,Tamim Iqbal,0,0,0
Bangladesh,1,Liton Das,A Dananjaya,Tamim Iqbal,0,0,0
Bangladesh,1,Liton Das,A Dananjaya,Tamim Iqbal,0,0,0
Bangladesh,1,Liton Das,A Dananjaya,Tamim Iqbal,6,0,6
Bangladesh,1,Liton Das,A Dananjaya,Tamim Iqbal,0,0,0
Bangladesh,1,Liton Das,A Dananjaya,Tamim Iqbal,4,0,4
Bangladesh,2,Tamim Iqbal,N Pradeep,Liton Das,4,0,4
Bangladesh,2,Tamim Iqbal,N Pradeep,Liton Das,2,0,2
Bangladesh,2,Tamim Iqbal,N Pradeep,Liton Das,1,0,1
Bangladesh,2,Liton Das,N Pradeep,Tamim Iqbal,0,0,0
Bangladesh,2,Liton Das,N Pradeep,Tamim Iqbal,0,0,0
Bangladesh,2,Liton Das,N Pradeep,Tamim Iqbal,6,0,6
Bangladesh,3,Tamim Iqbal,A Dananjaya,Liton Das,4,0,4
Bangladesh,3,Tamim Iqbal,A Dananjaya,Liton Das,4,0,4
Bangladesh,3,Tamim Iqbal,A Dananjaya,Liton Das,0,1,1
Bangladesh,3,Tamim Iqbal,A Dananjaya,Liton Das,0,0,0
Bangladesh,3,Tamim Iqbal,A Dananjaya,Liton Das,0,0,0
Bangladesh,3,Tamim Iqbal,A Dananjaya,Liton Das,1,0,1
Bangladesh,3,Liton Das,A Dananjaya,Tamim Iqbal,6,0,6
Bangladesh,4,Tamim Iqbal,PVD Chameera,Liton Das,1,0,1
Bangladesh,4,Liton Das,PVD Chameera,Tamim Iqbal,4,0,4
Bangladesh,4,Liton Das,PVD Chameera,Tamim Iqbal,6,0,6
Bangladesh,4,Liton Das,PVD Chameera,Tamim Iqbal,0,1,1
Bangladesh,4,Liton Das,PVD Chameera,Tamim Iqbal,1,0,1
Bangladesh,4,Tamim Iqbal,PVD Chameera,Liton Das,1,0,1
Bangladesh,4,Liton Das,PVD Chameera,Tamim Iqbal,2,0,2
Bangladesh,5,Tamim Iqbal,N Pradeep,Liton Das,1,0,1
Bangladesh,5,Liton Das,N Pradeep,Tamim Iqbal,1,0,1
Bangladesh,5,Tamim Iqbal,N Pradeep,Liton Das,0,1,1
Bangladesh,5,Liton Das,N Pradeep,Tamim Iqbal,6,0,6
Bangladesh,5,Liton Das,N Pradeep,Tamim Iqbal,0,0,0
Bangladesh,5,Soumya Sarkar,N Pradeep,Tamim Iqbal,0,0,0
Bangladesh,6,Tamim Iqbal,MD Gunathilaka,Soumya Sarkar,0,0,0
Bangladesh,6,Tamim Iqbal,MD Gunathilaka,Soumya Sarkar,0,0,0
Bangladesh,6,Tamim Iqbal,MD Gunathilaka,Soumya Sarkar,4,0,4
Bangladesh,6,Tamim Iqbal,MD Gunathilaka,Soumya Sarkar,4,0,4
Bangladesh,6,Tamim Iqbal,MD Gunathilaka,Soumya Sarkar,0,0,0
Bangladesh,6,Tamim Iqbal,MD Gunathilaka,Soumya Sarkar,2,0,2
Bangladesh,7,Soumya Sarkar,NLTC Perera,Tamim Iqbal,1,0,1
Bangladesh,7,Tamim Iqbal,NLTC Perera,Soumya Sarkar,0,1,1
Bangladesh,7,Tamim Iqbal,NLTC Perera,Soumya Sarkar,1,0,1
Bangladesh,7,Soumya Sarkar,NLTC Perera,Tamim Iqbal,0,0,0
Bangladesh,7,Soumya Sarkar,NLTC Perera,Tamim Iqbal,1,0,1
Bangladesh,7,Tamim Iqbal,NLTC Perera,Soumya Sarkar,1,0,1
Bangladesh,7,Soumya Sarkar,NLTC Perera,Tamim Iqbal,0,0,0
Bangladesh,8,Tamim Iqbal,A Dananjaya,Soumya Sarkar,6,0,6
Bangladesh,8,Tamim Iqbal,A Dananjaya,Soumya Sarkar,1,0,1
Bangladesh,8,Soumya Sarkar,A Dananjaya,Tamim Iqbal,1,0,1
Bangladesh,8,Tamim Iqbal,A Dananjaya,Soumya Sarkar,0,0,0
Bangladesh,8,Tamim Iqbal,A Dananjaya,Soumya Sarkar,1,0,1
Bangladesh,8,Soumya Sarkar,A Dananjaya,Tamim Iqbal,1,0,1
Bangladesh,9,Soumya Sarkar,NLTC Perera,Tamim Iqbal,0,0,0
Bangladesh,9,Soumya Sarkar,NLTC Perera,Tamim Iqbal,1,0,1
Bangladesh,9,Tamim Iqbal,NLTC Perera,Soumya Sarkar,0,0,0
Bangladesh,9,Mushfiqur Rahim,NLTC Perera,Soumya Sarkar,1,0,1
Bangladesh,9,Soumya Sarkar,NLTC Perera,Mushfiqur Rahim,0,1,1
Bangladesh,9,Soumya Sarkar,NLTC Perera,Mushfiqur Rahim,0,0,0
Bangladesh,9,Soumya Sarkar,NLTC Perera,Mushfiqur Rahim,1,0,1
Bangladesh,10,Soumya Sarkar,BMAJ Mendis,Mushfiqur Rahim,1,0,1
Bangladesh,10,Mushfiqur Rahim,BMAJ Mendis,Soumya Sarkar,0,0,0
Bangladesh,10,Mushfiqur Rahim,BMAJ Mendis,Soumya Sarkar,4,0,4
Bangladesh,10,Mushfiqur Rahim,BMAJ Mendis,Soumya Sarkar,2,0,2
Bangladesh,10,Mushfiqur Rahim,BMAJ Mendis,Soumya Sarkar,1,0,1
Bangladesh,10,Soumya Sarkar,BMAJ Mendis,Mushfiqur Rahim,4,0,4
Bangladesh,11,Mushfiqur Rahim,MD Shanaka,Soumya Sarkar,1,0,1
Bangladesh,11,Soumya Sarkar,MD Shanaka,Mushfiqur Rahim,0,0,0
Bangladesh,11,Soumya Sarkar,MD Shanaka,Mushfiqur Rahim,1,0,1
Bangladesh,11,Mushfiqur Rahim,MD Shanaka,Soumya Sarkar,0,0,0
Bangladesh,11,Mushfiqur Rahim,MD Shanaka,Soumya Sarkar,6,0,6
Bangladesh,11,Mushfiqur Rahim,MD Shanaka,Soumya Sarkar,4,0,4
Bangladesh,12,Soumya Sarkar,MD Gunathilaka,Mushfiqur Rahim,0,0,0
Bangladesh,12,Soumya Sarkar,MD Gunathilaka,Mushfiqur Rahim,1,0,1
Bangladesh,12,Mushfiqur Rahim,MD Gunathilaka,Soumya Sarkar,6,0,6
Bangladesh,12,Mushfiqur Rahim,MD Gunathilaka,Soumya Sarkar,0,0,0
Bangladesh,12,Mushfiqur Rahim,MD Gunathilaka,Soumya Sarkar,1,0,1
Bangladesh,12,Soumya Sarkar,MD Gunathilaka,Mushfiqur Rahim,4,0,4
Bangladesh,13,Mushfiqur Rahim,PVD Chameera,Soumya Sarkar,2,0,2
Bangladesh,13,Mushfiqur Rahim,PVD Chameera,Soumya Sarkar,1,0,1
Bangladesh,13,Soumya Sarkar,PVD Chameera,Mushfiqur Rahim,6,0,6
Bangladesh,13,Soumya Sarkar,PVD Chameera,Mushfiqur Rahim,0,0,0
Bangladesh,13,Soumya Sarkar,PVD Chameera,Mushfiqur Rahim,1,0,1
Bangladesh,13,Mushfiqur Rahim,PVD Chameera,Soumya Sarkar,1,0,1
Bangladesh,14,Mushfiqur Rahim,N Pradeep,Soumya Sarkar,1,0,1
Bangladesh,14,Soumya Sarkar,N Pradeep,Mushfiqur Rahim,0,0,0
Bangladesh,14,Mushfiqur Rahim,N Pradeep,Mahmudullah,0,0,0
Bangladesh,14,Mushfiqur Rahim,N Pradeep,Mahmudullah,1,0,1
Bangladesh,14,Mahmudullah,N Pradeep,Mushfiqur Rahim,1,0,1
Bangladesh,14,Mushfiqur Rahim,N Pradeep,Mahmudullah,4,0,4
Bangladesh,15,Mahmudullah,NLTC Perera,Mushfiqur Rahim,2,0,2
Bangladesh,15,Mahmudullah,NLTC Perera,Mushfiqur Rahim,2,0,2
Bangladesh,15,Mahmudullah,NLTC Perera,Mushfiqur Rahim,0,1,1
Bangladesh,15,Mahmudullah,NLTC Perera,Mushfiqur Rahim,0,0,0
Bangladesh,15,Mahmudullah,NLTC Perera,Mushfiqur Rahim,2,0,2
Bangladesh,15,Mahmudullah,NLTC Perera,Mushfiqur Rahim,0,0,0
Bangladesh,15,Mahmudullah,NLTC Perera,Mushfiqur Rahim,6,1,7
Bangladesh,15,Mahmudullah,NLTC Perera,Mushfiqur Rahim,4,0,4
Bangladesh,16,Mushfiqur Rahim,BMAJ Mendis,Mahmudullah,1,0,1
Bangladesh,16,Mahmudullah,BMAJ Mendis,Mushfiqur Rahim,1,0,1
Bangladesh,16,Mushfiqur Rahim,BMAJ Mendis,Mahmudullah,2,0,2
Bangladesh,16,Mushfiqur Rahim,BMAJ Mendis,Mahmudullah,6,0,6
Bangladesh,16,Mushfiqur Rahim,BMAJ Mendis,Mahmudullah,1,0,1
Bangladesh,16,Mahmudullah,BMAJ Mendis,Mushfiqur Rahim,2,0,2
Bangladesh,17,Mushfiqur Rahim,PVD Chameera,Mahmudullah,4,0,4
Bangladesh,17,Mushfiqur Rahim,PVD Chameera,Mahmudullah,1,0,1
Bangladesh,17,Mahmudullah,PVD Chameera,Mushfiqur Rahim,0,0,0
Bangladesh,17,Mushfiqur Rahim,PVD Chameera,Sabbir Rahman,2,0,2
Bangladesh,17,Mushfiqur Rahim,PVD Chameera,Sabbir Rahman,1,0,1
Bangladesh,17,Sabbir Rahman,PVD Chameera,Mushfiqur Rahim,0,0,0
Bangladesh,18,Mushfiqur Rahim,N Pradeep,Sabbir Rahman,1,0,1
Bangladesh,18,Sabbir Rahman,N Pradeep,Mushfiqur Rahim,0,0,0
Bangladesh,18,Mushfiqur Rahim,N Pradeep,Mehedi Hasan Miraz,1,0,1
Bangladesh,18,Mehedi Hasan Miraz,N Pradeep,Mushfiqur Rahim,0,1,1
Bangladesh,18,Mushfiqur Rahim,N Pradeep,Mehedi Hasan Miraz,6,0,6
Bangladesh,18,Mushfiqur Rahim,N Pradeep,Mehedi Hasan Miraz,1,0,1
Bangladesh,19,Mushfiqur Rahim,NLTC Perera,Mehedi Hasan Miraz,2,0,2
Bangladesh,19,Mushfiqur Rahim,NLTC Perera,Mehedi Hasan Miraz,4,0,4
Bangladesh,19,Mushfiqur Rahim,NLTC Perera,Mehedi Hasan Miraz,2,0,2
Bangladesh,19,Mushfiqur Rahim,NLTC Perera,Mehedi Hasan Miraz,1,0,1
