Team,Over,Batter,Bowler,Non_Striker,Batter_Runs,Extras,Total_Runs
Sri Lanka,0,MD Gunathilaka,JD Unadkat,BKG Mendis,5,0,5
Sri Lanka,0,BKG Mendis,JD Unadkat,MD Gunathilaka,6,0,6
Sri Lanka,0,BKG Mendis,JD Unadkat,MD Gunathilaka,0,0,0
Sri Lanka,0,BKG Mendis,JD Unadkat,MD Gunathilaka,1,0,1
Sri Lanka,0,MD Gunathilaka,JD Unadkat,BKG Mendis,2,0,2
Sri Lanka,0,MD Gunathilaka,JD Unadkat,BKG Mendis,1,0,1
Sri Lanka,1,MD Gunathilaka,Washington Sundar,BKG Mendis,6,0,6
Sri Lanka,1,MD Gunathilaka,Washington Sundar,BKG Mendis,0,0,0
Sri Lanka,1,MD Gunathilaka,Washington Sundar,BKG Mendis,2,0,2
Sri Lanka,1,MD Gunathilaka,Washington Sundar,BKG Mendis,1,0,1
Sri Lanka,1,BKG Mendis,Washington Sundar,MD Gunathilaka,0,0,0
Sri Lanka,1,BKG Mendis,Washington Sundar,MD Gunathilaka,0,0,0
Sri Lanka,2,MD Gunathilaka,SN Thakur,BKG Mendis,0,1,1
Sri Lanka,2,MD Gunathilaka,SN Thakur,BKG Mendis,0,0,0
Sri Lanka,2,MDKJ Perera,SN Thakur,BKG Mendis,0,0,0
Sri Lanka,2,MDKJ Perera,SN Thakur,BKG Mendis,2,0,2
Sri Lanka,2,MDKJ Perera,SN Thakur,BKG Mendis,1,0,1
Sri Lanka,2,BKG Mendis,SN Thakur,MDKJ Perera,4,0,4
Sri Lanka,2,BKG Mendis,SN Thakur,MDKJ Perera,2,0,2
Sri Lanka,3,MDKJ Perera,Washington Sundar,BKG Mendis,0,0,0
Sri Lanka,3,WU Tharanga,Washington Sundar,BKG Mendis,0,0,0
Sri Lanka,3,WU Tharanga,Washington Sundar,BKG Mendis,0,0,0
Sri Lanka,3,WU Tharanga,Washington Sundar,BKG Mendis,0,0,0
Sri Lanka,3,WU Tharanga,Washington Sundar,BKG Mendis,1,0,1
Sri Lanka,3,BKG Mendis,Washington Sundar,WU Tharanga,1,0,1
Sri Lanka,4,BKG Mendis,YS Chahal,WU Tharanga,0,0,0
Sri Lanka,4,BKG Mendis,YS Chahal,WU Tharanga,2,0,2
Sri Lanka,4,BKG Mendis,YS Chahal,WU Tharanga,4,0,4
Sri Lanka,4,BKG Mendis,YS Chahal,WU Tharanga,1,1,2
Sri Lanka,4,WU Tharanga,YS Chahal,BKG Mendis,1,0,1
Sri Lanka,4,BKG Mendis,YS Chahal,WU Tharanga,0,0,0
Sri Lanka,4,BKG Mendis,YS Chahal,WU Tharanga,1,0,1
Sri Lanka,5,BKG Mendis,Washington Sundar,WU Tharanga,4,0,4
Sri Lanka,5,BKG Mendis,Washington Sundar,WU Tharanga,1,0,1
Sri Lanka,5,WU Tharanga,Washington Sundar,BKG Mendis,1,0,1
Sri Lanka,5,BKG Mendis,Washington Sundar,WU Tharanga,1,0,1
Sri Lanka,5,WU Tharanga,Washington Sundar,BKG Mendis,0,0,0
Sri Lanka,5,WU Tharanga,Washington Sundar,BKG Mendis,0,0,0
Sri Lanka,6,BKG Mendis,V Shankar,WU Tharanga,1,0,1
Sri Lanka,6,WU Tharanga,V Shankar,BKG Mendis,0,0,0
Sri Lanka,6,WU Tharanga,V Shankar,BKG Mendis,1,0,1
Sri Lanka,6,BKG Mendis,V Shankar,WU Tharanga,1,0,1
Sri Lanka,6,WU Tharanga,V Shankar,BKG Mendis,1,0,1
Sri Lanka,6,BKG Mendis,V Shankar,WU Tharanga,1,0,1
Sri Lanka,7,BKG Mendis,YS Chahal,WU Tharanga,1,0,1
Sri Lanka,7,WU Tharanga,YS Chahal,BKG Mendis,6,0,6
Sri Lanka,7,WU Tharanga,YS Chahal,BKG Mendis,1,0,1
Sri Lanka,7,BKG Mendis,YS Chahal,WU Tharanga,1,0,1
Sri Lanka,7,WU Tharanga,YS Chahal,BKG Mendis,0,2,2
Sri Lanka,7,BKG Mendis,YS Chahal,WU Tharanga,6,0,6
Sri Lanka,7,BKG Mendis,YS Chahal,WU Tharanga,0,0,0
Sri Lanka,8,WU Tharanga,V Shankar,BKG Mendis,1,0,1
Sri Lanka,8,BKG Mendis,V Shankar,WU Tharanga,2,0,2
Sri Lanka,8,BKG Mendis,V Shankar,WU Tharanga,0,0,0
Sri Lanka,8,BKG Mendis,V Shankar,WU Tharanga,0,2,2
Sri Lanka,8,WU Tharanga,V Shankar,BKG Mendis,0,0,0
Sri Lanka,8,WU Tharanga,V Shankar,BKG Mendis,4,0,4
Sri Lanka,8,WU Tharanga,V Shankar,BKG Mendis,2,0,2
Sri Lanka,9,BKG Mendis,JD Unadkat,WU Tharanga,0,0,0
Sri Lanka,9,BKG Mendis,JD Unadkat,WU Tharanga,1,0,1
Sri Lanka,9,WU Tharanga,JD Unadkat,BKG Mendis,0,0,0
Sri Lanka,9,WU Tharanga,JD Unadkat,BKG Mendis,0,0,0
Sri Lanka,9,WU Tharanga,JD Unadkat,BKG Mendis,1,0,1
Sri Lanka,9,BKG Mendis,JD Unadkat,WU Tharanga,6,0,6
Sri Lanka,10,WU Tharanga,V Shankar,BKG Mendis,2,0,2
Sri Lanka,10,WU Tharanga,V Shankar,BKG Mendis,0,0,0
Sri Lanka,10,WU Tharanga,V Shankar,BKG Mendis,0,0,0
Sri Lanka,10,WU Tharanga,V Shankar,BKG Mendis,0,0,0
Sri Lanka,10,NLTC Perera,V Shankar,BKG Mendis,6,0,6
Sri Lanka,10,NLTC Perera,V Shankar,BKG Mendis,6,0,6
Sri Lanka,11,BKG Mendis,SN Thakur,NLTC Perera,1,0,1
Sri Lanka,11,NLTC Perera,SN Thakur,BKG Mendis,2,0,2
Sri Lanka,11,NLTC Perera,SN Thakur,BKG Mendis,0,0,0
Sri Lanka,11,NLTC Perera,SN Thakur,BKG Mendis,1,0,1
Sri Lanka,11,BKG Mendis,SN Thakur,NLTC Perera,1,0,1
Sri Lanka,11,NLTC Perera,SN Thakur,BKG Mendis,0,0,0
Sri Lanka,12,BMAJ Mendis,YS Chahal,BKG Mendis,0,0,0
Sri Lanka,12,BMAJ Mendis,YS Chahal,BKG Mendis,1,0,1
Sri Lanka,12,BKG Mendis,YS Chahal,BMAJ Mendis,0,0,0
Sri Lanka,12,BKG Mendis,YS Chahal,BMAJ Mendis,2,0,2
Sri Lanka,12,BKG Mendis,YS Chahal,BMAJ Mendis,0,0,0
Sri Lanka,12,BKG Mendis,YS Chahal,BMAJ Mendis,1,0,1
Sri Lanka,13,BKG Mendis,Washington Sundar,BMAJ Mendis,1,0,1
Sri Lanka,13,BMAJ Mendis,Washington Sundar,BKG Mendis,0,0,0
Sri Lanka,13,MD Shanaka,Washington Sundar,BKG Mendis,0,0,0
Sri Lanka,13,MD Shanaka,Washington Sundar,BKG Mendis,0,0,0
Sri Lanka,13,MD Shanaka,Washington Sundar,BKG Mendis,1,0,1
Sri Lanka,13,BKG Mendis,Washington Sundar,MD Shanaka,1,0,1
Sri Lanka,14,BKG Mendis,YS Chahal,MD Shanaka,0,0,0
Sri Lanka,14,A Dananjaya,YS Chahal,MD Shanaka,0,0,0
Sri Lanka,14,A Dananjaya,YS Chahal,MD Shanaka,1,0,1
Sri Lanka,14,MD Shanaka,YS Chahal,A Dananjaya,0,1,1
Sri Lanka,14,MD Shanaka,YS Chahal,A Dananjaya,1,0,1
Sri Lanka,14,A Dananjaya,YS Chahal,MD Shanaka,0,0,0
Sri Lanka,14,A Dananjaya,YS Chahal,MD Shanaka,0,0,0
Sri Lanka,15,MD Shanaka,SK Raina,A Dananjaya,0,1,1
Sri Lanka,15,MD Shanaka,SK Raina,A Dananjaya,1,0,1
Sri Lanka,15,A Dananjaya,SK Raina,MD Shanaka,1,0,1
Sri Lanka,15,MD Shanaka,SK Raina,A Dananjaya,1,0,1
Sri Lanka,15,A Dananjaya,SK Raina,MD Shanaka,0,0,0
Sri Lanka,15,A Dananjaya,SK Raina,MD Shanaka,1,0,1
Sri Lanka,15,MD Shanaka,SK Raina,A Dananjaya,1,0,1
Sri Lanka,16,MD Shanaka,SN Thakur,A Dananjaya,4,0,4
Sri Lanka,16,MD Shanaka,SN Thakur,A Dananjaya,1,0,1
Sri Lanka,16,A Dananjaya,SN Thakur,MD Shanaka,1,0,1
Sri Lanka,16,MD Shanaka,SN Thakur,A Dananjaya,0,0,0
Sri Lanka,16,MD Shanaka,SN Thakur,A Dananjaya,0,0,0
Sri Lanka,16,MD Shanaka,SN Thakur,A Dananjaya,1,0,1
Sri Lanka,17,MD Shanaka,JD Unadkat,A Dananjaya,1,0,1
Sri Lanka,17,A Dananjaya,JD Unadkat,MD Shanaka,1,0,1
Sri Lanka,17,MD Shanaka,JD Unadkat,A Dananjaya,0,1,1
Sri Lanka,17,MD Shanaka,JD Unadkat,A Dananjaya,6,0,6
Sri Lanka,17,MD Shanaka,JD Unadkat,A Dananjaya,1,0,1
Sri Lanka,17,A Dananjaya,JD Unadkat,MD Shanaka,0,0,0
Sri Lanka,17,A Dananjaya,JD Unadkat,MD Shanaka,0,0,0
Sri Lanka,18,RAS Lakmal,SN Thakur,MD Shanaka,4,0,4
Sri Lanka,18,RAS Lakmal,SN Thakur,MD Shanaka,0,0,0
Sri Lanka,18,RAS Lakmal,SN Thakur,MD Shanaka,0,1,1
Sri Lanka,18,MD Shanaka,SN Thakur,RAS Lakmal,0,0,0
Sri Lanka,18,PVD Chameera,SN Thakur,RAS Lakmal,0,0,0
Sri Lanka,18,RAS Lakmal,SN Thakur,N Pradeep,1,0,1
India,0,RG Sharma,RAS Lakmal,S Dhawan,0,0,0
India,0,RG Sharma,RAS Lakmal,S Dhawan,6,0,6
India,0,RG Sharma,RAS Lakmal,S Dhawan,4,0,4
India,0,RG Sharma,RAS Lakmal,S Dhawan,0,1,1
India,0,S Dhawan,RAS Lakmal,RG Sharma,0,0,0
India,0,S Dhawan,RAS Lakmal,RG Sharma,0,0,0
India,1,RG Sharma,A Dananjaya,S Dhawan,1,0,1
India,1,S Dhawan,A Dananjaya,RG Sharma,0,0,0
India,1,S Dhawan,A Dananjaya,RG Sharma,0,0,0
India,1,S Dhawan,A Dananjaya,RG Sharma,1,0,1
India,1,RG Sharma,A Dananjaya,S Dhawan,0,0,0
India,1,RG Sharma,A Dananjaya,S Dhawan,0,0,0
India,2,S Dhawan,RAS Lakmal,KL Rahul,1,0,1
India,2,KL Rahul,RAS Lakmal,S Dhawan,1,0,1
India,2,S Dhawan,RAS Lakmal,KL Rahul,1,0,1
India,2,KL Rahul,RAS Lakmal,S Dhawan,1,0,1
India,2,S Dhawan,RAS Lakmal,KL Rahul,4,0,4
India,2,S Dhawan,RAS Lakmal,KL Rahul,1,0,1
India,3,S Dhawan,A Dananjaya,KL Rahul,0,0,0
India,3,KL Rahul,A Dananjaya,SK Raina,0,4,4
India,3,SK Raina,A Dananjaya,KL Rahul,1,0,1
India,3,KL Rahul,A Dananjaya,SK Raina,0,0,0
India,3,KL Rahul,A Dananjaya,SK Raina,1,0,1
India,3,SK Raina,A Dananjaya,KL Rahul,0,0,0
India,3,SK Raina,A Dananjaya,KL Rahul,2,0,2
India,4,KL Rahul,PVD Chameera,SK Raina,1,0,1
India,4,SK Raina,PVD Chameera,KL Rahul,4,0,4
India,4,SK Raina,PVD Chameera,KL Rahul,0,0,0
India,4,SK Raina,PVD Chameera,KL Rahul,4,0,4
India,4,SK Raina,PVD Chameera,KL Rahul,6,0,6
India,4,SK Raina,PVD Chameera,KL Rahul,1,0,1
India,5,SK Raina,A Dananjaya,KL Rahul,0,0,0
India,5,SK Raina,A Dananjaya,KL Rahul,1,0,1
India,5,KL Rahul,A Dananjaya,SK Raina,0,0,0
India,5,KL Rahul,A Dananjaya,SK Raina,1,0,1
India,5,SK Raina,A Dananjaya,KL Rahul,0,1,1
India,5,SK Raina,A Dananjaya,KL Rahul,0,0,0
India,5,SK Raina,A Dananjaya,KL Rahul,1,0,1
India,6,SK Raina,N Pradeep,KL Rahul,1,0,1
India,6,KL Rahul,N Pradeep,SK Raina,4,0,4
India,6,KL Rahul,N Pradeep,SK Raina,1,0,1
India,6,SK Raina,N Pradeep,KL Rahul,6,0,6
India,6,SK Raina,N Pradeep,KL Rahul,0,0,0
India,6,MK Pandey,N Pradeep,KL Rahul,1,0,1
India,7,MK Pandey,BMAJ Mendis,KL Rahul,1,0,1
India,7,KL Rahul,BMAJ Mendis,MK Pandey,0,1,1
India,7,KL Rahul,BMAJ Mendis,MK Pandey,1,0,1
India,7,MK Pandey,BMAJ Mendis,KL Rahul,4,0,4
India,7,MK Pandey,BMAJ Mendis,KL Rahul,1,0,1
India,7,KL Rahul,BMAJ Mendis,MK Pandey,2,0,2
India,7,KL Rahul,BMAJ Mendis,MK Pandey,2,0,2
India,8,MK Pandey,NLTC Perera,KL Rahul,4,0,4
India,8,MK Pandey,NLTC Perera,KL Rahul,0,0,0
India,8,MK Pandey,NLTC Perera,KL Rahul,1,0,1
India,8,KL Rahul,NLTC Perera,MK Pandey,1,0,1
India,8,MK Pandey,NLTC Perera,KL Rahul,1,0,1
India,8,KL Rahul,NLTC Perera,MK Pandey,1,0,1
India,9,KL Rahul,BMAJ Mendis,MK Pandey,0,0,0
India,9,KL Rahul,BMAJ Mendis,MK Pandey,1,0,1
India,9,MK Pandey,BMAJ Mendis,KL Rahul,0,0,0
India,9,MK Pandey,BMAJ Mendis,KL Rahul,1,0,1
India,9,KL Rahul,BMAJ Mendis,MK Pandey,0,0,0
India,9,KD Karthik,BMAJ Mendis,MK Pandey,0,0,0
India,10,MK Pandey,PVD Chameera,KD Karthik,1,0,1
India,10,KD Karthik,PVD Chameera,MK Pandey,1,0,1
India,10,MK Pandey,PVD Chameera,KD Karthik,0,0,0
India,10,MK Pandey,PVD Chameera,KD Karthik,2,0,2
India,10,MK Pandey,PVD Chameera,KD Karthik,2,0,2
India,10,MK Pandey,PVD Chameera,KD Karthik,1,0,1
India,11,MK Pandey,BMAJ Mendis,KD Karthik,1,0,1
India,11,KD Karthik,BMAJ Mendis,MK Pandey,4,0,4
India,11,KD Karthik,BMAJ Mendis,MK Pandey,1,0,1
India,11,MK Pandey,BMAJ Mendis,KD Karthik,1,0,1
India,11,KD Karthik,BMAJ Mendis,MK Pandey,2,0,2
India,11,KD Karthik,BMAJ Mendis,MK Pandey,0,0,0
India,12,MK Pandey,N Pradeep,KD Karthik,4,0,4
India,12,MK Pandey,N Pradeep,KD Karthik,1,0,1
India,12,KD Karthik,N Pradeep,MK Pandey,1,0,1
India,12,MK Pandey,N Pradeep,KD Karthik,0,0,0
India,12,MK Pandey,N Pradeep,KD Karthik,1,0,1
India,12,KD Karthik,N Pradeep,MK Pandey,1,0,1
India,13,KD Karthik,A Dananjaya,MK Pandey,1,0,1
India,13,MK Pandey,A Dananjaya,KD Karthik,1,0,1
India,13,KD Karthik,A Dananjaya,MK Pandey,0,0,0
India,13,KD Karthik,A Dananjaya,MK Pandey,1,0,1
India,13,MK Pandey,A Dananjaya,KD Karthik,1,0,1
India,13,KD Karthik,A Dananjaya,MK Pandey,1,0,1
India,14,KD Karthik,NLTC Perera,MK Pandey,1,0,1
India,14,MK Pandey,NLTC Perera,KD Karthik,0,0,0
India,14,MK Pandey,NLTC Perera,KD Karthik,6,0,6
India,14,MK Pandey,NLTC Perera,KD Karthik,0,0,0
India,14,MK Pandey,NLTC Perera,KD Karthik,1,0,1
India,14,KD Karthik,NLTC Perera,MK Pandey,1,0,1
India,15,KD Karthik,BMAJ Mendis,MK Pandey,4,0,4
India,15,KD Karthik,BMAJ Mendis,MK Pandey,2,0,2
India,15,KD Karthik,BMAJ Mendis,MK Pandey,1,0,1
India,15,MK Pandey,BMAJ Mendis,KD Karthik,1,0,1
India,15,KD Karthik,BMAJ Mendis,MK Pandey,1,0,1
India,15,MK Pandey,BMAJ Mendis,KD Karthik,2,0,2
India,16,KD Karthik,PVD Chameera,MK Pandey,1,0,1
India,16,MK Pandey,PVD Chameera,KD Karthik,0,1,1
India,16,MK Pandey,PVD Chameera,KD Karthik,1,0,1
India,16,KD Karthik,PVD Chameera,MK Pandey,4,0,4
India,16,KD Karthik,PVD Chameera,MK Pandey,1,0,1
India,16,MK Pandey,PVD Chameera,KD Karthik,1,0,1
India,16,KD Karthik,PVD Chameera,MK Pandey,1,0,1
India,17,KD Karthik,N Pradeep,MK Pandey,4,0,4
India,17,KD Karthik,N Pradeep,MK Pandey,4,0,4
India,17,KD Karthik,N Pradeep,MK Pandey,1,0,1
