Team,Over,Batter,Bowler,Non_Striker,Batter_Runs,Extras,Total_Runs
India,0,RG Sharma,Abu Hider,S Dhawan,0,0,0
India,0,RG Sharma,Abu Hider,S Dhawan,0,0,0
India,0,RG Sharma,Abu Hider,S Dhawan,0,1,1
India,0,RG Sharma,Abu Hider,S Dhawan,0,0,0
India,0,RG Sharma,Abu Hider,S Dhawan,0,0,0
India,0,RG Sharma,Abu Hider,S Dhawan,1,0,1
India,0,S Dhawan,Abu Hider,RG Sharma,0,0,0
India,1,RG Sharma,Nazmul Islam,S Dhawan,0,0,0
India,1,RG Sharma,Nazmul Islam,S Dhawan,4,0,4
India,1,RG Sharma,Nazmul Islam,S Dhawan,0,0,0
India,1,RG Sharma,Nazmul Islam,S Dhawan,0,0,0
India,1,RG Sharma,Nazmul Islam,S Dhawan,1,0,1
India,1,S Dhawan,Nazmul Islam,RG Sharma,4,0,4
India,2,RG Sharma,Rubel Hossain,S Dhawan,0,0,0
India,2,RG Sharma,Rubel Hossain,S Dhawan,1,0,1
India,2,S Dhawan,Rubel Hossain,RG Sharma,0,0,0
India,2,S Dhawan,Rubel Hossain,RG Sharma,1,0,1
India,2,RG Sharma,Rubel Hossain,S Dhawan,1,0,1
India,2,S Dhawan,Rubel Hossain,RG Sharma,4,0,4
India,3,RG Sharma,Mustafizur Rahman,S Dhawan,1,0,1
India,3,S Dhawan,Mustafizur Rahman,RG Sharma,0,0,0
India,3,S Dhawan,Mustafizur Rahman,RG Sharma,0,0,0
India,3,S Dhawan,Mustafizur Rahman,RG Sharma,1,0,1
India,3,RG Sharma,Mustafizur Rahman,S Dhawan,1,0,1
India,3,S Dhawan,Mustafizur Rahman,RG Sharma,6,0,6
India,4,RG Sharma,Mehedi Hasan Miraz,S Dhawan,1,0,1
India,4,S Dhawan,Mehedi Hasan Miraz,RG Sharma,1,0,1
India,4,RG Sharma,Mehedi Hasan Miraz,S Dhawan,0,0,0
India,4,RG Sharma,Mehedi Hasan Miraz,S Dhawan,6,0,6
India,4,RG Sharma,Mehedi Hasan Miraz,S Dhawan,0,0,0
India,4,RG Sharma,Mehedi Hasan Miraz,S Dhawan,3,0,3
India,5,RG Sharma,Abu Hider,S Dhawan,4,0,4
India,5,RG Sharma,Abu Hider,S Dhawan,1,0,1
India,5,S Dhawan,Abu Hider,RG Sharma,1,0,1
India,5,RG Sharma,Abu Hider,S Dhawan,1,0,1
India,5,S Dhawan,Abu Hider,RG Sharma,0,0,0
India,5,S Dhawan,Abu Hider,RG Sharma,4,0,4
India,6,RG Sharma,Nazmul Islam,S Dhawan,1,0,1
India,6,S Dhawan,Nazmul Islam,RG Sharma,0,0,0
India,6,S Dhawan,Nazmul Islam,RG Sharma,4,0,4
India,6,S Dhawan,Nazmul Islam,RG Sharma,0,0,0
India,6,S Dhawan,Nazmul Islam,RG Sharma,0,0,0
India,6,S Dhawan,Nazmul Islam,RG Sharma,0,0,0
India,7,RG Sharma,Mehedi Hasan Miraz,S Dhawan,1,0,1
India,7,S Dhawan,Mehedi Hasan Miraz,RG Sharma,4,0,4
India,7,S Dhawan,Mehedi Hasan Miraz,RG Sharma,1,0,1
India,7,RG Sharma,Mehedi Hasan Miraz,S Dhawan,0,1,1
India,7,RG Sharma,Mehedi Hasan Miraz,S Dhawan,1,0,1
India,7,S Dhawan,Mehedi Hasan Miraz,RG Sharma,1,0,1
India,7,RG Sharma,Mehedi Hasan Miraz,S Dhawan,0,0,0
India,8,S Dhawan,Nazmul Islam,RG Sharma,1,0,1
India,8,RG Sharma,Nazmul Islam,S Dhawan,1,0,1
India,8,S Dhawan,Nazmul Islam,RG Sharma,1,0,1
India,8,RG Sharma,Nazmul Islam,S Dhawan,0,0,0
India,8,RG Sharma,Nazmul Islam,S Dhawan,1,0,1
India,8,S Dhawan,Nazmul Islam,RG Sharma,0,0,0
India,9,RG Sharma,Rubel Hossain,S Dhawan,1,0,1
India,9,S Dhawan,Rubel Hossain,RG Sharma,0,0,0
India,9,S Dhawan,Rubel Hossain,RG Sharma,1,0,1
India,9,RG Sharma,Rubel Hossain,S Dhawan,1,0,1
India,9,S Dhawan,Rubel Hossain,RG Sharma,0,0,0
India,9,SK Raina,Rubel Hossain,RG Sharma,1,0,1
India,10,SK Raina,Nazmul Islam,RG Sharma,0,0,0
India,10,SK Raina,Nazmul Islam,RG Sharma,0,0,0
India,10,SK Raina,Nazmul Islam,RG Sharma,1,0,1
India,10,RG Sharma,Nazmul Islam,SK Raina,0,0,0
India,10,RG Sharma,Nazmul Islam,SK Raina,6,0,6
India,10,RG Sharma,Nazmul Islam,SK Raina,2,0,2
India,11,SK Raina,Mustafizur Rahman,RG Sharma,1,0,1
India,11,RG Sharma,Mustafizur Rahman,SK Raina,0,0,0
India,11,RG Sharma,Mustafizur Rahman,SK Raina,0,0,0
India,11,RG Sharma,Mustafizur Rahman,SK Raina,2,0,2
India,11,RG Sharma,Mustafizur Rahman,SK Raina,1,0,1
India,11,SK Raina,Mustafizur Rahman,RG Sharma,0,0,0
India,12,RG Sharma,Abu Hider,SK Raina,1,0,1
India,12,SK Raina,Abu Hider,RG Sharma,1,0,1
India,12,RG Sharma,Abu Hider,SK Raina,4,0,4
India,12,RG Sharma,Abu Hider,SK Raina,1,0,1
India,12,SK Raina,Abu Hider,RG Sharma,1,0,1
India,12,RG Sharma,Abu Hider,SK Raina,1,0,1
India,13,RG Sharma,Mehedi Hasan Miraz,SK Raina,1,0,1
India,13,SK Raina,Mehedi Hasan Miraz,RG Sharma,0,0,0
India,13,SK Raina,Mehedi Hasan Miraz,RG Sharma,6,0,6
India,13,SK Raina,Mehedi Hasan Miraz,RG Sharma,4,0,4
India,13,SK Raina,Mehedi Hasan Miraz,RG Sharma,0,0,0
India,13,SK Raina,Mehedi Hasan Miraz,RG Sharma,0,0,0
India,14,RG Sharma,Rubel Hossain,SK Raina,2,0,2
India,14,RG Sharma,Rubel Hossain,SK Raina,1,0,1
India,14,SK Raina,Rubel Hossain,RG Sharma,0,0,0
India,14,SK Raina,Rubel Hossain,RG Sharma,4,0,4
India,14,SK Raina,Rubel Hossain,RG Sharma,4,0,4
India,14,SK Raina,Rubel Hossain,RG Sharma,2,0,2
India,15,RG Sharma,Mahmudullah,SK Raina,1,0,1
India,15,SK Raina,Mahmudullah,RG Sharma,4,0,4
India,15,SK Raina,Mahmudullah,RG Sharma,1,0,1
India,15,RG Sharma,Mahmudullah,SK Raina,1,0,1
India,15,SK Raina,Mahmudullah,RG Sharma,1,0,1
India,15,RG Sharma,Mahmudullah,SK Raina,1,0,1
India,16,RG Sharma,Mustafizur Rahman,SK Raina,1,0,1
India,16,SK Raina,Mustafizur Rahman,RG Sharma,4,0,4
India,16,SK Raina,Mustafizur Rahman,RG Sharma,1,0,1
India,16,RG Sharma,Mustafizur Rahman,SK Raina,6,0,6
India,16,RG Sharma,Mustafizur Rahman,SK Raina,1,0,1
India,16,SK Raina,Mustafizur Rahman,RG Sharma,1,0,1
India,17,SK Raina,Abu Hider,RG Sharma,1,0,1
India,17,RG Sharma,Abu Hider,SK Raina,6,0,6
India,17,RG Sharma,Abu Hider,SK Raina,1,0,1
India,17,SK Raina,Abu Hider,RG Sharma,6,0,6
India,17,SK Raina,Abu Hider,RG Sharma,1,0,1
India,17,RG Sharma,Abu Hider,SK Raina,6,0,6
India,18,SK Raina,Mustafizur Rahman,RG Sharma,0,0,0
India,18,SK Raina,Mustafizur Rahman,RG Sharma,1,0,1
India,18,RG Sharma,Mustafizur Rahman,SK Raina,4,0,4
India,18,RG Sharma,Mustafizur Rahman,SK Raina,4,0,4
India,18,RG Sharma,Mustafizur Rahman,SK Raina,1,0,1
India,18,SK Raina,Mustafizur Rahman,RG Sharma,1,0,1
India,19,SK Raina,Rubel Hossain,RG Sharma,0,0,0
India,19,RG Sharma,Rubel Hossain,KD Karthik,0,1,1
India,19,KD Karthik,Rubel Hossain,RG Sharma,1,0,1
India,19,RG Sharma,Rubel Hossain,KD Karthik,1,0,1
India,19,KD Karthik,Rubel Hossain,RG Sharma,1,0,1
India,19,RG Sharma,Rubel Hossain,KD Karthik,0,0,0
Bangladesh,0,Tamim Iqbal,Mohammed Siraj,Liton Das,0,0,0
Bangladesh,0,Tamim Iqbal,Mohammed Siraj,Liton Das,4,0,4
Bangladesh,0,Tamim Iqbal,Mohammed Siraj,Liton Das,0,0,0
Bangladesh,0,Tamim Iqbal,Mohammed Siraj,Liton Das,1,0,1
Bangladesh,0,Liton Das,Mohammed Siraj,Tamim Iqbal,2,0,2
Bangladesh,0,Liton Das,Mohammed Siraj,Tamim Iqbal,1,0,1
Bangladesh,1,Liton Das,Washington Sundar,Tamim Iqbal,0,0,0
Bangladesh,1,Liton Das,Washington Sundar,Tamim Iqbal,0,0,0
Bangladesh,1,Liton Das,Washington Sundar,Tamim Iqbal,0,0,0
Bangladesh,1,Liton Das,Washington Sundar,Tamim Iqbal,4,0,4
Bangladesh,1,Liton Das,Washington Sundar,Tamim Iqbal,0,0,0
Bangladesh,1,Soumya Sarkar,Washington Sundar,Tamim Iqbal,0,0,0
Bangladesh,2,Tamim Iqbal,SN Thakur,Soumya Sarkar,0,0,0
Bangladesh,2,Tamim Iqbal,SN Thakur,Soumya Sarkar,4,0,4
Bangladesh,2,Tamim Iqbal,SN Thakur,Soumya Sarkar,4,0,4
Bangladesh,2,Tamim Iqbal,SN Thakur,Soumya Sarkar,6,0,6
Bangladesh,2,Tamim Iqbal,SN Thakur,Soumya Sarkar,4,0,4
Bangladesh,2,Tamim Iqbal,SN Thakur,Soumya Sarkar,1,0,1
Bangladesh,3,Tamim Iqbal,Washington Sundar,Soumya Sarkar,1,0,1
Bangladesh,3,Soumya Sarkar,Washington Sundar,Tamim Iqbal,1,0,1
Bangladesh,3,Tamim Iqbal,Washington Sundar,Soumya Sarkar,0,1,1
Bangladesh,3,Tamim Iqbal,Washington Sundar,Soumya Sarkar,1,0,1
Bangladesh,3,Soumya Sarkar,Washington Sundar,Tamim Iqbal,0,0,0
Bangladesh,3,Mushfiqur Rahim,Washington Sundar,Tamim Iqbal,0,0,0
Bangladesh,3,Mushfiqur Rahim,Washington Sundar,Tamim Iqbal,1,0,1
Bangladesh,4,Mushfiqur Rahim,YS Chahal,Tamim Iqbal,1,0,1
Bangladesh,4,Tamim Iqbal,YS Chahal,Mushfiqur Rahim,0,0,0
Bangladesh,4,Tamim Iqbal,YS Chahal,Mushfiqur Rahim,0,0,0
Bangladesh,4,Tamim Iqbal,YS Chahal,Mushfiqur Rahim,1,0,1
Bangladesh,4,Mushfiqur Rahim,YS Chahal,Tamim Iqbal,1,0,1
Bangladesh,4,Tamim Iqbal,YS Chahal,Mushfiqur Rahim,0,0,0
Bangladesh,5,Mushfiqur Rahim,Washington Sundar,Tamim Iqbal,1,0,1
Bangladesh,5,Tamim Iqbal,Washington Sundar,Mushfiqur Rahim,0,0,0
Bangladesh,5,Tamim Iqbal,Washington Sundar,Mushfiqur Rahim,0,0,0
Bangladesh,5,Tamim Iqbal,Washington Sundar,Mushfiqur Rahim,0,0,0
Bangladesh,5,Mahmudullah,Washington Sundar,Mushfiqur Rahim,4,0,4
Bangladesh,5,Mahmudullah,Washington Sundar,Mushfiqur Rahim,4,0,4
Bangladesh,6,Mushfiqur Rahim,YS Chahal,Mahmudullah,0,0,0
Bangladesh,6,Mushfiqur Rahim,YS Chahal,Mahmudullah,4,0,4
Bangladesh,6,Mushfiqur Rahim,YS Chahal,Mahmudullah,0,0,0
Bangladesh,6,Mushfiqur Rahim,YS Chahal,Mahmudullah,0,0,0
Bangladesh,6,Mushfiqur Rahim,YS Chahal,Mahmudullah,0,0,0
Bangladesh,6,Mushfiqur Rahim,YS Chahal,Mahmudullah,1,0,1
Bangladesh,7,Mushfiqur Rahim,V Shankar,Mahmudullah,1,0,1
Bangladesh,7,Mahmudullah,V Shankar,Mushfiqur Rahim,1,0,1
Bangladesh,7,Mushfiqur Rahim,V Shankar,Mahmudullah,0,0,0
Bangladesh,7,Mushfiqur Rahim,V Shankar,Mahmudullah,1,0,1
Bangladesh,7,Mahmudullah,V Shankar,Mushfiqur Rahim,0,0,0
Bangladesh,7,Mahmudullah,V Shankar,Mushfiqur Rahim,1,0,1
Bangladesh,8,Mahmudullah,YS Chahal,Mushfiqur Rahim,0,1,1
Bangladesh,8,Mahmudullah,YS Chahal,Mushfiqur Rahim,1,0,1
Bangladesh,8,Mushfiqur Rahim,YS Chahal,Mahmudullah,0,1,1
Bangladesh,8,Mushfiqur Rahim,YS Chahal,Mahmudullah,1,0,1
Bangladesh,8,Mahmudullah,YS Chahal,Mushfiqur Rahim,0,0,0
Bangladesh,8,Mahmudullah,YS Chahal,Mushfiqur Rahim,0,0,0
Bangladesh,8,Sabbir Rahman,YS Chahal,Mushfiqur Rahim,0,0,0
Bangladesh,8,Sabbir Rahman,YS Chahal,Mushfiqur Rahim,0,0,0
Bangladesh,9,Mushfiqur Rahim,V Shankar,Sabbir Rahman,0,0,0
Bangladesh,9,Mushfiqur Rahim,V Shankar,Sabbir Rahman,0,0,0
Bangladesh,9,Mushfiqur Rahim,V Shankar,Sabbir Rahman,1,0,1
Bangladesh,9,Sabbir Rahman,V Shankar,Mushfiqur Rahim,1,0,1
Bangladesh,9,Mushfiqur Rahim,V Shankar,Sabbir Rahman,1,0,1
Bangladesh,9,Sabbir Rahman,V Shankar,Mushfiqur Rahim,0,0,0
Bangladesh,10,Mushfiqur Rahim,Mohammed Siraj,Sabbir Rahman,0,0,0
Bangladesh,10,Mushfiqur Rahim,Mohammed Siraj,Sabbir Rahman,4,0,4
Bangladesh,10,Mushfiqur Rahim,Mohammed Siraj,Sabbir Rahman,4,0,4
Bangladesh,10,Mushfiqur Rahim,Mohammed Siraj,Sabbir Rahman,0,1,1
Bangladesh,10,Mushfiqur Rahim,Mohammed Siraj,Sabbir Rahman,6,0,6
Bangladesh,10,Mushfiqur Rahim,Mohammed Siraj,Sabbir Rahman,1,0,1
Bangladesh,10,Sabbir Rahman,Mohammed Siraj,Mushfiqur Rahim,0,0,0
Bangladesh,11,Mushfiqur Rahim,V Shankar,Sabbir Rahman,4,0,4
Bangladesh,11,Mushfiqur Rahim,V Shankar,Sabbir Rahman,2,0,2
Bangladesh,11,Mushfiqur Rahim,V Shankar,Sabbir Rahman,1,0,1
Bangladesh,11,Sabbir Rahman,V Shankar,Mushfiqur Rahim,4,0,4
Bangladesh,11,Sabbir Rahman,V Shankar,Mushfiqur Rahim,1,0,1
Bangladesh,11,Mushfiqur Rahim,V Shankar,Sabbir Rahman,2,0,2
Bangladesh,12,Sabbir Rahman,YS Chahal,Mushfiqur Rahim,0,1,1
Bangladesh,12,Mushfiqur Rahim,YS Chahal,Sabbir Rahman,1,0,1
Bangladesh,12,Sabbir Rahman,YS Chahal,Mushfiqur Rahim,1,0,1
Bangladesh,12,Mushfiqur Rahim,YS Chahal,Sabbir Rahman,1,0,1
Bangladesh,12,Sabbir Rahman,YS Chahal,Mushfiqur Rahim,0,0,0
Bangladesh,12,Sabbir Rahman,YS Chahal,Mushfiqur Rahim,6,0,6
Bangladesh,13,Mushfiqur Rahim,SN Thakur,Sabbir Rahman,1,0,1
Bangladesh,13,Sabbir Rahman,SN Thakur,Mushfiqur Rahim,1,0,1
Bangladesh,13,Mushfiqur Rahim,SN Thakur,Sabbir Rahman,0,0,0
Bangladesh,13,Mushfiqur Rahim,SN Thakur,Sabbir Rahman,1,0,1
Bangladesh,13,Sabbir Rahman,SN Thakur,Mushfiqur Rahim,1,0,1
Bangladesh,13,Mushfiqur Rahim,SN Thakur,Sabbir Rahman,1,0,1
Bangladesh,14,Mushfiqur Rahim,V Shankar,Sabbir Rahman,1,0,1
Bangladesh,14,Sabbir Rahman,V Shankar,Mushfiqur Rahim,2,0,2
Bangladesh,14,Sabbir Rahman,V Shankar,Mushfiqur Rahim,1,0,1
Bangladesh,14,Mushfiqur Rahim,V Shankar,Sabbir Rahman,1,0,1
Bangladesh,14,Sabbir Rahman,V Shankar,Mushfiqur Rahim,0,0,0
Bangladesh,14,Sabbir Rahman,V Shankar,Mushfiqur Rahim,2,0,2
Bangladesh,15,Mushfiqur Rahim,Washington Sundar,Sabbir Rahman,1,0,1
Bangladesh,15,Sabbir Rahman,Washington Sundar,Mushfiqur Rahim,0,0,0
Bangladesh,15,Sabbir Rahman,Washington Sundar,Mushfiqur Rahim,1,0,1
Bangladesh,15,Mushfiqur Rahim,Washington Sundar,Sabbir Rahman,0,0,0
Bangladesh,15,Mushfiqur Rahim,Washington Sundar,Sabbir Rahman,0,0,0
Bangladesh,15,Mushfiqur Rahim,Washington Sundar,Sabbir Rahman,2,0,2
Bangladesh,16,Sabbir Rahman,SN Thakur,Mushfiqur Rahim,0,0,0
Bangladesh,16,Sabbir Rahman,SN Thakur,Mushfiqur Rahim,4,0,4
Bangladesh,16,Sabbir Rahman,SN Thakur,Mushfiqur Rahim,2,0,2
Bangladesh,16,Sabbir Rahman,SN Thakur,Mushfiqur Rahim,0,0,0
Bangladesh,16,Mehedi Hasan Miraz,SN Thakur,Mushfiqur Rahim,1,0,1
Bangladesh,16,Mushfiqur Rahim,SN Thakur,Mehedi Hasan Miraz,1,0,1
Bangladesh,17,Mushfiqur Rahim,Mohammed Siraj,Mehedi Hasan Miraz,4,0,4
Bangladesh,17,Mushfiqur Rahim,Mohammed Siraj,Mehedi Hasan Miraz,4,0,4
Bangladesh,17,Mushfiqur Rahim,Mohammed Siraj,Mehedi Hasan Miraz,1,0,1
Bangladesh,17,Mehedi Hasan Miraz,Mohammed Siraj,Mushfiqur Rahim,1,0,1
Bangladesh,17,Mushfiqur Rahim,Mohammed Siraj,Mehedi Hasan Miraz,0,0,0
Bangladesh,17,Mushfiqur Rahim,Mohammed Siraj,Mehedi Hasan Miraz,1,1,2
Bangladesh,17,Mehedi Hasan Miraz,Mohammed Siraj,Mushfiqur Rahim,4,0,4
Bangladesh,18,Mushfiqur Rahim,SN Thakur,Mehedi Hasan Miraz,2,0,2
Bangladesh,18,Mushfiqur Rahim,SN Thakur,Mehedi Hasan Miraz,0,0,0
Bangladesh,18,Mushfiqur Rahim,SN Thakur,Mehedi Hasan Miraz,1,0,1
Bangladesh,18,Mehedi Hasan Miraz,SN Thakur,Mushfiqur Rahim,1,0,1
Bangladesh,18,Mushfiqur Rahim,SN Thakur,Mehedi Hasan Miraz,1,0,1
Bangladesh,18,Mehedi Hasan Miraz,SN Thakur,Mushfiqur Rahim,0,0,0
Bangladesh,19,Mushfiqur Rahim,Mohammed Siraj,Mehedi Hasan Miraz,1,0,1
Bangladesh,19,Mehedi Hasan Miraz,Mohammed Siraj,Mushfiqur Rahim,0,0,0
Bangladesh,19,Mushfiqur Rahim,Mohammed Siraj,Abu Hider,4,0,4
Bangladesh,19,Mushfiqur Rahim,Mohammed Siraj,Abu Hider,0,1,1
Bangladesh,19,Mushfiqur Rahim,Mohammed Siraj,Abu Hider,4,0,4
Bangladesh,19,Mushfiqur Rahim,Mohammed Siraj,Abu Hider,0,0,0
Bangladesh,19,Mushfiqur Rahim,Mohammed Siraj,Abu Hider,0,0,0
