Team,Over,Batter,Bowler,Non_Striker,Batter_Runs,Extras,Total_Runs
New Zealand,0,SFM Devine,SS Connell,SW Bates,1,0,1
New Zealand,0,SW Bates,SS Connell,SFM Devine,0,0,0
New Zealand,0,SW Bates,SS Connell,SFM Devine,0,0,0
New Zealand,0,SW Bates,SS Connell,SFM Devine,1,0,1
New Zealand,0,SFM Devine,SS Connell,SW Bates,0,0,0
New Zealand,0,SFM Devine,SS Connell,SW Bates,1,0,1
New Zealand,1,SFM Devine,TD Smartt,SW Bates,1,0,1
New Zealand,1,SW Bates,TD Smartt,SFM Devine,1,0,1
New Zealand,1,SFM Devine,TD Smartt,SW Bates,1,0,1
New Zealand,1,SW Bates,TD Smartt,SFM Devine,0,0,0
New Zealand,1,SW Bates,TD Smartt,SFM Devine,1,0,1
New Zealand,1,SFM Devine,TD Smartt,SW Bates,0,0,0
New Zealand,2,SW Bates,SS Connell,SFM Devine,0,1,1
New Zealand,2,SFM Devine,SS Connell,SW Bates,0,0,0
New Zealand,2,SFM Devine,SS Connell,SW Bates,6,0,6
New Zealand,2,SFM Devine,SS Connell,SW Bates,6,0,6
New Zealand,2,SFM Devine,SS Connell,SW Bates,4,0,4
New Zealand,2,SFM Devine,SS Connell,SW Bates,2,0,2
New Zealand,3,SW Bates,TD Smartt,SFM Devine,2,0,2
New Zealand,3,SW Bates,TD Smartt,SFM Devine,0,0,0
New Zealand,3,SW Bates,TD Smartt,SFM Devine,0,0,0
New Zealand,3,SW Bates,TD Smartt,SFM Devine,0,0,0
New Zealand,3,SW Bates,TD Smartt,SFM Devine,1,0,1
New Zealand,3,SFM Devine,TD Smartt,SW Bates,4,0,4
New Zealand,4,SW Bates,DJS Dottin,SFM Devine,0,0,0
New Zealand,4,SW Bates,DJS Dottin,SFM Devine,1,0,1
New Zealand,4,SFM Devine,DJS Dottin,SW Bates,4,1,5
New Zealand,4,SFM Devine,DJS Dottin,SW Bates,6,0,6
New Zealand,4,SFM Devine,DJS Dottin,SW Bates,2,0,2
New Zealand,4,SFM Devine,DJS Dottin,SW Bates,1,0,1
New Zealand,4,SW Bates,DJS Dottin,SFM Devine,1,0,1
New Zealand,5,SW Bates,HK Matthews,SFM Devine,1,0,1
New Zealand,5,SFM Devine,HK Matthews,SW Bates,2,0,2
New Zealand,5,SFM Devine,HK Matthews,SW Bates,0,0,0
New Zealand,5,KJ Martin,HK Matthews,SW Bates,0,0,0
New Zealand,5,KJ Martin,HK Matthews,SW Bates,0,0,0
New Zealand,5,KJ Martin,HK Matthews,SW Bates,0,0,0
New Zealand,6,SW Bates,AK Peters,KJ Martin,0,0,0
New Zealand,6,SW Bates,AK Peters,KJ Martin,1,0,1
New Zealand,6,KJ Martin,AK Peters,SW Bates,0,0,0
New Zealand,6,KJ Martin,AK Peters,SW Bates,0,0,0
New Zealand,6,KJ Martin,AK Peters,SW Bates,6,0,6
New Zealand,6,KJ Martin,AK Peters,SW Bates,0,0,0
New Zealand,7,SW Bates,HK Matthews,KJ Martin,1,0,1
New Zealand,7,KJ Martin,HK Matthews,SW Bates,1,0,1
New Zealand,7,SW Bates,HK Matthews,KJ Martin,1,0,1
New Zealand,7,KJ Martin,HK Matthews,SW Bates,0,0,0
New Zealand,7,ML Green,HK Matthews,SW Bates,0,0,0
New Zealand,7,ML Green,HK Matthews,SW Bates,0,0,0
New Zealand,8,SW Bates,AK Peters,ML Green,0,0,0
New Zealand,8,SW Bates,AK Peters,ML Green,1,0,1
New Zealand,8,ML Green,AK Peters,SW Bates,1,0,1
New Zealand,8,SW Bates,AK Peters,ML Green,2,0,2
New Zealand,8,SW Bates,AK Peters,ML Green,0,0,0
New Zealand,8,SW Bates,AK Peters,ML Green,1,0,1
New Zealand,9,SW Bates,SR Taylor,ML Green,0,0,0
New Zealand,9,SW Bates,SR Taylor,ML Green,0,0,0
New Zealand,9,SW Bates,SR Taylor,ML Green,0,0,0
New Zealand,9,SW Bates,SR Taylor,ML Green,0,1,1
New Zealand,9,ML Green,SR Taylor,SW Bates,1,0,1
New Zealand,9,SW Bates,SR Taylor,ML Green,1,0,1
New Zealand,10,SW Bates,AK Peters,ML Green,1,0,1
New Zealand,10,ML Green,AK Peters,SW Bates,0,0,0
New Zealand,10,ML Green,AK Peters,SW Bates,2,0,2
New Zealand,10,ML Green,AK Peters,SW Bates,6,0,6
New Zealand,10,ML Green,AK Peters,SW Bates,0,0,0
New Zealand,10,ML Green,AK Peters,SW Bates,1,0,1
New Zealand,11,ML Green,SR Taylor,SW Bates,0,0,0
New Zealand,11,ML Green,SR Taylor,SW Bates,1,0,1
New Zealand,11,SW Bates,SR Taylor,ML Green,0,0,0
New Zealand,11,SW Bates,SR Taylor,ML Green,1,0,1
New Zealand,11,ML Green,SR Taylor,SW Bates,1,0,1
New Zealand,11,SW Bates,SR Taylor,ML Green,0,0,0
New Zealand,12,ML Green,DJS Dottin,SW Bates,0,0,0
New Zealand,12,ML Green,DJS Dottin,SW Bates,0,0,0
New Zealand,12,ML Green,DJS Dottin,SW Bates,2,0,2
New Zealand,12,ML Green,DJS Dottin,SW Bates,0,0,0
New Zealand,12,ML Green,DJS Dottin,SW Bates,0,0,0
New Zealand,12,AE Satterthwaite,DJS Dottin,SW Bates,0,0,0
New Zealand,13,SW Bates,SR Taylor,AE Satterthwaite,1,0,1
New Zealand,13,AE Satterthwaite,SR Taylor,SW Bates,1,0,1
New Zealand,13,SW Bates,SR Taylor,AE Satterthwaite,1,0,1
New Zealand,13,AE Satterthwaite,SR Taylor,SW Bates,0,0,0
New Zealand,13,AE Satterthwaite,SR Taylor,SW Bates,0,0,0
New Zealand,13,AE Satterthwaite,SR Taylor,SW Bates,1,0,1
New Zealand,14,AE Satterthwaite,DJS Dottin,SW Bates,0,0,0
New Zealand,14,AE Satterthwaite,DJS Dottin,SW Bates,0,0,0
New Zealand,14,AE Satterthwaite,DJS Dottin,SW Bates,0,0,0
New Zealand,14,AE Satterthwaite,DJS Dottin,SW Bates,0,0,0
New Zealand,14,AE Satterthwaite,DJS Dottin,SW Bates,1,0,1
New Zealand,14,SW Bates,DJS Dottin,AE Satterthwaite,1,0,1
New Zealand,15,SW Bates,SR Taylor,AE Satterthwaite,0,0,0
New Zealand,15,SW Bates,SR Taylor,AE Satterthwaite,0,0,0
New Zealand,15,SW Bates,SR Taylor,AE Satterthwaite,1,0,1
New Zealand,15,AE Satterthwaite,SR Taylor,SW Bates,1,0,1
New Zealand,15,SW Bates,SR Taylor,AE Satterthwaite,4,0,4
New Zealand,15,SW Bates,SR Taylor,AE Satterthwaite,4,0,4
New Zealand,16,AE Satterthwaite,TD Smartt,SW Bates,1,0,1
New Zealand,16,SW Bates,TD Smartt,AE Satterthwaite,1,0,1
New Zealand,16,AE Satterthwaite,TD Smartt,SW Bates,3,0,3
New Zealand,16,SW Bates,TD Smartt,AE Satterthwaite,2,0,2
New Zealand,16,SW Bates,TD Smartt,AE Satterthwaite,0,0,0
New Zealand,16,SW Bates,TD Smartt,AE Satterthwaite,0,1,1
New Zealand,16,SW Bates,TD Smartt,AE Satterthwaite,4,0,4
New Zealand,17,AE Satterthwaite,HK Matthews,SW Bates,0,0,0
New Zealand,17,AE Satterthwaite,HK Matthews,SW Bates,2,0,2
New Zealand,17,AE Satterthwaite,HK Matthews,SW Bates,0,0,0
New Zealand,17,AM Peterson,HK Matthews,SW Bates,0,0,0
New Zealand,17,AM Peterson,HK Matthews,SW Bates,1,0,1
New Zealand,17,SW Bates,HK Matthews,AM Peterson,2,0,2
New Zealand,18,AM Peterson,DJS Dottin,SW Bates,0,0,0
New Zealand,18,SW Bates,DJS Dottin,NC Dodd,1,0,1
New Zealand,18,NC Dodd,DJS Dottin,SW Bates,1,0,1
New Zealand,18,SW Bates,DJS Dottin,NC Dodd,1,0,1
New Zealand,18,NC Dodd,DJS Dottin,SW Bates,0,0,0
New Zealand,18,LM Kasperek,DJS Dottin,SW Bates,0,0,0
New Zealand,19,SW Bates,HK Matthews,LM Kasperek,1,0,1
New Zealand,19,LM Kasperek,HK Matthews,SW Bates,1,0,1
New Zealand,19,SW Bates,HK Matthews,LM Kasperek,4,0,4
New Zealand,19,SW Bates,HK Matthews,LM Kasperek,1,0,1
New Zealand,19,LM Kasperek,HK Matthews,SW Bates,2,0,2
New Zealand,19,SW Bates,HK Matthews,AC Kerr,4,0,4
West Indies,0,HK Matthews,KA Heffernan,SR Taylor,1,0,1
West Indies,0,SR Taylor,KA Heffernan,HK Matthews,0,1,1
West Indies,0,SR Taylor,KA Heffernan,HK Matthews,0,0,0
West Indies,0,SR Taylor,KA Heffernan,HK Matthews,1,0,1
West Indies,0,HK Matthews,KA Heffernan,SR Taylor,0,0,0
West Indies,0,HK Matthews,KA Heffernan,SR Taylor,0,0,0
West Indies,0,HK Matthews,KA Heffernan,SR Taylor,4,0,4
West Indies,1,SR Taylor,AM Peterson,HK Matthews,4,0,4
West Indies,1,SR Taylor,AM Peterson,HK Matthews,1,0,1
West Indies,1,HK Matthews,AM Peterson,SR Taylor,1,0,1
West Indies,1,SR Taylor,AM Peterson,HK Matthews,2,0,2
West Indies,1,SR Taylor,AM Peterson,HK Matthews,0,0,0
West Indies,1,SR Taylor,AM Peterson,HK Matthews,1,0,1
West Indies,2,SR Taylor,SFM Devine,HK Matthews,1,0,1
West Indies,2,HK Matthews,SFM Devine,SR Taylor,0,0,0
West Indies,2,HK Matthews,SFM Devine,SR Taylor,2,0,2
West Indies,2,HK Matthews,SFM Devine,SR Taylor,0,0,0
West Indies,2,HK Matthews,SFM Devine,SR Taylor,1,0,1
West Indies,2,SR Taylor,SFM Devine,HK Matthews,0,0,0
West Indies,3,HK Matthews,LM Kasperek,SR Taylor,1,0,1
West Indies,3,SR Taylor,LM Kasperek,HK Matthews,0,0,0
West Indies,3,SR Taylor,LM Kasperek,HK Matthews,4,0,4
West Indies,3,SR Taylor,LM Kasperek,HK Matthews,0,0,0
West Indies,3,CN Nation,LM Kasperek,HK Matthews,2,0,2
West Indies,3,CN Nation,LM Kasperek,HK Matthews,0,0,0
West Indies,4,HK Matthews,SFM Devine,CN Nation,0,0,0
West Indies,4,HK Matthews,SFM Devine,CN Nation,1,0,1
West Indies,4,CN Nation,SFM Devine,HK Matthews,0,0,0
West Indies,4,CN Nation,SFM Devine,HK Matthews,2,0,2
West Indies,4,CN Nation,SFM Devine,HK Matthews,2,0,2
West Indies,4,CN Nation,SFM Devine,HK Matthews,0,0,0
West Indies,5,HK Matthews,LM Kasperek,CN Nation,1,0,1
West Indies,5,CN Nation,LM Kasperek,HK Matthews,2,0,2
West Indies,5,CN Nation,LM Kasperek,HK Matthews,0,0,0
West Indies,5,DJS Dottin,LM Kasperek,HK Matthews,0,0,0
West Indies,5,DJS Dottin,LM Kasperek,HK Matthews,4,0,4
West Indies,5,DJS Dottin,LM Kasperek,HK Matthews,0,0,0
West Indies,6,HK Matthews,AC Kerr,DJS Dottin,1,0,1
West Indies,6,DJS Dottin,AC Kerr,HK Matthews,1,0,1
West Indies,6,HK Matthews,AC Kerr,DJS Dottin,1,0,1
West Indies,6,DJS Dottin,AC Kerr,HK Matthews,1,0,1
West Indies,6,HK Matthews,AC Kerr,DJS Dottin,0,0,0
West Indies,6,HK Matthews,AC Kerr,DJS Dottin,0,0,0
West Indies,7,DJS Dottin,AM Peterson,MR Aguilleira,0,0,0
West Indies,7,DJS Dottin,AM Peterson,MR Aguilleira,0,0,0
West Indies,7,DJS Dottin,AM Peterson,MR Aguilleira,1,0,1
West Indies,7,MR Aguilleira,AM Peterson,DJS Dottin,1,0,1
West Indies,7,DJS Dottin,AM Peterson,MR Aguilleira,2,0,2
West Indies,7,DJS Dottin,AM Peterson,MR Aguilleira,0,0,0
West Indies,8,MR Aguilleira,LMM Tahuhu,DJS Dottin,0,0,0
West Indies,8,MR Aguilleira,LMM Tahuhu,DJS Dottin,0,0,0
West Indies,8,MR Aguilleira,LMM Tahuhu,DJS Dottin,0,0,0
West Indies,8,MR Aguilleira,LMM Tahuhu,DJS Dottin,4,0,4
West Indies,8,MR Aguilleira,LMM Tahuhu,DJS Dottin,1,0,1
West Indies,8,DJS Dottin,LMM Tahuhu,MR Aguilleira,4,0,4
West Indies,9,MR Aguilleira,AC Kerr,DJS Dottin,0,0,0
West Indies,9,MR Aguilleira,AC Kerr,DJS Dottin,0,0,0
West Indies,9,MR Aguilleira,AC Kerr,DJS Dottin,0,0,0
West Indies,9,MR Aguilleira,AC Kerr,DJS Dottin,2,0,2
West Indies,9,MR Aguilleira,AC Kerr,DJS Dottin,0,0,0
West Indies,9,MR Aguilleira,AC Kerr,DJS Dottin,0,0,0
West Indies,10,DJS Dottin,LMM Tahuhu,MR Aguilleira,1,0,1
West Indies,10,MR Aguilleira,LMM Tahuhu,DJS Dottin,0,0,0
West Indies,10,MR Aguilleira,LMM Tahuhu,DJS Dottin,1,0,1
West Indies,10,DJS Dottin,LMM Tahuhu,MR Aguilleira,4,0,4
West Indies,10,DJS Dottin,LMM Tahuhu,MR Aguilleira,1,0,1
West Indies,10,MR Aguilleira,LMM Tahuhu,DJS Dottin,1,0,1
West Indies,11,MR Aguilleira,LM Kasperek,DJS Dottin,1,0,1
West Indies,11,DJS Dottin,LM Kasperek,MR Aguilleira,4,0,4
West Indies,11,DJS Dottin,LM Kasperek,MR Aguilleira,1,0,1
West Indies,11,MR Aguilleira,LM Kasperek,DJS Dottin,1,0,1
West Indies,11,DJS Dottin,LM Kasperek,MR Aguilleira,0,0,0
West Indies,11,Kycia A Knight,LM Kasperek,MR Aguilleira,0,1,1
West Indies,11,Kycia A Knight,LM Kasperek,MR Aguilleira,1,0,1
West Indies,12,Kycia A Knight,KA Heffernan,MR Aguilleira,1,0,1
West Indies,12,MR Aguilleira,KA Heffernan,Kycia A Knight,1,0,1
West Indies,12,Kycia A Knight,KA Heffernan,MR Aguilleira,4,0,4
West Indies,12,Kycia A Knight,KA Heffernan,MR Aguilleira,0,0,0
West Indies,12,Kycia A Knight,KA Heffernan,MR Aguilleira,2,0,2
West Indies,12,Kycia A Knight,KA Heffernan,MR Aguilleira,0,0,0
West Indies,13,MR Aguilleira,AC Kerr,Kycia A Knight,2,0,2
West Indies,13,MR Aguilleira,AC Kerr,Kycia A Knight,1,0,1
West Indies,13,Kycia A Knight,AC Kerr,MR Aguilleira,1,0,1
West Indies,13,MR Aguilleira,AC Kerr,Kycia A Knight,1,0,1
West Indies,13,Kycia A Knight,AC Kerr,MR Aguilleira,1,0,1
West Indies,13,MR Aguilleira,AC Kerr,Kycia A Knight,0,0,0
West Indies,14,Kycia A Knight,SFM Devine,MR Aguilleira,1,0,1
West Indies,14,MR Aguilleira,SFM Devine,Kycia A Knight,1,0,1
West Indies,14,Kycia A Knight,SFM Devine,MR Aguilleira,4,0,4
West Indies,14,Kycia A Knight,SFM Devine,MR Aguilleira,0,0,0
West Indies,14,Kycia A Knight,SFM Devine,MR Aguilleira,1,0,1
West Indies,14,MR Aguilleira,SFM Devine,Kycia A Knight,0,1,1
West Indies,14,MR Aguilleira,SFM Devine,Kycia A Knight,1,0,1
West Indies,15,MR Aguilleira,AM Peterson,Kycia A Knight,0,0,0
West Indies,15,MR Aguilleira,AM Peterson,Kycia A Knight,0,3,3
West Indies,15,MR Aguilleira,AM Peterson,Kycia A Knight,2,0,2
West Indies,15,MR Aguilleira,AM Peterson,Kycia A Knight,0,0,0
West Indies,15,MR Aguilleira,AM Peterson,Kycia A Knight,0,0,0
West Indies,15,MR Aguilleira,AM Peterson,Kycia A Knight,4,0,4
West Indies,15,MR Aguilleira,AM Peterson,Kycia A Knight,1,0,1
West Indies,16,MR Aguilleira,AC Kerr,Kycia A Knight,1,0,1
West Indies,16,Kycia A Knight,AC Kerr,MR Aguilleira,2,0,2
West Indies,16,Kycia A Knight,AC Kerr,MR Aguilleira,1,0,1
West Indies,16,MR Aguilleira,AC Kerr,Kycia A Knight,1,0,1
West Indies,16,Kycia A Knight,AC Kerr,MR Aguilleira,1,0,1
West Indies,16,MR Aguilleira,AC Kerr,Kycia A Knight,1,0,1
West Indies,17,MR Aguilleira,LM Kasperek,Kycia A Knight,1,0,1
West Indies,17,Kycia A Knight,LM Kasperek,MR Aguilleira,1,0,1
West Indies,17,MR Aguilleira,LM Kasperek,Kycia A Knight,0,0,0
West Indies,17,MR Aguilleira,LM Kasperek,Kycia A Knight,4,0,4
West Indies,17,MR Aguilleira,LM Kasperek,Kycia A Knight,1,0,1
West Indies,17,Kycia A Knight,LM Kasperek,MR Aguilleira,1,0,1
West Indies,18,Kycia A Knight,SFM Devine,MR Aguilleira,2,0,2
West Indies,18,Kycia A Knight,SFM Devine,MR Aguilleira,1,0,1
West Indies,18,MR Aguilleira,SFM Devine,Kycia A Knight,0,0,0
West Indies,18,MR Aguilleira,SFM Devine,Kycia A Knight,1,0,1
West Indies,18,Kycia A Knight,SFM Devine,MR Aguilleira,1,0,1
West Indies,18,MR Aguilleira,SFM Devine,Kycia A Knight,2,0,2
West Indies,19,Kycia A Knight,AM Peterson,MR Aguilleira,0,0,0
West Indies,19,B Cooper,AM Peterson,MR Aguilleira,0,0,0
West Indies,19,B Cooper,AM Peterson,MR Aguilleira,2,0,2
West Indies,19,B Cooper,AM Peterson,MR Aguilleira,0,0,0
West Indies,19,AK Peters,AM Peterson,MR Aguilleira,0,0,0
West Indies,19,MR Aguilleira,AM Peterson,TD Smartt,0,1,1
