Team,Over,Batter,Bowler,Non_Striker,Batter_Runs,Extras,Total_Runs
Zimbabwe,0,C Zhuwao,Shoaib Malik,SF Mire,1,0,1
Zimbabwe,0,SF Mire,Shoaib Malik,C Zhuwao,1,0,1
Zimbabwe,0,C Zhuwao,Shoaib Malik,SF Mire,0,0,0
Zimbabwe,0,C Zhuwao,Shoaib Malik,SF Mire,6,0,6
Zimbabwe,0,C Zhuwao,Shoaib Malik,SF Mire,0,0,0
Zimbabwe,0,C Zhuwao,Shoaib Malik,SF Mire,4,0,4
Zimbabwe,1,SF Mire,Mohammad Amir,C Zhuwao,1,0,1
Zimbabwe,1,C Zhuwao,Mohammad Amir,SF Mire,0,0,0
Zimbabwe,1,C Zhuwao,Mohammad Amir,SF Mire,0,0,0
Zimbabwe,1,C Zhuwao,Mohammad Amir,SF Mire,0,0,0
Zimbabwe,1,C Zhuwao,Mohammad Amir,SF Mire,0,0,0
Zimbabwe,1,C Zhuwao,Mohammad Amir,SF Mire,1,0,1
Zimbabwe,2,C Zhuwao,Hasan Ali,SF Mire,4,0,4
Zimbabwe,2,C Zhuwao,Hasan Ali,SF Mire,0,0,0
Zimbabwe,2,C Zhuwao,Hasan Ali,SF Mire,0,0,0
Zimbabwe,2,C Zhuwao,Hasan Ali,SF Mire,4,0,4
Zimbabwe,2,C Zhuwao,Hasan Ali,SF Mire,1,0,1
Zimbabwe,2,SF Mire,Hasan Ali,C Zhuwao,0,1,1
Zimbabwe,3,SF Mire,Mohammad Amir,C Zhuwao,0,0,0
Zimbabwe,3,SF Mire,Mohammad Amir,C Zhuwao,4,0,4
Zimbabwe,3,SF Mire,Mohammad Amir,C Zhuwao,0,0,0
Zimbabwe,3,SF Mire,Mohammad Amir,C Zhuwao,0,0,0
Zimbabwe,3,SF Mire,Mohammad Amir,C Zhuwao,1,0,1
Zimbabwe,3,C Zhuwao,Mohammad Amir,SF Mire,0,0,0
Zimbabwe,4,SF Mire,Hasan Ali,C Zhuwao,4,0,4
Zimbabwe,4,SF Mire,Hasan Ali,C Zhuwao,2,0,2
Zimbabwe,4,SF Mire,Hasan Ali,C Zhuwao,2,0,2
Zimbabwe,4,SF Mire,Hasan Ali,C Zhuwao,0,0,0
Zimbabwe,4,SF Mire,Hasan Ali,C Zhuwao,1,0,1
Zimbabwe,4,C Zhuwao,Hasan Ali,SF Mire,0,0,0
Zimbabwe,5,SF Mire,Faheem Ashraf,C Zhuwao,0,0,0
Zimbabwe,5,SF Mire,Faheem Ashraf,C Zhuwao,0,0,0
Zimbabwe,5,SF Mire,Faheem Ashraf,C Zhuwao,0,0,0
Zimbabwe,5,SF Mire,Faheem Ashraf,C Zhuwao,1,0,1
Zimbabwe,5,C Zhuwao,Faheem Ashraf,SF Mire,1,0,1
Zimbabwe,5,SF Mire,Faheem Ashraf,C Zhuwao,6,0,6
Zimbabwe,6,C Zhuwao,Shadab Khan,SF Mire,0,0,0
Zimbabwe,6,C Zhuwao,Shadab Khan,SF Mire,0,0,0
Zimbabwe,6,C Zhuwao,Shadab Khan,SF Mire,0,0,0
Zimbabwe,6,C Zhuwao,Shadab Khan,SF Mire,0,0,0
Zimbabwe,6,C Zhuwao,Shadab Khan,SF Mire,1,0,1
Zimbabwe,6,SF Mire,Shadab Khan,C Zhuwao,0,0,0
Zimbabwe,7,C Zhuwao,Faheem Ashraf,SF Mire,1,0,1
Zimbabwe,7,SF Mire,Faheem Ashraf,C Zhuwao,1,0,1
Zimbabwe,7,C Zhuwao,Faheem Ashraf,SF Mire,0,0,0
Zimbabwe,7,C Zhuwao,Faheem Ashraf,SF Mire,0,0,0
Zimbabwe,7,H Masakadza,Faheem Ashraf,SF Mire,0,0,0
Zimbabwe,7,H Masakadza,Faheem Ashraf,SF Mire,0,0,0
Zimbabwe,8,SF Mire,Mohammad Nawaz (3),H Masakadza,0,0,0
Zimbabwe,8,SF Mire,Mohammad Nawaz (3),H Masakadza,1,0,1
Zimbabwe,8,H Masakadza,Mohammad Nawaz (3),SF Mire,1,0,1
Zimbabwe,8,SF Mire,Mohammad Nawaz (3),H Masakadza,4,0,4
Zimbabwe,8,SF Mire,Mohammad Nawaz (3),H Masakadza,0,0,0
Zimbabwe,8,SF Mire,Mohammad Nawaz (3),H Masakadza,0,0,0
Zimbabwe,9,H Masakadza,Shadab Khan,SF Mire,1,0,1
Zimbabwe,9,SF Mire,Shadab Khan,H Masakadza,6,0,6
Zimbabwe,9,SF Mire,Shadab Khan,H Masakadza,2,0,2
Zimbabwe,9,SF Mire,Shadab Khan,H Masakadza,0,0,0
Zimbabwe,9,SF Mire,Shadab Khan,H Masakadza,0,1,1
Zimbabwe,9,SF Mire,Shadab Khan,H Masakadza,6,0,6
Zimbabwe,9,SF Mire,Shadab Khan,H Masakadza,1,0,1
Zimbabwe,10,SF Mire,Mohammad Nawaz (3),H Masakadza,0,0,0
Zimbabwe,10,SF Mire,Mohammad Nawaz (3),H Masakadza,6,0,6
Zimbabwe,10,SF Mire,Mohammad Nawaz (3),H Masakadza,4,0,4
Zimbabwe,10,SF Mire,Mohammad Nawaz (3),H Masakadza,0,0,0
Zimbabwe,10,SF Mire,Mohammad Nawaz (3),H Masakadza,0,0,0
Zimbabwe,10,SF Mire,Mohammad Nawaz (3),H Masakadza,0,0,0
Zimbabwe,11,H Masakadza,Shadab Khan,SF Mire,0,0,0
Zimbabwe,11,TK Musakanda,Shadab Khan,SF Mire,1,0,1
Zimbabwe,11,SF Mire,Shadab Khan,TK Musakanda,0,0,0
Zimbabwe,11,SF Mire,Shadab Khan,TK Musakanda,4,0,4
Zimbabwe,11,SF Mire,Shadab Khan,TK Musakanda,4,0,4
Zimbabwe,11,SF Mire,Shadab Khan,TK Musakanda,1,0,1
Zimbabwe,12,SF Mire,Faheem Ashraf,TK Musakanda,1,0,1
Zimbabwe,12,TK Musakanda,Faheem Ashraf,SF Mire,4,0,4
Zimbabwe,12,TK Musakanda,Faheem Ashraf,SF Mire,2,0,2
Zimbabwe,12,TK Musakanda,Faheem Ashraf,SF Mire,1,0,1
Zimbabwe,12,SF Mire,Faheem Ashraf,TK Musakanda,1,0,1
Zimbabwe,12,TK Musakanda,Faheem Ashraf,SF Mire,1,0,1
Zimbabwe,13,TK Musakanda,Hasan Ali,SF Mire,1,0,1
Zimbabwe,13,SF Mire,Hasan Ali,TK Musakanda,2,0,2
Zimbabwe,13,SF Mire,Hasan Ali,TK Musakanda,1,0,1
Zimbabwe,13,TK Musakanda,Hasan Ali,SF Mire,1,0,1
Zimbabwe,13,SF Mire,Hasan Ali,TK Musakanda,0,0,0
Zimbabwe,13,SF Mire,Hasan Ali,TK Musakanda,2,0,2
Zimbabwe,14,TK Musakanda,Mohammad Nawaz (3),SF Mire,1,0,1
Zimbabwe,14,SF Mire,Mohammad Nawaz (3),TK Musakanda,6,0,6
Zimbabwe,14,SF Mire,Mohammad Nawaz (3),TK Musakanda,0,0,0
Zimbabwe,14,SF Mire,Mohammad Nawaz (3),TK Musakanda,0,0,0
Zimbabwe,14,SF Mire,Mohammad Nawaz (3),TK Musakanda,2,0,2
Zimbabwe,14,SF Mire,Mohammad Nawaz (3),TK Musakanda,0,0,0
Zimbabwe,15,TK Musakanda,Mohammad Amir,SF Mire,1,0,1
Zimbabwe,15,SF Mire,Mohammad Amir,TK Musakanda,1,0,1
Zimbabwe,15,TK Musakanda,Mohammad Amir,SF Mire,0,0,0
Zimbabwe,15,TK Musakanda,Mohammad Amir,SF Mire,1,0,1
Zimbabwe,15,SF Mire,Mohammad Amir,TK Musakanda,6,0,6
Zimbabwe,15,SF Mire,Mohammad Amir,TK Musakanda,1,0,1
Zimbabwe,16,SF Mire,Faheem Ashraf,TK Musakanda,2,0,2
Zimbabwe,16,SF Mire,Faheem Ashraf,TK Musakanda,0,0,0
Zimbabwe,16,SF Mire,Faheem Ashraf,TK Musakanda,0,0,0
Zimbabwe,16,SF Mire,Faheem Ashraf,TK Musakanda,1,0,1
Zimbabwe,16,TK Musakanda,Faheem Ashraf,SF Mire,0,0,0
Zimbabwe,16,TK Musakanda,Faheem Ashraf,SF Mire,1,0,1
Zimbabwe,17,TK Musakanda,Hasan Ali,SF Mire,4,0,4
Zimbabwe,17,TK Musakanda,Hasan Ali,SF Mire,4,0,4
Zimbabwe,17,TK Musakanda,Hasan Ali,SF Mire,1,0,1
Zimbabwe,17,SF Mire,Hasan Ali,TK Musakanda,0,0,0
Zimbabwe,17,SF Mire,Hasan Ali,TK Musakanda,2,0,2
Zimbabwe,17,SF Mire,Hasan Ali,TK Musakanda,1,0,1
Zimbabwe,18,SF Mire,Hussain Talat,TK Musakanda,2,0,2
Zimbabwe,18,SF Mire,Hussain Talat,TK Musakanda,0,0,0
Zimbabwe,18,TK Musakanda,Hussain Talat,E Chigumbura,2,0,2
Zimbabwe,18,TK Musakanda,Hussain Talat,E Chigumbura,0,1,1
Zimbabwe,18,TK Musakanda,Hussain Talat,E Chigumbura,1,0,1
Zimbabwe,18,E Chigumbura,Hussain Talat,TK Musakanda,2,0,2
Zimbabwe,18,E Chigumbura,Hussain Talat,TK Musakanda,0,1,1
Zimbabwe,18,E Chigumbura,Hussain Talat,TK Musakanda,1,0,1
Zimbabwe,19,E Chigumbura,Mohammad Amir,TK Musakanda,1,0,1
Zimbabwe,19,TK Musakanda,Mohammad Amir,E Chigumbura,4,0,4
Zimbabwe,19,TK Musakanda,Mohammad Amir,E Chigumbura,2,0,2
Zimbabwe,19,TK Musakanda,Mohammad Amir,E Chigumbura,0,0,0
Zimbabwe,19,TK Musakanda,Mohammad Amir,E Chigumbura,0,0,0
Zimbabwe,19,E Chigumbura,Mohammad Amir,MN Waller,1,0,1
Pakistan,0,Fakhar Zaman,TS Chisoro,Haris Sohail,0,0,0
Pakistan,0,Fakhar Zaman,TS Chisoro,Haris Sohail,3,0,3
Pakistan,0,Haris Sohail,TS Chisoro,Fakhar Zaman,1,0,1
Pakistan,0,Fakhar Zaman,TS Chisoro,Haris Sohail,4,0,4
Pakistan,0,Fakhar Zaman,TS Chisoro,Haris Sohail,4,0,4
Pakistan,0,Fakhar Zaman,TS Chisoro,Haris Sohail,1,0,1
Pakistan,1,Fakhar Zaman,B Muzarabani,Haris Sohail,0,0,0
Pakistan,1,Fakhar Zaman,B Muzarabani,Haris Sohail,1,0,1
Pakistan,1,Haris Sohail,B Muzarabani,Fakhar Zaman,0,0,0
Pakistan,1,Haris Sohail,B Muzarabani,Fakhar Zaman,0,0,0
Pakistan,1,Haris Sohail,B Muzarabani,Fakhar Zaman,2,0,2
Pakistan,1,Haris Sohail,B Muzarabani,Fakhar Zaman,4,0,4
Pakistan,2,Fakhar Zaman,TS Chisoro,Haris Sohail,6,0,6
Pakistan,2,Fakhar Zaman,TS Chisoro,Haris Sohail,1,0,1
Pakistan,2,Haris Sohail,TS Chisoro,Fakhar Zaman,1,0,1
Pakistan,2,Fakhar Zaman,TS Chisoro,Haris Sohail,4,0,4
Pakistan,2,Fakhar Zaman,TS Chisoro,Haris Sohail,1,0,1
Pakistan,2,Haris Sohail,TS Chisoro,Fakhar Zaman,0,0,0
Pakistan,3,Fakhar Zaman,CB Mpofu,Haris Sohail,1,0,1
Pakistan,3,Haris Sohail,CB Mpofu,Fakhar Zaman,1,0,1
Pakistan,3,Fakhar Zaman,CB Mpofu,Haris Sohail,0,0,0
Pakistan,3,Fakhar Zaman,CB Mpofu,Haris Sohail,0,1,1
Pakistan,3,Fakhar Zaman,CB Mpofu,Haris Sohail,1,0,1
Pakistan,3,Haris Sohail,CB Mpofu,Fakhar Zaman,0,1,1
Pakistan,3,Haris Sohail,CB Mpofu,Fakhar Zaman,1,0,1
Pakistan,3,Fakhar Zaman,CB Mpofu,Haris Sohail,1,0,1
Pakistan,4,Fakhar Zaman,B Muzarabani,Haris Sohail,4,0,4
Pakistan,4,Fakhar Zaman,B Muzarabani,Haris Sohail,1,0,1
Pakistan,4,Haris Sohail,B Muzarabani,Fakhar Zaman,0,1,1
Pakistan,4,Haris Sohail,B Muzarabani,Fakhar Zaman,1,0,1
Pakistan,4,Fakhar Zaman,B Muzarabani,Haris Sohail,2,0,2
Pakistan,4,Fakhar Zaman,B Muzarabani,Haris Sohail,0,0,0
Pakistan,4,Fakhar Zaman,B Muzarabani,Haris Sohail,1,0,1
Pakistan,5,Fakhar Zaman,CB Mpofu,Haris Sohail,1,0,1
Pakistan,5,Haris Sohail,CB Mpofu,Fakhar Zaman,1,0,1
Pakistan,5,Fakhar Zaman,CB Mpofu,Haris Sohail,1,0,1
Pakistan,5,Haris Sohail,CB Mpofu,Fakhar Zaman,1,0,1
Pakistan,5,Fakhar Zaman,CB Mpofu,Haris Sohail,1,0,1
Pakistan,5,Haris Sohail,CB Mpofu,Fakhar Zaman,1,0,1
Pakistan,6,Haris Sohail,WP Masakadza,Fakhar Zaman,2,0,2
Pakistan,6,Haris Sohail,WP Masakadza,Fakhar Zaman,0,0,0
Pakistan,6,Fakhar Zaman,WP Masakadza,Hussain Talat,0,0,0
Pakistan,6,Fakhar Zaman,WP Masakadza,Hussain Talat,1,0,1
Pakistan,6,Hussain Talat,WP Masakadza,Fakhar Zaman,1,0,1
Pakistan,6,Fakhar Zaman,WP Masakadza,Hussain Talat,1,0,1
Pakistan,7,Fakhar Zaman,MN Waller,Hussain Talat,1,0,1
Pakistan,7,Hussain Talat,MN Waller,Fakhar Zaman,1,0,1
Pakistan,7,Fakhar Zaman,MN Waller,Hussain Talat,0,0,0
Pakistan,7,Fakhar Zaman,MN Waller,Hussain Talat,1,0,1
Pakistan,7,Hussain Talat,MN Waller,Fakhar Zaman,1,0,1
Pakistan,7,Fakhar Zaman,MN Waller,Hussain Talat,0,0,0
Pakistan,8,Hussain Talat,WP Masakadza,Fakhar Zaman,1,0,1
Pakistan,8,Fakhar Zaman,WP Masakadza,Hussain Talat,1,0,1
Pakistan,8,Hussain Talat,WP Masakadza,Fakhar Zaman,2,0,2
Pakistan,8,Hussain Talat,WP Masakadza,Fakhar Zaman,1,0,1
Pakistan,8,Fakhar Zaman,WP Masakadza,Hussain Talat,0,0,0
Pakistan,8,Fakhar Zaman,WP Masakadza,Hussain Talat,1,0,1
Pakistan,9,Fakhar Zaman,MN Waller,Hussain Talat,1,0,1
Pakistan,9,Hussain Talat,MN Waller,Fakhar Zaman,2,0,2
Pakistan,9,Hussain Talat,MN Waller,Fakhar Zaman,2,0,2
Pakistan,9,Hussain Talat,MN Waller,Fakhar Zaman,2,0,2
Pakistan,9,Hussain Talat,MN Waller,Fakhar Zaman,6,0,6
Pakistan,9,Hussain Talat,MN Waller,Fakhar Zaman,1,0,1
Pakistan,10,Hussain Talat,WP Masakadza,Fakhar Zaman,1,0,1
Pakistan,10,Fakhar Zaman,WP Masakadza,Hussain Talat,1,0,1
Pakistan,10,Hussain Talat,WP Masakadza,Fakhar Zaman,2,0,2
Pakistan,10,Hussain Talat,WP Masakadza,Fakhar Zaman,2,0,2
Pakistan,10,Hussain Talat,WP Masakadza,Fakhar Zaman,1,0,1
Pakistan,10,Fakhar Zaman,WP Masakadza,Hussain Talat,0,0,0
Pakistan,11,Hussain Talat,SF Mire,Fakhar Zaman,2,0,2
Pakistan,11,Hussain Talat,SF Mire,Fakhar Zaman,1,0,1
Pakistan,11,Fakhar Zaman,SF Mire,Hussain Talat,0,0,0
Pakistan,11,Fakhar Zaman,SF Mire,Hussain Talat,0,0,0
Pakistan,11,Hussain Talat,SF Mire,Sarfraz Ahmed,0,0,0
Pakistan,11,Hussain Talat,SF Mire,Sarfraz Ahmed,1,0,1
Pakistan,12,Hussain Talat,TS Chisoro,Sarfraz Ahmed,0,0,0
Pakistan,12,Hussain Talat,TS Chisoro,Sarfraz Ahmed,0,0,0
Pakistan,12,Hussain Talat,TS Chisoro,Sarfraz Ahmed,1,0,1
Pakistan,12,Sarfraz Ahmed,TS Chisoro,Hussain Talat,1,0,1
Pakistan,12,Hussain Talat,TS Chisoro,Sarfraz Ahmed,1,0,1
Pakistan,12,Sarfraz Ahmed,TS Chisoro,Hussain Talat,0,0,0
Pakistan,13,Hussain Talat,SF Mire,Sarfraz Ahmed,1,0,1
Pakistan,13,Sarfraz Ahmed,SF Mire,Hussain Talat,0,1,1
Pakistan,13,Sarfraz Ahmed,SF Mire,Hussain Talat,1,0,1
Pakistan,13,Hussain Talat,SF Mire,Sarfraz Ahmed,1,0,1
Pakistan,13,Sarfraz Ahmed,SF Mire,Hussain Talat,4,0,4
Pakistan,13,Sarfraz Ahmed,SF Mire,Hussain Talat,1,0,1
Pakistan,13,Hussain Talat,SF Mire,Sarfraz Ahmed,2,0,2
Pakistan,14,Sarfraz Ahmed,WP Masakadza,Hussain Talat,4,0,4
Pakistan,14,Sarfraz Ahmed,WP Masakadza,Hussain Talat,2,0,2
Pakistan,14,Sarfraz Ahmed,WP Masakadza,Hussain Talat,1,0,1
Pakistan,14,Hussain Talat,WP Masakadza,Sarfraz Ahmed,1,0,1
Pakistan,14,Sarfraz Ahmed,WP Masakadza,Hussain Talat,4,0,4
Pakistan,14,Sarfraz Ahmed,WP Masakadza,Hussain Talat,0,0,0
Pakistan,15,Hussain Talat,TS Chisoro,Sarfraz Ahmed,1,0,1
Pakistan,15,Sarfraz Ahmed,TS Chisoro,Hussain Talat,4,0,4
Pakistan,15,Sarfraz Ahmed,TS Chisoro,Hussain Talat,1,0,1
Pakistan,15,Hussain Talat,TS Chisoro,Sarfraz Ahmed,0,0,0
Pakistan,15,Hussain Talat,TS Chisoro,Sarfraz Ahmed,2,0,2
Pakistan,15,Hussain Talat,TS Chisoro,Sarfraz Ahmed,1,0,1
Pakistan,16,Hussain Talat,B Muzarabani,Sarfraz Ahmed,1,0,1
Pakistan,16,Sarfraz Ahmed,B Muzarabani,Hussain Talat,0,0,0
Pakistan,16,Sarfraz Ahmed,B Muzarabani,Hussain Talat,0,0,0
Pakistan,16,Sarfraz Ahmed,B Muzarabani,Hussain Talat,1,0,1
Pakistan,16,Hussain Talat,B Muzarabani,Sarfraz Ahmed,2,0,2
Pakistan,16,Hussain Talat,B Muzarabani,Sarfraz Ahmed,0,0,0
Pakistan,17,Sarfraz Ahmed,CB Mpofu,Hussain Talat,1,0,1
Pakistan,17,Hussain Talat,CB Mpofu,Sarfraz Ahmed,0,1,1
Pakistan,17,Hussain Talat,CB Mpofu,Sarfraz Ahmed,0,1,1
Pakistan,17,Hussain Talat,CB Mpofu,Sarfraz Ahmed,0,0,0
Pakistan,17,Shoaib Malik,CB Mpofu,Sarfraz Ahmed,4,0,4
Pakistan,17,Shoaib Malik,CB Mpofu,Sarfraz Ahmed,2,0,2
Pakistan,17,Shoaib Malik,CB Mpofu,Sarfraz Ahmed,4,0,4
Pakistan,17,Shoaib Malik,CB Mpofu,Sarfraz Ahmed,1,0,1
Pakistan,18,Shoaib Malik,B Muzarabani,Sarfraz Ahmed,1,0,1
Pakistan,18,Sarfraz Ahmed,B Muzarabani,Shoaib Malik,2,0,2
Pakistan,18,Sarfraz Ahmed,B Muzarabani,Shoaib Malik,2,0,2
Pakistan,18,Sarfraz Ahmed,B Muzarabani,Shoaib Malik,4,0,4
Pakistan,18,Sarfraz Ahmed,B Muzarabani,Shoaib Malik,1,0,1
Pakistan,18,Shoaib Malik,B Muzarabani,Sarfraz Ahmed,0,0,0
Pakistan,19,Sarfraz Ahmed,CB Mpofu,Shoaib Malik,4,0,4
