Team,Over,Batter,Bowler,Non_Striker,Batter_Runs,Extras,Total_Runs
South Africa,0,Q de Kock,CAK Rajitha,HM Amla,4,0,4
South Africa,0,Q de Kock,CAK Rajitha,HM Amla,4,0,4
South Africa,0,Q de Kock,CAK Rajitha,HM Amla,0,0,0
South Africa,0,Q de Kock,CAK Rajitha,HM Amla,4,0,4
South Africa,0,Q de Kock,CAK Rajitha,HM Amla,1,0,1
South Africa,0,HM Amla,CAK Rajitha,Q de Kock,0,0,0
South Africa,1,Q de Kock,DM de Silva,HM Amla,0,0,0
South Africa,1,Q de Kock,DM de Silva,HM Amla,1,0,1
South Africa,1,HM Amla,DM de Silva,Q de Kock,0,0,0
South Africa,1,HM Amla,DM de Silva,Q de Kock,0,0,0
South Africa,1,HM Amla,DM de Silva,Q de Kock,0,0,0
South Africa,1,RR Hendricks,DM de Silva,Q de Kock,0,0,0
South Africa,2,Q de Kock,A Dananjaya,RR Hendricks,1,0,1
South Africa,2,RR Hendricks,A Dananjaya,Q de Kock,1,0,1
South Africa,2,Q de Kock,A Dananjaya,RR Hendricks,1,0,1
South Africa,2,RR Hendricks,A Dananjaya,Q de Kock,0,0,0
South Africa,2,RR Hendricks,A Dananjaya,Q de Kock,0,0,0
South Africa,2,RR Hendricks,A Dananjaya,Q de Kock,1,0,1
South Africa,3,RR Hendricks,DM de Silva,Q de Kock,0,1,1
South Africa,3,RR Hendricks,DM de Silva,Q de Kock,6,0,6
South Africa,3,RR Hendricks,DM de Silva,Q de Kock,1,0,1
South Africa,3,Q de Kock,DM de Silva,RR Hendricks,4,0,4
South Africa,3,Q de Kock,DM de Silva,RR Hendricks,0,0,0
South Africa,3,RR Hendricks,DM de Silva,JP Duminy,1,0,1
South Africa,3,JP Duminy,DM de Silva,RR Hendricks,0,0,0
South Africa,4,RR Hendricks,CAK Rajitha,JP Duminy,4,0,4
South Africa,4,RR Hendricks,CAK Rajitha,JP Duminy,4,0,4
South Africa,4,RR Hendricks,CAK Rajitha,JP Duminy,1,0,1
South Africa,4,JP Duminy,CAK Rajitha,RR Hendricks,0,0,0
South Africa,4,JP Duminy,CAK Rajitha,RR Hendricks,1,0,1
South Africa,4,RR Hendricks,CAK Rajitha,JP Duminy,0,1,1
South Africa,5,RR Hendricks,A Dananjaya,JP Duminy,0,0,0
South Africa,5,RR Hendricks,A Dananjaya,JP Duminy,0,0,0
South Africa,5,RR Hendricks,A Dananjaya,JP Duminy,0,0,0
South Africa,5,H Klaasen,A Dananjaya,JP Duminy,0,0,0
South Africa,5,H Klaasen,A Dananjaya,JP Duminy,6,0,6
South Africa,5,H Klaasen,A Dananjaya,JP Duminy,0,0,0
South Africa,6,JP Duminy,PADLR Sandakan,H Klaasen,0,0,0
South Africa,6,JP Duminy,PADLR Sandakan,H Klaasen,1,0,1
South Africa,6,H Klaasen,PADLR Sandakan,JP Duminy,0,0,0
South Africa,6,H Klaasen,PADLR Sandakan,JP Duminy,4,0,4
South Africa,6,H Klaasen,PADLR Sandakan,JP Duminy,1,0,1
South Africa,6,JP Duminy,PADLR Sandakan,H Klaasen,0,0,0
South Africa,7,H Klaasen,DM de Silva,JP Duminy,0,0,0
South Africa,7,H Klaasen,DM de Silva,JP Duminy,0,0,0
South Africa,7,H Klaasen,DM de Silva,JP Duminy,1,0,1
South Africa,7,JP Duminy,DM de Silva,H Klaasen,1,0,1
South Africa,7,H Klaasen,DM de Silva,JP Duminy,1,0,1
South Africa,7,JP Duminy,DM de Silva,H Klaasen,0,0,0
South Africa,8,H Klaasen,PADLR Sandakan,DA Miller,1,0,1
South Africa,8,DA Miller,PADLR Sandakan,H Klaasen,0,0,0
South Africa,8,DA Miller,PADLR Sandakan,H Klaasen,1,0,1
South Africa,8,H Klaasen,PADLR Sandakan,DA Miller,1,0,1
South Africa,8,DA Miller,PADLR Sandakan,H Klaasen,4,0,4
South Africa,8,DA Miller,PADLR Sandakan,H Klaasen,0,0,0
South Africa,9,H Klaasen,DM de Silva,DA Miller,1,0,1
South Africa,9,DA Miller,DM de Silva,H Klaasen,1,0,1
South Africa,9,H Klaasen,DM de Silva,DA Miller,1,0,1
South Africa,9,DA Miller,DM de Silva,H Klaasen,1,0,1
South Africa,9,H Klaasen,DM de Silva,DA Miller,1,0,1
South Africa,9,DA Miller,DM de Silva,H Klaasen,0,0,0
South Africa,10,H Klaasen,PADLR Sandakan,DA Miller,0,0,0
South Africa,10,AL Phehlukwayo,PADLR Sandakan,DA Miller,0,0,0
South Africa,10,AL Phehlukwayo,PADLR Sandakan,DA Miller,0,0,0
South Africa,10,AL Phehlukwayo,PADLR Sandakan,DA Miller,0,0,0
South Africa,10,K Rabada,PADLR Sandakan,DA Miller,0,4,4
South Africa,10,K Rabada,PADLR Sandakan,DA Miller,0,0,0
South Africa,11,DA Miller,A Dananjaya,CJ Dala,1,0,1
South Africa,11,CJ Dala,A Dananjaya,DA Miller,0,0,0
South Africa,11,CJ Dala,A Dananjaya,DA Miller,0,1,1
South Africa,11,CJ Dala,A Dananjaya,DA Miller,0,1,1
South Africa,11,DA Miller,A Dananjaya,CJ Dala,0,0,0
South Africa,11,DA Miller,A Dananjaya,CJ Dala,1,0,1
South Africa,11,CJ Dala,A Dananjaya,DA Miller,1,0,1
South Africa,12,CJ Dala,PADLR Sandakan,DA Miller,0,0,0
South Africa,12,CJ Dala,PADLR Sandakan,DA Miller,1,0,1
South Africa,12,DA Miller,PADLR Sandakan,CJ Dala,4,0,4
South Africa,12,DA Miller,PADLR Sandakan,CJ Dala,0,0,0
South Africa,12,DA Miller,PADLR Sandakan,CJ Dala,1,0,1
South Africa,12,CJ Dala,PADLR Sandakan,DA Miller,0,0,0
South Africa,13,DA Miller,A Dananjaya,CJ Dala,0,0,0
South Africa,13,DA Miller,A Dananjaya,CJ Dala,0,0,0
South Africa,13,DA Miller,A Dananjaya,CJ Dala,0,0,0
South Africa,13,CJ Dala,A Dananjaya,L Ngidi,0,0,0
South Africa,13,CJ Dala,A Dananjaya,L Ngidi,0,0,0
South Africa,13,CJ Dala,A Dananjaya,L Ngidi,1,0,1
South Africa,14,CJ Dala,I Udana,L Ngidi,1,0,1
South Africa,14,L Ngidi,I Udana,CJ Dala,1,0,1
South Africa,14,CJ Dala,I Udana,L Ngidi,0,0,0
South Africa,14,CJ Dala,I Udana,L Ngidi,1,0,1
South Africa,14,L Ngidi,I Udana,CJ Dala,1,0,1
South Africa,14,CJ Dala,I Udana,L Ngidi,0,0,0
South Africa,15,L Ngidi,CAK Rajitha,CJ Dala,1,0,1
South Africa,15,CJ Dala,CAK Rajitha,L Ngidi,1,0,1
South Africa,15,L Ngidi,CAK Rajitha,CJ Dala,1,0,1
South Africa,15,CJ Dala,CAK Rajitha,L Ngidi,1,0,1
South Africa,15,L Ngidi,CAK Rajitha,CJ Dala,0,0,0
South Africa,15,L Ngidi,CAK Rajitha,CJ Dala,0,0,0
South Africa,16,CJ Dala,I Udana,T Shamsi,4,0,4
South Africa,16,CJ Dala,I Udana,T Shamsi,1,0,1
South Africa,16,T Shamsi,I Udana,CJ Dala,0,0,0
South Africa,16,T Shamsi,I Udana,CJ Dala,0,0,0
Sri Lanka,0,MDKJ Perera,K Rabada,BKG Mendis,1,0,1
Sri Lanka,0,BKG Mendis,K Rabada,MDKJ Perera,1,0,1
Sri Lanka,0,MDKJ Perera,K Rabada,BKG Mendis,2,0,2
Sri Lanka,0,MDKJ Perera,K Rabada,BKG Mendis,0,0,0
Sri Lanka,0,LD Chandimal,K Rabada,BKG Mendis,1,1,2
Sri Lanka,0,BKG Mendis,K Rabada,LD Chandimal,0,0,0
Sri Lanka,0,BKG Mendis,K Rabada,LD Chandimal,0,0,0
Sri Lanka,1,LD Chandimal,L Ngidi,DM de Silva,0,0,0
Sri Lanka,1,LD Chandimal,L Ngidi,DM de Silva,1,0,1
Sri Lanka,1,DM de Silva,L Ngidi,LD Chandimal,0,0,0
Sri Lanka,1,DM de Silva,L Ngidi,LD Chandimal,0,0,0
Sri Lanka,1,DM de Silva,L Ngidi,LD Chandimal,1,0,1
Sri Lanka,1,LD Chandimal,L Ngidi,DM de Silva,0,0,0
Sri Lanka,2,DM de Silva,K Rabada,LD Chandimal,0,0,0
Sri Lanka,2,DM de Silva,K Rabada,LD Chandimal,1,0,1
Sri Lanka,2,LD Chandimal,K Rabada,DM de Silva,1,0,1
Sri Lanka,2,DM de Silva,K Rabada,LD Chandimal,4,0,4
Sri Lanka,2,DM de Silva,K Rabada,LD Chandimal,0,0,0
Sri Lanka,2,DM de Silva,K Rabada,LD Chandimal,1,0,1
Sri Lanka,3,DM de Silva,L Ngidi,LD Chandimal,6,0,6
Sri Lanka,3,DM de Silva,L Ngidi,LD Chandimal,0,0,0
Sri Lanka,3,DM de Silva,L Ngidi,LD Chandimal,0,0,0
Sri Lanka,3,DM de Silva,L Ngidi,LD Chandimal,4,0,4
Sri Lanka,3,DM de Silva,L Ngidi,LD Chandimal,4,0,4
Sri Lanka,3,DM de Silva,L Ngidi,LD Chandimal,0,0,0
Sri Lanka,4,LD Chandimal,K Rabada,DM de Silva,4,0,4
Sri Lanka,4,LD Chandimal,K Rabada,DM de Silva,0,0,0
Sri Lanka,4,LD Chandimal,K Rabada,DM de Silva,0,0,0
Sri Lanka,4,LD Chandimal,K Rabada,DM de Silva,1,0,1
Sri Lanka,4,DM de Silva,K Rabada,LD Chandimal,0,0,0
Sri Lanka,4,DM de Silva,K Rabada,LD Chandimal,0,0,0
Sri Lanka,5,LD Chandimal,T Shamsi,DM de Silva,0,1,1
Sri Lanka,5,LD Chandimal,T Shamsi,DM de Silva,4,0,4
Sri Lanka,5,LD Chandimal,T Shamsi,DM de Silva,6,0,6
Sri Lanka,5,LD Chandimal,T Shamsi,DM de Silva,0,0,0
Sri Lanka,5,LD Chandimal,T Shamsi,DM de Silva,0,0,0
Sri Lanka,5,LD Chandimal,T Shamsi,DM de Silva,1,0,1
Sri Lanka,5,DM de Silva,T Shamsi,LD Chandimal,0,0,0
Sri Lanka,6,LD Chandimal,K Rabada,DM de Silva,1,0,1
Sri Lanka,6,DM de Silva,K Rabada,LD Chandimal,0,0,0
Sri Lanka,6,DM de Silva,K Rabada,LD Chandimal,4,0,4
Sri Lanka,6,DM de Silva,K Rabada,LD Chandimal,0,0,0
Sri Lanka,6,DM de Silva,K Rabada,LD Chandimal,0,1,1
Sri Lanka,6,DM de Silva,K Rabada,LD Chandimal,0,0,0
Sri Lanka,6,DM de Silva,K Rabada,LD Chandimal,0,0,0
Sri Lanka,7,LD Chandimal,CJ Dala,DM de Silva,1,0,1
Sri Lanka,7,DM de Silva,CJ Dala,LD Chandimal,6,0,6
Sri Lanka,7,DM de Silva,CJ Dala,LD Chandimal,0,0,0
Sri Lanka,7,DM de Silva,CJ Dala,LD Chandimal,0,0,0
Sri Lanka,7,LD Chandimal,CJ Dala,AD Mathews,0,0,0
Sri Lanka,7,LD Chandimal,CJ Dala,AD Mathews,4,0,4
Sri Lanka,8,AD Mathews,T Shamsi,LD Chandimal,0,0,0
Sri Lanka,8,AD Mathews,T Shamsi,LD Chandimal,0,0,0
Sri Lanka,8,AD Mathews,T Shamsi,LD Chandimal,0,0,0
Sri Lanka,8,MD Shanaka,T Shamsi,LD Chandimal,0,0,0
Sri Lanka,8,MD Shanaka,T Shamsi,LD Chandimal,0,0,0
Sri Lanka,8,MD Shanaka,T Shamsi,LD Chandimal,1,0,1
Sri Lanka,9,MD Shanaka,CJ Dala,LD Chandimal,0,0,0
Sri Lanka,9,MD Shanaka,CJ Dala,LD Chandimal,0,0,0
Sri Lanka,9,MD Shanaka,CJ Dala,LD Chandimal,0,0,0
Sri Lanka,9,MD Shanaka,CJ Dala,LD Chandimal,1,0,1
Sri Lanka,9,LD Chandimal,CJ Dala,MD Shanaka,0,0,0
Sri Lanka,9,LD Chandimal,CJ Dala,MD Shanaka,1,0,1
Sri Lanka,10,LD Chandimal,T Shamsi,MD Shanaka,1,0,1
Sri Lanka,10,MD Shanaka,T Shamsi,LD Chandimal,0,0,0
Sri Lanka,10,MD Shanaka,T Shamsi,LD Chandimal,4,0,4
Sri Lanka,10,MD Shanaka,T Shamsi,LD Chandimal,4,0,4
Sri Lanka,10,MD Shanaka,T Shamsi,LD Chandimal,4,0,4
Sri Lanka,10,MD Shanaka,T Shamsi,LD Chandimal,0,0,0
Sri Lanka,11,LD Chandimal,CJ Dala,MD Shanaka,1,0,1
Sri Lanka,11,MD Shanaka,CJ Dala,LD Chandimal,2,0,2
Sri Lanka,11,MD Shanaka,CJ Dala,LD Chandimal,0,0,0
Sri Lanka,11,MD Shanaka,CJ Dala,LD Chandimal,0,0,0
Sri Lanka,11,MD Shanaka,CJ Dala,LD Chandimal,0,0,0
Sri Lanka,11,LD Chandimal,CJ Dala,NLTC Perera,0,1,1
Sri Lanka,11,LD Chandimal,CJ Dala,NLTC Perera,0,0,0
Sri Lanka,12,NLTC Perera,T Shamsi,LD Chandimal,0,0,0
Sri Lanka,12,NLTC Perera,T Shamsi,LD Chandimal,0,0,0
Sri Lanka,12,A Dananjaya,T Shamsi,LD Chandimal,0,0,0
Sri Lanka,12,A Dananjaya,T Shamsi,LD Chandimal,0,0,0
Sri Lanka,12,A Dananjaya,T Shamsi,LD Chandimal,0,0,0
Sri Lanka,12,A Dananjaya,T Shamsi,LD Chandimal,0,0,0
Sri Lanka,13,LD Chandimal,CJ Dala,A Dananjaya,0,0,0
Sri Lanka,13,LD Chandimal,CJ Dala,A Dananjaya,0,1,1
Sri Lanka,13,LD Chandimal,CJ Dala,A Dananjaya,1,0,1
Sri Lanka,13,A Dananjaya,CJ Dala,LD Chandimal,1,0,1
Sri Lanka,13,LD Chandimal,CJ Dala,A Dananjaya,1,0,1
Sri Lanka,13,A Dananjaya,CJ Dala,LD Chandimal,1,0,1
Sri Lanka,13,LD Chandimal,CJ Dala,A Dananjaya,0,0,0
Sri Lanka,14,A Dananjaya,JP Duminy,LD Chandimal,0,0,0
Sri Lanka,14,I Udana,JP Duminy,LD Chandimal,1,0,1
Sri Lanka,14,LD Chandimal,JP Duminy,I Udana,1,0,1
Sri Lanka,14,I Udana,JP Duminy,LD Chandimal,0,0,0
Sri Lanka,14,I Udana,JP Duminy,LD Chandimal,0,0,0
Sri Lanka,14,I Udana,JP Duminy,LD Chandimal,0,0,0
Sri Lanka,15,LD Chandimal,L Ngidi,I Udana,0,0,0
Sri Lanka,15,LD Chandimal,L Ngidi,I Udana,0,0,0
Sri Lanka,15,LD Chandimal,L Ngidi,I Udana,2,0,2
Sri Lanka,15,LD Chandimal,L Ngidi,I Udana,2,0,2
Sri Lanka,15,LD Chandimal,L Ngidi,I Udana,1,0,1
Sri Lanka,15,I Udana,L Ngidi,LD Chandimal,4,0,4
