Team,Over,Batter,Bowler,Non_Striker,Batter_Runs,Extras,Total_Runs
Ireland,0,PR Stirling,PM Seelaar,JNK Shannon,4,0,4
Ireland,0,PR Stirling,PM Seelaar,JNK Shannon,2,0,2
Ireland,0,PR Stirling,PM Seelaar,JNK Shannon,4,0,4
Ireland,0,PR Stirling,PM Seelaar,JNK Shannon,4,0,4
Ireland,0,PR Stirling,PM Seelaar,JNK Shannon,0,0,0
Ireland,0,PR Stirling,PM Seelaar,JNK Shannon,0,0,0
Ireland,1,JNK Shannon,S Snater,PR Stirling,2,0,2
Ireland,1,JNK Shannon,S Snater,PR Stirling,2,0,2
Ireland,1,JNK Shannon,S Snater,PR Stirling,2,0,2
Ireland,1,JNK Shannon,S Snater,PR Stirling,0,0,0
Ireland,1,JNK Shannon,S Snater,PR Stirling,0,0,0
Ireland,1,JNK Shannon,S Snater,PR Stirling,0,0,0
Ireland,2,PR Stirling,FJ Klaassen,JNK Shannon,1,0,1
Ireland,2,JNK Shannon,FJ Klaassen,PR Stirling,0,0,0
Ireland,2,JNK Shannon,FJ Klaassen,PR Stirling,4,0,4
Ireland,2,JNK Shannon,FJ Klaassen,PR Stirling,4,0,4
Ireland,2,JNK Shannon,FJ Klaassen,PR Stirling,0,0,0
Ireland,2,JNK Shannon,FJ Klaassen,PR Stirling,6,0,6
Ireland,3,PR Stirling,S Snater,JNK Shannon,1,0,1
Ireland,3,JNK Shannon,S Snater,PR Stirling,1,0,1
Ireland,3,PR Stirling,S Snater,JNK Shannon,4,0,4
Ireland,3,PR Stirling,S Snater,JNK Shannon,1,0,1
Ireland,3,JNK Shannon,S Snater,PR Stirling,4,0,4
Ireland,3,JNK Shannon,S Snater,PR Stirling,4,0,4
Ireland,4,PR Stirling,PA van Meekeren,JNK Shannon,4,1,5
Ireland,4,PR Stirling,PA van Meekeren,JNK Shannon,1,0,1
Ireland,4,JNK Shannon,PA van Meekeren,PR Stirling,0,1,1
Ireland,4,PR Stirling,PA van Meekeren,JNK Shannon,0,0,0
Ireland,4,PR Stirling,PA van Meekeren,JNK Shannon,0,0,0
Ireland,4,PR Stirling,PA van Meekeren,JNK Shannon,1,0,1
Ireland,4,JNK Shannon,PA van Meekeren,PR Stirling,0,0,0
Ireland,5,PR Stirling,FJ Klaassen,JNK Shannon,0,0,0
Ireland,5,WTS Porterfield,FJ Klaassen,JNK Shannon,0,0,0
Ireland,5,WTS Porterfield,FJ Klaassen,JNK Shannon,1,0,1
Ireland,5,JNK Shannon,FJ Klaassen,WTS Porterfield,2,0,2
Ireland,5,JNK Shannon,FJ Klaassen,WTS Porterfield,0,0,0
Ireland,5,JNK Shannon,FJ Klaassen,WTS Porterfield,0,0,0
Ireland,6,WTS Porterfield,PM Seelaar,JNK Shannon,1,0,1
Ireland,6,JNK Shannon,PM Seelaar,WTS Porterfield,0,0,0
Ireland,6,JNK Shannon,PM Seelaar,WTS Porterfield,0,0,0
Ireland,6,Simi Singh,PM Seelaar,WTS Porterfield,0,0,0
Ireland,6,Simi Singh,PM Seelaar,WTS Porterfield,2,0,2
Ireland,6,Simi Singh,PM Seelaar,WTS Porterfield,1,0,1
Ireland,7,Simi Singh,PA van Meekeren,WTS Porterfield,0,0,0
Ireland,7,Simi Singh,PA van Meekeren,WTS Porterfield,1,0,1
Ireland,7,WTS Porterfield,PA van Meekeren,Simi Singh,1,0,1
Ireland,7,Simi Singh,PA van Meekeren,WTS Porterfield,4,0,4
Ireland,7,Simi Singh,PA van Meekeren,WTS Porterfield,1,0,1
Ireland,7,WTS Porterfield,PA van Meekeren,Simi Singh,0,1,1
Ireland,7,WTS Porterfield,PA van Meekeren,Simi Singh,2,0,2
Ireland,8,Simi Singh,RE van der Merwe,WTS Porterfield,4,0,4
Ireland,8,Simi Singh,RE van der Merwe,WTS Porterfield,0,0,0
Ireland,8,Simi Singh,RE van der Merwe,WTS Porterfield,0,0,0
Ireland,8,GC Wilson,RE van der Merwe,WTS Porterfield,1,0,1
Ireland,8,WTS Porterfield,RE van der Merwe,GC Wilson,0,0,0
Ireland,8,WTS Porterfield,RE van der Merwe,GC Wilson,2,0,2
Ireland,9,GC Wilson,FJ Klaassen,WTS Porterfield,0,0,0
Ireland,9,GC Wilson,FJ Klaassen,WTS Porterfield,0,0,0
Ireland,9,GC Wilson,FJ Klaassen,WTS Porterfield,0,0,0
Ireland,9,GC Wilson,FJ Klaassen,WTS Porterfield,1,0,1
Ireland,9,WTS Porterfield,FJ Klaassen,GC Wilson,1,0,1
Ireland,9,GC Wilson,FJ Klaassen,WTS Porterfield,0,0,0
Ireland,10,WTS Porterfield,RE van der Merwe,GC Wilson,1,0,1
Ireland,10,GC Wilson,RE van der Merwe,WTS Porterfield,1,0,1
Ireland,10,WTS Porterfield,RE van der Merwe,GC Wilson,4,0,4
Ireland,10,WTS Porterfield,RE van der Merwe,GC Wilson,1,0,1
Ireland,10,GC Wilson,RE van der Merwe,WTS Porterfield,1,0,1
Ireland,10,WTS Porterfield,RE van der Merwe,GC Wilson,0,0,0
Ireland,11,GC Wilson,MP O'Dowd,WTS Porterfield,1,0,1
Ireland,11,WTS Porterfield,MP O'Dowd,GC Wilson,1,0,1
Ireland,11,GC Wilson,MP O'Dowd,WTS Porterfield,1,0,1
Ireland,11,WTS Porterfield,MP O'Dowd,GC Wilson,1,0,1
Ireland,11,GC Wilson,MP O'Dowd,WTS Porterfield,2,0,2
Ireland,11,GC Wilson,MP O'Dowd,WTS Porterfield,0,0,0
Ireland,12,WTS Porterfield,PM Seelaar,GC Wilson,1,0,1
Ireland,12,GC Wilson,PM Seelaar,WTS Porterfield,1,0,1
Ireland,12,WTS Porterfield,PM Seelaar,GC Wilson,1,0,1
Ireland,12,GC Wilson,PM Seelaar,WTS Porterfield,1,0,1
Ireland,12,WTS Porterfield,PM Seelaar,GC Wilson,0,0,0
Ireland,12,WTS Porterfield,PM Seelaar,GC Wilson,1,0,1
Ireland,13,WTS Porterfield,S Snater,GC Wilson,1,0,1
Ireland,13,GC Wilson,S Snater,WTS Porterfield,1,0,1
Ireland,13,WTS Porterfield,S Snater,GC Wilson,0,0,0
Ireland,13,GC Wilson,S Snater,KJ O'Brien,1,0,1
Ireland,13,KJ O'Brien,S Snater,GC Wilson,6,0,6
Ireland,13,KJ O'Brien,S Snater,GC Wilson,4,0,4
Ireland,14,GC Wilson,PM Seelaar,KJ O'Brien,1,0,1
Ireland,14,KJ O'Brien,PM Seelaar,GC Wilson,1,0,1
Ireland,14,GC Wilson,PM Seelaar,KJ O'Brien,2,0,2
Ireland,14,GC Wilson,PM Seelaar,KJ O'Brien,1,0,1
Ireland,14,KJ O'Brien,PM Seelaar,GC Wilson,1,0,1
Ireland,14,GC Wilson,PM Seelaar,KJ O'Brien,1,0,1
Ireland,15,GC Wilson,RE van der Merwe,KJ O'Brien,1,0,1
Ireland,15,KJ O'Brien,RE van der Merwe,GC Wilson,1,0,1
Ireland,15,GC Wilson,RE van der Merwe,KJ O'Brien,0,0,0
Ireland,15,GC Wilson,RE van der Merwe,KJ O'Brien,1,0,1
Ireland,15,KJ O'Brien,RE van der Merwe,GC Wilson,0,0,0
Ireland,15,GC Wilson,RE van der Merwe,SR Thompson,1,0,1
Ireland,16,GC Wilson,FJ Klaassen,SR Thompson,1,0,1
Ireland,16,SR Thompson,FJ Klaassen,GC Wilson,1,0,1
Ireland,16,GC Wilson,FJ Klaassen,SR Thompson,1,0,1
Ireland,16,SR Thompson,FJ Klaassen,GC Wilson,1,0,1
Ireland,16,GC Wilson,FJ Klaassen,SR Thompson,4,0,4
Ireland,16,GC Wilson,FJ Klaassen,SR Thompson,1,0,1
Ireland,17,GC Wilson,PA van Meekeren,SR Thompson,1,0,1
Ireland,17,SR Thompson,PA van Meekeren,GC Wilson,1,0,1
Ireland,17,GC Wilson,PA van Meekeren,SR Thompson,0,0,0
Ireland,17,GC Wilson,PA van Meekeren,SR Thompson,6,0,6
Ireland,17,GC Wilson,PA van Meekeren,SR Thompson,1,0,1
Ireland,17,SR Thompson,PA van Meekeren,GC Wilson,0,0,0
Ireland,18,GC Wilson,RE van der Merwe,SW Poynter,0,0,0
Ireland,18,GC Wilson,RE van der Merwe,SW Poynter,1,0,1
Ireland,18,SW Poynter,RE van der Merwe,GC Wilson,1,0,1
Ireland,18,GC Wilson,RE van der Merwe,SW Poynter,0,0,0
Ireland,18,GC Wilson,RE van der Merwe,SW Poynter,2,0,2
Ireland,18,GC Wilson,RE van der Merwe,SW Poynter,1,0,1
Ireland,19,GC Wilson,PA van Meekeren,SW Poynter,0,1,1
Ireland,19,SW Poynter,PA van Meekeren,GC Wilson,1,0,1
Ireland,19,GC Wilson,PA van Meekeren,SW Poynter,4,0,4
Ireland,19,GC Wilson,PA van Meekeren,SW Poynter,0,0,0
Ireland,19,GC Wilson,PA van Meekeren,SW Poynter,0,0,0
Ireland,19,GC Wilson,PA van Meekeren,SW Poynter,2,0,2
Netherlands,0,TP Visee,GH Dockrell,MP O'Dowd,2,0,2
Netherlands,0,TP Visee,GH Dockrell,MP O'Dowd,0,0,0
Netherlands,0,TP Visee,GH Dockrell,MP O'Dowd,1,0,1
Netherlands,0,MP O'Dowd,GH Dockrell,TP Visee,1,0,1
Netherlands,0,TP Visee,GH Dockrell,MP O'Dowd,4,0,4
Netherlands,0,TP Visee,GH Dockrell,MP O'Dowd,0,0,0
Netherlands,1,MP O'Dowd,BJ McCarthy,TP Visee,1,0,1
Netherlands,1,TP Visee,BJ McCarthy,MP O'Dowd,4,0,4
Netherlands,1,TP Visee,BJ McCarthy,MP O'Dowd,0,0,0
Netherlands,1,TP Visee,BJ McCarthy,MP O'Dowd,1,0,1
Netherlands,1,MP O'Dowd,BJ McCarthy,TP Visee,4,0,4
Netherlands,1,MP O'Dowd,BJ McCarthy,TP Visee,0,0,0
Netherlands,2,TP Visee,WB Rankin,MP O'Dowd,1,0,1
Netherlands,2,MP O'Dowd,WB Rankin,TP Visee,4,0,4
Netherlands,2,MP O'Dowd,WB Rankin,TP Visee,1,0,1
Netherlands,2,TP Visee,WB Rankin,MP O'Dowd,0,0,0
Netherlands,2,TP Visee,WB Rankin,MP O'Dowd,4,0,4
Netherlands,2,TP Visee,WB Rankin,MP O'Dowd,4,0,4
Netherlands,3,MP O'Dowd,GH Dockrell,TP Visee,0,0,0
Netherlands,3,MP O'Dowd,GH Dockrell,TP Visee,1,0,1
Netherlands,3,TP Visee,GH Dockrell,MP O'Dowd,4,0,4
Netherlands,3,TP Visee,GH Dockrell,MP O'Dowd,0,0,0
Netherlands,3,TP Visee,GH Dockrell,MP O'Dowd,0,0,0
Netherlands,3,BN Cooper,GH Dockrell,MP O'Dowd,1,0,1
Netherlands,4,BN Cooper,Simi Singh,MP O'Dowd,1,0,1
Netherlands,4,MP O'Dowd,Simi Singh,BN Cooper,0,0,0
Netherlands,4,MP O'Dowd,Simi Singh,BN Cooper,1,0,1
Netherlands,4,BN Cooper,Simi Singh,MP O'Dowd,0,0,0
Netherlands,4,BN Cooper,Simi Singh,MP O'Dowd,0,1,1
Netherlands,4,BN Cooper,Simi Singh,MP O'Dowd,4,0,4
Netherlands,4,BN Cooper,Simi Singh,MP O'Dowd,1,0,1
Netherlands,5,BN Cooper,BJ McCarthy,MP O'Dowd,1,0,1
Netherlands,5,MP O'Dowd,BJ McCarthy,BN Cooper,2,0,2
Netherlands,5,MP O'Dowd,BJ McCarthy,BN Cooper,4,0,4
Netherlands,5,MP O'Dowd,BJ McCarthy,BN Cooper,0,0,0
Netherlands,5,MP O'Dowd,BJ McCarthy,BN Cooper,6,0,6
Netherlands,5,MP O'Dowd,BJ McCarthy,BN Cooper,4,0,4
Netherlands,6,BN Cooper,SR Thompson,MP O'Dowd,1,0,1
Netherlands,6,MP O'Dowd,SR Thompson,BN Cooper,0,0,0
Netherlands,6,MP O'Dowd,SR Thompson,BN Cooper,2,0,2
Netherlands,6,MP O'Dowd,SR Thompson,BN Cooper,1,0,1
Netherlands,6,BN Cooper,SR Thompson,MP O'Dowd,0,0,0
Netherlands,6,BN Cooper,SR Thompson,MP O'Dowd,1,0,1
Netherlands,7,BN Cooper,Simi Singh,MP O'Dowd,0,0,0
Netherlands,7,BFW de Leede,Simi Singh,MP O'Dowd,1,0,1
Netherlands,7,MP O'Dowd,Simi Singh,BFW de Leede,1,0,1
Netherlands,7,BFW de Leede,Simi Singh,MP O'Dowd,0,0,0
Netherlands,7,BFW de Leede,Simi Singh,MP O'Dowd,1,0,1
Netherlands,7,MP O'Dowd,Simi Singh,BFW de Leede,1,0,1
Netherlands,8,MP O'Dowd,SR Thompson,BFW de Leede,1,0,1
Netherlands,8,BFW de Leede,SR Thompson,MP O'Dowd,0,1,1
Netherlands,8,BFW de Leede,SR Thompson,MP O'Dowd,1,0,1
Netherlands,8,MP O'Dowd,SR Thompson,BFW de Leede,0,0,0
Netherlands,8,MP O'Dowd,SR Thompson,BFW de Leede,4,0,4
Netherlands,8,MP O'Dowd,SR Thompson,BFW de Leede,0,1,1
Netherlands,8,MP O'Dowd,SR Thompson,BFW de Leede,0,1,1
Netherlands,8,MP O'Dowd,SR Thompson,BFW de Leede,0,0,0
Netherlands,8,RE van der Merwe,SR Thompson,BFW de Leede,2,0,2
Netherlands,9,BFW de Leede,WB Rankin,RE van der Merwe,1,0,1
Netherlands,9,RE van der Merwe,WB Rankin,BFW de Leede,1,0,1
Netherlands,9,BFW de Leede,WB Rankin,RE van der Merwe,0,0,0
Netherlands,9,BFW de Leede,WB Rankin,RE van der Merwe,1,0,1
Netherlands,9,RE van der Merwe,WB Rankin,BFW de Leede,1,0,1
Netherlands,9,BFW de Leede,WB Rankin,RE van der Merwe,0,0,0
Netherlands,10,RE van der Merwe,SR Thompson,BFW de Leede,1,0,1
Netherlands,10,BFW de Leede,SR Thompson,RE van der Merwe,0,0,0
Netherlands,10,BFW de Leede,SR Thompson,RE van der Merwe,1,0,1
Netherlands,10,RE van der Merwe,SR Thompson,BFW de Leede,6,0,6
Netherlands,10,RE van der Merwe,SR Thompson,BFW de Leede,1,0,1
Netherlands,10,BFW de Leede,SR Thompson,RE van der Merwe,0,0,0
Netherlands,11,RE van der Merwe,GH Dockrell,BFW de Leede,1,0,1
Netherlands,11,BFW de Leede,GH Dockrell,RE van der Merwe,0,0,0
Netherlands,11,PM Seelaar,GH Dockrell,RE van der Merwe,1,0,1
Netherlands,11,RE van der Merwe,GH Dockrell,PM Seelaar,4,0,4
Netherlands,11,RE van der Merwe,GH Dockrell,PM Seelaar,1,0,1
Netherlands,11,PM Seelaar,GH Dockrell,RE van der Merwe,0,0,0
Netherlands,12,RE van der Merwe,WB Rankin,PM Seelaar,4,0,4
Netherlands,12,RE van der Merwe,WB Rankin,PM Seelaar,0,1,1
Netherlands,12,RE van der Merwe,WB Rankin,PM Seelaar,0,0,0
Netherlands,12,RE van der Merwe,WB Rankin,PM Seelaar,0,0,0
Netherlands,12,RE van der Merwe,WB Rankin,PM Seelaar,1,0,1
Netherlands,12,PM Seelaar,WB Rankin,RE van der Merwe,2,0,2
Netherlands,12,PM Seelaar,WB Rankin,RE van der Merwe,2,0,2
Netherlands,13,RE van der Merwe,Simi Singh,PM Seelaar,1,0,1
Netherlands,13,PM Seelaar,Simi Singh,RE van der Merwe,1,0,1
Netherlands,13,RE van der Merwe,Simi Singh,PM Seelaar,1,0,1
Netherlands,13,PM Seelaar,Simi Singh,RE van der Merwe,1,0,1
Netherlands,13,RE van der Merwe,Simi Singh,PM Seelaar,0,0,0
Netherlands,13,RE van der Merwe,Simi Singh,PM Seelaar,1,0,1
Netherlands,14,RE van der Merwe,GH Dockrell,PM Seelaar,4,0,4
Netherlands,14,RE van der Merwe,GH Dockrell,PM Seelaar,1,0,1
Netherlands,14,PM Seelaar,GH Dockrell,RE van der Merwe,0,0,0
Netherlands,14,PM Seelaar,GH Dockrell,RE van der Merwe,2,0,2
Netherlands,14,PM Seelaar,GH Dockrell,RE van der Merwe,1,0,1
Netherlands,14,RE van der Merwe,GH Dockrell,PM Seelaar,1,0,1
Netherlands,15,RE van der Merwe,Simi Singh,PM Seelaar,1,0,1
Netherlands,15,PM Seelaar,Simi Singh,RE van der Merwe,1,0,1
Netherlands,15,RE van der Merwe,Simi Singh,PM Seelaar,1,0,1
Netherlands,15,PM Seelaar,Simi Singh,RE van der Merwe,1,0,1
Netherlands,15,RE van der Merwe,Simi Singh,PM Seelaar,1,0,1
Netherlands,15,PM Seelaar,Simi Singh,RE van der Merwe,1,0,1
Netherlands,16,PM Seelaar,BJ McCarthy,RE van der Merwe,1,0,1
Netherlands,16,RE van der Merwe,BJ McCarthy,PM Seelaar,0,0,0
Netherlands,16,RE van der Merwe,BJ McCarthy,PM Seelaar,2,0,2
Netherlands,16,RE van der Merwe,BJ McCarthy,PM Seelaar,0,0,0
Netherlands,16,Sikander Zulfiqar,BJ McCarthy,PM Seelaar,0,0,0
Netherlands,16,Sikander Zulfiqar,BJ McCarthy,PM Seelaar,0,0,0
Netherlands,17,PM Seelaar,PR Stirling,Sikander Zulfiqar,0,1,1
Netherlands,17,PM Seelaar,PR Stirling,Sikander Zulfiqar,1,0,1
Netherlands,17,Sikander Zulfiqar,PR Stirling,PM Seelaar,1,0,1
Netherlands,17,PM Seelaar,PR Stirling,Sikander Zulfiqar,2,0,2
Netherlands,17,PM Seelaar,PR Stirling,Sikander Zulfiqar,1,0,1
Netherlands,17,Sikander Zulfiqar,PR Stirling,PM Seelaar,4,0,4
Netherlands,17,Sikander Zulfiqar,PR Stirling,PM Seelaar,0,0,0
Netherlands,18,PM Seelaar,BJ McCarthy,SA Edwards,2,0,2
Netherlands,18,PM Seelaar,BJ McCarthy,SA Edwards,1,0,1
Netherlands,18,SA Edwards,BJ McCarthy,PM Seelaar,1,0,1
Netherlands,18,PM Seelaar,BJ McCarthy,SA Edwards,1,0,1
Netherlands,18,SA Edwards,BJ McCarthy,PM Seelaar,4,0,4
Netherlands,18,SA Edwards,BJ McCarthy,PM Seelaar,4,0,4
