Team,Over,Batter,Bowler,Non_Striker,Batter_Runs,Extras,Total_Runs
Pakistan,0,Mohammad Hafeez,J Nyumbu,Fakhar Zaman,0,0,0
Pakistan,0,Mohammad Hafeez,J Nyumbu,Fakhar Zaman,6,0,6
Pakistan,0,Mohammad Hafeez,J Nyumbu,Fakhar Zaman,0,0,0
Pakistan,0,Mohammad Hafeez,J Nyumbu,Fakhar Zaman,0,0,0
Pakistan,0,Mohammad Hafeez,J Nyumbu,Fakhar Zaman,0,0,0
Pakistan,0,Mohammad Hafeez,J Nyumbu,Fakhar Zaman,0,0,0
Pakistan,1,Fakhar Zaman,KM Jarvis,Mohammad Hafeez,0,0,0
Pakistan,1,Fakhar Zaman,KM Jarvis,Mohammad Hafeez,3,0,3
Pakistan,1,Mohammad Hafeez,KM Jarvis,Fakhar Zaman,1,0,1
Pakistan,1,Fakhar Zaman,KM Jarvis,Mohammad Hafeez,2,0,2
Pakistan,1,Fakhar Zaman,KM Jarvis,Mohammad Hafeez,1,0,1
Pakistan,1,Mohammad Hafeez,KM Jarvis,Fakhar Zaman,0,0,0
Pakistan,2,Hussain Talat,B Muzarabani,Fakhar Zaman,1,0,1
Pakistan,2,Fakhar Zaman,B Muzarabani,Hussain Talat,0,0,0
Pakistan,2,Fakhar Zaman,B Muzarabani,Hussain Talat,0,0,0
Pakistan,2,Fakhar Zaman,B Muzarabani,Hussain Talat,1,0,1
Pakistan,2,Hussain Talat,B Muzarabani,Fakhar Zaman,1,0,1
Pakistan,2,Fakhar Zaman,B Muzarabani,Hussain Talat,1,0,1
Pakistan,3,Fakhar Zaman,J Nyumbu,Hussain Talat,0,0,0
Pakistan,3,Fakhar Zaman,J Nyumbu,Hussain Talat,0,0,0
Pakistan,3,Fakhar Zaman,J Nyumbu,Hussain Talat,6,0,6
Pakistan,3,Fakhar Zaman,J Nyumbu,Hussain Talat,4,0,4
Pakistan,3,Fakhar Zaman,J Nyumbu,Hussain Talat,0,0,0
Pakistan,3,Fakhar Zaman,J Nyumbu,Hussain Talat,0,0,0
Pakistan,4,Hussain Talat,B Muzarabani,Fakhar Zaman,4,0,4
Pakistan,4,Hussain Talat,B Muzarabani,Fakhar Zaman,2,0,2
Pakistan,4,Hussain Talat,B Muzarabani,Fakhar Zaman,0,0,0
Pakistan,4,Hussain Talat,B Muzarabani,Fakhar Zaman,1,0,1
Pakistan,4,Fakhar Zaman,B Muzarabani,Hussain Talat,0,0,0
Pakistan,4,Fakhar Zaman,B Muzarabani,Hussain Talat,6,0,6
Pakistan,5,Hussain Talat,KM Jarvis,Fakhar Zaman,0,0,0
Pakistan,5,Hussain Talat,KM Jarvis,Fakhar Zaman,0,0,0
Pakistan,5,Hussain Talat,KM Jarvis,Fakhar Zaman,1,0,1
Pakistan,5,Fakhar Zaman,KM Jarvis,Hussain Talat,1,0,1
Pakistan,5,Hussain Talat,KM Jarvis,Fakhar Zaman,0,0,0
Pakistan,5,Hussain Talat,KM Jarvis,Fakhar Zaman,0,0,0
Pakistan,6,Fakhar Zaman,CJ Chibhabha,Hussain Talat,0,1,1
Pakistan,6,Fakhar Zaman,CJ Chibhabha,Hussain Talat,1,0,1
Pakistan,6,Hussain Talat,CJ Chibhabha,Fakhar Zaman,0,0,0
Pakistan,6,Sarfraz Ahmed,CJ Chibhabha,Fakhar Zaman,1,0,1
Pakistan,6,Fakhar Zaman,CJ Chibhabha,Sarfraz Ahmed,2,0,2
Pakistan,6,Fakhar Zaman,CJ Chibhabha,Sarfraz Ahmed,1,0,1
Pakistan,6,Sarfraz Ahmed,CJ Chibhabha,Fakhar Zaman,0,1,1
Pakistan,7,Sarfraz Ahmed,TS Chisoro,Fakhar Zaman,2,0,2
Pakistan,7,Sarfraz Ahmed,TS Chisoro,Fakhar Zaman,0,0,0
Pakistan,7,Sarfraz Ahmed,TS Chisoro,Fakhar Zaman,0,0,0
Pakistan,7,Sarfraz Ahmed,TS Chisoro,Fakhar Zaman,1,0,1
Pakistan,7,Fakhar Zaman,TS Chisoro,Sarfraz Ahmed,4,0,4
Pakistan,7,Fakhar Zaman,TS Chisoro,Sarfraz Ahmed,2,0,2
Pakistan,8,Sarfraz Ahmed,CJ Chibhabha,Fakhar Zaman,1,0,1
Pakistan,8,Fakhar Zaman,CJ Chibhabha,Sarfraz Ahmed,1,0,1
Pakistan,8,Sarfraz Ahmed,CJ Chibhabha,Fakhar Zaman,2,0,2
Pakistan,8,Sarfraz Ahmed,CJ Chibhabha,Fakhar Zaman,1,0,1
Pakistan,8,Fakhar Zaman,CJ Chibhabha,Sarfraz Ahmed,2,0,2
Pakistan,8,Fakhar Zaman,CJ Chibhabha,Sarfraz Ahmed,0,0,0
Pakistan,9,Sarfraz Ahmed,TS Chisoro,Fakhar Zaman,0,0,0
Pakistan,9,Sarfraz Ahmed,TS Chisoro,Fakhar Zaman,4,0,4
Pakistan,9,Sarfraz Ahmed,TS Chisoro,Fakhar Zaman,4,0,4
Pakistan,9,Sarfraz Ahmed,TS Chisoro,Fakhar Zaman,0,5,5
Pakistan,9,Sarfraz Ahmed,TS Chisoro,Fakhar Zaman,0,0,0
Pakistan,9,Sarfraz Ahmed,TS Chisoro,Fakhar Zaman,0,0,0
Pakistan,9,Sarfraz Ahmed,TS Chisoro,Fakhar Zaman,0,0,0
Pakistan,10,Fakhar Zaman,SF Mire,Shoaib Malik,0,0,0
Pakistan,10,Fakhar Zaman,SF Mire,Shoaib Malik,0,0,0
Pakistan,10,Fakhar Zaman,SF Mire,Shoaib Malik,1,0,1
Pakistan,10,Shoaib Malik,SF Mire,Fakhar Zaman,2,0,2
Pakistan,10,Shoaib Malik,SF Mire,Fakhar Zaman,0,0,0
Pakistan,10,Shoaib Malik,SF Mire,Fakhar Zaman,0,0,0
Pakistan,11,Fakhar Zaman,J Nyumbu,Shoaib Malik,1,0,1
Pakistan,11,Shoaib Malik,J Nyumbu,Fakhar Zaman,1,0,1
Pakistan,11,Fakhar Zaman,J Nyumbu,Shoaib Malik,6,0,6
Pakistan,11,Fakhar Zaman,J Nyumbu,Shoaib Malik,1,0,1
Pakistan,11,Shoaib Malik,J Nyumbu,Fakhar Zaman,4,0,4
Pakistan,11,Shoaib Malik,J Nyumbu,Fakhar Zaman,3,0,3
Pakistan,12,Shoaib Malik,SF Mire,Fakhar Zaman,4,0,4
Pakistan,12,Shoaib Malik,SF Mire,Fakhar Zaman,1,0,1
Pakistan,12,Fakhar Zaman,SF Mire,Shoaib Malik,1,0,1
Pakistan,12,Shoaib Malik,SF Mire,Fakhar Zaman,1,0,1
Pakistan,12,Fakhar Zaman,SF Mire,Shoaib Malik,2,0,2
Pakistan,12,Fakhar Zaman,SF Mire,Shoaib Malik,3,0,3
Pakistan,13,Fakhar Zaman,RP Burl,Shoaib Malik,4,0,4
Pakistan,13,Fakhar Zaman,RP Burl,Shoaib Malik,1,0,1
Pakistan,13,Shoaib Malik,RP Burl,Fakhar Zaman,1,0,1
Pakistan,13,Fakhar Zaman,RP Burl,Shoaib Malik,1,0,1
Pakistan,13,Shoaib Malik,RP Burl,Fakhar Zaman,0,0,0
Pakistan,13,Shoaib Malik,RP Burl,Fakhar Zaman,1,0,1
Pakistan,14,Shoaib Malik,TS Chisoro,Fakhar Zaman,1,0,1
Pakistan,14,Fakhar Zaman,TS Chisoro,Shoaib Malik,2,0,2
Pakistan,14,Fakhar Zaman,TS Chisoro,Shoaib Malik,0,0,0
Pakistan,14,Fakhar Zaman,TS Chisoro,Shoaib Malik,0,0,0
Pakistan,14,Asif Ali,TS Chisoro,Shoaib Malik,0,0,0
Pakistan,14,Asif Ali,TS Chisoro,Shoaib Malik,1,0,1
Pakistan,15,Asif Ali,CJ Chibhabha,Shoaib Malik,0,0,0
Pakistan,15,Asif Ali,CJ Chibhabha,Shoaib Malik,1,0,1
Pakistan,15,Shoaib Malik,CJ Chibhabha,Asif Ali,2,0,2
Pakistan,15,Shoaib Malik,CJ Chibhabha,Asif Ali,1,0,1
Pakistan,15,Asif Ali,CJ Chibhabha,Shoaib Malik,6,0,6
Pakistan,15,Asif Ali,CJ Chibhabha,Shoaib Malik,6,0,6
Pakistan,16,Shoaib Malik,TS Chisoro,Asif Ali,1,0,1
Pakistan,16,Asif Ali,TS Chisoro,Shoaib Malik,0,0,0
Pakistan,16,Asif Ali,TS Chisoro,Shoaib Malik,0,0,0
Pakistan,16,Asif Ali,TS Chisoro,Shoaib Malik,0,0,0
Pakistan,16,Asif Ali,TS Chisoro,Shoaib Malik,1,0,1
Pakistan,16,Shoaib Malik,TS Chisoro,Asif Ali,0,0,0
Pakistan,17,Asif Ali,B Muzarabani,Shoaib Malik,4,0,4
Pakistan,17,Asif Ali,B Muzarabani,Shoaib Malik,1,0,1
Pakistan,17,Shoaib Malik,B Muzarabani,Asif Ali,1,0,1
Pakistan,17,Asif Ali,B Muzarabani,Shoaib Malik,1,0,1
Pakistan,17,Shoaib Malik,B Muzarabani,Asif Ali,2,0,2
Pakistan,17,Shoaib Malik,B Muzarabani,Asif Ali,6,0,6
Pakistan,18,Asif Ali,SF Mire,Shoaib Malik,6,0,6
Pakistan,18,Asif Ali,SF Mire,Shoaib Malik,0,0,0
Pakistan,18,Asif Ali,SF Mire,Shoaib Malik,0,1,1
Pakistan,18,Asif Ali,SF Mire,Shoaib Malik,2,0,2
Pakistan,18,Asif Ali,SF Mire,Shoaib Malik,2,0,2
Pakistan,18,Asif Ali,SF Mire,Shoaib Malik,1,0,1
Pakistan,18,Shoaib Malik,SF Mire,Asif Ali,0,2,2
Pakistan,18,Asif Ali,SF Mire,Shoaib Malik,0,0,0
Pakistan,19,Shoaib Malik,B Muzarabani,Asif Ali,2,0,2
Pakistan,19,Shoaib Malik,B Muzarabani,Asif Ali,0,0,0
Pakistan,19,Shoaib Malik,B Muzarabani,Asif Ali,2,0,2
Pakistan,19,Shoaib Malik,B Muzarabani,Asif Ali,1,0,1
Pakistan,19,Asif Ali,B Muzarabani,Shoaib Malik,6,0,6
Pakistan,19,Asif Ali,B Muzarabani,Shoaib Malik,3,0,3
Zimbabwe,0,SF Mire,Mohammad Nawaz (3),CJ Chibhabha,0,0,0
Zimbabwe,0,SF Mire,Mohammad Nawaz (3),CJ Chibhabha,0,0,0
Zimbabwe,0,SF Mire,Mohammad Nawaz (3),CJ Chibhabha,1,0,1
Zimbabwe,0,CJ Chibhabha,Mohammad Nawaz (3),SF Mire,0,0,0
Zimbabwe,0,CJ Chibhabha,Mohammad Nawaz (3),SF Mire,0,0,0
Zimbabwe,0,CJ Chibhabha,Mohammad Nawaz (3),SF Mire,0,0,0
Zimbabwe,1,SF Mire,Usman Shinwari,H Masakadza,0,0,0
Zimbabwe,1,SF Mire,Usman Shinwari,H Masakadza,0,0,0
Zimbabwe,1,SF Mire,Usman Shinwari,H Masakadza,4,0,4
Zimbabwe,1,SF Mire,Usman Shinwari,H Masakadza,0,0,0
Zimbabwe,1,SF Mire,Usman Shinwari,H Masakadza,0,0,0
Zimbabwe,1,SF Mire,Usman Shinwari,H Masakadza,0,0,0
Zimbabwe,2,H Masakadza,Mohammad Nawaz (3),SF Mire,1,0,1
Zimbabwe,2,SF Mire,Mohammad Nawaz (3),H Masakadza,0,0,0
Zimbabwe,2,SF Mire,Mohammad Nawaz (3),H Masakadza,0,0,0
Zimbabwe,2,SF Mire,Mohammad Nawaz (3),H Masakadza,1,0,1
Zimbabwe,2,H Masakadza,Mohammad Nawaz (3),SF Mire,0,0,0
Zimbabwe,2,H Masakadza,Mohammad Nawaz (3),SF Mire,0,0,0
Zimbabwe,3,SF Mire,Faheem Ashraf,H Masakadza,0,1,1
Zimbabwe,3,SF Mire,Faheem Ashraf,H Masakadza,0,0,0
Zimbabwe,3,SF Mire,Faheem Ashraf,H Masakadza,0,0,0
Zimbabwe,3,SF Mire,Faheem Ashraf,H Masakadza,0,0,0
Zimbabwe,3,SF Mire,Faheem Ashraf,H Masakadza,0,0,0
Zimbabwe,3,SF Mire,Faheem Ashraf,H Masakadza,2,0,2
Zimbabwe,3,SF Mire,Faheem Ashraf,H Masakadza,6,0,6
Zimbabwe,4,H Masakadza,Hasan Ali,SF Mire,0,0,0
Zimbabwe,4,H Masakadza,Hasan Ali,SF Mire,6,0,6
Zimbabwe,4,H Masakadza,Hasan Ali,SF Mire,0,0,0
Zimbabwe,4,H Masakadza,Hasan Ali,SF Mire,0,0,0
Zimbabwe,4,H Masakadza,Hasan Ali,SF Mire,0,0,0
Zimbabwe,4,TK Musakanda,Hasan Ali,SF Mire,0,1,1
Zimbabwe,4,TK Musakanda,Hasan Ali,SF Mire,0,0,0
Zimbabwe,5,SF Mire,Usman Shinwari,TK Musakanda,0,0,0
Zimbabwe,5,SF Mire,Usman Shinwari,TK Musakanda,1,0,1
Zimbabwe,5,TK Musakanda,Usman Shinwari,SF Mire,1,0,1
Zimbabwe,5,SF Mire,Usman Shinwari,TK Musakanda,0,0,0
Zimbabwe,5,SF Mire,Usman Shinwari,TK Musakanda,1,0,1
Zimbabwe,5,TK Musakanda,Usman Shinwari,SF Mire,1,0,1
Zimbabwe,6,TK Musakanda,Shadab Khan,SF Mire,0,0,0
Zimbabwe,6,TK Musakanda,Shadab Khan,SF Mire,1,0,1
Zimbabwe,6,SF Mire,Shadab Khan,TK Musakanda,3,0,3
Zimbabwe,6,TK Musakanda,Shadab Khan,SF Mire,2,0,2
Zimbabwe,6,TK Musakanda,Shadab Khan,SF Mire,1,0,1
Zimbabwe,6,SF Mire,Shadab Khan,TK Musakanda,0,0,0
Zimbabwe,7,TK Musakanda,Hussain Talat,SF Mire,2,0,2
Zimbabwe,7,TK Musakanda,Hussain Talat,SF Mire,0,0,0
Zimbabwe,7,TK Musakanda,Hussain Talat,SF Mire,2,0,2
Zimbabwe,7,TK Musakanda,Hussain Talat,SF Mire,2,0,2
Zimbabwe,7,TK Musakanda,Hussain Talat,SF Mire,4,0,4
Zimbabwe,7,TK Musakanda,Hussain Talat,SF Mire,1,0,1
Zimbabwe,8,TK Musakanda,Shadab Khan,SF Mire,1,0,1
Zimbabwe,8,SF Mire,Shadab Khan,TK Musakanda,6,0,6
Zimbabwe,8,SF Mire,Shadab Khan,TK Musakanda,0,0,0
Zimbabwe,8,SF Mire,Shadab Khan,TK Musakanda,1,0,1
Zimbabwe,8,TK Musakanda,Shadab Khan,SF Mire,0,0,0
Zimbabwe,8,TK Musakanda,Shadab Khan,SF Mire,2,0,2
Zimbabwe,9,SF Mire,Mohammad Nawaz (3),TK Musakanda,1,0,1
Zimbabwe,9,TK Musakanda,Mohammad Nawaz (3),SF Mire,1,0,1
Zimbabwe,9,SF Mire,Mohammad Nawaz (3),TK Musakanda,0,0,0
Zimbabwe,9,PJ Moor,Mohammad Nawaz (3),TK Musakanda,0,0,0
Zimbabwe,9,PJ Moor,Mohammad Nawaz (3),TK Musakanda,1,0,1
Zimbabwe,9,TK Musakanda,Mohammad Nawaz (3),PJ Moor,1,0,1
Zimbabwe,10,TK Musakanda,Shadab Khan,PJ Moor,1,0,1
Zimbabwe,10,PJ Moor,Shadab Khan,TK Musakanda,1,0,1
Zimbabwe,10,TK Musakanda,Shadab Khan,PJ Moor,2,0,2
Zimbabwe,10,TK Musakanda,Shadab Khan,PJ Moor,1,0,1
Zimbabwe,10,PJ Moor,Shadab Khan,TK Musakanda,0,0,0
Zimbabwe,10,PJ Moor,Shadab Khan,TK Musakanda,0,0,0
Zimbabwe,11,TK Musakanda,Faheem Ashraf,E Chigumbura,4,0,4
Zimbabwe,11,TK Musakanda,Faheem Ashraf,E Chigumbura,0,0,0
Zimbabwe,11,TK Musakanda,Faheem Ashraf,E Chigumbura,2,0,2
Zimbabwe,11,TK Musakanda,Faheem Ashraf,E Chigumbura,0,0,0
Zimbabwe,11,TK Musakanda,Faheem Ashraf,E Chigumbura,1,0,1
Zimbabwe,11,E Chigumbura,Faheem Ashraf,TK Musakanda,1,0,1
Zimbabwe,12,E Chigumbura,Mohammad Nawaz (3),TK Musakanda,0,1,1
Zimbabwe,12,TK Musakanda,Mohammad Nawaz (3),E Chigumbura,1,0,1
Zimbabwe,12,E Chigumbura,Mohammad Nawaz (3),TK Musakanda,0,0,0
Zimbabwe,12,E Chigumbura,Mohammad Nawaz (3),TK Musakanda,2,0,2
Zimbabwe,12,E Chigumbura,Mohammad Nawaz (3),TK Musakanda,0,0,0
Zimbabwe,12,E Chigumbura,Mohammad Nawaz (3),TK Musakanda,1,0,1
Zimbabwe,13,E Chigumbura,Hasan Ali,TK Musakanda,0,0,0
Zimbabwe,13,E Chigumbura,Hasan Ali,TK Musakanda,0,1,1
Zimbabwe,13,E Chigumbura,Hasan Ali,TK Musakanda,6,0,6
Zimbabwe,13,E Chigumbura,Hasan Ali,TK Musakanda,4,0,4
Zimbabwe,13,E Chigumbura,Hasan Ali,TK Musakanda,0,0,0
Zimbabwe,13,RP Burl,Hasan Ali,TK Musakanda,0,0,0
Zimbabwe,13,RP Burl,Hasan Ali,TK Musakanda,1,0,1
Zimbabwe,14,RP Burl,Shadab Khan,TK Musakanda,1,0,1
Zimbabwe,14,TK Musakanda,Shadab Khan,RP Burl,1,0,1
Zimbabwe,14,RP Burl,Shadab Khan,TK Musakanda,0,0,0
Zimbabwe,14,RP Burl,Shadab Khan,TK Musakanda,1,0,1
Zimbabwe,14,TK Musakanda,Shadab Khan,RP Burl,2,0,2
Zimbabwe,14,TK Musakanda,Shadab Khan,RP Burl,2,0,2
Zimbabwe,15,RP Burl,Faheem Ashraf,TK Musakanda,1,0,1
Zimbabwe,15,TK Musakanda,Faheem Ashraf,RP Burl,1,0,1
Zimbabwe,15,RP Burl,Faheem Ashraf,TK Musakanda,1,0,1
Zimbabwe,15,TK Musakanda,Faheem Ashraf,RP Burl,0,0,0
Zimbabwe,15,TK Musakanda,Faheem Ashraf,RP Burl,2,0,2
Zimbabwe,15,TK Musakanda,Faheem Ashraf,RP Burl,1,0,1
Zimbabwe,16,TK Musakanda,Usman Shinwari,RP Burl,0,0,0
Zimbabwe,16,RP Burl,Usman Shinwari,TS Chisoro,1,0,1
Zimbabwe,16,TS Chisoro,Usman Shinwari,RP Burl,1,0,1
Zimbabwe,16,RP Burl,Usman Shinwari,TS Chisoro,1,0,1
Zimbabwe,16,TS Chisoro,Usman Shinwari,RP Burl,0,0,0
Zimbabwe,16,B Muzarabani,Usman Shinwari,RP Burl,0,0,0
Zimbabwe,17,RP Burl,Mohammad Hafeez,B Muzarabani,2,0,2
Zimbabwe,17,RP Burl,Mohammad Hafeez,B Muzarabani,0,0,0
Zimbabwe,17,J Nyumbu,Mohammad Hafeez,B Muzarabani,0,0,0
Zimbabwe,17,J Nyumbu,Mohammad Hafeez,B Muzarabani,1,0,1
Zimbabwe,17,B Muzarabani,Mohammad Hafeez,J Nyumbu,0,0,0
