Team,Over,Batter,Bowler,Non_Striker,Batter_Runs,Extras,Total_Runs
Australia,0,DJM Short,B Kumar,AJ Finch,1,0,1
Australia,0,AJ Finch,B Kumar,DJM Short,0,0,0
Australia,0,AJ Finch,B Kumar,DJM Short,1,0,1
Australia,0,DJM Short,B Kumar,AJ Finch,4,0,4
Australia,0,DJM Short,B Kumar,AJ Finch,1,0,1
Australia,0,AJ Finch,B Kumar,DJM Short,0,1,1
Australia,1,AJ Finch,KK Ahmed,DJM Short,0,0,0
Australia,1,AJ Finch,KK Ahmed,DJM Short,4,0,4
Australia,1,AJ Finch,KK Ahmed,DJM Short,0,1,1
Australia,1,AJ Finch,KK Ahmed,DJM Short,2,0,2
Australia,1,AJ Finch,KK Ahmed,DJM Short,0,1,1
Australia,1,AJ Finch,KK Ahmed,DJM Short,0,0,0
Australia,1,AJ Finch,KK Ahmed,DJM Short,0,0,0
Australia,1,AJ Finch,KK Ahmed,DJM Short,0,0,0
Australia,2,DJM Short,B Kumar,AJ Finch,4,0,4
Australia,2,DJM Short,B Kumar,AJ Finch,0,0,0
Australia,2,DJM Short,B Kumar,AJ Finch,0,0,0
Australia,2,DJM Short,B Kumar,AJ Finch,0,0,0
Australia,2,DJM Short,B Kumar,AJ Finch,0,0,0
Australia,2,DJM Short,B Kumar,AJ Finch,1,0,1
Australia,3,DJM Short,JJ Bumrah,AJ Finch,4,0,4
Australia,3,DJM Short,JJ Bumrah,AJ Finch,0,0,0
Australia,3,DJM Short,JJ Bumrah,AJ Finch,1,0,1
Australia,3,AJ Finch,JJ Bumrah,DJM Short,0,0,0
Australia,3,AJ Finch,JJ Bumrah,DJM Short,1,0,1
Australia,3,DJM Short,JJ Bumrah,AJ Finch,1,0,1
Australia,4,DJM Short,KK Ahmed,AJ Finch,0,1,1
Australia,4,AJ Finch,KK Ahmed,DJM Short,4,0,4
Australia,4,AJ Finch,KK Ahmed,DJM Short,2,0,2
Australia,4,AJ Finch,KK Ahmed,DJM Short,1,0,1
Australia,4,DJM Short,KK Ahmed,AJ Finch,1,0,1
Australia,4,AJ Finch,KK Ahmed,DJM Short,4,0,4
Australia,5,DJM Short,JJ Bumrah,AJ Finch,1,0,1
Australia,5,AJ Finch,JJ Bumrah,DJM Short,1,0,1
Australia,5,DJM Short,JJ Bumrah,AJ Finch,1,0,1
Australia,5,AJ Finch,JJ Bumrah,DJM Short,1,0,1
Australia,5,DJM Short,JJ Bumrah,AJ Finch,0,0,0
Australia,5,DJM Short,JJ Bumrah,AJ Finch,4,0,4
Australia,6,AJ Finch,Kuldeep Yadav,DJM Short,0,0,0
Australia,6,AJ Finch,Kuldeep Yadav,DJM Short,1,0,1
Australia,6,DJM Short,Kuldeep Yadav,AJ Finch,0,0,0
Australia,6,DJM Short,Kuldeep Yadav,AJ Finch,0,0,0
Australia,6,DJM Short,Kuldeep Yadav,AJ Finch,2,0,2
Australia,6,DJM Short,Kuldeep Yadav,AJ Finch,0,0,0
Australia,7,AJ Finch,KH Pandya,DJM Short,1,0,1
Australia,7,DJM Short,KH Pandya,AJ Finch,1,0,1
Australia,7,AJ Finch,KH Pandya,DJM Short,1,0,1
Australia,7,DJM Short,KH Pandya,AJ Finch,4,0,4
Australia,7,DJM Short,KH Pandya,AJ Finch,1,0,1
Australia,7,AJ Finch,KH Pandya,DJM Short,4,0,4
Australia,8,DJM Short,Kuldeep Yadav,AJ Finch,1,0,1
Australia,8,AJ Finch,Kuldeep Yadav,DJM Short,0,2,2
Australia,8,DJM Short,Kuldeep Yadav,AJ Finch,0,1,1
Australia,8,AJ Finch,Kuldeep Yadav,DJM Short,0,0,0
Australia,8,GJ Maxwell,Kuldeep Yadav,DJM Short,0,1,1
Australia,8,GJ Maxwell,Kuldeep Yadav,DJM Short,0,0,0
Australia,8,GJ Maxwell,Kuldeep Yadav,DJM Short,4,0,4
Australia,8,GJ Maxwell,Kuldeep Yadav,DJM Short,0,0,0
Australia,9,DJM Short,KH Pandya,GJ Maxwell,0,0,0
Australia,9,BR McDermott,KH Pandya,GJ Maxwell,0,0,0
Australia,9,AT Carey,KH Pandya,GJ Maxwell,1,0,1
Australia,9,GJ Maxwell,KH Pandya,AT Carey,1,0,1
Australia,9,AT Carey,KH Pandya,GJ Maxwell,1,0,1
Australia,9,GJ Maxwell,KH Pandya,AT Carey,0,0,0
Australia,10,AT Carey,Kuldeep Yadav,GJ Maxwell,1,0,1
Australia,10,GJ Maxwell,Kuldeep Yadav,AT Carey,0,0,0
Australia,10,GJ Maxwell,Kuldeep Yadav,AT Carey,0,0,0
Australia,10,GJ Maxwell,Kuldeep Yadav,AT Carey,0,0,0
Australia,10,GJ Maxwell,Kuldeep Yadav,AT Carey,1,0,1
Australia,10,AT Carey,Kuldeep Yadav,GJ Maxwell,1,0,1
Australia,11,AT Carey,KK Ahmed,GJ Maxwell,0,0,0
Australia,11,AT Carey,KK Ahmed,GJ Maxwell,0,0,0
Australia,11,AT Carey,KK Ahmed,GJ Maxwell,1,0,1
Australia,11,GJ Maxwell,KK Ahmed,AT Carey,4,0,4
Australia,11,GJ Maxwell,KK Ahmed,AT Carey,0,0,0
Australia,11,GJ Maxwell,KK Ahmed,AT Carey,1,0,1
Australia,12,GJ Maxwell,Kuldeep Yadav,AT Carey,1,0,1
Australia,12,AT Carey,Kuldeep Yadav,GJ Maxwell,2,0,2
Australia,12,AT Carey,Kuldeep Yadav,GJ Maxwell,0,0,0
Australia,12,AT Carey,Kuldeep Yadav,GJ Maxwell,1,0,1
Australia,12,GJ Maxwell,Kuldeep Yadav,AT Carey,0,0,0
Australia,12,GJ Maxwell,Kuldeep Yadav,AT Carey,1,0,1
Australia,13,GJ Maxwell,KH Pandya,AT Carey,0,0,0
Australia,13,AT Carey,KH Pandya,CA Lynn,1,0,1
Australia,13,CA Lynn,KH Pandya,AT Carey,1,0,1
Australia,13,AT Carey,KH Pandya,CA Lynn,4,0,4
Australia,13,AT Carey,KH Pandya,CA Lynn,1,0,1
Australia,13,CA Lynn,KH Pandya,AT Carey,1,0,1
Australia,14,CA Lynn,KK Ahmed,AT Carey,0,1,1
Australia,14,CA Lynn,KK Ahmed,AT Carey,1,0,1
Australia,14,AT Carey,KK Ahmed,CA Lynn,0,0,0
Australia,14,AT Carey,KK Ahmed,CA Lynn,4,0,4
Australia,14,AT Carey,KK Ahmed,CA Lynn,1,0,1
Australia,14,CA Lynn,KK Ahmed,AT Carey,0,0,0
Australia,14,CA Lynn,KK Ahmed,AT Carey,0,1,1
Australia,14,CA Lynn,KK Ahmed,AT Carey,1,0,1
Australia,15,CA Lynn,KH Pandya,AT Carey,2,0,2
Australia,15,CA Lynn,KH Pandya,AT Carey,0,1,1
Australia,15,CA Lynn,KH Pandya,AT Carey,1,0,1
Australia,15,AT Carey,KH Pandya,CA Lynn,4,0,4
Australia,15,AT Carey,KH Pandya,CA Lynn,4,0,4
Australia,15,AT Carey,KH Pandya,CA Lynn,0,0,0
Australia,15,MP Stoinis,KH Pandya,CA Lynn,1,0,1
Australia,16,MP Stoinis,B Kumar,CA Lynn,1,0,1
Australia,16,CA Lynn,B Kumar,MP Stoinis,1,0,1
Australia,16,MP Stoinis,B Kumar,CA Lynn,1,0,1
Australia,16,CA Lynn,B Kumar,MP Stoinis,4,0,4
Australia,16,CA Lynn,B Kumar,MP Stoinis,1,0,1
Australia,16,MP Stoinis,B Kumar,CA Lynn,1,0,1
Australia,17,MP Stoinis,JJ Bumrah,CA Lynn,2,0,2
Australia,17,MP Stoinis,JJ Bumrah,CA Lynn,0,0,0
Australia,17,MP Stoinis,JJ Bumrah,NM Coulter-Nile,0,0,0
Australia,17,MP Stoinis,JJ Bumrah,NM Coulter-Nile,1,0,1
Australia,17,NM Coulter-Nile,JJ Bumrah,MP Stoinis,1,0,1
Australia,17,MP Stoinis,JJ Bumrah,NM Coulter-Nile,4,0,4
Australia,18,NM Coulter-Nile,B Kumar,MP Stoinis,2,0,2
Australia,18,NM Coulter-Nile,B Kumar,MP Stoinis,1,0,1
Australia,18,MP Stoinis,B Kumar,NM Coulter-Nile,1,0,1
Australia,18,NM Coulter-Nile,B Kumar,MP Stoinis,4,0,4
Australia,18,NM Coulter-Nile,B Kumar,MP Stoinis,0,0,0
Australia,18,NM Coulter-Nile,B Kumar,MP Stoinis,4,0,4
Australia,19,MP Stoinis,JJ Bumrah,NM Coulter-Nile,4,0,4
Australia,19,MP Stoinis,JJ Bumrah,NM Coulter-Nile,1,0,1
Australia,19,NM Coulter-Nile,JJ Bumrah,MP Stoinis,1,0,1
Australia,19,MP Stoinis,JJ Bumrah,NM Coulter-Nile,2,0,2
Australia,19,MP Stoinis,JJ Bumrah,NM Coulter-Nile,2,0,2
Australia,19,MP Stoinis,JJ Bumrah,NM Coulter-Nile,0,1,1
Australia,19,MP Stoinis,JJ Bumrah,NM Coulter-Nile,4,0,4
India,0,RG Sharma,MA Starc,S Dhawan,1,0,1
India,0,S Dhawan,MA Starc,RG Sharma,0,0,0
India,0,S Dhawan,MA Starc,RG Sharma,1,0,1
India,0,RG Sharma,MA Starc,S Dhawan,1,0,1
India,0,S Dhawan,MA Starc,RG Sharma,0,0,0
India,0,S Dhawan,MA Starc,RG Sharma,0,0,0
India,1,RG Sharma,NM Coulter-Nile,S Dhawan,4,0,4
India,1,RG Sharma,NM Coulter-Nile,S Dhawan,1,0,1
India,1,S Dhawan,NM Coulter-Nile,RG Sharma,0,0,0
India,1,S Dhawan,NM Coulter-Nile,RG Sharma,0,0,0
India,1,S Dhawan,NM Coulter-Nile,RG Sharma,0,0,0
India,1,S Dhawan,NM Coulter-Nile,RG Sharma,4,0,4
India,2,RG Sharma,MA Starc,S Dhawan,1,0,1
India,2,S Dhawan,MA Starc,RG Sharma,0,1,1
India,2,S Dhawan,MA Starc,RG Sharma,2,0,2
India,2,S Dhawan,MA Starc,RG Sharma,0,0,0
India,2,S Dhawan,MA Starc,RG Sharma,0,0,0
India,2,S Dhawan,MA Starc,RG Sharma,0,0,0
India,2,S Dhawan,MA Starc,RG Sharma,4,0,4
India,3,RG Sharma,NM Coulter-Nile,S Dhawan,0,1,1
India,3,RG Sharma,NM Coulter-Nile,S Dhawan,6,0,6
India,3,RG Sharma,NM Coulter-Nile,S Dhawan,1,0,1
India,3,S Dhawan,NM Coulter-Nile,RG Sharma,0,0,0
India,3,S Dhawan,NM Coulter-Nile,RG Sharma,2,0,2
India,3,S Dhawan,NM Coulter-Nile,RG Sharma,6,0,6
India,3,S Dhawan,NM Coulter-Nile,RG Sharma,4,0,4
India,4,RG Sharma,MP Stoinis,S Dhawan,0,0,0
India,4,RG Sharma,MP Stoinis,S Dhawan,6,0,6
India,4,RG Sharma,MP Stoinis,S Dhawan,1,0,1
India,4,S Dhawan,MP Stoinis,RG Sharma,0,1,1
India,4,S Dhawan,MP Stoinis,RG Sharma,6,0,6
India,4,S Dhawan,MP Stoinis,RG Sharma,4,0,4
India,4,S Dhawan,MP Stoinis,RG Sharma,4,0,4
India,5,RG Sharma,MA Starc,S Dhawan,1,0,1
India,5,S Dhawan,MA Starc,RG Sharma,4,0,4
India,5,S Dhawan,MA Starc,RG Sharma,0,0,0
India,5,V Kohli,MA Starc,RG Sharma,0,0,0
India,5,V Kohli,MA Starc,RG Sharma,0,0,0
India,5,V Kohli,MA Starc,RG Sharma,0,0,0
India,6,RG Sharma,A Zampa,V Kohli,0,0,0
India,6,RG Sharma,A Zampa,V Kohli,0,0,0
India,6,RG Sharma,A Zampa,V Kohli,0,0,0
India,6,RG Sharma,A Zampa,V Kohli,0,0,0
India,6,RG Sharma,A Zampa,V Kohli,0,0,0
India,6,KL Rahul,A Zampa,V Kohli,0,0,0
India,7,V Kohli,NM Coulter-Nile,KL Rahul,2,0,2
India,7,V Kohli,NM Coulter-Nile,KL Rahul,1,0,1
India,7,KL Rahul,NM Coulter-Nile,V Kohli,0,0,0
India,7,KL Rahul,NM Coulter-Nile,V Kohli,6,0,6
India,7,KL Rahul,NM Coulter-Nile,V Kohli,1,0,1
India,7,V Kohli,NM Coulter-Nile,KL Rahul,1,0,1
India,8,V Kohli,GJ Maxwell,KL Rahul,0,0,0
India,8,V Kohli,GJ Maxwell,KL Rahul,1,0,1
India,8,KL Rahul,GJ Maxwell,V Kohli,0,0,0
India,8,KL Rahul,GJ Maxwell,V Kohli,1,0,1
India,8,V Kohli,GJ Maxwell,KL Rahul,0,0,0
India,8,V Kohli,GJ Maxwell,KL Rahul,1,0,1
India,9,V Kohli,A Zampa,KL Rahul,2,0,2
India,9,V Kohli,A Zampa,KL Rahul,1,0,1
India,9,KL Rahul,A Zampa,V Kohli,0,2,2
India,9,V Kohli,A Zampa,KL Rahul,1,0,1
India,9,KL Rahul,A Zampa,V Kohli,0,0,0
India,9,KL Rahul,A Zampa,V Kohli,1,0,1
India,9,V Kohli,A Zampa,KL Rahul,4,0,4
India,10,KL Rahul,GJ Maxwell,V Kohli,1,0,1
India,10,V Kohli,GJ Maxwell,KL Rahul,1,0,1
India,10,KL Rahul,GJ Maxwell,V Kohli,0,0,0
India,10,KL Rahul,GJ Maxwell,V Kohli,0,0,0
India,10,KL Rahul,GJ Maxwell,V Kohli,0,0,0
India,10,KL Rahul,GJ Maxwell,V Kohli,1,0,1
India,11,KL Rahul,A Zampa,V Kohli,0,0,0
India,11,KL Rahul,A Zampa,V Kohli,0,0,0
India,11,KL Rahul,A Zampa,V Kohli,1,0,1
India,11,V Kohli,A Zampa,KL Rahul,2,0,2
India,11,V Kohli,A Zampa,KL Rahul,3,0,3
India,11,KL Rahul,A Zampa,V Kohli,1,0,1
India,12,KL Rahul,GJ Maxwell,V Kohli,0,0,0
India,12,KL Rahul,GJ Maxwell,V Kohli,1,0,1
India,12,V Kohli,GJ Maxwell,KL Rahul,2,0,2
India,12,V Kohli,GJ Maxwell,KL Rahul,2,0,2
India,12,V Kohli,GJ Maxwell,KL Rahul,1,0,1
India,12,KL Rahul,GJ Maxwell,V Kohli,0,0,0
India,13,RR Pant,AJ Tye,V Kohli,0,0,0
India,13,KD Karthik,AJ Tye,V Kohli,0,0,0
India,13,KD Karthik,AJ Tye,V Kohli,0,0,0
India,13,KD Karthik,AJ Tye,V Kohli,0,0,0
India,13,KD Karthik,AJ Tye,V Kohli,0,0,0
India,13,KD Karthik,AJ Tye,V Kohli,1,0,1
India,14,KD Karthik,A Zampa,V Kohli,1,0,1
India,14,V Kohli,A Zampa,KD Karthik,1,0,1
India,14,KD Karthik,A Zampa,V Kohli,1,0,1
India,14,V Kohli,A Zampa,KD Karthik,0,0,0
India,14,V Kohli,A Zampa,KD Karthik,1,0,1
India,14,KD Karthik,A Zampa,V Kohli,0,0,0
India,15,V Kohli,AJ Tye,KD Karthik,0,1,1
India,15,V Kohli,AJ Tye,KD Karthik,0,0,0
India,15,V Kohli,AJ Tye,KD Karthik,4,0,4
India,15,V Kohli,AJ Tye,KD Karthik,6,0,6
India,15,V Kohli,AJ Tye,KD Karthik,0,0,0
India,15,V Kohli,AJ Tye,KD Karthik,1,0,1
India,15,KD Karthik,AJ Tye,V Kohli,0,0,0
India,16,V Kohli,GJ Maxwell,KD Karthik,1,0,1
India,16,KD Karthik,GJ Maxwell,V Kohli,1,0,1
India,16,V Kohli,GJ Maxwell,KD Karthik,6,0,6
India,16,V Kohli,GJ Maxwell,KD Karthik,1,0,1
India,16,KD Karthik,GJ Maxwell,V Kohli,2,0,2
India,16,KD Karthik,GJ Maxwell,V Kohli,2,0,2
India,17,V Kohli,AJ Tye,KD Karthik,2,0,2
India,17,V Kohli,AJ Tye,KD Karthik,1,0,1
India,17,KD Karthik,AJ Tye,V Kohli,1,0,1
India,17,V Kohli,AJ Tye,KD Karthik,1,0,1
India,17,KD Karthik,AJ Tye,V Kohli,6,0,6
India,17,KD Karthik,AJ Tye,V Kohli,0,0,0
India,18,V Kohli,MA Starc,KD Karthik,2,0,2
India,18,V Kohli,MA Starc,KD Karthik,0,1,1
India,18,KD Karthik,MA Starc,V Kohli,4,0,4
India,18,KD Karthik,MA Starc,V Kohli,1,0,1
India,18,V Kohli,MA Starc,KD Karthik,1,0,1
India,18,KD Karthik,MA Starc,V Kohli,2,0,2
India,19,V Kohli,AJ Tye,KD Karthik,0,0,0
India,19,V Kohli,AJ Tye,KD Karthik,0,0,0
India,19,V Kohli,AJ Tye,KD Karthik,4,0,4
India,19,V Kohli,AJ Tye,KD Karthik,4,0,4
