Team,Over,Batter,Bowler,Non_Striker,Batter_Runs,Extras,Total_Runs
New Zealand,0,SFM Devine,ML Schutt,SW Bates,0,0,0
New Zealand,0,SFM Devine,ML Schutt,SW Bates,0,1,1
New Zealand,0,SW Bates,ML Schutt,SFM Devine,0,2,2
New Zealand,0,SFM Devine,ML Schutt,SW Bates,0,0,0
New Zealand,0,SFM Devine,ML Schutt,SW Bates,0,4,4
New Zealand,0,SFM Devine,ML Schutt,SW Bates,2,0,2
New Zealand,0,SFM Devine,ML Schutt,SW Bates,1,0,1
New Zealand,1,SFM Devine,EA Perry,SW Bates,1,0,1
New Zealand,1,SW Bates,EA Perry,SFM Devine,2,0,2
New Zealand,1,SW Bates,EA Perry,SFM Devine,0,0,0
New Zealand,1,SW Bates,EA Perry,SFM Devine,0,0,0
New Zealand,1,SW Bates,EA Perry,SFM Devine,2,0,2
New Zealand,1,SW Bates,EA Perry,SFM Devine,4,0,4
New Zealand,2,SFM Devine,ML Schutt,SW Bates,1,0,1
New Zealand,2,SW Bates,ML Schutt,SFM Devine,1,0,1
New Zealand,2,SFM Devine,ML Schutt,SW Bates,0,0,0
New Zealand,2,SFM Devine,ML Schutt,SW Bates,0,0,0
New Zealand,2,SFM Devine,ML Schutt,SW Bates,1,0,1
New Zealand,2,SW Bates,ML Schutt,SFM Devine,0,0,0
New Zealand,3,SFM Devine,S Molineux,SW Bates,4,0,4
New Zealand,3,SFM Devine,S Molineux,SW Bates,1,0,1
New Zealand,3,SW Bates,S Molineux,SFM Devine,0,0,0
New Zealand,3,SW Bates,S Molineux,SFM Devine,1,0,1
New Zealand,3,SFM Devine,S Molineux,SW Bates,0,1,1
New Zealand,3,SW Bates,S Molineux,SFM Devine,0,0,0
New Zealand,4,SFM Devine,DM Kimmince,SW Bates,0,0,0
New Zealand,4,ML Green,DM Kimmince,SW Bates,0,0,0
New Zealand,4,ML Green,DM Kimmince,SW Bates,0,1,1
New Zealand,4,ML Green,DM Kimmince,SW Bates,0,0,0
New Zealand,4,ML Green,DM Kimmince,SW Bates,0,0,0
New Zealand,4,ML Green,DM Kimmince,SW Bates,1,0,1
New Zealand,4,SW Bates,DM Kimmince,ML Green,1,0,1
New Zealand,5,SW Bates,EA Perry,ML Green,0,0,0
New Zealand,5,AE Satterthwaite,EA Perry,ML Green,1,0,1
New Zealand,5,ML Green,EA Perry,AE Satterthwaite,1,0,1
New Zealand,5,AE Satterthwaite,EA Perry,ML Green,0,1,1
New Zealand,5,ML Green,EA Perry,AE Satterthwaite,2,0,2
New Zealand,5,ML Green,EA Perry,AE Satterthwaite,1,0,1
New Zealand,6,ML Green,A Gardner,AE Satterthwaite,0,0,0
New Zealand,6,ML Green,A Gardner,AE Satterthwaite,1,0,1
New Zealand,6,AE Satterthwaite,A Gardner,ML Green,0,0,0
New Zealand,6,AE Satterthwaite,A Gardner,ML Green,1,0,1
New Zealand,6,ML Green,A Gardner,AE Satterthwaite,0,0,0
New Zealand,6,KJ Martin,A Gardner,AE Satterthwaite,0,0,0
New Zealand,7,AE Satterthwaite,G Wareham,KJ Martin,0,0,0
New Zealand,7,AE Satterthwaite,G Wareham,KJ Martin,0,0,0
New Zealand,7,AE Satterthwaite,G Wareham,KJ Martin,1,0,1
New Zealand,7,KJ Martin,G Wareham,AE Satterthwaite,0,0,0
New Zealand,7,KJ Martin,G Wareham,AE Satterthwaite,1,0,1
New Zealand,7,AE Satterthwaite,G Wareham,KJ Martin,1,0,1
New Zealand,8,AE Satterthwaite,A Gardner,KJ Martin,4,0,4
New Zealand,8,AE Satterthwaite,A Gardner,KJ Martin,2,0,2
New Zealand,8,AE Satterthwaite,A Gardner,KJ Martin,0,0,0
New Zealand,8,AE Satterthwaite,A Gardner,KJ Martin,0,0,0
New Zealand,8,AE Satterthwaite,A Gardner,KJ Martin,1,0,1
New Zealand,8,KJ Martin,A Gardner,AE Satterthwaite,1,0,1
New Zealand,9,KJ Martin,DM Kimmince,AE Satterthwaite,1,0,1
New Zealand,9,AE Satterthwaite,DM Kimmince,KJ Martin,1,0,1
New Zealand,9,KJ Martin,DM Kimmince,AE Satterthwaite,1,0,1
New Zealand,9,AE Satterthwaite,DM Kimmince,KJ Martin,1,0,1
New Zealand,9,KJ Martin,DM Kimmince,AE Satterthwaite,4,0,4
New Zealand,9,KJ Martin,DM Kimmince,AE Satterthwaite,1,0,1
New Zealand,10,KJ Martin,G Wareham,AE Satterthwaite,2,0,2
New Zealand,10,KJ Martin,G Wareham,AE Satterthwaite,4,0,4
New Zealand,10,KJ Martin,G Wareham,AE Satterthwaite,0,0,0
New Zealand,10,KJ Martin,G Wareham,AE Satterthwaite,0,0,0
New Zealand,10,KJ Martin,G Wareham,AE Satterthwaite,1,0,1
New Zealand,10,AE Satterthwaite,G Wareham,KJ Martin,1,0,1
New Zealand,11,AE Satterthwaite,EA Perry,KJ Martin,0,0,0
New Zealand,11,JM Watkin,EA Perry,KJ Martin,0,0,0
New Zealand,11,KJ Martin,EA Perry,B Bezuidenhout,0,0,0
New Zealand,11,KJ Martin,EA Perry,B Bezuidenhout,4,0,4
New Zealand,11,KJ Martin,EA Perry,B Bezuidenhout,1,0,1
New Zealand,11,B Bezuidenhout,EA Perry,KJ Martin,0,0,0
New Zealand,12,KJ Martin,S Molineux,B Bezuidenhout,0,0,0
New Zealand,12,KJ Martin,S Molineux,B Bezuidenhout,0,0,0
New Zealand,12,KJ Martin,S Molineux,B Bezuidenhout,1,0,1
New Zealand,12,B Bezuidenhout,S Molineux,KJ Martin,0,0,0
New Zealand,12,B Bezuidenhout,S Molineux,KJ Martin,0,0,0
New Zealand,12,KE Broadmore,S Molineux,KJ Martin,0,0,0
New Zealand,13,KJ Martin,EA Perry,AC Kerr,0,0,0
New Zealand,13,KJ Martin,EA Perry,AC Kerr,0,1,1
New Zealand,13,KJ Martin,EA Perry,AC Kerr,1,0,1
New Zealand,13,AC Kerr,EA Perry,KJ Martin,0,0,0
New Zealand,13,AC Kerr,EA Perry,KJ Martin,0,0,0
New Zealand,13,LMM Tahuhu,EA Perry,KJ Martin,0,0,0
New Zealand,13,LMM Tahuhu,EA Perry,KJ Martin,0,0,0
New Zealand,14,KJ Martin,ML Schutt,LMM Tahuhu,1,0,1
New Zealand,14,LMM Tahuhu,ML Schutt,KJ Martin,1,0,1
New Zealand,14,KJ Martin,ML Schutt,LMM Tahuhu,2,0,2
New Zealand,14,KJ Martin,ML Schutt,LMM Tahuhu,1,0,1
New Zealand,14,LMM Tahuhu,ML Schutt,KJ Martin,0,0,0
New Zealand,14,LMM Tahuhu,ML Schutt,KJ Martin,2,0,2
New Zealand,15,KJ Martin,S Molineux,LMM Tahuhu,0,0,0
New Zealand,15,KJ Martin,S Molineux,LMM Tahuhu,0,1,1
New Zealand,15,LMM Tahuhu,S Molineux,KJ Martin,0,0,0
New Zealand,15,LMM Tahuhu,S Molineux,KJ Martin,0,0,0
New Zealand,15,HR Huddleston,S Molineux,KJ Martin,0,0,0
New Zealand,15,HR Huddleston,S Molineux,KJ Martin,0,0,0
New Zealand,16,KJ Martin,DM Kimmince,HR Huddleston,2,0,2
New Zealand,16,KJ Martin,DM Kimmince,HR Huddleston,1,0,1
New Zealand,16,HR Huddleston,DM Kimmince,KJ Martin,0,1,1
New Zealand,16,HR Huddleston,DM Kimmince,KJ Martin,1,0,1
New Zealand,16,KJ Martin,DM Kimmince,HR Huddleston,1,0,1
New Zealand,16,HR Huddleston,DM Kimmince,KJ Martin,0,0,0
New Zealand,16,HR Huddleston,DM Kimmince,KJ Martin,1,0,1
New Zealand,17,HR Huddleston,S Molineux,KJ Martin,1,0,1
New Zealand,17,KJ Martin,S Molineux,HR Huddleston,0,0,0
New Zealand,17,KJ Martin,S Molineux,HR Huddleston,1,0,1
New Zealand,17,HR Huddleston,S Molineux,KJ Martin,1,0,1
New Zealand,17,KJ Martin,S Molineux,HR Huddleston,1,0,1
New Zealand,17,HR Huddleston,S Molineux,KJ Martin,0,0,0
New Zealand,18,KJ Martin,DM Kimmince,HR Huddleston,1,0,1
New Zealand,18,HR Huddleston,DM Kimmince,KJ Martin,4,0,4
New Zealand,18,HR Huddleston,DM Kimmince,KJ Martin,1,0,1
New Zealand,18,KJ Martin,DM Kimmince,HR Huddleston,1,0,1
New Zealand,18,HR Huddleston,DM Kimmince,KJ Martin,0,0,0
New Zealand,18,HR Huddleston,DM Kimmince,KJ Martin,1,0,1
Australia,0,AJ Healy,SFM Devine,BL Mooney,0,0,0
Australia,0,AJ Healy,SFM Devine,BL Mooney,0,0,0
Australia,0,AJ Healy,SFM Devine,BL Mooney,1,0,1
Australia,0,BL Mooney,SFM Devine,AJ Healy,0,0,0
Australia,0,BL Mooney,SFM Devine,AJ Healy,0,1,1
Australia,0,BL Mooney,SFM Devine,AJ Healy,0,0,0
Australia,0,BL Mooney,SFM Devine,AJ Healy,0,0,0
Australia,1,AJ Healy,LMM Tahuhu,BL Mooney,0,0,0
Australia,1,AJ Healy,LMM Tahuhu,BL Mooney,0,0,0
Australia,1,AJ Healy,LMM Tahuhu,BL Mooney,0,1,1
Australia,1,AJ Healy,LMM Tahuhu,BL Mooney,1,0,1
Australia,1,BL Mooney,LMM Tahuhu,AJ Healy,0,0,0
Australia,1,BL Mooney,LMM Tahuhu,AJ Healy,1,0,1
Australia,1,AJ Healy,LMM Tahuhu,BL Mooney,4,0,4
Australia,2,BL Mooney,HR Huddleston,AJ Healy,0,1,1
Australia,2,BL Mooney,HR Huddleston,AJ Healy,1,0,1
Australia,2,AJ Healy,HR Huddleston,BL Mooney,1,0,1
Australia,2,BL Mooney,HR Huddleston,AJ Healy,0,0,0
Australia,2,BL Mooney,HR Huddleston,AJ Healy,0,0,0
Australia,2,BL Mooney,HR Huddleston,AJ Healy,2,0,2
Australia,2,BL Mooney,HR Huddleston,AJ Healy,4,0,4
Australia,3,AJ Healy,JM Watkin,BL Mooney,0,0,0
Australia,3,AJ Healy,JM Watkin,BL Mooney,0,0,0
Australia,3,AJ Healy,JM Watkin,BL Mooney,1,0,1
Australia,3,BL Mooney,JM Watkin,AJ Healy,2,0,2
Australia,3,BL Mooney,JM Watkin,AJ Healy,0,0,0
Australia,3,BL Mooney,JM Watkin,AJ Healy,0,0,0
Australia,4,AJ Healy,SFM Devine,BL Mooney,1,0,1
Australia,4,BL Mooney,SFM Devine,AJ Healy,1,0,1
Australia,4,AJ Healy,SFM Devine,BL Mooney,0,0,0
Australia,4,AJ Healy,SFM Devine,BL Mooney,1,0,1
Australia,4,BL Mooney,SFM Devine,AJ Healy,0,0,0
Australia,4,BL Mooney,SFM Devine,AJ Healy,0,0,0
Australia,5,AJ Healy,LMM Tahuhu,BL Mooney,0,0,0
Australia,5,AJ Healy,LMM Tahuhu,BL Mooney,6,0,6
Australia,5,AJ Healy,LMM Tahuhu,BL Mooney,4,0,4
Australia,5,AJ Healy,LMM Tahuhu,BL Mooney,0,0,0
Australia,5,AJ Healy,LMM Tahuhu,BL Mooney,4,0,4
Australia,5,AJ Healy,LMM Tahuhu,BL Mooney,1,0,1
Australia,6,AJ Healy,JM Watkin,BL Mooney,0,0,0
Australia,6,AJ Healy,JM Watkin,BL Mooney,0,0,0
Australia,6,AJ Healy,JM Watkin,BL Mooney,4,0,4
Australia,6,AJ Healy,JM Watkin,BL Mooney,4,0,4
Australia,6,AJ Healy,JM Watkin,BL Mooney,0,0,0
Australia,6,AJ Healy,JM Watkin,BL Mooney,0,0,0
Australia,7,BL Mooney,AC Kerr,AJ Healy,1,0,1
Australia,7,AJ Healy,AC Kerr,BL Mooney,4,0,4
Australia,7,AJ Healy,AC Kerr,BL Mooney,4,0,4
Australia,7,AJ Healy,AC Kerr,BL Mooney,0,0,0
Australia,7,AJ Healy,AC Kerr,BL Mooney,1,0,1
Australia,7,BL Mooney,AC Kerr,AJ Healy,1,0,1
Australia,8,BL Mooney,SW Bates,AJ Healy,4,0,4
Australia,8,BL Mooney,SW Bates,AJ Healy,0,0,0
Australia,8,BL Mooney,SW Bates,AJ Healy,4,0,4
Australia,8,BL Mooney,SW Bates,AJ Healy,1,0,1
Australia,8,AJ Healy,SW Bates,BL Mooney,1,0,1
Australia,8,BL Mooney,SW Bates,AJ Healy,0,0,0
Australia,9,AJ Healy,KE Broadmore,BL Mooney,0,0,0
Australia,9,AJ Healy,KE Broadmore,BL Mooney,0,0,0
Australia,9,AJ Healy,KE Broadmore,BL Mooney,4,0,4
Australia,9,AJ Healy,KE Broadmore,BL Mooney,4,0,4
Australia,9,AJ Healy,KE Broadmore,BL Mooney,2,0,2
Australia,9,AJ Healy,KE Broadmore,BL Mooney,0,0,0
Australia,10,BL Mooney,HR Huddleston,AJ Healy,1,0,1
Australia,10,AJ Healy,HR Huddleston,BL Mooney,0,0,0
Australia,10,AJ Healy,HR Huddleston,BL Mooney,4,0,4
Australia,10,AJ Healy,HR Huddleston,BL Mooney,4,0,4
Australia,10,AJ Healy,HR Huddleston,BL Mooney,1,0,1
Australia,10,BL Mooney,HR Huddleston,AJ Healy,4,0,4
Australia,11,AJ Healy,SFM Devine,BL Mooney,1,0,1
Australia,11,BL Mooney,SFM Devine,AJ Healy,1,0,1
Australia,11,AJ Healy,SFM Devine,BL Mooney,4,0,4
Australia,11,AJ Healy,SFM Devine,BL Mooney,0,0,0
Australia,11,BL Mooney,SFM Devine,A Gardner,1,0,1
Australia,11,A Gardner,SFM Devine,BL Mooney,0,1,1
Australia,11,A Gardner,SFM Devine,BL Mooney,1,0,1
Australia,12,A Gardner,JM Watkin,BL Mooney,0,0,0
Australia,12,A Gardner,JM Watkin,BL Mooney,0,0,0
Australia,12,A Gardner,JM Watkin,BL Mooney,4,0,4
