Team,Over,Batter,Bowler,Non_Striker,Batter_Runs,Extras,Total_Runs
New Zealand,0,SW Bates,S Molineux,SFM Devine,0,0,0
New Zealand,0,SW Bates,S Molineux,SFM Devine,1,0,1
New Zealand,0,SFM Devine,S Molineux,SW Bates,0,0,0
New Zealand,0,SFM Devine,S Molineux,SW Bates,1,0,1
New Zealand,0,SW Bates,S Molineux,SFM Devine,1,0,1
New Zealand,0,SFM Devine,S Molineux,SW Bates,1,0,1
New Zealand,1,SFM Devine,ML Schutt,SW Bates,1,0,1
New Zealand,1,SW Bates,ML Schutt,SFM Devine,1,0,1
New Zealand,1,SFM Devine,ML Schutt,SW Bates,0,0,0
New Zealand,1,SFM Devine,ML Schutt,SW Bates,0,0,0
New Zealand,1,SFM Devine,ML Schutt,SW Bates,4,0,4
New Zealand,1,SFM Devine,ML Schutt,SW Bates,0,0,0
New Zealand,2,SW Bates,EA Perry,SFM Devine,0,0,0
New Zealand,2,JM Watkin,EA Perry,SFM Devine,0,0,0
New Zealand,2,JM Watkin,EA Perry,SFM Devine,0,0,0
New Zealand,2,JM Watkin,EA Perry,SFM Devine,0,0,0
New Zealand,2,JM Watkin,EA Perry,SFM Devine,0,0,0
New Zealand,2,JM Watkin,EA Perry,SFM Devine,0,0,0
New Zealand,3,SFM Devine,S Molineux,JM Watkin,1,0,1
New Zealand,3,JM Watkin,S Molineux,SFM Devine,0,0,0
New Zealand,3,JM Watkin,S Molineux,SFM Devine,4,0,4
New Zealand,3,JM Watkin,S Molineux,SFM Devine,4,0,4
New Zealand,3,JM Watkin,S Molineux,SFM Devine,0,1,1
New Zealand,3,SFM Devine,S Molineux,JM Watkin,0,0,0
New Zealand,4,JM Watkin,EA Perry,SFM Devine,1,0,1
New Zealand,4,SFM Devine,EA Perry,JM Watkin,0,0,0
New Zealand,4,SFM Devine,EA Perry,JM Watkin,4,0,4
New Zealand,4,SFM Devine,EA Perry,JM Watkin,4,0,4
New Zealand,4,SFM Devine,EA Perry,JM Watkin,0,0,0
New Zealand,4,SFM Devine,EA Perry,JM Watkin,0,0,0
New Zealand,5,JM Watkin,ML Schutt,SFM Devine,1,0,1
New Zealand,5,SFM Devine,ML Schutt,JM Watkin,4,0,4
New Zealand,5,SFM Devine,ML Schutt,JM Watkin,0,0,0
New Zealand,5,SFM Devine,ML Schutt,JM Watkin,1,0,1
New Zealand,5,JM Watkin,ML Schutt,SFM Devine,0,0,0
New Zealand,5,JM Watkin,ML Schutt,SFM Devine,0,0,0
New Zealand,6,SFM Devine,DM Kimmince,JM Watkin,0,0,0
New Zealand,6,SFM Devine,DM Kimmince,JM Watkin,6,0,6
New Zealand,6,SFM Devine,DM Kimmince,JM Watkin,0,0,0
New Zealand,6,SFM Devine,DM Kimmince,JM Watkin,0,0,0
New Zealand,6,SFM Devine,DM Kimmince,JM Watkin,2,0,2
New Zealand,6,SFM Devine,DM Kimmince,JM Watkin,1,0,1
New Zealand,7,SFM Devine,G Wareham,JM Watkin,4,0,4
New Zealand,7,SFM Devine,G Wareham,JM Watkin,0,0,0
New Zealand,7,SFM Devine,G Wareham,JM Watkin,1,0,1
New Zealand,7,JM Watkin,G Wareham,SFM Devine,2,0,2
New Zealand,7,JM Watkin,G Wareham,SFM Devine,6,0,6
New Zealand,7,JM Watkin,G Wareham,SFM Devine,0,1,1
New Zealand,7,AE Satterthwaite,G Wareham,SFM Devine,0,1,1
New Zealand,7,AE Satterthwaite,G Wareham,SFM Devine,0,0,0
New Zealand,8,SFM Devine,EA Perry,AE Satterthwaite,0,0,0
New Zealand,8,SFM Devine,EA Perry,AE Satterthwaite,1,0,1
New Zealand,8,AE Satterthwaite,EA Perry,SFM Devine,1,0,1
New Zealand,8,SFM Devine,EA Perry,AE Satterthwaite,1,0,1
New Zealand,8,AE Satterthwaite,EA Perry,SFM Devine,0,0,0
New Zealand,8,AE Satterthwaite,EA Perry,SFM Devine,0,0,0
New Zealand,9,SFM Devine,A Gardner,AE Satterthwaite,2,0,2
New Zealand,9,SFM Devine,A Gardner,AE Satterthwaite,4,0,4
New Zealand,9,SFM Devine,A Gardner,AE Satterthwaite,0,0,0
New Zealand,9,KJ Martin,A Gardner,AE Satterthwaite,0,0,0
New Zealand,9,KJ Martin,A Gardner,AE Satterthwaite,4,0,4
New Zealand,9,KJ Martin,A Gardner,AE Satterthwaite,0,0,0
New Zealand,10,AE Satterthwaite,DM Kimmince,KJ Martin,0,2,2
New Zealand,10,AE Satterthwaite,DM Kimmince,KJ Martin,1,0,1
New Zealand,10,KJ Martin,DM Kimmince,AE Satterthwaite,0,0,0
New Zealand,10,KJ Martin,DM Kimmince,AE Satterthwaite,0,1,1
New Zealand,10,AE Satterthwaite,DM Kimmince,KJ Martin,0,2,2
New Zealand,10,KJ Martin,DM Kimmince,AE Satterthwaite,0,0,0
New Zealand,10,KJ Martin,DM Kimmince,AE Satterthwaite,0,0,0
New Zealand,11,AE Satterthwaite,A Gardner,KJ Martin,0,0,0
New Zealand,11,ML Green,A Gardner,KJ Martin,0,0,0
New Zealand,11,ML Green,A Gardner,KJ Martin,0,0,0
New Zealand,11,ML Green,A Gardner,KJ Martin,1,0,1
New Zealand,11,KJ Martin,A Gardner,ML Green,4,0,4
New Zealand,11,KJ Martin,A Gardner,ML Green,1,0,1
New Zealand,12,KJ Martin,EA Perry,ML Green,0,0,0
New Zealand,12,KJ Martin,EA Perry,ML Green,0,0,0
New Zealand,12,KJ Martin,EA Perry,ML Green,4,0,4
New Zealand,12,KJ Martin,EA Perry,ML Green,0,0,0
New Zealand,12,KJ Martin,EA Perry,ML Green,6,0,6
New Zealand,12,KJ Martin,EA Perry,ML Green,4,0,4
New Zealand,13,ML Green,S Molineux,KJ Martin,1,0,1
New Zealand,13,KJ Martin,S Molineux,ML Green,1,0,1
New Zealand,13,ML Green,S Molineux,KJ Martin,0,0,0
New Zealand,13,ML Green,S Molineux,KJ Martin,0,0,0
New Zealand,13,ML Green,S Molineux,KJ Martin,1,0,1
New Zealand,13,KJ Martin,S Molineux,ML Green,0,1,1
New Zealand,14,KJ Martin,DM Kimmince,ML Green,0,0,0
New Zealand,14,KJ Martin,DM Kimmince,ML Green,4,0,4
New Zealand,14,KJ Martin,DM Kimmince,ML Green,0,1,1
New Zealand,14,KJ Martin,DM Kimmince,ML Green,2,0,2
New Zealand,14,KJ Martin,DM Kimmince,ML Green,1,0,1
New Zealand,14,ML Green,DM Kimmince,KJ Martin,1,0,1
New Zealand,14,KJ Martin,DM Kimmince,ML Green,1,0,1
New Zealand,15,KJ Martin,A Gardner,ML Green,4,0,4
New Zealand,15,KJ Martin,A Gardner,ML Green,0,0,0
New Zealand,15,KJ Martin,A Gardner,ML Green,1,0,1
New Zealand,15,ML Green,A Gardner,KJ Martin,0,0,0
New Zealand,15,ML Green,A Gardner,KJ Martin,1,0,1
New Zealand,15,KJ Martin,A Gardner,ML Green,0,0,0
New Zealand,16,ML Green,ML Schutt,KJ Martin,0,0,0
New Zealand,16,ML Green,ML Schutt,KJ Martin,1,0,1
New Zealand,16,KJ Martin,ML Schutt,ML Green,1,0,1
New Zealand,16,ML Green,ML Schutt,KJ Martin,0,0,0
New Zealand,16,B Bezuidenhout,ML Schutt,KJ Martin,0,0,0
New Zealand,16,B Bezuidenhout,ML Schutt,KJ Martin,1,0,1
New Zealand,17,B Bezuidenhout,S Molineux,KJ Martin,0,0,0
New Zealand,17,B Bezuidenhout,S Molineux,KJ Martin,1,0,1
New Zealand,17,KJ Martin,S Molineux,B Bezuidenhout,1,0,1
New Zealand,17,B Bezuidenhout,S Molineux,KJ Martin,1,0,1
New Zealand,17,KJ Martin,S Molineux,B Bezuidenhout,1,0,1
New Zealand,17,B Bezuidenhout,S Molineux,KJ Martin,1,0,1
New Zealand,18,B Bezuidenhout,DM Kimmince,KJ Martin,0,1,1
New Zealand,18,KJ Martin,DM Kimmince,B Bezuidenhout,0,1,1
New Zealand,18,KJ Martin,DM Kimmince,B Bezuidenhout,1,0,1
New Zealand,18,B Bezuidenhout,DM Kimmince,KJ Martin,0,0,0
New Zealand,18,B Bezuidenhout,DM Kimmince,KJ Martin,6,0,6
New Zealand,18,B Bezuidenhout,DM Kimmince,KJ Martin,6,0,6
New Zealand,18,B Bezuidenhout,DM Kimmince,KJ Martin,0,1,1
New Zealand,18,B Bezuidenhout,DM Kimmince,KJ Martin,0,0,0
New Zealand,19,KJ Martin,ML Schutt,B Bezuidenhout,1,0,1
New Zealand,19,B Bezuidenhout,ML Schutt,KJ Martin,4,0,4
New Zealand,19,B Bezuidenhout,ML Schutt,KJ Martin,0,1,1
New Zealand,19,KJ Martin,ML Schutt,B Bezuidenhout,6,0,6
New Zealand,19,KJ Martin,ML Schutt,B Bezuidenhout,4,0,4
New Zealand,19,KJ Martin,ML Schutt,B Bezuidenhout,4,0,4
Australia,0,AJ Healy,LMM Tahuhu,BL Mooney,4,0,4
Australia,0,AJ Healy,LMM Tahuhu,BL Mooney,0,0,0
Australia,0,AJ Healy,LMM Tahuhu,BL Mooney,4,0,4
Australia,0,AJ Healy,LMM Tahuhu,BL Mooney,1,0,1
Australia,0,BL Mooney,LMM Tahuhu,AJ Healy,0,0,0
Australia,0,BL Mooney,LMM Tahuhu,AJ Healy,4,0,4
Australia,1,AJ Healy,LM Kasperek,BL Mooney,1,0,1
Australia,1,BL Mooney,LM Kasperek,AJ Healy,2,0,2
Australia,1,BL Mooney,LM Kasperek,AJ Healy,0,1,1
Australia,1,BL Mooney,LM Kasperek,AJ Healy,0,0,0
Australia,1,AJ Healy,LM Kasperek,A Gardner,4,0,4
Australia,1,AJ Healy,LM Kasperek,A Gardner,0,0,0
Australia,1,AJ Healy,LM Kasperek,A Gardner,0,0,0
Australia,2,A Gardner,SFM Devine,AJ Healy,0,0,0
Australia,2,A Gardner,SFM Devine,AJ Healy,1,0,1
Australia,2,AJ Healy,SFM Devine,A Gardner,0,0,0
Australia,2,EJ Villani,SFM Devine,A Gardner,4,0,4
Australia,2,EJ Villani,SFM Devine,A Gardner,0,0,0
Australia,2,MM Lanning,SFM Devine,A Gardner,0,0,0
Australia,3,A Gardner,AC Kerr,MM Lanning,0,1,1
Australia,3,A Gardner,AC Kerr,MM Lanning,1,0,1
Australia,3,MM Lanning,AC Kerr,A Gardner,0,0,0
Australia,3,MM Lanning,AC Kerr,A Gardner,4,0,4
Australia,3,MM Lanning,AC Kerr,A Gardner,4,0,4
Australia,3,MM Lanning,AC Kerr,A Gardner,0,0,0
Australia,3,MM Lanning,AC Kerr,A Gardner,4,0,4
Australia,4,A Gardner,SFM Devine,MM Lanning,0,0,0
Australia,4,A Gardner,SFM Devine,MM Lanning,0,0,0
Australia,4,A Gardner,SFM Devine,MM Lanning,4,0,4
Australia,4,A Gardner,SFM Devine,MM Lanning,1,0,1
Australia,4,MM Lanning,SFM Devine,A Gardner,0,0,0
Australia,4,MM Lanning,SFM Devine,A Gardner,0,0,0
Australia,5,A Gardner,LM Kasperek,MM Lanning,0,0,0
Australia,5,MM Lanning,LM Kasperek,RL Haynes,0,0,0
Australia,5,MM Lanning,LM Kasperek,RL Haynes,2,0,2
Australia,5,MM Lanning,LM Kasperek,RL Haynes,0,0,0
Australia,5,MM Lanning,LM Kasperek,RL Haynes,2,0,2
Australia,5,MM Lanning,LM Kasperek,RL Haynes,1,0,1
Australia,6,MM Lanning,SFM Devine,RL Haynes,2,0,2
Australia,6,MM Lanning,SFM Devine,RL Haynes,0,0,0
Australia,6,MM Lanning,SFM Devine,RL Haynes,1,0,1
Australia,6,RL Haynes,SFM Devine,MM Lanning,0,1,1
Australia,6,MM Lanning,SFM Devine,RL Haynes,1,0,1
Australia,6,RL Haynes,SFM Devine,MM Lanning,1,0,1
Australia,7,RL Haynes,HNK Jensen,MM Lanning,4,0,4
Australia,7,RL Haynes,HNK Jensen,MM Lanning,1,0,1
Australia,7,MM Lanning,HNK Jensen,RL Haynes,1,0,1
Australia,7,RL Haynes,HNK Jensen,MM Lanning,1,0,1
Australia,7,MM Lanning,HNK Jensen,RL Haynes,1,0,1
Australia,7,RL Haynes,HNK Jensen,MM Lanning,4,0,4
Australia,8,MM Lanning,LMM Tahuhu,RL Haynes,0,0,0
Australia,8,MM Lanning,LMM Tahuhu,RL Haynes,0,0,0
Australia,8,MM Lanning,LMM Tahuhu,RL Haynes,0,0,0
Australia,8,MM Lanning,LMM Tahuhu,RL Haynes,1,0,1
Australia,8,RL Haynes,LMM Tahuhu,MM Lanning,0,0,0
Australia,8,RL Haynes,LMM Tahuhu,MM Lanning,1,0,1
Australia,9,RL Haynes,AC Kerr,MM Lanning,4,0,4
Australia,9,RL Haynes,AC Kerr,MM Lanning,4,0,4
Australia,9,RL Haynes,AC Kerr,MM Lanning,1,0,1
Australia,9,MM Lanning,AC Kerr,RL Haynes,0,1,1
Australia,9,MM Lanning,AC Kerr,RL Haynes,0,1,1
Australia,9,RL Haynes,AC Kerr,MM Lanning,0,0,0
Australia,9,RL Haynes,AC Kerr,MM Lanning,0,0,0
Australia,10,MM Lanning,LMM Tahuhu,RL Haynes,0,0,0
Australia,10,MM Lanning,LMM Tahuhu,RL Haynes,4,0,4
Australia,10,MM Lanning,LMM Tahuhu,RL Haynes,0,0,0
Australia,10,MM Lanning,LMM Tahuhu,RL Haynes,0,1,1
Australia,10,RL Haynes,LMM Tahuhu,MM Lanning,1,0,1
Australia,10,MM Lanning,LMM Tahuhu,RL Haynes,4,1,5
Australia,10,MM Lanning,LMM Tahuhu,RL Haynes,0,0,0
Australia,11,RL Haynes,SW Bates,MM Lanning,0,0,0
Australia,11,RL Haynes,SW Bates,MM Lanning,1,0,1
Australia,11,MM Lanning,SW Bates,RL Haynes,1,0,1
Australia,11,RL Haynes,SW Bates,MM Lanning,1,0,1
Australia,11,MM Lanning,SW Bates,RL Haynes,1,0,1
Australia,11,RL Haynes,SW Bates,MM Lanning,1,0,1
Australia,12,RL Haynes,LM Kasperek,MM Lanning,6,0,6
Australia,12,RL Haynes,LM Kasperek,MM Lanning,1,0,1
Australia,12,MM Lanning,LM Kasperek,RL Haynes,0,0,0
Australia,12,MM Lanning,LM Kasperek,RL Haynes,0,0,0
Australia,12,MM Lanning,LM Kasperek,RL Haynes,4,0,4
Australia,12,MM Lanning,LM Kasperek,RL Haynes,4,0,4
Australia,13,RL Haynes,SW Bates,MM Lanning,0,0,0
Australia,13,RL Haynes,SW Bates,MM Lanning,4,0,4
Australia,13,RL Haynes,SW Bates,MM Lanning,4,0,4
Australia,13,RL Haynes,SW Bates,MM Lanning,1,0,1
Australia,13,MM Lanning,SW Bates,RL Haynes,1,0,1
Australia,13,RL Haynes,SW Bates,MM Lanning,1,0,1
Australia,14,RL Haynes,HNK Jensen,MM Lanning,0,0,0
Australia,14,RL Haynes,HNK Jensen,MM Lanning,4,0,4
Australia,14,RL Haynes,HNK Jensen,MM Lanning,1,0,1
Australia,14,MM Lanning,HNK Jensen,RL Haynes,2,0,2
Australia,14,MM Lanning,HNK Jensen,RL Haynes,1,0,1
Australia,14,RL Haynes,HNK Jensen,MM Lanning,1,0,1
Australia,15,RL Haynes,SFM Devine,MM Lanning,4,0,4
Australia,15,RL Haynes,SFM Devine,MM Lanning,4,0,4
Australia,15,RL Haynes,SFM Devine,MM Lanning,4,0,4
Australia,15,RL Haynes,SFM Devine,MM Lanning,0,0,0
Australia,15,RL Haynes,SFM Devine,MM Lanning,4,0,4
Australia,15,RL Haynes,SFM Devine,MM Lanning,0,0,0
Australia,16,MM Lanning,SW Bates,RL Haynes,4,0,4
Australia,16,MM Lanning,SW Bates,RL Haynes,0,0,0
Australia,16,MM Lanning,SW Bates,RL Haynes,1,0,1
Australia,16,RL Haynes,SW Bates,MM Lanning,0,0,0
Australia,16,RL Haynes,SW Bates,MM Lanning,2,0,2
Australia,16,RL Haynes,SW Bates,MM Lanning,0,1,1
Australia,16,RL Haynes,SW Bates,MM Lanning,1,0,1
Australia,17,RL Haynes,HNK Jensen,MM Lanning,1,0,1
Australia,17,MM Lanning,HNK Jensen,RL Haynes,1,0,1
Australia,17,RL Haynes,HNK Jensen,MM Lanning,1,0,1
Australia,17,MM Lanning,HNK Jensen,RL Haynes,4,0,4
