Team,Over,Batter,Bowler,Non_Striker,Batter_Runs,Extras,Total_Runs
Pakistan,0,Babar Azam,BE Hendricks,Fakhar Zaman,0,0,0
Pakistan,0,Babar Azam,BE Hendricks,Fakhar Zaman,1,0,1
Pakistan,0,Fakhar Zaman,BE Hendricks,Babar Azam,0,0,0
Pakistan,0,Fakhar Zaman,BE Hendricks,Babar Azam,0,0,0
Pakistan,0,Fakhar Zaman,BE Hendricks,Babar Azam,0,0,0
Pakistan,0,Fakhar Zaman,BE Hendricks,Babar Azam,0,0,0
Pakistan,1,Babar Azam,CJ Dala,Fakhar Zaman,4,0,4
Pakistan,1,Babar Azam,CJ Dala,Fakhar Zaman,4,0,4
Pakistan,1,Babar Azam,CJ Dala,Fakhar Zaman,0,0,0
Pakistan,1,Babar Azam,CJ Dala,Fakhar Zaman,4,0,4
Pakistan,1,Babar Azam,CJ Dala,Fakhar Zaman,4,0,4
Pakistan,1,Babar Azam,CJ Dala,Fakhar Zaman,1,0,1
Pakistan,2,Babar Azam,CH Morris,Fakhar Zaman,4,0,4
Pakistan,2,Babar Azam,CH Morris,Fakhar Zaman,1,0,1
Pakistan,2,Fakhar Zaman,CH Morris,Babar Azam,1,0,1
Pakistan,2,Babar Azam,CH Morris,Fakhar Zaman,0,0,0
Pakistan,2,Mohammad Rizwan,CH Morris,Fakhar Zaman,0,0,0
Pakistan,2,Mohammad Rizwan,CH Morris,Fakhar Zaman,0,0,0
Pakistan,3,Fakhar Zaman,L Sipamla,Mohammad Rizwan,4,0,4
Pakistan,3,Fakhar Zaman,L Sipamla,Mohammad Rizwan,0,0,0
Pakistan,3,Fakhar Zaman,L Sipamla,Mohammad Rizwan,6,0,6
Pakistan,3,Fakhar Zaman,L Sipamla,Mohammad Rizwan,0,1,1
Pakistan,3,Fakhar Zaman,L Sipamla,Mohammad Rizwan,4,0,4
Pakistan,3,Fakhar Zaman,L Sipamla,Mohammad Rizwan,0,4,4
Pakistan,3,Fakhar Zaman,L Sipamla,Mohammad Rizwan,2,0,2
Pakistan,4,Mohammad Rizwan,CH Morris,Fakhar Zaman,0,0,0
Pakistan,4,Mohammad Rizwan,CH Morris,Fakhar Zaman,1,0,1
Pakistan,4,Fakhar Zaman,CH Morris,Mohammad Rizwan,0,0,0
Pakistan,4,Fakhar Zaman,CH Morris,Mohammad Rizwan,0,0,0
Pakistan,4,Fakhar Zaman,CH Morris,Mohammad Rizwan,0,0,0
Pakistan,4,Fakhar Zaman,CH Morris,Mohammad Rizwan,0,0,0
Pakistan,5,Mohammad Rizwan,BE Hendricks,Fakhar Zaman,0,0,0
Pakistan,5,Mohammad Rizwan,BE Hendricks,Fakhar Zaman,1,0,1
Pakistan,5,Fakhar Zaman,BE Hendricks,Mohammad Rizwan,0,0,0
Pakistan,5,Fakhar Zaman,BE Hendricks,Mohammad Rizwan,0,0,0
Pakistan,5,Mohammad Rizwan,BE Hendricks,Shoaib Malik,1,0,1
Pakistan,5,Shoaib Malik,BE Hendricks,Mohammad Rizwan,2,0,2
Pakistan,6,Mohammad Rizwan,AL Phehlukwayo,Shoaib Malik,1,0,1
Pakistan,6,Shoaib Malik,AL Phehlukwayo,Mohammad Rizwan,1,0,1
Pakistan,6,Mohammad Rizwan,AL Phehlukwayo,Shoaib Malik,1,0,1
Pakistan,6,Shoaib Malik,AL Phehlukwayo,Mohammad Rizwan,1,0,1
Pakistan,6,Mohammad Rizwan,AL Phehlukwayo,Shoaib Malik,1,0,1
Pakistan,6,Shoaib Malik,AL Phehlukwayo,Mohammad Rizwan,1,0,1
Pakistan,7,Shoaib Malik,T Shamsi,Mohammad Rizwan,1,0,1
Pakistan,7,Mohammad Rizwan,T Shamsi,Shoaib Malik,4,0,4
Pakistan,7,Mohammad Rizwan,T Shamsi,Shoaib Malik,4,0,4
Pakistan,7,Mohammad Rizwan,T Shamsi,Shoaib Malik,1,0,1
Pakistan,7,Shoaib Malik,T Shamsi,Mohammad Rizwan,1,0,1
Pakistan,7,Mohammad Rizwan,T Shamsi,Shoaib Malik,1,0,1
Pakistan,8,Mohammad Rizwan,CJ Dala,Shoaib Malik,1,0,1
Pakistan,8,Shoaib Malik,CJ Dala,Mohammad Rizwan,0,1,1
Pakistan,8,Shoaib Malik,CJ Dala,Mohammad Rizwan,0,0,0
Pakistan,8,Shoaib Malik,CJ Dala,Mohammad Rizwan,4,0,4
Pakistan,8,Shoaib Malik,CJ Dala,Mohammad Rizwan,0,0,0
Pakistan,8,Shoaib Malik,CJ Dala,Mohammad Rizwan,4,0,4
Pakistan,8,Shoaib Malik,CJ Dala,Mohammad Rizwan,0,0,0
Pakistan,9,Mohammad Rizwan,T Shamsi,Shoaib Malik,1,0,1
Pakistan,9,Shoaib Malik,T Shamsi,Mohammad Rizwan,1,0,1
Pakistan,9,Mohammad Rizwan,T Shamsi,Shoaib Malik,1,0,1
Pakistan,9,Shoaib Malik,T Shamsi,Mohammad Rizwan,1,0,1
Pakistan,9,Mohammad Rizwan,T Shamsi,Shoaib Malik,1,0,1
Pakistan,9,Shoaib Malik,T Shamsi,Mohammad Rizwan,0,0,0
Pakistan,10,Mohammad Rizwan,L Sipamla,Shoaib Malik,0,0,0
Pakistan,10,Mohammad Rizwan,L Sipamla,Shoaib Malik,2,0,2
Pakistan,10,Mohammad Rizwan,L Sipamla,Shoaib Malik,4,0,4
Pakistan,10,Mohammad Rizwan,L Sipamla,Shoaib Malik,0,0,0
Pakistan,10,Shoaib Malik,L Sipamla,Hussain Talat,1,0,1
Pakistan,10,Hussain Talat,L Sipamla,Shoaib Malik,1,0,1
Pakistan,11,Hussain Talat,T Shamsi,Shoaib Malik,1,0,1
Pakistan,11,Shoaib Malik,T Shamsi,Hussain Talat,0,0,0
Pakistan,11,Asif Ali,T Shamsi,Hussain Talat,1,0,1
Pakistan,11,Hussain Talat,T Shamsi,Asif Ali,1,0,1
Pakistan,11,Asif Ali,T Shamsi,Hussain Talat,0,0,0
Pakistan,11,Asif Ali,T Shamsi,Hussain Talat,0,0,0
Pakistan,12,Hussain Talat,AL Phehlukwayo,Asif Ali,0,0,0
Pakistan,12,Imad Wasim,AL Phehlukwayo,Asif Ali,1,0,1
Pakistan,12,Asif Ali,AL Phehlukwayo,Imad Wasim,1,0,1
Pakistan,12,Imad Wasim,AL Phehlukwayo,Asif Ali,1,0,1
Pakistan,12,Asif Ali,AL Phehlukwayo,Imad Wasim,0,1,1
Pakistan,12,Asif Ali,AL Phehlukwayo,Imad Wasim,0,1,1
Pakistan,12,Asif Ali,AL Phehlukwayo,Imad Wasim,1,0,1
Pakistan,12,Imad Wasim,AL Phehlukwayo,Asif Ali,1,0,1
Pakistan,13,Imad Wasim,T Shamsi,Asif Ali,1,0,1
Pakistan,13,Asif Ali,T Shamsi,Imad Wasim,6,0,6
Pakistan,13,Asif Ali,T Shamsi,Imad Wasim,1,0,1
Pakistan,13,Imad Wasim,T Shamsi,Asif Ali,1,0,1
Pakistan,13,Asif Ali,T Shamsi,Imad Wasim,0,0,0
Pakistan,13,Asif Ali,T Shamsi,Imad Wasim,1,0,1
Pakistan,14,Asif Ali,CH Morris,Imad Wasim,1,0,1
Pakistan,14,Imad Wasim,CH Morris,Asif Ali,4,0,4
Pakistan,14,Imad Wasim,CH Morris,Asif Ali,4,0,4
Pakistan,14,Imad Wasim,CH Morris,Asif Ali,0,0,0
Pakistan,14,Imad Wasim,CH Morris,Asif Ali,1,0,1
Pakistan,14,Asif Ali,CH Morris,Imad Wasim,1,0,1
Pakistan,15,Asif Ali,BE Hendricks,Imad Wasim,1,0,1
Pakistan,15,Imad Wasim,BE Hendricks,Asif Ali,4,0,4
Pakistan,15,Imad Wasim,BE Hendricks,Asif Ali,1,0,1
Pakistan,15,Asif Ali,BE Hendricks,Imad Wasim,1,0,1
Pakistan,15,Imad Wasim,BE Hendricks,Asif Ali,0,0,0
Pakistan,15,Imad Wasim,BE Hendricks,Asif Ali,0,0,0
Pakistan,16,Asif Ali,AL Phehlukwayo,Faheem Ashraf,0,1,1
Pakistan,16,Asif Ali,AL Phehlukwayo,Faheem Ashraf,0,1,1
Pakistan,16,Asif Ali,AL Phehlukwayo,Faheem Ashraf,1,0,1
Pakistan,16,Faheem Ashraf,AL Phehlukwayo,Asif Ali,1,0,1
Pakistan,16,Asif Ali,AL Phehlukwayo,Faheem Ashraf,0,0,0
Pakistan,16,Asif Ali,AL Phehlukwayo,Faheem Ashraf,1,0,1
Pakistan,16,Faheem Ashraf,AL Phehlukwayo,Asif Ali,1,0,1
Pakistan,16,Asif Ali,AL Phehlukwayo,Faheem Ashraf,1,0,1
Pakistan,17,Asif Ali,CH Morris,Faheem Ashraf,6,0,6
Pakistan,17,Asif Ali,CH Morris,Faheem Ashraf,1,0,1
Pakistan,17,Faheem Ashraf,CH Morris,Asif Ali,0,0,0
Pakistan,17,Faheem Ashraf,CH Morris,Asif Ali,1,0,1
Pakistan,17,Asif Ali,CH Morris,Faheem Ashraf,0,0,0
Pakistan,17,Faheem Ashraf,CH Morris,Shadab Khan,1,0,1
Pakistan,18,Faheem Ashraf,BE Hendricks,Shadab Khan,0,0,0
Pakistan,18,Shadab Khan,BE Hendricks,Mohammad Amir,1,0,1
Pakistan,18,Mohammad Amir,BE Hendricks,Shadab Khan,0,0,0
Pakistan,18,Shadab Khan,BE Hendricks,Shaheen Shah Afridi,1,0,1
Pakistan,18,Shaheen Shah Afridi,BE Hendricks,Shadab Khan,0,0,0
Pakistan,18,Shaheen Shah Afridi,BE Hendricks,Shadab Khan,0,0,0
Pakistan,19,Shadab Khan,AL Phehlukwayo,Shaheen Shah Afridi,0,0,0
Pakistan,19,Shadab Khan,AL Phehlukwayo,Shaheen Shah Afridi,6,0,6
Pakistan,19,Shadab Khan,AL Phehlukwayo,Shaheen Shah Afridi,2,0,2
Pakistan,19,Shadab Khan,AL Phehlukwayo,Shaheen Shah Afridi,6,0,6
Pakistan,19,Shadab Khan,AL Phehlukwayo,Shaheen Shah Afridi,0,1,1
Pakistan,19,Shadab Khan,AL Phehlukwayo,Shaheen Shah Afridi,0,0,0
Pakistan,19,Shadab Khan,AL Phehlukwayo,Shaheen Shah Afridi,6,0,6
South Africa,0,RR Hendricks,Imad Wasim,JN Malan,4,0,4
South Africa,0,RR Hendricks,Imad Wasim,JN Malan,0,0,0
South Africa,0,RR Hendricks,Imad Wasim,JN Malan,0,0,0
South Africa,0,RR Hendricks,Imad Wasim,JN Malan,1,0,1
South Africa,0,JN Malan,Imad Wasim,RR Hendricks,0,0,0
South Africa,0,JN Malan,Imad Wasim,RR Hendricks,0,0,0
South Africa,1,RR Hendricks,Shaheen Shah Afridi,JN Malan,0,0,0
South Africa,1,RR Hendricks,Shaheen Shah Afridi,JN Malan,0,0,0
South Africa,1,HE van der Dussen,Shaheen Shah Afridi,JN Malan,0,0,0
South Africa,1,HE van der Dussen,Shaheen Shah Afridi,JN Malan,0,0,0
South Africa,1,HE van der Dussen,Shaheen Shah Afridi,JN Malan,4,0,4
South Africa,1,HE van der Dussen,Shaheen Shah Afridi,JN Malan,0,0,0
South Africa,2,JN Malan,Imad Wasim,HE van der Dussen,1,0,1
South Africa,2,HE van der Dussen,Imad Wasim,JN Malan,0,1,1
South Africa,2,HE van der Dussen,Imad Wasim,JN Malan,1,0,1
South Africa,2,JN Malan,Imad Wasim,HE van der Dussen,1,0,1
South Africa,2,HE van der Dussen,Imad Wasim,JN Malan,1,0,1
South Africa,2,JN Malan,Imad Wasim,HE van der Dussen,0,0,0
South Africa,2,JN Malan,Imad Wasim,HE van der Dussen,0,0,0
South Africa,3,HE van der Dussen,Shaheen Shah Afridi,H Klaasen,0,0,0
South Africa,3,HE van der Dussen,Shaheen Shah Afridi,H Klaasen,3,0,3
South Africa,3,H Klaasen,Shaheen Shah Afridi,HE van der Dussen,0,0,0
South Africa,3,H Klaasen,Shaheen Shah Afridi,HE van der Dussen,0,0,0
South Africa,3,H Klaasen,Shaheen Shah Afridi,HE van der Dussen,0,0,0
South Africa,3,H Klaasen,Shaheen Shah Afridi,HE van der Dussen,0,0,0
South Africa,4,HE van der Dussen,Imad Wasim,H Klaasen,0,0,0
South Africa,4,HE van der Dussen,Imad Wasim,H Klaasen,0,0,0
South Africa,4,HE van der Dussen,Imad Wasim,H Klaasen,2,0,2
South Africa,4,HE van der Dussen,Imad Wasim,H Klaasen,1,0,1
South Africa,4,H Klaasen,Imad Wasim,HE van der Dussen,0,0,0
South Africa,4,H Klaasen,Imad Wasim,HE van der Dussen,0,0,0
South Africa,5,HE van der Dussen,Shaheen Shah Afridi,H Klaasen,0,0,0
South Africa,5,HE van der Dussen,Shaheen Shah Afridi,H Klaasen,0,0,0
South Africa,5,HE van der Dussen,Shaheen Shah Afridi,H Klaasen,4,0,4
South Africa,5,HE van der Dussen,Shaheen Shah Afridi,H Klaasen,0,0,0
South Africa,5,HE van der Dussen,Shaheen Shah Afridi,H Klaasen,0,0,0
South Africa,5,HE van der Dussen,Shaheen Shah Afridi,H Klaasen,0,0,0
South Africa,6,H Klaasen,Imad Wasim,HE van der Dussen,1,0,1
South Africa,6,HE van der Dussen,Imad Wasim,H Klaasen,0,0,0
South Africa,6,HE van der Dussen,Imad Wasim,H Klaasen,2,0,2
South Africa,6,HE van der Dussen,Imad Wasim,H Klaasen,0,1,1
South Africa,6,HE van der Dussen,Imad Wasim,H Klaasen,1,0,1
South Africa,6,H Klaasen,Imad Wasim,HE van der Dussen,0,0,0
South Africa,6,H Klaasen,Imad Wasim,HE van der Dussen,1,0,1
South Africa,7,H Klaasen,Mohammad Amir,HE van der Dussen,0,0,0
South Africa,7,HE van der Dussen,Mohammad Amir,DA Miller,1,0,1
South Africa,7,DA Miller,Mohammad Amir,HE van der Dussen,0,0,0
South Africa,7,DA Miller,Mohammad Amir,HE van der Dussen,4,0,4
South Africa,7,DA Miller,Mohammad Amir,HE van der Dussen,0,0,0
South Africa,7,DA Miller,Mohammad Amir,HE van der Dussen,0,1,1
South Africa,7,DA Miller,Mohammad Amir,HE van der Dussen,4,0,4
South Africa,8,HE van der Dussen,Shadab Khan,DA Miller,1,0,1
South Africa,8,DA Miller,Shadab Khan,HE van der Dussen,1,0,1
South Africa,8,HE van der Dussen,Shadab Khan,DA Miller,6,0,6
South Africa,8,HE van der Dussen,Shadab Khan,DA Miller,1,0,1
South Africa,8,DA Miller,Shadab Khan,HE van der Dussen,1,0,1
South Africa,8,HE van der Dussen,Shadab Khan,DA Miller,1,0,1
South Africa,9,HE van der Dussen,Mohammad Amir,DA Miller,2,0,2
South Africa,9,HE van der Dussen,Mohammad Amir,DA Miller,1,0,1
South Africa,9,DA Miller,Mohammad Amir,HE van der Dussen,1,0,1
South Africa,9,HE van der Dussen,Mohammad Amir,DA Miller,0,1,1
South Africa,9,HE van der Dussen,Mohammad Amir,DA Miller,0,0,0
South Africa,9,HE van der Dussen,Mohammad Amir,DA Miller,1,0,1
South Africa,9,DA Miller,Mohammad Amir,HE van der Dussen,2,0,2
South Africa,10,HE van der Dussen,Shadab Khan,DA Miller,0,0,0
South Africa,10,HE van der Dussen,Shadab Khan,DA Miller,6,0,6
South Africa,10,HE van der Dussen,Shadab Khan,DA Miller,1,0,1
South Africa,10,DA Miller,Shadab Khan,HE van der Dussen,0,0,0
South Africa,10,AL Phehlukwayo,Shadab Khan,HE van der Dussen,4,0,4
South Africa,10,AL Phehlukwayo,Shadab Khan,HE van der Dussen,0,0,0
South Africa,11,HE van der Dussen,Faheem Ashraf,AL Phehlukwayo,1,0,1
South Africa,11,AL Phehlukwayo,Faheem Ashraf,HE van der Dussen,1,0,1
South Africa,11,HE van der Dussen,Faheem Ashraf,AL Phehlukwayo,0,0,0
South Africa,11,AL Phehlukwayo,Faheem Ashraf,CH Morris,0,0,0
South Africa,11,AL Phehlukwayo,Faheem Ashraf,CH Morris,0,0,0
South Africa,11,AL Phehlukwayo,Faheem Ashraf,CH Morris,0,1,1
South Africa,11,AL Phehlukwayo,Faheem Ashraf,CH Morris,0,0,0
South Africa,12,CH Morris,Shadab Khan,AL Phehlukwayo,1,0,1
South Africa,12,AL Phehlukwayo,Shadab Khan,CH Morris,1,0,1
South Africa,12,CH Morris,Shadab Khan,AL Phehlukwayo,1,0,1
South Africa,12,AL Phehlukwayo,Shadab Khan,CH Morris,4,0,4
South Africa,12,AL Phehlukwayo,Shadab Khan,CH Morris,0,0,0
South Africa,12,AL Phehlukwayo,Shadab Khan,CH Morris,0,0,0
South Africa,13,CH Morris,Faheem Ashraf,BE Hendricks,2,0,2
South Africa,13,CH Morris,Faheem Ashraf,BE Hendricks,4,0,4
South Africa,13,CH Morris,Faheem Ashraf,BE Hendricks,6,0,6
South Africa,13,CH Morris,Faheem Ashraf,BE Hendricks,4,0,4
South Africa,13,CH Morris,Faheem Ashraf,BE Hendricks,4,0,4
South Africa,13,CH Morris,Faheem Ashraf,BE Hendricks,1,0,1
South Africa,14,CH Morris,Shadab Khan,BE Hendricks,1,0,1
South Africa,14,BE Hendricks,Shadab Khan,CH Morris,1,0,1
South Africa,14,CH Morris,Shadab Khan,BE Hendricks,1,0,1
South Africa,14,BE Hendricks,Shadab Khan,CH Morris,0,0,0
South Africa,14,BE Hendricks,Shadab Khan,CH Morris,2,0,2
South Africa,14,BE Hendricks,Shadab Khan,CH Morris,0,0,0
South Africa,15,CH Morris,Mohammad Amir,BE Hendricks,1,0,1
South Africa,15,BE Hendricks,Mohammad Amir,CH Morris,0,0,0
South Africa,15,BE Hendricks,Mohammad Amir,CH Morris,0,0,0
South Africa,15,CJ Dala,Mohammad Amir,CH Morris,1,0,1
South Africa,15,CH Morris,Mohammad Amir,CJ Dala,1,0,1
South Africa,15,CJ Dala,Mohammad Amir,CH Morris,0,0,0
South Africa,16,CH Morris,Faheem Ashraf,CJ Dala,1,0,1
South Africa,16,CJ Dala,Faheem Ashraf,CH Morris,1,0,1
South Africa,16,CH Morris,Faheem Ashraf,CJ Dala,1,0,1
South Africa,16,CJ Dala,Faheem Ashraf,CH Morris,1,0,1
South Africa,16,CH Morris,Faheem Ashraf,CJ Dala,1,0,1
South Africa,16,CJ Dala,Faheem Ashraf,CH Morris,2,0,2
South Africa,17,CH Morris,Mohammad Amir,CJ Dala,0,0,0
South Africa,17,CH Morris,Mohammad Amir,CJ Dala,4,0,4
South Africa,17,CH Morris,Mohammad Amir,CJ Dala,1,0,1
South Africa,17,CJ Dala,Mohammad Amir,CH Morris,0,0,0
South Africa,17,CJ Dala,Mohammad Amir,CH Morris,0,0,0
South Africa,17,CH Morris,Mohammad Amir,L Sipamla,1,0,1
South Africa,18,CH Morris,Faheem Ashraf,L Sipamla,4,0,4
South Africa,18,CH Morris,Faheem Ashraf,L Sipamla,0,0,0
South Africa,18,CH Morris,Faheem Ashraf,L Sipamla,2,0,2
South Africa,18,CH Morris,Faheem Ashraf,L Sipamla,1,0,1
South Africa,18,L Sipamla,Faheem Ashraf,CH Morris,0,0,0
South Africa,18,T Shamsi,Faheem Ashraf,CH Morris,0,0,0
South Africa,19,CH Morris,Shaheen Shah Afridi,T Shamsi,0,0,0
South Africa,19,CH Morris,Shaheen Shah Afridi,T Shamsi,0,0,0
South Africa,19,CH Morris,Shaheen Shah Afridi,T Shamsi,0,0,0
South Africa,19,CH Morris,Shaheen Shah Afridi,T Shamsi,6,0,6
South Africa,19,CH Morris,Shaheen Shah Afridi,T Shamsi,6,0,6
South Africa,19,CH Morris,Shaheen Shah Afridi,T Shamsi,0,0,0
