Team,Over,Batter,Bowler,Non_Striker,Batter_Runs,Extras,Total_Runs
South Africa,0,Q de Kock,KM Jarvis,GL Cloete,0,0,0
South Africa,0,Q de Kock,KM Jarvis,GL Cloete,1,0,1
South Africa,0,GL Cloete,KM Jarvis,Q de Kock,0,0,0
South Africa,0,GL Cloete,KM Jarvis,Q de Kock,2,0,2
South Africa,0,GL Cloete,KM Jarvis,Q de Kock,0,0,0
South Africa,0,F du Plessis,KM Jarvis,Q de Kock,4,0,4
South Africa,1,Q de Kock,CB Mpofu,F du Plessis,4,0,4
South Africa,1,Q de Kock,CB Mpofu,F du Plessis,0,0,0
South Africa,1,Q de Kock,CB Mpofu,F du Plessis,0,0,0
South Africa,1,F du Plessis,CB Mpofu,HE van der Dussen,4,0,4
South Africa,1,F du Plessis,CB Mpofu,HE van der Dussen,0,0,0
South Africa,1,F du Plessis,CB Mpofu,HE van der Dussen,1,0,1
South Africa,2,F du Plessis,TS Chisoro,HE van der Dussen,0,0,0
South Africa,2,F du Plessis,TS Chisoro,HE van der Dussen,0,0,0
South Africa,2,F du Plessis,TS Chisoro,HE van der Dussen,0,0,0
South Africa,2,F du Plessis,TS Chisoro,HE van der Dussen,6,0,6
South Africa,2,F du Plessis,TS Chisoro,HE van der Dussen,0,0,0
South Africa,2,F du Plessis,TS Chisoro,HE van der Dussen,6,0,6
South Africa,3,HE van der Dussen,CB Mpofu,F du Plessis,2,0,2
South Africa,3,HE van der Dussen,CB Mpofu,F du Plessis,0,0,0
South Africa,3,HE van der Dussen,CB Mpofu,F du Plessis,0,0,0
South Africa,3,HE van der Dussen,CB Mpofu,F du Plessis,0,0,0
South Africa,3,HE van der Dussen,CB Mpofu,F du Plessis,0,0,0
South Africa,3,HE van der Dussen,CB Mpofu,F du Plessis,0,0,0
South Africa,4,F du Plessis,TS Chisoro,HE van der Dussen,4,0,4
South Africa,4,F du Plessis,TS Chisoro,HE van der Dussen,0,0,0
South Africa,4,F du Plessis,TS Chisoro,HE van der Dussen,0,0,0
South Africa,4,F du Plessis,TS Chisoro,HE van der Dussen,0,1,1
South Africa,4,F du Plessis,TS Chisoro,HE van der Dussen,0,0,0
South Africa,4,F du Plessis,TS Chisoro,HE van der Dussen,4,0,4
South Africa,4,F du Plessis,TS Chisoro,HE van der Dussen,0,1,1
South Africa,4,F du Plessis,TS Chisoro,HE van der Dussen,4,0,4
South Africa,5,HE van der Dussen,KM Jarvis,F du Plessis,6,0,6
South Africa,5,HE van der Dussen,KM Jarvis,F du Plessis,0,0,0
South Africa,5,HE van der Dussen,KM Jarvis,F du Plessis,1,0,1
South Africa,5,F du Plessis,KM Jarvis,HE van der Dussen,0,0,0
South Africa,5,F du Plessis,KM Jarvis,HE van der Dussen,0,0,0
South Africa,5,F du Plessis,KM Jarvis,HE van der Dussen,1,0,1
South Africa,6,F du Plessis,B Mavuta,HE van der Dussen,0,0,0
South Africa,6,DA Miller,B Mavuta,HE van der Dussen,0,0,0
South Africa,6,DA Miller,B Mavuta,HE van der Dussen,1,0,1
South Africa,6,HE van der Dussen,B Mavuta,DA Miller,4,0,4
South Africa,6,HE van der Dussen,B Mavuta,DA Miller,0,0,0
South Africa,6,HE van der Dussen,B Mavuta,DA Miller,2,0,2
South Africa,7,DA Miller,SC Williams,HE van der Dussen,0,0,0
South Africa,7,DA Miller,SC Williams,HE van der Dussen,0,0,0
South Africa,7,DA Miller,SC Williams,HE van der Dussen,1,0,1
South Africa,7,HE van der Dussen,SC Williams,DA Miller,2,0,2
South Africa,7,HE van der Dussen,SC Williams,DA Miller,1,0,1
South Africa,7,DA Miller,SC Williams,HE van der Dussen,1,0,1
South Africa,8,DA Miller,B Mavuta,HE van der Dussen,1,0,1
South Africa,8,HE van der Dussen,B Mavuta,DA Miller,1,0,1
South Africa,8,DA Miller,B Mavuta,HE van der Dussen,0,0,0
South Africa,8,DA Miller,B Mavuta,HE van der Dussen,1,0,1
South Africa,8,HE van der Dussen,B Mavuta,DA Miller,2,0,2
South Africa,8,HE van der Dussen,B Mavuta,DA Miller,0,2,2
South Africa,9,DA Miller,CJ Chibhabha,HE van der Dussen,2,0,2
South Africa,9,DA Miller,CJ Chibhabha,HE van der Dussen,4,0,4
South Africa,9,DA Miller,CJ Chibhabha,HE van der Dussen,1,0,1
South Africa,9,HE van der Dussen,CJ Chibhabha,DA Miller,2,0,2
South Africa,9,HE van der Dussen,CJ Chibhabha,DA Miller,1,0,1
South Africa,9,DA Miller,CJ Chibhabha,HE van der Dussen,1,0,1
South Africa,10,DA Miller,SC Williams,HE van der Dussen,0,0,0
South Africa,10,DA Miller,SC Williams,HE van der Dussen,1,0,1
South Africa,10,HE van der Dussen,SC Williams,DA Miller,1,0,1
South Africa,10,DA Miller,SC Williams,HE van der Dussen,2,0,2
South Africa,10,DA Miller,SC Williams,HE van der Dussen,0,1,1
South Africa,10,HE van der Dussen,SC Williams,DA Miller,1,0,1
South Africa,11,HE van der Dussen,B Mavuta,DA Miller,0,0,0
South Africa,11,HE van der Dussen,B Mavuta,DA Miller,0,0,0
South Africa,11,HE van der Dussen,B Mavuta,DA Miller,1,0,1
South Africa,11,DA Miller,B Mavuta,HE van der Dussen,0,0,0
South Africa,11,DA Miller,B Mavuta,HE van der Dussen,1,0,1
South Africa,11,HE van der Dussen,B Mavuta,DA Miller,1,0,1
South Africa,12,HE van der Dussen,TS Chisoro,DA Miller,0,0,0
South Africa,12,HE van der Dussen,TS Chisoro,DA Miller,1,0,1
South Africa,12,DA Miller,TS Chisoro,HE van der Dussen,0,1,1
South Africa,12,DA Miller,TS Chisoro,HE van der Dussen,2,0,2
South Africa,12,DA Miller,TS Chisoro,HE van der Dussen,2,0,2
South Africa,12,DA Miller,TS Chisoro,HE van der Dussen,1,0,1
South Africa,12,HE van der Dussen,TS Chisoro,DA Miller,4,0,4
South Africa,13,DA Miller,SC Williams,HE van der Dussen,0,0,0
South Africa,13,DA Miller,SC Williams,HE van der Dussen,6,0,6
South Africa,13,DA Miller,SC Williams,HE van der Dussen,1,0,1
South Africa,13,HE van der Dussen,SC Williams,DA Miller,2,0,2
South Africa,13,HE van der Dussen,SC Williams,DA Miller,1,0,1
South Africa,13,DA Miller,SC Williams,HE van der Dussen,1,0,1
South Africa,14,DA Miller,B Mavuta,HE van der Dussen,1,0,1
South Africa,14,HE van der Dussen,B Mavuta,DA Miller,1,0,1
South Africa,14,DA Miller,B Mavuta,HE van der Dussen,1,0,1
South Africa,14,HE van der Dussen,B Mavuta,DA Miller,1,0,1
South Africa,14,DA Miller,B Mavuta,HE van der Dussen,0,0,0
South Africa,14,DA Miller,B Mavuta,HE van der Dussen,0,0,0
South Africa,15,HE van der Dussen,SC Williams,DA Miller,0,0,0
South Africa,15,HE van der Dussen,SC Williams,DA Miller,4,0,4
South Africa,15,HE van der Dussen,SC Williams,DA Miller,1,0,1
South Africa,15,DA Miller,SC Williams,HE van der Dussen,1,0,1
South Africa,15,HE van der Dussen,SC Williams,DA Miller,0,0,0
South Africa,15,HE van der Dussen,SC Williams,DA Miller,1,0,1
South Africa,16,HE van der Dussen,KM Jarvis,DA Miller,4,0,4
South Africa,16,HE van der Dussen,KM Jarvis,DA Miller,4,0,4
South Africa,16,HE van der Dussen,KM Jarvis,DA Miller,1,0,1
South Africa,16,DA Miller,KM Jarvis,HE van der Dussen,6,0,6
South Africa,16,DA Miller,KM Jarvis,HE van der Dussen,0,0,0
South Africa,16,DA Miller,KM Jarvis,HE van der Dussen,0,0,0
South Africa,17,C Jonker,CB Mpofu,HE van der Dussen,1,0,1
South Africa,17,HE van der Dussen,CB Mpofu,C Jonker,0,0,0
South Africa,17,HE van der Dussen,CB Mpofu,C Jonker,1,0,1
South Africa,17,C Jonker,CB Mpofu,HE van der Dussen,1,0,1
South Africa,17,HE van der Dussen,CB Mpofu,C Jonker,2,0,2
South Africa,17,HE van der Dussen,CB Mpofu,C Jonker,0,5,5
South Africa,17,HE van der Dussen,CB Mpofu,C Jonker,0,0,0
South Africa,18,AL Phehlukwayo,KM Jarvis,C Jonker,0,0,0
South Africa,18,AL Phehlukwayo,KM Jarvis,C Jonker,0,0,0
South Africa,18,AL Phehlukwayo,KM Jarvis,C Jonker,1,0,1
South Africa,18,C Jonker,KM Jarvis,AL Phehlukwayo,6,0,6
South Africa,18,C Jonker,KM Jarvis,AL Phehlukwayo,0,0,0
South Africa,18,C Jonker,KM Jarvis,AL Phehlukwayo,0,0,0
South Africa,19,AL Phehlukwayo,CB Mpofu,CJ Dala,0,0,0
South Africa,19,AL Phehlukwayo,CB Mpofu,CJ Dala,1,0,1
South Africa,19,CJ Dala,CB Mpofu,AL Phehlukwayo,0,1,1
South Africa,19,AL Phehlukwayo,CB Mpofu,CJ Dala,0,0,0
South Africa,19,AL Phehlukwayo,CB Mpofu,CJ Dala,0,0,0
South Africa,19,AL Phehlukwayo,CB Mpofu,CJ Dala,2,0,2
Zimbabwe,0,CJ Chibhabha,L Ngidi,H Masakadza,0,0,0
Zimbabwe,0,CJ Chibhabha,L Ngidi,H Masakadza,1,0,1
Zimbabwe,0,H Masakadza,L Ngidi,CJ Chibhabha,0,0,0
Zimbabwe,0,H Masakadza,L Ngidi,CJ Chibhabha,0,0,0
Zimbabwe,0,H Masakadza,L Ngidi,CJ Chibhabha,0,0,0
Zimbabwe,0,H Masakadza,L Ngidi,CJ Chibhabha,0,0,0
Zimbabwe,1,CJ Chibhabha,Imran Tahir,H Masakadza,1,0,1
Zimbabwe,1,H Masakadza,Imran Tahir,CJ Chibhabha,1,0,1
Zimbabwe,1,CJ Chibhabha,Imran Tahir,H Masakadza,1,0,1
Zimbabwe,1,H Masakadza,Imran Tahir,CJ Chibhabha,0,2,2
Zimbabwe,1,CJ Chibhabha,Imran Tahir,H Masakadza,0,0,0
Zimbabwe,1,BRM Taylor,Imran Tahir,H Masakadza,1,0,1
Zimbabwe,1,H Masakadza,Imran Tahir,BRM Taylor,0,0,0
Zimbabwe,2,BRM Taylor,L Ngidi,H Masakadza,0,0,0
Zimbabwe,2,BRM Taylor,L Ngidi,H Masakadza,0,0,0
Zimbabwe,2,BRM Taylor,L Ngidi,H Masakadza,0,0,0
Zimbabwe,2,BRM Taylor,L Ngidi,H Masakadza,0,0,0
Zimbabwe,2,BRM Taylor,L Ngidi,H Masakadza,4,0,4
Zimbabwe,2,BRM Taylor,L Ngidi,H Masakadza,0,0,0
Zimbabwe,3,H Masakadza,Imran Tahir,BRM Taylor,0,0,0
Zimbabwe,3,TK Musakanda,Imran Tahir,BRM Taylor,0,0,0
Zimbabwe,3,SC Williams,Imran Tahir,BRM Taylor,4,0,4
Zimbabwe,3,SC Williams,Imran Tahir,BRM Taylor,1,0,1
Zimbabwe,3,BRM Taylor,Imran Tahir,SC Williams,1,0,1
Zimbabwe,3,SC Williams,Imran Tahir,BRM Taylor,0,0,0
Zimbabwe,4,BRM Taylor,CJ Dala,SC Williams,1,0,1
Zimbabwe,4,SC Williams,CJ Dala,BRM Taylor,0,0,0
Zimbabwe,4,SC Williams,CJ Dala,BRM Taylor,0,0,0
Zimbabwe,4,SC Williams,CJ Dala,BRM Taylor,0,0,0
Zimbabwe,4,SC Williams,CJ Dala,BRM Taylor,4,0,4
Zimbabwe,4,SC Williams,CJ Dala,BRM Taylor,0,0,0
Zimbabwe,5,BRM Taylor,AL Phehlukwayo,SC Williams,0,0,0
Zimbabwe,5,BRM Taylor,AL Phehlukwayo,SC Williams,0,0,0
Zimbabwe,5,BRM Taylor,AL Phehlukwayo,SC Williams,4,0,4
Zimbabwe,5,BRM Taylor,AL Phehlukwayo,SC Williams,4,0,4
Zimbabwe,5,BRM Taylor,AL Phehlukwayo,SC Williams,0,0,0
Zimbabwe,5,BRM Taylor,AL Phehlukwayo,SC Williams,1,0,1
Zimbabwe,6,BRM Taylor,T Shamsi,SC Williams,0,1,1
Zimbabwe,6,BRM Taylor,T Shamsi,SC Williams,0,0,0
Zimbabwe,6,BRM Taylor,T Shamsi,SC Williams,0,0,0
Zimbabwe,6,BRM Taylor,T Shamsi,SC Williams,1,0,1
Zimbabwe,6,SC Williams,T Shamsi,BRM Taylor,2,0,2
Zimbabwe,6,SC Williams,T Shamsi,BRM Taylor,1,0,1
Zimbabwe,6,BRM Taylor,T Shamsi,SC Williams,0,1,1
Zimbabwe,6,BRM Taylor,T Shamsi,SC Williams,1,0,1
Zimbabwe,7,BRM Taylor,CJ Dala,SC Williams,1,0,1
Zimbabwe,7,SC Williams,CJ Dala,BRM Taylor,0,0,0
Zimbabwe,7,SC Williams,CJ Dala,BRM Taylor,1,0,1
Zimbabwe,7,BRM Taylor,CJ Dala,SC Williams,0,0,0
Zimbabwe,7,BRM Taylor,CJ Dala,SC Williams,0,0,0
Zimbabwe,7,BRM Taylor,CJ Dala,SC Williams,0,0,0
Zimbabwe,8,SC Williams,T Shamsi,PJ Moor,0,0,0
Zimbabwe,8,SC Williams,T Shamsi,PJ Moor,2,0,2
Zimbabwe,8,SC Williams,T Shamsi,PJ Moor,1,0,1
Zimbabwe,8,PJ Moor,T Shamsi,SC Williams,2,0,2
Zimbabwe,8,PJ Moor,T Shamsi,SC Williams,1,0,1
Zimbabwe,8,SC Williams,T Shamsi,PJ Moor,0,0,0
Zimbabwe,9,PJ Moor,AL Phehlukwayo,SC Williams,0,0,0
Zimbabwe,9,PJ Moor,AL Phehlukwayo,SC Williams,0,0,0
Zimbabwe,9,PJ Moor,AL Phehlukwayo,SC Williams,4,0,4
Zimbabwe,9,PJ Moor,AL Phehlukwayo,SC Williams,1,0,1
Zimbabwe,9,SC Williams,AL Phehlukwayo,PJ Moor,1,0,1
Zimbabwe,9,PJ Moor,AL Phehlukwayo,SC Williams,6,0,6
Zimbabwe,10,SC Williams,T Shamsi,PJ Moor,1,0,1
Zimbabwe,10,PJ Moor,T Shamsi,SC Williams,1,0,1
Zimbabwe,10,SC Williams,T Shamsi,PJ Moor,1,0,1
Zimbabwe,10,PJ Moor,T Shamsi,SC Williams,1,0,1
Zimbabwe,10,SC Williams,T Shamsi,PJ Moor,1,0,1
Zimbabwe,10,PJ Moor,T Shamsi,SC Williams,0,0,0
Zimbabwe,11,SC Williams,Imran Tahir,PJ Moor,1,0,1
Zimbabwe,11,PJ Moor,Imran Tahir,SC Williams,0,0,0
Zimbabwe,11,PJ Moor,Imran Tahir,SC Williams,1,0,1
Zimbabwe,11,SC Williams,Imran Tahir,PJ Moor,0,0,0
Zimbabwe,11,E Chigumbura,Imran Tahir,PJ Moor,0,0,0
Zimbabwe,11,TS Chisoro,Imran Tahir,PJ Moor,0,0,0
Zimbabwe,12,PJ Moor,AL Phehlukwayo,TS Chisoro,1,0,1
Zimbabwe,12,TS Chisoro,AL Phehlukwayo,PJ Moor,0,0,0
Zimbabwe,12,TS Chisoro,AL Phehlukwayo,PJ Moor,0,2,2
Zimbabwe,12,TS Chisoro,AL Phehlukwayo,PJ Moor,2,0,2
Zimbabwe,12,TS Chisoro,AL Phehlukwayo,PJ Moor,0,0,0
Zimbabwe,12,B Mavuta,AL Phehlukwayo,PJ Moor,1,0,1
Zimbabwe,13,B Mavuta,Imran Tahir,PJ Moor,1,0,1
Zimbabwe,13,PJ Moor,Imran Tahir,B Mavuta,1,0,1
Zimbabwe,13,B Mavuta,Imran Tahir,PJ Moor,6,0,6
Zimbabwe,13,B Mavuta,Imran Tahir,PJ Moor,0,0,0
Zimbabwe,13,B Mavuta,Imran Tahir,PJ Moor,0,0,0
Zimbabwe,13,B Mavuta,Imran Tahir,PJ Moor,1,0,1
Zimbabwe,14,B Mavuta,T Shamsi,PJ Moor,0,0,0
Zimbabwe,14,B Mavuta,T Shamsi,PJ Moor,1,0,1
Zimbabwe,14,PJ Moor,T Shamsi,B Mavuta,6,0,6
Zimbabwe,14,PJ Moor,T Shamsi,B Mavuta,6,0,6
Zimbabwe,14,PJ Moor,T Shamsi,B Mavuta,6,0,6
Zimbabwe,14,PJ Moor,T Shamsi,B Mavuta,6,0,6
Zimbabwe,15,B Mavuta,CJ Dala,PJ Moor,4,0,4
Zimbabwe,15,B Mavuta,CJ Dala,PJ Moor,4,0,4
Zimbabwe,15,B Mavuta,CJ Dala,PJ Moor,2,0,2
Zimbabwe,15,B Mavuta,CJ Dala,PJ Moor,6,0,6
Zimbabwe,15,B Mavuta,CJ Dala,PJ Moor,2,0,2
Zimbabwe,15,B Mavuta,CJ Dala,PJ Moor,0,0,0
Zimbabwe,16,KM Jarvis,L Ngidi,PJ Moor,0,1,1
Zimbabwe,16,KM Jarvis,L Ngidi,PJ Moor,0,0,0
Zimbabwe,16,KM Jarvis,L Ngidi,PJ Moor,0,1,1
Zimbabwe,16,PJ Moor,L Ngidi,KM Jarvis,1,0,1
Zimbabwe,16,KM Jarvis,L Ngidi,PJ Moor,0,0,0
Zimbabwe,16,CB Mpofu,L Ngidi,PJ Moor,0,0,0
Zimbabwe,16,CB Mpofu,L Ngidi,PJ Moor,0,0,0
Zimbabwe,17,PJ Moor,AL Phehlukwayo,CB Mpofu,0,0,0
Zimbabwe,17,PJ Moor,AL Phehlukwayo,CB Mpofu,0,0,0
