Team,Over,Batter,Bowler,Non_Striker,Batter_Runs,Extras,Total_Runs
South Africa,0,AK Markram,SL Malinga,RR Hendricks,1,0,1
South Africa,0,RR Hendricks,SL Malinga,AK Markram,4,0,4
South Africa,0,RR Hendricks,SL Malinga,AK Markram,0,0,0
South Africa,0,RR Hendricks,SL Malinga,AK Markram,0,0,0
South Africa,0,RR Hendricks,SL Malinga,AK Markram,1,0,1
South Africa,0,AK Markram,SL Malinga,RR Hendricks,1,0,1
South Africa,1,AK Markram,I Udana,RR Hendricks,0,0,0
South Africa,1,AK Markram,I Udana,RR Hendricks,1,0,1
South Africa,1,RR Hendricks,I Udana,AK Markram,0,0,0
South Africa,1,RR Hendricks,I Udana,AK Markram,1,0,1
South Africa,1,AK Markram,I Udana,RR Hendricks,0,0,0
South Africa,1,HE van der Dussen,I Udana,RR Hendricks,4,0,4
South Africa,2,RR Hendricks,SL Malinga,HE van der Dussen,0,0,0
South Africa,2,RR Hendricks,SL Malinga,HE van der Dussen,1,0,1
South Africa,2,HE van der Dussen,SL Malinga,RR Hendricks,0,0,0
South Africa,2,HE van der Dussen,SL Malinga,RR Hendricks,0,0,0
South Africa,2,HE van der Dussen,SL Malinga,RR Hendricks,0,0,0
South Africa,2,HE van der Dussen,SL Malinga,RR Hendricks,2,0,2
South Africa,3,RR Hendricks,A Dananjaya,HE van der Dussen,0,0,0
South Africa,3,RR Hendricks,A Dananjaya,HE van der Dussen,1,0,1
South Africa,3,HE van der Dussen,A Dananjaya,RR Hendricks,1,0,1
South Africa,3,RR Hendricks,A Dananjaya,HE van der Dussen,1,0,1
South Africa,3,HE van der Dussen,A Dananjaya,RR Hendricks,1,0,1
South Africa,3,RR Hendricks,A Dananjaya,HE van der Dussen,0,0,0
South Africa,4,HE van der Dussen,I Udana,RR Hendricks,1,0,1
South Africa,4,RR Hendricks,I Udana,HE van der Dussen,1,0,1
South Africa,4,HE van der Dussen,I Udana,RR Hendricks,4,0,4
South Africa,4,HE van der Dussen,I Udana,RR Hendricks,0,0,0
South Africa,4,HE van der Dussen,I Udana,RR Hendricks,1,0,1
South Africa,4,RR Hendricks,I Udana,HE van der Dussen,1,0,1
South Africa,5,RR Hendricks,A Dananjaya,HE van der Dussen,0,0,0
South Africa,5,RR Hendricks,A Dananjaya,HE van der Dussen,4,0,4
South Africa,5,RR Hendricks,A Dananjaya,HE van der Dussen,4,0,4
South Africa,5,RR Hendricks,A Dananjaya,HE van der Dussen,1,0,1
South Africa,5,HE van der Dussen,A Dananjaya,RR Hendricks,1,0,1
South Africa,5,RR Hendricks,A Dananjaya,HE van der Dussen,1,0,1
South Africa,6,RR Hendricks,JDF Vandersay,HE van der Dussen,0,0,0
South Africa,6,RR Hendricks,JDF Vandersay,HE van der Dussen,3,0,3
South Africa,6,HE van der Dussen,JDF Vandersay,RR Hendricks,1,0,1
South Africa,6,RR Hendricks,JDF Vandersay,HE van der Dussen,0,0,0
South Africa,6,RR Hendricks,JDF Vandersay,HE van der Dussen,1,0,1
South Africa,6,HE van der Dussen,JDF Vandersay,RR Hendricks,1,0,1
South Africa,7,HE van der Dussen,NLTC Perera,RR Hendricks,1,0,1
South Africa,7,RR Hendricks,NLTC Perera,HE van der Dussen,1,0,1
South Africa,7,HE van der Dussen,NLTC Perera,RR Hendricks,1,0,1
South Africa,7,RR Hendricks,NLTC Perera,HE van der Dussen,1,0,1
South Africa,7,HE van der Dussen,NLTC Perera,RR Hendricks,6,0,6
South Africa,7,HE van der Dussen,NLTC Perera,RR Hendricks,1,0,1
South Africa,8,HE van der Dussen,JDF Vandersay,RR Hendricks,1,0,1
South Africa,8,RR Hendricks,JDF Vandersay,HE van der Dussen,1,0,1
South Africa,8,HE van der Dussen,JDF Vandersay,RR Hendricks,1,0,1
South Africa,8,RR Hendricks,JDF Vandersay,HE van der Dussen,2,0,2
South Africa,8,RR Hendricks,JDF Vandersay,HE van der Dussen,2,0,2
South Africa,8,RR Hendricks,JDF Vandersay,HE van der Dussen,0,0,0
South Africa,9,HE van der Dussen,NLTC Perera,RR Hendricks,6,0,6
South Africa,9,HE van der Dussen,NLTC Perera,RR Hendricks,1,0,1
South Africa,9,RR Hendricks,NLTC Perera,HE van der Dussen,1,0,1
South Africa,9,HE van der Dussen,NLTC Perera,RR Hendricks,6,0,6
South Africa,9,HE van der Dussen,NLTC Perera,RR Hendricks,1,0,1
South Africa,9,RR Hendricks,NLTC Perera,HE van der Dussen,4,0,4
South Africa,10,HE van der Dussen,A Dananjaya,RR Hendricks,1,0,1
South Africa,10,RR Hendricks,A Dananjaya,HE van der Dussen,0,0,0
South Africa,10,RR Hendricks,A Dananjaya,HE van der Dussen,4,0,4
South Africa,10,RR Hendricks,A Dananjaya,HE van der Dussen,4,0,4
South Africa,10,RR Hendricks,A Dananjaya,HE van der Dussen,1,0,1
South Africa,10,HE van der Dussen,A Dananjaya,RR Hendricks,2,0,2
South Africa,11,RR Hendricks,JDF Vandersay,HE van der Dussen,1,0,1
South Africa,11,HE van der Dussen,JDF Vandersay,RR Hendricks,0,0,0
South Africa,11,HE van der Dussen,JDF Vandersay,RR Hendricks,0,0,0
South Africa,11,HE van der Dussen,JDF Vandersay,RR Hendricks,0,0,0
South Africa,11,HE van der Dussen,JDF Vandersay,RR Hendricks,1,0,1
South Africa,11,RR Hendricks,JDF Vandersay,HE van der Dussen,2,0,2
South Africa,12,HE van der Dussen,PHKD Mendis,RR Hendricks,1,0,1
South Africa,12,RR Hendricks,PHKD Mendis,HE van der Dussen,4,0,4
South Africa,12,RR Hendricks,PHKD Mendis,HE van der Dussen,4,0,4
South Africa,12,RR Hendricks,PHKD Mendis,HE van der Dussen,1,0,1
South Africa,12,HE van der Dussen,PHKD Mendis,RR Hendricks,1,0,1
South Africa,12,RR Hendricks,PHKD Mendis,HE van der Dussen,1,0,1
South Africa,13,RR Hendricks,JDF Vandersay,HE van der Dussen,1,0,1
South Africa,13,HE van der Dussen,JDF Vandersay,RR Hendricks,1,0,1
South Africa,13,RR Hendricks,JDF Vandersay,HE van der Dussen,0,0,0
South Africa,13,RR Hendricks,JDF Vandersay,HE van der Dussen,4,0,4
South Africa,13,RR Hendricks,JDF Vandersay,HE van der Dussen,1,0,1
South Africa,13,HE van der Dussen,JDF Vandersay,RR Hendricks,1,0,1
South Africa,14,HE van der Dussen,SL Malinga,RR Hendricks,4,0,4
South Africa,14,HE van der Dussen,SL Malinga,RR Hendricks,0,1,1
South Africa,14,HE van der Dussen,SL Malinga,RR Hendricks,0,1,1
South Africa,14,HE van der Dussen,SL Malinga,RR Hendricks,1,0,1
South Africa,14,RR Hendricks,SL Malinga,HE van der Dussen,0,0,0
South Africa,14,HE van der Dussen,SL Malinga,JP Duminy,1,0,1
South Africa,14,JP Duminy,SL Malinga,HE van der Dussen,1,0,1
South Africa,14,HE van der Dussen,SL Malinga,JP Duminy,1,0,1
South Africa,15,HE van der Dussen,I Udana,JP Duminy,1,0,1
South Africa,15,JP Duminy,I Udana,HE van der Dussen,1,0,1
South Africa,15,HE van der Dussen,I Udana,JP Duminy,1,0,1
South Africa,15,JP Duminy,I Udana,HE van der Dussen,1,0,1
South Africa,15,HE van der Dussen,I Udana,JP Duminy,4,0,4
South Africa,15,HE van der Dussen,I Udana,JP Duminy,0,1,1
South Africa,15,HE van der Dussen,I Udana,JP Duminy,1,0,1
South Africa,16,HE van der Dussen,A Dananjaya,JP Duminy,0,0,0
South Africa,16,DA Miller,A Dananjaya,JP Duminy,1,0,1
South Africa,16,JP Duminy,A Dananjaya,DA Miller,1,0,1
South Africa,16,DA Miller,A Dananjaya,JP Duminy,1,0,1
South Africa,16,JP Duminy,A Dananjaya,DA Miller,0,0,0
South Africa,16,JP Duminy,A Dananjaya,DA Miller,1,0,1
South Africa,17,JP Duminy,I Udana,DA Miller,1,0,1
South Africa,17,DA Miller,I Udana,JP Duminy,1,0,1
South Africa,17,JP Duminy,I Udana,DA Miller,4,0,4
South Africa,17,JP Duminy,I Udana,DA Miller,0,1,1
South Africa,17,JP Duminy,I Udana,DA Miller,1,0,1
South Africa,17,DA Miller,I Udana,JP Duminy,1,0,1
South Africa,17,JP Duminy,I Udana,DA Miller,6,0,6
South Africa,18,DA Miller,SL Malinga,JP Duminy,0,1,1
South Africa,18,JP Duminy,SL Malinga,DA Miller,4,0,4
South Africa,18,JP Duminy,SL Malinga,DA Miller,1,0,1
South Africa,18,DA Miller,SL Malinga,JP Duminy,0,0,0
South Africa,18,DA Miller,SL Malinga,JP Duminy,0,1,1
South Africa,18,JP Duminy,SL Malinga,DA Miller,1,0,1
South Africa,19,JP Duminy,NLTC Perera,DA Miller,6,0,6
South Africa,19,JP Duminy,NLTC Perera,DA Miller,2,0,2
South Africa,19,JP Duminy,NLTC Perera,DA Miller,1,0,1
South Africa,19,DA Miller,NLTC Perera,JP Duminy,1,0,1
South Africa,19,JP Duminy,NLTC Perera,DA Miller,1,0,1
South Africa,19,DA Miller,NLTC Perera,JP Duminy,4,0,4
Sri Lanka,0,N Dickwella,DW Steyn,WIA Fernando,1,0,1
Sri Lanka,0,WIA Fernando,DW Steyn,N Dickwella,0,0,0
Sri Lanka,0,WIA Fernando,DW Steyn,N Dickwella,0,0,0
Sri Lanka,0,BKG Mendis,DW Steyn,N Dickwella,0,0,0
Sri Lanka,0,BKG Mendis,DW Steyn,N Dickwella,4,0,4
Sri Lanka,0,BKG Mendis,DW Steyn,N Dickwella,0,0,0
Sri Lanka,1,N Dickwella,CH Morris,NLTC Perera,0,0,0
Sri Lanka,1,N Dickwella,CH Morris,NLTC Perera,1,0,1
Sri Lanka,1,NLTC Perera,CH Morris,N Dickwella,2,0,2
Sri Lanka,1,NLTC Perera,CH Morris,N Dickwella,1,0,1
Sri Lanka,1,N Dickwella,CH Morris,NLTC Perera,4,0,4
Sri Lanka,1,N Dickwella,CH Morris,NLTC Perera,1,0,1
Sri Lanka,2,N Dickwella,DW Steyn,NLTC Perera,0,0,0
Sri Lanka,2,N Dickwella,DW Steyn,NLTC Perera,6,0,6
Sri Lanka,2,N Dickwella,DW Steyn,NLTC Perera,4,0,4
Sri Lanka,2,N Dickwella,DW Steyn,NLTC Perera,2,0,2
Sri Lanka,2,N Dickwella,DW Steyn,NLTC Perera,1,0,1
Sri Lanka,2,NLTC Perera,DW Steyn,N Dickwella,4,0,4
Sri Lanka,3,N Dickwella,CH Morris,NLTC Perera,0,0,0
Sri Lanka,3,N Dickwella,CH Morris,NLTC Perera,0,0,0
Sri Lanka,3,N Dickwella,CH Morris,NLTC Perera,0,0,0
Sri Lanka,3,N Dickwella,CH Morris,NLTC Perera,0,0,0
Sri Lanka,3,N Dickwella,CH Morris,NLTC Perera,0,0,0
Sri Lanka,3,PHKD Mendis,CH Morris,NLTC Perera,0,0,0
Sri Lanka,4,NLTC Perera,DW Steyn,AK Perera,1,0,1
Sri Lanka,4,AK Perera,DW Steyn,NLTC Perera,0,0,0
Sri Lanka,4,AK Perera,DW Steyn,NLTC Perera,0,0,0
Sri Lanka,4,AK Perera,DW Steyn,NLTC Perera,1,0,1
Sri Lanka,4,NLTC Perera,DW Steyn,AK Perera,6,0,6
Sri Lanka,4,NLTC Perera,DW Steyn,AK Perera,4,0,4
Sri Lanka,5,AK Perera,L Sipamla,NLTC Perera,4,0,4
Sri Lanka,5,AK Perera,L Sipamla,NLTC Perera,0,0,0
Sri Lanka,5,AK Perera,L Sipamla,NLTC Perera,0,0,0
Sri Lanka,5,AK Perera,L Sipamla,NLTC Perera,0,0,0
Sri Lanka,5,AK Perera,L Sipamla,NLTC Perera,0,0,0
Sri Lanka,5,AK Perera,L Sipamla,NLTC Perera,0,0,0
Sri Lanka,6,NLTC Perera,D Pretorius,AK Perera,0,0,0
Sri Lanka,6,NLTC Perera,D Pretorius,AK Perera,0,0,0
Sri Lanka,6,NLTC Perera,D Pretorius,AK Perera,1,0,1
Sri Lanka,6,AK Perera,D Pretorius,NLTC Perera,0,1,1
Sri Lanka,6,AK Perera,D Pretorius,NLTC Perera,1,0,1
Sri Lanka,6,NLTC Perera,D Pretorius,AK Perera,1,0,1
Sri Lanka,6,AK Perera,D Pretorius,NLTC Perera,2,0,2
Sri Lanka,7,NLTC Perera,T Shamsi,AK Perera,0,0,0
Sri Lanka,7,NLTC Perera,T Shamsi,AK Perera,1,0,1
Sri Lanka,7,AK Perera,T Shamsi,NLTC Perera,0,0,0
Sri Lanka,7,AK Perera,T Shamsi,NLTC Perera,1,0,1
Sri Lanka,7,NLTC Perera,T Shamsi,AK Perera,0,0,0
Sri Lanka,7,NLTC Perera,T Shamsi,AK Perera,1,0,1
Sri Lanka,8,NLTC Perera,D Pretorius,AK Perera,0,0,0
Sri Lanka,8,AK Perera,D Pretorius,DM de Silva,1,0,1
Sri Lanka,8,DM de Silva,D Pretorius,AK Perera,0,0,0
Sri Lanka,8,DM de Silva,D Pretorius,AK Perera,1,0,1
Sri Lanka,8,AK Perera,D Pretorius,DM de Silva,0,1,1
Sri Lanka,8,AK Perera,D Pretorius,DM de Silva,1,0,1
Sri Lanka,8,DM de Silva,D Pretorius,AK Perera,1,0,1
Sri Lanka,9,DM de Silva,T Shamsi,AK Perera,1,0,1
Sri Lanka,9,AK Perera,T Shamsi,DM de Silva,0,0,0
Sri Lanka,9,AK Perera,T Shamsi,DM de Silva,0,0,0
Sri Lanka,9,AK Perera,T Shamsi,DM de Silva,0,0,0
Sri Lanka,9,I Udana,T Shamsi,DM de Silva,0,0,0
Sri Lanka,9,I Udana,T Shamsi,DM de Silva,0,0,0
Sri Lanka,10,DM de Silva,D Pretorius,I Udana,1,0,1
Sri Lanka,10,I Udana,D Pretorius,DM de Silva,0,0,0
Sri Lanka,10,I Udana,D Pretorius,DM de Silva,4,0,4
Sri Lanka,10,I Udana,D Pretorius,DM de Silva,1,0,1
Sri Lanka,10,DM de Silva,D Pretorius,I Udana,0,0,0
Sri Lanka,10,DM de Silva,D Pretorius,I Udana,1,0,1
Sri Lanka,11,DM de Silva,T Shamsi,I Udana,1,0,1
Sri Lanka,11,I Udana,T Shamsi,DM de Silva,0,0,0
Sri Lanka,11,I Udana,T Shamsi,DM de Silva,0,0,0
Sri Lanka,11,I Udana,T Shamsi,DM de Silva,1,0,1
Sri Lanka,11,DM de Silva,T Shamsi,I Udana,1,0,1
Sri Lanka,11,I Udana,T Shamsi,DM de Silva,0,0,0
Sri Lanka,12,DM de Silva,D Pretorius,I Udana,1,0,1
Sri Lanka,12,I Udana,D Pretorius,DM de Silva,1,0,1
Sri Lanka,12,DM de Silva,D Pretorius,I Udana,1,0,1
Sri Lanka,12,I Udana,D Pretorius,DM de Silva,0,0,0
Sri Lanka,12,I Udana,D Pretorius,DM de Silva,1,0,1
Sri Lanka,12,DM de Silva,D Pretorius,I Udana,0,0,0
Sri Lanka,13,I Udana,L Sipamla,DM de Silva,0,0,0
Sri Lanka,13,I Udana,L Sipamla,DM de Silva,1,0,1
Sri Lanka,13,DM de Silva,L Sipamla,I Udana,1,0,1
Sri Lanka,13,I Udana,L Sipamla,DM de Silva,4,0,4
Sri Lanka,13,I Udana,L Sipamla,DM de Silva,1,0,1
Sri Lanka,13,I Udana,L Sipamla,A Dananjaya,1,0,1
Sri Lanka,14,I Udana,CH Morris,A Dananjaya,0,0,0
Sri Lanka,14,I Udana,CH Morris,A Dananjaya,4,0,4
Sri Lanka,14,I Udana,CH Morris,A Dananjaya,0,0,0
Sri Lanka,14,I Udana,CH Morris,A Dananjaya,1,0,1
Sri Lanka,14,A Dananjaya,CH Morris,I Udana,1,0,1
Sri Lanka,14,I Udana,CH Morris,A Dananjaya,1,0,1
Sri Lanka,15,I Udana,JP Duminy,A Dananjaya,0,0,0
Sri Lanka,15,I Udana,JP Duminy,A Dananjaya,6,0,6
Sri Lanka,15,I Udana,JP Duminy,A Dananjaya,4,0,4
Sri Lanka,15,I Udana,JP Duminy,A Dananjaya,0,1,1
Sri Lanka,15,I Udana,JP Duminy,A Dananjaya,6,0,6
Sri Lanka,15,I Udana,JP Duminy,A Dananjaya,0,0,0
Sri Lanka,15,I Udana,JP Duminy,A Dananjaya,1,0,1
Sri Lanka,16,I Udana,L Sipamla,A Dananjaya,0,0,0
Sri Lanka,16,I Udana,L Sipamla,A Dananjaya,4,0,4
Sri Lanka,16,I Udana,L Sipamla,A Dananjaya,4,0,4
Sri Lanka,16,I Udana,L Sipamla,A Dananjaya,6,0,6
Sri Lanka,16,I Udana,L Sipamla,A Dananjaya,0,0,0
Sri Lanka,16,I Udana,L Sipamla,A Dananjaya,1,0,1
Sri Lanka,17,I Udana,T Shamsi,A Dananjaya,4,0,4
Sri Lanka,17,I Udana,T Shamsi,A Dananjaya,0,0,0
Sri Lanka,17,I Udana,T Shamsi,A Dananjaya,1,0,1
Sri Lanka,17,A Dananjaya,T Shamsi,I Udana,0,0,0
Sri Lanka,17,SL Malinga,T Shamsi,I Udana,0,0,0
Sri Lanka,17,SL Malinga,T Shamsi,I Udana,4,0,4
Sri Lanka,18,I Udana,CH Morris,SL Malinga,0,0,0
Sri Lanka,18,I Udana,CH Morris,SL Malinga,4,0,4
Sri Lanka,18,I Udana,CH Morris,SL Malinga,0,1,1
Sri Lanka,18,I Udana,CH Morris,SL Malinga,6,0,6
Sri Lanka,18,I Udana,CH Morris,SL Malinga,1,0,1
Sri Lanka,18,SL Malinga,CH Morris,I Udana,4,0,4
Sri Lanka,18,SL Malinga,CH Morris,I Udana,0,0,0
Sri Lanka,19,I Udana,L Sipamla,JDF Vandersay,6,0,6
Sri Lanka,19,I Udana,L Sipamla,JDF Vandersay,0,0,0
Sri Lanka,19,I Udana,L Sipamla,JDF Vandersay,2,0,2
Sri Lanka,19,I Udana,L Sipamla,JDF Vandersay,0,0,0
Sri Lanka,19,I Udana,L Sipamla,JDF Vandersay,6,0,6
Sri Lanka,19,I Udana,L Sipamla,JDF Vandersay,1,0,1
