Team,Over,Batter,Bowler,Non_Striker,Batter_Runs,Extras,Total_Runs
Sri Lanka,0,N Dickwella,DW Steyn,WIA Fernando,0,0,0
Sri Lanka,0,N Dickwella,DW Steyn,WIA Fernando,0,0,0
Sri Lanka,0,BKG Mendis,DW Steyn,WIA Fernando,0,0,0
Sri Lanka,0,BKG Mendis,DW Steyn,WIA Fernando,0,0,0
Sri Lanka,0,BKG Mendis,DW Steyn,WIA Fernando,0,0,0
Sri Lanka,0,BKG Mendis,DW Steyn,WIA Fernando,0,0,0
Sri Lanka,1,WIA Fernando,K Rabada,BKG Mendis,0,0,0
Sri Lanka,1,WIA Fernando,K Rabada,BKG Mendis,0,0,0
Sri Lanka,1,WIA Fernando,K Rabada,BKG Mendis,6,0,6
Sri Lanka,1,WIA Fernando,K Rabada,BKG Mendis,1,0,1
Sri Lanka,1,BKG Mendis,K Rabada,WIA Fernando,0,0,0
Sri Lanka,1,BKG Mendis,K Rabada,WIA Fernando,0,0,0
Sri Lanka,2,WIA Fernando,DW Steyn,PHKD Mendis,0,0,0
Sri Lanka,2,WIA Fernando,DW Steyn,PHKD Mendis,0,0,0
Sri Lanka,2,WIA Fernando,DW Steyn,PHKD Mendis,0,0,0
Sri Lanka,2,WIA Fernando,DW Steyn,PHKD Mendis,1,0,1
Sri Lanka,2,PHKD Mendis,DW Steyn,WIA Fernando,1,0,1
Sri Lanka,2,WIA Fernando,DW Steyn,PHKD Mendis,6,0,6
Sri Lanka,3,PHKD Mendis,K Rabada,WIA Fernando,0,0,0
Sri Lanka,3,PHKD Mendis,K Rabada,WIA Fernando,1,0,1
Sri Lanka,3,WIA Fernando,K Rabada,PHKD Mendis,0,0,0
Sri Lanka,3,WIA Fernando,K Rabada,PHKD Mendis,1,0,1
Sri Lanka,3,PHKD Mendis,K Rabada,WIA Fernando,6,0,6
Sri Lanka,3,PHKD Mendis,K Rabada,WIA Fernando,6,0,6
Sri Lanka,4,WIA Fernando,DW Steyn,PHKD Mendis,1,0,1
Sri Lanka,4,PHKD Mendis,DW Steyn,WIA Fernando,0,0,0
Sri Lanka,4,PHKD Mendis,DW Steyn,WIA Fernando,4,0,4
Sri Lanka,4,PHKD Mendis,DW Steyn,WIA Fernando,4,0,4
Sri Lanka,4,PHKD Mendis,DW Steyn,WIA Fernando,1,0,1
Sri Lanka,4,WIA Fernando,DW Steyn,PHKD Mendis,0,0,0
Sri Lanka,5,PHKD Mendis,L Sipamla,WIA Fernando,1,0,1
Sri Lanka,5,WIA Fernando,L Sipamla,PHKD Mendis,0,1,1
Sri Lanka,5,PHKD Mendis,L Sipamla,WIA Fernando,1,0,1
Sri Lanka,5,WIA Fernando,L Sipamla,PHKD Mendis,0,0,0
Sri Lanka,5,PHKD Mendis,L Sipamla,AK Perera,0,0,0
Sri Lanka,5,PHKD Mendis,L Sipamla,AK Perera,0,0,0
Sri Lanka,6,AK Perera,Imran Tahir,PHKD Mendis,2,0,2
Sri Lanka,6,AK Perera,Imran Tahir,PHKD Mendis,1,0,1
Sri Lanka,6,PHKD Mendis,Imran Tahir,AK Perera,1,0,1
Sri Lanka,6,AK Perera,Imran Tahir,PHKD Mendis,0,0,0
Sri Lanka,6,AK Perera,Imran Tahir,PHKD Mendis,0,0,0
Sri Lanka,6,AK Perera,Imran Tahir,PHKD Mendis,1,0,1
Sri Lanka,7,AK Perera,L Sipamla,PHKD Mendis,1,0,1
Sri Lanka,7,PHKD Mendis,L Sipamla,AK Perera,4,0,4
Sri Lanka,7,PHKD Mendis,L Sipamla,AK Perera,1,0,1
Sri Lanka,7,AK Perera,L Sipamla,PHKD Mendis,1,0,1
Sri Lanka,7,PHKD Mendis,L Sipamla,AK Perera,1,0,1
Sri Lanka,7,AK Perera,L Sipamla,PHKD Mendis,1,0,1
Sri Lanka,8,AK Perera,AL Phehlukwayo,PHKD Mendis,1,0,1
Sri Lanka,8,PHKD Mendis,AL Phehlukwayo,AK Perera,0,0,0
Sri Lanka,8,PHKD Mendis,AL Phehlukwayo,AK Perera,1,0,1
Sri Lanka,8,AK Perera,AL Phehlukwayo,PHKD Mendis,0,0,0
Sri Lanka,8,AK Perera,AL Phehlukwayo,PHKD Mendis,1,0,1
Sri Lanka,8,PHKD Mendis,AL Phehlukwayo,AK Perera,1,0,1
Sri Lanka,9,PHKD Mendis,L Sipamla,AK Perera,1,0,1
Sri Lanka,9,AK Perera,L Sipamla,PHKD Mendis,0,0,0
Sri Lanka,9,AK Perera,L Sipamla,PHKD Mendis,1,0,1
Sri Lanka,9,PHKD Mendis,L Sipamla,AK Perera,1,0,1
Sri Lanka,9,AK Perera,L Sipamla,PHKD Mendis,1,0,1
Sri Lanka,9,PHKD Mendis,L Sipamla,AK Perera,1,0,1
Sri Lanka,10,PHKD Mendis,Imran Tahir,AK Perera,0,0,0
Sri Lanka,10,PHKD Mendis,Imran Tahir,AK Perera,1,0,1
Sri Lanka,10,AK Perera,Imran Tahir,PHKD Mendis,0,0,0
Sri Lanka,10,AK Perera,Imran Tahir,PHKD Mendis,1,0,1
Sri Lanka,10,PHKD Mendis,Imran Tahir,AK Perera,1,0,1
Sri Lanka,10,AK Perera,Imran Tahir,PHKD Mendis,4,0,4
Sri Lanka,11,PHKD Mendis,AL Phehlukwayo,AK Perera,1,0,1
Sri Lanka,11,AK Perera,AL Phehlukwayo,PHKD Mendis,0,0,0
Sri Lanka,11,NLTC Perera,AL Phehlukwayo,PHKD Mendis,0,0,0
Sri Lanka,11,NLTC Perera,AL Phehlukwayo,PHKD Mendis,1,0,1
Sri Lanka,11,PHKD Mendis,AL Phehlukwayo,NLTC Perera,0,1,1
Sri Lanka,11,PHKD Mendis,AL Phehlukwayo,NLTC Perera,1,0,1
Sri Lanka,11,NLTC Perera,AL Phehlukwayo,PHKD Mendis,0,0,0
Sri Lanka,12,PHKD Mendis,Imran Tahir,NLTC Perera,0,0,0
Sri Lanka,12,DM de Silva,Imran Tahir,NLTC Perera,1,0,1
Sri Lanka,12,NLTC Perera,Imran Tahir,DM de Silva,1,0,1
Sri Lanka,12,DM de Silva,Imran Tahir,NLTC Perera,0,1,1
Sri Lanka,12,DM de Silva,Imran Tahir,NLTC Perera,1,0,1
Sri Lanka,12,NLTC Perera,Imran Tahir,DM de Silva,0,0,0
Sri Lanka,12,NLTC Perera,Imran Tahir,DM de Silva,0,0,0
Sri Lanka,13,DM de Silva,AL Phehlukwayo,NLTC Perera,1,0,1
Sri Lanka,13,NLTC Perera,AL Phehlukwayo,DM de Silva,1,0,1
Sri Lanka,13,DM de Silva,AL Phehlukwayo,NLTC Perera,0,0,0
Sri Lanka,13,DM de Silva,AL Phehlukwayo,NLTC Perera,0,0,0
Sri Lanka,13,DM de Silva,AL Phehlukwayo,NLTC Perera,1,0,1
Sri Lanka,13,NLTC Perera,AL Phehlukwayo,DM de Silva,6,0,6
Sri Lanka,14,DM de Silva,Imran Tahir,NLTC Perera,1,0,1
Sri Lanka,14,NLTC Perera,Imran Tahir,DM de Silva,1,0,1
Sri Lanka,14,DM de Silva,Imran Tahir,NLTC Perera,1,0,1
Sri Lanka,14,NLTC Perera,Imran Tahir,DM de Silva,1,0,1
Sri Lanka,14,DM de Silva,Imran Tahir,NLTC Perera,0,0,0
Sri Lanka,14,DM de Silva,Imran Tahir,NLTC Perera,1,0,1
Sri Lanka,15,DM de Silva,K Rabada,NLTC Perera,0,1,1
Sri Lanka,15,DM de Silva,K Rabada,NLTC Perera,0,1,1
Sri Lanka,15,DM de Silva,K Rabada,NLTC Perera,1,0,1
Sri Lanka,15,NLTC Perera,K Rabada,DM de Silva,0,1,1
Sri Lanka,15,NLTC Perera,K Rabada,DM de Silva,2,0,2
Sri Lanka,15,NLTC Perera,K Rabada,DM de Silva,0,0,0
Sri Lanka,15,NLTC Perera,K Rabada,DM de Silva,2,0,2
Sri Lanka,15,NLTC Perera,K Rabada,DM de Silva,0,0,0
Sri Lanka,15,NLTC Perera,K Rabada,DM de Silva,0,0,0
Sri Lanka,16,DM de Silva,DW Steyn,NLTC Perera,2,0,2
Sri Lanka,16,DM de Silva,DW Steyn,NLTC Perera,0,0,0
Sri Lanka,16,DM de Silva,DW Steyn,NLTC Perera,1,0,1
Sri Lanka,16,NLTC Perera,DW Steyn,DM de Silva,3,0,3
Sri Lanka,16,DM de Silva,DW Steyn,NLTC Perera,0,0,0
Sri Lanka,16,DM de Silva,DW Steyn,NLTC Perera,1,0,1
Sri Lanka,17,DM de Silva,L Sipamla,NLTC Perera,1,0,1
Sri Lanka,17,NLTC Perera,L Sipamla,DM de Silva,0,0,0
Sri Lanka,17,NLTC Perera,L Sipamla,DM de Silva,0,0,0
Sri Lanka,17,NLTC Perera,L Sipamla,DM de Silva,0,1,1
Sri Lanka,17,DM de Silva,L Sipamla,NLTC Perera,1,0,1
Sri Lanka,17,NLTC Perera,L Sipamla,DM de Silva,1,0,1
Sri Lanka,18,NLTC Perera,AL Phehlukwayo,DM de Silva,0,0,0
Sri Lanka,18,DM de Silva,AL Phehlukwayo,I Udana,0,0,0
Sri Lanka,18,A Dananjaya,AL Phehlukwayo,I Udana,0,0,0
Sri Lanka,18,A Dananjaya,AL Phehlukwayo,I Udana,0,0,0
Sri Lanka,18,A Dananjaya,AL Phehlukwayo,I Udana,4,0,4
Sri Lanka,18,A Dananjaya,AL Phehlukwayo,I Udana,4,0,4
Sri Lanka,19,I Udana,K Rabada,A Dananjaya,0,0,0
Sri Lanka,19,I Udana,K Rabada,A Dananjaya,2,0,2
Sri Lanka,19,I Udana,K Rabada,A Dananjaya,4,0,4
Sri Lanka,19,I Udana,K Rabada,A Dananjaya,2,0,2
Sri Lanka,19,I Udana,K Rabada,A Dananjaya,0,1,1
Sri Lanka,19,I Udana,K Rabada,A Dananjaya,2,0,2
Sri Lanka,19,I Udana,K Rabada,A Dananjaya,2,0,2
South Africa,0,Q de Kock,SL Malinga,RR Hendricks,0,0,0
South Africa,0,Q de Kock,SL Malinga,RR Hendricks,4,0,4
South Africa,0,Q de Kock,SL Malinga,RR Hendricks,0,0,0
South Africa,0,Q de Kock,SL Malinga,RR Hendricks,0,0,0
South Africa,0,Q de Kock,SL Malinga,RR Hendricks,0,0,0
South Africa,0,Q de Kock,SL Malinga,RR Hendricks,0,0,0
South Africa,1,RR Hendricks,DM de Silva,Q de Kock,0,0,0
South Africa,1,RR Hendricks,DM de Silva,Q de Kock,4,0,4
South Africa,1,RR Hendricks,DM de Silva,Q de Kock,1,0,1
South Africa,1,Q de Kock,DM de Silva,RR Hendricks,0,0,0
South Africa,1,Q de Kock,DM de Silva,RR Hendricks,1,0,1
South Africa,1,RR Hendricks,DM de Silva,Q de Kock,1,0,1
South Africa,2,RR Hendricks,SL Malinga,Q de Kock,1,0,1
South Africa,2,Q de Kock,SL Malinga,RR Hendricks,1,0,1
South Africa,2,RR Hendricks,SL Malinga,Q de Kock,0,0,0
South Africa,2,RR Hendricks,SL Malinga,Q de Kock,0,0,0
South Africa,2,RR Hendricks,SL Malinga,Q de Kock,1,0,1
South Africa,2,Q de Kock,SL Malinga,RR Hendricks,1,0,1
South Africa,3,Q de Kock,DM de Silva,RR Hendricks,0,0,0
South Africa,3,Q de Kock,DM de Silva,RR Hendricks,0,0,0
South Africa,3,Q de Kock,DM de Silva,RR Hendricks,4,0,4
South Africa,3,Q de Kock,DM de Silva,RR Hendricks,2,0,2
South Africa,3,F du Plessis,DM de Silva,Q de Kock,0,0,0
South Africa,3,F du Plessis,DM de Silva,Q de Kock,1,0,1
South Africa,4,F du Plessis,A Dananjaya,Q de Kock,0,0,0
South Africa,4,F du Plessis,A Dananjaya,Q de Kock,0,0,0
South Africa,4,F du Plessis,A Dananjaya,Q de Kock,0,0,0
South Africa,4,F du Plessis,A Dananjaya,Q de Kock,4,0,4
South Africa,4,F du Plessis,A Dananjaya,Q de Kock,2,0,2
South Africa,4,F du Plessis,A Dananjaya,Q de Kock,0,0,0
South Africa,5,Q de Kock,DM de Silva,F du Plessis,0,0,0
South Africa,5,Q de Kock,DM de Silva,F du Plessis,0,1,1
South Africa,5,F du Plessis,DM de Silva,Q de Kock,0,0,0
South Africa,5,F du Plessis,DM de Silva,Q de Kock,0,0,0
South Africa,5,F du Plessis,DM de Silva,Q de Kock,4,0,4
South Africa,5,F du Plessis,DM de Silva,Q de Kock,0,0,0
South Africa,6,Q de Kock,A Dananjaya,F du Plessis,0,0,0
South Africa,6,HE van der Dussen,A Dananjaya,F du Plessis,1,0,1
South Africa,6,F du Plessis,A Dananjaya,HE van der Dussen,0,0,0
South Africa,6,F du Plessis,A Dananjaya,HE van der Dussen,1,0,1
South Africa,6,HE van der Dussen,A Dananjaya,F du Plessis,1,0,1
South Africa,6,F du Plessis,A Dananjaya,HE van der Dussen,0,0,0
South Africa,7,HE van der Dussen,JDF Vandersay,F du Plessis,1,0,1
South Africa,7,F du Plessis,JDF Vandersay,HE van der Dussen,1,0,1
South Africa,7,HE van der Dussen,JDF Vandersay,F du Plessis,1,0,1
South Africa,7,F du Plessis,JDF Vandersay,HE van der Dussen,0,0,0
South Africa,7,F du Plessis,JDF Vandersay,HE van der Dussen,1,0,1
South Africa,7,HE van der Dussen,JDF Vandersay,F du Plessis,1,0,1
South Africa,8,HE van der Dussen,PHKD Mendis,F du Plessis,1,0,1
South Africa,8,F du Plessis,PHKD Mendis,HE van der Dussen,0,0,0
South Africa,8,F du Plessis,PHKD Mendis,HE van der Dussen,6,0,6
South Africa,8,F du Plessis,PHKD Mendis,HE van der Dussen,1,0,1
South Africa,8,HE van der Dussen,PHKD Mendis,F du Plessis,0,0,0
South Africa,8,HE van der Dussen,PHKD Mendis,F du Plessis,1,0,1
South Africa,9,HE van der Dussen,JDF Vandersay,F du Plessis,1,0,1
South Africa,9,F du Plessis,JDF Vandersay,HE van der Dussen,0,0,0
South Africa,9,F du Plessis,JDF Vandersay,HE van der Dussen,0,1,1
South Africa,9,F du Plessis,JDF Vandersay,HE van der Dussen,0,0,0
South Africa,9,DA Miller,JDF Vandersay,HE van der Dussen,4,0,4
South Africa,9,DA Miller,JDF Vandersay,HE van der Dussen,1,0,1
South Africa,9,HE van der Dussen,JDF Vandersay,DA Miller,1,0,1
South Africa,10,HE van der Dussen,A Dananjaya,DA Miller,1,0,1
South Africa,10,DA Miller,A Dananjaya,HE van der Dussen,1,0,1
South Africa,10,HE van der Dussen,A Dananjaya,DA Miller,1,0,1
South Africa,10,DA Miller,A Dananjaya,HE van der Dussen,1,0,1
South Africa,10,HE van der Dussen,A Dananjaya,DA Miller,0,0,0
South Africa,10,HE van der Dussen,A Dananjaya,DA Miller,1,0,1
South Africa,11,HE van der Dussen,JDF Vandersay,DA Miller,0,0,0
South Africa,11,HE van der Dussen,JDF Vandersay,DA Miller,1,0,1
South Africa,11,DA Miller,JDF Vandersay,HE van der Dussen,0,0,0
South Africa,11,DA Miller,JDF Vandersay,HE van der Dussen,4,0,4
South Africa,11,DA Miller,JDF Vandersay,HE van der Dussen,1,0,1
South Africa,11,HE van der Dussen,JDF Vandersay,DA Miller,0,0,0
South Africa,12,DA Miller,I Udana,HE van der Dussen,1,0,1
South Africa,12,HE van der Dussen,I Udana,DA Miller,1,0,1
South Africa,12,DA Miller,I Udana,HE van der Dussen,1,0,1
South Africa,12,HE van der Dussen,I Udana,DA Miller,2,0,2
South Africa,12,HE van der Dussen,I Udana,DA Miller,2,0,2
South Africa,12,HE van der Dussen,I Udana,DA Miller,1,0,1
South Africa,13,HE van der Dussen,JDF Vandersay,DA Miller,1,0,1
South Africa,13,DA Miller,JDF Vandersay,HE van der Dussen,1,0,1
South Africa,13,HE van der Dussen,JDF Vandersay,DA Miller,1,0,1
South Africa,13,DA Miller,JDF Vandersay,HE van der Dussen,1,0,1
South Africa,13,HE van der Dussen,JDF Vandersay,DA Miller,1,0,1
South Africa,13,DA Miller,JDF Vandersay,HE van der Dussen,1,0,1
South Africa,14,DA Miller,I Udana,HE van der Dussen,4,0,4
South Africa,14,DA Miller,I Udana,HE van der Dussen,0,0,0
South Africa,14,DA Miller,I Udana,HE van der Dussen,4,0,4
South Africa,14,DA Miller,I Udana,HE van der Dussen,4,0,4
South Africa,14,DA Miller,I Udana,HE van der Dussen,6,0,6
South Africa,14,DA Miller,I Udana,HE van der Dussen,2,0,2
South Africa,15,HE van der Dussen,A Dananjaya,DA Miller,1,0,1
South Africa,15,DA Miller,A Dananjaya,HE van der Dussen,1,0,1
South Africa,15,HE van der Dussen,A Dananjaya,DA Miller,1,0,1
South Africa,15,DA Miller,A Dananjaya,HE van der Dussen,1,0,1
South Africa,15,HE van der Dussen,A Dananjaya,DA Miller,6,0,6
South Africa,15,HE van der Dussen,A Dananjaya,DA Miller,4,0,4
South Africa,16,DA Miller,SL Malinga,HE van der Dussen,1,0,1
South Africa,16,HE van der Dussen,SL Malinga,DA Miller,0,0,0
South Africa,16,HE van der Dussen,SL Malinga,DA Miller,0,0,0
South Africa,16,DA Miller,SL Malinga,JP Duminy,0,0,0
South Africa,16,DA Miller,SL Malinga,JP Duminy,1,0,1
South Africa,16,AL Phehlukwayo,SL Malinga,JP Duminy,0,0,0
South Africa,17,JP Duminy,DM de Silva,AL Phehlukwayo,4,0,4
South Africa,17,JP Duminy,DM de Silva,AL Phehlukwayo,1,0,1
South Africa,17,AL Phehlukwayo,DM de Silva,JP Duminy,0,0,0
South Africa,17,AL Phehlukwayo,DM de Silva,JP Duminy,4,0,4
South Africa,17,AL Phehlukwayo,DM de Silva,JP Duminy,0,0,0
South Africa,17,JP Duminy,DM de Silva,K Rabada,1,0,1
South Africa,18,JP Duminy,SL Malinga,K Rabada,0,0,0
South Africa,18,JP Duminy,SL Malinga,K Rabada,1,0,1
South Africa,18,K Rabada,SL Malinga,JP Duminy,0,0,0
South Africa,18,K Rabada,SL Malinga,JP Duminy,0,0,0
South Africa,18,K Rabada,SL Malinga,JP Duminy,0,0,0
South Africa,18,K Rabada,SL Malinga,JP Duminy,0,0,0
South Africa,19,JP Duminy,I Udana,DW Steyn,1,0,1
South Africa,19,DW Steyn,I Udana,JP Duminy,0,0,0
South Africa,19,DW Steyn,I Udana,JP Duminy,0,0,0
South Africa,19,DW Steyn,I Udana,JP Duminy,1,0,1
South Africa,19,JP Duminy,I Udana,DW Steyn,1,0,1
South Africa,19,Imran Tahir,I Udana,DW Steyn,1,0,1
South Africa,0,DA Miller,SL Malinga,HE van der Dussen,1,0,1
South Africa,0,HE van der Dussen,SL Malinga,DA Miller,1,0,1
South Africa,0,DA Miller,SL Malinga,HE van der Dussen,6,0,6
South Africa,0,DA Miller,SL Malinga,HE van der Dussen,0,0,0
South Africa,0,DA Miller,SL Malinga,HE van der Dussen,4,0,4
South Africa,0,DA Miller,SL Malinga,HE van der Dussen,2,0,2
Sri Lanka,0,NLTC Perera,Imran Tahir,WIA Fernando,1,0,1
Sri Lanka,0,WIA Fernando,Imran Tahir,NLTC Perera,0,0,0
Sri Lanka,0,WIA Fernando,Imran Tahir,NLTC Perera,0,0,0
Sri Lanka,0,WIA Fernando,Imran Tahir,NLTC Perera,1,0,1
Sri Lanka,0,NLTC Perera,Imran Tahir,WIA Fernando,0,1,1
Sri Lanka,0,NLTC Perera,Imran Tahir,WIA Fernando,0,0,0
Sri Lanka,0,NLTC Perera,Imran Tahir,WIA Fernando,0,1,1
Sri Lanka,0,NLTC Perera,Imran Tahir,WIA Fernando,1,0,1
