Team,Over,Batter,Bowler,Non_Striker,Batter_Runs,Extras,Total_Runs
South Africa,0,AK Markram,SL Malinga,RR Hendricks,1,0,1
South Africa,0,RR Hendricks,SL Malinga,AK Markram,0,0,0
South Africa,0,RR Hendricks,SL Malinga,AK Markram,0,0,0
South Africa,0,RR Hendricks,SL Malinga,AK Markram,0,0,0
South Africa,0,RR Hendricks,SL Malinga,AK Markram,0,0,0
South Africa,0,RR Hendricks,SL Malinga,AK Markram,0,1,1
South Africa,0,RR Hendricks,SL Malinga,AK Markram,1,0,1
South Africa,1,RR Hendricks,I Udana,AK Markram,0,0,0
South Africa,1,RR Hendricks,I Udana,AK Markram,1,0,1
South Africa,1,AK Markram,I Udana,RR Hendricks,0,1,1
South Africa,1,AK Markram,I Udana,RR Hendricks,4,0,4
South Africa,1,AK Markram,I Udana,RR Hendricks,0,0,0
South Africa,1,AK Markram,I Udana,RR Hendricks,0,0,0
South Africa,1,AK Markram,I Udana,RR Hendricks,0,0,0
South Africa,2,RR Hendricks,DM de Silva,AK Markram,0,0,0
South Africa,2,RR Hendricks,DM de Silva,AK Markram,0,0,0
South Africa,2,RR Hendricks,DM de Silva,AK Markram,4,0,4
South Africa,2,RR Hendricks,DM de Silva,AK Markram,0,0,0
South Africa,2,RR Hendricks,DM de Silva,AK Markram,0,0,0
South Africa,2,RR Hendricks,DM de Silva,AK Markram,1,0,1
South Africa,3,RR Hendricks,RAS Lakmal,AK Markram,0,0,0
South Africa,3,RR Hendricks,RAS Lakmal,AK Markram,1,0,1
South Africa,3,AK Markram,RAS Lakmal,RR Hendricks,1,0,1
South Africa,3,RR Hendricks,RAS Lakmal,AK Markram,0,0,0
South Africa,3,RR Hendricks,RAS Lakmal,AK Markram,4,0,4
South Africa,3,RR Hendricks,RAS Lakmal,AK Markram,1,0,1
South Africa,4,RR Hendricks,I Udana,AK Markram,4,0,4
South Africa,4,RR Hendricks,I Udana,AK Markram,0,0,0
South Africa,4,RR Hendricks,I Udana,AK Markram,1,0,1
South Africa,4,AK Markram,I Udana,RR Hendricks,1,0,1
South Africa,4,RR Hendricks,I Udana,AK Markram,1,0,1
South Africa,4,AK Markram,I Udana,RR Hendricks,1,0,1
South Africa,5,AK Markram,RAS Lakmal,RR Hendricks,0,0,0
South Africa,5,AK Markram,RAS Lakmal,RR Hendricks,6,0,6
South Africa,5,AK Markram,RAS Lakmal,RR Hendricks,1,0,1
South Africa,5,RR Hendricks,RAS Lakmal,AK Markram,1,0,1
South Africa,5,AK Markram,RAS Lakmal,RR Hendricks,0,0,0
South Africa,5,D Pretorius,RAS Lakmal,RR Hendricks,1,0,1
South Africa,6,D Pretorius,A Dananjaya,RR Hendricks,1,0,1
South Africa,6,RR Hendricks,A Dananjaya,D Pretorius,1,0,1
South Africa,6,D Pretorius,A Dananjaya,RR Hendricks,1,0,1
South Africa,6,RR Hendricks,A Dananjaya,D Pretorius,1,0,1
South Africa,6,D Pretorius,A Dananjaya,RR Hendricks,1,0,1
South Africa,6,RR Hendricks,A Dananjaya,D Pretorius,1,0,1
South Africa,7,RR Hendricks,RAS Lakmal,D Pretorius,0,0,0
South Africa,7,RR Hendricks,RAS Lakmal,D Pretorius,1,0,1
South Africa,7,D Pretorius,RAS Lakmal,RR Hendricks,1,0,1
South Africa,7,RR Hendricks,RAS Lakmal,D Pretorius,4,0,4
South Africa,7,RR Hendricks,RAS Lakmal,D Pretorius,0,0,0
South Africa,7,RR Hendricks,RAS Lakmal,D Pretorius,1,0,1
South Africa,8,RR Hendricks,A Dananjaya,D Pretorius,1,0,1
South Africa,8,D Pretorius,A Dananjaya,RR Hendricks,0,0,0
South Africa,8,D Pretorius,A Dananjaya,RR Hendricks,4,0,4
South Africa,8,D Pretorius,A Dananjaya,RR Hendricks,2,0,2
South Africa,8,D Pretorius,A Dananjaya,RR Hendricks,1,0,1
South Africa,8,RR Hendricks,A Dananjaya,D Pretorius,1,0,1
South Africa,9,RR Hendricks,JDF Vandersay,D Pretorius,1,0,1
South Africa,9,D Pretorius,JDF Vandersay,RR Hendricks,0,0,0
South Africa,9,D Pretorius,JDF Vandersay,RR Hendricks,0,0,0
South Africa,9,D Pretorius,JDF Vandersay,RR Hendricks,6,0,6
South Africa,9,D Pretorius,JDF Vandersay,RR Hendricks,2,0,2
South Africa,9,D Pretorius,JDF Vandersay,RR Hendricks,1,0,1
South Africa,10,D Pretorius,SL Malinga,RR Hendricks,0,1,1
South Africa,10,RR Hendricks,SL Malinga,D Pretorius,2,0,2
South Africa,10,RR Hendricks,SL Malinga,D Pretorius,0,0,0
South Africa,10,RR Hendricks,SL Malinga,D Pretorius,4,0,4
South Africa,10,RR Hendricks,SL Malinga,D Pretorius,4,0,4
South Africa,10,RR Hendricks,SL Malinga,D Pretorius,1,0,1
South Africa,11,RR Hendricks,JDF Vandersay,D Pretorius,0,0,0
South Africa,11,RR Hendricks,JDF Vandersay,D Pretorius,6,0,6
South Africa,11,RR Hendricks,JDF Vandersay,D Pretorius,1,0,1
South Africa,11,D Pretorius,JDF Vandersay,RR Hendricks,3,0,3
South Africa,11,RR Hendricks,JDF Vandersay,D Pretorius,4,0,4
South Africa,11,RR Hendricks,JDF Vandersay,D Pretorius,0,0,0
South Africa,12,D Pretorius,A Dananjaya,RR Hendricks,1,0,1
South Africa,12,RR Hendricks,A Dananjaya,D Pretorius,0,0,0
South Africa,12,RR Hendricks,A Dananjaya,D Pretorius,4,0,4
South Africa,12,RR Hendricks,A Dananjaya,D Pretorius,1,0,1
South Africa,12,D Pretorius,A Dananjaya,RR Hendricks,6,0,6
South Africa,12,D Pretorius,A Dananjaya,RR Hendricks,1,0,1
South Africa,13,D Pretorius,I Udana,RR Hendricks,1,0,1
South Africa,13,RR Hendricks,I Udana,D Pretorius,1,0,1
South Africa,13,D Pretorius,I Udana,RR Hendricks,0,0,0
South Africa,13,D Pretorius,I Udana,RR Hendricks,4,0,4
South Africa,13,D Pretorius,I Udana,RR Hendricks,1,0,1
South Africa,13,RR Hendricks,I Udana,D Pretorius,0,0,0
South Africa,14,D Pretorius,JDF Vandersay,RR Hendricks,2,0,2
South Africa,14,D Pretorius,JDF Vandersay,RR Hendricks,2,0,2
South Africa,14,D Pretorius,JDF Vandersay,RR Hendricks,1,0,1
South Africa,14,RR Hendricks,JDF Vandersay,D Pretorius,0,0,0
South Africa,14,RR Hendricks,JDF Vandersay,D Pretorius,6,0,6
South Africa,14,RR Hendricks,JDF Vandersay,D Pretorius,0,0,0
South Africa,15,D Pretorius,RAS Lakmal,JP Duminy,4,0,4
South Africa,15,D Pretorius,RAS Lakmal,JP Duminy,4,0,4
South Africa,15,D Pretorius,RAS Lakmal,JP Duminy,4,0,4
South Africa,15,D Pretorius,RAS Lakmal,JP Duminy,1,0,1
South Africa,15,JP Duminy,RAS Lakmal,D Pretorius,1,0,1
South Africa,15,D Pretorius,RAS Lakmal,JP Duminy,1,0,1
South Africa,16,D Pretorius,A Dananjaya,JP Duminy,4,0,4
South Africa,16,D Pretorius,A Dananjaya,JP Duminy,1,0,1
South Africa,16,JP Duminy,A Dananjaya,D Pretorius,1,0,1
South Africa,16,D Pretorius,A Dananjaya,JP Duminy,6,0,6
South Africa,16,D Pretorius,A Dananjaya,JP Duminy,1,0,1
South Africa,16,JP Duminy,A Dananjaya,D Pretorius,1,0,1
South Africa,17,JP Duminy,SL Malinga,D Pretorius,2,0,2
South Africa,17,JP Duminy,SL Malinga,D Pretorius,0,0,0
South Africa,17,JP Duminy,SL Malinga,D Pretorius,4,0,4
South Africa,17,JP Duminy,SL Malinga,D Pretorius,6,0,6
South Africa,17,JP Duminy,SL Malinga,D Pretorius,4,0,4
South Africa,17,JP Duminy,SL Malinga,D Pretorius,0,1,1
South Africa,17,JP Duminy,SL Malinga,D Pretorius,0,0,0
South Africa,18,D Pretorius,I Udana,JP Duminy,0,1,1
South Africa,18,JP Duminy,I Udana,D Pretorius,0,1,1
South Africa,18,JP Duminy,I Udana,D Pretorius,1,0,1
South Africa,18,D Pretorius,I Udana,JP Duminy,0,0,0
South Africa,18,D Pretorius,I Udana,JP Duminy,1,0,1
South Africa,18,JP Duminy,I Udana,D Pretorius,6,0,6
South Africa,18,JP Duminy,I Udana,D Pretorius,6,0,6
South Africa,19,D Pretorius,SL Malinga,JP Duminy,1,0,1
South Africa,19,JP Duminy,SL Malinga,D Pretorius,1,0,1
South Africa,19,D Pretorius,SL Malinga,JP Duminy,4,0,4
South Africa,19,D Pretorius,SL Malinga,JP Duminy,1,0,1
South Africa,19,JP Duminy,SL Malinga,D Pretorius,1,0,1
South Africa,19,D Pretorius,SL Malinga,JP Duminy,1,0,1
Sri Lanka,0,N Dickwella,CH Morris,DM de Silva,0,0,0
Sri Lanka,0,N Dickwella,CH Morris,DM de Silva,0,0,0
Sri Lanka,0,N Dickwella,CH Morris,DM de Silva,0,0,0
Sri Lanka,0,N Dickwella,CH Morris,DM de Silva,1,0,1
Sri Lanka,0,DM de Silva,CH Morris,N Dickwella,0,0,0
Sri Lanka,0,DM de Silva,CH Morris,N Dickwella,0,0,0
Sri Lanka,1,N Dickwella,CJ Dala,DM de Silva,4,0,4
Sri Lanka,1,N Dickwella,CJ Dala,DM de Silva,4,0,4
Sri Lanka,1,N Dickwella,CJ Dala,DM de Silva,2,0,2
Sri Lanka,1,N Dickwella,CJ Dala,DM de Silva,0,0,0
Sri Lanka,1,N Dickwella,CJ Dala,DM de Silva,1,0,1
Sri Lanka,1,DM de Silva,CJ Dala,N Dickwella,4,0,4
Sri Lanka,2,N Dickwella,CH Morris,DM de Silva,1,0,1
Sri Lanka,2,DM de Silva,CH Morris,N Dickwella,0,1,1
Sri Lanka,2,DM de Silva,CH Morris,N Dickwella,1,0,1
Sri Lanka,2,N Dickwella,CH Morris,DM de Silva,4,0,4
Sri Lanka,2,N Dickwella,CH Morris,DM de Silva,1,0,1
Sri Lanka,2,DM de Silva,CH Morris,N Dickwella,1,0,1
Sri Lanka,2,N Dickwella,CH Morris,DM de Silva,4,0,4
Sri Lanka,3,DM de Silva,AL Phehlukwayo,N Dickwella,0,1,1
Sri Lanka,3,DM de Silva,AL Phehlukwayo,N Dickwella,1,0,1
Sri Lanka,3,N Dickwella,AL Phehlukwayo,DM de Silva,4,0,4
Sri Lanka,3,N Dickwella,AL Phehlukwayo,DM de Silva,1,0,1
Sri Lanka,3,DM de Silva,AL Phehlukwayo,N Dickwella,0,0,0
Sri Lanka,3,DM de Silva,AL Phehlukwayo,N Dickwella,0,1,1
Sri Lanka,3,DM de Silva,AL Phehlukwayo,N Dickwella,1,0,1
Sri Lanka,3,N Dickwella,AL Phehlukwayo,DM de Silva,0,4,4
Sri Lanka,4,DM de Silva,D Pretorius,N Dickwella,0,0,0
Sri Lanka,4,WIA Fernando,D Pretorius,N Dickwella,1,0,1
Sri Lanka,4,N Dickwella,D Pretorius,WIA Fernando,0,0,0
Sri Lanka,4,N Dickwella,D Pretorius,WIA Fernando,4,0,4
Sri Lanka,4,N Dickwella,D Pretorius,WIA Fernando,4,0,4
Sri Lanka,4,N Dickwella,D Pretorius,WIA Fernando,3,0,3
Sri Lanka,5,N Dickwella,AL Phehlukwayo,WIA Fernando,0,0,0
Sri Lanka,5,N Dickwella,AL Phehlukwayo,WIA Fernando,0,1,1
Sri Lanka,5,N Dickwella,AL Phehlukwayo,WIA Fernando,0,0,0
Sri Lanka,5,PHKD Mendis,AL Phehlukwayo,WIA Fernando,1,0,1
Sri Lanka,5,WIA Fernando,AL Phehlukwayo,PHKD Mendis,0,1,1
Sri Lanka,5,WIA Fernando,AL Phehlukwayo,PHKD Mendis,0,0,0
Sri Lanka,5,WIA Fernando,AL Phehlukwayo,PHKD Mendis,0,0,0
Sri Lanka,5,AK Perera,AL Phehlukwayo,PHKD Mendis,4,0,4
Sri Lanka,6,PHKD Mendis,CJ Dala,AK Perera,0,0,0
Sri Lanka,6,AK Perera,CJ Dala,NLTC Perera,0,0,0
Sri Lanka,6,AK Perera,CJ Dala,NLTC Perera,0,0,0
Sri Lanka,6,AK Perera,CJ Dala,NLTC Perera,4,0,4
Sri Lanka,6,AK Perera,CJ Dala,NLTC Perera,0,0,0
Sri Lanka,6,AK Perera,CJ Dala,NLTC Perera,0,0,0
Sri Lanka,7,NLTC Perera,T Shamsi,AK Perera,1,0,1
Sri Lanka,7,AK Perera,T Shamsi,NLTC Perera,1,0,1
Sri Lanka,7,NLTC Perera,T Shamsi,AK Perera,2,0,2
Sri Lanka,7,NLTC Perera,T Shamsi,AK Perera,2,0,2
Sri Lanka,7,NLTC Perera,T Shamsi,AK Perera,1,0,1
Sri Lanka,7,AK Perera,T Shamsi,NLTC Perera,0,0,0
Sri Lanka,8,NLTC Perera,CJ Dala,AK Perera,0,0,0
Sri Lanka,8,NLTC Perera,CJ Dala,AK Perera,1,0,1
Sri Lanka,8,AK Perera,CJ Dala,NLTC Perera,6,0,6
Sri Lanka,8,AK Perera,CJ Dala,NLTC Perera,0,0,0
Sri Lanka,8,NLTC Perera,CJ Dala,I Udana,0,2,2
Sri Lanka,8,I Udana,CJ Dala,NLTC Perera,0,0,0
Sri Lanka,8,I Udana,CJ Dala,NLTC Perera,1,0,1
Sri Lanka,9,I Udana,T Shamsi,NLTC Perera,0,0,0
Sri Lanka,9,I Udana,T Shamsi,NLTC Perera,1,0,1
Sri Lanka,9,NLTC Perera,T Shamsi,I Udana,0,0,0
Sri Lanka,9,NLTC Perera,T Shamsi,I Udana,0,1,1
Sri Lanka,9,NLTC Perera,T Shamsi,I Udana,1,0,1
Sri Lanka,9,I Udana,T Shamsi,NLTC Perera,0,0,0
Sri Lanka,9,I Udana,T Shamsi,NLTC Perera,0,1,1
Sri Lanka,9,I Udana,T Shamsi,NLTC Perera,0,1,1
Sri Lanka,9,I Udana,T Shamsi,NLTC Perera,1,0,1
Sri Lanka,10,I Udana,L Sipamla,NLTC Perera,6,0,6
Sri Lanka,10,I Udana,L Sipamla,NLTC Perera,2,0,2
Sri Lanka,10,I Udana,L Sipamla,NLTC Perera,0,0,0
Sri Lanka,10,I Udana,L Sipamla,A Dananjaya,6,0,6
Sri Lanka,10,I Udana,L Sipamla,A Dananjaya,6,0,6
Sri Lanka,10,I Udana,L Sipamla,A Dananjaya,2,0,2
Sri Lanka,11,A Dananjaya,T Shamsi,I Udana,1,0,1
Sri Lanka,11,I Udana,T Shamsi,A Dananjaya,0,4,4
Sri Lanka,11,I Udana,T Shamsi,A Dananjaya,1,0,1
Sri Lanka,11,A Dananjaya,T Shamsi,I Udana,0,0,0
Sri Lanka,11,A Dananjaya,T Shamsi,I Udana,0,1,1
Sri Lanka,11,A Dananjaya,T Shamsi,I Udana,0,0,0
Sri Lanka,11,A Dananjaya,T Shamsi,I Udana,1,0,1
Sri Lanka,12,A Dananjaya,CH Morris,I Udana,1,0,1
Sri Lanka,12,I Udana,CH Morris,A Dananjaya,1,0,1
Sri Lanka,12,A Dananjaya,CH Morris,I Udana,4,0,4
Sri Lanka,12,A Dananjaya,CH Morris,I Udana,1,0,1
Sri Lanka,12,I Udana,CH Morris,A Dananjaya,1,0,1
Sri Lanka,12,A Dananjaya,CH Morris,I Udana,0,0,0
Sri Lanka,13,I Udana,T Shamsi,A Dananjaya,0,0,0
Sri Lanka,13,I Udana,T Shamsi,A Dananjaya,1,0,1
Sri Lanka,13,A Dananjaya,T Shamsi,I Udana,0,0,0
Sri Lanka,13,A Dananjaya,T Shamsi,I Udana,1,0,1
Sri Lanka,13,I Udana,T Shamsi,A Dananjaya,0,0,0
Sri Lanka,13,I Udana,T Shamsi,A Dananjaya,1,0,1
Sri Lanka,14,I Udana,AL Phehlukwayo,A Dananjaya,0,1,1
Sri Lanka,14,I Udana,AL Phehlukwayo,A Dananjaya,0,1,1
Sri Lanka,14,I Udana,AL Phehlukwayo,A Dananjaya,6,0,6
Sri Lanka,14,I Udana,AL Phehlukwayo,A Dananjaya,0,0,0
Sri Lanka,14,SL Malinga,AL Phehlukwayo,A Dananjaya,0,0,0
Sri Lanka,14,SL Malinga,AL Phehlukwayo,A Dananjaya,0,0,0
Sri Lanka,14,SL Malinga,AL Phehlukwayo,A Dananjaya,0,0,0
Sri Lanka,14,SL Malinga,AL Phehlukwayo,A Dananjaya,0,0,0
Sri Lanka,15,A Dananjaya,L Sipamla,RAS Lakmal,0,0,0
Sri Lanka,15,RAS Lakmal,L Sipamla,JDF Vandersay,0,0,0
Sri Lanka,15,RAS Lakmal,L Sipamla,JDF Vandersay,0,0,0
Sri Lanka,15,RAS Lakmal,L Sipamla,JDF Vandersay,0,0,0
