Team,Over,Batter,Bowler,Non_Striker,Batter_Runs,Extras,Total_Runs
Australia,0,DJM Short,B Kumar,AJ Finch,0,0,0
Australia,0,DJM Short,B Kumar,AJ Finch,0,0,0
Australia,0,DJM Short,B Kumar,AJ Finch,0,0,0
Australia,0,DJM Short,B Kumar,AJ Finch,0,0,0
Australia,0,DJM Short,B Kumar,AJ Finch,0,0,0
Australia,0,DJM Short,B Kumar,AJ Finch,1,0,1
Australia,1,DJM Short,JJ Bumrah,AJ Finch,0,0,0
Australia,1,DJM Short,JJ Bumrah,AJ Finch,1,0,1
Australia,1,AJ Finch,JJ Bumrah,DJM Short,0,0,0
Australia,1,AJ Finch,JJ Bumrah,DJM Short,2,0,2
Australia,1,AJ Finch,JJ Bumrah,DJM Short,1,0,1
Australia,1,DJM Short,JJ Bumrah,AJ Finch,0,0,0
Australia,2,AJ Finch,B Kumar,DJM Short,0,0,0
Australia,2,AJ Finch,B Kumar,DJM Short,0,0,0
Australia,2,AJ Finch,B Kumar,DJM Short,0,0,0
Australia,2,AJ Finch,B Kumar,DJM Short,2,0,2
Australia,2,AJ Finch,B Kumar,DJM Short,1,0,1
Australia,2,DJM Short,B Kumar,AJ Finch,4,0,4
Australia,3,AJ Finch,JJ Bumrah,DJM Short,1,0,1
Australia,3,DJM Short,JJ Bumrah,AJ Finch,1,0,1
Australia,3,AJ Finch,JJ Bumrah,DJM Short,4,0,4
Australia,3,AJ Finch,JJ Bumrah,DJM Short,4,0,4
Australia,3,AJ Finch,JJ Bumrah,DJM Short,0,0,0
Australia,3,AJ Finch,JJ Bumrah,DJM Short,2,0,2
Australia,4,DJM Short,KK Ahmed,AJ Finch,0,0,0
Australia,4,AJ Finch,KK Ahmed,CA Lynn,1,0,1
Australia,4,CA Lynn,KK Ahmed,AJ Finch,4,0,4
Australia,4,CA Lynn,KK Ahmed,AJ Finch,0,0,0
Australia,4,CA Lynn,KK Ahmed,AJ Finch,1,0,1
Australia,4,AJ Finch,KK Ahmed,CA Lynn,1,0,1
Australia,5,AJ Finch,B Kumar,CA Lynn,4,0,4
Australia,5,AJ Finch,B Kumar,CA Lynn,1,0,1
Australia,5,CA Lynn,B Kumar,AJ Finch,0,0,0
Australia,5,CA Lynn,B Kumar,AJ Finch,0,0,0
Australia,5,CA Lynn,B Kumar,AJ Finch,1,0,1
Australia,5,AJ Finch,B Kumar,CA Lynn,1,0,1
Australia,6,AJ Finch,Kuldeep Yadav,CA Lynn,1,0,1
Australia,6,CA Lynn,Kuldeep Yadav,AJ Finch,1,0,1
Australia,6,AJ Finch,Kuldeep Yadav,CA Lynn,1,0,1
Australia,6,CA Lynn,Kuldeep Yadav,AJ Finch,1,0,1
Australia,6,AJ Finch,Kuldeep Yadav,CA Lynn,0,0,0
Australia,6,AJ Finch,Kuldeep Yadav,CA Lynn,0,0,0
Australia,7,CA Lynn,KK Ahmed,AJ Finch,6,0,6
Australia,7,CA Lynn,KK Ahmed,AJ Finch,0,0,0
Australia,7,CA Lynn,KK Ahmed,AJ Finch,2,0,2
Australia,7,CA Lynn,KK Ahmed,AJ Finch,6,0,6
Australia,7,CA Lynn,KK Ahmed,AJ Finch,6,0,6
Australia,7,CA Lynn,KK Ahmed,AJ Finch,1,0,1
Australia,8,CA Lynn,Kuldeep Yadav,AJ Finch,1,0,1
Australia,8,AJ Finch,Kuldeep Yadav,CA Lynn,0,0,0
Australia,8,AJ Finch,Kuldeep Yadav,CA Lynn,0,0,0
Australia,8,GJ Maxwell,Kuldeep Yadav,CA Lynn,2,0,2
Australia,8,GJ Maxwell,Kuldeep Yadav,CA Lynn,1,0,1
Australia,8,CA Lynn,Kuldeep Yadav,GJ Maxwell,0,0,0
Australia,9,GJ Maxwell,KH Pandya,CA Lynn,0,0,0
Australia,9,GJ Maxwell,KH Pandya,CA Lynn,0,0,0
Australia,9,GJ Maxwell,KH Pandya,CA Lynn,1,0,1
Australia,9,CA Lynn,KH Pandya,GJ Maxwell,6,0,6
Australia,9,CA Lynn,KH Pandya,GJ Maxwell,0,0,0
Australia,9,CA Lynn,KH Pandya,GJ Maxwell,1,0,1
Australia,10,CA Lynn,Kuldeep Yadav,GJ Maxwell,0,0,0
Australia,10,MP Stoinis,Kuldeep Yadav,GJ Maxwell,2,0,2
Australia,10,MP Stoinis,Kuldeep Yadav,GJ Maxwell,4,0,4
Australia,10,MP Stoinis,Kuldeep Yadav,GJ Maxwell,1,0,1
Australia,10,GJ Maxwell,Kuldeep Yadav,MP Stoinis,0,0,0
Australia,10,GJ Maxwell,Kuldeep Yadav,MP Stoinis,1,0,1
Australia,11,GJ Maxwell,KH Pandya,MP Stoinis,0,1,1
Australia,11,GJ Maxwell,KH Pandya,MP Stoinis,1,0,1
Australia,11,MP Stoinis,KH Pandya,GJ Maxwell,1,0,1
Australia,11,GJ Maxwell,KH Pandya,MP Stoinis,2,0,2
Australia,11,GJ Maxwell,KH Pandya,MP Stoinis,1,0,1
Australia,11,MP Stoinis,KH Pandya,GJ Maxwell,0,0,0
Australia,11,MP Stoinis,KH Pandya,GJ Maxwell,1,0,1
Australia,12,MP Stoinis,KK Ahmed,GJ Maxwell,0,1,1
Australia,12,MP Stoinis,KK Ahmed,GJ Maxwell,0,0,0
Australia,12,MP Stoinis,KK Ahmed,GJ Maxwell,0,0,0
Australia,12,MP Stoinis,KK Ahmed,GJ Maxwell,4,0,4
Australia,12,MP Stoinis,KK Ahmed,GJ Maxwell,0,1,1
Australia,12,MP Stoinis,KK Ahmed,GJ Maxwell,3,0,3
Australia,12,GJ Maxwell,KK Ahmed,MP Stoinis,1,0,1
Australia,12,MP Stoinis,KK Ahmed,GJ Maxwell,4,0,4
Australia,13,GJ Maxwell,KH Pandya,MP Stoinis,2,0,2
Australia,13,GJ Maxwell,KH Pandya,MP Stoinis,6,0,6
Australia,13,GJ Maxwell,KH Pandya,MP Stoinis,6,0,6
Australia,13,GJ Maxwell,KH Pandya,MP Stoinis,6,0,6
Australia,13,GJ Maxwell,KH Pandya,MP Stoinis,2,0,2
Australia,13,GJ Maxwell,KH Pandya,MP Stoinis,1,0,1
Australia,14,GJ Maxwell,Kuldeep Yadav,MP Stoinis,0,1,1
Australia,14,GJ Maxwell,Kuldeep Yadav,MP Stoinis,2,0,2
Australia,14,GJ Maxwell,Kuldeep Yadav,MP Stoinis,1,0,1
Australia,14,MP Stoinis,Kuldeep Yadav,GJ Maxwell,0,0,0
Australia,14,MP Stoinis,Kuldeep Yadav,GJ Maxwell,1,0,1
Australia,14,GJ Maxwell,Kuldeep Yadav,MP Stoinis,0,1,1
Australia,14,GJ Maxwell,Kuldeep Yadav,MP Stoinis,0,0,0
Australia,14,GJ Maxwell,Kuldeep Yadav,MP Stoinis,2,0,2
Australia,15,MP Stoinis,KH Pandya,GJ Maxwell,6,0,6
Australia,15,MP Stoinis,KH Pandya,GJ Maxwell,2,0,2
Australia,15,MP Stoinis,KH Pandya,GJ Maxwell,0,0,0
Australia,15,MP Stoinis,KH Pandya,GJ Maxwell,1,0,1
Australia,15,GJ Maxwell,KH Pandya,MP Stoinis,6,0,6
Australia,15,GJ Maxwell,KH Pandya,MP Stoinis,2,0,2
Australia,16,MP Stoinis,JJ Bumrah,GJ Maxwell,1,0,1
Australia,16,GJ Maxwell,JJ Bumrah,MP Stoinis,0,0,0
Australia,16,BR McDermott,JJ Bumrah,MP Stoinis,2,0,2
Australia,16,BR McDermott,JJ Bumrah,MP Stoinis,0,0,0
Australia,16,BR McDermott,JJ Bumrah,MP Stoinis,0,1,1
Australia,16,MP Stoinis,JJ Bumrah,BR McDermott,2,0,2
India,0,RG Sharma,JP Behrendorff,S Dhawan,3,0,3
India,0,S Dhawan,JP Behrendorff,RG Sharma,4,0,4
India,0,S Dhawan,JP Behrendorff,RG Sharma,0,0,0
India,0,S Dhawan,JP Behrendorff,RG Sharma,4,0,4
India,0,S Dhawan,JP Behrendorff,RG Sharma,0,0,0
India,0,S Dhawan,JP Behrendorff,RG Sharma,0,0,0
India,1,RG Sharma,B Stanlake,S Dhawan,0,0,0
India,1,RG Sharma,B Stanlake,S Dhawan,1,0,1
India,1,S Dhawan,B Stanlake,RG Sharma,0,1,1
India,1,S Dhawan,B Stanlake,RG Sharma,0,0,0
India,1,S Dhawan,B Stanlake,RG Sharma,4,0,4
India,1,S Dhawan,B Stanlake,RG Sharma,1,0,1
India,1,RG Sharma,B Stanlake,S Dhawan,0,0,0
India,2,S Dhawan,JP Behrendorff,RG Sharma,0,0,0
India,2,S Dhawan,JP Behrendorff,RG Sharma,4,0,4
India,2,S Dhawan,JP Behrendorff,RG Sharma,2,0,2
India,2,S Dhawan,JP Behrendorff,RG Sharma,2,0,2
India,2,S Dhawan,JP Behrendorff,RG Sharma,0,0,0
India,2,S Dhawan,JP Behrendorff,RG Sharma,1,0,1
India,3,S Dhawan,B Stanlake,RG Sharma,4,0,4
India,3,S Dhawan,B Stanlake,RG Sharma,1,0,1
India,3,RG Sharma,B Stanlake,S Dhawan,0,0,0
India,3,RG Sharma,B Stanlake,S Dhawan,2,0,2
India,3,RG Sharma,B Stanlake,S Dhawan,1,0,1
India,3,S Dhawan,B Stanlake,RG Sharma,0,0,0
India,4,RG Sharma,JP Behrendorff,S Dhawan,0,0,0
India,4,S Dhawan,JP Behrendorff,KL Rahul,1,0,1
India,4,KL Rahul,JP Behrendorff,S Dhawan,1,0,1
India,4,S Dhawan,JP Behrendorff,KL Rahul,0,0,0
India,4,S Dhawan,JP Behrendorff,KL Rahul,4,0,4
India,4,S Dhawan,JP Behrendorff,KL Rahul,0,0,0
India,5,KL Rahul,AJ Tye,S Dhawan,1,0,1
India,5,S Dhawan,AJ Tye,KL Rahul,1,0,1
India,5,KL Rahul,AJ Tye,S Dhawan,1,0,1
India,5,S Dhawan,AJ Tye,KL Rahul,4,0,4
India,5,S Dhawan,AJ Tye,KL Rahul,4,0,4
India,5,S Dhawan,AJ Tye,KL Rahul,1,0,1
India,6,S Dhawan,A Zampa,KL Rahul,1,0,1
India,6,KL Rahul,A Zampa,S Dhawan,4,0,4
India,6,KL Rahul,A Zampa,S Dhawan,2,0,2
India,6,KL Rahul,A Zampa,S Dhawan,0,0,0
India,6,KL Rahul,A Zampa,S Dhawan,0,0,0
India,6,KL Rahul,A Zampa,S Dhawan,1,0,1
India,7,KL Rahul,JP Behrendorff,S Dhawan,1,0,1
India,7,S Dhawan,JP Behrendorff,KL Rahul,6,0,6
India,7,S Dhawan,JP Behrendorff,KL Rahul,2,0,2
India,7,S Dhawan,JP Behrendorff,KL Rahul,4,0,4
India,7,S Dhawan,JP Behrendorff,KL Rahul,0,0,0
India,7,S Dhawan,JP Behrendorff,KL Rahul,4,0,4
India,8,KL Rahul,A Zampa,S Dhawan,0,1,1
India,8,KL Rahul,A Zampa,S Dhawan,2,0,2
India,8,KL Rahul,A Zampa,S Dhawan,0,0,0
India,8,V Kohli,A Zampa,S Dhawan,0,0,0
India,8,V Kohli,A Zampa,S Dhawan,0,0,0
India,8,V Kohli,A Zampa,S Dhawan,1,0,1
India,8,S Dhawan,A Zampa,V Kohli,2,0,2
India,9,V Kohli,MP Stoinis,S Dhawan,1,0,1
India,9,S Dhawan,MP Stoinis,V Kohli,2,0,2
India,9,S Dhawan,MP Stoinis,V Kohli,1,0,1
India,9,V Kohli,MP Stoinis,S Dhawan,0,1,1
India,9,S Dhawan,MP Stoinis,V Kohli,1,0,1
India,9,V Kohli,MP Stoinis,S Dhawan,0,1,1
India,9,V Kohli,MP Stoinis,S Dhawan,2,0,2
India,10,S Dhawan,A Zampa,V Kohli,0,0,0
India,10,S Dhawan,A Zampa,V Kohli,0,0,0
India,10,S Dhawan,A Zampa,V Kohli,1,0,1
India,10,V Kohli,A Zampa,S Dhawan,0,0,0
India,10,V Kohli,A Zampa,S Dhawan,0,0,0
India,10,S Dhawan,A Zampa,RR Pant,2,0,2
India,11,RR Pant,B Stanlake,S Dhawan,1,0,1
India,11,S Dhawan,B Stanlake,RR Pant,6,0,6
India,11,S Dhawan,B Stanlake,RR Pant,2,0,2
India,11,S Dhawan,B Stanlake,RR Pant,0,0,0
India,11,RR Pant,B Stanlake,KD Karthik,0,1,1
India,11,RR Pant,B Stanlake,KD Karthik,0,1,1
India,11,KD Karthik,B Stanlake,RR Pant,2,0,2
India,12,RR Pant,A Zampa,KD Karthik,0,0,0
India,12,RR Pant,A Zampa,KD Karthik,0,0,0
India,12,RR Pant,A Zampa,KD Karthik,2,0,2
India,12,RR Pant,A Zampa,KD Karthik,1,0,1
India,12,KD Karthik,A Zampa,RR Pant,1,0,1
India,12,RR Pant,A Zampa,KD Karthik,1,0,1
India,13,RR Pant,AJ Tye,KD Karthik,6,0,6
India,13,RR Pant,AJ Tye,KD Karthik,4,0,4
India,13,RR Pant,AJ Tye,KD Karthik,0,1,1
India,13,RR Pant,AJ Tye,KD Karthik,1,0,1
India,13,KD Karthik,AJ Tye,RR Pant,2,0,2
India,13,KD Karthik,AJ Tye,RR Pant,0,1,1
India,13,KD Karthik,AJ Tye,RR Pant,4,0,4
India,13,KD Karthik,AJ Tye,RR Pant,6,0,6
India,14,RR Pant,MP Stoinis,KD Karthik,2,0,2
India,14,RR Pant,MP Stoinis,KD Karthik,1,0,1
India,14,KD Karthik,MP Stoinis,RR Pant,4,0,4
India,14,KD Karthik,MP Stoinis,RR Pant,1,0,1
India,14,RR Pant,MP Stoinis,KD Karthik,0,1,1
India,14,RR Pant,MP Stoinis,KD Karthik,1,0,1
India,14,KD Karthik,MP Stoinis,RR Pant,1,0,1
India,15,KD Karthik,AJ Tye,RR Pant,4,0,4
India,15,KD Karthik,AJ Tye,RR Pant,0,1,1
India,15,KD Karthik,AJ Tye,RR Pant,1,0,1
India,15,RR Pant,AJ Tye,KD Karthik,0,0,0
India,15,KH Pandya,AJ Tye,KD Karthik,0,1,1
India,15,KD Karthik,AJ Tye,KH Pandya,0,0,0
India,15,KD Karthik,AJ Tye,KH Pandya,4,0,4
India,16,KH Pandya,MP Stoinis,KD Karthik,2,0,2
India,16,KH Pandya,MP Stoinis,KD Karthik,0,0,0
India,16,KH Pandya,MP Stoinis,KD Karthik,0,0,0
India,16,KD Karthik,MP Stoinis,B Kumar,0,0,0
India,16,B Kumar,MP Stoinis,Kuldeep Yadav,0,1,1
India,16,B Kumar,MP Stoinis,Kuldeep Yadav,1,0,1
India,16,Kuldeep Yadav,MP Stoinis,B Kumar,4,0,4
