Team,Over,Batter,Bowler,Non_Striker,Batter_Runs,Extras,Total_Runs
South Africa,0,L Lee,Jahanara Alam,T Brits,0,0,0
South Africa,0,L Lee,Jahanara Alam,T Brits,4,0,4
South Africa,0,L Lee,Jahanara Alam,T Brits,0,0,0
South Africa,0,L Lee,Jahanara Alam,T Brits,1,0,1
South Africa,0,T Brits,Jahanara Alam,L Lee,2,0,2
South Africa,0,T Brits,Jahanara Alam,L Lee,0,0,0
South Africa,1,L Lee,Salma Khatun,T Brits,0,0,0
South Africa,1,L Lee,Salma Khatun,T Brits,4,0,4
South Africa,1,L Lee,Salma Khatun,T Brits,0,0,0
South Africa,1,S Luus,Salma Khatun,T Brits,1,0,1
South Africa,1,T Brits,Salma Khatun,S Luus,1,0,1
South Africa,1,S Luus,Salma Khatun,T Brits,0,1,1
South Africa,1,S Luus,Salma Khatun,T Brits,2,0,2
South Africa,2,T Brits,Khadija Tul Kubra,S Luus,1,0,1
South Africa,2,S Luus,Khadija Tul Kubra,T Brits,0,0,0
South Africa,2,S Luus,Khadija Tul Kubra,T Brits,0,0,0
South Africa,2,S Luus,Khadija Tul Kubra,T Brits,1,0,1
South Africa,2,T Brits,Khadija Tul Kubra,S Luus,0,0,0
South Africa,2,T Brits,Khadija Tul Kubra,S Luus,1,0,1
South Africa,3,T Brits,Salma Khatun,S Luus,4,0,4
South Africa,3,T Brits,Salma Khatun,S Luus,1,0,1
South Africa,3,S Luus,Salma Khatun,T Brits,1,0,1
South Africa,3,T Brits,Salma Khatun,S Luus,2,0,2
South Africa,3,T Brits,Salma Khatun,S Luus,1,0,1
South Africa,3,S Luus,Salma Khatun,T Brits,0,0,0
South Africa,4,T Brits,Khadija Tul Kubra,D van Niekerk,1,0,1
South Africa,4,D van Niekerk,Khadija Tul Kubra,T Brits,1,0,1
South Africa,4,T Brits,Khadija Tul Kubra,D van Niekerk,0,0,0
South Africa,4,T Brits,Khadija Tul Kubra,D van Niekerk,1,0,1
South Africa,4,D van Niekerk,Khadija Tul Kubra,T Brits,2,0,2
South Africa,4,D van Niekerk,Khadija Tul Kubra,T Brits,0,0,0
South Africa,5,T Brits,Rumana Ahmed,D van Niekerk,1,0,1
South Africa,5,D van Niekerk,Rumana Ahmed,T Brits,0,0,0
South Africa,5,D van Niekerk,Rumana Ahmed,T Brits,2,0,2
South Africa,5,D van Niekerk,Rumana Ahmed,T Brits,1,0,1
South Africa,5,T Brits,Rumana Ahmed,D van Niekerk,1,0,1
South Africa,5,D van Niekerk,Rumana Ahmed,T Brits,0,0,0
South Africa,6,T Brits,Panna Ghosh,D van Niekerk,4,0,4
South Africa,6,T Brits,Panna Ghosh,D van Niekerk,2,0,2
South Africa,6,T Brits,Panna Ghosh,D van Niekerk,1,0,1
South Africa,6,D van Niekerk,Panna Ghosh,T Brits,0,0,0
South Africa,6,D van Niekerk,Panna Ghosh,T Brits,6,0,6
South Africa,6,D van Niekerk,Panna Ghosh,T Brits,0,0,0
South Africa,7,T Brits,Rumana Ahmed,D van Niekerk,4,0,4
South Africa,7,T Brits,Rumana Ahmed,D van Niekerk,0,0,0
South Africa,7,T Brits,Rumana Ahmed,CL Tryon,1,0,1
South Africa,7,CL Tryon,Rumana Ahmed,T Brits,1,0,1
South Africa,7,T Brits,Rumana Ahmed,CL Tryon,0,0,0
South Africa,7,CL Tryon,Rumana Ahmed,M Kapp,2,0,2
South Africa,8,M Kapp,Jahanara Alam,CL Tryon,1,0,1
South Africa,8,CL Tryon,Jahanara Alam,M Kapp,0,0,0
South Africa,8,CL Tryon,Jahanara Alam,M Kapp,0,0,0
South Africa,8,CL Tryon,Jahanara Alam,M Kapp,1,0,1
South Africa,8,M Kapp,Jahanara Alam,CL Tryon,2,0,2
South Africa,8,M Kapp,Jahanara Alam,CL Tryon,1,0,1
Bangladesh,0,Shamima Sultana,S Ismail,Murshida Khatun,0,0,0
Bangladesh,0,Shamima Sultana,S Ismail,Murshida Khatun,0,0,0
Bangladesh,0,Shamima Sultana,S Ismail,Murshida Khatun,0,0,0
Bangladesh,0,Shamima Sultana,S Ismail,Murshida Khatun,0,0,0
Bangladesh,0,Shamima Sultana,S Ismail,Murshida Khatun,0,0,0
Bangladesh,0,Shamima Sultana,S Ismail,Murshida Khatun,0,0,0
Bangladesh,1,Murshida Khatun,M Kapp,Shamima Sultana,1,0,1
Bangladesh,1,Shamima Sultana,M Kapp,Murshida Khatun,1,0,1
Bangladesh,1,Murshida Khatun,M Kapp,Shamima Sultana,0,0,0
Bangladesh,1,Fargana Hoque,M Kapp,Shamima Sultana,0,0,0
Bangladesh,1,Fargana Hoque,M Kapp,Shamima Sultana,1,0,1
Bangladesh,1,Shamima Sultana,M Kapp,Fargana Hoque,2,0,2
Bangladesh,2,Fargana Hoque,A Khaka,Shamima Sultana,0,0,0
Bangladesh,2,Fargana Hoque,A Khaka,Shamima Sultana,1,0,1
Bangladesh,2,Shamima Sultana,A Khaka,Fargana Hoque,3,0,3
Bangladesh,2,Fargana Hoque,A Khaka,Shamima Sultana,0,0,0
Bangladesh,2,Rumana Ahmed,A Khaka,Shamima Sultana,0,1,1
Bangladesh,2,Rumana Ahmed,A Khaka,Shamima Sultana,1,0,1
Bangladesh,2,Shamima Sultana,A Khaka,Rumana Ahmed,0,0,0
Bangladesh,3,Rumana Ahmed,D van Niekerk,Shamima Sultana,1,0,1
Bangladesh,3,Shamima Sultana,D van Niekerk,Rumana Ahmed,1,0,1
Bangladesh,3,Rumana Ahmed,D van Niekerk,Shamima Sultana,1,0,1
Bangladesh,3,Shamima Sultana,D van Niekerk,Rumana Ahmed,2,0,2
Bangladesh,3,Shamima Sultana,D van Niekerk,Rumana Ahmed,1,0,1
Bangladesh,3,Rumana Ahmed,D van Niekerk,Shamima Sultana,1,0,1
Bangladesh,4,Rumana Ahmed,R Ntozakhe,Shamima Sultana,2,0,2
Bangladesh,4,Rumana Ahmed,R Ntozakhe,Shamima Sultana,0,0,0
Bangladesh,4,Rumana Ahmed,R Ntozakhe,Shamima Sultana,0,0,0
Bangladesh,4,Shamima Sultana,R Ntozakhe,Nigar Sultana,0,0,0
Bangladesh,4,Shamima Sultana,R Ntozakhe,Nigar Sultana,1,0,1
Bangladesh,4,Nigar Sultana,R Ntozakhe,Shamima Sultana,0,0,0
Bangladesh,5,Shamima Sultana,A Khaka,Nigar Sultana,1,0,1
Bangladesh,5,Nigar Sultana,A Khaka,Shamima Sultana,1,0,1
Bangladesh,5,Shamima Sultana,A Khaka,Nigar Sultana,0,0,0
Bangladesh,5,Nigar Sultana,A Khaka,Fahima Khatun,2,0,2
Bangladesh,5,Nigar Sultana,A Khaka,Fahima Khatun,0,0,0
Bangladesh,5,Fahima Khatun,A Khaka,Jahanara Alam,0,1,1
Bangladesh,6,Fahima Khatun,R Ntozakhe,Jahanara Alam,1,0,1
Bangladesh,6,Jahanara Alam,R Ntozakhe,Fahima Khatun,1,0,1
Bangladesh,6,Fahima Khatun,R Ntozakhe,Jahanara Alam,1,0,1
Bangladesh,6,Jahanara Alam,R Ntozakhe,Fahima Khatun,1,0,1
Bangladesh,6,Fahima Khatun,R Ntozakhe,Jahanara Alam,2,0,2
Bangladesh,6,Fahima Khatun,R Ntozakhe,Jahanara Alam,1,0,1
Bangladesh,7,Fahima Khatun,M Kapp,Jahanara Alam,1,0,1
Bangladesh,7,Jahanara Alam,M Kapp,Fahima Khatun,1,0,1
Bangladesh,7,Fahima Khatun,M Kapp,Jahanara Alam,1,0,1
Bangladesh,7,Jahanara Alam,M Kapp,Fahima Khatun,0,0,0
Bangladesh,7,Jahanara Alam,M Kapp,Fahima Khatun,0,0,0
Bangladesh,7,Panna Ghosh,M Kapp,Fahima Khatun,0,0,0
Bangladesh,8,Fahima Khatun,S Ismail,Panna Ghosh,1,0,1
Bangladesh,8,Panna Ghosh,S Ismail,Fahima Khatun,1,0,1
Bangladesh,8,Fahima Khatun,S Ismail,Panna Ghosh,1,0,1
Bangladesh,8,Panna Ghosh,S Ismail,Fahima Khatun,0,0,0
Bangladesh,8,Panna Ghosh,S Ismail,Fahima Khatun,1,0,1
Bangladesh,8,Fahima Khatun,S Ismail,Panna Ghosh,1,0,1
