Team,Over,Batter,Bowler,Non_Striker,Batter_Runs,Extras,Total_Runs
Afghanistan,0,Mohammad Shahzad,Abu Jayed,Usman Ghani,0,0,0
Afghanistan,0,Mohammad Shahzad,Abu Jayed,Usman Ghani,4,0,4
Afghanistan,0,Mohammad Shahzad,Abu Jayed,Usman Ghani,0,0,0
Afghanistan,0,Mohammad Shahzad,Abu Jayed,Usman Ghani,1,0,1
Afghanistan,0,Usman Ghani,Abu Jayed,Mohammad Shahzad,0,0,0
Afghanistan,0,Usman Ghani,Abu Jayed,Mohammad Shahzad,4,0,4
Afghanistan,1,Mohammad Shahzad,Nazmul Islam,Usman Ghani,0,0,0
Afghanistan,1,Mohammad Shahzad,Nazmul Islam,Usman Ghani,1,0,1
Afghanistan,1,Usman Ghani,Nazmul Islam,Mohammad Shahzad,0,0,0
Afghanistan,1,Usman Ghani,Nazmul Islam,Mohammad Shahzad,1,0,1
Afghanistan,1,Mohammad Shahzad,Nazmul Islam,Usman Ghani,1,0,1
Afghanistan,1,Usman Ghani,Nazmul Islam,Mohammad Shahzad,1,0,1
Afghanistan,2,Usman Ghani,Rubel Hossain,Mohammad Shahzad,4,0,4
Afghanistan,2,Usman Ghani,Rubel Hossain,Mohammad Shahzad,0,0,0
Afghanistan,2,Usman Ghani,Rubel Hossain,Mohammad Shahzad,0,4,4
Afghanistan,2,Usman Ghani,Rubel Hossain,Mohammad Shahzad,1,0,1
Afghanistan,2,Mohammad Shahzad,Rubel Hossain,Usman Ghani,0,0,0
Afghanistan,2,Mohammad Shahzad,Rubel Hossain,Usman Ghani,1,0,1
Afghanistan,3,Mohammad Shahzad,Shakib Al Hasan,Usman Ghani,0,0,0
Afghanistan,3,Mohammad Shahzad,Shakib Al Hasan,Usman Ghani,0,0,0
Afghanistan,3,Mohammad Shahzad,Shakib Al Hasan,Usman Ghani,1,0,1
Afghanistan,3,Usman Ghani,Shakib Al Hasan,Mohammad Shahzad,1,0,1
Afghanistan,3,Mohammad Shahzad,Shakib Al Hasan,Usman Ghani,1,0,1
Afghanistan,3,Usman Ghani,Shakib Al Hasan,Mohammad Shahzad,1,0,1
Afghanistan,4,Usman Ghani,Nazmul Islam,Mohammad Shahzad,0,0,0
Afghanistan,4,Usman Ghani,Nazmul Islam,Mohammad Shahzad,6,0,6
Afghanistan,4,Usman Ghani,Nazmul Islam,Mohammad Shahzad,1,0,1
Afghanistan,4,Mohammad Shahzad,Nazmul Islam,Usman Ghani,0,0,0
Afghanistan,4,Mohammad Shahzad,Nazmul Islam,Usman Ghani,4,0,4
Afghanistan,4,Mohammad Shahzad,Nazmul Islam,Usman Ghani,4,0,4
Afghanistan,5,Usman Ghani,Shakib Al Hasan,Mohammad Shahzad,1,0,1
Afghanistan,5,Mohammad Shahzad,Shakib Al Hasan,Usman Ghani,0,0,0
Afghanistan,5,Mohammad Shahzad,Shakib Al Hasan,Usman Ghani,0,0,0
Afghanistan,5,Mohammad Shahzad,Shakib Al Hasan,Usman Ghani,1,0,1
Afghanistan,5,Usman Ghani,Shakib Al Hasan,Mohammad Shahzad,0,0,0
Afghanistan,5,Usman Ghani,Shakib Al Hasan,Mohammad Shahzad,0,0,0
Afghanistan,6,Mohammad Shahzad,Abul Hasan,Usman Ghani,0,0,0
Afghanistan,6,Mohammad Shahzad,Abul Hasan,Usman Ghani,0,0,0
Afghanistan,6,Mohammad Shahzad,Abul Hasan,Usman Ghani,0,0,0
Afghanistan,6,Mohammad Shahzad,Abul Hasan,Usman Ghani,4,0,4
Afghanistan,6,Mohammad Shahzad,Abul Hasan,Usman Ghani,1,0,1
Afghanistan,6,Usman Ghani,Abul Hasan,Mohammad Shahzad,1,1,2
Afghanistan,6,Mohammad Shahzad,Abul Hasan,Usman Ghani,4,0,4
Afghanistan,7,Usman Ghani,Abu Jayed,Mohammad Shahzad,1,0,1
Afghanistan,7,Mohammad Shahzad,Abu Jayed,Usman Ghani,1,0,1
Afghanistan,7,Usman Ghani,Abu Jayed,Mohammad Shahzad,1,0,1
Afghanistan,7,Mohammad Shahzad,Abu Jayed,Usman Ghani,1,0,1
Afghanistan,7,Usman Ghani,Abu Jayed,Mohammad Shahzad,0,0,0
Afghanistan,7,Usman Ghani,Abu Jayed,Mohammad Shahzad,1,0,1
Afghanistan,8,Usman Ghani,Rubel Hossain,Mohammad Shahzad,1,0,1
Afghanistan,8,Mohammad Shahzad,Rubel Hossain,Usman Ghani,1,0,1
Afghanistan,8,Usman Ghani,Rubel Hossain,Mohammad Shahzad,0,0,0
Afghanistan,8,Asghar Stanikzai,Rubel Hossain,Mohammad Shahzad,1,0,1
Afghanistan,8,Mohammad Shahzad,Rubel Hossain,Asghar Stanikzai,1,0,1
Afghanistan,8,Asghar Stanikzai,Rubel Hossain,Mohammad Shahzad,0,0,0
Afghanistan,9,Mohammad Shahzad,Nazmul Islam,Asghar Stanikzai,2,0,2
Afghanistan,9,Mohammad Shahzad,Nazmul Islam,Asghar Stanikzai,1,0,1
Afghanistan,9,Asghar Stanikzai,Nazmul Islam,Mohammad Shahzad,1,0,1
Afghanistan,9,Mohammad Shahzad,Nazmul Islam,Asghar Stanikzai,1,0,1
Afghanistan,9,Asghar Stanikzai,Nazmul Islam,Mohammad Shahzad,2,0,2
Afghanistan,9,Asghar Stanikzai,Nazmul Islam,Mohammad Shahzad,1,0,1
Afghanistan,10,Asghar Stanikzai,Abul Hasan,Mohammad Shahzad,0,0,0
Afghanistan,10,Asghar Stanikzai,Abul Hasan,Mohammad Shahzad,6,0,6
Afghanistan,10,Asghar Stanikzai,Abul Hasan,Mohammad Shahzad,1,0,1
Afghanistan,10,Mohammad Shahzad,Abul Hasan,Asghar Stanikzai,1,0,1
Afghanistan,10,Asghar Stanikzai,Abul Hasan,Mohammad Shahzad,1,0,1
Afghanistan,10,Mohammad Shahzad,Abul Hasan,Asghar Stanikzai,1,0,1
Afghanistan,11,Mohammad Shahzad,Shakib Al Hasan,Asghar Stanikzai,1,0,1
Afghanistan,11,Asghar Stanikzai,Shakib Al Hasan,Mohammad Shahzad,0,0,0
Afghanistan,11,Asghar Stanikzai,Shakib Al Hasan,Mohammad Shahzad,1,0,1
Afghanistan,11,Mohammad Shahzad,Shakib Al Hasan,Asghar Stanikzai,1,0,1
Afghanistan,11,Asghar Stanikzai,Shakib Al Hasan,Mohammad Shahzad,1,0,1
Afghanistan,11,Mohammad Shahzad,Shakib Al Hasan,Asghar Stanikzai,0,0,0
Afghanistan,12,Asghar Stanikzai,Mosaddek Hossain,Najibullah Zadran,1,0,1
Afghanistan,12,Najibullah Zadran,Mosaddek Hossain,Asghar Stanikzai,1,0,1
Afghanistan,12,Asghar Stanikzai,Mosaddek Hossain,Najibullah Zadran,0,1,1
Afghanistan,12,Najibullah Zadran,Mosaddek Hossain,Asghar Stanikzai,0,0,0
Afghanistan,12,Najibullah Zadran,Mosaddek Hossain,Asghar Stanikzai,1,0,1
Afghanistan,12,Asghar Stanikzai,Mosaddek Hossain,Najibullah Zadran,0,0,0
Afghanistan,13,Najibullah Zadran,Mahmudullah,Asghar Stanikzai,0,0,0
Afghanistan,13,Najibullah Zadran,Mahmudullah,Asghar Stanikzai,0,0,0
Afghanistan,13,Asghar Stanikzai,Mahmudullah,Mohammad Nabi,1,0,1
Afghanistan,13,Mohammad Nabi,Mahmudullah,Asghar Stanikzai,0,0,0
Afghanistan,13,Mohammad Nabi,Mahmudullah,Asghar Stanikzai,0,0,0
Afghanistan,13,Samiullah Shenwari,Mahmudullah,Asghar Stanikzai,0,0,0
Afghanistan,14,Asghar Stanikzai,Nazmul Islam,Samiullah Shenwari,2,0,2
Afghanistan,14,Asghar Stanikzai,Nazmul Islam,Samiullah Shenwari,1,0,1
Afghanistan,14,Samiullah Shenwari,Nazmul Islam,Asghar Stanikzai,0,0,0
Afghanistan,14,Samiullah Shenwari,Nazmul Islam,Asghar Stanikzai,1,0,1
Afghanistan,14,Asghar Stanikzai,Nazmul Islam,Samiullah Shenwari,1,0,1
Afghanistan,14,Samiullah Shenwari,Nazmul Islam,Asghar Stanikzai,0,0,0
Afghanistan,15,Asghar Stanikzai,Shakib Al Hasan,Samiullah Shenwari,1,0,1
Afghanistan,15,Samiullah Shenwari,Shakib Al Hasan,Asghar Stanikzai,1,0,1
Afghanistan,15,Asghar Stanikzai,Shakib Al Hasan,Samiullah Shenwari,1,0,1
Afghanistan,15,Samiullah Shenwari,Shakib Al Hasan,Asghar Stanikzai,6,0,6
Afghanistan,15,Samiullah Shenwari,Shakib Al Hasan,Asghar Stanikzai,0,0,0
Afghanistan,15,Samiullah Shenwari,Shakib Al Hasan,Asghar Stanikzai,0,0,0
Afghanistan,16,Asghar Stanikzai,Rubel Hossain,Samiullah Shenwari,1,0,1
Afghanistan,16,Samiullah Shenwari,Rubel Hossain,Asghar Stanikzai,4,0,4
Afghanistan,16,Samiullah Shenwari,Rubel Hossain,Asghar Stanikzai,2,0,2
Afghanistan,16,Samiullah Shenwari,Rubel Hossain,Asghar Stanikzai,1,0,1
Afghanistan,16,Asghar Stanikzai,Rubel Hossain,Samiullah Shenwari,1,0,1
Afghanistan,16,Samiullah Shenwari,Rubel Hossain,Asghar Stanikzai,1,0,1
Afghanistan,17,Samiullah Shenwari,Abu Jayed,Asghar Stanikzai,6,0,6
Afghanistan,17,Samiullah Shenwari,Abu Jayed,Asghar Stanikzai,4,0,4
Afghanistan,17,Samiullah Shenwari,Abu Jayed,Asghar Stanikzai,0,0,0
Afghanistan,17,Samiullah Shenwari,Abu Jayed,Asghar Stanikzai,4,0,4
Afghanistan,17,Samiullah Shenwari,Abu Jayed,Asghar Stanikzai,6,0,6
Afghanistan,17,Samiullah Shenwari,Abu Jayed,Asghar Stanikzai,0,0,0
Afghanistan,18,Shafiqullah,Rubel Hossain,Asghar Stanikzai,6,0,6
Afghanistan,18,Shafiqullah,Rubel Hossain,Asghar Stanikzai,1,0,1
Afghanistan,18,Asghar Stanikzai,Rubel Hossain,Shafiqullah,0,1,1
Afghanistan,18,Shafiqullah,Rubel Hossain,Asghar Stanikzai,4,0,4
Afghanistan,18,Shafiqullah,Rubel Hossain,Asghar Stanikzai,0,0,0
Afghanistan,18,Shafiqullah,Rubel Hossain,Asghar Stanikzai,1,0,1
Afghanistan,19,Shafiqullah,Abul Hasan,Asghar Stanikzai,6,0,6
Afghanistan,19,Shafiqullah,Abul Hasan,Asghar Stanikzai,6,0,6
Afghanistan,19,Shafiqullah,Abul Hasan,Asghar Stanikzai,0,0,0
Afghanistan,19,Rashid Khan,Abul Hasan,Asghar Stanikzai,0,0,0
Afghanistan,19,Rashid Khan,Abul Hasan,Asghar Stanikzai,0,1,1
Afghanistan,19,Karim Janat,Abul Hasan,Rashid Khan,0,0,0
Afghanistan,19,Rashid Khan,Abul Hasan,Mujeeb Ur Rahman,6,0,6
Bangladesh,0,Tamim Iqbal,Mujeeb Ur Rahman,Liton Das,0,0,0
Bangladesh,0,Shakib Al Hasan,Mujeeb Ur Rahman,Liton Das,0,0,0
Bangladesh,0,Shakib Al Hasan,Mujeeb Ur Rahman,Liton Das,1,0,1
Bangladesh,0,Liton Das,Mujeeb Ur Rahman,Shakib Al Hasan,0,0,0
Bangladesh,0,Liton Das,Mujeeb Ur Rahman,Shakib Al Hasan,0,0,0
Bangladesh,0,Liton Das,Mujeeb Ur Rahman,Shakib Al Hasan,0,0,0
Bangladesh,1,Shakib Al Hasan,Shapoor Zadran,Liton Das,0,0,0
Bangladesh,1,Shakib Al Hasan,Shapoor Zadran,Liton Das,1,0,1
Bangladesh,1,Liton Das,Shapoor Zadran,Shakib Al Hasan,4,0,4
Bangladesh,1,Liton Das,Shapoor Zadran,Shakib Al Hasan,1,0,1
Bangladesh,1,Shakib Al Hasan,Shapoor Zadran,Liton Das,4,0,4
Bangladesh,1,Shakib Al Hasan,Shapoor Zadran,Liton Das,1,0,1
Bangladesh,2,Shakib Al Hasan,Mujeeb Ur Rahman,Liton Das,0,0,0
Bangladesh,2,Shakib Al Hasan,Mujeeb Ur Rahman,Liton Das,0,0,0
Bangladesh,2,Shakib Al Hasan,Mujeeb Ur Rahman,Liton Das,4,0,4
Bangladesh,2,Shakib Al Hasan,Mujeeb Ur Rahman,Liton Das,0,0,0
Bangladesh,2,Shakib Al Hasan,Mujeeb Ur Rahman,Liton Das,0,0,0
Bangladesh,2,Shakib Al Hasan,Mujeeb Ur Rahman,Liton Das,1,0,1
Bangladesh,3,Shakib Al Hasan,Mohammad Nabi,Liton Das,1,0,1
Bangladesh,3,Liton Das,Mohammad Nabi,Shakib Al Hasan,1,0,1
Bangladesh,3,Shakib Al Hasan,Mohammad Nabi,Liton Das,2,0,2
Bangladesh,3,Shakib Al Hasan,Mohammad Nabi,Liton Das,0,0,0
Bangladesh,3,Mushfiqur Rahim,Mohammad Nabi,Liton Das,0,1,1
Bangladesh,3,Mushfiqur Rahim,Mohammad Nabi,Liton Das,1,0,1
Bangladesh,3,Liton Das,Mohammad Nabi,Mushfiqur Rahim,1,0,1
Bangladesh,4,Liton Das,Mujeeb Ur Rahman,Mushfiqur Rahim,4,0,4
Bangladesh,4,Liton Das,Mujeeb Ur Rahman,Mushfiqur Rahim,1,0,1
Bangladesh,4,Mushfiqur Rahim,Mujeeb Ur Rahman,Liton Das,2,0,2
Bangladesh,4,Mushfiqur Rahim,Mujeeb Ur Rahman,Liton Das,1,0,1
Bangladesh,4,Liton Das,Mujeeb Ur Rahman,Mushfiqur Rahim,2,0,2
Bangladesh,4,Liton Das,Mujeeb Ur Rahman,Mushfiqur Rahim,0,0,0
Bangladesh,5,Mushfiqur Rahim,Shapoor Zadran,Liton Das,1,0,1
Bangladesh,5,Liton Das,Shapoor Zadran,Mushfiqur Rahim,2,0,2
Bangladesh,5,Liton Das,Shapoor Zadran,Mushfiqur Rahim,6,0,6
Bangladesh,5,Liton Das,Shapoor Zadran,Mushfiqur Rahim,4,0,4
Bangladesh,5,Liton Das,Shapoor Zadran,Mushfiqur Rahim,0,1,1
Bangladesh,5,Mushfiqur Rahim,Shapoor Zadran,Liton Das,1,0,1
Bangladesh,6,Mushfiqur Rahim,Karim Janat,Liton Das,1,0,1
Bangladesh,6,Liton Das,Karim Janat,Mushfiqur Rahim,1,0,1
Bangladesh,6,Mushfiqur Rahim,Karim Janat,Liton Das,4,0,4
Bangladesh,6,Mushfiqur Rahim,Karim Janat,Liton Das,1,0,1
Bangladesh,6,Liton Das,Karim Janat,Mushfiqur Rahim,0,1,1
Bangladesh,6,Liton Das,Karim Janat,Mushfiqur Rahim,1,0,1
Bangladesh,6,Mushfiqur Rahim,Karim Janat,Liton Das,1,0,1
Bangladesh,7,Mushfiqur Rahim,Mohammad Nabi,Liton Das,1,0,1
Bangladesh,7,Liton Das,Mohammad Nabi,Mushfiqur Rahim,1,0,1
Bangladesh,7,Mushfiqur Rahim,Mohammad Nabi,Liton Das,1,0,1
Bangladesh,7,Liton Das,Mohammad Nabi,Mushfiqur Rahim,1,0,1
Bangladesh,7,Mushfiqur Rahim,Mohammad Nabi,Liton Das,1,0,1
Bangladesh,7,Liton Das,Mohammad Nabi,Mushfiqur Rahim,0,0,0
Bangladesh,8,Mushfiqur Rahim,Karim Janat,Mahmudullah,1,0,1
Bangladesh,8,Mahmudullah,Karim Janat,Mushfiqur Rahim,0,0,0
Bangladesh,8,Mahmudullah,Karim Janat,Mushfiqur Rahim,0,0,0
Bangladesh,8,Mahmudullah,Karim Janat,Mushfiqur Rahim,4,0,4
Bangladesh,8,Mahmudullah,Karim Janat,Mushfiqur Rahim,4,0,4
Bangladesh,8,Mahmudullah,Karim Janat,Mushfiqur Rahim,1,0,1
Bangladesh,9,Mahmudullah,Mohammad Nabi,Mushfiqur Rahim,0,0,0
Bangladesh,9,Mushfiqur Rahim,Mohammad Nabi,Mahmudullah,1,0,1
Bangladesh,9,Mahmudullah,Mohammad Nabi,Mushfiqur Rahim,1,0,1
Bangladesh,9,Mushfiqur Rahim,Mohammad Nabi,Mahmudullah,1,0,1
Bangladesh,9,Mahmudullah,Mohammad Nabi,Mushfiqur Rahim,1,0,1
Bangladesh,9,Mushfiqur Rahim,Mohammad Nabi,Mahmudullah,1,0,1
Bangladesh,10,Mushfiqur Rahim,Rashid Khan,Mahmudullah,0,0,0
Bangladesh,10,Sabbir Rahman,Rashid Khan,Mahmudullah,0,0,0
Bangladesh,10,Mosaddek Hossain,Rashid Khan,Mahmudullah,0,1,1
Bangladesh,10,Mosaddek Hossain,Rashid Khan,Mahmudullah,0,0,0
Bangladesh,10,Mosaddek Hossain,Rashid Khan,Mahmudullah,4,0,4
Bangladesh,10,Mosaddek Hossain,Rashid Khan,Mahmudullah,0,0,0
Bangladesh,10,Mosaddek Hossain,Rashid Khan,Mahmudullah,1,0,1
Bangladesh,11,Mosaddek Hossain,Karim Janat,Mahmudullah,1,0,1
Bangladesh,11,Mahmudullah,Karim Janat,Mosaddek Hossain,0,0,0
Bangladesh,11,Mahmudullah,Karim Janat,Mosaddek Hossain,0,0,0
Bangladesh,11,Mahmudullah,Karim Janat,Mosaddek Hossain,1,0,1
Bangladesh,11,Mosaddek Hossain,Karim Janat,Mahmudullah,1,0,1
Bangladesh,11,Mahmudullah,Karim Janat,Mosaddek Hossain,1,0,1
Bangladesh,12,Mahmudullah,Rashid Khan,Mosaddek Hossain,0,0,0
Bangladesh,12,Mahmudullah,Rashid Khan,Mosaddek Hossain,1,0,1
Bangladesh,12,Mosaddek Hossain,Rashid Khan,Mahmudullah,0,0,0
Bangladesh,12,Mosaddek Hossain,Rashid Khan,Mahmudullah,0,0,0
Bangladesh,12,Mosaddek Hossain,Rashid Khan,Mahmudullah,0,0,0
Bangladesh,12,Mosaddek Hossain,Rashid Khan,Mahmudullah,0,0,0
Bangladesh,13,Mahmudullah,Mohammad Nabi,Mosaddek Hossain,1,0,1
Bangladesh,13,Mosaddek Hossain,Mohammad Nabi,Mahmudullah,2,0,2
Bangladesh,13,Mosaddek Hossain,Mohammad Nabi,Mahmudullah,0,0,0
Bangladesh,13,Mosaddek Hossain,Mohammad Nabi,Mahmudullah,0,0,0
Bangladesh,13,Mosaddek Hossain,Mohammad Nabi,Mahmudullah,0,0,0
Bangladesh,13,Mosaddek Hossain,Mohammad Nabi,Mahmudullah,1,0,1
Bangladesh,14,Mosaddek Hossain,Shapoor Zadran,Mahmudullah,0,0,0
Bangladesh,14,Mosaddek Hossain,Shapoor Zadran,Mahmudullah,1,0,1
Bangladesh,14,Mahmudullah,Shapoor Zadran,Mosaddek Hossain,1,0,1
Bangladesh,14,Mosaddek Hossain,Shapoor Zadran,Mahmudullah,0,0,0
Bangladesh,14,Mosaddek Hossain,Shapoor Zadran,Mahmudullah,1,0,1
Bangladesh,14,Mahmudullah,Shapoor Zadran,Mosaddek Hossain,6,0,6
Bangladesh,15,Mosaddek Hossain,Mujeeb Ur Rahman,Mahmudullah,1,0,1
Bangladesh,15,Mahmudullah,Mujeeb Ur Rahman,Mosaddek Hossain,0,0,0
Bangladesh,15,Mahmudullah,Mujeeb Ur Rahman,Mosaddek Hossain,0,0,0
Bangladesh,15,Mahmudullah,Mujeeb Ur Rahman,Mosaddek Hossain,1,0,1
Bangladesh,15,Mosaddek Hossain,Mujeeb Ur Rahman,Mahmudullah,1,0,1
Bangladesh,15,Mahmudullah,Mujeeb Ur Rahman,Mosaddek Hossain,1,0,1
Bangladesh,16,Mahmudullah,Rashid Khan,Mosaddek Hossain,1,0,1
Bangladesh,16,Mosaddek Hossain,Rashid Khan,Mahmudullah,0,0,0
Bangladesh,16,Mosaddek Hossain,Rashid Khan,Mahmudullah,0,0,0
Bangladesh,16,Abul Hasan,Rashid Khan,Mahmudullah,1,0,1
Bangladesh,16,Mahmudullah,Rashid Khan,Abul Hasan,0,0,0
Bangladesh,16,Mahmudullah,Rashid Khan,Abul Hasan,4,0,4
Bangladesh,17,Abul Hasan,Shapoor Zadran,Mahmudullah,4,0,4
Bangladesh,17,Abul Hasan,Shapoor Zadran,Mahmudullah,0,0,0
Bangladesh,17,Nazmul Islam,Shapoor Zadran,Mahmudullah,1,0,1
Bangladesh,17,Mahmudullah,Shapoor Zadran,Nazmul Islam,0,0,0
Bangladesh,17,Nazmul Islam,Shapoor Zadran,Rubel Hossain,1,0,1
Bangladesh,17,Rubel Hossain,Shapoor Zadran,Nazmul Islam,0,0,0
Bangladesh,18,Nazmul Islam,Karim Janat,Abu Jayed,1,0,1
Bangladesh,18,Abu Jayed,Karim Janat,Nazmul Islam,1,0,1
Bangladesh,18,Nazmul Islam,Karim Janat,Abu Jayed,1,0,1
Bangladesh,18,Abu Jayed,Karim Janat,Nazmul Islam,0,0,0
Bangladesh,18,Abu Jayed,Karim Janat,Nazmul Islam,0,0,0
Bangladesh,18,Abu Jayed,Karim Janat,Nazmul Islam,0,0,0
