Team,Over,Batter,Bowler,Non_Striker,Batter_Runs,Extras,Total_Runs
Bangladesh,0,Liton Das,Mujeeb Ur Rahman,Tamim Iqbal,0,0,0
Bangladesh,0,Liton Das,Mujeeb Ur Rahman,Tamim Iqbal,1,0,1
Bangladesh,0,Tamim Iqbal,Mujeeb Ur Rahman,Liton Das,0,0,0
Bangladesh,0,Tamim Iqbal,Mujeeb Ur Rahman,Liton Das,0,0,0
Bangladesh,0,Tamim Iqbal,Mujeeb Ur Rahman,Liton Das,0,0,0
Bangladesh,0,Tamim Iqbal,Mujeeb Ur Rahman,Liton Das,0,0,0
Bangladesh,1,Liton Das,Shapoor Zadran,Tamim Iqbal,0,0,0
Bangladesh,1,Tamim Iqbal,Shapoor Zadran,Sabbir Rahman,0,1,1
Bangladesh,1,Tamim Iqbal,Shapoor Zadran,Sabbir Rahman,2,0,2
Bangladesh,1,Tamim Iqbal,Shapoor Zadran,Sabbir Rahman,4,0,4
Bangladesh,1,Tamim Iqbal,Shapoor Zadran,Sabbir Rahman,1,0,1
Bangladesh,1,Sabbir Rahman,Shapoor Zadran,Tamim Iqbal,0,0,0
Bangladesh,1,Sabbir Rahman,Shapoor Zadran,Tamim Iqbal,0,0,0
Bangladesh,2,Tamim Iqbal,Mujeeb Ur Rahman,Sabbir Rahman,1,0,1
Bangladesh,2,Sabbir Rahman,Mujeeb Ur Rahman,Tamim Iqbal,0,0,0
Bangladesh,2,Sabbir Rahman,Mujeeb Ur Rahman,Tamim Iqbal,0,0,0
Bangladesh,2,Sabbir Rahman,Mujeeb Ur Rahman,Tamim Iqbal,1,0,1
Bangladesh,2,Tamim Iqbal,Mujeeb Ur Rahman,Sabbir Rahman,0,0,0
Bangladesh,2,Tamim Iqbal,Mujeeb Ur Rahman,Sabbir Rahman,1,0,1
Bangladesh,3,Tamim Iqbal,Shapoor Zadran,Sabbir Rahman,4,0,4
Bangladesh,3,Tamim Iqbal,Shapoor Zadran,Sabbir Rahman,0,0,0
Bangladesh,3,Tamim Iqbal,Shapoor Zadran,Sabbir Rahman,1,0,1
Bangladesh,3,Sabbir Rahman,Shapoor Zadran,Tamim Iqbal,4,0,4
Bangladesh,3,Sabbir Rahman,Shapoor Zadran,Tamim Iqbal,4,0,4
Bangladesh,3,Sabbir Rahman,Shapoor Zadran,Tamim Iqbal,4,0,4
Bangladesh,4,Tamim Iqbal,Mohammad Nabi,Sabbir Rahman,0,0,0
Bangladesh,4,Tamim Iqbal,Mohammad Nabi,Sabbir Rahman,1,0,1
Bangladesh,4,Sabbir Rahman,Mohammad Nabi,Tamim Iqbal,0,0,0
Bangladesh,4,Mushfiqur Rahim,Mohammad Nabi,Tamim Iqbal,1,0,1
Bangladesh,4,Tamim Iqbal,Mohammad Nabi,Mushfiqur Rahim,1,0,1
Bangladesh,4,Mushfiqur Rahim,Mohammad Nabi,Tamim Iqbal,1,0,1
Bangladesh,5,Mushfiqur Rahim,Mujeeb Ur Rahman,Tamim Iqbal,0,0,0
Bangladesh,5,Mushfiqur Rahim,Mujeeb Ur Rahman,Tamim Iqbal,4,0,4
Bangladesh,5,Mushfiqur Rahim,Mujeeb Ur Rahman,Tamim Iqbal,0,0,0
Bangladesh,5,Mushfiqur Rahim,Mujeeb Ur Rahman,Tamim Iqbal,0,0,0
Bangladesh,5,Mushfiqur Rahim,Mujeeb Ur Rahman,Tamim Iqbal,1,0,1
Bangladesh,5,Tamim Iqbal,Mujeeb Ur Rahman,Mushfiqur Rahim,4,0,4
Bangladesh,6,Mushfiqur Rahim,Karim Janat,Tamim Iqbal,2,0,2
Bangladesh,6,Mushfiqur Rahim,Karim Janat,Tamim Iqbal,1,0,1
Bangladesh,6,Tamim Iqbal,Karim Janat,Mushfiqur Rahim,1,0,1
Bangladesh,6,Mushfiqur Rahim,Karim Janat,Tamim Iqbal,1,0,1
Bangladesh,6,Tamim Iqbal,Karim Janat,Mushfiqur Rahim,0,0,0
Bangladesh,6,Tamim Iqbal,Karim Janat,Mushfiqur Rahim,4,0,4
Bangladesh,7,Mushfiqur Rahim,Mohammad Nabi,Tamim Iqbal,0,0,0
Bangladesh,7,Mushfiqur Rahim,Mohammad Nabi,Tamim Iqbal,1,0,1
Bangladesh,7,Tamim Iqbal,Mohammad Nabi,Mushfiqur Rahim,1,0,1
Bangladesh,7,Mushfiqur Rahim,Mohammad Nabi,Tamim Iqbal,1,0,1
Bangladesh,7,Tamim Iqbal,Mohammad Nabi,Mushfiqur Rahim,0,0,0
Bangladesh,7,Tamim Iqbal,Mohammad Nabi,Mushfiqur Rahim,1,0,1
Bangladesh,8,Tamim Iqbal,Karim Janat,Mushfiqur Rahim,0,0,0
Bangladesh,8,Tamim Iqbal,Karim Janat,Mushfiqur Rahim,1,0,1
Bangladesh,8,Mushfiqur Rahim,Karim Janat,Tamim Iqbal,6,0,6
Bangladesh,8,Mushfiqur Rahim,Karim Janat,Tamim Iqbal,1,0,1
Bangladesh,8,Tamim Iqbal,Karim Janat,Mushfiqur Rahim,0,4,4
Bangladesh,8,Tamim Iqbal,Karim Janat,Mushfiqur Rahim,4,0,4
Bangladesh,9,Mushfiqur Rahim,Mohammad Nabi,Tamim Iqbal,1,0,1
Bangladesh,9,Tamim Iqbal,Mohammad Nabi,Mushfiqur Rahim,1,0,1
Bangladesh,9,Mushfiqur Rahim,Mohammad Nabi,Tamim Iqbal,1,0,1
Bangladesh,9,Tamim Iqbal,Mohammad Nabi,Mushfiqur Rahim,1,0,1
Bangladesh,9,Mushfiqur Rahim,Mohammad Nabi,Tamim Iqbal,0,0,0
Bangladesh,9,Mahmudullah,Mohammad Nabi,Tamim Iqbal,6,0,6
Bangladesh,10,Tamim Iqbal,Rashid Khan,Mahmudullah,1,0,1
Bangladesh,10,Mahmudullah,Rashid Khan,Tamim Iqbal,1,0,1
Bangladesh,10,Tamim Iqbal,Rashid Khan,Mahmudullah,1,0,1
Bangladesh,10,Mahmudullah,Rashid Khan,Tamim Iqbal,0,0,0
Bangladesh,10,Mahmudullah,Rashid Khan,Tamim Iqbal,1,0,1
Bangladesh,10,Tamim Iqbal,Rashid Khan,Mahmudullah,0,0,0
Bangladesh,11,Mahmudullah,Karim Janat,Tamim Iqbal,1,0,1
Bangladesh,11,Tamim Iqbal,Karim Janat,Mahmudullah,1,0,1
Bangladesh,11,Mahmudullah,Karim Janat,Tamim Iqbal,1,0,1
Bangladesh,11,Tamim Iqbal,Karim Janat,Mahmudullah,1,0,1
Bangladesh,11,Mahmudullah,Karim Janat,Tamim Iqbal,4,0,4
Bangladesh,11,Mahmudullah,Karim Janat,Tamim Iqbal,0,0,0
Bangladesh,12,Tamim Iqbal,Mohammad Nabi,Shakib Al Hasan,0,0,0
Bangladesh,12,Tamim Iqbal,Mohammad Nabi,Shakib Al Hasan,0,0,0
Bangladesh,12,Tamim Iqbal,Mohammad Nabi,Shakib Al Hasan,0,0,0
Bangladesh,12,Tamim Iqbal,Mohammad Nabi,Shakib Al Hasan,1,0,1
Bangladesh,12,Shakib Al Hasan,Mohammad Nabi,Tamim Iqbal,0,0,0
Bangladesh,12,Shakib Al Hasan,Mohammad Nabi,Tamim Iqbal,0,0,0
Bangladesh,13,Tamim Iqbal,Rashid Khan,Shakib Al Hasan,1,0,1
Bangladesh,13,Shakib Al Hasan,Rashid Khan,Tamim Iqbal,1,0,1
Bangladesh,13,Tamim Iqbal,Rashid Khan,Shakib Al Hasan,1,0,1
Bangladesh,13,Shakib Al Hasan,Rashid Khan,Tamim Iqbal,1,0,1
Bangladesh,13,Tamim Iqbal,Rashid Khan,Shakib Al Hasan,0,0,0
Bangladesh,13,Tamim Iqbal,Rashid Khan,Shakib Al Hasan,1,0,1
Bangladesh,14,Tamim Iqbal,Mujeeb Ur Rahman,Shakib Al Hasan,0,0,0
Bangladesh,14,Tamim Iqbal,Mujeeb Ur Rahman,Shakib Al Hasan,0,0,0
Bangladesh,14,Tamim Iqbal,Mujeeb Ur Rahman,Shakib Al Hasan,1,0,1
Bangladesh,14,Shakib Al Hasan,Mujeeb Ur Rahman,Tamim Iqbal,0,0,0
Bangladesh,14,Shakib Al Hasan,Mujeeb Ur Rahman,Tamim Iqbal,1,0,1
Bangladesh,14,Tamim Iqbal,Mujeeb Ur Rahman,Shakib Al Hasan,0,0,0
Bangladesh,15,Shakib Al Hasan,Rashid Khan,Tamim Iqbal,0,0,0
Bangladesh,15,Soumya Sarkar,Rashid Khan,Tamim Iqbal,0,1,1
Bangladesh,15,Soumya Sarkar,Rashid Khan,Tamim Iqbal,1,0,1
Bangladesh,15,Tamim Iqbal,Rashid Khan,Soumya Sarkar,0,0,0
Bangladesh,15,Tamim Iqbal,Rashid Khan,Soumya Sarkar,0,0,0
Bangladesh,15,Mosaddek Hossain,Rashid Khan,Soumya Sarkar,0,0,0
Bangladesh,15,Abu Hider,Rashid Khan,Soumya Sarkar,0,0,0
Bangladesh,16,Soumya Sarkar,Shapoor Zadran,Abu Hider,1,0,1
Bangladesh,16,Abu Hider,Shapoor Zadran,Soumya Sarkar,1,0,1
Bangladesh,16,Soumya Sarkar,Shapoor Zadran,Abu Hider,0,0,0
Bangladesh,16,Soumya Sarkar,Shapoor Zadran,Abu Hider,1,0,1
Bangladesh,16,Abu Hider,Shapoor Zadran,Soumya Sarkar,1,0,1
Bangladesh,16,Soumya Sarkar,Shapoor Zadran,Abu Hider,0,0,0
Bangladesh,17,Abu Hider,Rashid Khan,Soumya Sarkar,1,0,1
Bangladesh,17,Soumya Sarkar,Rashid Khan,Abu Hider,0,0,0
Bangladesh,17,Soumya Sarkar,Rashid Khan,Abu Hider,0,0,0
Bangladesh,17,Soumya Sarkar,Rashid Khan,Abu Hider,0,0,0
Bangladesh,17,Soumya Sarkar,Rashid Khan,Abu Hider,0,0,0
Bangladesh,17,Abu Hider,Rashid Khan,Nazmul Islam,0,0,0
Bangladesh,18,Nazmul Islam,Karim Janat,Abu Hider,1,0,1
Bangladesh,18,Abu Hider,Karim Janat,Nazmul Islam,0,0,0
Bangladesh,18,Abu Hider,Karim Janat,Nazmul Islam,0,2,2
Bangladesh,18,Abu Hider,Karim Janat,Nazmul Islam,6,0,6
Bangladesh,18,Abu Hider,Karim Janat,Nazmul Islam,4,0,4
Bangladesh,18,Abu Hider,Karim Janat,Nazmul Islam,0,0,0
Bangladesh,19,Nazmul Islam,Shapoor Zadran,Abu Hider,4,0,4
Bangladesh,19,Nazmul Islam,Shapoor Zadran,Abu Hider,1,0,1
Bangladesh,19,Abu Hider,Shapoor Zadran,Nazmul Islam,2,0,2
Bangladesh,19,Abu Hider,Shapoor Zadran,Nazmul Islam,0,0,0
Bangladesh,19,Abu Hider,Shapoor Zadran,Nazmul Islam,6,0,6
Bangladesh,19,Abu Hider,Shapoor Zadran,Nazmul Islam,0,0,0
Afghanistan,0,Mohammad Shahzad,Nazmul Islam,Usman Ghani,0,0,0
Afghanistan,0,Mohammad Shahzad,Nazmul Islam,Usman Ghani,0,0,0
Afghanistan,0,Mohammad Shahzad,Nazmul Islam,Usman Ghani,0,0,0
Afghanistan,0,Mohammad Shahzad,Nazmul Islam,Usman Ghani,0,0,0
Afghanistan,0,Mohammad Shahzad,Nazmul Islam,Usman Ghani,0,0,0
Afghanistan,0,Mohammad Shahzad,Nazmul Islam,Usman Ghani,0,0,0
Afghanistan,1,Usman Ghani,Shakib Al Hasan,Mohammad Shahzad,0,0,0
Afghanistan,1,Usman Ghani,Shakib Al Hasan,Mohammad Shahzad,4,0,4
Afghanistan,1,Usman Ghani,Shakib Al Hasan,Mohammad Shahzad,1,0,1
Afghanistan,1,Mohammad Shahzad,Shakib Al Hasan,Usman Ghani,4,0,4
Afghanistan,1,Mohammad Shahzad,Shakib Al Hasan,Usman Ghani,1,0,1
Afghanistan,1,Usman Ghani,Shakib Al Hasan,Mohammad Shahzad,1,0,1
Afghanistan,2,Usman Ghani,Nazmul Islam,Mohammad Shahzad,0,0,0
Afghanistan,2,Usman Ghani,Nazmul Islam,Mohammad Shahzad,0,0,0
Afghanistan,2,Usman Ghani,Nazmul Islam,Mohammad Shahzad,0,0,0
Afghanistan,2,Usman Ghani,Nazmul Islam,Mohammad Shahzad,0,0,0
Afghanistan,2,Usman Ghani,Nazmul Islam,Mohammad Shahzad,0,0,0
Afghanistan,2,Usman Ghani,Nazmul Islam,Mohammad Shahzad,0,0,0
Afghanistan,3,Mohammad Shahzad,Rubel Hossain,Usman Ghani,0,0,0
Afghanistan,3,Mohammad Shahzad,Rubel Hossain,Usman Ghani,4,0,4
Afghanistan,3,Mohammad Shahzad,Rubel Hossain,Usman Ghani,4,0,4
Afghanistan,3,Mohammad Shahzad,Rubel Hossain,Usman Ghani,0,1,1
Afghanistan,3,Usman Ghani,Rubel Hossain,Mohammad Shahzad,1,0,1
Afghanistan,3,Mohammad Shahzad,Rubel Hossain,Usman Ghani,0,0,0
Afghanistan,4,Usman Ghani,Shakib Al Hasan,Mohammad Shahzad,1,0,1
Afghanistan,4,Mohammad Shahzad,Shakib Al Hasan,Usman Ghani,4,0,4
Afghanistan,4,Mohammad Shahzad,Shakib Al Hasan,Usman Ghani,0,0,0
Afghanistan,4,Mohammad Shahzad,Shakib Al Hasan,Usman Ghani,1,0,1
Afghanistan,4,Usman Ghani,Shakib Al Hasan,Mohammad Shahzad,1,0,1
Afghanistan,4,Mohammad Shahzad,Shakib Al Hasan,Usman Ghani,6,0,6
Afghanistan,5,Usman Ghani,Abu Hider,Mohammad Shahzad,2,0,2
Afghanistan,5,Usman Ghani,Abu Hider,Mohammad Shahzad,0,0,0
Afghanistan,5,Usman Ghani,Abu Hider,Mohammad Shahzad,0,0,0
Afghanistan,5,Usman Ghani,Abu Hider,Mohammad Shahzad,0,2,2
Afghanistan,5,Mohammad Shahzad,Abu Hider,Usman Ghani,0,0,0
Afghanistan,5,Samiullah Shenwari,Abu Hider,Usman Ghani,0,0,0
Afghanistan,5,Samiullah Shenwari,Abu Hider,Usman Ghani,0,0,0
Afghanistan,6,Usman Ghani,Nazmul Islam,Samiullah Shenwari,1,0,1
Afghanistan,6,Samiullah Shenwari,Nazmul Islam,Usman Ghani,1,0,1
Afghanistan,6,Usman Ghani,Nazmul Islam,Samiullah Shenwari,1,0,1
Afghanistan,6,Samiullah Shenwari,Nazmul Islam,Usman Ghani,1,0,1
Afghanistan,6,Usman Ghani,Nazmul Islam,Samiullah Shenwari,1,0,1
Afghanistan,6,Samiullah Shenwari,Nazmul Islam,Usman Ghani,0,0,0
Afghanistan,7,Usman Ghani,Abu Hider,Samiullah Shenwari,0,0,0
Afghanistan,7,Usman Ghani,Abu Hider,Samiullah Shenwari,2,0,2
Afghanistan,7,Usman Ghani,Abu Hider,Samiullah Shenwari,0,1,1
Afghanistan,7,Usman Ghani,Abu Hider,Samiullah Shenwari,1,0,1
Afghanistan,7,Samiullah Shenwari,Abu Hider,Usman Ghani,1,0,1
Afghanistan,7,Usman Ghani,Abu Hider,Samiullah Shenwari,1,0,1
Afghanistan,7,Samiullah Shenwari,Abu Hider,Usman Ghani,0,0,0
Afghanistan,8,Usman Ghani,Rubel Hossain,Samiullah Shenwari,0,0,0
Afghanistan,8,Usman Ghani,Rubel Hossain,Samiullah Shenwari,0,0,0
Afghanistan,8,Usman Ghani,Rubel Hossain,Samiullah Shenwari,1,0,1
Afghanistan,8,Samiullah Shenwari,Rubel Hossain,Usman Ghani,2,0,2
Afghanistan,8,Samiullah Shenwari,Rubel Hossain,Usman Ghani,0,0,0
Afghanistan,8,Samiullah Shenwari,Rubel Hossain,Usman Ghani,0,0,0
Afghanistan,9,Usman Ghani,Abu Hider,Samiullah Shenwari,0,0,0
Afghanistan,9,Usman Ghani,Abu Hider,Samiullah Shenwari,1,0,1
Afghanistan,9,Samiullah Shenwari,Abu Hider,Usman Ghani,1,0,1
Afghanistan,9,Usman Ghani,Abu Hider,Samiullah Shenwari,0,0,0
Afghanistan,9,Usman Ghani,Abu Hider,Samiullah Shenwari,1,0,1
Afghanistan,9,Samiullah Shenwari,Abu Hider,Usman Ghani,1,0,1
Afghanistan,10,Samiullah Shenwari,Rubel Hossain,Usman Ghani,0,0,0
Afghanistan,10,Samiullah Shenwari,Rubel Hossain,Usman Ghani,1,0,1
Afghanistan,10,Usman Ghani,Rubel Hossain,Samiullah Shenwari,0,0,0
Afghanistan,10,Samiullah Shenwari,Rubel Hossain,Asghar Stanikzai,4,0,4
Afghanistan,10,Samiullah Shenwari,Rubel Hossain,Asghar Stanikzai,0,0,0
Afghanistan,10,Samiullah Shenwari,Rubel Hossain,Asghar Stanikzai,1,0,1
Afghanistan,11,Samiullah Shenwari,Mahmudullah,Asghar Stanikzai,1,0,1
Afghanistan,11,Asghar Stanikzai,Mahmudullah,Samiullah Shenwari,0,0,0
Afghanistan,11,Asghar Stanikzai,Mahmudullah,Samiullah Shenwari,1,0,1
Afghanistan,11,Samiullah Shenwari,Mahmudullah,Asghar Stanikzai,0,0,0
Afghanistan,11,Samiullah Shenwari,Mahmudullah,Asghar Stanikzai,6,0,6
Afghanistan,11,Samiullah Shenwari,Mahmudullah,Asghar Stanikzai,1,0,1
Afghanistan,12,Samiullah Shenwari,Shakib Al Hasan,Asghar Stanikzai,1,0,1
Afghanistan,12,Asghar Stanikzai,Shakib Al Hasan,Samiullah Shenwari,2,0,2
Afghanistan,12,Asghar Stanikzai,Shakib Al Hasan,Samiullah Shenwari,0,0,0
Afghanistan,12,Asghar Stanikzai,Shakib Al Hasan,Samiullah Shenwari,1,0,1
Afghanistan,12,Samiullah Shenwari,Shakib Al Hasan,Asghar Stanikzai,1,0,1
Afghanistan,12,Asghar Stanikzai,Shakib Al Hasan,Samiullah Shenwari,0,0,0
Afghanistan,13,Samiullah Shenwari,Mosaddek Hossain,Asghar Stanikzai,1,0,1
Afghanistan,13,Asghar Stanikzai,Mosaddek Hossain,Samiullah Shenwari,0,1,1
Afghanistan,13,Samiullah Shenwari,Mosaddek Hossain,Asghar Stanikzai,1,0,1
Afghanistan,13,Asghar Stanikzai,Mosaddek Hossain,Samiullah Shenwari,0,0,0
Afghanistan,13,Mohammad Nabi,Mosaddek Hossain,Samiullah Shenwari,0,0,0
Afghanistan,13,Mohammad Nabi,Mosaddek Hossain,Samiullah Shenwari,1,0,1
Afghanistan,14,Mohammad Nabi,Nazmul Islam,Samiullah Shenwari,1,0,1
Afghanistan,14,Samiullah Shenwari,Nazmul Islam,Mohammad Nabi,0,1,1
Afghanistan,14,Samiullah Shenwari,Nazmul Islam,Mohammad Nabi,1,0,1
Afghanistan,14,Mohammad Nabi,Nazmul Islam,Samiullah Shenwari,4,0,4
Afghanistan,14,Mohammad Nabi,Nazmul Islam,Samiullah Shenwari,0,0,0
Afghanistan,14,Mohammad Nabi,Nazmul Islam,Samiullah Shenwari,1,0,1
Afghanistan,14,Samiullah Shenwari,Nazmul Islam,Mohammad Nabi,1,0,1
Afghanistan,15,Samiullah Shenwari,Mosaddek Hossain,Mohammad Nabi,0,0,0
Afghanistan,15,Samiullah Shenwari,Mosaddek Hossain,Mohammad Nabi,1,0,1
Afghanistan,15,Mohammad Nabi,Mosaddek Hossain,Samiullah Shenwari,1,0,1
Afghanistan,15,Samiullah Shenwari,Mosaddek Hossain,Mohammad Nabi,0,0,0
Afghanistan,15,Samiullah Shenwari,Mosaddek Hossain,Mohammad Nabi,6,0,6
Afghanistan,15,Samiullah Shenwari,Mosaddek Hossain,Mohammad Nabi,1,0,1
Afghanistan,16,Samiullah Shenwari,Shakib Al Hasan,Mohammad Nabi,1,0,1
Afghanistan,16,Mohammad Nabi,Shakib Al Hasan,Samiullah Shenwari,1,0,1
Afghanistan,16,Samiullah Shenwari,Shakib Al Hasan,Mohammad Nabi,2,0,2
Afghanistan,16,Samiullah Shenwari,Shakib Al Hasan,Mohammad Nabi,0,0,0
Afghanistan,16,Samiullah Shenwari,Shakib Al Hasan,Mohammad Nabi,0,0,0
Afghanistan,16,Samiullah Shenwari,Shakib Al Hasan,Mohammad Nabi,4,0,4
Afghanistan,17,Mohammad Nabi,Mosaddek Hossain,Samiullah Shenwari,1,0,1
Afghanistan,17,Samiullah Shenwari,Mosaddek Hossain,Mohammad Nabi,0,0,0
Afghanistan,17,Samiullah Shenwari,Mosaddek Hossain,Mohammad Nabi,1,0,1
Afghanistan,17,Mohammad Nabi,Mosaddek Hossain,Samiullah Shenwari,1,0,1
Afghanistan,17,Samiullah Shenwari,Mosaddek Hossain,Mohammad Nabi,6,0,6
Afghanistan,17,Samiullah Shenwari,Mosaddek Hossain,Mohammad Nabi,0,0,0
Afghanistan,18,Mohammad Nabi,Rubel Hossain,Shafiqullah,4,0,4
Afghanistan,18,Mohammad Nabi,Rubel Hossain,Shafiqullah,6,0,6
Afghanistan,18,Mohammad Nabi,Rubel Hossain,Shafiqullah,0,0,0
Afghanistan,18,Mohammad Nabi,Rubel Hossain,Shafiqullah,4,0,4
Afghanistan,18,Mohammad Nabi,Rubel Hossain,Shafiqullah,6,0,6
