Team,Over,Batter,Bowler,Non_Striker,Batter_Runs,Extras,Total_Runs
Bangladesh,0,Tamim Iqbal,AR Nurse,Soumya Sarkar,0,0,0
Bangladesh,0,Liton Das,AR Nurse,Soumya Sarkar,4,0,4
Bangladesh,0,Liton Das,AR Nurse,Soumya Sarkar,1,0,1
Bangladesh,0,Soumya Sarkar,AR Nurse,Liton Das,0,0,0
Bangladesh,0,Shakib Al Hasan,AR Nurse,Liton Das,1,0,1
Bangladesh,0,Liton Das,AR Nurse,Shakib Al Hasan,0,0,0
Bangladesh,1,Shakib Al Hasan,AD Russell,Liton Das,1,0,1
Bangladesh,1,Liton Das,AD Russell,Shakib Al Hasan,0,0,0
Bangladesh,1,Liton Das,AD Russell,Shakib Al Hasan,0,0,0
Bangladesh,1,Liton Das,AD Russell,Shakib Al Hasan,0,0,0
Bangladesh,1,Liton Das,AD Russell,Shakib Al Hasan,0,0,0
Bangladesh,1,Liton Das,AD Russell,Shakib Al Hasan,1,0,1
Bangladesh,2,Liton Das,S Badree,Shakib Al Hasan,0,0,0
Bangladesh,2,Liton Das,S Badree,Shakib Al Hasan,0,0,0
Bangladesh,2,Liton Das,S Badree,Shakib Al Hasan,4,0,4
Bangladesh,2,Liton Das,S Badree,Shakib Al Hasan,4,0,4
Bangladesh,2,Liton Das,S Badree,Shakib Al Hasan,0,0,0
Bangladesh,2,Liton Das,S Badree,Shakib Al Hasan,1,0,1
Bangladesh,3,Liton Das,AD Russell,Shakib Al Hasan,0,0,0
Bangladesh,3,Liton Das,AD Russell,Shakib Al Hasan,3,0,3
Bangladesh,3,Shakib Al Hasan,AD Russell,Liton Das,4,0,4
Bangladesh,3,Shakib Al Hasan,AD Russell,Liton Das,0,0,0
Bangladesh,3,Shakib Al Hasan,AD Russell,Liton Das,4,0,4
Bangladesh,3,Shakib Al Hasan,AD Russell,Liton Das,4,0,4
Bangladesh,4,Liton Das,S Badree,Shakib Al Hasan,1,0,1
Bangladesh,4,Shakib Al Hasan,S Badree,Liton Das,4,0,4
Bangladesh,4,Shakib Al Hasan,S Badree,Liton Das,0,0,0
Bangladesh,4,Shakib Al Hasan,S Badree,Liton Das,1,0,1
Bangladesh,4,Liton Das,S Badree,Shakib Al Hasan,2,0,2
Bangladesh,4,Liton Das,S Badree,Shakib Al Hasan,1,0,1
Bangladesh,5,Liton Das,KMA Paul,Shakib Al Hasan,2,0,2
Bangladesh,5,Liton Das,KMA Paul,Shakib Al Hasan,0,0,0
Bangladesh,5,Shakib Al Hasan,KMA Paul,Mushfiqur Rahim,0,0,0
Bangladesh,5,Mahmudullah,KMA Paul,Mushfiqur Rahim,0,0,0
Bangladesh,5,Mahmudullah,KMA Paul,Mushfiqur Rahim,0,0,0
Bangladesh,5,Mahmudullah,KMA Paul,Mushfiqur Rahim,0,0,0
Bangladesh,6,Mushfiqur Rahim,S Badree,Mahmudullah,1,0,1
Bangladesh,6,Mahmudullah,S Badree,Mushfiqur Rahim,1,0,1
Bangladesh,6,Mushfiqur Rahim,S Badree,Mahmudullah,1,0,1
Bangladesh,6,Mahmudullah,S Badree,Mushfiqur Rahim,4,0,4
Bangladesh,6,Mahmudullah,S Badree,Mushfiqur Rahim,4,0,4
Bangladesh,6,Mahmudullah,S Badree,Mushfiqur Rahim,6,0,6
Bangladesh,7,Mushfiqur Rahim,KMA Paul,Mahmudullah,0,1,1
Bangladesh,7,Mushfiqur Rahim,KMA Paul,Mahmudullah,1,0,1
Bangladesh,7,Mahmudullah,KMA Paul,Mushfiqur Rahim,0,0,0
Bangladesh,7,Mahmudullah,KMA Paul,Mushfiqur Rahim,0,1,1
Bangladesh,7,Mahmudullah,KMA Paul,Mushfiqur Rahim,1,0,1
Bangladesh,7,Mushfiqur Rahim,KMA Paul,Mahmudullah,1,0,1
Bangladesh,7,Mahmudullah,KMA Paul,Mushfiqur Rahim,0,1,1
Bangladesh,7,Mahmudullah,KMA Paul,Mushfiqur Rahim,0,0,0
Bangladesh,7,Mahmudullah,KMA Paul,Mushfiqur Rahim,6,0,6
Bangladesh,8,Mushfiqur Rahim,CR Brathwaite,Mahmudullah,1,0,1
Bangladesh,8,Mahmudullah,CR Brathwaite,Mushfiqur Rahim,0,5,5
Bangladesh,8,Mahmudullah,CR Brathwaite,Mushfiqur Rahim,1,0,1
Bangladesh,8,Mushfiqur Rahim,CR Brathwaite,Mahmudullah,2,0,2
Bangladesh,8,Mushfiqur Rahim,CR Brathwaite,Mahmudullah,0,0,0
Bangladesh,8,Mushfiqur Rahim,CR Brathwaite,Mahmudullah,0,0,0
Bangladesh,8,Mushfiqur Rahim,CR Brathwaite,Mahmudullah,4,0,4
Bangladesh,9,Mahmudullah,KOK Williams,Mushfiqur Rahim,1,0,1
Bangladesh,9,Mushfiqur Rahim,KOK Williams,Mahmudullah,4,0,4
Bangladesh,9,Mushfiqur Rahim,KOK Williams,Mahmudullah,0,0,0
Bangladesh,9,Ariful Haque,KOK Williams,Mahmudullah,0,1,1
Bangladesh,9,Mahmudullah,KOK Williams,Ariful Haque,4,0,4
Bangladesh,9,Mahmudullah,KOK Williams,Ariful Haque,0,0,0
Bangladesh,10,Ariful Haque,AD Russell,Mahmudullah,1,0,1
Bangladesh,10,Mahmudullah,AD Russell,Ariful Haque,1,0,1
Bangladesh,10,Ariful Haque,AD Russell,Mahmudullah,1,0,1
Bangladesh,10,Mahmudullah,AD Russell,Ariful Haque,0,0,0
Bangladesh,10,Mahmudullah,AD Russell,Ariful Haque,1,0,1
Bangladesh,10,Ariful Haque,AD Russell,Mahmudullah,1,0,1
Bangladesh,11,Ariful Haque,KOK Williams,Mahmudullah,1,0,1
Bangladesh,11,Mahmudullah,KOK Williams,Ariful Haque,1,0,1
Bangladesh,11,Ariful Haque,KOK Williams,Mahmudullah,2,0,2
Bangladesh,11,Ariful Haque,KOK Williams,Mahmudullah,1,0,1
Bangladesh,11,Mahmudullah,KOK Williams,Ariful Haque,1,0,1
Bangladesh,11,Ariful Haque,KOK Williams,Mahmudullah,1,0,1
Bangladesh,12,Ariful Haque,CR Brathwaite,Mahmudullah,0,0,0
Bangladesh,12,Ariful Haque,CR Brathwaite,Mahmudullah,0,0,0
Bangladesh,12,Ariful Haque,CR Brathwaite,Mahmudullah,0,0,0
Bangladesh,12,Ariful Haque,CR Brathwaite,Mahmudullah,0,0,0
Bangladesh,12,Ariful Haque,CR Brathwaite,Mahmudullah,1,0,1
Bangladesh,12,Mahmudullah,CR Brathwaite,Ariful Haque,0,0,0
Bangladesh,13,Ariful Haque,KMA Paul,Mahmudullah,4,0,4
Bangladesh,13,Ariful Haque,KMA Paul,Mahmudullah,1,0,1
Bangladesh,13,Mahmudullah,KMA Paul,Ariful Haque,1,0,1
Bangladesh,13,Ariful Haque,KMA Paul,Mahmudullah,0,1,1
Bangladesh,13,Ariful Haque,KMA Paul,Mahmudullah,0,0,0
Bangladesh,13,Ariful Haque,KMA Paul,Mahmudullah,1,0,1
Bangladesh,13,Mahmudullah,KMA Paul,Ariful Haque,0,0,0
Bangladesh,14,Ariful Haque,AD Russell,Mahmudullah,0,0,0
Bangladesh,14,Mehedi Hasan Miraz,AD Russell,Mahmudullah,0,0,0
Bangladesh,14,Mehedi Hasan Miraz,AD Russell,Mahmudullah,4,0,4
Bangladesh,14,Mehedi Hasan Miraz,AD Russell,Mahmudullah,0,0,0
Bangladesh,14,Mehedi Hasan Miraz,AD Russell,Mahmudullah,1,0,1
Bangladesh,14,Mahmudullah,AD Russell,Mehedi Hasan Miraz,0,0,0
Bangladesh,15,Mehedi Hasan Miraz,CR Brathwaite,Mahmudullah,0,0,0
Bangladesh,15,Mehedi Hasan Miraz,CR Brathwaite,Mahmudullah,1,0,1
Bangladesh,15,Mahmudullah,CR Brathwaite,Mehedi Hasan Miraz,1,0,1
Bangladesh,15,Mehedi Hasan Miraz,CR Brathwaite,Mahmudullah,1,0,1
Bangladesh,15,Mahmudullah,CR Brathwaite,Mehedi Hasan Miraz,1,0,1
Bangladesh,15,Mehedi Hasan Miraz,CR Brathwaite,Mahmudullah,0,0,0
Bangladesh,16,Mahmudullah,KOK Williams,Mehedi Hasan Miraz,0,0,0
Bangladesh,16,Nazmul Islam,KOK Williams,Mehedi Hasan Miraz,0,0,0
Bangladesh,16,Nazmul Islam,KOK Williams,Mehedi Hasan Miraz,1,0,1
Bangladesh,16,Mehedi Hasan Miraz,KOK Williams,Nazmul Islam,2,0,2
Bangladesh,16,Mehedi Hasan Miraz,KOK Williams,Nazmul Islam,1,0,1
Bangladesh,16,Nazmul Islam,KOK Williams,Mehedi Hasan Miraz,1,0,1
Bangladesh,17,Nazmul Islam,KMA Paul,Mehedi Hasan Miraz,0,0,0
Bangladesh,17,Nazmul Islam,KMA Paul,Mehedi Hasan Miraz,0,0,0
Bangladesh,17,Nazmul Islam,KMA Paul,Mehedi Hasan Miraz,0,0,0
Bangladesh,17,Nazmul Islam,KMA Paul,Mehedi Hasan Miraz,1,0,1
Bangladesh,17,Mehedi Hasan Miraz,KMA Paul,Nazmul Islam,0,0,0
Bangladesh,17,Mehedi Hasan Miraz,KMA Paul,Nazmul Islam,1,0,1
Bangladesh,18,Mehedi Hasan Miraz,KOK Williams,Nazmul Islam,0,0,0
Bangladesh,18,Nazmul Islam,KOK Williams,Rubel Hossain,0,1,1
Bangladesh,18,Nazmul Islam,KOK Williams,Rubel Hossain,4,0,4
Bangladesh,18,Nazmul Islam,KOK Williams,Rubel Hossain,0,0,0
Bangladesh,18,Mustafizur Rahman,KOK Williams,Rubel Hossain,0,0,0
Bangladesh,18,Mustafizur Rahman,KOK Williams,Rubel Hossain,1,0,1
Bangladesh,18,Rubel Hossain,KOK Williams,Mustafizur Rahman,1,0,1
Bangladesh,19,Rubel Hossain,CR Brathwaite,Mustafizur Rahman,0,1,1
Bangladesh,19,Mustafizur Rahman,CR Brathwaite,Rubel Hossain,1,0,1
Bangladesh,19,Rubel Hossain,CR Brathwaite,Mustafizur Rahman,0,0,0
Bangladesh,19,Rubel Hossain,CR Brathwaite,Mustafizur Rahman,1,0,1
Bangladesh,19,Mustafizur Rahman,CR Brathwaite,Rubel Hossain,0,0,0
Bangladesh,19,Mustafizur Rahman,CR Brathwaite,Rubel Hossain,1,0,1
West Indies,0,ADS Fletcher,Mehedi Hasan Miraz,E Lewis,1,0,1
West Indies,0,E Lewis,Mehedi Hasan Miraz,ADS Fletcher,0,0,0
West Indies,0,E Lewis,Mehedi Hasan Miraz,ADS Fletcher,1,0,1
West Indies,0,ADS Fletcher,Mehedi Hasan Miraz,E Lewis,6,0,6
West Indies,0,ADS Fletcher,Mehedi Hasan Miraz,E Lewis,0,1,1
West Indies,0,E Lewis,Mehedi Hasan Miraz,ADS Fletcher,1,0,1
West Indies,1,E Lewis,Mustafizur Rahman,ADS Fletcher,0,0,0
West Indies,1,E Lewis,Mustafizur Rahman,ADS Fletcher,0,0,0
West Indies,1,ADS Fletcher,Mustafizur Rahman,AD Russell,0,0,0
West Indies,1,ADS Fletcher,Mustafizur Rahman,AD Russell,0,0,0
West Indies,1,ADS Fletcher,Mustafizur Rahman,AD Russell,0,0,0
West Indies,1,ADS Fletcher,Mustafizur Rahman,AD Russell,0,0,0
West Indies,2,AD Russell,Shakib Al Hasan,MN Samuels,0,0,0
West Indies,2,AD Russell,Shakib Al Hasan,MN Samuels,1,0,1
West Indies,2,MN Samuels,Shakib Al Hasan,AD Russell,0,0,0
West Indies,2,MN Samuels,Shakib Al Hasan,AD Russell,0,1,1
West Indies,2,MN Samuels,Shakib Al Hasan,AD Russell,4,0,4
West Indies,2,MN Samuels,Shakib Al Hasan,AD Russell,1,0,1
West Indies,2,AD Russell,Shakib Al Hasan,MN Samuels,0,0,0
West Indies,3,MN Samuels,Nazmul Islam,AD Russell,2,0,2
West Indies,3,MN Samuels,Nazmul Islam,AD Russell,0,0,0
West Indies,3,MN Samuels,Nazmul Islam,AD Russell,6,0,6
West Indies,3,MN Samuels,Nazmul Islam,AD Russell,1,0,1
West Indies,3,AD Russell,Nazmul Islam,MN Samuels,0,1,1
West Indies,3,MN Samuels,Nazmul Islam,AD Russell,0,0,0
West Indies,4,AD Russell,Shakib Al Hasan,MN Samuels,6,0,6
West Indies,4,AD Russell,Shakib Al Hasan,MN Samuels,0,0,0
West Indies,4,AD Russell,Shakib Al Hasan,MN Samuels,1,0,1
West Indies,4,MN Samuels,Shakib Al Hasan,AD Russell,6,0,6
West Indies,4,MN Samuels,Shakib Al Hasan,AD Russell,1,0,1
West Indies,4,AD Russell,Shakib Al Hasan,MN Samuels,0,0,0
West Indies,5,MN Samuels,Rubel Hossain,AD Russell,0,5,5
West Indies,5,MN Samuels,Rubel Hossain,AD Russell,4,0,4
West Indies,5,MN Samuels,Rubel Hossain,AD Russell,1,0,1
West Indies,5,AD Russell,Rubel Hossain,MN Samuels,1,0,1
West Indies,5,MN Samuels,Rubel Hossain,AD Russell,0,0,0
West Indies,5,AD Russell,Rubel Hossain,R Powell,1,0,1
West Indies,5,R Powell,Rubel Hossain,AD Russell,0,0,0
West Indies,6,AD Russell,Mustafizur Rahman,R Powell,0,0,0
West Indies,6,AD Russell,Mustafizur Rahman,R Powell,4,0,4
West Indies,6,AD Russell,Mustafizur Rahman,R Powell,6,0,6
West Indies,6,AD Russell,Mustafizur Rahman,R Powell,4,0,4
West Indies,6,AD Russell,Mustafizur Rahman,R Powell,0,0,0
West Indies,6,AD Russell,Mustafizur Rahman,R Powell,4,0,4
West Indies,7,R Powell,Nazmul Islam,AD Russell,1,0,1
West Indies,7,AD Russell,Nazmul Islam,R Powell,0,0,0
West Indies,7,AD Russell,Nazmul Islam,R Powell,1,0,1
West Indies,7,R Powell,Nazmul Islam,AD Russell,6,0,6
West Indies,7,R Powell,Nazmul Islam,AD Russell,1,0,1
West Indies,7,AD Russell,Nazmul Islam,R Powell,6,0,6
West Indies,8,R Powell,Rubel Hossain,AD Russell,0,0,0
West Indies,8,R Powell,Rubel Hossain,AD Russell,0,0,0
West Indies,8,R Powell,Rubel Hossain,AD Russell,0,0,0
West Indies,8,R Powell,Rubel Hossain,AD Russell,1,0,1
West Indies,8,AD Russell,Rubel Hossain,R Powell,0,0,0
West Indies,8,AD Russell,Rubel Hossain,R Powell,0,0,0
West Indies,9,R Powell,Shakib Al Hasan,AD Russell,6,0,6
