Team,Over,Batter,Bowler,Non_Striker,Batter_Runs,Extras,Total_Runs
Scotland,0,SJ Bryce,IMHC Joyce,L Jack,0,0,0
Scotland,0,SJ Bryce,IMHC Joyce,L Jack,0,0,0
Scotland,0,SJ Bryce,IMHC Joyce,L Jack,1,0,1
Scotland,0,L Jack,IMHC Joyce,SJ Bryce,1,0,1
Scotland,0,SJ Bryce,IMHC Joyce,L Jack,0,0,0
Scotland,0,SJ Bryce,IMHC Joyce,L Jack,0,1,1
Scotland,0,SJ Bryce,IMHC Joyce,L Jack,1,0,1
Scotland,1,SJ Bryce,EAJ Richardson,L Jack,0,0,0
Scotland,1,SJ Bryce,EAJ Richardson,L Jack,1,0,1
Scotland,1,L Jack,EAJ Richardson,SJ Bryce,0,0,0
Scotland,1,L Jack,EAJ Richardson,SJ Bryce,0,0,0
Scotland,1,L Jack,EAJ Richardson,SJ Bryce,0,0,0
Scotland,1,L Jack,EAJ Richardson,SJ Bryce,1,0,1
Scotland,2,L Jack,IMHC Joyce,SJ Bryce,0,0,0
Scotland,2,L Jack,IMHC Joyce,SJ Bryce,0,0,0
Scotland,2,L Jack,IMHC Joyce,SJ Bryce,0,0,0
Scotland,2,L Jack,IMHC Joyce,SJ Bryce,2,0,2
Scotland,2,L Jack,IMHC Joyce,SJ Bryce,0,0,0
Scotland,2,L Jack,IMHC Joyce,SJ Bryce,0,0,0
Scotland,3,SJ Bryce,EAJ Richardson,L Jack,0,0,0
Scotland,3,SJ Bryce,EAJ Richardson,L Jack,1,0,1
Scotland,3,L Jack,EAJ Richardson,SJ Bryce,1,0,1
Scotland,3,SJ Bryce,EAJ Richardson,L Jack,1,0,1
Scotland,3,L Jack,EAJ Richardson,SJ Bryce,1,0,1
Scotland,3,SJ Bryce,EAJ Richardson,L Jack,1,0,1
Scotland,4,SJ Bryce,CJ Metcalfe,L Jack,1,0,1
Scotland,4,L Jack,CJ Metcalfe,SJ Bryce,0,0,0
Scotland,4,L Jack,CJ Metcalfe,SJ Bryce,0,0,0
Scotland,4,L Jack,CJ Metcalfe,SJ Bryce,1,0,1
Scotland,4,SJ Bryce,CJ Metcalfe,L Jack,0,0,0
Scotland,4,SJ Bryce,CJ Metcalfe,L Jack,0,0,0
Scotland,5,L Jack,LK O'Reilly,SJ Bryce,0,0,0
Scotland,5,KE Bryce,LK O'Reilly,SJ Bryce,1,0,1
Scotland,5,SJ Bryce,LK O'Reilly,KE Bryce,0,0,0
Scotland,5,SJ Bryce,LK O'Reilly,KE Bryce,0,0,0
Scotland,5,SJ Bryce,LK O'Reilly,KE Bryce,1,0,1
Scotland,5,KE Bryce,LK O'Reilly,SJ Bryce,0,0,0
Scotland,6,SJ Bryce,CJ Metcalfe,KE Bryce,1,0,1
Scotland,6,KE Bryce,CJ Metcalfe,SJ Bryce,1,0,1
Scotland,6,SJ Bryce,CJ Metcalfe,KE Bryce,2,0,2
Scotland,6,SJ Bryce,CJ Metcalfe,KE Bryce,0,0,0
Scotland,6,SJ Bryce,CJ Metcalfe,KE Bryce,2,0,2
Scotland,6,SJ Bryce,CJ Metcalfe,KE Bryce,0,3,3
Scotland,6,SJ Bryce,CJ Metcalfe,KE Bryce,0,0,0
Scotland,7,KE Bryce,L Delany,SJ Bryce,0,0,0
Scotland,7,KE Bryce,L Delany,SJ Bryce,0,0,0
Scotland,7,KE Bryce,L Delany,SJ Bryce,0,0,0
Scotland,7,KE Bryce,L Delany,SJ Bryce,0,0,0
Scotland,7,KE Bryce,L Delany,SJ Bryce,0,0,0
Scotland,7,KE Bryce,L Delany,SJ Bryce,0,0,0
Scotland,8,SJ Bryce,EAJ Richardson,KE Bryce,4,0,4
Scotland,8,SJ Bryce,EAJ Richardson,KE Bryce,4,0,4
Scotland,8,SJ Bryce,EAJ Richardson,KE Bryce,0,0,0
Scotland,8,SJ Bryce,EAJ Richardson,KE Bryce,3,0,3
Scotland,8,KE Bryce,EAJ Richardson,SJ Bryce,0,0,0
Scotland,8,KE Bryce,EAJ Richardson,SJ Bryce,0,0,0
Scotland,9,SJ Bryce,L Delany,KE Bryce,0,0,0
Scotland,9,SJ Bryce,L Delany,KE Bryce,1,0,1
Scotland,9,KE Bryce,L Delany,SJ Bryce,0,0,0
Scotland,9,KE Bryce,L Delany,SJ Bryce,0,0,0
Scotland,9,KE Bryce,L Delany,SJ Bryce,0,0,0
Scotland,9,KE Bryce,L Delany,SJ Bryce,1,0,1
Scotland,10,KE Bryce,KJ Garth,SJ Bryce,0,0,0
Scotland,10,KE Bryce,KJ Garth,SJ Bryce,0,0,0
Scotland,10,KE Bryce,KJ Garth,SJ Bryce,0,0,0
Scotland,10,KE Bryce,KJ Garth,SJ Bryce,0,1,1
Scotland,10,SJ Bryce,KJ Garth,KE Bryce,0,0,0
Scotland,10,SJ Bryce,KJ Garth,KE Bryce,0,4,4
Scotland,11,KE Bryce,LK O'Reilly,SJ Bryce,0,0,0
Scotland,11,KE Bryce,LK O'Reilly,SJ Bryce,0,0,0
Scotland,11,KE Bryce,LK O'Reilly,SJ Bryce,1,0,1
Scotland,11,SJ Bryce,LK O'Reilly,KE Bryce,0,0,0
Scotland,11,SJ Bryce,LK O'Reilly,KE Bryce,1,0,1
Scotland,11,KE Bryce,LK O'Reilly,SJ Bryce,4,0,4
Scotland,12,SJ Bryce,KJ Garth,KE Bryce,2,0,2
Scotland,12,SJ Bryce,KJ Garth,KE Bryce,0,0,0
Scotland,12,SJ Bryce,KJ Garth,KE Bryce,2,0,2
Scotland,12,SJ Bryce,KJ Garth,KE Bryce,1,0,1
Scotland,12,KE Bryce,KJ Garth,SJ Bryce,0,1,1
Scotland,12,KE Bryce,KJ Garth,SJ Bryce,1,0,1
Scotland,12,SJ Bryce,KJ Garth,KE Bryce,0,0,0
Scotland,13,KE Bryce,L Delany,SJ Bryce,1,0,1
Scotland,13,SJ Bryce,L Delany,KE Bryce,2,0,2
Scotland,13,SJ Bryce,L Delany,KE Bryce,1,0,1
Scotland,13,KE Bryce,L Delany,SJ Bryce,2,0,2
Scotland,13,KE Bryce,L Delany,SJ Bryce,0,0,0
Scotland,13,SJ Bryce,L Delany,RV Scholes,1,0,1
Scotland,14,SJ Bryce,CJ Metcalfe,RV Scholes,1,0,1
Scotland,14,RV Scholes,CJ Metcalfe,SJ Bryce,1,0,1
Scotland,14,SJ Bryce,CJ Metcalfe,RV Scholes,1,0,1
Scotland,14,RV Scholes,CJ Metcalfe,SJ Bryce,0,0,0
Scotland,14,RV Scholes,CJ Metcalfe,SJ Bryce,0,1,1
Scotland,14,SJ Bryce,CJ Metcalfe,RV Scholes,1,0,1
Scotland,15,SJ Bryce,LK O'Reilly,RV Scholes,0,1,1
Scotland,15,RV Scholes,LK O'Reilly,SJ Bryce,0,0,0
Scotland,15,RV Scholes,LK O'Reilly,SJ Bryce,1,0,1
Scotland,15,SJ Bryce,LK O'Reilly,RV Scholes,2,0,2
Scotland,15,SJ Bryce,LK O'Reilly,RV Scholes,0,1,1
Scotland,15,SJ Bryce,LK O'Reilly,RV Scholes,1,0,1
Scotland,15,RV Scholes,LK O'Reilly,SJ Bryce,1,0,1
Scotland,16,RV Scholes,IMHC Joyce,SJ Bryce,0,0,0
Scotland,16,RV Scholes,IMHC Joyce,SJ Bryce,2,0,2
Scotland,16,RV Scholes,IMHC Joyce,SJ Bryce,0,0,0
Scotland,16,RV Scholes,IMHC Joyce,SJ Bryce,0,0,0
Scotland,16,RV Scholes,IMHC Joyce,SJ Bryce,0,0,0
Scotland,16,RV Scholes,IMHC Joyce,SJ Bryce,1,0,1
Scotland,17,RV Scholes,L Delany,SJ Bryce,0,0,0
Scotland,17,RV Scholes,L Delany,SJ Bryce,1,0,1
Scotland,17,SJ Bryce,L Delany,RV Scholes,0,0,0
Scotland,17,SJ Bryce,L Delany,RV Scholes,1,0,1
Scotland,17,RV Scholes,L Delany,SJ Bryce,0,0,0
Scotland,17,RV Scholes,L Delany,SJ Bryce,2,0,2
Scotland,18,SJ Bryce,IMHC Joyce,RV Scholes,0,1,1
Scotland,18,SJ Bryce,IMHC Joyce,RV Scholes,2,0,2
Scotland,18,SJ Bryce,IMHC Joyce,RV Scholes,2,0,2
Scotland,18,SJ Bryce,IMHC Joyce,RV Scholes,0,0,0
Scotland,18,SJ Bryce,IMHC Joyce,RV Scholes,1,0,1
Scotland,18,RV Scholes,IMHC Joyce,SJ Bryce,1,0,1
Scotland,18,SJ Bryce,IMHC Joyce,RV Scholes,0,0,0
Scotland,19,RV Scholes,LK O'Reilly,SJ Bryce,1,0,1
Scotland,19,SJ Bryce,LK O'Reilly,RV Scholes,1,0,1
Scotland,19,RV Scholes,LK O'Reilly,SJ Bryce,4,0,4
Scotland,19,RV Scholes,LK O'Reilly,SJ Bryce,1,0,1
Scotland,19,SJ Bryce,LK O'Reilly,RV Scholes,1,0,1
Scotland,19,RV Scholes,LK O'Reilly,SJ Bryce,0,0,0
Ireland,0,CMA Shillington,KE Bryce,CNIM Joyce,0,0,0
Ireland,0,CMA Shillington,KE Bryce,CNIM Joyce,4,0,4
Ireland,0,CMA Shillington,KE Bryce,CNIM Joyce,4,0,4
Ireland,0,CMA Shillington,KE Bryce,CNIM Joyce,0,0,0
Ireland,0,CMA Shillington,KE Bryce,CNIM Joyce,2,0,2
Ireland,0,CMA Shillington,KE Bryce,CNIM Joyce,0,0,0
Ireland,1,CNIM Joyce,RV Scholes,CMA Shillington,0,0,0
Ireland,1,CNIM Joyce,RV Scholes,CMA Shillington,0,0,0
Ireland,1,CNIM Joyce,RV Scholes,CMA Shillington,2,0,2
Ireland,1,CNIM Joyce,RV Scholes,CMA Shillington,0,0,0
Ireland,1,CNIM Joyce,RV Scholes,CMA Shillington,3,0,3
Ireland,1,CMA Shillington,RV Scholes,CNIM Joyce,2,0,2
Ireland,2,CNIM Joyce,KE Bryce,CMA Shillington,0,0,0
Ireland,2,CNIM Joyce,KE Bryce,CMA Shillington,0,0,0
Ireland,2,CNIM Joyce,KE Bryce,CMA Shillington,0,1,1
Ireland,2,CMA Shillington,KE Bryce,CNIM Joyce,0,0,0
Ireland,2,CMA Shillington,KE Bryce,CNIM Joyce,0,0,0
Ireland,2,CMA Shillington,KE Bryce,CNIM Joyce,3,0,3
Ireland,3,CMA Shillington,RV Scholes,CNIM Joyce,1,0,1
Ireland,3,CNIM Joyce,RV Scholes,CMA Shillington,0,0,0
Ireland,3,CNIM Joyce,RV Scholes,CMA Shillington,1,0,1
Ireland,3,CMA Shillington,RV Scholes,CNIM Joyce,1,0,1
Ireland,3,CNIM Joyce,RV Scholes,CMA Shillington,0,0,0
Ireland,3,CNIM Joyce,RV Scholes,CMA Shillington,0,0,0
Ireland,4,CMA Shillington,PA Chatterji,CNIM Joyce,4,0,4
Ireland,4,CMA Shillington,PA Chatterji,CNIM Joyce,1,0,1
Ireland,4,CNIM Joyce,PA Chatterji,CMA Shillington,1,0,1
Ireland,4,CMA Shillington,PA Chatterji,CNIM Joyce,1,0,1
Ireland,4,CNIM Joyce,PA Chatterji,CMA Shillington,1,0,1
Ireland,4,CMA Shillington,PA Chatterji,CNIM Joyce,0,0,0
Ireland,5,CNIM Joyce,K McGill,CMA Shillington,0,0,0
Ireland,5,CNIM Joyce,K McGill,CMA Shillington,0,0,0
Ireland,5,CNIM Joyce,K McGill,CMA Shillington,0,0,0
Ireland,5,CNIM Joyce,K McGill,CMA Shillington,0,0,0
Ireland,5,CNIM Joyce,K McGill,CMA Shillington,4,0,4
Ireland,5,CNIM Joyce,K McGill,CMA Shillington,0,0,0
Ireland,6,CMA Shillington,PA Chatterji,CNIM Joyce,1,0,1
Ireland,6,CNIM Joyce,PA Chatterji,CMA Shillington,1,0,1
Ireland,6,CMA Shillington,PA Chatterji,CNIM Joyce,1,0,1
Ireland,6,CNIM Joyce,PA Chatterji,CMA Shillington,1,0,1
Ireland,6,CMA Shillington,PA Chatterji,CNIM Joyce,0,0,0
Ireland,6,CMA Shillington,PA Chatterji,CNIM Joyce,1,0,1
Ireland,7,CMA Shillington,K McGill,CNIM Joyce,2,0,2
Ireland,7,CMA Shillington,K McGill,CNIM Joyce,0,0,0
Ireland,7,CMA Shillington,K McGill,CNIM Joyce,1,0,1
Ireland,7,CNIM Joyce,K McGill,CMA Shillington,0,0,0
Ireland,7,CNIM Joyce,K McGill,CMA Shillington,0,2,2
Ireland,7,CMA Shillington,K McGill,CNIM Joyce,2,0,2
Ireland,7,CMA Shillington,K McGill,CNIM Joyce,2,0,2
Ireland,8,CNIM Joyce,HRA Rainey,CMA Shillington,0,1,1
Ireland,8,CNIM Joyce,HRA Rainey,CMA Shillington,0,1,1
Ireland,8,CNIM Joyce,HRA Rainey,CMA Shillington,0,0,0
Ireland,8,CNIM Joyce,HRA Rainey,CMA Shillington,0,1,1
Ireland,8,CMA Shillington,HRA Rainey,CNIM Joyce,1,0,1
Ireland,8,CNIM Joyce,HRA Rainey,CMA Shillington,0,0,0
Ireland,8,CNIM Joyce,HRA Rainey,CMA Shillington,0,0,0
Ireland,8,CNIM Joyce,HRA Rainey,CMA Shillington,4,0,4
Ireland,9,CMA Shillington,AH Maqsood,CNIM Joyce,0,1,1
Ireland,9,CMA Shillington,AH Maqsood,CNIM Joyce,0,0,0
Ireland,9,CMA Shillington,AH Maqsood,CNIM Joyce,1,0,1
Ireland,9,CNIM Joyce,AH Maqsood,CMA Shillington,0,0,0
Ireland,9,CNIM Joyce,AH Maqsood,CMA Shillington,1,0,1
Ireland,9,CMA Shillington,AH Maqsood,CNIM Joyce,2,0,2
Ireland,9,CMA Shillington,AH Maqsood,CNIM Joyce,1,0,1
Ireland,10,CMA Shillington,A Aitken,CNIM Joyce,0,1,1
Ireland,10,CMA Shillington,A Aitken,CNIM Joyce,1,0,1
Ireland,10,CNIM Joyce,A Aitken,CMA Shillington,0,0,0
Ireland,10,CNIM Joyce,A Aitken,CMA Shillington,0,1,1
Ireland,10,CNIM Joyce,A Aitken,CMA Shillington,0,0,0
Ireland,10,CNIM Joyce,A Aitken,CMA Shillington,2,0,2
Ireland,10,CNIM Joyce,A Aitken,CMA Shillington,2,0,2
Ireland,10,CNIM Joyce,A Aitken,CMA Shillington,1,0,1
Ireland,11,CNIM Joyce,RV Scholes,CMA Shillington,0,0,0
Ireland,11,CNIM Joyce,RV Scholes,CMA Shillington,0,0,0
Ireland,11,CNIM Joyce,RV Scholes,CMA Shillington,2,0,2
Ireland,11,CNIM Joyce,RV Scholes,CMA Shillington,4,0,4
Ireland,11,CNIM Joyce,RV Scholes,CMA Shillington,0,0,0
Ireland,11,CNIM Joyce,RV Scholes,CMA Shillington,1,0,1
Ireland,12,CNIM Joyce,KE Bryce,CMA Shillington,1,0,1
Ireland,12,CMA Shillington,KE Bryce,CNIM Joyce,0,0,0
Ireland,12,CMA Shillington,KE Bryce,CNIM Joyce,1,0,1
Ireland,12,CNIM Joyce,KE Bryce,CMA Shillington,0,0,0
Ireland,12,CNIM Joyce,KE Bryce,CMA Shillington,1,0,1
Ireland,12,CMA Shillington,KE Bryce,CNIM Joyce,1,0,1
Ireland,13,CMA Shillington,K McGill,CNIM Joyce,1,0,1
Ireland,13,CNIM Joyce,K McGill,CMA Shillington,0,0,0
Ireland,13,CNIM Joyce,K McGill,CMA Shillington,1,0,1
Ireland,13,CMA Shillington,K McGill,CNIM Joyce,4,0,4
Ireland,13,CMA Shillington,K McGill,CNIM Joyce,0,0,0
Ireland,13,CMA Shillington,K McGill,CNIM Joyce,1,0,1
Ireland,14,CMA Shillington,KE Bryce,CNIM Joyce,0,0,0
Ireland,14,GH Lewis,KE Bryce,CNIM Joyce,1,0,1
Ireland,14,CNIM Joyce,KE Bryce,GH Lewis,1,0,1
Ireland,14,GH Lewis,KE Bryce,CNIM Joyce,4,0,4
Ireland,14,GH Lewis,KE Bryce,CNIM Joyce,0,0,0
Ireland,14,GH Lewis,KE Bryce,CNIM Joyce,1,0,1
Ireland,15,GH Lewis,RV Scholes,CNIM Joyce,0,0,0
Ireland,15,GH Lewis,RV Scholes,CNIM Joyce,0,0,0
Ireland,15,GH Lewis,RV Scholes,CNIM Joyce,0,0,0
Ireland,15,GH Lewis,RV Scholes,CNIM Joyce,2,0,2
