Team,Over,Batter,Bowler,Non_Striker,Batter_Runs,Extras,Total_Runs
Netherlands,0,SL Kalis,C Namugenyi,HDJ Siegers,0,0,0
Netherlands,0,SL Kalis,C Namugenyi,HDJ Siegers,1,0,1
Netherlands,0,HDJ Siegers,C Namugenyi,SL Kalis,0,0,0
Netherlands,0,HDJ Siegers,C Namugenyi,SL Kalis,0,1,1
Netherlands,0,HDJ Siegers,C Namugenyi,SL Kalis,0,0,0
Netherlands,0,HDJ Siegers,C Namugenyi,SL Kalis,1,0,1
Netherlands,0,SL Kalis,C Namugenyi,HDJ Siegers,0,0,0
Netherlands,1,HDJ Siegers,C Aweko,SL Kalis,0,0,0
Netherlands,1,HDJ Siegers,C Aweko,SL Kalis,2,0,2
Netherlands,1,HDJ Siegers,C Aweko,SL Kalis,0,0,0
Netherlands,1,HDJ Siegers,C Aweko,SL Kalis,1,0,1
Netherlands,1,SL Kalis,C Aweko,HDJ Siegers,0,0,0
Netherlands,1,SL Kalis,C Aweko,HDJ Siegers,1,0,1
Netherlands,2,SL Kalis,C Namugenyi,HDJ Siegers,1,0,1
Netherlands,2,HDJ Siegers,C Namugenyi,SL Kalis,1,0,1
Netherlands,2,SL Kalis,C Namugenyi,HDJ Siegers,0,0,0
Netherlands,2,SL Kalis,C Namugenyi,HDJ Siegers,2,0,2
Netherlands,2,SL Kalis,C Namugenyi,HDJ Siegers,0,0,0
Netherlands,2,SL Kalis,C Namugenyi,HDJ Siegers,0,0,0
Netherlands,3,HDJ Siegers,C Aweko,SL Kalis,1,0,1
Netherlands,3,SL Kalis,C Aweko,HDJ Siegers,1,0,1
Netherlands,3,HDJ Siegers,C Aweko,SL Kalis,1,0,1
Netherlands,3,SL Kalis,C Aweko,HDJ Siegers,4,0,4
Netherlands,3,SL Kalis,C Aweko,HDJ Siegers,0,0,0
Netherlands,3,SL Kalis,C Aweko,HDJ Siegers,0,0,0
Netherlands,4,HDJ Siegers,C Namugenyi,SL Kalis,0,0,0
Netherlands,4,HDJ Siegers,C Namugenyi,SL Kalis,4,0,4
Netherlands,4,HDJ Siegers,C Namugenyi,SL Kalis,0,0,0
Netherlands,4,HDJ Siegers,C Namugenyi,SL Kalis,0,0,0
Netherlands,4,HDJ Siegers,C Namugenyi,SL Kalis,4,0,4
Netherlands,4,HDJ Siegers,C Namugenyi,SL Kalis,1,0,1
Netherlands,5,HDJ Siegers,C Aweko,SL Kalis,0,0,0
Netherlands,5,HDJ Siegers,C Aweko,SL Kalis,1,0,1
Netherlands,5,SL Kalis,C Aweko,HDJ Siegers,0,0,0
Netherlands,5,SL Kalis,C Aweko,HDJ Siegers,0,0,0
Netherlands,5,SL Kalis,C Aweko,HDJ Siegers,0,0,0
Netherlands,5,SL Kalis,C Aweko,HDJ Siegers,1,0,1
Netherlands,6,SL Kalis,G Candiru,HDJ Siegers,1,0,1
Netherlands,6,HDJ Siegers,G Candiru,SL Kalis,1,0,1
Netherlands,6,SL Kalis,G Candiru,HDJ Siegers,0,0,0
Netherlands,6,SL Kalis,G Candiru,HDJ Siegers,0,0,0
Netherlands,6,SL Kalis,G Candiru,HDJ Siegers,1,0,1
Netherlands,6,HDJ Siegers,G Candiru,SL Kalis,1,0,1
Netherlands,7,HDJ Siegers,C Aweko,SL Kalis,0,0,0
Netherlands,7,HDJ Siegers,C Aweko,SL Kalis,1,0,1
Netherlands,7,SL Kalis,C Aweko,HDJ Siegers,1,0,1
Netherlands,7,HDJ Siegers,C Aweko,SL Kalis,1,0,1
Netherlands,7,SL Kalis,C Aweko,HDJ Siegers,1,0,1
Netherlands,7,HDJ Siegers,C Aweko,SL Kalis,0,0,0
Netherlands,8,SL Kalis,G Candiru,HDJ Siegers,0,0,0
Netherlands,8,SL Kalis,G Candiru,HDJ Siegers,1,0,1
Netherlands,8,HDJ Siegers,G Candiru,SL Kalis,0,0,0
Netherlands,8,HDJ Siegers,G Candiru,SL Kalis,1,0,1
Netherlands,8,SL Kalis,G Candiru,HDJ Siegers,1,0,1
Netherlands,8,HDJ Siegers,G Candiru,SL Kalis,1,0,1
Netherlands,9,HDJ Siegers,S Nampiina,SL Kalis,1,0,1
Netherlands,9,SL Kalis,S Nampiina,HDJ Siegers,1,0,1
Netherlands,9,HDJ Siegers,S Nampiina,SL Kalis,1,0,1
Netherlands,9,SL Kalis,S Nampiina,HDJ Siegers,1,0,1
Netherlands,9,HDJ Siegers,S Nampiina,SL Kalis,2,0,2
Netherlands,9,HDJ Siegers,S Nampiina,SL Kalis,4,0,4
Netherlands,10,SL Kalis,G Candiru,HDJ Siegers,4,0,4
Netherlands,10,SL Kalis,G Candiru,HDJ Siegers,1,0,1
Netherlands,10,HDJ Siegers,G Candiru,SL Kalis,0,0,0
Netherlands,10,HDJ Siegers,G Candiru,SL Kalis,0,0,0
Netherlands,10,HDJ Siegers,G Candiru,SL Kalis,1,0,1
Netherlands,10,SL Kalis,G Candiru,HDJ Siegers,1,0,1
Netherlands,11,SL Kalis,R Musamali,HDJ Siegers,1,0,1
Netherlands,11,HDJ Siegers,R Musamali,SL Kalis,4,0,4
Netherlands,11,HDJ Siegers,R Musamali,SL Kalis,1,0,1
Netherlands,11,SL Kalis,R Musamali,HDJ Siegers,4,0,4
Netherlands,11,SL Kalis,R Musamali,HDJ Siegers,1,0,1
Netherlands,11,HDJ Siegers,R Musamali,SL Kalis,1,0,1
Netherlands,12,HDJ Siegers,G Candiru,SL Kalis,1,0,1
Netherlands,12,SL Kalis,G Candiru,HDJ Siegers,1,0,1
Netherlands,12,HDJ Siegers,G Candiru,SL Kalis,1,0,1
Netherlands,12,SL Kalis,G Candiru,HDJ Siegers,1,0,1
Netherlands,12,HDJ Siegers,G Candiru,SL Kalis,1,0,1
Netherlands,12,SL Kalis,G Candiru,HDJ Siegers,4,0,4
Netherlands,13,HDJ Siegers,R Musamali,SL Kalis,1,0,1
Netherlands,13,SL Kalis,R Musamali,HDJ Siegers,1,0,1
Netherlands,13,HDJ Siegers,R Musamali,SL Kalis,4,0,4
Netherlands,13,HDJ Siegers,R Musamali,SL Kalis,0,0,0
Netherlands,13,D Hannema,R Musamali,SL Kalis,0,0,0
Netherlands,13,D Hannema,R Musamali,SL Kalis,1,0,1
Netherlands,14,D Hannema,I Nakisuuyi,SL Kalis,0,0,0
Netherlands,14,D Hannema,I Nakisuuyi,SL Kalis,1,0,1
Netherlands,14,SL Kalis,I Nakisuuyi,D Hannema,0,1,1
Netherlands,14,SL Kalis,I Nakisuuyi,D Hannema,1,0,1
Netherlands,14,D Hannema,I Nakisuuyi,SL Kalis,1,0,1
Netherlands,14,SL Kalis,I Nakisuuyi,D Hannema,1,0,1
Netherlands,14,D Hannema,I Nakisuuyi,SL Kalis,1,0,1
Netherlands,15,D Hannema,R Musamali,SL Kalis,1,0,1
Netherlands,15,SL Kalis,R Musamali,D Hannema,0,0,0
Netherlands,15,SL Kalis,R Musamali,D Hannema,1,0,1
Netherlands,15,D Hannema,R Musamali,SL Kalis,1,0,1
Netherlands,15,SL Kalis,R Musamali,D Hannema,1,0,1
Netherlands,15,D Hannema,R Musamali,SL Kalis,2,0,2
Netherlands,16,SL Kalis,I Nakisuuyi,D Hannema,1,0,1
Netherlands,16,D Hannema,I Nakisuuyi,SL Kalis,0,0,0
Netherlands,16,D Hannema,I Nakisuuyi,SL Kalis,2,0,2
Netherlands,16,D Hannema,I Nakisuuyi,SL Kalis,0,0,0
Netherlands,16,D Hannema,I Nakisuuyi,SL Kalis,1,0,1
Netherlands,16,SL Kalis,I Nakisuuyi,D Hannema,0,0,0
Netherlands,17,D Hannema,C Namugenyi,SL Kalis,1,0,1
Netherlands,17,SL Kalis,C Namugenyi,D Hannema,0,0,0
Netherlands,17,SL Kalis,C Namugenyi,D Hannema,0,0,0
Netherlands,17,R Rijke,C Namugenyi,D Hannema,0,0,0
Netherlands,17,R Rijke,C Namugenyi,D Hannema,0,1,1
Netherlands,17,R Rijke,C Namugenyi,D Hannema,1,0,1
Netherlands,17,D Hannema,C Namugenyi,R Rijke,1,0,1
Netherlands,18,D Hannema,I Nakisuuyi,R Rijke,0,0,0
Netherlands,18,CC van Slobbe,I Nakisuuyi,R Rijke,0,0,0
Netherlands,18,CC van Slobbe,I Nakisuuyi,R Rijke,1,0,1
Netherlands,18,R Rijke,I Nakisuuyi,CC van Slobbe,0,0,0
Netherlands,18,R Rijke,I Nakisuuyi,CC van Slobbe,1,0,1
Netherlands,18,CC van Slobbe,I Nakisuuyi,R Rijke,1,0,1
Netherlands,19,CC van Slobbe,R Musamali,R Rijke,1,0,1
Netherlands,19,R Rijke,R Musamali,CC van Slobbe,4,0,4
Netherlands,19,R Rijke,R Musamali,CC van Slobbe,1,0,1
Netherlands,19,CC van Slobbe,R Musamali,R Rijke,1,0,1
Netherlands,19,R Rijke,R Musamali,CC van Slobbe,1,0,1
Netherlands,19,CC van Slobbe,R Musamali,R Rijke,1,0,1
Uganda,0,R Ntono,Mariska Kornet,J Mbabazi,0,0,0
Uganda,0,R Ntono,Mariska Kornet,J Mbabazi,4,0,4
Uganda,0,R Ntono,Mariska Kornet,J Mbabazi,1,0,1
Uganda,0,J Mbabazi,Mariska Kornet,R Ntono,0,0,0
Uganda,0,J Mbabazi,Mariska Kornet,R Ntono,4,0,4
Uganda,0,J Mbabazi,Mariska Kornet,R Ntono,0,0,0
Uganda,1,R Ntono,HDJ Siegers,J Mbabazi,0,0,0
Uganda,1,R Ntono,HDJ Siegers,J Mbabazi,0,0,0
Uganda,1,R Ntono,HDJ Siegers,J Mbabazi,0,0,0
Uganda,1,R Ntono,HDJ Siegers,J Mbabazi,0,0,0
Uganda,1,R Ntono,HDJ Siegers,J Mbabazi,0,0,0
Uganda,1,R Ntono,HDJ Siegers,J Mbabazi,0,0,0
Uganda,2,J Mbabazi,Mariska Kornet,R Ntono,0,0,0
Uganda,2,J Mbabazi,Mariska Kornet,R Ntono,1,0,1
Uganda,2,R Ntono,Mariska Kornet,J Mbabazi,0,0,0
Uganda,2,R Ntono,Mariska Kornet,J Mbabazi,1,0,1
Uganda,2,J Mbabazi,Mariska Kornet,R Ntono,0,0,0
Uganda,2,R Ntono,Mariska Kornet,G Candiru,2,0,2
Uganda,3,G Candiru,HDJ Siegers,R Ntono,1,0,1
Uganda,3,R Ntono,HDJ Siegers,G Candiru,0,0,0
Uganda,3,R Ntono,HDJ Siegers,G Candiru,0,0,0
Uganda,3,R Ntono,HDJ Siegers,G Candiru,3,0,3
Uganda,3,G Candiru,HDJ Siegers,R Ntono,0,0,0
Uganda,3,G Candiru,HDJ Siegers,R Ntono,1,0,1
Uganda,4,G Candiru,Mariska Kornet,R Ntono,0,0,0
Uganda,4,G Candiru,Mariska Kornet,R Ntono,1,0,1
Uganda,4,R Ntono,Mariska Kornet,G Candiru,1,0,1
Uganda,4,G Candiru,Mariska Kornet,R Ntono,0,0,0
Uganda,4,G Candiru,Mariska Kornet,R Ntono,0,0,0
Uganda,4,G Candiru,Mariska Kornet,R Ntono,0,0,0
Uganda,5,R Ntono,HDJ Siegers,G Candiru,0,0,0
Uganda,5,R Ntono,HDJ Siegers,G Candiru,0,0,0
Uganda,5,R Ntono,HDJ Siegers,G Candiru,0,0,0
Uganda,5,R Ntono,HDJ Siegers,G Candiru,1,0,1
Uganda,5,G Candiru,HDJ Siegers,R Ntono,1,0,1
Uganda,5,R Ntono,HDJ Siegers,G Candiru,0,0,0
Uganda,6,G Candiru,MEC de Fouw,R Ntono,0,0,0
Uganda,6,G Candiru,MEC de Fouw,R Ntono,0,0,0
Uganda,6,G Candiru,MEC de Fouw,R Ntono,1,0,1
Uganda,6,R Ntono,MEC de Fouw,G Candiru,6,0,6
Uganda,6,R Ntono,MEC de Fouw,G Candiru,0,0,0
Uganda,6,R Ntono,MEC de Fouw,G Candiru,0,0,0
Uganda,7,G Candiru,CC van Slobbe,I Nakisuuyi,0,2,2
Uganda,7,I Nakisuuyi,CC van Slobbe,G Candiru,0,0,0
Uganda,7,I Nakisuuyi,CC van Slobbe,G Candiru,0,0,0
Uganda,7,I Nakisuuyi,CC van Slobbe,G Candiru,0,1,1
Uganda,7,I Nakisuuyi,CC van Slobbe,G Candiru,0,0,0
Uganda,7,I Nakisuuyi,CC van Slobbe,G Candiru,0,0,0
Uganda,7,I Nakisuuyi,CC van Slobbe,G Candiru,0,0,0
Uganda,7,I Nakisuuyi,CC van Slobbe,G Candiru,0,0,0
Uganda,8,G Candiru,MEC de Fouw,I Nakisuuyi,1,0,1
Uganda,8,I Nakisuuyi,MEC de Fouw,G Candiru,1,0,1
Uganda,8,G Candiru,MEC de Fouw,I Nakisuuyi,0,0,0
Uganda,8,G Candiru,MEC de Fouw,I Nakisuuyi,1,0,1
Uganda,8,I Nakisuuyi,MEC de Fouw,G Candiru,0,0,0
Uganda,8,I Nakisuuyi,MEC de Fouw,G Candiru,1,0,1
Uganda,9,I Nakisuuyi,CC van Slobbe,G Candiru,2,0,2
Uganda,9,I Nakisuuyi,CC van Slobbe,G Candiru,1,0,1
Uganda,9,G Candiru,CC van Slobbe,I Nakisuuyi,1,0,1
Uganda,9,I Nakisuuyi,CC van Slobbe,G Candiru,0,1,1
Uganda,9,I Nakisuuyi,CC van Slobbe,G Candiru,4,0,4
Uganda,9,I Nakisuuyi,CC van Slobbe,G Candiru,0,0,0
Uganda,9,I Nakisuuyi,CC van Slobbe,G Candiru,0,0,0
Uganda,10,G Candiru,MEC de Fouw,I Nakisuuyi,0,0,0
Uganda,10,G Candiru,MEC de Fouw,I Nakisuuyi,0,0,0
Uganda,10,G Candiru,MEC de Fouw,I Nakisuuyi,1,0,1
Uganda,10,I Nakisuuyi,MEC de Fouw,G Candiru,1,0,1
Uganda,10,G Candiru,MEC de Fouw,I Nakisuuyi,1,0,1
Uganda,10,I Nakisuuyi,MEC de Fouw,G Candiru,0,0,0
Uganda,11,G Candiru,S Siegers,I Nakisuuyi,0,0,0
Uganda,11,G Candiru,S Siegers,I Nakisuuyi,1,0,1
Uganda,11,I Nakisuuyi,S Siegers,G Candiru,1,0,1
Uganda,11,G Candiru,S Siegers,I Nakisuuyi,1,0,1
Uganda,11,I Nakisuuyi,S Siegers,G Candiru,4,0,4
Uganda,11,I Nakisuuyi,S Siegers,G Candiru,0,3,3
Uganda,11,I Nakisuuyi,S Siegers,G Candiru,1,0,1
Uganda,12,I Nakisuuyi,MEC de Fouw,G Candiru,4,0,4
Uganda,12,I Nakisuuyi,MEC de Fouw,G Candiru,4,0,4
Uganda,12,I Nakisuuyi,MEC de Fouw,G Candiru,0,1,1
Uganda,12,I Nakisuuyi,MEC de Fouw,G Candiru,1,0,1
Uganda,12,G Candiru,MEC de Fouw,I Nakisuuyi,1,0,1
Uganda,12,I Nakisuuyi,MEC de Fouw,G Candiru,0,0,0
Uganda,12,I Nakisuuyi,MEC de Fouw,G Candiru,0,0,0
Uganda,13,G Candiru,EE Corder,I Nakisuuyi,1,0,1
Uganda,13,I Nakisuuyi,EE Corder,G Candiru,1,0,1
Uganda,13,G Candiru,EE Corder,I Nakisuuyi,1,0,1
Uganda,13,I Nakisuuyi,EE Corder,G Candiru,0,0,0
Uganda,13,I Nakisuuyi,EE Corder,G Candiru,1,0,1
Uganda,13,G Candiru,EE Corder,I Nakisuuyi,1,0,1
Uganda,14,G Candiru,CC van Slobbe,I Nakisuuyi,4,0,4
Uganda,14,G Candiru,CC van Slobbe,I Nakisuuyi,1,0,1
Uganda,14,I Nakisuuyi,CC van Slobbe,G Candiru,0,0,0
Uganda,14,G Candiru,CC van Slobbe,F Najjumba,2,0,2
Uganda,14,G Candiru,CC van Slobbe,F Najjumba,1,0,1
Uganda,14,F Najjumba,CC van Slobbe,G Candiru,4,0,4
Uganda,15,G Candiru,EE Corder,F Najjumba,2,0,2
Uganda,15,G Candiru,EE Corder,F Najjumba,0,0,0
Uganda,15,G Candiru,EE Corder,F Najjumba,0,0,0
Uganda,15,G Candiru,EE Corder,F Najjumba,4,0,4
Uganda,15,G Candiru,EE Corder,F Najjumba,1,0,1
Uganda,15,F Najjumba,EE Corder,G Candiru,1,0,1
Uganda,16,F Najjumba,Mariska Kornet,G Candiru,1,0,1
Uganda,16,G Candiru,Mariska Kornet,F Najjumba,4,0,4
Uganda,16,G Candiru,Mariska Kornet,F Najjumba,0,1,1
Uganda,16,G Candiru,Mariska Kornet,F Najjumba,3,0,3
Uganda,16,F Najjumba,Mariska Kornet,G Candiru,0,0,0
Uganda,16,F Najjumba,Mariska Kornet,G Candiru,1,0,1
Uganda,16,G Candiru,Mariska Kornet,F Najjumba,0,0,0
Uganda,17,F Najjumba,EE Corder,G Candiru,0,0,0
Uganda,17,F Najjumba,EE Corder,G Candiru,1,0,1
Uganda,17,G Candiru,EE Corder,F Najjumba,2,0,2
Uganda,17,G Candiru,EE Corder,F Najjumba,2,0,2
Uganda,17,G Candiru,EE Corder,R Musamali,1,0,1
Uganda,17,R Musamali,EE Corder,G Candiru,1,0,1
Uganda,18,R Musamali,CC van Slobbe,G Candiru,2,0,2
Uganda,18,R Musamali,CC van Slobbe,G Candiru,0,0,0
Uganda,18,R Musamali,CC van Slobbe,G Candiru,4,0,4
Uganda,18,R Musamali,CC van Slobbe,G Candiru,0,1,1
