Team,Over,Batter,Bowler,Non_Striker,Batter_Runs,Extras,Total_Runs
Bangladesh,0,Shamima Sultana,IMHC Joyce,Ayasha Rahman,0,1,1
Bangladesh,0,Shamima Sultana,IMHC Joyce,Ayasha Rahman,0,0,0
Bangladesh,0,Shamima Sultana,IMHC Joyce,Ayasha Rahman,4,0,4
Bangladesh,0,Shamima Sultana,IMHC Joyce,Ayasha Rahman,0,0,0
Bangladesh,0,Shamima Sultana,IMHC Joyce,Ayasha Rahman,0,0,0
Bangladesh,0,Shamima Sultana,IMHC Joyce,Ayasha Rahman,0,0,0
Bangladesh,0,Shamima Sultana,IMHC Joyce,Ayasha Rahman,0,0,0
Bangladesh,1,Ayasha Rahman,EAJ Richardson,Shamima Sultana,1,0,1
Bangladesh,1,Shamima Sultana,EAJ Richardson,Ayasha Rahman,2,0,2
Bangladesh,1,Shamima Sultana,EAJ Richardson,Ayasha Rahman,4,0,4
Bangladesh,1,Shamima Sultana,EAJ Richardson,Ayasha Rahman,1,0,1
Bangladesh,1,Ayasha Rahman,EAJ Richardson,Shamima Sultana,0,0,0
Bangladesh,1,Ayasha Rahman,EAJ Richardson,Shamima Sultana,1,0,1
Bangladesh,2,Ayasha Rahman,CJ Metcalfe,Shamima Sultana,0,0,0
Bangladesh,2,Ayasha Rahman,CJ Metcalfe,Shamima Sultana,0,0,0
Bangladesh,2,Ayasha Rahman,CJ Metcalfe,Shamima Sultana,0,1,1
Bangladesh,2,Ayasha Rahman,CJ Metcalfe,Shamima Sultana,0,0,0
Bangladesh,2,Ayasha Rahman,CJ Metcalfe,Shamima Sultana,4,0,4
Bangladesh,2,Ayasha Rahman,CJ Metcalfe,Shamima Sultana,1,0,1
Bangladesh,2,Shamima Sultana,CJ Metcalfe,Ayasha Rahman,1,0,1
Bangladesh,3,Shamima Sultana,LK O'Reilly,Ayasha Rahman,0,1,1
Bangladesh,3,Shamima Sultana,LK O'Reilly,Ayasha Rahman,0,0,0
Bangladesh,3,Shamima Sultana,LK O'Reilly,Ayasha Rahman,0,0,0
Bangladesh,3,Shamima Sultana,LK O'Reilly,Ayasha Rahman,0,0,0
Bangladesh,3,Shamima Sultana,LK O'Reilly,Ayasha Rahman,0,0,0
Bangladesh,3,Shamima Sultana,LK O'Reilly,Ayasha Rahman,0,1,1
Bangladesh,3,Shamima Sultana,LK O'Reilly,Ayasha Rahman,4,0,4
Bangladesh,3,Shamima Sultana,LK O'Reilly,Ayasha Rahman,0,1,1
Bangladesh,3,Shamima Sultana,LK O'Reilly,Ayasha Rahman,0,0,0
Bangladesh,4,Ayasha Rahman,KJ Garth,Fargana Hoque,0,0,0
Bangladesh,4,Ayasha Rahman,KJ Garth,Fargana Hoque,0,0,0
Bangladesh,4,Ayasha Rahman,KJ Garth,Fargana Hoque,0,0,0
Bangladesh,4,Ayasha Rahman,KJ Garth,Fargana Hoque,0,0,0
Bangladesh,4,Ayasha Rahman,KJ Garth,Fargana Hoque,1,0,1
Bangladesh,4,Fargana Hoque,KJ Garth,Ayasha Rahman,0,0,0
Bangladesh,5,Ayasha Rahman,CJ Metcalfe,Fargana Hoque,1,0,1
Bangladesh,5,Fargana Hoque,CJ Metcalfe,Ayasha Rahman,1,0,1
Bangladesh,5,Ayasha Rahman,CJ Metcalfe,Fargana Hoque,0,0,0
Bangladesh,5,Ayasha Rahman,CJ Metcalfe,Fargana Hoque,4,0,4
Bangladesh,5,Ayasha Rahman,CJ Metcalfe,Fargana Hoque,0,0,0
Bangladesh,5,Ayasha Rahman,CJ Metcalfe,Fargana Hoque,1,0,1
Bangladesh,6,Ayasha Rahman,KJ Garth,Fargana Hoque,4,0,4
Bangladesh,6,Ayasha Rahman,KJ Garth,Fargana Hoque,0,0,0
Bangladesh,6,Ayasha Rahman,KJ Garth,Fargana Hoque,2,0,2
Bangladesh,6,Ayasha Rahman,KJ Garth,Fargana Hoque,0,0,0
Bangladesh,6,Ayasha Rahman,KJ Garth,Fargana Hoque,0,0,0
Bangladesh,6,Ayasha Rahman,KJ Garth,Fargana Hoque,0,0,0
Bangladesh,7,Fargana Hoque,L Delany,Ayasha Rahman,1,0,1
Bangladesh,7,Ayasha Rahman,L Delany,Fargana Hoque,0,0,0
Bangladesh,7,Ayasha Rahman,L Delany,Fargana Hoque,0,0,0
Bangladesh,7,Ayasha Rahman,L Delany,Fargana Hoque,6,0,6
Bangladesh,7,Ayasha Rahman,L Delany,Fargana Hoque,0,0,0
Bangladesh,7,Ayasha Rahman,L Delany,Fargana Hoque,0,0,0
Bangladesh,8,Fargana Hoque,IMHC Joyce,Ayasha Rahman,1,0,1
Bangladesh,8,Ayasha Rahman,IMHC Joyce,Fargana Hoque,1,0,1
Bangladesh,8,Fargana Hoque,IMHC Joyce,Ayasha Rahman,1,0,1
Bangladesh,8,Ayasha Rahman,IMHC Joyce,Fargana Hoque,1,0,1
Bangladesh,8,Fargana Hoque,IMHC Joyce,Ayasha Rahman,1,0,1
Bangladesh,8,Ayasha Rahman,IMHC Joyce,Fargana Hoque,6,0,6
Bangladesh,9,Fargana Hoque,L Delany,Ayasha Rahman,0,0,0
Bangladesh,9,Fargana Hoque,L Delany,Ayasha Rahman,1,0,1
Bangladesh,9,Ayasha Rahman,L Delany,Fargana Hoque,0,0,0
Bangladesh,9,Ayasha Rahman,L Delany,Fargana Hoque,1,0,1
Bangladesh,9,Fargana Hoque,L Delany,Ayasha Rahman,1,0,1
Bangladesh,9,Ayasha Rahman,L Delany,Fargana Hoque,0,1,1
Bangladesh,9,Ayasha Rahman,L Delany,Fargana Hoque,0,0,0
Bangladesh,10,Fargana Hoque,EAJ Richardson,Ayasha Rahman,2,0,2
Bangladesh,10,Fargana Hoque,EAJ Richardson,Ayasha Rahman,2,0,2
Bangladesh,10,Fargana Hoque,EAJ Richardson,Ayasha Rahman,1,0,1
Bangladesh,10,Ayasha Rahman,EAJ Richardson,Fargana Hoque,1,0,1
Bangladesh,10,Fargana Hoque,EAJ Richardson,Ayasha Rahman,1,0,1
Bangladesh,10,Ayasha Rahman,EAJ Richardson,Fargana Hoque,0,0,0
Bangladesh,11,Fargana Hoque,LK O'Reilly,Ayasha Rahman,0,1,1
Bangladesh,11,Fargana Hoque,LK O'Reilly,Ayasha Rahman,1,0,1
Bangladesh,11,Ayasha Rahman,LK O'Reilly,Fargana Hoque,1,0,1
Bangladesh,11,Fargana Hoque,LK O'Reilly,Ayasha Rahman,2,0,2
Bangladesh,11,Fargana Hoque,LK O'Reilly,Ayasha Rahman,0,1,1
Bangladesh,11,Fargana Hoque,LK O'Reilly,Ayasha Rahman,1,0,1
Bangladesh,11,Ayasha Rahman,LK O'Reilly,Fargana Hoque,0,1,1
Bangladesh,11,Ayasha Rahman,LK O'Reilly,Fargana Hoque,1,0,1
Bangladesh,11,Fargana Hoque,LK O'Reilly,Ayasha Rahman,0,0,0
Bangladesh,12,Ayasha Rahman,CJ Metcalfe,Nigar Sultana,4,0,4
Bangladesh,12,Ayasha Rahman,CJ Metcalfe,Nigar Sultana,4,0,4
Bangladesh,12,Ayasha Rahman,CJ Metcalfe,Nigar Sultana,0,0,0
Bangladesh,12,Sanjida Islam,CJ Metcalfe,Nigar Sultana,0,0,0
Bangladesh,12,Sanjida Islam,CJ Metcalfe,Nigar Sultana,0,0,0
Bangladesh,12,Rumana Ahmed,CJ Metcalfe,Nigar Sultana,0,0,0
Bangladesh,13,Nigar Sultana,KJ Garth,Rumana Ahmed,1,0,1
Bangladesh,13,Rumana Ahmed,KJ Garth,Nigar Sultana,0,0,0
Bangladesh,13,Rumana Ahmed,KJ Garth,Nigar Sultana,0,0,0
Bangladesh,13,Rumana Ahmed,KJ Garth,Nigar Sultana,1,0,1
Bangladesh,13,Nigar Sultana,KJ Garth,Rumana Ahmed,0,0,0
Bangladesh,13,Nigar Sultana,KJ Garth,Rumana Ahmed,1,0,1
Bangladesh,14,Nigar Sultana,CJ Metcalfe,Rumana Ahmed,0,0,0
Bangladesh,14,Nigar Sultana,CJ Metcalfe,Rumana Ahmed,1,0,1
Bangladesh,14,Rumana Ahmed,CJ Metcalfe,Nigar Sultana,0,0,0
Bangladesh,14,Rumana Ahmed,CJ Metcalfe,Nigar Sultana,0,0,0
Bangladesh,14,Fahima Khatun,CJ Metcalfe,Nigar Sultana,1,0,1
Bangladesh,14,Nigar Sultana,CJ Metcalfe,Fahima Khatun,0,0,0
Bangladesh,15,Fahima Khatun,L Delany,Nigar Sultana,0,0,0
Bangladesh,15,Fahima Khatun,L Delany,Nigar Sultana,0,0,0
Bangladesh,15,Fahima Khatun,L Delany,Nigar Sultana,0,1,1
Bangladesh,15,Nigar Sultana,L Delany,Fahima Khatun,0,1,1
Bangladesh,15,Nigar Sultana,L Delany,Fahima Khatun,2,0,2
Bangladesh,15,Nigar Sultana,L Delany,Fahima Khatun,0,0,0
Bangladesh,15,Nigar Sultana,L Delany,Fahima Khatun,0,0,0
Bangladesh,16,Jahanara Alam,KJ Garth,Fahima Khatun,1,0,1
Bangladesh,16,Fahima Khatun,KJ Garth,Jahanara Alam,0,1,1
Bangladesh,16,Fahima Khatun,KJ Garth,Jahanara Alam,2,0,2
Bangladesh,16,Fahima Khatun,KJ Garth,Jahanara Alam,1,0,1
Bangladesh,16,Jahanara Alam,KJ Garth,Fahima Khatun,1,0,1
Bangladesh,16,Fahima Khatun,KJ Garth,Jahanara Alam,1,0,1
Bangladesh,16,Jahanara Alam,KJ Garth,Fahima Khatun,1,0,1
Bangladesh,17,Jahanara Alam,LK O'Reilly,Fahima Khatun,1,0,1
Bangladesh,17,Fahima Khatun,LK O'Reilly,Jahanara Alam,0,0,0
Bangladesh,17,Fahima Khatun,LK O'Reilly,Jahanara Alam,0,0,0
Bangladesh,17,Salma Khatun,LK O'Reilly,Jahanara Alam,0,0,0
Bangladesh,17,Salma Khatun,LK O'Reilly,Jahanara Alam,1,0,1
Bangladesh,17,Jahanara Alam,LK O'Reilly,Salma Khatun,3,0,3
Bangladesh,18,Jahanara Alam,L Delany,Salma Khatun,0,0,0
Bangladesh,18,Jahanara Alam,L Delany,Salma Khatun,1,0,1
Bangladesh,18,Salma Khatun,L Delany,Jahanara Alam,1,0,1
Bangladesh,18,Jahanara Alam,L Delany,Salma Khatun,1,0,1
Bangladesh,18,Salma Khatun,L Delany,Jahanara Alam,1,0,1
Bangladesh,18,Jahanara Alam,L Delany,Salma Khatun,1,0,1
Bangladesh,19,Jahanara Alam,LK O'Reilly,Salma Khatun,1,0,1
Bangladesh,19,Salma Khatun,LK O'Reilly,Jahanara Alam,4,0,4
Bangladesh,19,Salma Khatun,LK O'Reilly,Jahanara Alam,0,0,0
Bangladesh,19,Panna Ghosh,LK O'Reilly,Jahanara Alam,0,0,0
Bangladesh,19,Nahida Akter,LK O'Reilly,Jahanara Alam,1,0,1
Bangladesh,19,Jahanara Alam,LK O'Reilly,Nahida Akter,1,0,1
Ireland,0,CMA Shillington,Jahanara Alam,CNIM Joyce,0,0,0
Ireland,0,CMA Shillington,Jahanara Alam,CNIM Joyce,0,0,0
Ireland,0,CMA Shillington,Jahanara Alam,CNIM Joyce,0,1,1
Ireland,0,CNIM Joyce,Jahanara Alam,CMA Shillington,0,1,1
Ireland,0,CNIM Joyce,Jahanara Alam,CMA Shillington,0,0,0
Ireland,0,CNIM Joyce,Jahanara Alam,CMA Shillington,0,0,0
Ireland,0,CNIM Joyce,Jahanara Alam,CMA Shillington,0,0,0
Ireland,1,CMA Shillington,Salma Khatun,CNIM Joyce,1,0,1
Ireland,1,CNIM Joyce,Salma Khatun,CMA Shillington,1,0,1
Ireland,1,CMA Shillington,Salma Khatun,CNIM Joyce,2,0,2
Ireland,1,CMA Shillington,Salma Khatun,CNIM Joyce,0,0,0
Ireland,1,CMA Shillington,Salma Khatun,CNIM Joyce,0,0,0
Ireland,1,CMA Shillington,Salma Khatun,CNIM Joyce,1,0,1
Ireland,2,CMA Shillington,Jahanara Alam,CNIM Joyce,1,0,1
Ireland,2,CNIM Joyce,Jahanara Alam,CMA Shillington,0,0,0
Ireland,2,GH Lewis,Jahanara Alam,CMA Shillington,0,0,0
Ireland,2,GH Lewis,Jahanara Alam,CMA Shillington,0,0,0
Ireland,2,GH Lewis,Jahanara Alam,CMA Shillington,0,0,0
Ireland,2,GH Lewis,Jahanara Alam,CMA Shillington,0,1,1
Ireland,2,GH Lewis,Jahanara Alam,CMA Shillington,0,0,0
Ireland,3,CMA Shillington,Salma Khatun,GH Lewis,0,1,1
Ireland,3,GH Lewis,Salma Khatun,CMA Shillington,4,0,4
Ireland,3,GH Lewis,Salma Khatun,CMA Shillington,0,0,0
Ireland,3,GH Lewis,Salma Khatun,CMA Shillington,0,0,0
Ireland,3,GH Lewis,Salma Khatun,CMA Shillington,4,0,4
Ireland,3,GH Lewis,Salma Khatun,CMA Shillington,0,0,0
Ireland,4,CMA Shillington,Jahanara Alam,GH Lewis,4,0,4
Ireland,4,CMA Shillington,Jahanara Alam,GH Lewis,4,0,4
Ireland,4,CMA Shillington,Jahanara Alam,GH Lewis,0,0,0
Ireland,4,CMA Shillington,Jahanara Alam,GH Lewis,1,0,1
Ireland,4,GH Lewis,Jahanara Alam,CMA Shillington,0,0,0
Ireland,4,GH Lewis,Jahanara Alam,CMA Shillington,0,0,0
Ireland,5,CMA Shillington,Panna Ghosh,GH Lewis,0,0,0
Ireland,5,L Delany,Panna Ghosh,GH Lewis,0,0,0
Ireland,5,L Delany,Panna Ghosh,GH Lewis,0,0,0
Ireland,5,L Delany,Panna Ghosh,GH Lewis,0,0,0
Ireland,5,IMHC Joyce,Panna Ghosh,GH Lewis,0,0,0
Ireland,5,IMHC Joyce,Panna Ghosh,GH Lewis,0,0,0
Ireland,6,GH Lewis,Nahida Akter,IMHC Joyce,1,0,1
Ireland,6,IMHC Joyce,Nahida Akter,GH Lewis,0,0,0
Ireland,6,IMHC Joyce,Nahida Akter,GH Lewis,4,0,4
Ireland,6,IMHC Joyce,Nahida Akter,GH Lewis,1,0,1
Ireland,6,GH Lewis,Nahida Akter,IMHC Joyce,0,0,0
Ireland,6,GH Lewis,Nahida Akter,IMHC Joyce,1,0,1
Ireland,7,GH Lewis,Panna Ghosh,IMHC Joyce,0,0,0
Ireland,7,GH Lewis,Panna Ghosh,IMHC Joyce,0,0,0
Ireland,7,GH Lewis,Panna Ghosh,IMHC Joyce,4,0,4
Ireland,7,GH Lewis,Panna Ghosh,IMHC Joyce,4,0,4
Ireland,7,GH Lewis,Panna Ghosh,IMHC Joyce,1,0,1
Ireland,7,IMHC Joyce,Panna Ghosh,GH Lewis,0,0,0
Ireland,8,GH Lewis,Nahida Akter,IMHC Joyce,2,0,2
Ireland,8,GH Lewis,Nahida Akter,IMHC Joyce,0,0,0
Ireland,8,GH Lewis,Nahida Akter,IMHC Joyce,0,0,0
Ireland,8,GH Lewis,Nahida Akter,IMHC Joyce,0,0,0
Ireland,8,GH Lewis,Nahida Akter,IMHC Joyce,1,0,1
Ireland,8,IMHC Joyce,Nahida Akter,GH Lewis,0,0,0
Ireland,9,GH Lewis,Rumana Ahmed,IMHC Joyce,0,0,0
Ireland,9,GH Lewis,Rumana Ahmed,IMHC Joyce,1,0,1
Ireland,9,IMHC Joyce,Rumana Ahmed,GH Lewis,0,0,0
Ireland,9,IMHC Joyce,Rumana Ahmed,GH Lewis,2,0,2
Ireland,9,IMHC Joyce,Rumana Ahmed,GH Lewis,1,0,1
Ireland,9,GH Lewis,Rumana Ahmed,IMHC Joyce,1,0,1
Ireland,10,GH Lewis,Nahida Akter,IMHC Joyce,1,0,1
Ireland,10,IMHC Joyce,Nahida Akter,GH Lewis,0,0,0
Ireland,10,EAJ Richardson,Nahida Akter,GH Lewis,0,0,0
Ireland,10,EAJ Richardson,Nahida Akter,GH Lewis,0,0,0
Ireland,10,EAJ Richardson,Nahida Akter,GH Lewis,1,0,1
Ireland,10,GH Lewis,Nahida Akter,EAJ Richardson,1,0,1
Ireland,11,GH Lewis,Rumana Ahmed,EAJ Richardson,0,0,0
Ireland,11,KJ Garth,Rumana Ahmed,EAJ Richardson,0,0,0
Ireland,11,KJ Garth,Rumana Ahmed,EAJ Richardson,0,0,0
Ireland,11,KJ Garth,Rumana Ahmed,EAJ Richardson,0,0,0
Ireland,11,KJ Garth,Rumana Ahmed,EAJ Richardson,0,0,0
Ireland,11,SM Kavanagh,Rumana Ahmed,EAJ Richardson,0,0,0
Ireland,12,EAJ Richardson,Fahima Khatun,SM Kavanagh,0,1,1
Ireland,12,EAJ Richardson,Fahima Khatun,SM Kavanagh,4,0,4
Ireland,12,EAJ Richardson,Fahima Khatun,SM Kavanagh,4,0,4
Ireland,12,EAJ Richardson,Fahima Khatun,SM Kavanagh,0,1,1
Ireland,12,EAJ Richardson,Fahima Khatun,SM Kavanagh,1,0,1
Ireland,12,SM Kavanagh,Fahima Khatun,EAJ Richardson,1,0,1
Ireland,12,EAJ Richardson,Fahima Khatun,SM Kavanagh,1,0,1
Ireland,12,SM Kavanagh,Fahima Khatun,EAJ Richardson,0,0,0
Ireland,13,EAJ Richardson,Rumana Ahmed,SM Kavanagh,1,0,1
Ireland,13,SM Kavanagh,Rumana Ahmed,EAJ Richardson,1,0,1
Ireland,13,EAJ Richardson,Rumana Ahmed,SM Kavanagh,4,0,4
Ireland,13,EAJ Richardson,Rumana Ahmed,SM Kavanagh,1,0,1
Ireland,13,SM Kavanagh,Rumana Ahmed,EAJ Richardson,2,0,2
Ireland,13,SM Kavanagh,Rumana Ahmed,EAJ Richardson,0,0,0
Ireland,14,EAJ Richardson,Salma Khatun,SM Kavanagh,2,0,2
Ireland,14,EAJ Richardson,Salma Khatun,SM Kavanagh,2,0,2
Ireland,14,EAJ Richardson,Salma Khatun,SM Kavanagh,0,0,0
Ireland,14,EAJ Richardson,Salma Khatun,SM Kavanagh,0,0,0
Ireland,14,EAJ Richardson,Salma Khatun,SM Kavanagh,1,0,1
Ireland,14,SM Kavanagh,Salma Khatun,EAJ Richardson,0,0,0
Ireland,15,EAJ Richardson,Panna Ghosh,SM Kavanagh,0,0,0
Ireland,15,EAJ Richardson,Panna Ghosh,SM Kavanagh,1,0,1
Ireland,15,SM Kavanagh,Panna Ghosh,EAJ Richardson,0,1,1
Ireland,15,EAJ Richardson,Panna Ghosh,SM Kavanagh,0,0,0
Ireland,15,SM Kavanagh,Panna Ghosh,MV Waldron,0,0,0
Ireland,15,SM Kavanagh,Panna Ghosh,MV Waldron,0,0,0
Ireland,16,LK O'Reilly,Salma Khatun,MV Waldron,1,0,1
Ireland,16,MV Waldron,Salma Khatun,LK O'Reilly,1,0,1
Ireland,16,LK O'Reilly,Salma Khatun,MV Waldron,0,0,0
Ireland,16,LK O'Reilly,Salma Khatun,MV Waldron,1,0,1
Ireland,16,MV Waldron,Salma Khatun,LK O'Reilly,2,0,2
Ireland,16,MV Waldron,Salma Khatun,LK O'Reilly,1,0,1
Ireland,17,MV Waldron,Panna Ghosh,LK O'Reilly,4,0,4
Ireland,17,MV Waldron,Panna Ghosh,LK O'Reilly,1,0,1
Ireland,17,LK O'Reilly,Panna Ghosh,MV Waldron,1,0,1
Ireland,17,MV Waldron,Panna Ghosh,LK O'Reilly,0,0,0
Ireland,17,CJ Metcalfe,Panna Ghosh,LK O'Reilly,0,0,0
Ireland,17,CJ Metcalfe,Panna Ghosh,LK O'Reilly,0,0,0
Ireland,18,LK O'Reilly,Nahida Akter,CJ Metcalfe,2,0,2
Ireland,18,LK O'Reilly,Nahida Akter,CJ Metcalfe,0,0,0
Ireland,18,LK O'Reilly,Nahida Akter,CJ Metcalfe,0,0,0
Ireland,18,LK O'Reilly,Nahida Akter,CJ Metcalfe,0,0,0
