Team,Over,Batter,Bowler,Non_Striker,Batter_Runs,Extras,Total_Runs
Uganda,0,R Ntono,IMHC Joyce,P Nakitende,0,0,0
Uganda,0,R Ntono,IMHC Joyce,P Nakitende,2,0,2
Uganda,0,R Ntono,IMHC Joyce,P Nakitende,0,0,0
Uganda,0,R Ntono,IMHC Joyce,P Nakitende,0,0,0
Uganda,0,R Ntono,IMHC Joyce,P Nakitende,0,2,2
Uganda,0,P Nakitende,IMHC Joyce,R Ntono,0,0,0
Uganda,0,P Nakitende,IMHC Joyce,R Ntono,1,0,1
Uganda,1,P Nakitende,EAJ Richardson,R Ntono,0,0,0
Uganda,1,R Musamali,EAJ Richardson,R Ntono,0,0,0
Uganda,1,R Musamali,EAJ Richardson,R Ntono,1,0,1
Uganda,1,R Ntono,EAJ Richardson,R Musamali,0,1,1
Uganda,1,R Ntono,EAJ Richardson,R Musamali,0,0,0
Uganda,1,R Ntono,EAJ Richardson,R Musamali,2,0,2
Uganda,1,R Ntono,EAJ Richardson,R Musamali,1,0,1
Uganda,2,R Ntono,IMHC Joyce,R Musamali,0,0,0
Uganda,2,R Ntono,IMHC Joyce,R Musamali,0,0,0
Uganda,2,G Candiru,IMHC Joyce,R Musamali,0,0,0
Uganda,2,G Candiru,IMHC Joyce,R Musamali,0,1,1
Uganda,2,R Musamali,IMHC Joyce,G Candiru,0,1,1
Uganda,2,R Musamali,IMHC Joyce,G Candiru,0,0,0
Uganda,2,R Musamali,IMHC Joyce,G Candiru,0,1,1
Uganda,2,R Musamali,IMHC Joyce,G Candiru,0,0,0
Uganda,3,G Candiru,EAJ Richardson,R Musamali,0,0,0
Uganda,3,G Candiru,EAJ Richardson,R Musamali,0,0,0
Uganda,3,G Candiru,EAJ Richardson,R Musamali,0,0,0
Uganda,3,G Candiru,EAJ Richardson,R Musamali,0,0,0
Uganda,3,G Candiru,EAJ Richardson,R Musamali,1,0,1
Uganda,3,R Musamali,EAJ Richardson,G Candiru,0,0,0
Uganda,4,G Candiru,CJ Metcalfe,R Musamali,0,0,0
Uganda,4,G Candiru,CJ Metcalfe,R Musamali,0,0,0
Uganda,4,K Awino,CJ Metcalfe,R Musamali,0,0,0
Uganda,4,K Awino,CJ Metcalfe,R Musamali,0,0,0
Uganda,4,K Awino,CJ Metcalfe,R Musamali,0,0,0
Uganda,4,K Awino,CJ Metcalfe,R Musamali,0,0,0
Uganda,5,R Musamali,L Maritz,K Awino,0,0,0
Uganda,5,R Musamali,L Maritz,K Awino,1,0,1
Uganda,5,K Awino,L Maritz,R Musamali,0,0,0
Uganda,5,K Awino,L Maritz,R Musamali,0,1,1
Uganda,5,K Awino,L Maritz,R Musamali,0,1,1
Uganda,5,K Awino,L Maritz,R Musamali,0,0,0
Uganda,5,K Awino,L Maritz,R Musamali,0,0,0
Uganda,5,K Awino,L Maritz,R Musamali,1,0,1
Uganda,6,K Awino,CJ Metcalfe,R Musamali,0,0,0
Uganda,6,K Awino,CJ Metcalfe,R Musamali,0,0,0
Uganda,6,K Awino,CJ Metcalfe,R Musamali,0,0,0
Uganda,6,K Awino,CJ Metcalfe,R Musamali,2,0,2
Uganda,6,K Awino,CJ Metcalfe,R Musamali,0,0,0
Uganda,6,K Awino,CJ Metcalfe,R Musamali,0,0,0
Uganda,7,R Musamali,L Delany,K Awino,0,0,0
Uganda,7,R Musamali,L Delany,K Awino,0,0,0
Uganda,7,R Musamali,L Delany,K Awino,1,0,1
Uganda,7,K Awino,L Delany,R Musamali,0,0,0
Uganda,7,K Awino,L Delany,R Musamali,1,0,1
Uganda,7,R Musamali,L Delany,K Awino,1,0,1
Uganda,8,R Musamali,CJ Metcalfe,K Awino,0,0,0
Uganda,8,R Musamali,CJ Metcalfe,K Awino,1,0,1
Uganda,8,K Awino,CJ Metcalfe,R Musamali,0,0,0
Uganda,8,K Awino,CJ Metcalfe,R Musamali,0,0,0
Uganda,8,I Nakisuuyi,CJ Metcalfe,R Musamali,0,0,0
Uganda,8,I Nakisuuyi,CJ Metcalfe,R Musamali,0,0,0
Uganda,9,R Musamali,L Delany,I Nakisuuyi,0,0,0
Uganda,9,R Musamali,L Delany,I Nakisuuyi,0,0,0
Uganda,9,R Musamali,L Delany,I Nakisuuyi,0,0,0
Uganda,9,R Musamali,L Delany,I Nakisuuyi,1,0,1
Uganda,9,I Nakisuuyi,L Delany,R Musamali,0,0,0
Uganda,9,I Nakisuuyi,L Delany,R Musamali,1,0,1
Uganda,10,I Nakisuuyi,CJ Metcalfe,R Musamali,4,0,4
Uganda,10,I Nakisuuyi,CJ Metcalfe,R Musamali,1,0,1
Uganda,10,R Musamali,CJ Metcalfe,I Nakisuuyi,0,0,0
Uganda,10,R Musamali,CJ Metcalfe,I Nakisuuyi,0,0,0
Uganda,10,S Nampiina,CJ Metcalfe,I Nakisuuyi,0,0,0
Uganda,10,S Nampiina,CJ Metcalfe,I Nakisuuyi,0,0,0
Uganda,11,I Nakisuuyi,KJ Garth,S Nampiina,1,0,1
Uganda,11,S Nampiina,KJ Garth,I Nakisuuyi,0,0,0
Uganda,11,S Nampiina,KJ Garth,I Nakisuuyi,0,0,0
Uganda,11,S Nampiina,KJ Garth,I Nakisuuyi,2,0,2
Uganda,11,S Nampiina,KJ Garth,I Nakisuuyi,2,0,2
Uganda,11,S Nampiina,KJ Garth,I Nakisuuyi,1,0,1
Uganda,12,S Nampiina,EAJ Richardson,I Nakisuuyi,1,0,1
Uganda,12,I Nakisuuyi,EAJ Richardson,S Nampiina,1,0,1
Uganda,12,S Nampiina,EAJ Richardson,I Nakisuuyi,0,0,0
Uganda,12,S Nampiina,EAJ Richardson,I Nakisuuyi,0,0,0
Uganda,12,S Nampiina,EAJ Richardson,I Nakisuuyi,1,0,1
Uganda,12,I Nakisuuyi,EAJ Richardson,S Nampiina,4,0,4
Uganda,13,S Nampiina,KJ Garth,I Nakisuuyi,2,0,2
Uganda,13,S Nampiina,KJ Garth,I Nakisuuyi,0,1,1
Uganda,13,S Nampiina,KJ Garth,I Nakisuuyi,1,0,1
Uganda,13,I Nakisuuyi,KJ Garth,S Nampiina,0,0,0
Uganda,13,F Najjumba,KJ Garth,S Nampiina,0,0,0
Uganda,13,F Najjumba,KJ Garth,S Nampiina,0,0,0
Uganda,13,F Najjumba,KJ Garth,S Nampiina,0,0,0
Uganda,14,S Nampiina,IMHC Joyce,F Najjumba,0,0,0
Uganda,14,S Nampiina,IMHC Joyce,F Najjumba,0,0,0
Uganda,14,S Nampiina,IMHC Joyce,F Najjumba,1,0,1
Uganda,14,F Najjumba,IMHC Joyce,S Nampiina,4,0,4
Uganda,14,F Najjumba,IMHC Joyce,S Nampiina,0,0,0
Uganda,14,F Najjumba,IMHC Joyce,S Nampiina,0,0,0
Uganda,15,S Nampiina,L Delany,F Najjumba,1,0,1
Uganda,15,F Najjumba,L Delany,S Nampiina,1,0,1
Uganda,15,S Nampiina,L Delany,F Najjumba,1,0,1
Uganda,15,F Najjumba,L Delany,S Nampiina,1,0,1
Uganda,15,S Nampiina,L Delany,F Najjumba,0,0,0
Uganda,15,S Nampiina,L Delany,F Najjumba,0,0,0
Uganda,16,F Najjumba,EAJ Richardson,S Nampiina,1,0,1
Uganda,16,S Nampiina,EAJ Richardson,F Najjumba,3,0,3
Uganda,16,F Najjumba,EAJ Richardson,S Nampiina,1,0,1
Uganda,16,S Nampiina,EAJ Richardson,F Najjumba,0,0,0
Uganda,16,F Najjumba,EAJ Richardson,C Namugenyi,1,0,1
Uganda,16,C Namugenyi,EAJ Richardson,F Najjumba,0,0,0
Uganda,17,F Najjumba,L Maritz,C Namugenyi,0,0,0
Uganda,17,F Najjumba,L Maritz,C Namugenyi,0,0,0
Uganda,17,F Najjumba,L Maritz,C Namugenyi,1,0,1
Uganda,17,C Namugenyi,L Maritz,F Najjumba,0,0,0
Uganda,17,JM Apio,L Maritz,F Najjumba,2,0,2
Uganda,17,JM Apio,L Maritz,F Najjumba,1,0,1
Uganda,18,JM Apio,IMHC Joyce,F Najjumba,1,0,1
Uganda,18,F Najjumba,IMHC Joyce,JM Apio,1,0,1
Uganda,18,JM Apio,IMHC Joyce,F Najjumba,2,0,2
Uganda,18,JM Apio,IMHC Joyce,F Najjumba,0,0,0
Uganda,18,JM Apio,IMHC Joyce,F Najjumba,1,0,1
Uganda,18,F Najjumba,IMHC Joyce,JM Apio,1,0,1
Uganda,19,F Najjumba,L Delany,JM Apio,1,0,1
Uganda,19,JM Apio,L Delany,F Najjumba,1,0,1
Uganda,19,F Najjumba,L Delany,JM Apio,1,0,1
Uganda,19,JM Apio,L Delany,F Najjumba,0,0,0
Uganda,19,JM Apio,L Delany,F Najjumba,1,0,1
Uganda,19,F Najjumba,L Delany,JM Apio,1,0,1
Ireland,0,CMA Shillington,C Namugenyi,CNIM Joyce,1,0,1
Ireland,0,CNIM Joyce,C Namugenyi,CMA Shillington,0,0,0
Ireland,0,CNIM Joyce,C Namugenyi,CMA Shillington,0,0,0
Ireland,0,CNIM Joyce,C Namugenyi,CMA Shillington,4,0,4
Ireland,0,CNIM Joyce,C Namugenyi,CMA Shillington,0,0,0
Ireland,0,CNIM Joyce,C Namugenyi,CMA Shillington,0,0,0
Ireland,1,CMA Shillington,C Aweko,CNIM Joyce,0,0,0
Ireland,1,CMA Shillington,C Aweko,CNIM Joyce,0,0,0
Ireland,1,CMA Shillington,C Aweko,CNIM Joyce,4,0,4
Ireland,1,CMA Shillington,C Aweko,CNIM Joyce,1,0,1
Ireland,1,CNIM Joyce,C Aweko,CMA Shillington,0,0,0
Ireland,1,CNIM Joyce,C Aweko,CMA Shillington,1,0,1
Ireland,2,CNIM Joyce,C Namugenyi,CMA Shillington,0,1,1
Ireland,2,CNIM Joyce,C Namugenyi,CMA Shillington,0,0,0
Ireland,2,CNIM Joyce,C Namugenyi,CMA Shillington,4,0,4
Ireland,2,CNIM Joyce,C Namugenyi,CMA Shillington,0,1,1
Ireland,2,CNIM Joyce,C Namugenyi,CMA Shillington,0,0,0
Ireland,2,CNIM Joyce,C Namugenyi,CMA Shillington,1,0,1
Ireland,2,CMA Shillington,C Namugenyi,CNIM Joyce,1,0,1
Ireland,2,CNIM Joyce,C Namugenyi,CMA Shillington,4,0,4
Ireland,3,CMA Shillington,C Aweko,CNIM Joyce,0,0,0
Ireland,3,CMA Shillington,C Aweko,CNIM Joyce,3,0,3
Ireland,3,CNIM Joyce,C Aweko,CMA Shillington,1,0,1
Ireland,3,CMA Shillington,C Aweko,CNIM Joyce,0,0,0
Ireland,3,CMA Shillington,C Aweko,CNIM Joyce,4,0,4
Ireland,3,CMA Shillington,C Aweko,CNIM Joyce,0,0,0
Ireland,4,CNIM Joyce,G Candiru,CMA Shillington,0,0,0
Ireland,4,CNIM Joyce,G Candiru,CMA Shillington,0,0,0
Ireland,4,GH Lewis,G Candiru,CMA Shillington,1,0,1
Ireland,4,CMA Shillington,G Candiru,GH Lewis,1,0,1
Ireland,4,GH Lewis,G Candiru,CMA Shillington,0,0,0
Ireland,4,GH Lewis,G Candiru,CMA Shillington,0,0,0
Ireland,5,CMA Shillington,S Nampiina,GH Lewis,1,0,1
Ireland,5,GH Lewis,S Nampiina,CMA Shillington,0,0,0
Ireland,5,GH Lewis,S Nampiina,CMA Shillington,1,0,1
Ireland,5,CMA Shillington,S Nampiina,GH Lewis,2,0,2
Ireland,5,CMA Shillington,S Nampiina,GH Lewis,0,0,0
Ireland,5,CMA Shillington,S Nampiina,GH Lewis,4,0,4
Ireland,6,GH Lewis,G Candiru,CMA Shillington,1,0,1
Ireland,6,CMA Shillington,G Candiru,GH Lewis,1,0,1
Ireland,6,GH Lewis,G Candiru,CMA Shillington,0,0,0
Ireland,6,GH Lewis,G Candiru,CMA Shillington,1,0,1
Ireland,6,CMA Shillington,G Candiru,GH Lewis,2,0,2
Ireland,6,CMA Shillington,G Candiru,GH Lewis,2,0,2
Ireland,7,GH Lewis,R Musamali,CMA Shillington,4,0,4
Ireland,7,GH Lewis,R Musamali,CMA Shillington,1,0,1
Ireland,7,CMA Shillington,R Musamali,GH Lewis,0,0,0
Ireland,7,CMA Shillington,R Musamali,GH Lewis,0,0,0
Ireland,7,L Delany,R Musamali,GH Lewis,0,0,0
Ireland,7,L Delany,R Musamali,GH Lewis,0,0,0
Ireland,8,GH Lewis,G Candiru,L Delany,2,0,2
Ireland,8,GH Lewis,G Candiru,L Delany,0,0,0
Ireland,8,GH Lewis,G Candiru,L Delany,0,0,0
Ireland,8,GH Lewis,G Candiru,L Delany,0,0,0
Ireland,8,GH Lewis,G Candiru,L Delany,1,0,1
Ireland,8,L Delany,G Candiru,GH Lewis,1,0,1
Ireland,9,L Delany,R Musamali,GH Lewis,1,0,1
Ireland,9,GH Lewis,R Musamali,L Delany,2,0,2
Ireland,9,GH Lewis,R Musamali,L Delany,0,0,0
Ireland,9,GH Lewis,R Musamali,L Delany,1,0,1
Ireland,9,L Delany,R Musamali,GH Lewis,2,0,2
Ireland,9,L Delany,R Musamali,GH Lewis,1,0,1
Ireland,10,L Delany,G Candiru,GH Lewis,0,0,0
Ireland,10,L Delany,G Candiru,GH Lewis,0,0,0
Ireland,10,L Delany,G Candiru,GH Lewis,1,0,1
Ireland,10,GH Lewis,G Candiru,L Delany,2,1,3
Ireland,10,GH Lewis,G Candiru,L Delany,0,0,0
Ireland,10,GH Lewis,G Candiru,L Delany,1,0,1
Ireland,10,L Delany,G Candiru,GH Lewis,1,0,1
Ireland,11,L Delany,JM Apio,GH Lewis,2,0,2
Ireland,11,L Delany,JM Apio,GH Lewis,2,0,2
Ireland,11,L Delany,JM Apio,GH Lewis,0,2,2
Ireland,11,L Delany,JM Apio,GH Lewis,0,0,0
Ireland,11,L Delany,JM Apio,GH Lewis,1,0,1
Ireland,11,GH Lewis,JM Apio,L Delany,0,1,1
Ireland,11,GH Lewis,JM Apio,L Delany,0,0,0
Ireland,12,L Delany,I Nakisuuyi,GH Lewis,1,0,1
