Team,Over,Batter,Bowler,Non_Striker,Batter_Runs,Extras,Total_Runs
Pakistan,0,Nahida Khan,KDU Prabodhani,Muneeba Ali,0,0,0
Pakistan,0,Nahida Khan,KDU Prabodhani,Muneeba Ali,0,0,0
Pakistan,0,Nahida Khan,KDU Prabodhani,Muneeba Ali,1,0,1
Pakistan,0,Muneeba Ali,KDU Prabodhani,Nahida Khan,0,0,0
Pakistan,0,Muneeba Ali,KDU Prabodhani,Nahida Khan,1,0,1
Pakistan,0,Nahida Khan,KDU Prabodhani,Muneeba Ali,0,0,0
Pakistan,1,Muneeba Ali,BMSM Kumari,Nahida Khan,0,0,0
Pakistan,1,Muneeba Ali,BMSM Kumari,Nahida Khan,0,0,0
Pakistan,1,Muneeba Ali,BMSM Kumari,Nahida Khan,1,0,1
Pakistan,1,Nahida Khan,BMSM Kumari,Muneeba Ali,0,0,0
Pakistan,1,Nahida Khan,BMSM Kumari,Muneeba Ali,1,0,1
Pakistan,1,Muneeba Ali,BMSM Kumari,Nahida Khan,0,0,0
Pakistan,2,Nahida Khan,KDU Prabodhani,Muneeba Ali,0,4,4
Pakistan,2,Nahida Khan,KDU Prabodhani,Muneeba Ali,0,0,0
Pakistan,2,Nahida Khan,KDU Prabodhani,Muneeba Ali,1,0,1
Pakistan,2,Muneeba Ali,KDU Prabodhani,Nahida Khan,1,0,1
Pakistan,2,Nahida Khan,KDU Prabodhani,Muneeba Ali,1,0,1
Pakistan,2,Muneeba Ali,KDU Prabodhani,Nahida Khan,0,1,1
Pakistan,2,Muneeba Ali,KDU Prabodhani,Nahida Khan,0,0,0
Pakistan,3,Nahida Khan,BMSM Kumari,Muneeba Ali,1,0,1
Pakistan,3,Muneeba Ali,BMSM Kumari,Nahida Khan,0,1,1
Pakistan,3,Muneeba Ali,BMSM Kumari,Nahida Khan,0,0,0
Pakistan,3,Muneeba Ali,BMSM Kumari,Nahida Khan,0,0,0
Pakistan,3,Muneeba Ali,BMSM Kumari,Nahida Khan,1,0,1
Pakistan,3,Nahida Khan,BMSM Kumari,Muneeba Ali,0,0,0
Pakistan,3,Nahida Khan,BMSM Kumari,Muneeba Ali,0,0,0
Pakistan,4,Muneeba Ali,OU Ranasinghe,Nahida Khan,0,0,0
Pakistan,4,Muneeba Ali,OU Ranasinghe,Nahida Khan,0,0,0
Pakistan,4,Muneeba Ali,OU Ranasinghe,Nahida Khan,0,0,0
Pakistan,4,Muneeba Ali,OU Ranasinghe,Nahida Khan,0,0,0
Pakistan,4,Muneeba Ali,OU Ranasinghe,Nahida Khan,0,0,0
Pakistan,4,Muneeba Ali,OU Ranasinghe,Nahida Khan,1,0,1
Pakistan,5,Muneeba Ali,BMSM Kumari,Nahida Khan,0,0,0
Pakistan,5,Bismah Maroof,BMSM Kumari,Nahida Khan,1,0,1
Pakistan,5,Nahida Khan,BMSM Kumari,Bismah Maroof,1,0,1
Pakistan,5,Bismah Maroof,BMSM Kumari,Nahida Khan,1,0,1
Pakistan,5,Nahida Khan,BMSM Kumari,Bismah Maroof,1,0,1
Pakistan,5,Bismah Maroof,BMSM Kumari,Nahida Khan,4,0,4
Pakistan,6,Nahida Khan,OU Ranasinghe,Bismah Maroof,4,0,4
Pakistan,6,Nahida Khan,OU Ranasinghe,Bismah Maroof,0,0,0
Pakistan,6,Nahida Khan,OU Ranasinghe,Bismah Maroof,2,0,2
Pakistan,6,Nahida Khan,OU Ranasinghe,Bismah Maroof,4,0,4
Pakistan,6,Nahida Khan,OU Ranasinghe,Bismah Maroof,0,0,0
Pakistan,6,Nahida Khan,OU Ranasinghe,Bismah Maroof,1,0,1
Pakistan,7,Nahida Khan,HASD Siriwardene,Bismah Maroof,0,0,0
Pakistan,7,Nahida Khan,HASD Siriwardene,Bismah Maroof,2,0,2
Pakistan,7,Nahida Khan,HASD Siriwardene,Bismah Maroof,1,0,1
Pakistan,7,Bismah Maroof,HASD Siriwardene,Nahida Khan,0,0,0
Pakistan,7,Bismah Maroof,HASD Siriwardene,Nahida Khan,1,0,1
Pakistan,7,Nahida Khan,HASD Siriwardene,Bismah Maroof,4,0,4
Pakistan,8,Bismah Maroof,I Ranaweera,Nahida Khan,0,0,0
Pakistan,8,Bismah Maroof,I Ranaweera,Nahida Khan,1,0,1
Pakistan,8,Nahida Khan,I Ranaweera,Bismah Maroof,1,0,1
Pakistan,8,Bismah Maroof,I Ranaweera,Nahida Khan,1,0,1
Pakistan,8,Nahida Khan,I Ranaweera,Bismah Maroof,1,0,1
Pakistan,8,Bismah Maroof,I Ranaweera,Nahida Khan,1,0,1
Pakistan,9,Bismah Maroof,HASD Siriwardene,Nahida Khan,1,0,1
Pakistan,9,Nahida Khan,HASD Siriwardene,Bismah Maroof,2,0,2
Pakistan,9,Nahida Khan,HASD Siriwardene,Bismah Maroof,1,0,1
Pakistan,9,Bismah Maroof,HASD Siriwardene,Nahida Khan,0,0,0
Pakistan,9,Bismah Maroof,HASD Siriwardene,Nahida Khan,0,0,0
Pakistan,9,Bismah Maroof,HASD Siriwardene,Nahida Khan,1,0,1
Pakistan,10,Bismah Maroof,I Ranaweera,Nahida Khan,1,0,1
Pakistan,10,Nahida Khan,I Ranaweera,Bismah Maroof,1,0,1
Pakistan,10,Bismah Maroof,I Ranaweera,Nahida Khan,4,0,4
Pakistan,10,Bismah Maroof,I Ranaweera,Nahida Khan,1,0,1
Pakistan,10,Nahida Khan,I Ranaweera,Bismah Maroof,1,0,1
Pakistan,10,Bismah Maroof,I Ranaweera,Nahida Khan,2,0,2
Pakistan,11,Nahida Khan,NND de Silva,Bismah Maroof,6,0,6
Pakistan,11,Nahida Khan,NND de Silva,Bismah Maroof,0,1,1
Pakistan,11,Bismah Maroof,NND de Silva,Nahida Khan,4,0,4
Pakistan,11,Bismah Maroof,NND de Silva,Nahida Khan,0,1,1
Pakistan,11,Bismah Maroof,NND de Silva,Nahida Khan,1,0,1
Pakistan,11,Nahida Khan,NND de Silva,Bismah Maroof,0,0,0
Pakistan,11,Javeria Khan,NND de Silva,Bismah Maroof,1,0,1
Pakistan,12,Javeria Khan,I Ranaweera,Bismah Maroof,0,0,0
Pakistan,12,Javeria Khan,I Ranaweera,Bismah Maroof,1,0,1
Pakistan,12,Bismah Maroof,I Ranaweera,Javeria Khan,0,1,1
Pakistan,12,Bismah Maroof,I Ranaweera,Javeria Khan,1,0,1
Pakistan,12,Javeria Khan,I Ranaweera,Bismah Maroof,1,0,1
Pakistan,12,Bismah Maroof,I Ranaweera,Javeria Khan,0,0,0
Pakistan,12,Bismah Maroof,I Ranaweera,Javeria Khan,2,0,2
Pakistan,13,Javeria Khan,HASD Siriwardene,Bismah Maroof,0,0,0
Pakistan,13,Javeria Khan,HASD Siriwardene,Bismah Maroof,2,0,2
Pakistan,13,Javeria Khan,HASD Siriwardene,Bismah Maroof,1,0,1
Pakistan,13,Bismah Maroof,HASD Siriwardene,Javeria Khan,1,0,1
Pakistan,13,Javeria Khan,HASD Siriwardene,Bismah Maroof,1,0,1
Pakistan,13,Bismah Maroof,HASD Siriwardene,Javeria Khan,2,0,2
Pakistan,14,Javeria Khan,OU Ranasinghe,Bismah Maroof,1,0,1
Pakistan,14,Bismah Maroof,OU Ranasinghe,Javeria Khan,1,0,1
Pakistan,14,Javeria Khan,OU Ranasinghe,Bismah Maroof,1,0,1
Pakistan,14,Bismah Maroof,OU Ranasinghe,Javeria Khan,1,0,1
Pakistan,14,Javeria Khan,OU Ranasinghe,Bismah Maroof,1,0,1
Pakistan,14,Bismah Maroof,OU Ranasinghe,Javeria Khan,4,0,4
Pakistan,15,Javeria Khan,HASD Siriwardene,Bismah Maroof,1,0,1
Pakistan,15,Bismah Maroof,HASD Siriwardene,Javeria Khan,1,0,1
Pakistan,15,Javeria Khan,HASD Siriwardene,Bismah Maroof,1,0,1
Pakistan,15,Bismah Maroof,HASD Siriwardene,Javeria Khan,4,0,4
Pakistan,15,Bismah Maroof,HASD Siriwardene,Javeria Khan,4,0,4
Pakistan,15,Bismah Maroof,HASD Siriwardene,Javeria Khan,4,0,4
Pakistan,16,Javeria Khan,I Ranaweera,Bismah Maroof,1,0,1
Pakistan,16,Bismah Maroof,I Ranaweera,Javeria Khan,1,0,1
Pakistan,16,Javeria Khan,I Ranaweera,Bismah Maroof,0,0,0
Pakistan,16,Nida Dar,I Ranaweera,Bismah Maroof,1,0,1
Pakistan,16,Bismah Maroof,I Ranaweera,Nida Dar,2,0,2
Pakistan,16,Bismah Maroof,I Ranaweera,Nida Dar,1,0,1
Pakistan,17,Bismah Maroof,KDU Prabodhani,Nida Dar,2,0,2
Pakistan,17,Bismah Maroof,KDU Prabodhani,Nida Dar,0,0,0
Pakistan,17,Bismah Maroof,KDU Prabodhani,Nida Dar,1,0,1
Pakistan,17,Nida Dar,KDU Prabodhani,Bismah Maroof,1,0,1
Pakistan,17,Bismah Maroof,KDU Prabodhani,Nida Dar,1,0,1
Pakistan,17,Nida Dar,KDU Prabodhani,Bismah Maroof,1,0,1
Pakistan,18,Nida Dar,BMSM Kumari,Bismah Maroof,0,0,0
Pakistan,18,Nain Abidi,BMSM Kumari,Bismah Maroof,1,0,1
Pakistan,18,Bismah Maroof,BMSM Kumari,Nain Abidi,1,0,1
Pakistan,18,Nain Abidi,BMSM Kumari,Bismah Maroof,1,0,1
Pakistan,18,Bismah Maroof,BMSM Kumari,Nain Abidi,1,0,1
Pakistan,18,Nain Abidi,BMSM Kumari,Bismah Maroof,1,0,1
Pakistan,19,Nain Abidi,KDU Prabodhani,Bismah Maroof,2,0,2
Pakistan,19,Nain Abidi,KDU Prabodhani,Bismah Maroof,0,0,0
Pakistan,19,Nain Abidi,KDU Prabodhani,Bismah Maroof,1,0,1
Pakistan,19,Bismah Maroof,KDU Prabodhani,Nain Abidi,0,1,1
Pakistan,19,Nain Abidi,KDU Prabodhani,Bismah Maroof,0,0,0
Pakistan,19,Nain Abidi,KDU Prabodhani,Bismah Maroof,1,0,1
Sri Lanka,0,BYA Mendis,Anam Amin,MDN Hansika,0,0,0
Sri Lanka,0,BYA Mendis,Anam Amin,MDN Hansika,1,0,1
Sri Lanka,0,MDN Hansika,Anam Amin,BYA Mendis,4,0,4
Sri Lanka,0,MDN Hansika,Anam Amin,BYA Mendis,0,0,0
Sri Lanka,0,MDN Hansika,Anam Amin,BYA Mendis,1,0,1
Sri Lanka,0,BYA Mendis,Anam Amin,MDN Hansika,0,0,0
Sri Lanka,1,MDN Hansika,Diana Baig,BYA Mendis,0,0,0
Sri Lanka,1,MDN Hansika,Diana Baig,BYA Mendis,1,0,1
Sri Lanka,1,BYA Mendis,Diana Baig,MDN Hansika,4,0,4
Sri Lanka,1,BYA Mendis,Diana Baig,MDN Hansika,1,0,1
Sri Lanka,1,MDN Hansika,Diana Baig,BYA Mendis,0,0,0
Sri Lanka,1,MDN Hansika,Diana Baig,BYA Mendis,0,0,0
Sri Lanka,2,BYA Mendis,Anam Amin,MDN Hansika,0,0,0
Sri Lanka,2,BYA Mendis,Anam Amin,MDN Hansika,0,0,0
Sri Lanka,2,BYA Mendis,Anam Amin,MDN Hansika,0,0,0
Sri Lanka,2,BYA Mendis,Anam Amin,MDN Hansika,0,0,0
Sri Lanka,2,BYA Mendis,Anam Amin,MDN Hansika,0,0,0
Sri Lanka,2,BYA Mendis,Anam Amin,MDN Hansika,0,0,0
Sri Lanka,3,MDN Hansika,Diana Baig,BYA Mendis,0,1,1
Sri Lanka,3,MDN Hansika,Diana Baig,BYA Mendis,0,0,0
Sri Lanka,3,MDN Hansika,Diana Baig,BYA Mendis,1,0,1
Sri Lanka,3,BYA Mendis,Diana Baig,MDN Hansika,1,0,1
Sri Lanka,3,MDN Hansika,Diana Baig,BYA Mendis,1,0,1
Sri Lanka,3,BYA Mendis,Diana Baig,MDN Hansika,4,0,4
Sri Lanka,3,BYA Mendis,Diana Baig,MDN Hansika,0,0,0
Sri Lanka,4,MDN Hansika,Anam Amin,BYA Mendis,0,0,0
Sri Lanka,4,MDN Hansika,Anam Amin,BYA Mendis,1,0,1
Sri Lanka,4,BYA Mendis,Anam Amin,MDN Hansika,0,0,0
Sri Lanka,4,BYA Mendis,Anam Amin,MDN Hansika,0,0,0
Sri Lanka,4,BYA Mendis,Anam Amin,MDN Hansika,4,0,4
Sri Lanka,4,BYA Mendis,Anam Amin,MDN Hansika,0,0,0
Sri Lanka,5,MDN Hansika,Sana Mir,BYA Mendis,0,0,0
Sri Lanka,5,MDN Hansika,Sana Mir,BYA Mendis,1,0,1
Sri Lanka,5,BYA Mendis,Sana Mir,MDN Hansika,4,0,4
Sri Lanka,5,BYA Mendis,Sana Mir,MDN Hansika,0,0,0
Sri Lanka,5,BYA Mendis,Sana Mir,MDN Hansika,0,1,1
Sri Lanka,5,MDN Hansika,Sana Mir,BYA Mendis,4,0,4
Sri Lanka,6,BYA Mendis,Nashra Sandhu,MDN Hansika,1,0,1
Sri Lanka,6,MDN Hansika,Nashra Sandhu,BYA Mendis,3,0,3
Sri Lanka,6,BYA Mendis,Nashra Sandhu,MDN Hansika,0,0,0
Sri Lanka,6,BYA Mendis,Nashra Sandhu,MDN Hansika,0,0,0
Sri Lanka,6,BYA Mendis,Nashra Sandhu,MDN Hansika,1,0,1
Sri Lanka,6,MDN Hansika,Nashra Sandhu,BYA Mendis,1,0,1
Sri Lanka,7,MDN Hansika,Nida Dar,BYA Mendis,2,0,2
Sri Lanka,7,MDN Hansika,Nida Dar,BYA Mendis,1,0,1
Sri Lanka,7,BYA Mendis,Nida Dar,MDN Hansika,0,0,0
Sri Lanka,7,BYA Mendis,Nida Dar,MDN Hansika,0,0,0
Sri Lanka,7,BYA Mendis,Nida Dar,MDN Hansika,4,0,4
Sri Lanka,7,BYA Mendis,Nida Dar,MDN Hansika,0,0,0
Sri Lanka,8,MAA Sanjeewani,Nashra Sandhu,MDN Hansika,0,0,0
Sri Lanka,8,MAA Sanjeewani,Nashra Sandhu,MDN Hansika,1,0,1
Sri Lanka,8,MDN Hansika,Nashra Sandhu,MAA Sanjeewani,2,0,2
Sri Lanka,8,MDN Hansika,Nashra Sandhu,MAA Sanjeewani,1,0,1
Sri Lanka,8,MAA Sanjeewani,Nashra Sandhu,MDN Hansika,2,0,2
Sri Lanka,8,MAA Sanjeewani,Nashra Sandhu,MDN Hansika,1,0,1
Sri Lanka,9,MAA Sanjeewani,Nida Dar,MDN Hansika,1,0,1
Sri Lanka,9,MDN Hansika,Nida Dar,MAA Sanjeewani,0,0,0
Sri Lanka,9,GWHM Perera,Nida Dar,MAA Sanjeewani,1,0,1
Sri Lanka,9,MAA Sanjeewani,Nida Dar,GWHM Perera,1,0,1
Sri Lanka,9,GWHM Perera,Nida Dar,MAA Sanjeewani,0,0,0
Sri Lanka,9,GWHM Perera,Nida Dar,MAA Sanjeewani,0,0,0
Sri Lanka,10,MAA Sanjeewani,Sana Mir,GWHM Perera,1,0,1
Sri Lanka,10,GWHM Perera,Sana Mir,MAA Sanjeewani,0,0,0
Sri Lanka,10,GWHM Perera,Sana Mir,MAA Sanjeewani,0,0,0
Sri Lanka,10,GWHM Perera,Sana Mir,MAA Sanjeewani,1,0,1
Sri Lanka,10,MAA Sanjeewani,Sana Mir,GWHM Perera,1,0,1
Sri Lanka,10,GWHM Perera,Sana Mir,MAA Sanjeewani,1,0,1
Sri Lanka,11,GWHM Perera,Nida Dar,MAA Sanjeewani,1,0,1
Sri Lanka,11,MAA Sanjeewani,Nida Dar,GWHM Perera,1,0,1
Sri Lanka,11,GWHM Perera,Nida Dar,MAA Sanjeewani,0,0,0
Sri Lanka,11,GWHM Perera,Nida Dar,MAA Sanjeewani,1,0,1
Sri Lanka,11,MAA Sanjeewani,Nida Dar,GWHM Perera,2,0,2
Sri Lanka,11,MAA Sanjeewani,Nida Dar,GWHM Perera,0,0,0
Sri Lanka,12,GWHM Perera,Sana Mir,RS Vandort,3,0,3
Sri Lanka,12,RS Vandort,Sana Mir,GWHM Perera,1,0,1
Sri Lanka,12,GWHM Perera,Sana Mir,RS Vandort,0,0,0
Sri Lanka,12,RS Vandort,Sana Mir,OU Ranasinghe,0,0,0
Sri Lanka,12,RS Vandort,Sana Mir,OU Ranasinghe,1,0,1
Sri Lanka,12,OU Ranasinghe,Sana Mir,RS Vandort,1,0,1
Sri Lanka,13,OU Ranasinghe,Bismah Maroof,RS Vandort,0,0,0
Sri Lanka,13,OU Ranasinghe,Bismah Maroof,RS Vandort,4,0,4
Sri Lanka,13,OU Ranasinghe,Bismah Maroof,RS Vandort,1,0,1
Sri Lanka,13,RS Vandort,Bismah Maroof,OU Ranasinghe,1,0,1
Sri Lanka,13,OU Ranasinghe,Bismah Maroof,RS Vandort,1,0,1
Sri Lanka,13,RS Vandort,Bismah Maroof,OU Ranasinghe,0,0,0
Sri Lanka,14,OU Ranasinghe,Nashra Sandhu,RS Vandort,0,0,0
Sri Lanka,14,OU Ranasinghe,Nashra Sandhu,RS Vandort,1,0,1
Sri Lanka,14,RS Vandort,Nashra Sandhu,OU Ranasinghe,0,0,0
Sri Lanka,14,RS Vandort,Nashra Sandhu,OU Ranasinghe,0,0,0
Sri Lanka,14,RS Vandort,Nashra Sandhu,OU Ranasinghe,1,0,1
Sri Lanka,14,OU Ranasinghe,Nashra Sandhu,RS Vandort,2,0,2
Sri Lanka,15,RS Vandort,Bismah Maroof,OU Ranasinghe,1,0,1
Sri Lanka,15,OU Ranasinghe,Bismah Maroof,RS Vandort,0,0,0
Sri Lanka,15,NND de Silva,Bismah Maroof,RS Vandort,1,0,1
Sri Lanka,15,NND de Silva,Bismah Maroof,HASD Siriwardene,1,0,1
Sri Lanka,15,HASD Siriwardene,Bismah Maroof,NND de Silva,0,0,0
Sri Lanka,15,HASD Siriwardene,Bismah Maroof,NND de Silva,4,0,4
Sri Lanka,16,NND de Silva,Anam Amin,HASD Siriwardene,1,0,1
Sri Lanka,16,HASD Siriwardene,Anam Amin,NND de Silva,1,0,1
Sri Lanka,16,NND de Silva,Anam Amin,HASD Siriwardene,0,1,1
Sri Lanka,16,HASD Siriwardene,Anam Amin,NND de Silva,1,0,1
Sri Lanka,16,NND de Silva,Anam Amin,HASD Siriwardene,1,0,1
Sri Lanka,16,HASD Siriwardene,Anam Amin,NND de Silva,1,0,1
Sri Lanka,17,HASD Siriwardene,Nida Dar,NND de Silva,2,0,2
Sri Lanka,17,HASD Siriwardene,Nida Dar,NND de Silva,0,0,0
Sri Lanka,17,HASD Siriwardene,Nida Dar,NND de Silva,4,0,4
Sri Lanka,17,HASD Siriwardene,Nida Dar,NND de Silva,0,0,0
Sri Lanka,17,HASD Siriwardene,Nida Dar,NND de Silva,0,0,0
Sri Lanka,17,NND de Silva,Nida Dar,BMSM Kumari,0,0,0
Sri Lanka,18,BMSM Kumari,Sana Mir,KDU Prabodhani,0,0,0
Sri Lanka,18,BMSM Kumari,Sana Mir,KDU Prabodhani,1,0,1
Sri Lanka,18,KDU Prabodhani,Sana Mir,BMSM Kumari,0,0,0
Sri Lanka,18,KDU Prabodhani,Sana Mir,BMSM Kumari,1,0,1
Sri Lanka,18,BMSM Kumari,Sana Mir,KDU Prabodhani,4,0,4
Sri Lanka,18,BMSM Kumari,Sana Mir,KDU Prabodhani,1,0,1
Sri Lanka,19,BMSM Kumari,Nashra Sandhu,KDU Prabodhani,1,0,1
Sri Lanka,19,KDU Prabodhani,Nashra Sandhu,BMSM Kumari,0,1,1
Sri Lanka,19,BMSM Kumari,Nashra Sandhu,KDU Prabodhani,1,0,1
Sri Lanka,19,KDU Prabodhani,Nashra Sandhu,BMSM Kumari,0,0,0
Sri Lanka,19,I Ranaweera,Nashra Sandhu,BMSM Kumari,0,0,0
Sri Lanka,19,I Ranaweera,Nashra Sandhu,BMSM Kumari,0,0,0
