Team,Over,Batter,Bowler,Non_Striker,Batter_Runs,Extras,Total_Runs
Pakistan,0,Nahida Khan,WA Duraisingam,Javeria Rauf,0,0,0
Pakistan,0,Nahida Khan,WA Duraisingam,Javeria Rauf,1,0,1
Pakistan,0,Javeria Rauf,WA Duraisingam,Nahida Khan,0,0,0
Pakistan,0,Javeria Rauf,WA Duraisingam,Nahida Khan,0,0,0
Pakistan,0,Javeria Rauf,WA Duraisingam,Nahida Khan,0,0,0
Pakistan,0,Javeria Rauf,WA Duraisingam,Nahida Khan,0,0,0
Pakistan,1,Javeria Khan,Ainna Hamizah Hashim,Javeria Rauf,1,0,1
Pakistan,1,Javeria Rauf,Ainna Hamizah Hashim,Javeria Khan,4,0,4
Pakistan,1,Javeria Rauf,Ainna Hamizah Hashim,Javeria Khan,0,0,0
Pakistan,1,Javeria Rauf,Ainna Hamizah Hashim,Javeria Khan,1,0,1
Pakistan,1,Javeria Khan,Ainna Hamizah Hashim,Javeria Rauf,1,0,1
Pakistan,1,Javeria Rauf,Ainna Hamizah Hashim,Javeria Khan,0,1,1
Pakistan,1,Javeria Rauf,Ainna Hamizah Hashim,Javeria Khan,0,0,0
Pakistan,2,Javeria Khan,WA Duraisingam,Javeria Rauf,0,1,1
Pakistan,2,Javeria Khan,WA Duraisingam,Javeria Rauf,0,0,0
Pakistan,2,Javeria Khan,WA Duraisingam,Javeria Rauf,0,0,0
Pakistan,2,Javeria Khan,WA Duraisingam,Javeria Rauf,4,0,4
Pakistan,2,Javeria Khan,WA Duraisingam,Javeria Rauf,4,0,4
Pakistan,2,Javeria Khan,WA Duraisingam,Javeria Rauf,1,0,1
Pakistan,2,Javeria Rauf,WA Duraisingam,Javeria Khan,2,0,2
Pakistan,3,Javeria Khan,Ainna Hamizah Hashim,Javeria Rauf,0,0,0
Pakistan,3,Javeria Khan,Ainna Hamizah Hashim,Javeria Rauf,1,0,1
Pakistan,3,Javeria Rauf,Ainna Hamizah Hashim,Javeria Khan,2,0,2
Pakistan,3,Javeria Rauf,Ainna Hamizah Hashim,Javeria Khan,0,0,0
Pakistan,3,Javeria Rauf,Ainna Hamizah Hashim,Javeria Khan,1,0,1
Pakistan,3,Javeria Khan,Ainna Hamizah Hashim,Javeria Rauf,1,0,1
Pakistan,4,Javeria Khan,Noor Hayati Zakaria,Javeria Rauf,0,1,1
Pakistan,4,Javeria Khan,Noor Hayati Zakaria,Javeria Rauf,1,0,1
Pakistan,4,Javeria Rauf,Noor Hayati Zakaria,Javeria Khan,2,0,2
Pakistan,4,Javeria Rauf,Noor Hayati Zakaria,Javeria Khan,1,0,1
Pakistan,4,Javeria Khan,Noor Hayati Zakaria,Javeria Rauf,4,0,4
Pakistan,4,Javeria Khan,Noor Hayati Zakaria,Javeria Rauf,1,0,1
Pakistan,4,Javeria Rauf,Noor Hayati Zakaria,Javeria Khan,0,0,0
Pakistan,5,Javeria Khan,Sasha Azmi,Javeria Rauf,1,0,1
Pakistan,5,Javeria Rauf,Sasha Azmi,Javeria Khan,0,0,0
Pakistan,5,Javeria Rauf,Sasha Azmi,Javeria Khan,0,0,0
Pakistan,5,Bismah Maroof,Sasha Azmi,Javeria Khan,0,0,0
Pakistan,5,Bismah Maroof,Sasha Azmi,Javeria Khan,1,0,1
Pakistan,5,Javeria Khan,Sasha Azmi,Bismah Maroof,1,0,1
Pakistan,6,Javeria Khan,Noor Hayati Zakaria,Bismah Maroof,0,0,0
Pakistan,6,Javeria Khan,Noor Hayati Zakaria,Bismah Maroof,1,0,1
Pakistan,6,Bismah Maroof,Noor Hayati Zakaria,Javeria Khan,0,0,0
Pakistan,6,Bismah Maroof,Noor Hayati Zakaria,Javeria Khan,2,0,2
Pakistan,6,Bismah Maroof,Noor Hayati Zakaria,Javeria Khan,2,0,2
Pakistan,6,Bismah Maroof,Noor Hayati Zakaria,Javeria Khan,2,0,2
Pakistan,7,Javeria Khan,Sasha Azmi,Bismah Maroof,2,0,2
Pakistan,7,Javeria Khan,Sasha Azmi,Bismah Maroof,1,0,1
Pakistan,7,Bismah Maroof,Sasha Azmi,Javeria Khan,1,0,1
Pakistan,7,Javeria Khan,Sasha Azmi,Bismah Maroof,1,0,1
Pakistan,7,Bismah Maroof,Sasha Azmi,Javeria Khan,1,0,1
Pakistan,7,Javeria Khan,Sasha Azmi,Bismah Maroof,3,0,3
Pakistan,8,Javeria Khan,Zumika Azmi,Bismah Maroof,2,0,2
Pakistan,8,Javeria Khan,Zumika Azmi,Bismah Maroof,0,1,1
Pakistan,8,Bismah Maroof,Zumika Azmi,Javeria Khan,1,0,1
Pakistan,8,Javeria Khan,Zumika Azmi,Bismah Maroof,0,0,0
Pakistan,8,Nida Dar,Zumika Azmi,Bismah Maroof,1,0,1
Pakistan,8,Bismah Maroof,Zumika Azmi,Nida Dar,0,0,0
Pakistan,9,Nida Dar,Sasha Azmi,Bismah Maroof,1,0,1
Pakistan,9,Bismah Maroof,Sasha Azmi,Nida Dar,1,0,1
Pakistan,9,Nida Dar,Sasha Azmi,Bismah Maroof,1,0,1
Pakistan,9,Bismah Maroof,Sasha Azmi,Nida Dar,1,0,1
Pakistan,9,Nida Dar,Sasha Azmi,Bismah Maroof,1,0,1
Pakistan,9,Bismah Maroof,Sasha Azmi,Nida Dar,1,0,1
Pakistan,10,Bismah Maroof,Zumika Azmi,Nida Dar,1,0,1
Pakistan,10,Nida Dar,Zumika Azmi,Bismah Maroof,1,0,1
Pakistan,10,Bismah Maroof,Zumika Azmi,Nida Dar,2,0,2
Pakistan,10,Bismah Maroof,Zumika Azmi,Nida Dar,1,0,1
Pakistan,10,Nida Dar,Zumika Azmi,Bismah Maroof,0,0,0
Pakistan,10,Nida Dar,Zumika Azmi,Bismah Maroof,0,1,1
Pakistan,10,Nida Dar,Zumika Azmi,Bismah Maroof,1,0,1
Pakistan,11,Nida Dar,Sasha Azmi,Bismah Maroof,4,0,4
Pakistan,11,Nida Dar,Sasha Azmi,Bismah Maroof,0,0,0
Pakistan,11,Nida Dar,Sasha Azmi,Bismah Maroof,1,0,1
Pakistan,11,Bismah Maroof,Sasha Azmi,Nida Dar,4,0,4
Pakistan,11,Bismah Maroof,Sasha Azmi,Nida Dar,4,0,4
Pakistan,11,Bismah Maroof,Sasha Azmi,Nida Dar,1,0,1
Pakistan,12,Bismah Maroof,Zumika Azmi,Nida Dar,4,0,4
Pakistan,12,Bismah Maroof,Zumika Azmi,Nida Dar,1,0,1
Pakistan,12,Nida Dar,Zumika Azmi,Bismah Maroof,2,0,2
Pakistan,12,Nida Dar,Zumika Azmi,Bismah Maroof,2,0,2
Pakistan,12,Nida Dar,Zumika Azmi,Bismah Maroof,2,0,2
Pakistan,12,Nida Dar,Zumika Azmi,Bismah Maroof,0,0,0
Pakistan,13,Bismah Maroof,Nur Nadihirah,Nida Dar,2,0,2
Pakistan,13,Bismah Maroof,Nur Nadihirah,Nida Dar,2,0,2
Pakistan,13,Bismah Maroof,Nur Nadihirah,Nida Dar,1,0,1
Pakistan,13,Nida Dar,Nur Nadihirah,Bismah Maroof,2,0,2
Pakistan,13,Nida Dar,Nur Nadihirah,Bismah Maroof,4,0,4
Pakistan,13,Nida Dar,Nur Nadihirah,Bismah Maroof,0,0,0
Pakistan,14,Bismah Maroof,Zumika Azmi,Nida Dar,0,0,0
Pakistan,14,Bismah Maroof,Zumika Azmi,Nida Dar,4,0,4
Pakistan,14,Bismah Maroof,Zumika Azmi,Nida Dar,2,0,2
Pakistan,14,Bismah Maroof,Zumika Azmi,Nida Dar,2,0,2
Pakistan,14,Bismah Maroof,Zumika Azmi,Nida Dar,0,0,0
Pakistan,14,Bismah Maroof,Zumika Azmi,Nida Dar,4,0,4
Pakistan,15,Nida Dar,WA Duraisingam,Bismah Maroof,1,0,1
Pakistan,15,Bismah Maroof,WA Duraisingam,Nida Dar,2,0,2
Pakistan,15,Bismah Maroof,WA Duraisingam,Nida Dar,2,0,2
Pakistan,15,Bismah Maroof,WA Duraisingam,Nida Dar,4,0,4
Pakistan,15,Bismah Maroof,WA Duraisingam,Nida Dar,1,0,1
Pakistan,15,Nida Dar,WA Duraisingam,Bismah Maroof,6,0,6
Pakistan,16,Bismah Maroof,Ainna Hamizah Hashim,Nida Dar,0,1,1
Pakistan,16,Bismah Maroof,Ainna Hamizah Hashim,Nida Dar,3,0,3
Pakistan,16,Nida Dar,Ainna Hamizah Hashim,Bismah Maroof,1,0,1
Pakistan,16,Bismah Maroof,Ainna Hamizah Hashim,Nida Dar,2,0,2
Pakistan,16,Bismah Maroof,Ainna Hamizah Hashim,Nida Dar,0,0,0
Pakistan,16,Nida Dar,Ainna Hamizah Hashim,Nain Abidi,1,0,1
Pakistan,16,Nain Abidi,Ainna Hamizah Hashim,Nida Dar,0,0,0
Pakistan,17,Nida Dar,Noor Hayati Zakaria,Nain Abidi,4,0,4
Pakistan,17,Nida Dar,Noor Hayati Zakaria,Nain Abidi,1,0,1
Pakistan,17,Nain Abidi,Noor Hayati Zakaria,Nida Dar,1,0,1
Pakistan,17,Nida Dar,Noor Hayati Zakaria,Nain Abidi,2,0,2
Pakistan,17,Nida Dar,Noor Hayati Zakaria,Nain Abidi,0,0,0
Pakistan,17,Nida Dar,Noor Hayati Zakaria,Nain Abidi,2,0,2
Pakistan,18,Nain Abidi,Ainna Hamizah Hashim,Nida Dar,2,0,2
Pakistan,18,Nain Abidi,Ainna Hamizah Hashim,Nida Dar,4,0,4
Pakistan,18,Nain Abidi,Ainna Hamizah Hashim,Nida Dar,1,0,1
Pakistan,18,Nida Dar,Ainna Hamizah Hashim,Nain Abidi,0,0,0
Pakistan,18,Sana Mir,Ainna Hamizah Hashim,Nain Abidi,0,0,0
Pakistan,18,Sana Mir,Ainna Hamizah Hashim,Nain Abidi,1,0,1
Pakistan,19,Sana Mir,Noor Hayati Zakaria,Nain Abidi,2,0,2
Pakistan,19,Sana Mir,Noor Hayati Zakaria,Nain Abidi,1,0,1
Pakistan,19,Nain Abidi,Noor Hayati Zakaria,Sana Mir,1,0,1
Pakistan,19,Sana Mir,Noor Hayati Zakaria,Nain Abidi,4,0,4
Pakistan,19,Sana Mir,Noor Hayati Zakaria,Nain Abidi,2,0,2
Pakistan,19,Sana Mir,Noor Hayati Zakaria,Nain Abidi,4,0,4
Malaysia,0,Christina Baret,Diana Baig,Yusrina Yaakop,0,0,0
Malaysia,0,Christina Baret,Diana Baig,Yusrina Yaakop,0,0,0
Malaysia,0,Christina Baret,Diana Baig,Yusrina Yaakop,2,0,2
Malaysia,0,Christina Baret,Diana Baig,Yusrina Yaakop,0,0,0
Malaysia,0,Christina Baret,Diana Baig,Yusrina Yaakop,0,0,0
Malaysia,0,Christina Baret,Diana Baig,Yusrina Yaakop,1,0,1
Malaysia,1,Christina Baret,Anam Amin,Yusrina Yaakop,0,0,0
Malaysia,1,Christina Baret,Anam Amin,Yusrina Yaakop,0,0,0
Malaysia,1,Christina Baret,Anam Amin,Yusrina Yaakop,0,0,0
Malaysia,1,Christina Baret,Anam Amin,Yusrina Yaakop,0,0,0
Malaysia,1,Christina Baret,Anam Amin,Yusrina Yaakop,0,0,0
Malaysia,1,Christina Baret,Anam Amin,Yusrina Yaakop,0,0,0
Malaysia,2,Yusrina Yaakop,Diana Baig,Christina Baret,0,0,0
Malaysia,2,Yusrina Yaakop,Diana Baig,Christina Baret,0,0,0
Malaysia,2,Yusrina Yaakop,Diana Baig,Christina Baret,0,0,0
Malaysia,2,Yusrina Yaakop,Diana Baig,Christina Baret,0,0,0
Malaysia,2,Yusrina Yaakop,Diana Baig,Christina Baret,0,0,0
Malaysia,2,Yusrina Yaakop,Diana Baig,Christina Baret,0,0,0
Malaysia,3,Christina Baret,Anam Amin,Yusrina Yaakop,0,0,0
Malaysia,3,Christina Baret,Anam Amin,Yusrina Yaakop,0,0,0
Malaysia,3,Christina Baret,Anam Amin,Yusrina Yaakop,1,0,1
Malaysia,3,Yusrina Yaakop,Anam Amin,Christina Baret,1,0,1
Malaysia,3,Christina Baret,Anam Amin,Yusrina Yaakop,0,0,0
Malaysia,3,Christina Baret,Anam Amin,Yusrina Yaakop,1,0,1
Malaysia,4,Christina Baret,Diana Baig,Yusrina Yaakop,0,0,0
Malaysia,4,Christina Baret,Diana Baig,Yusrina Yaakop,0,0,0
Malaysia,4,Christina Baret,Diana Baig,Yusrina Yaakop,0,0,0
Malaysia,4,Christina Baret,Diana Baig,Yusrina Yaakop,0,0,0
Malaysia,4,Christina Baret,Diana Baig,Yusrina Yaakop,0,0,0
Malaysia,4,Christina Baret,Diana Baig,Yusrina Yaakop,2,0,2
Malaysia,5,Yusrina Yaakop,Anam Amin,Christina Baret,0,0,0
Malaysia,5,Yusrina Yaakop,Anam Amin,Christina Baret,1,0,1
Malaysia,5,Christina Baret,Anam Amin,Yusrina Yaakop,0,0,0
Malaysia,5,Christina Baret,Anam Amin,Yusrina Yaakop,0,0,0
Malaysia,5,Christina Baret,Anam Amin,Yusrina Yaakop,0,0,0
Malaysia,5,Christina Baret,Anam Amin,Yusrina Yaakop,0,0,0
Malaysia,6,Yusrina Yaakop,Sana Mir,Christina Baret,0,0,0
Malaysia,6,Yusrina Yaakop,Sana Mir,Christina Baret,1,0,1
Malaysia,6,Christina Baret,Sana Mir,Yusrina Yaakop,0,0,0
Malaysia,6,Christina Baret,Sana Mir,Yusrina Yaakop,0,0,0
Malaysia,6,Christina Baret,Sana Mir,Yusrina Yaakop,0,0,0
Malaysia,6,WA Duraisingam,Sana Mir,Yusrina Yaakop,0,0,0
Malaysia,7,Yusrina Yaakop,Anam Amin,WA Duraisingam,0,0,0
Malaysia,7,Yusrina Yaakop,Anam Amin,WA Duraisingam,0,0,0
Malaysia,7,Yusrina Yaakop,Anam Amin,WA Duraisingam,0,0,0
Malaysia,7,Yusrina Yaakop,Anam Amin,WA Duraisingam,0,0,0
Malaysia,7,Yusrina Yaakop,Anam Amin,WA Duraisingam,0,0,0
Malaysia,7,Yusrina Yaakop,Anam Amin,WA Duraisingam,0,0,0
Malaysia,8,WA Duraisingam,Sana Mir,Yusrina Yaakop,0,0,0
Malaysia,8,WA Duraisingam,Sana Mir,Yusrina Yaakop,0,0,0
Malaysia,8,WA Duraisingam,Sana Mir,Yusrina Yaakop,0,0,0
Malaysia,8,WA Duraisingam,Sana Mir,Yusrina Yaakop,0,0,0
Malaysia,8,WA Duraisingam,Sana Mir,Yusrina Yaakop,1,0,1
Malaysia,8,Yusrina Yaakop,Sana Mir,WA Duraisingam,0,0,0
Malaysia,9,WA Duraisingam,Nashra Sandhu,Yusrina Yaakop,2,0,2
Malaysia,9,WA Duraisingam,Nashra Sandhu,Yusrina Yaakop,0,0,0
Malaysia,9,WA Duraisingam,Nashra Sandhu,Yusrina Yaakop,0,0,0
Malaysia,9,WA Duraisingam,Nashra Sandhu,Yusrina Yaakop,0,0,0
Malaysia,9,WA Duraisingam,Nashra Sandhu,Yusrina Yaakop,4,0,4
Malaysia,9,WA Duraisingam,Nashra Sandhu,Yusrina Yaakop,1,0,1
Malaysia,10,WA Duraisingam,Sana Mir,Yusrina Yaakop,0,0,0
Malaysia,10,WA Duraisingam,Sana Mir,Yusrina Yaakop,0,0,0
Malaysia,10,WA Duraisingam,Sana Mir,Yusrina Yaakop,0,0,0
Malaysia,10,WA Duraisingam,Sana Mir,Yusrina Yaakop,0,0,0
Malaysia,10,WA Duraisingam,Sana Mir,Yusrina Yaakop,0,0,0
Malaysia,10,WA Duraisingam,Sana Mir,Yusrina Yaakop,0,0,0
Malaysia,11,Yusrina Yaakop,Nashra Sandhu,WA Duraisingam,0,0,0
Malaysia,11,Yusrina Yaakop,Nashra Sandhu,WA Duraisingam,1,0,1
Malaysia,11,WA Duraisingam,Nashra Sandhu,Yusrina Yaakop,0,0,0
Malaysia,11,WA Duraisingam,Nashra Sandhu,Yusrina Yaakop,0,0,0
Malaysia,11,WA Duraisingam,Nashra Sandhu,Yusrina Yaakop,0,0,0
Malaysia,11,WA Duraisingam,Nashra Sandhu,Yusrina Yaakop,0,0,0
Malaysia,12,Yusrina Yaakop,Nida Dar,WA Duraisingam,0,0,0
Malaysia,12,Sasha Azmi,Nida Dar,WA Duraisingam,1,0,1
Malaysia,12,WA Duraisingam,Nida Dar,Sasha Azmi,0,0,0
Malaysia,12,WA Duraisingam,Nida Dar,Sasha Azmi,0,0,0
Malaysia,12,WA Duraisingam,Nida Dar,Sasha Azmi,0,0,0
Malaysia,12,WA Duraisingam,Nida Dar,Sasha Azmi,1,0,1
Malaysia,13,WA Duraisingam,Nashra Sandhu,Sasha Azmi,0,0,0
Malaysia,13,WA Duraisingam,Nashra Sandhu,Sasha Azmi,2,0,2
Malaysia,13,WA Duraisingam,Nashra Sandhu,Sasha Azmi,0,0,0
Malaysia,13,WA Duraisingam,Nashra Sandhu,Sasha Azmi,0,0,0
Malaysia,13,Mahirah Izzati Ismail,Nashra Sandhu,Sasha Azmi,0,0,0
Malaysia,13,Mahirah Izzati Ismail,Nashra Sandhu,Sasha Azmi,0,0,0
Malaysia,14,Mas Elysa,Nida Dar,Sasha Azmi,0,0,0
Malaysia,14,Zumika Azmi,Nida Dar,Sasha Azmi,1,0,1
Malaysia,14,Aina Najwa,Nida Dar,Sasha Azmi,0,0,0
Malaysia,14,Aina Najwa,Nida Dar,Sasha Azmi,0,0,0
Malaysia,14,Aina Najwa,Nida Dar,Sasha Azmi,0,0,0
Malaysia,14,Aina Najwa,Nida Dar,Sasha Azmi,0,0,0
Malaysia,15,Sasha Azmi,Nashra Sandhu,Aina Najwa,0,0,0
Malaysia,15,Sasha Azmi,Nashra Sandhu,Aina Najwa,0,0,0
Malaysia,15,Sasha Azmi,Nashra Sandhu,Aina Najwa,0,0,0
Malaysia,15,Sasha Azmi,Nashra Sandhu,Aina Najwa,2,0,2
Malaysia,15,Sasha Azmi,Nashra Sandhu,Aina Najwa,0,0,0
Malaysia,15,Sasha Azmi,Nashra Sandhu,Aina Najwa,0,0,0
Malaysia,16,Aina Najwa,Nida Dar,Sasha Azmi,0,0,0
Malaysia,16,Aina Najwa,Nida Dar,Sasha Azmi,0,0,0
Malaysia,16,Aina Najwa,Nida Dar,Sasha Azmi,2,0,2
Malaysia,16,Aina Najwa,Nida Dar,Sasha Azmi,0,0,0
Malaysia,16,Aina Najwa,Nida Dar,Sasha Azmi,0,0,0
Malaysia,16,Aina Najwa,Nida Dar,Sasha Azmi,0,0,0
Malaysia,17,Noor Hayati Zakaria,Javeria Khan,Sasha Azmi,0,0,0
Malaysia,17,Noor Hayati Zakaria,Javeria Khan,Sasha Azmi,0,0,0
Malaysia,17,Noor Hayati Zakaria,Javeria Khan,Sasha Azmi,0,0,0
Malaysia,17,Noor Hayati Zakaria,Javeria Khan,Sasha Azmi,0,0,0
Malaysia,17,Ainna Hamizah Hashim,Javeria Khan,Sasha Azmi,1,0,1
Malaysia,17,Nur Nadihirah,Javeria Khan,Sasha Azmi,1,0,1
Malaysia,18,Nur Nadihirah,Nida Dar,Sasha Azmi,0,0,0
Malaysia,18,Nur Nadihirah,Nida Dar,Sasha Azmi,0,0,0
Malaysia,18,Nur Nadihirah,Nida Dar,Sasha Azmi,0,0,0
Malaysia,18,Nur Nadihirah,Nida Dar,Sasha Azmi,0,0,0
