Team,Over,Batter,Bowler,Non_Striker,Batter_Runs,Extras,Total_Runs
Sri Lanka,0,BYA Mendis,C Sutthiruang,MAA Sanjeewani,0,0,0
Sri Lanka,0,BYA Mendis,C Sutthiruang,MAA Sanjeewani,2,0,2
Sri Lanka,0,BYA Mendis,C Sutthiruang,MAA Sanjeewani,0,0,0
Sri Lanka,0,BYA Mendis,C Sutthiruang,MAA Sanjeewani,0,0,0
Sri Lanka,0,BYA Mendis,C Sutthiruang,MAA Sanjeewani,0,0,0
Sri Lanka,0,BYA Mendis,C Sutthiruang,MAA Sanjeewani,0,0,0
Sri Lanka,1,MAA Sanjeewani,R Padunglerd,BYA Mendis,1,0,1
Sri Lanka,1,BYA Mendis,R Padunglerd,MAA Sanjeewani,2,0,2
Sri Lanka,1,BYA Mendis,R Padunglerd,MAA Sanjeewani,4,0,4
Sri Lanka,1,BYA Mendis,R Padunglerd,MAA Sanjeewani,0,0,0
Sri Lanka,1,BYA Mendis,R Padunglerd,MAA Sanjeewani,4,0,4
Sri Lanka,1,BYA Mendis,R Padunglerd,MAA Sanjeewani,4,0,4
Sri Lanka,2,MAA Sanjeewani,C Sutthiruang,BYA Mendis,0,0,0
Sri Lanka,2,MAA Sanjeewani,C Sutthiruang,BYA Mendis,2,0,2
Sri Lanka,2,MAA Sanjeewani,C Sutthiruang,BYA Mendis,4,0,4
Sri Lanka,2,MAA Sanjeewani,C Sutthiruang,BYA Mendis,1,0,1
Sri Lanka,2,BYA Mendis,C Sutthiruang,MAA Sanjeewani,0,0,0
Sri Lanka,2,BYA Mendis,C Sutthiruang,MAA Sanjeewani,2,0,2
Sri Lanka,3,MAA Sanjeewani,S Tippoch,BYA Mendis,1,0,1
Sri Lanka,3,BYA Mendis,S Tippoch,MAA Sanjeewani,4,0,4
Sri Lanka,3,BYA Mendis,S Tippoch,MAA Sanjeewani,0,0,0
Sri Lanka,3,GWHM Perera,S Tippoch,MAA Sanjeewani,0,0,0
Sri Lanka,3,GWHM Perera,S Tippoch,MAA Sanjeewani,0,0,0
Sri Lanka,3,GWHM Perera,S Tippoch,MAA Sanjeewani,0,0,0
Sri Lanka,4,MAA Sanjeewani,N Boochatham,GWHM Perera,0,0,0
Sri Lanka,4,MAA Sanjeewani,N Boochatham,GWHM Perera,0,0,0
Sri Lanka,4,MAA Sanjeewani,N Boochatham,GWHM Perera,1,0,1
Sri Lanka,4,GWHM Perera,N Boochatham,MAA Sanjeewani,0,0,0
Sri Lanka,4,GWHM Perera,N Boochatham,MAA Sanjeewani,0,0,0
Sri Lanka,4,GWHM Perera,N Boochatham,MAA Sanjeewani,1,0,1
Sri Lanka,5,GWHM Perera,S Tippoch,MAA Sanjeewani,2,0,2
Sri Lanka,5,GWHM Perera,S Tippoch,MAA Sanjeewani,1,0,1
Sri Lanka,5,MAA Sanjeewani,S Tippoch,GWHM Perera,0,0,0
Sri Lanka,5,H Madavi,S Tippoch,MAA Sanjeewani,1,0,1
Sri Lanka,5,MAA Sanjeewani,S Tippoch,H Madavi,1,0,1
Sri Lanka,5,H Madavi,S Tippoch,MAA Sanjeewani,0,1,1
Sri Lanka,6,H Madavi,N Boochatham,MAA Sanjeewani,0,0,0
Sri Lanka,6,H Madavi,N Boochatham,MAA Sanjeewani,0,0,0
Sri Lanka,6,H Madavi,N Boochatham,MAA Sanjeewani,0,0,0
Sri Lanka,6,H Madavi,N Boochatham,MAA Sanjeewani,1,0,1
Sri Lanka,6,MAA Sanjeewani,N Boochatham,H Madavi,1,0,1
Sri Lanka,6,H Madavi,N Boochatham,MAA Sanjeewani,1,0,1
Sri Lanka,7,H Madavi,S Tippoch,MAA Sanjeewani,1,0,1
Sri Lanka,7,MAA Sanjeewani,S Tippoch,H Madavi,0,0,0
Sri Lanka,7,MAA Sanjeewani,S Tippoch,H Madavi,0,0,0
Sri Lanka,7,MAA Sanjeewani,S Tippoch,H Madavi,2,0,2
Sri Lanka,7,MAA Sanjeewani,S Tippoch,H Madavi,0,0,0
Sri Lanka,7,MAA Sanjeewani,S Tippoch,H Madavi,1,0,1
Sri Lanka,8,MAA Sanjeewani,N Boochatham,H Madavi,1,0,1
Sri Lanka,8,H Madavi,N Boochatham,MAA Sanjeewani,2,0,2
Sri Lanka,8,H Madavi,N Boochatham,MAA Sanjeewani,0,0,0
Sri Lanka,8,H Madavi,N Boochatham,MAA Sanjeewani,1,0,1
Sri Lanka,8,MAA Sanjeewani,N Boochatham,H Madavi,1,0,1
Sri Lanka,8,H Madavi,N Boochatham,MAA Sanjeewani,1,0,1
Sri Lanka,9,H Madavi,W Liengprasert,MAA Sanjeewani,1,0,1
Sri Lanka,9,MAA Sanjeewani,W Liengprasert,H Madavi,1,0,1
Sri Lanka,9,H Madavi,W Liengprasert,MAA Sanjeewani,0,0,0
Sri Lanka,9,RS Vandort,W Liengprasert,MAA Sanjeewani,1,0,1
Sri Lanka,9,MAA Sanjeewani,W Liengprasert,RS Vandort,1,0,1
Sri Lanka,9,RS Vandort,W Liengprasert,MAA Sanjeewani,2,0,2
Sri Lanka,10,MAA Sanjeewani,S Laomi,RS Vandort,1,0,1
Sri Lanka,10,MAA Sanjeewani,S Laomi,NND de Silva,1,0,1
Sri Lanka,10,NND de Silva,S Laomi,MAA Sanjeewani,1,0,1
Sri Lanka,10,MAA Sanjeewani,S Laomi,NND de Silva,1,0,1
Sri Lanka,10,NND de Silva,S Laomi,MAA Sanjeewani,0,1,1
Sri Lanka,10,NND de Silva,S Laomi,MAA Sanjeewani,0,0,0
Sri Lanka,10,NND de Silva,S Laomi,MAA Sanjeewani,1,0,1
Sri Lanka,11,NND de Silva,W Liengprasert,MAA Sanjeewani,0,0,0
Sri Lanka,11,MAA Sanjeewani,W Liengprasert,HASD Siriwardene,0,0,0
Sri Lanka,11,MAA Sanjeewani,W Liengprasert,HASD Siriwardene,0,0,0
Sri Lanka,11,MAA Sanjeewani,W Liengprasert,HASD Siriwardene,1,0,1
Sri Lanka,11,HASD Siriwardene,W Liengprasert,MAA Sanjeewani,1,0,1
Sri Lanka,11,MAA Sanjeewani,W Liengprasert,HASD Siriwardene,1,0,1
Sri Lanka,12,MAA Sanjeewani,S Laomi,HASD Siriwardene,0,0,0
Sri Lanka,12,MAA Sanjeewani,S Laomi,HASD Siriwardene,1,0,1
Sri Lanka,12,HASD Siriwardene,S Laomi,MAA Sanjeewani,1,0,1
Sri Lanka,12,MAA Sanjeewani,S Laomi,HASD Siriwardene,0,0,0
Sri Lanka,12,MAA Sanjeewani,S Laomi,HASD Siriwardene,1,0,1
Sri Lanka,12,HASD Siriwardene,S Laomi,MAA Sanjeewani,0,0,0
Sri Lanka,13,MAA Sanjeewani,W Liengprasert,HASD Siriwardene,1,0,1
Sri Lanka,13,HASD Siriwardene,W Liengprasert,MAA Sanjeewani,0,0,0
Sri Lanka,13,OU Ranasinghe,W Liengprasert,MAA Sanjeewani,0,0,0
Sri Lanka,13,OU Ranasinghe,W Liengprasert,MAA Sanjeewani,0,0,0
Sri Lanka,13,OU Ranasinghe,W Liengprasert,MAA Sanjeewani,1,0,1
Sri Lanka,13,MAA Sanjeewani,W Liengprasert,OU Ranasinghe,0,0,0
Sri Lanka,14,OU Ranasinghe,O Kamchomphu,MAA Sanjeewani,1,0,1
Sri Lanka,14,MAA Sanjeewani,O Kamchomphu,OU Ranasinghe,1,0,1
Sri Lanka,14,OU Ranasinghe,O Kamchomphu,MAA Sanjeewani,1,0,1
Sri Lanka,14,MAA Sanjeewani,O Kamchomphu,OU Ranasinghe,0,0,0
Sri Lanka,14,MAA Sanjeewani,O Kamchomphu,OU Ranasinghe,1,0,1
Sri Lanka,14,OU Ranasinghe,O Kamchomphu,MAA Sanjeewani,4,1,5
Sri Lanka,14,OU Ranasinghe,O Kamchomphu,MAA Sanjeewani,4,0,4
Sri Lanka,15,MAA Sanjeewani,S Laomi,OU Ranasinghe,0,0,0
Sri Lanka,15,MAA Sanjeewani,S Laomi,OU Ranasinghe,1,0,1
Sri Lanka,15,OU Ranasinghe,S Laomi,MAA Sanjeewani,1,0,1
Sri Lanka,15,MAA Sanjeewani,S Laomi,OU Ranasinghe,0,0,0
Sri Lanka,15,MAA Sanjeewani,S Laomi,OU Ranasinghe,1,0,1
Sri Lanka,15,OU Ranasinghe,S Laomi,MAA Sanjeewani,1,0,1
Sri Lanka,16,OU Ranasinghe,N Boochatham,MAA Sanjeewani,0,0,0
Sri Lanka,16,OU Ranasinghe,N Boochatham,MAA Sanjeewani,1,0,1
Sri Lanka,16,MAA Sanjeewani,N Boochatham,OU Ranasinghe,0,0,0
Sri Lanka,16,MAA Sanjeewani,N Boochatham,OU Ranasinghe,1,0,1
Sri Lanka,16,OU Ranasinghe,N Boochatham,MAA Sanjeewani,0,0,0
Sri Lanka,16,OU Ranasinghe,N Boochatham,MAA Sanjeewani,1,0,1
Sri Lanka,17,OU Ranasinghe,W Liengprasert,MAA Sanjeewani,1,0,1
Sri Lanka,17,MAA Sanjeewani,W Liengprasert,OU Ranasinghe,0,0,0
Sri Lanka,17,MAA Sanjeewani,W Liengprasert,OU Ranasinghe,0,0,0
Sri Lanka,17,BMSM Kumari,W Liengprasert,OU Ranasinghe,0,0,0
Sri Lanka,17,KDU Prabodhani,W Liengprasert,OU Ranasinghe,0,0,0
Sri Lanka,17,KDU Prabodhani,W Liengprasert,OU Ranasinghe,0,0,0
Sri Lanka,18,OU Ranasinghe,S Laomi,KDU Prabodhani,1,0,1
Sri Lanka,18,KDU Prabodhani,S Laomi,OU Ranasinghe,1,0,1
Sri Lanka,18,OU Ranasinghe,S Laomi,KDU Prabodhani,1,0,1
Sri Lanka,18,KDU Prabodhani,S Laomi,OU Ranasinghe,0,0,0
Sri Lanka,18,KDU Prabodhani,S Laomi,OU Ranasinghe,2,0,2
Sri Lanka,18,KDU Prabodhani,S Laomi,OU Ranasinghe,1,0,1
Sri Lanka,19,KDU Prabodhani,S Tippoch,OU Ranasinghe,1,0,1
Sri Lanka,19,OU Ranasinghe,S Tippoch,KDU Prabodhani,1,0,1
Sri Lanka,19,KDU Prabodhani,S Tippoch,OU Ranasinghe,0,0,0
Sri Lanka,19,I Ranaweera,S Tippoch,OU Ranasinghe,1,0,1
Sri Lanka,19,OU Ranasinghe,S Tippoch,I Ranaweera,1,0,1
Sri Lanka,19,I Ranaweera,S Tippoch,OU Ranasinghe,1,0,1
Thailand,0,N Chantam,KDU Prabodhani,N Chaiwai,3,0,3
Thailand,0,N Chaiwai,KDU Prabodhani,N Chantam,4,0,4
Thailand,0,N Chaiwai,KDU Prabodhani,N Chantam,0,1,1
Thailand,0,N Chaiwai,KDU Prabodhani,N Chantam,0,1,1
Thailand,0,N Chantam,KDU Prabodhani,N Chaiwai,4,0,4
Thailand,0,N Chantam,KDU Prabodhani,N Chaiwai,1,0,1
Thailand,0,N Chaiwai,KDU Prabodhani,N Chantam,1,0,1
Thailand,1,N Chaiwai,BMSM Kumari,N Chantam,2,0,2
Thailand,1,N Chaiwai,BMSM Kumari,N Chantam,0,0,0
Thailand,1,N Chaiwai,BMSM Kumari,N Chantam,1,0,1
Thailand,1,N Chantam,BMSM Kumari,N Chaiwai,0,0,0
Thailand,1,N Chantam,BMSM Kumari,N Chaiwai,0,0,0
Thailand,1,N Chantam,BMSM Kumari,N Chaiwai,0,0,0
Thailand,2,N Chaiwai,OU Ranasinghe,N Chantam,0,0,0
Thailand,2,N Chaiwai,OU Ranasinghe,N Chantam,0,0,0
Thailand,2,N Chaiwai,OU Ranasinghe,N Chantam,0,1,1
Thailand,2,N Chaiwai,OU Ranasinghe,N Chantam,2,0,2
Thailand,2,N Chaiwai,OU Ranasinghe,N Chantam,0,0,0
Thailand,2,N Chaiwai,OU Ranasinghe,N Chantam,0,0,0
Thailand,2,N Chaiwai,OU Ranasinghe,N Chantam,0,0,0
Thailand,3,N Chantam,I Ranaweera,N Chaiwai,0,1,1
Thailand,3,N Chaiwai,I Ranaweera,N Chantam,0,0,0
Thailand,3,N Chaiwai,I Ranaweera,N Chantam,4,0,4
Thailand,3,N Chaiwai,I Ranaweera,N Chantam,2,0,2
Thailand,3,N Chaiwai,I Ranaweera,N Chantam,0,0,0
Thailand,3,N Chaiwai,I Ranaweera,N Chantam,0,0,0
Thailand,4,N Chantam,OU Ranasinghe,N Chaiwai,0,0,0
Thailand,4,N Chantam,OU Ranasinghe,N Chaiwai,1,0,1
Thailand,4,N Chaiwai,OU Ranasinghe,N Chantam,2,0,2
Thailand,4,N Chaiwai,OU Ranasinghe,N Chantam,1,0,1
Thailand,4,N Chantam,OU Ranasinghe,N Chaiwai,2,0,2
Thailand,4,N Chantam,OU Ranasinghe,N Chaiwai,0,0,0
Thailand,5,N Chaiwai,BMSM Kumari,N Chantam,0,0,0
Thailand,5,N Chaiwai,BMSM Kumari,N Chantam,0,0,0
Thailand,5,N Chaiwai,BMSM Kumari,N Chantam,0,0,0
Thailand,5,N Chaiwai,BMSM Kumari,N Chantam,0,0,0
Thailand,5,N Chaiwai,BMSM Kumari,N Chantam,0,0,0
Thailand,5,N Chaiwai,BMSM Kumari,N Chantam,0,0,0
Thailand,6,N Chantam,HASD Siriwardene,N Chaiwai,0,0,0
Thailand,6,N Chantam,HASD Siriwardene,N Chaiwai,2,0,2
Thailand,6,N Chantam,HASD Siriwardene,N Chaiwai,1,0,1
Thailand,6,N Chaiwai,HASD Siriwardene,N Chantam,1,0,1
Thailand,6,N Chantam,HASD Siriwardene,N Chaiwai,1,0,1
Thailand,6,N Chaiwai,HASD Siriwardene,N Chantam,1,0,1
Thailand,7,N Chaiwai,BMSM Kumari,N Chantam,0,0,0
Thailand,7,N Chaiwai,BMSM Kumari,N Chantam,2,0,2
Thailand,7,N Chaiwai,BMSM Kumari,N Chantam,0,0,0
Thailand,7,N Chaiwai,BMSM Kumari,N Chantam,1,0,1
Thailand,7,N Chantam,BMSM Kumari,N Chaiwai,0,0,0
Thailand,7,N Boochatham,BMSM Kumari,N Chaiwai,1,0,1
Thailand,8,N Boochatham,NND de Silva,N Chaiwai,1,0,1
Thailand,8,N Chaiwai,NND de Silva,N Boochatham,0,0,0
Thailand,8,N Chaiwai,NND de Silva,N Boochatham,0,0,0
Thailand,8,N Chaiwai,NND de Silva,N Boochatham,0,0,0
Thailand,8,N Chaiwai,NND de Silva,N Boochatham,4,0,4
Thailand,8,N Chaiwai,NND de Silva,N Boochatham,0,0,0
Thailand,9,N Boochatham,HASD Siriwardene,N Chaiwai,1,0,1
Thailand,9,N Chaiwai,HASD Siriwardene,N Boochatham,3,0,3
Thailand,9,N Boochatham,HASD Siriwardene,N Chaiwai,2,0,2
Thailand,9,N Boochatham,HASD Siriwardene,N Chaiwai,1,0,1
Thailand,9,N Chaiwai,HASD Siriwardene,N Boochatham,1,0,1
Thailand,9,N Boochatham,HASD Siriwardene,N Chaiwai,0,0,0
Thailand,10,N Chaiwai,I Ranaweera,N Boochatham,1,0,1
Thailand,10,N Boochatham,I Ranaweera,N Chaiwai,1,0,1
Thailand,10,N Chaiwai,I Ranaweera,N Boochatham,1,0,1
Thailand,10,N Boochatham,I Ranaweera,N Chaiwai,0,0,0
Thailand,10,N Boochatham,I Ranaweera,N Chaiwai,0,0,0
Thailand,10,N Boochatham,I Ranaweera,N Chaiwai,0,1,1
Thailand,10,N Boochatham,I Ranaweera,N Chaiwai,1,0,1
Thailand,11,N Boochatham,OU Ranasinghe,N Chaiwai,0,0,0
Thailand,11,N Boochatham,OU Ranasinghe,N Chaiwai,1,0,1
Thailand,11,N Chaiwai,OU Ranasinghe,N Boochatham,0,0,0
Thailand,11,N Chaiwai,OU Ranasinghe,N Boochatham,1,0,1
Thailand,11,N Boochatham,OU Ranasinghe,N Chaiwai,1,0,1
Thailand,11,N Chaiwai,OU Ranasinghe,N Boochatham,1,0,1
Thailand,12,N Chaiwai,I Ranaweera,N Boochatham,0,0,0
Thailand,12,N Chaiwai,I Ranaweera,N Boochatham,1,0,1
Thailand,12,N Boochatham,I Ranaweera,N Chaiwai,0,0,0
Thailand,12,N Boochatham,I Ranaweera,N Chaiwai,1,0,1
Thailand,12,N Chaiwai,I Ranaweera,N Boochatham,0,0,0
Thailand,12,N Chaiwai,I Ranaweera,N Boochatham,1,0,1
Thailand,13,N Chaiwai,NND de Silva,N Boochatham,0,0,0
Thailand,13,N Chaiwai,NND de Silva,N Boochatham,0,0,0
Thailand,13,N Chaiwai,NND de Silva,N Boochatham,1,0,1
Thailand,13,N Boochatham,NND de Silva,N Chaiwai,0,0,0
Thailand,13,N Boochatham,NND de Silva,N Chaiwai,1,0,1
Thailand,13,N Chaiwai,NND de Silva,N Boochatham,1,0,1
Thailand,14,N Chaiwai,KDU Prabodhani,N Boochatham,1,0,1
Thailand,14,N Boochatham,KDU Prabodhani,N Chaiwai,1,0,1
Thailand,14,N Chaiwai,KDU Prabodhani,N Boochatham,1,0,1
Thailand,14,N Boochatham,KDU Prabodhani,N Chaiwai,1,0,1
Thailand,14,N Chaiwai,KDU Prabodhani,N Boochatham,0,0,0
Thailand,14,N Chaiwai,KDU Prabodhani,N Boochatham,1,0,1
Thailand,15,N Chaiwai,NND de Silva,N Boochatham,0,0,0
Thailand,15,N Boochatham,NND de Silva,N Koncharoenkai,0,0,0
Thailand,15,N Boochatham,NND de Silva,N Koncharoenkai,1,0,1
Thailand,15,N Koncharoenkai,NND de Silva,N Boochatham,1,0,1
Thailand,15,N Boochatham,NND de Silva,N Koncharoenkai,0,0,0
Thailand,15,C Sutthiruang,NND de Silva,N Boochatham,4,0,4
Thailand,16,N Boochatham,BMSM Kumari,C Sutthiruang,1,0,1
Thailand,16,C Sutthiruang,BMSM Kumari,N Boochatham,0,0,0
Thailand,16,C Sutthiruang,BMSM Kumari,N Boochatham,2,0,2
Thailand,16,C Sutthiruang,BMSM Kumari,N Boochatham,0,0,0
Thailand,16,C Sutthiruang,BMSM Kumari,N Boochatham,0,0,0
Thailand,16,C Sutthiruang,BMSM Kumari,N Boochatham,0,0,0
Thailand,17,N Boochatham,NND de Silva,C Sutthiruang,1,0,1
Thailand,17,C Sutthiruang,NND de Silva,N Boochatham,0,0,0
Thailand,17,C Sutthiruang,NND de Silva,N Boochatham,0,0,0
Thailand,17,W Liengprasert,NND de Silva,N Boochatham,1,0,1
Thailand,17,N Boochatham,NND de Silva,W Liengprasert,1,0,1
Thailand,17,W Liengprasert,NND de Silva,N Boochatham,0,0,0
Thailand,18,N Boochatham,OU Ranasinghe,W Liengprasert,1,0,1
Thailand,18,W Liengprasert,OU Ranasinghe,N Boochatham,4,0,4
Thailand,18,W Liengprasert,OU Ranasinghe,N Boochatham,1,0,1
Thailand,18,N Boochatham,OU Ranasinghe,W Liengprasert,0,0,0
Thailand,18,W Liengprasert,OU Ranasinghe,S Tippoch,2,0,2
Thailand,18,W Liengprasert,OU Ranasinghe,S Tippoch,2,0,2
Thailand,19,S Tippoch,I Ranaweera,W Liengprasert,0,0,0
Thailand,19,S Laomi,I Ranaweera,W Liengprasert,0,1,1
Thailand,19,W Liengprasert,I Ranaweera,S Laomi,2,0,2
Thailand,19,W Liengprasert,I Ranaweera,S Laomi,0,1,1
Thailand,19,S Laomi,I Ranaweera,W Liengprasert,1,0,1
Thailand,19,W Liengprasert,I Ranaweera,S Laomi,1,0,1
