Team,Over,Batter,Bowler,Non_Striker,Batter_Runs,Extras,Total_Runs
Ireland,0,CMA Shillington,LMM Tahuhu,CNIM Joyce,0,0,0
Ireland,0,CMA Shillington,LMM Tahuhu,CNIM Joyce,0,0,0
Ireland,0,CMA Shillington,LMM Tahuhu,CNIM Joyce,0,0,0
Ireland,0,CMA Shillington,LMM Tahuhu,CNIM Joyce,0,0,0
Ireland,0,CMA Shillington,LMM Tahuhu,CNIM Joyce,1,0,1
Ireland,0,CNIM Joyce,LMM Tahuhu,CMA Shillington,0,0,0
Ireland,1,CMA Shillington,LM Kasperek,CNIM Joyce,1,0,1
Ireland,1,CNIM Joyce,LM Kasperek,CMA Shillington,0,0,0
Ireland,1,CNIM Joyce,LM Kasperek,CMA Shillington,1,0,1
Ireland,1,CMA Shillington,LM Kasperek,CNIM Joyce,0,0,0
Ireland,1,CMA Shillington,LM Kasperek,CNIM Joyce,0,0,0
Ireland,1,CMA Shillington,LM Kasperek,CNIM Joyce,4,0,4
Ireland,2,CNIM Joyce,LMM Tahuhu,CMA Shillington,0,1,1
Ireland,2,CMA Shillington,LMM Tahuhu,CNIM Joyce,3,0,3
Ireland,2,CNIM Joyce,LMM Tahuhu,CMA Shillington,0,0,0
Ireland,2,CNIM Joyce,LMM Tahuhu,CMA Shillington,0,0,0
Ireland,2,CNIM Joyce,LMM Tahuhu,CMA Shillington,0,0,0
Ireland,2,CNIM Joyce,LMM Tahuhu,CMA Shillington,0,0,0
Ireland,3,CMA Shillington,AC Kerr,GH Lewis,0,0,0
Ireland,3,CMA Shillington,AC Kerr,GH Lewis,0,0,0
Ireland,3,CMA Shillington,AC Kerr,GH Lewis,0,0,0
Ireland,3,CMA Shillington,AC Kerr,GH Lewis,1,0,1
Ireland,3,GH Lewis,AC Kerr,CMA Shillington,0,0,0
Ireland,3,GH Lewis,AC Kerr,CMA Shillington,0,0,0
Ireland,4,CMA Shillington,LMM Tahuhu,GH Lewis,0,0,0
Ireland,4,CMA Shillington,LMM Tahuhu,GH Lewis,0,0,0
Ireland,4,CMA Shillington,LMM Tahuhu,GH Lewis,0,1,1
Ireland,4,GH Lewis,LMM Tahuhu,CMA Shillington,0,1,1
Ireland,4,GH Lewis,LMM Tahuhu,CMA Shillington,0,0,0
Ireland,4,GH Lewis,LMM Tahuhu,CMA Shillington,4,0,4
Ireland,4,GH Lewis,LMM Tahuhu,CMA Shillington,0,0,0
Ireland,5,CMA Shillington,AC Kerr,GH Lewis,0,0,0
Ireland,5,CMA Shillington,AC Kerr,GH Lewis,1,0,1
Ireland,5,GH Lewis,AC Kerr,CMA Shillington,4,0,4
Ireland,5,GH Lewis,AC Kerr,CMA Shillington,0,0,0
Ireland,5,GH Lewis,AC Kerr,CMA Shillington,0,0,0
Ireland,5,GH Lewis,AC Kerr,CMA Shillington,0,1,1
Ireland,5,GH Lewis,AC Kerr,CMA Shillington,4,0,4
Ireland,6,CMA Shillington,LM Kasperek,GH Lewis,0,0,0
Ireland,6,CMA Shillington,LM Kasperek,GH Lewis,1,0,1
Ireland,6,GH Lewis,LM Kasperek,CMA Shillington,1,0,1
Ireland,6,CMA Shillington,LM Kasperek,GH Lewis,0,0,0
Ireland,6,IMHC Joyce,LM Kasperek,GH Lewis,0,0,0
Ireland,6,IMHC Joyce,LM Kasperek,GH Lewis,0,0,0
Ireland,7,GH Lewis,JM Watkin,L Delany,0,0,0
Ireland,7,GH Lewis,JM Watkin,L Delany,1,0,1
Ireland,7,L Delany,JM Watkin,GH Lewis,1,0,1
Ireland,7,GH Lewis,JM Watkin,L Delany,1,0,1
Ireland,7,L Delany,JM Watkin,GH Lewis,0,0,0
Ireland,7,L Delany,JM Watkin,GH Lewis,0,0,0
Ireland,8,GH Lewis,SFM Devine,L Delany,0,0,0
Ireland,8,GH Lewis,SFM Devine,L Delany,1,0,1
Ireland,8,L Delany,SFM Devine,GH Lewis,0,0,0
Ireland,8,L Delany,SFM Devine,GH Lewis,0,0,0
Ireland,8,L Delany,SFM Devine,GH Lewis,1,0,1
Ireland,8,GH Lewis,SFM Devine,L Delany,1,0,1
Ireland,9,GH Lewis,JM Watkin,L Delany,1,0,1
Ireland,9,L Delany,JM Watkin,GH Lewis,1,0,1
Ireland,9,GH Lewis,JM Watkin,L Delany,0,1,1
Ireland,9,GH Lewis,JM Watkin,L Delany,1,0,1
Ireland,9,L Delany,JM Watkin,GH Lewis,1,0,1
Ireland,9,GH Lewis,JM Watkin,L Delany,1,0,1
Ireland,9,L Delany,JM Watkin,GH Lewis,1,0,1
Ireland,10,L Delany,SW Bates,GH Lewis,1,0,1
Ireland,10,GH Lewis,SW Bates,L Delany,1,0,1
Ireland,10,L Delany,SW Bates,GH Lewis,1,0,1
Ireland,10,GH Lewis,SW Bates,L Delany,0,0,0
Ireland,10,GH Lewis,SW Bates,L Delany,1,0,1
Ireland,10,L Delany,SW Bates,GH Lewis,2,0,2
Ireland,11,GH Lewis,SFM Devine,L Delany,0,0,0
Ireland,11,GH Lewis,SFM Devine,L Delany,1,0,1
Ireland,11,L Delany,SFM Devine,GH Lewis,0,0,0
Ireland,11,L Delany,SFM Devine,GH Lewis,0,0,0
Ireland,11,L Delany,SFM Devine,GH Lewis,0,0,0
Ireland,11,L Delany,SFM Devine,GH Lewis,0,0,0
Ireland,12,GH Lewis,LM Kasperek,L Delany,1,0,1
Ireland,12,L Delany,LM Kasperek,GH Lewis,0,0,0
Ireland,12,L Delany,LM Kasperek,GH Lewis,0,0,0
Ireland,12,L Delany,LM Kasperek,GH Lewis,1,0,1
Ireland,12,GH Lewis,LM Kasperek,L Delany,4,0,4
Ireland,12,GH Lewis,LM Kasperek,L Delany,1,0,1
Ireland,13,GH Lewis,AC Kerr,L Delany,1,0,1
Ireland,13,L Delany,AC Kerr,GH Lewis,1,0,1
Ireland,13,GH Lewis,AC Kerr,L Delany,1,0,1
Ireland,13,L Delany,AC Kerr,GH Lewis,1,0,1
Ireland,13,GH Lewis,AC Kerr,L Delany,0,0,0
Ireland,13,GH Lewis,AC Kerr,L Delany,1,0,1
Ireland,14,GH Lewis,LMM Tahuhu,L Delany,2,0,2
Ireland,14,GH Lewis,LMM Tahuhu,L Delany,4,0,4
Ireland,14,GH Lewis,LMM Tahuhu,L Delany,0,0,0
Ireland,14,GH Lewis,LMM Tahuhu,L Delany,1,0,1
Ireland,14,L Delany,LMM Tahuhu,GH Lewis,0,0,0
Ireland,14,SM Kavanagh,LMM Tahuhu,GH Lewis,1,0,1
Ireland,15,SM Kavanagh,AC Kerr,GH Lewis,1,0,1
Ireland,15,GH Lewis,AC Kerr,SM Kavanagh,0,0,0
Ireland,15,EAJ Richardson,AC Kerr,SM Kavanagh,1,0,1
Ireland,15,SM Kavanagh,AC Kerr,EAJ Richardson,0,0,0
Ireland,15,KJ Garth,AC Kerr,EAJ Richardson,0,0,0
Ireland,15,KJ Garth,AC Kerr,EAJ Richardson,0,0,0
Ireland,16,EAJ Richardson,LM Kasperek,KJ Garth,0,0,0
Ireland,16,EAJ Richardson,LM Kasperek,KJ Garth,4,0,4
Ireland,16,EAJ Richardson,LM Kasperek,KJ Garth,0,0,0
Ireland,16,EAJ Richardson,LM Kasperek,KJ Garth,0,0,0
Ireland,16,EAJ Richardson,LM Kasperek,KJ Garth,0,0,0
Ireland,16,EAJ Richardson,LM Kasperek,KJ Garth,0,0,0
Ireland,17,MV Waldron,JM Watkin,KJ Garth,1,0,1
Ireland,17,KJ Garth,JM Watkin,MV Waldron,0,0,0
Ireland,17,KJ Garth,JM Watkin,MV Waldron,1,0,1
Ireland,17,MV Waldron,JM Watkin,KJ Garth,0,0,0
Ireland,17,MV Waldron,JM Watkin,KJ Garth,0,0,0
Ireland,17,L Maritz,JM Watkin,KJ Garth,0,0,0
Ireland,18,KJ Garth,SFM Devine,L Maritz,0,0,0
Ireland,18,CJ Metcalfe,SFM Devine,L Maritz,0,0,0
Ireland,18,CJ Metcalfe,SFM Devine,L Maritz,0,0,0
Ireland,18,CJ Metcalfe,SFM Devine,L Maritz,0,0,0
Ireland,18,CJ Metcalfe,SFM Devine,L Maritz,0,0,0
Ireland,18,CJ Metcalfe,SFM Devine,L Maritz,0,0,0
Ireland,19,L Maritz,JM Watkin,CJ Metcalfe,0,0,0
Ireland,19,L Maritz,JM Watkin,CJ Metcalfe,1,0,1
Ireland,19,CJ Metcalfe,JM Watkin,L Maritz,0,0,0
Ireland,19,CJ Metcalfe,JM Watkin,L Maritz,0,0,0
Ireland,19,CJ Metcalfe,JM Watkin,L Maritz,0,0,0
Ireland,19,CJ Metcalfe,JM Watkin,L Maritz,0,0,0
New Zealand,0,SW Bates,EAJ Richardson,SFM Devine,0,0,0
New Zealand,0,SW Bates,EAJ Richardson,SFM Devine,1,0,1
New Zealand,0,SFM Devine,EAJ Richardson,SW Bates,0,0,0
New Zealand,0,SFM Devine,EAJ Richardson,SW Bates,4,0,4
New Zealand,0,SFM Devine,EAJ Richardson,SW Bates,6,0,6
New Zealand,0,SFM Devine,EAJ Richardson,SW Bates,0,0,0
New Zealand,1,SW Bates,KJ Garth,SFM Devine,1,0,1
New Zealand,1,SFM Devine,KJ Garth,SW Bates,1,0,1
New Zealand,1,SW Bates,KJ Garth,SFM Devine,0,1,1
New Zealand,1,SW Bates,KJ Garth,SFM Devine,1,0,1
New Zealand,1,SFM Devine,KJ Garth,SW Bates,0,0,0
New Zealand,1,SFM Devine,KJ Garth,SW Bates,0,0,0
New Zealand,1,SFM Devine,KJ Garth,SW Bates,4,0,4
New Zealand,2,SW Bates,CJ Metcalfe,SFM Devine,0,1,1
New Zealand,2,SW Bates,CJ Metcalfe,SFM Devine,1,0,1
New Zealand,2,SFM Devine,CJ Metcalfe,SW Bates,6,0,6
New Zealand,2,SFM Devine,CJ Metcalfe,SW Bates,0,0,0
New Zealand,2,SFM Devine,CJ Metcalfe,SW Bates,4,0,4
New Zealand,2,SFM Devine,CJ Metcalfe,SW Bates,0,0,0
New Zealand,2,SFM Devine,CJ Metcalfe,SW Bates,6,0,6
New Zealand,3,SW Bates,KJ Garth,SFM Devine,1,0,1
New Zealand,3,SFM Devine,KJ Garth,SW Bates,4,0,4
New Zealand,3,SFM Devine,KJ Garth,SW Bates,1,0,1
New Zealand,3,SW Bates,KJ Garth,SFM Devine,0,2,2
New Zealand,3,SW Bates,KJ Garth,SFM Devine,2,0,2
New Zealand,3,SW Bates,KJ Garth,SFM Devine,2,0,2
New Zealand,4,SFM Devine,IMHC Joyce,SW Bates,0,1,1
New Zealand,4,SFM Devine,IMHC Joyce,SW Bates,4,0,4
New Zealand,4,SFM Devine,IMHC Joyce,SW Bates,0,0,0
New Zealand,4,SFM Devine,IMHC Joyce,SW Bates,0,2,2
New Zealand,4,SW Bates,IMHC Joyce,SFM Devine,1,0,1
New Zealand,4,SFM Devine,IMHC Joyce,SW Bates,4,0,4
New Zealand,4,SFM Devine,IMHC Joyce,SW Bates,0,1,1
New Zealand,4,SFM Devine,IMHC Joyce,SW Bates,2,0,2
New Zealand,4,SFM Devine,IMHC Joyce,SW Bates,1,0,1
New Zealand,5,SFM Devine,L Delany,SW Bates,4,0,4
New Zealand,5,SFM Devine,L Delany,SW Bates,0,0,0
New Zealand,5,SW Bates,L Delany,AE Satterthwaite,1,0,1
New Zealand,5,AE Satterthwaite,L Delany,SW Bates,0,0,0
New Zealand,5,AE Satterthwaite,L Delany,SW Bates,0,0,0
New Zealand,5,AE Satterthwaite,L Delany,SW Bates,4,0,4
New Zealand,6,SW Bates,EAJ Richardson,AE Satterthwaite,0,0,0
New Zealand,6,AE Satterthwaite,EAJ Richardson,KJ Martin,0,0,0
New Zealand,6,AE Satterthwaite,EAJ Richardson,KJ Martin,0,0,0
New Zealand,6,AE Satterthwaite,EAJ Richardson,KJ Martin,0,0,0
New Zealand,6,AE Satterthwaite,EAJ Richardson,KJ Martin,0,0,0
New Zealand,6,AE Satterthwaite,EAJ Richardson,KJ Martin,1,0,1
New Zealand,7,AE Satterthwaite,CJ Metcalfe,KJ Martin,1,0,1
New Zealand,7,KJ Martin,CJ Metcalfe,AE Satterthwaite,1,0,1
New Zealand,7,AE Satterthwaite,CJ Metcalfe,KJ Martin,4,0,4
