Team,Over,Batter,Bowler,Non_Striker,Batter_Runs,Extras,Total_Runs
Australia,0,BL Mooney,SC Selman,AJ Healy,0,0,0
Australia,0,BL Mooney,SC Selman,AJ Healy,1,0,1
Australia,0,AJ Healy,SC Selman,BL Mooney,1,0,1
Australia,0,BL Mooney,SC Selman,AJ Healy,1,0,1
Australia,0,AJ Healy,SC Selman,BL Mooney,4,0,4
Australia,0,AJ Healy,SC Selman,BL Mooney,1,0,1
Australia,1,AJ Healy,SS Connell,BL Mooney,0,0,0
Australia,1,AJ Healy,SS Connell,BL Mooney,1,0,1
Australia,1,BL Mooney,SS Connell,AJ Healy,0,0,0
Australia,1,BL Mooney,SS Connell,AJ Healy,0,0,0
Australia,1,BL Mooney,SS Connell,AJ Healy,4,0,4
Australia,1,BL Mooney,SS Connell,AJ Healy,0,0,0
Australia,2,AJ Healy,SC Selman,BL Mooney,0,0,0
Australia,2,AJ Healy,SC Selman,BL Mooney,6,0,6
Australia,2,AJ Healy,SC Selman,BL Mooney,0,0,0
Australia,2,AJ Healy,SC Selman,BL Mooney,1,0,1
Australia,2,BL Mooney,SC Selman,AJ Healy,0,0,0
Australia,2,AJ Healy,SC Selman,MM Lanning,1,0,1
Australia,3,AJ Healy,SS Connell,MM Lanning,0,0,0
Australia,3,AJ Healy,SS Connell,MM Lanning,1,0,1
Australia,3,MM Lanning,SS Connell,AJ Healy,0,0,0
Australia,3,MM Lanning,SS Connell,AJ Healy,1,0,1
Australia,3,AJ Healy,SS Connell,MM Lanning,2,0,2
Australia,3,AJ Healy,SS Connell,MM Lanning,0,0,0
Australia,4,MM Lanning,SC Selman,AJ Healy,1,0,1
Australia,4,AJ Healy,SC Selman,MM Lanning,1,0,1
Australia,4,MM Lanning,SC Selman,AJ Healy,0,0,0
Australia,4,MM Lanning,SC Selman,AJ Healy,1,0,1
Australia,4,AJ Healy,SC Selman,MM Lanning,3,0,3
Australia,4,MM Lanning,SC Selman,AJ Healy,0,0,0
Australia,5,AJ Healy,SR Taylor,MM Lanning,0,0,0
Australia,5,AJ Healy,SR Taylor,MM Lanning,2,0,2
Australia,5,AJ Healy,SR Taylor,MM Lanning,1,0,1
Australia,5,MM Lanning,SR Taylor,AJ Healy,0,0,0
Australia,5,MM Lanning,SR Taylor,AJ Healy,0,0,0
Australia,5,MM Lanning,SR Taylor,AJ Healy,1,0,1
Australia,6,MM Lanning,SC Selman,AJ Healy,0,0,0
Australia,6,MM Lanning,SC Selman,AJ Healy,1,0,1
Australia,6,AJ Healy,SC Selman,MM Lanning,1,0,1
Australia,6,MM Lanning,SC Selman,AJ Healy,0,0,0
Australia,6,MM Lanning,SC Selman,AJ Healy,4,0,4
Australia,6,MM Lanning,SC Selman,AJ Healy,0,0,0
Australia,7,AJ Healy,SR Taylor,MM Lanning,0,0,0
Australia,7,AJ Healy,SR Taylor,MM Lanning,1,0,1
Australia,7,MM Lanning,SR Taylor,AJ Healy,1,0,1
Australia,7,AJ Healy,SR Taylor,MM Lanning,1,0,1
Australia,7,MM Lanning,SR Taylor,AJ Healy,1,0,1
Australia,7,AJ Healy,SR Taylor,MM Lanning,0,0,0
Australia,8,MM Lanning,HK Matthews,AJ Healy,0,0,0
Australia,8,MM Lanning,HK Matthews,AJ Healy,0,0,0
Australia,8,MM Lanning,HK Matthews,AJ Healy,1,0,1
Australia,8,AJ Healy,HK Matthews,MM Lanning,1,0,1
Australia,8,MM Lanning,HK Matthews,AJ Healy,1,0,1
Australia,8,AJ Healy,HK Matthews,MM Lanning,0,0,0
Australia,9,MM Lanning,ASS Fletcher,AJ Healy,1,0,1
Australia,9,AJ Healy,ASS Fletcher,MM Lanning,1,0,1
Australia,9,MM Lanning,ASS Fletcher,AJ Healy,1,0,1
Australia,9,AJ Healy,ASS Fletcher,MM Lanning,1,0,1
Australia,9,MM Lanning,ASS Fletcher,AJ Healy,1,0,1
Australia,9,AJ Healy,ASS Fletcher,MM Lanning,0,0,0
Australia,10,MM Lanning,HK Matthews,AJ Healy,1,0,1
Australia,10,AJ Healy,HK Matthews,MM Lanning,4,0,4
Australia,10,AJ Healy,HK Matthews,MM Lanning,1,0,1
Australia,10,MM Lanning,HK Matthews,AJ Healy,1,0,1
Australia,10,AJ Healy,HK Matthews,MM Lanning,0,0,0
Australia,10,AJ Healy,HK Matthews,MM Lanning,1,0,1
Australia,11,AJ Healy,ASS Fletcher,MM Lanning,4,0,4
Australia,11,AJ Healy,ASS Fletcher,MM Lanning,4,0,4
Australia,11,AJ Healy,ASS Fletcher,MM Lanning,0,0,0
Australia,11,AJ Healy,ASS Fletcher,MM Lanning,1,0,1
Australia,11,MM Lanning,ASS Fletcher,AJ Healy,1,0,1
Australia,11,AJ Healy,ASS Fletcher,MM Lanning,0,0,0
Australia,12,MM Lanning,HK Matthews,A Gardner,0,0,0
Australia,12,MM Lanning,HK Matthews,A Gardner,1,0,1
Australia,12,A Gardner,HK Matthews,MM Lanning,0,0,0
Australia,12,A Gardner,HK Matthews,MM Lanning,4,0,4
Australia,12,A Gardner,HK Matthews,MM Lanning,1,0,1
Australia,12,MM Lanning,HK Matthews,A Gardner,1,0,1
Australia,13,MM Lanning,ASS Fletcher,A Gardner,1,0,1
Australia,13,A Gardner,ASS Fletcher,MM Lanning,0,1,1
Australia,13,A Gardner,ASS Fletcher,MM Lanning,2,0,2
Australia,13,A Gardner,ASS Fletcher,MM Lanning,0,0,0
Australia,13,A Gardner,ASS Fletcher,MM Lanning,0,0,0
Australia,13,A Gardner,ASS Fletcher,MM Lanning,0,0,0
Australia,13,A Gardner,ASS Fletcher,MM Lanning,6,0,6
Australia,14,MM Lanning,HK Matthews,A Gardner,4,0,4
Australia,14,MM Lanning,HK Matthews,A Gardner,0,1,1
Australia,14,A Gardner,HK Matthews,MM Lanning,1,0,1
Australia,14,MM Lanning,HK Matthews,A Gardner,1,0,1
Australia,14,A Gardner,HK Matthews,MM Lanning,0,0,0
Australia,14,EJ Villani,HK Matthews,MM Lanning,0,0,0
Australia,15,MM Lanning,ASS Fletcher,EJ Villani,1,0,1
Australia,15,EJ Villani,ASS Fletcher,MM Lanning,4,0,4
Australia,15,EJ Villani,ASS Fletcher,MM Lanning,0,0,0
Australia,15,EJ Villani,ASS Fletcher,MM Lanning,1,0,1
Australia,15,MM Lanning,ASS Fletcher,EJ Villani,0,1,1
Australia,15,MM Lanning,ASS Fletcher,EJ Villani,1,0,1
Australia,15,EJ Villani,ASS Fletcher,MM Lanning,0,0,0
Australia,16,MM Lanning,DJS Dottin,EJ Villani,0,0,0
Australia,16,MM Lanning,DJS Dottin,EJ Villani,0,4,4
Australia,16,MM Lanning,DJS Dottin,EJ Villani,2,0,2
Australia,16,MM Lanning,DJS Dottin,EJ Villani,0,0,0
Australia,16,RL Haynes,DJS Dottin,EJ Villani,0,1,1
Australia,16,RL Haynes,DJS Dottin,EJ Villani,1,0,1
Australia,16,EJ Villani,DJS Dottin,RL Haynes,0,1,1
Australia,16,EJ Villani,DJS Dottin,RL Haynes,1,0,1
Australia,17,EJ Villani,SR Taylor,RL Haynes,0,0,0
Australia,17,RL Haynes,SR Taylor,EA Perry,0,0,0
Australia,17,RL Haynes,SR Taylor,EA Perry,1,0,1
Australia,17,EA Perry,SR Taylor,RL Haynes,1,0,1
Australia,17,RL Haynes,SR Taylor,EA Perry,0,0,0
Australia,17,RL Haynes,SR Taylor,EA Perry,1,0,1
Australia,18,RL Haynes,DJS Dottin,EA Perry,4,0,4
Australia,18,RL Haynes,DJS Dottin,EA Perry,0,1,1
Australia,18,RL Haynes,DJS Dottin,EA Perry,4,0,4
Australia,18,RL Haynes,DJS Dottin,EA Perry,0,1,1
Australia,18,RL Haynes,DJS Dottin,EA Perry,4,0,4
Australia,18,RL Haynes,DJS Dottin,EA Perry,1,0,1
Australia,18,EA Perry,DJS Dottin,RL Haynes,1,0,1
Australia,18,RL Haynes,DJS Dottin,EA Perry,1,0,1
Australia,19,RL Haynes,SR Taylor,EA Perry,1,0,1
Australia,19,EA Perry,SR Taylor,RL Haynes,1,0,1
Australia,19,RL Haynes,SR Taylor,EA Perry,2,0,2
Australia,19,RL Haynes,SR Taylor,EA Perry,4,0,4
Australia,19,RL Haynes,SR Taylor,EA Perry,0,0,0
Australia,19,RL Haynes,SR Taylor,EA Perry,1,0,1
West Indies,0,HK Matthews,ML Schutt,DJS Dottin,1,0,1
West Indies,0,DJS Dottin,ML Schutt,HK Matthews,0,1,1
West Indies,0,DJS Dottin,ML Schutt,HK Matthews,0,1,1
West Indies,0,DJS Dottin,ML Schutt,HK Matthews,0,0,0
West Indies,0,DJS Dottin,ML Schutt,HK Matthews,0,0,0
West Indies,0,DJS Dottin,ML Schutt,HK Matthews,1,0,1
West Indies,0,HK Matthews,ML Schutt,DJS Dottin,4,0,4
West Indies,0,HK Matthews,ML Schutt,DJS Dottin,0,2,2
West Indies,1,DJS Dottin,S Molineux,HK Matthews,0,0,0
West Indies,1,DJS Dottin,S Molineux,HK Matthews,0,0,0
West Indies,1,DJS Dottin,S Molineux,HK Matthews,4,0,4
West Indies,1,DJS Dottin,S Molineux,HK Matthews,1,0,1
West Indies,1,HK Matthews,S Molineux,DJS Dottin,0,0,0
West Indies,1,SR Taylor,S Molineux,DJS Dottin,0,0,0
West Indies,2,DJS Dottin,EA Perry,SR Taylor,0,0,0
West Indies,2,DJS Dottin,EA Perry,SR Taylor,0,0,0
West Indies,2,DJS Dottin,EA Perry,SR Taylor,0,0,0
West Indies,2,DJS Dottin,EA Perry,SR Taylor,0,0,0
West Indies,2,SA Campbelle,EA Perry,SR Taylor,0,0,0
West Indies,2,SA Campbelle,EA Perry,SR Taylor,0,0,0
West Indies,3,SR Taylor,S Molineux,SA Campbelle,0,0,0
West Indies,3,SR Taylor,S Molineux,SA Campbelle,1,0,1
West Indies,3,SA Campbelle,S Molineux,SR Taylor,1,0,1
West Indies,3,SR Taylor,S Molineux,SA Campbelle,1,0,1
West Indies,3,SA Campbelle,S Molineux,SR Taylor,4,0,4
West Indies,3,SA Campbelle,S Molineux,SR Taylor,1,0,1
West Indies,4,SA Campbelle,EA Perry,SR Taylor,1,0,1
West Indies,4,SR Taylor,EA Perry,SA Campbelle,0,0,0
West Indies,4,SR Taylor,EA Perry,SA Campbelle,1,0,1
West Indies,4,SA Campbelle,EA Perry,SR Taylor,0,0,0
West Indies,4,SA Campbelle,EA Perry,SR Taylor,0,0,0
West Indies,4,SA Campbelle,EA Perry,SR Taylor,0,0,0
West Indies,5,SR Taylor,ML Schutt,NY McLean,0,0,0
West Indies,5,SR Taylor,ML Schutt,NY McLean,0,0,0
West Indies,5,SR Taylor,ML Schutt,NY McLean,0,0,0
West Indies,5,SR Taylor,ML Schutt,NY McLean,0,0,0
West Indies,5,SR Taylor,ML Schutt,NY McLean,1,0,1
West Indies,5,NY McLean,ML Schutt,SR Taylor,0,0,0
West Indies,6,SR Taylor,DM Kimmince,NY McLean,1,0,1
West Indies,6,NY McLean,DM Kimmince,SR Taylor,0,0,0
West Indies,6,Kycia A Knight,DM Kimmince,SR Taylor,1,0,1
West Indies,6,SR Taylor,DM Kimmince,Kycia A Knight,0,0,0
West Indies,6,SR Taylor,DM Kimmince,Kycia A Knight,1,0,1
West Indies,6,Kycia A Knight,DM Kimmince,SR Taylor,1,0,1
West Indies,7,Kycia A Knight,A Gardner,SR Taylor,1,0,1
West Indies,7,SR Taylor,A Gardner,Kycia A Knight,1,0,1
West Indies,7,Kycia A Knight,A Gardner,SR Taylor,0,0,0
West Indies,7,Kycia A Knight,A Gardner,SR Taylor,1,0,1
West Indies,7,SR Taylor,A Gardner,Kycia A Knight,0,0,0
West Indies,7,SR Taylor,A Gardner,Kycia A Knight,1,0,1
West Indies,8,SR Taylor,DM Kimmince,Kycia A Knight,0,0,0
West Indies,8,SR Taylor,DM Kimmince,Kycia A Knight,0,0,0
West Indies,8,SR Taylor,DM Kimmince,Kycia A Knight,2,0,2
West Indies,8,SR Taylor,DM Kimmince,Kycia A Knight,0,0,0
West Indies,8,SR Taylor,DM Kimmince,Kycia A Knight,0,0,0
West Indies,8,SR Taylor,DM Kimmince,Kycia A Knight,1,0,1
West Indies,9,SR Taylor,G Wareham,Kycia A Knight,4,0,4
West Indies,9,SR Taylor,G Wareham,Kycia A Knight,0,0,0
West Indies,9,SR Taylor,G Wareham,Kycia A Knight,0,0,0
West Indies,9,SR Taylor,G Wareham,Kycia A Knight,1,0,1
West Indies,9,Kycia A Knight,G Wareham,SR Taylor,2,0,2
West Indies,9,Kycia A Knight,G Wareham,SR Taylor,0,0,0
West Indies,10,SR Taylor,S Molineux,Kycia A Knight,0,0,0
West Indies,10,Kycia A Knight,S Molineux,B Cooper,1,0,1
West Indies,10,B Cooper,S Molineux,Kycia A Knight,0,0,0
West Indies,10,B Cooper,S Molineux,Kycia A Knight,0,0,0
West Indies,10,B Cooper,S Molineux,Kycia A Knight,0,0,0
West Indies,10,B Cooper,S Molineux,Kycia A Knight,0,0,0
West Indies,11,Kycia A Knight,A Gardner,B Cooper,0,0,0
West Indies,11,B Cooper,A Gardner,CA Henry,0,0,0
West Indies,11,B Cooper,A Gardner,CA Henry,1,0,1
West Indies,11,CA Henry,A Gardner,B Cooper,4,0,4
West Indies,11,CA Henry,A Gardner,B Cooper,0,0,0
West Indies,11,CA Henry,A Gardner,B Cooper,0,0,0
West Indies,12,B Cooper,DM Kimmince,CA Henry,0,1,1
West Indies,12,B Cooper,DM Kimmince,CA Henry,1,0,1
West Indies,12,CA Henry,DM Kimmince,B Cooper,1,0,1
West Indies,12,B Cooper,DM Kimmince,CA Henry,0,0,0
West Indies,12,B Cooper,DM Kimmince,CA Henry,0,0,0
West Indies,12,B Cooper,DM Kimmince,CA Henry,0,0,0
West Indies,12,CA Henry,DM Kimmince,ASS Fletcher,1,0,1
West Indies,13,CA Henry,A Gardner,ASS Fletcher,1,0,1
West Indies,13,ASS Fletcher,A Gardner,CA Henry,1,0,1
West Indies,13,CA Henry,A Gardner,ASS Fletcher,0,0,0
West Indies,13,CA Henry,A Gardner,ASS Fletcher,0,0,0
West Indies,13,CA Henry,A Gardner,ASS Fletcher,0,0,0
West Indies,13,CA Henry,A Gardner,ASS Fletcher,0,0,0
West Indies,14,ASS Fletcher,ML Schutt,CA Henry,1,0,1
West Indies,14,CA Henry,ML Schutt,ASS Fletcher,0,0,0
West Indies,14,CA Henry,ML Schutt,ASS Fletcher,1,0,1
West Indies,14,ASS Fletcher,ML Schutt,CA Henry,1,0,1
West Indies,14,CA Henry,ML Schutt,ASS Fletcher,0,1,1
West Indies,14,CA Henry,ML Schutt,ASS Fletcher,0,0,0
West Indies,14,SS Connell,ML Schutt,ASS Fletcher,0,0,0
West Indies,15,ASS Fletcher,A Gardner,SS Connell,0,0,0
West Indies,15,SC Selman,A Gardner,SS Connell,0,0,0
West Indies,15,SC Selman,A Gardner,SS Connell,0,1,1
West Indies,15,SC Selman,A Gardner,SS Connell,0,1,1
West Indies,15,SS Connell,A Gardner,SC Selman,1,0,1
West Indies,15,SC Selman,A Gardner,SS Connell,1,0,1
West Indies,15,SS Connell,A Gardner,SC Selman,1,0,1
West Indies,16,SS Connell,DM Kimmince,SC Selman,1,0,1
West Indies,16,SC Selman,DM Kimmince,SS Connell,1,0,1
West Indies,16,SS Connell,DM Kimmince,SC Selman,0,0,0
West Indies,16,SS Connell,DM Kimmince,SC Selman,2,0,2
West Indies,16,SS Connell,DM Kimmince,SC Selman,1,0,1
West Indies,16,SC Selman,DM Kimmince,SS Connell,1,0,1
West Indies,17,SC Selman,G Wareham,SS Connell,0,0,0
West Indies,17,SC Selman,G Wareham,SS Connell,0,0,0
West Indies,17,SC Selman,G Wareham,SS Connell,0,0,0
