Team,Over,Batter,Bowler,Non_Striker,Batter_Runs,Extras,Total_Runs
Pakistan,0,Nahida Khan,EAJ Richardson,Ayesha Zafar,0,0,0
Pakistan,0,Nahida Khan,EAJ Richardson,Ayesha Zafar,1,0,1
Pakistan,0,Ayesha Zafar,EAJ Richardson,Nahida Khan,0,0,0
Pakistan,0,Ayesha Zafar,EAJ Richardson,Nahida Khan,1,0,1
Pakistan,0,Nahida Khan,EAJ Richardson,Ayesha Zafar,1,0,1
Pakistan,0,Ayesha Zafar,EAJ Richardson,Nahida Khan,0,0,0
Pakistan,1,Nahida Khan,LK O'Reilly,Ayesha Zafar,0,0,0
Pakistan,1,Nahida Khan,LK O'Reilly,Ayesha Zafar,0,0,0
Pakistan,1,Nahida Khan,LK O'Reilly,Ayesha Zafar,0,0,0
Pakistan,1,Nahida Khan,LK O'Reilly,Ayesha Zafar,0,0,0
Pakistan,1,Nahida Khan,LK O'Reilly,Ayesha Zafar,0,0,0
Pakistan,1,Nahida Khan,LK O'Reilly,Ayesha Zafar,0,0,0
Pakistan,2,Ayesha Zafar,EAJ Richardson,Nahida Khan,1,0,1
Pakistan,2,Nahida Khan,EAJ Richardson,Ayesha Zafar,0,0,0
Pakistan,2,Nahida Khan,EAJ Richardson,Ayesha Zafar,4,0,4
Pakistan,2,Nahida Khan,EAJ Richardson,Ayesha Zafar,1,0,1
Pakistan,2,Ayesha Zafar,EAJ Richardson,Nahida Khan,0,0,0
Pakistan,2,Ayesha Zafar,EAJ Richardson,Nahida Khan,1,0,1
Pakistan,3,Ayesha Zafar,KJ Garth,Nahida Khan,1,0,1
Pakistan,3,Nahida Khan,KJ Garth,Ayesha Zafar,0,0,0
Pakistan,3,Nahida Khan,KJ Garth,Ayesha Zafar,1,0,1
Pakistan,3,Ayesha Zafar,KJ Garth,Nahida Khan,1,0,1
Pakistan,3,Nahida Khan,KJ Garth,Ayesha Zafar,1,0,1
Pakistan,3,Ayesha Zafar,KJ Garth,Nahida Khan,0,0,0
Pakistan,4,Nahida Khan,CJ Metcalfe,Ayesha Zafar,1,0,1
Pakistan,4,Ayesha Zafar,CJ Metcalfe,Nahida Khan,1,0,1
Pakistan,4,Nahida Khan,CJ Metcalfe,Ayesha Zafar,0,0,0
Pakistan,4,Javeria Khan,CJ Metcalfe,Ayesha Zafar,0,0,0
Pakistan,4,Javeria Khan,CJ Metcalfe,Ayesha Zafar,0,0,0
Pakistan,4,Javeria Khan,CJ Metcalfe,Ayesha Zafar,1,0,1
Pakistan,5,Javeria Khan,LK O'Reilly,Ayesha Zafar,0,0,0
Pakistan,5,Javeria Khan,LK O'Reilly,Ayesha Zafar,0,0,0
Pakistan,5,Javeria Khan,LK O'Reilly,Ayesha Zafar,0,0,0
Pakistan,5,Javeria Khan,LK O'Reilly,Ayesha Zafar,0,1,1
Pakistan,5,Ayesha Zafar,LK O'Reilly,Javeria Khan,1,0,1
Pakistan,5,Javeria Khan,LK O'Reilly,Ayesha Zafar,1,0,1
Pakistan,6,Javeria Khan,CJ Metcalfe,Ayesha Zafar,0,0,0
Pakistan,6,Javeria Khan,CJ Metcalfe,Ayesha Zafar,1,0,1
Pakistan,6,Ayesha Zafar,CJ Metcalfe,Javeria Khan,1,0,1
Pakistan,6,Javeria Khan,CJ Metcalfe,Ayesha Zafar,0,0,0
Pakistan,6,Javeria Khan,CJ Metcalfe,Ayesha Zafar,0,0,0
Pakistan,6,Javeria Khan,CJ Metcalfe,Ayesha Zafar,1,0,1
Pakistan,7,Javeria Khan,KJ Garth,Ayesha Zafar,4,0,4
Pakistan,7,Javeria Khan,KJ Garth,Ayesha Zafar,1,0,1
Pakistan,7,Ayesha Zafar,KJ Garth,Javeria Khan,0,0,0
Pakistan,7,Ayesha Zafar,KJ Garth,Javeria Khan,0,0,0
Pakistan,7,Ayesha Zafar,KJ Garth,Javeria Khan,1,0,1
Pakistan,7,Javeria Khan,KJ Garth,Ayesha Zafar,0,0,0
Pakistan,8,Ayesha Zafar,C Raack,Javeria Khan,0,0,0
Pakistan,8,Ayesha Zafar,C Raack,Javeria Khan,1,0,1
Pakistan,8,Javeria Khan,C Raack,Ayesha Zafar,4,0,4
Pakistan,8,Javeria Khan,C Raack,Ayesha Zafar,4,0,4
Pakistan,8,Javeria Khan,C Raack,Ayesha Zafar,1,0,1
Pakistan,8,Ayesha Zafar,C Raack,Javeria Khan,1,0,1
Pakistan,9,Ayesha Zafar,L Delany,Javeria Khan,4,0,4
Pakistan,9,Ayesha Zafar,L Delany,Javeria Khan,0,1,1
Pakistan,9,Ayesha Zafar,L Delany,Javeria Khan,4,0,4
Pakistan,9,Ayesha Zafar,L Delany,Javeria Khan,1,0,1
Pakistan,9,Javeria Khan,L Delany,Ayesha Zafar,1,0,1
Pakistan,9,Ayesha Zafar,L Delany,Javeria Khan,1,0,1
Pakistan,9,Javeria Khan,L Delany,Ayesha Zafar,1,0,1
Pakistan,10,Umaima Sohail,C Raack,Javeria Khan,0,0,0
Pakistan,10,Umaima Sohail,C Raack,Javeria Khan,0,0,0
Pakistan,10,Umaima Sohail,C Raack,Javeria Khan,0,0,0
Pakistan,10,Umaima Sohail,C Raack,Javeria Khan,1,0,1
Pakistan,10,Javeria Khan,C Raack,Umaima Sohail,4,0,4
Pakistan,10,Javeria Khan,C Raack,Umaima Sohail,1,0,1
Pakistan,11,Javeria Khan,IMHC Joyce,Umaima Sohail,1,1,2
Pakistan,11,Umaima Sohail,IMHC Joyce,Javeria Khan,0,0,0
Pakistan,11,Umaima Sohail,IMHC Joyce,Javeria Khan,2,0,2
Pakistan,11,Umaima Sohail,IMHC Joyce,Javeria Khan,1,0,1
Pakistan,11,Javeria Khan,IMHC Joyce,Umaima Sohail,4,0,4
Pakistan,11,Javeria Khan,IMHC Joyce,Umaima Sohail,2,0,2
Pakistan,11,Javeria Khan,IMHC Joyce,Umaima Sohail,1,0,1
Pakistan,12,Javeria Khan,CJ Metcalfe,Umaima Sohail,1,0,1
Pakistan,12,Umaima Sohail,CJ Metcalfe,Javeria Khan,0,0,0
Pakistan,12,Umaima Sohail,CJ Metcalfe,Javeria Khan,1,0,1
Pakistan,12,Javeria Khan,CJ Metcalfe,Umaima Sohail,4,0,4
Pakistan,12,Javeria Khan,CJ Metcalfe,Umaima Sohail,1,0,1
Pakistan,12,Umaima Sohail,CJ Metcalfe,Javeria Khan,3,0,3
Pakistan,13,Umaima Sohail,EAJ Richardson,Javeria Khan,4,0,4
Pakistan,13,Umaima Sohail,EAJ Richardson,Javeria Khan,1,0,1
Pakistan,13,Javeria Khan,EAJ Richardson,Umaima Sohail,0,0,0
Pakistan,13,Javeria Khan,EAJ Richardson,Umaima Sohail,1,0,1
Pakistan,13,Umaima Sohail,EAJ Richardson,Javeria Khan,2,0,2
Pakistan,13,Umaima Sohail,EAJ Richardson,Javeria Khan,0,0,0
Pakistan,14,Javeria Khan,C Raack,Umaima Sohail,0,0,0
Pakistan,14,Javeria Khan,C Raack,Umaima Sohail,1,0,1
Pakistan,14,Umaima Sohail,C Raack,Javeria Khan,0,0,0
Pakistan,14,Umaima Sohail,C Raack,Javeria Khan,1,0,1
Pakistan,14,Javeria Khan,C Raack,Umaima Sohail,0,0,0
Pakistan,14,Javeria Khan,C Raack,Umaima Sohail,2,0,2
Pakistan,15,Umaima Sohail,KJ Garth,Javeria Khan,1,0,1
Pakistan,15,Javeria Khan,KJ Garth,Umaima Sohail,1,0,1
Pakistan,15,Umaima Sohail,KJ Garth,Javeria Khan,1,0,1
Pakistan,15,Javeria Khan,KJ Garth,Umaima Sohail,0,1,1
Pakistan,15,Javeria Khan,KJ Garth,Umaima Sohail,0,0,0
Pakistan,15,Javeria Khan,KJ Garth,Umaima Sohail,2,0,2
Pakistan,15,Javeria Khan,KJ Garth,Umaima Sohail,2,0,2
Pakistan,16,Umaima Sohail,C Raack,Javeria Khan,0,0,0
Pakistan,16,Javeria Khan,C Raack,Nida Dar,4,0,4
Pakistan,16,Javeria Khan,C Raack,Nida Dar,4,0,4
Pakistan,16,Javeria Khan,C Raack,Nida Dar,4,0,4
Pakistan,16,Javeria Khan,C Raack,Nida Dar,1,0,1
Pakistan,16,Nida Dar,C Raack,Javeria Khan,1,0,1
Pakistan,17,Nida Dar,LK O'Reilly,Javeria Khan,4,0,4
Pakistan,17,Nida Dar,LK O'Reilly,Javeria Khan,0,0,0
Pakistan,17,Nida Dar,LK O'Reilly,Javeria Khan,1,0,1
Pakistan,17,Javeria Khan,LK O'Reilly,Nida Dar,0,0,0
Pakistan,17,Javeria Khan,LK O'Reilly,Nida Dar,4,0,4
Pakistan,17,Javeria Khan,LK O'Reilly,Nida Dar,4,0,4
Pakistan,18,Nida Dar,KJ Garth,Javeria Khan,1,0,1
Pakistan,18,Javeria Khan,KJ Garth,Nida Dar,1,0,1
Pakistan,18,Nida Dar,KJ Garth,Javeria Khan,1,0,1
Pakistan,18,Javeria Khan,KJ Garth,Nida Dar,1,0,1
Pakistan,18,Nida Dar,KJ Garth,Javeria Khan,1,0,1
Pakistan,18,Javeria Khan,KJ Garth,Nida Dar,2,0,2
Pakistan,19,Nida Dar,LK O'Reilly,Javeria Khan,0,0,0
Pakistan,19,Aliya Riaz,LK O'Reilly,Javeria Khan,1,0,1
Pakistan,19,Javeria Khan,LK O'Reilly,Aliya Riaz,0,0,0
Pakistan,19,Javeria Khan,LK O'Reilly,Aliya Riaz,0,1,1
Pakistan,19,Javeria Khan,LK O'Reilly,Aliya Riaz,1,0,1
Pakistan,19,Aliya Riaz,LK O'Reilly,Javeria Khan,0,1,1
Pakistan,19,Aliya Riaz,LK O'Reilly,Javeria Khan,0,0,0
Pakistan,19,Bismah Maroof,LK O'Reilly,Javeria Khan,0,0,0
Ireland,0,CMA Shillington,Sana Mir,GH Lewis,0,0,0
Ireland,0,CMA Shillington,Sana Mir,GH Lewis,0,0,0
Ireland,0,CMA Shillington,Sana Mir,GH Lewis,2,0,2
Ireland,0,CMA Shillington,Sana Mir,GH Lewis,0,0,0
Ireland,0,CMA Shillington,Sana Mir,GH Lewis,0,0,0
Ireland,0,CMA Shillington,Sana Mir,GH Lewis,1,0,1
Ireland,1,CMA Shillington,Aiman Anwer,GH Lewis,0,0,0
Ireland,1,CMA Shillington,Aiman Anwer,GH Lewis,0,0,0
Ireland,1,CMA Shillington,Aiman Anwer,GH Lewis,0,0,0
Ireland,1,CMA Shillington,Aiman Anwer,GH Lewis,0,0,0
Ireland,1,CMA Shillington,Aiman Anwer,GH Lewis,4,0,4
Ireland,1,CMA Shillington,Aiman Anwer,GH Lewis,0,0,0
Ireland,2,GH Lewis,Sana Mir,CMA Shillington,0,0,0
Ireland,2,GH Lewis,Sana Mir,CMA Shillington,0,0,0
Ireland,2,GH Lewis,Sana Mir,CMA Shillington,0,5,5
Ireland,2,GH Lewis,Sana Mir,CMA Shillington,0,0,0
Ireland,2,GH Lewis,Sana Mir,CMA Shillington,0,0,0
Ireland,2,GH Lewis,Sana Mir,CMA Shillington,2,0,2
Ireland,2,GH Lewis,Sana Mir,CMA Shillington,0,0,0
Ireland,3,CMA Shillington,Aiman Anwer,IMHC Joyce,0,0,0
Ireland,3,CMA Shillington,Aiman Anwer,IMHC Joyce,0,1,1
Ireland,3,IMHC Joyce,Aiman Anwer,CMA Shillington,0,0,0
Ireland,3,IMHC Joyce,Aiman Anwer,CMA Shillington,1,0,1
Ireland,3,CMA Shillington,Aiman Anwer,IMHC Joyce,4,0,4
Ireland,3,CMA Shillington,Aiman Anwer,IMHC Joyce,1,0,1
Ireland,4,CMA Shillington,Nida Dar,IMHC Joyce,2,0,2
Ireland,4,CMA Shillington,Nida Dar,IMHC Joyce,0,0,0
Ireland,4,CMA Shillington,Nida Dar,IMHC Joyce,4,0,4
Ireland,4,CMA Shillington,Nida Dar,IMHC Joyce,4,0,4
Ireland,4,CMA Shillington,Nida Dar,IMHC Joyce,1,0,1
Ireland,4,IMHC Joyce,Nida Dar,CMA Shillington,0,0,0
Ireland,5,CMA Shillington,Nashra Sandhu,IMHC Joyce,0,0,0
Ireland,5,CMA Shillington,Nashra Sandhu,IMHC Joyce,4,0,4
Ireland,5,CMA Shillington,Nashra Sandhu,IMHC Joyce,0,0,0
Ireland,5,CMA Shillington,Nashra Sandhu,IMHC Joyce,0,0,0
Ireland,5,EAJ Richardson,Nashra Sandhu,IMHC Joyce,0,0,0
Ireland,5,EAJ Richardson,Nashra Sandhu,IMHC Joyce,0,0,0
Ireland,6,IMHC Joyce,Nida Dar,EAJ Richardson,0,0,0
Ireland,6,IMHC Joyce,Nida Dar,EAJ Richardson,1,0,1
Ireland,6,EAJ Richardson,Nida Dar,IMHC Joyce,0,0,0
Ireland,6,EAJ Richardson,Nida Dar,IMHC Joyce,0,0,0
Ireland,6,EAJ Richardson,Nida Dar,IMHC Joyce,0,0,0
Ireland,6,EAJ Richardson,Nida Dar,IMHC Joyce,0,0,0
Ireland,7,IMHC Joyce,Nashra Sandhu,EAJ Richardson,0,0,0
Ireland,7,IMHC Joyce,Nashra Sandhu,EAJ Richardson,0,0,0
Ireland,7,IMHC Joyce,Nashra Sandhu,EAJ Richardson,0,0,0
Ireland,7,IMHC Joyce,Nashra Sandhu,EAJ Richardson,1,0,1
Ireland,7,EAJ Richardson,Nashra Sandhu,IMHC Joyce,0,0,0
Ireland,7,EAJ Richardson,Nashra Sandhu,IMHC Joyce,0,0,0
Ireland,8,IMHC Joyce,Nida Dar,KJ Garth,0,0,0
Ireland,8,IMHC Joyce,Nida Dar,KJ Garth,0,0,0
Ireland,8,IMHC Joyce,Nida Dar,KJ Garth,4,0,4
Ireland,8,IMHC Joyce,Nida Dar,KJ Garth,0,0,0
Ireland,8,IMHC Joyce,Nida Dar,KJ Garth,0,0,0
Ireland,8,IMHC Joyce,Nida Dar,KJ Garth,1,0,1
Ireland,9,IMHC Joyce,Nashra Sandhu,KJ Garth,1,0,1
Ireland,9,KJ Garth,Nashra Sandhu,IMHC Joyce,0,0,0
Ireland,9,KJ Garth,Nashra Sandhu,IMHC Joyce,0,0,0
Ireland,9,KJ Garth,Nashra Sandhu,IMHC Joyce,0,0,0
Ireland,9,KJ Garth,Nashra Sandhu,IMHC Joyce,0,0,0
Ireland,9,KJ Garth,Nashra Sandhu,IMHC Joyce,0,0,0
Ireland,10,IMHC Joyce,Aliya Riaz,KJ Garth,2,0,2
Ireland,10,IMHC Joyce,Aliya Riaz,KJ Garth,1,0,1
Ireland,10,KJ Garth,Aliya Riaz,IMHC Joyce,0,0,0
Ireland,10,KJ Garth,Aliya Riaz,IMHC Joyce,1,0,1
Ireland,10,IMHC Joyce,Aliya Riaz,KJ Garth,0,3,3
Ireland,10,IMHC Joyce,Aliya Riaz,KJ Garth,0,1,1
Ireland,10,IMHC Joyce,Aliya Riaz,KJ Garth,3,0,3
Ireland,10,KJ Garth,Aliya Riaz,IMHC Joyce,1,0,1
Ireland,11,KJ Garth,Nashra Sandhu,IMHC Joyce,0,0,0
Ireland,11,KJ Garth,Nashra Sandhu,IMHC Joyce,0,0,0
Ireland,11,KJ Garth,Nashra Sandhu,IMHC Joyce,1,0,1
Ireland,11,IMHC Joyce,Nashra Sandhu,KJ Garth,0,0,0
Ireland,11,IMHC Joyce,Nashra Sandhu,KJ Garth,1,0,1
Ireland,11,KJ Garth,Nashra Sandhu,IMHC Joyce,0,0,0
Ireland,12,IMHC Joyce,Sana Mir,KJ Garth,0,0,0
Ireland,12,IMHC Joyce,Sana Mir,KJ Garth,4,0,4
Ireland,12,IMHC Joyce,Sana Mir,KJ Garth,0,0,0
Ireland,12,IMHC Joyce,Sana Mir,KJ Garth,0,0,0
Ireland,12,IMHC Joyce,Sana Mir,KJ Garth,0,0,0
Ireland,12,IMHC Joyce,Sana Mir,KJ Garth,4,0,4
Ireland,13,KJ Garth,Bismah Maroof,IMHC Joyce,1,0,1
Ireland,13,IMHC Joyce,Bismah Maroof,KJ Garth,1,0,1
Ireland,13,KJ Garth,Bismah Maroof,IMHC Joyce,2,0,2
Ireland,13,KJ Garth,Bismah Maroof,IMHC Joyce,0,0,0
Ireland,13,KJ Garth,Bismah Maroof,IMHC Joyce,1,0,1
Ireland,13,IMHC Joyce,Bismah Maroof,KJ Garth,1,0,1
Ireland,14,IMHC Joyce,Aiman Anwer,KJ Garth,4,0,4
Ireland,14,IMHC Joyce,Aiman Anwer,KJ Garth,0,0,0
Ireland,14,L Delany,Aiman Anwer,KJ Garth,1,0,1
Ireland,14,KJ Garth,Aiman Anwer,L Delany,1,0,1
Ireland,14,L Delany,Aiman Anwer,KJ Garth,2,0,2
Ireland,14,L Delany,Aiman Anwer,KJ Garth,1,0,1
Ireland,15,L Delany,Bismah Maroof,KJ Garth,1,0,1
Ireland,15,KJ Garth,Bismah Maroof,L Delany,0,0,0
Ireland,15,SM Kavanagh,Bismah Maroof,L Delany,0,0,0
Ireland,15,SM Kavanagh,Bismah Maroof,L Delany,1,0,1
Ireland,15,L Delany,Bismah Maroof,SM Kavanagh,1,0,1
Ireland,15,SM Kavanagh,Bismah Maroof,L Delany,1,0,1
Ireland,16,SM Kavanagh,Aiman Anwer,L Delany,0,0,0
Ireland,16,MV Waldron,Aiman Anwer,L Delany,2,1,3
Ireland,16,MV Waldron,Aiman Anwer,L Delany,1,0,1
Ireland,16,L Delany,Aiman Anwer,MV Waldron,0,0,0
Ireland,16,L Delany,Aiman Anwer,MV Waldron,1,0,1
Ireland,16,MV Waldron,Aiman Anwer,L Delany,1,0,1
Ireland,16,L Delany,Aiman Anwer,MV Waldron,0,0,0
Ireland,17,MV Waldron,Aliya Riaz,L Delany,0,0,0
Ireland,17,MV Waldron,Aliya Riaz,L Delany,4,0,4
Ireland,17,MV Waldron,Aliya Riaz,L Delany,0,0,0
Ireland,17,LK O'Reilly,Aliya Riaz,L Delany,0,0,0
Ireland,17,LK O'Reilly,Aliya Riaz,L Delany,0,0,0
Ireland,17,LK O'Reilly,Aliya Riaz,L Delany,0,0,0
Ireland,18,L Delany,Sana Mir,C Raack,0,0,0
Ireland,18,L Delany,Sana Mir,C Raack,0,0,0
Ireland,18,CJ Metcalfe,Sana Mir,C Raack,2,0,2
Ireland,18,CJ Metcalfe,Sana Mir,C Raack,0,0,0
Ireland,18,CJ Metcalfe,Sana Mir,C Raack,0,0,0
Ireland,18,CJ Metcalfe,Sana Mir,C Raack,0,0,0
Ireland,19,C Raack,Nida Dar,CJ Metcalfe,0,0,0
Ireland,19,C Raack,Nida Dar,CJ Metcalfe,2,0,2
Ireland,19,C Raack,Nida Dar,CJ Metcalfe,1,0,1
Ireland,19,CJ Metcalfe,Nida Dar,C Raack,0,0,0
Ireland,19,CJ Metcalfe,Nida Dar,C Raack,0,0,0
Ireland,19,CJ Metcalfe,Nida Dar,C Raack,1,0,1
