Team,Over,Batter,Bowler,Non_Striker,Batter_Runs,Extras,Total_Runs
India,0,T Bhatia,JM Watkin,S Mandhana,4,0,4
India,0,T Bhatia,JM Watkin,S Mandhana,0,0,0
India,0,T Bhatia,JM Watkin,S Mandhana,4,0,4
India,0,T Bhatia,JM Watkin,S Mandhana,0,0,0
India,0,T Bhatia,JM Watkin,S Mandhana,1,0,1
India,0,S Mandhana,JM Watkin,T Bhatia,0,0,0
India,1,T Bhatia,LMM Tahuhu,S Mandhana,0,0,0
India,1,JI Rodrigues,LMM Tahuhu,S Mandhana,2,0,2
India,1,JI Rodrigues,LMM Tahuhu,S Mandhana,0,0,0
India,1,JI Rodrigues,LMM Tahuhu,S Mandhana,0,2,2
India,1,JI Rodrigues,LMM Tahuhu,S Mandhana,0,0,0
India,1,JI Rodrigues,LMM Tahuhu,S Mandhana,1,0,1
India,2,JI Rodrigues,LM Kasperek,S Mandhana,1,0,1
India,2,S Mandhana,LM Kasperek,JI Rodrigues,2,0,2
India,2,S Mandhana,LM Kasperek,JI Rodrigues,0,0,0
India,2,S Mandhana,LM Kasperek,JI Rodrigues,0,0,0
India,2,S Mandhana,LM Kasperek,JI Rodrigues,0,0,0
India,2,S Mandhana,LM Kasperek,JI Rodrigues,0,0,0
India,3,JI Rodrigues,LMM Tahuhu,S Mandhana,0,0,0
India,3,JI Rodrigues,LMM Tahuhu,S Mandhana,4,0,4
India,3,JI Rodrigues,LMM Tahuhu,S Mandhana,0,0,0
India,3,JI Rodrigues,LMM Tahuhu,S Mandhana,0,1,1
India,3,S Mandhana,LMM Tahuhu,JI Rodrigues,0,0,0
India,3,D Hemalatha,LMM Tahuhu,JI Rodrigues,2,0,2
India,4,JI Rodrigues,HNK Jensen,D Hemalatha,1,0,1
India,4,D Hemalatha,HNK Jensen,JI Rodrigues,1,0,1
India,4,JI Rodrigues,HNK Jensen,D Hemalatha,1,0,1
India,4,D Hemalatha,HNK Jensen,JI Rodrigues,2,0,2
India,4,D Hemalatha,HNK Jensen,JI Rodrigues,4,0,4
India,4,D Hemalatha,HNK Jensen,JI Rodrigues,4,0,4
India,5,JI Rodrigues,LM Kasperek,D Hemalatha,0,0,0
India,5,JI Rodrigues,LM Kasperek,D Hemalatha,1,0,1
India,5,D Hemalatha,LM Kasperek,JI Rodrigues,2,0,2
India,5,D Hemalatha,LM Kasperek,JI Rodrigues,0,0,0
India,5,H Kaur,LM Kasperek,JI Rodrigues,0,0,0
India,5,H Kaur,LM Kasperek,JI Rodrigues,1,0,1
India,6,H Kaur,AC Kerr,JI Rodrigues,0,0,0
India,6,H Kaur,AC Kerr,JI Rodrigues,0,0,0
India,6,H Kaur,AC Kerr,JI Rodrigues,0,0,0
India,6,H Kaur,AC Kerr,JI Rodrigues,1,0,1
India,6,JI Rodrigues,AC Kerr,H Kaur,2,0,2
India,6,JI Rodrigues,AC Kerr,H Kaur,1,0,1
India,7,JI Rodrigues,SFM Devine,H Kaur,4,0,4
India,7,JI Rodrigues,SFM Devine,H Kaur,1,0,1
India,7,H Kaur,SFM Devine,JI Rodrigues,1,0,1
India,7,JI Rodrigues,SFM Devine,H Kaur,1,0,1
India,7,H Kaur,SFM Devine,JI Rodrigues,0,0,0
India,7,H Kaur,SFM Devine,JI Rodrigues,0,0,0
India,8,JI Rodrigues,AC Kerr,H Kaur,4,0,4
India,8,JI Rodrigues,AC Kerr,H Kaur,1,0,1
India,8,H Kaur,AC Kerr,JI Rodrigues,1,0,1
India,8,JI Rodrigues,AC Kerr,H Kaur,1,0,1
India,8,H Kaur,AC Kerr,JI Rodrigues,0,0,0
India,8,H Kaur,AC Kerr,JI Rodrigues,1,0,1
India,9,H Kaur,JM Watkin,JI Rodrigues,0,0,0
India,9,H Kaur,JM Watkin,JI Rodrigues,6,0,6
India,9,H Kaur,JM Watkin,JI Rodrigues,2,0,2
India,9,H Kaur,JM Watkin,JI Rodrigues,1,0,1
India,9,JI Rodrigues,JM Watkin,H Kaur,1,0,1
India,9,H Kaur,JM Watkin,JI Rodrigues,6,0,6
India,10,JI Rodrigues,LM Kasperek,H Kaur,1,0,1
India,10,H Kaur,LM Kasperek,JI Rodrigues,1,0,1
India,10,JI Rodrigues,LM Kasperek,H Kaur,2,0,2
India,10,JI Rodrigues,LM Kasperek,H Kaur,1,0,1
India,10,H Kaur,LM Kasperek,JI Rodrigues,0,0,0
India,10,H Kaur,LM Kasperek,JI Rodrigues,0,0,0
India,11,JI Rodrigues,LMM Tahuhu,H Kaur,0,0,0
India,11,JI Rodrigues,LMM Tahuhu,H Kaur,4,0,4
India,11,JI Rodrigues,LMM Tahuhu,H Kaur,0,1,1
India,11,H Kaur,LMM Tahuhu,JI Rodrigues,0,0,0
India,11,H Kaur,LMM Tahuhu,JI Rodrigues,4,0,4
India,11,H Kaur,LMM Tahuhu,JI Rodrigues,1,0,1
India,12,H Kaur,AC Kerr,JI Rodrigues,0,0,0
India,12,H Kaur,AC Kerr,JI Rodrigues,1,0,1
India,12,JI Rodrigues,AC Kerr,H Kaur,0,0,0
India,12,JI Rodrigues,AC Kerr,H Kaur,4,0,4
India,12,JI Rodrigues,AC Kerr,H Kaur,1,0,1
India,12,H Kaur,AC Kerr,JI Rodrigues,1,0,1
India,13,H Kaur,AE Satterthwaite,JI Rodrigues,1,0,1
India,13,JI Rodrigues,AE Satterthwaite,H Kaur,1,0,1
India,13,H Kaur,AE Satterthwaite,JI Rodrigues,6,0,6
India,13,H Kaur,AE Satterthwaite,JI Rodrigues,0,0,0
India,13,H Kaur,AE Satterthwaite,JI Rodrigues,6,0,6
India,13,H Kaur,AE Satterthwaite,JI Rodrigues,4,0,4
India,14,JI Rodrigues,SFM Devine,H Kaur,1,0,1
India,14,H Kaur,SFM Devine,JI Rodrigues,4,0,4
India,14,H Kaur,SFM Devine,JI Rodrigues,1,0,1
India,14,JI Rodrigues,SFM Devine,H Kaur,0,0,0
India,14,JI Rodrigues,SFM Devine,H Kaur,1,0,1
India,14,H Kaur,SFM Devine,JI Rodrigues,1,0,1
India,15,H Kaur,LM Kasperek,JI Rodrigues,2,0,2
India,15,H Kaur,LM Kasperek,JI Rodrigues,2,0,2
India,15,H Kaur,LM Kasperek,JI Rodrigues,4,0,4
India,15,H Kaur,LM Kasperek,JI Rodrigues,6,0,6
India,15,H Kaur,LM Kasperek,JI Rodrigues,1,0,1
India,15,JI Rodrigues,LM Kasperek,H Kaur,1,0,1
India,16,JI Rodrigues,HNK Jensen,H Kaur,4,0,4
India,16,JI Rodrigues,HNK Jensen,H Kaur,2,0,2
India,16,JI Rodrigues,HNK Jensen,H Kaur,1,0,1
India,16,H Kaur,HNK Jensen,JI Rodrigues,4,0,4
India,16,H Kaur,HNK Jensen,JI Rodrigues,4,0,4
India,16,H Kaur,HNK Jensen,JI Rodrigues,0,0,0
India,17,JI Rodrigues,AC Kerr,H Kaur,4,0,4
India,17,JI Rodrigues,AC Kerr,H Kaur,1,0,1
India,17,H Kaur,AC Kerr,JI Rodrigues,4,0,4
India,17,H Kaur,AC Kerr,JI Rodrigues,1,0,1
India,17,JI Rodrigues,AC Kerr,H Kaur,1,0,1
India,17,H Kaur,AC Kerr,JI Rodrigues,6,0,6
India,18,JI Rodrigues,JM Watkin,H Kaur,2,0,2
India,18,JI Rodrigues,JM Watkin,H Kaur,0,0,0
India,18,V Krishnamurthy,JM Watkin,H Kaur,0,0,0
India,18,V Krishnamurthy,JM Watkin,H Kaur,1,0,1
India,18,H Kaur,JM Watkin,V Krishnamurthy,6,0,6
India,18,H Kaur,JM Watkin,V Krishnamurthy,6,0,6
India,19,V Krishnamurthy,SFM Devine,H Kaur,1,0,1
India,19,H Kaur,SFM Devine,V Krishnamurthy,2,0,2
India,19,H Kaur,SFM Devine,V Krishnamurthy,2,0,2
India,19,H Kaur,SFM Devine,V Krishnamurthy,2,0,2
India,19,H Kaur,SFM Devine,V Krishnamurthy,0,0,0
India,19,RP Yadav,SFM Devine,V Krishnamurthy,0,0,0
New Zealand,0,SW Bates,A Reddy,AM Peterson,4,0,4
New Zealand,0,SW Bates,A Reddy,AM Peterson,0,0,0
New Zealand,0,SW Bates,A Reddy,AM Peterson,2,0,2
New Zealand,0,SW Bates,A Reddy,AM Peterson,1,0,1
New Zealand,0,AM Peterson,A Reddy,SW Bates,0,0,0
New Zealand,0,AM Peterson,A Reddy,SW Bates,4,0,4
New Zealand,1,SW Bates,RP Yadav,AM Peterson,0,0,0
New Zealand,1,SW Bates,RP Yadav,AM Peterson,0,0,0
New Zealand,1,SW Bates,RP Yadav,AM Peterson,1,0,1
New Zealand,1,AM Peterson,RP Yadav,SW Bates,0,0,0
New Zealand,1,AM Peterson,RP Yadav,SW Bates,1,0,1
New Zealand,1,SW Bates,RP Yadav,AM Peterson,0,0,0
New Zealand,2,AM Peterson,DB Sharma,SW Bates,1,0,1
New Zealand,2,SW Bates,DB Sharma,AM Peterson,0,0,0
New Zealand,2,SW Bates,DB Sharma,AM Peterson,0,0,0
New Zealand,2,SW Bates,DB Sharma,AM Peterson,0,2,2
New Zealand,2,AM Peterson,DB Sharma,SW Bates,1,0,1
New Zealand,2,SW Bates,DB Sharma,AM Peterson,4,0,4
New Zealand,2,SW Bates,DB Sharma,AM Peterson,1,0,1
New Zealand,3,SW Bates,RP Yadav,AM Peterson,0,0,0
New Zealand,3,SW Bates,RP Yadav,AM Peterson,4,0,4
New Zealand,3,SW Bates,RP Yadav,AM Peterson,2,0,2
New Zealand,3,SW Bates,RP Yadav,AM Peterson,4,0,4
New Zealand,3,SW Bates,RP Yadav,AM Peterson,0,0,0
New Zealand,3,SW Bates,RP Yadav,AM Peterson,1,0,1
New Zealand,4,SW Bates,DB Sharma,AM Peterson,0,0,0
New Zealand,4,SW Bates,DB Sharma,AM Peterson,1,0,1
New Zealand,4,AM Peterson,DB Sharma,SW Bates,0,0,0
New Zealand,4,AM Peterson,DB Sharma,SW Bates,1,0,1
New Zealand,4,SW Bates,DB Sharma,AM Peterson,4,0,4
New Zealand,4,SW Bates,DB Sharma,AM Peterson,1,0,1
New Zealand,5,SW Bates,A Reddy,AM Peterson,2,0,2
New Zealand,5,SW Bates,A Reddy,AM Peterson,1,0,1
New Zealand,5,AM Peterson,A Reddy,SW Bates,2,0,2
New Zealand,5,AM Peterson,A Reddy,SW Bates,0,1,1
New Zealand,5,SW Bates,A Reddy,AM Peterson,1,0,1
New Zealand,5,AM Peterson,A Reddy,SW Bates,4,0,4
New Zealand,6,SW Bates,D Hemalatha,AM Peterson,0,0,0
New Zealand,6,SW Bates,D Hemalatha,AM Peterson,1,0,1
New Zealand,6,AM Peterson,D Hemalatha,SW Bates,0,0,0
New Zealand,6,SFM Devine,D Hemalatha,SW Bates,0,0,0
New Zealand,6,SFM Devine,D Hemalatha,SW Bates,1,0,1
New Zealand,6,SW Bates,D Hemalatha,SFM Devine,1,0,1
New Zealand,7,SW Bates,Poonam Yadav,SFM Devine,0,0,0
New Zealand,7,SW Bates,Poonam Yadav,SFM Devine,1,0,1
New Zealand,7,SFM Devine,Poonam Yadav,SW Bates,1,0,1
New Zealand,7,SW Bates,Poonam Yadav,SFM Devine,4,0,4
New Zealand,7,SW Bates,Poonam Yadav,SFM Devine,1,0,1
New Zealand,7,SFM Devine,Poonam Yadav,SW Bates,0,0,0
New Zealand,8,SW Bates,D Hemalatha,SFM Devine,1,0,1
New Zealand,8,SFM Devine,D Hemalatha,SW Bates,0,0,0
New Zealand,8,SFM Devine,D Hemalatha,SW Bates,1,0,1
New Zealand,8,SW Bates,D Hemalatha,SFM Devine,1,0,1
New Zealand,8,SFM Devine,D Hemalatha,SW Bates,6,0,6
New Zealand,8,SFM Devine,D Hemalatha,SW Bates,0,0,0
New Zealand,9,SW Bates,Poonam Yadav,SFM Devine,0,0,0
New Zealand,9,SW Bates,Poonam Yadav,SFM Devine,3,0,3
New Zealand,9,SFM Devine,Poonam Yadav,SW Bates,0,0,0
New Zealand,9,JM Watkin,Poonam Yadav,SW Bates,0,0,0
New Zealand,9,AE Satterthwaite,Poonam Yadav,SW Bates,0,0,0
New Zealand,9,AE Satterthwaite,Poonam Yadav,SW Bates,0,1,1
New Zealand,9,AE Satterthwaite,Poonam Yadav,SW Bates,0,0,0
New Zealand,10,SW Bates,DB Sharma,AE Satterthwaite,1,0,1
New Zealand,10,AE Satterthwaite,DB Sharma,SW Bates,0,0,0
New Zealand,10,AE Satterthwaite,DB Sharma,SW Bates,0,0,0
New Zealand,10,AE Satterthwaite,DB Sharma,SW Bates,1,0,1
New Zealand,10,SW Bates,DB Sharma,AE Satterthwaite,4,0,4
New Zealand,10,SW Bates,DB Sharma,AE Satterthwaite,1,0,1
New Zealand,11,SW Bates,RP Yadav,AE Satterthwaite,4,0,4
New Zealand,11,SW Bates,RP Yadav,AE Satterthwaite,2,0,2
New Zealand,11,SW Bates,RP Yadav,AE Satterthwaite,1,0,1
New Zealand,11,AE Satterthwaite,RP Yadav,SW Bates,0,0,0
New Zealand,11,AE Satterthwaite,RP Yadav,SW Bates,1,0,1
New Zealand,11,SW Bates,RP Yadav,AE Satterthwaite,1,0,1
New Zealand,12,SW Bates,D Hemalatha,AE Satterthwaite,1,0,1
New Zealand,12,AE Satterthwaite,D Hemalatha,SW Bates,1,0,1
New Zealand,12,SW Bates,D Hemalatha,AE Satterthwaite,1,0,1
New Zealand,12,AE Satterthwaite,D Hemalatha,SW Bates,0,0,0
New Zealand,12,SW Bates,D Hemalatha,KJ Martin,2,0,2
New Zealand,12,SW Bates,D Hemalatha,KJ Martin,1,0,1
New Zealand,13,SW Bates,A Reddy,KJ Martin,1,0,1
New Zealand,13,KJ Martin,A Reddy,SW Bates,1,0,1
New Zealand,13,SW Bates,A Reddy,KJ Martin,0,0,0
New Zealand,13,SW Bates,A Reddy,KJ Martin,0,0,0
New Zealand,13,ML Green,A Reddy,KJ Martin,1,0,1
New Zealand,13,KJ Martin,A Reddy,ML Green,4,0,4
New Zealand,14,ML Green,D Hemalatha,KJ Martin,1,0,1
New Zealand,14,KJ Martin,D Hemalatha,ML Green,0,0,0
New Zealand,14,KJ Martin,D Hemalatha,ML Green,4,0,4
New Zealand,14,KJ Martin,D Hemalatha,ML Green,0,1,1
New Zealand,14,KJ Martin,D Hemalatha,ML Green,1,0,1
New Zealand,14,ML Green,D Hemalatha,KJ Martin,0,0,0
New Zealand,14,KJ Martin,D Hemalatha,LM Kasperek,1,0,1
New Zealand,15,KJ Martin,Poonam Yadav,LM Kasperek,0,0,0
New Zealand,15,KJ Martin,Poonam Yadav,LM Kasperek,0,0,0
New Zealand,15,KJ Martin,Poonam Yadav,LM Kasperek,4,0,4
New Zealand,15,KJ Martin,Poonam Yadav,LM Kasperek,4,0,4
New Zealand,15,KJ Martin,Poonam Yadav,LM Kasperek,0,0,0
New Zealand,15,KJ Martin,Poonam Yadav,LM Kasperek,0,0,0
New Zealand,16,LM Kasperek,DB Sharma,KJ Martin,1,0,1
New Zealand,16,KJ Martin,DB Sharma,LM Kasperek,4,0,4
New Zealand,16,KJ Martin,DB Sharma,LM Kasperek,0,0,0
New Zealand,16,KJ Martin,DB Sharma,LM Kasperek,4,0,4
New Zealand,16,KJ Martin,DB Sharma,LM Kasperek,0,0,0
New Zealand,16,KJ Martin,DB Sharma,LM Kasperek,1,0,1
New Zealand,17,KJ Martin,A Reddy,LM Kasperek,0,1,1
New Zealand,17,KJ Martin,A Reddy,LM Kasperek,0,0,0
New Zealand,17,KJ Martin,A Reddy,LM Kasperek,0,0,0
New Zealand,17,KJ Martin,A Reddy,LM Kasperek,4,0,4
New Zealand,17,KJ Martin,A Reddy,LM Kasperek,1,0,1
New Zealand,17,LM Kasperek,A Reddy,KJ Martin,1,0,1
New Zealand,17,KJ Martin,A Reddy,LM Kasperek,1,0,1
New Zealand,18,KJ Martin,Poonam Yadav,LM Kasperek,1,0,1
New Zealand,18,LM Kasperek,Poonam Yadav,KJ Martin,4,0,4
New Zealand,18,LM Kasperek,Poonam Yadav,KJ Martin,1,0,1
New Zealand,18,KJ Martin,Poonam Yadav,LM Kasperek,4,0,4
New Zealand,18,KJ Martin,Poonam Yadav,LM Kasperek,0,0,0
New Zealand,18,LM Kasperek,Poonam Yadav,HNK Jensen,4,0,4
New Zealand,19,HNK Jensen,RP Yadav,LM Kasperek,1,0,1
New Zealand,19,LM Kasperek,RP Yadav,HNK Jensen,4,0,4
New Zealand,19,LM Kasperek,RP Yadav,HNK Jensen,4,0,4
New Zealand,19,LM Kasperek,RP Yadav,HNK Jensen,0,0,0
New Zealand,19,LM Kasperek,RP Yadav,HNK Jensen,0,0,0
New Zealand,19,HNK Jensen,RP Yadav,AC Kerr,0,0,0
