Team,Over,Batter,Bowler,Non_Striker,Batter_Runs,Extras,Total_Runs
India,0,T Bhatia,TJ Vlaeminck,S Mandhana,0,0,0
India,0,T Bhatia,TJ Vlaeminck,S Mandhana,0,0,0
India,0,T Bhatia,TJ Vlaeminck,S Mandhana,0,0,0
India,0,T Bhatia,TJ Vlaeminck,S Mandhana,1,0,1
India,0,S Mandhana,TJ Vlaeminck,T Bhatia,0,0,0
India,0,S Mandhana,TJ Vlaeminck,T Bhatia,1,0,1
India,1,S Mandhana,A Gardner,T Bhatia,1,0,1
India,1,T Bhatia,A Gardner,S Mandhana,1,0,1
India,1,S Mandhana,A Gardner,T Bhatia,1,0,1
India,1,T Bhatia,A Gardner,S Mandhana,0,0,0
India,1,T Bhatia,A Gardner,S Mandhana,0,0,0
India,1,S Mandhana,A Gardner,JI Rodrigues,0,0,0
India,2,JI Rodrigues,TJ Vlaeminck,S Mandhana,0,0,0
India,2,JI Rodrigues,TJ Vlaeminck,S Mandhana,1,0,1
India,2,S Mandhana,TJ Vlaeminck,JI Rodrigues,4,0,4
India,2,S Mandhana,TJ Vlaeminck,JI Rodrigues,0,0,0
India,2,S Mandhana,TJ Vlaeminck,JI Rodrigues,0,0,0
India,2,S Mandhana,TJ Vlaeminck,JI Rodrigues,0,2,2
India,2,JI Rodrigues,TJ Vlaeminck,S Mandhana,0,0,0
India,3,S Mandhana,ML Schutt,JI Rodrigues,1,0,1
India,3,JI Rodrigues,ML Schutt,S Mandhana,1,0,1
India,3,S Mandhana,ML Schutt,JI Rodrigues,0,0,0
India,3,S Mandhana,ML Schutt,JI Rodrigues,0,0,0
India,3,S Mandhana,ML Schutt,JI Rodrigues,4,0,4
India,3,S Mandhana,ML Schutt,JI Rodrigues,2,0,2
India,4,JI Rodrigues,S Molineux,S Mandhana,1,0,1
India,4,S Mandhana,S Molineux,JI Rodrigues,6,0,6
India,4,S Mandhana,S Molineux,JI Rodrigues,4,0,4
India,4,S Mandhana,S Molineux,JI Rodrigues,0,0,0
India,4,S Mandhana,S Molineux,JI Rodrigues,1,0,1
India,4,JI Rodrigues,S Molineux,S Mandhana,0,1,1
India,4,JI Rodrigues,S Molineux,S Mandhana,0,0,0
India,5,S Mandhana,ML Schutt,JI Rodrigues,0,0,0
India,5,S Mandhana,ML Schutt,JI Rodrigues,1,0,1
India,5,JI Rodrigues,ML Schutt,S Mandhana,1,0,1
India,5,S Mandhana,ML Schutt,JI Rodrigues,6,0,6
India,5,S Mandhana,ML Schutt,JI Rodrigues,4,0,4
India,5,S Mandhana,ML Schutt,JI Rodrigues,1,0,1
India,6,S Mandhana,DM Kimmince,JI Rodrigues,1,0,1
India,6,JI Rodrigues,DM Kimmince,S Mandhana,2,0,2
India,6,JI Rodrigues,DM Kimmince,S Mandhana,0,0,0
India,6,H Kaur,DM Kimmince,S Mandhana,1,0,1
India,6,S Mandhana,DM Kimmince,H Kaur,1,0,1
India,6,H Kaur,DM Kimmince,S Mandhana,1,0,1
India,7,H Kaur,EA Perry,S Mandhana,1,0,1
India,7,S Mandhana,EA Perry,H Kaur,0,0,0
India,7,S Mandhana,EA Perry,H Kaur,1,0,1
India,7,H Kaur,EA Perry,S Mandhana,0,0,0
India,7,H Kaur,EA Perry,S Mandhana,1,0,1
India,7,S Mandhana,EA Perry,H Kaur,4,0,4
India,8,H Kaur,S Molineux,S Mandhana,0,0,0
India,8,H Kaur,S Molineux,S Mandhana,1,0,1
India,8,S Mandhana,S Molineux,H Kaur,1,0,1
India,8,H Kaur,S Molineux,S Mandhana,1,0,1
India,8,S Mandhana,S Molineux,H Kaur,1,0,1
India,8,H Kaur,S Molineux,S Mandhana,6,0,6
India,9,S Mandhana,A Gardner,H Kaur,2,0,2
India,9,S Mandhana,A Gardner,H Kaur,4,0,4
India,9,S Mandhana,A Gardner,H Kaur,1,0,1
India,9,H Kaur,A Gardner,S Mandhana,0,0,0
India,9,H Kaur,A Gardner,S Mandhana,6,0,6
India,9,H Kaur,A Gardner,S Mandhana,1,0,1
India,10,H Kaur,DM Kimmince,S Mandhana,0,1,1
India,10,H Kaur,DM Kimmince,S Mandhana,1,0,1
India,10,S Mandhana,DM Kimmince,H Kaur,1,0,1
India,10,H Kaur,DM Kimmince,S Mandhana,0,0,0
India,10,H Kaur,DM Kimmince,S Mandhana,4,0,4
India,10,H Kaur,DM Kimmince,S Mandhana,0,0,0
India,10,H Kaur,DM Kimmince,S Mandhana,1,0,1
India,11,H Kaur,S Molineux,S Mandhana,0,0,0
India,11,H Kaur,S Molineux,S Mandhana,1,0,1
India,11,S Mandhana,S Molineux,H Kaur,0,0,0
India,11,S Mandhana,S Molineux,H Kaur,1,0,1
India,11,H Kaur,S Molineux,S Mandhana,0,5,5
India,11,H Kaur,S Molineux,S Mandhana,6,0,6
India,11,H Kaur,S Molineux,S Mandhana,1,0,1
India,12,H Kaur,ML Schutt,S Mandhana,1,0,1
India,12,S Mandhana,ML Schutt,H Kaur,0,0,0
India,12,S Mandhana,ML Schutt,H Kaur,1,0,1
India,12,H Kaur,ML Schutt,S Mandhana,0,0,0
India,12,H Kaur,ML Schutt,S Mandhana,1,0,1
India,12,S Mandhana,ML Schutt,H Kaur,0,1,1
India,12,S Mandhana,ML Schutt,H Kaur,0,0,0
India,13,H Kaur,DM Kimmince,S Mandhana,4,0,4
India,13,H Kaur,DM Kimmince,S Mandhana,4,0,4
India,13,H Kaur,DM Kimmince,S Mandhana,0,0,0
India,13,S Mandhana,DM Kimmince,V Krishnamurthy,1,0,1
India,13,V Krishnamurthy,DM Kimmince,S Mandhana,1,0,1
India,13,S Mandhana,DM Kimmince,V Krishnamurthy,1,0,1
India,14,S Mandhana,S Molineux,V Krishnamurthy,0,1,1
India,14,S Mandhana,S Molineux,V Krishnamurthy,4,0,4
India,14,S Mandhana,S Molineux,V Krishnamurthy,0,0,0
India,14,S Mandhana,S Molineux,V Krishnamurthy,0,0,0
India,14,S Mandhana,S Molineux,V Krishnamurthy,1,0,1
India,14,V Krishnamurthy,S Molineux,S Mandhana,1,0,1
India,14,S Mandhana,S Molineux,V Krishnamurthy,1,0,1
India,15,S Mandhana,A Gardner,V Krishnamurthy,1,0,1
India,15,V Krishnamurthy,A Gardner,S Mandhana,1,0,1
India,15,S Mandhana,A Gardner,V Krishnamurthy,1,0,1
India,15,V Krishnamurthy,A Gardner,S Mandhana,0,0,0
India,15,D Hemalatha,A Gardner,S Mandhana,1,0,1
India,15,S Mandhana,A Gardner,D Hemalatha,4,0,4
India,16,D Hemalatha,EA Perry,S Mandhana,0,0,0
India,16,D Hemalatha,EA Perry,S Mandhana,0,0,0
India,16,DB Sharma,EA Perry,S Mandhana,0,0,0
India,16,DB Sharma,EA Perry,S Mandhana,1,0,1
India,16,S Mandhana,EA Perry,DB Sharma,0,0,0
India,16,S Mandhana,EA Perry,DB Sharma,0,0,0
India,17,DB Sharma,DM Kimmince,S Mandhana,1,0,1
India,17,S Mandhana,DM Kimmince,DB Sharma,6,0,6
India,17,S Mandhana,DM Kimmince,DB Sharma,0,0,0
India,17,S Mandhana,DM Kimmince,DB Sharma,0,3,3
India,17,S Mandhana,DM Kimmince,DB Sharma,4,0,4
India,17,S Mandhana,DM Kimmince,DB Sharma,3,0,3
India,17,DB Sharma,DM Kimmince,S Mandhana,0,0,0
India,18,S Mandhana,ML Schutt,DB Sharma,0,0,0
India,18,DB Sharma,ML Schutt,A Reddy,1,0,1
India,18,A Reddy,ML Schutt,DB Sharma,1,0,1
India,18,DB Sharma,ML Schutt,A Reddy,1,0,1
India,18,A Reddy,ML Schutt,DB Sharma,1,0,1
India,18,DB Sharma,ML Schutt,A Reddy,1,0,1
India,19,DB Sharma,EA Perry,A Reddy,2,0,2
India,19,DB Sharma,EA Perry,A Reddy,1,0,1
India,19,A Reddy,EA Perry,DB Sharma,4,0,4
India,19,A Reddy,EA Perry,DB Sharma,0,0,0
India,19,RP Yadav,EA Perry,DB Sharma,1,0,1
India,19,DB Sharma,EA Perry,RP Yadav,0,0,0
Australia,0,BL Mooney,A Reddy,EJ Villani,0,0,0
Australia,0,BL Mooney,A Reddy,EJ Villani,2,0,2
Australia,0,BL Mooney,A Reddy,EJ Villani,4,0,4
Australia,0,BL Mooney,A Reddy,EJ Villani,4,0,4
Australia,0,BL Mooney,A Reddy,EJ Villani,0,0,0
Australia,0,BL Mooney,A Reddy,EJ Villani,1,0,1
Australia,1,BL Mooney,AA Patil,EJ Villani,1,0,1
Australia,1,EJ Villani,AA Patil,BL Mooney,0,0,0
Australia,1,EJ Villani,AA Patil,BL Mooney,0,0,0
Australia,1,EJ Villani,AA Patil,BL Mooney,1,0,1
Australia,1,BL Mooney,AA Patil,EJ Villani,0,0,0
Australia,1,BL Mooney,AA Patil,EJ Villani,1,0,1
Australia,2,BL Mooney,DB Sharma,EJ Villani,0,1,1
Australia,2,BL Mooney,DB Sharma,EJ Villani,0,0,0
Australia,2,BL Mooney,DB Sharma,EJ Villani,0,0,0
Australia,2,BL Mooney,DB Sharma,EJ Villani,0,0,0
Australia,2,BL Mooney,DB Sharma,EJ Villani,0,1,1
Australia,2,BL Mooney,DB Sharma,EJ Villani,1,0,1
Australia,2,EJ Villani,DB Sharma,BL Mooney,2,0,2
Australia,2,EJ Villani,DB Sharma,BL Mooney,1,0,1
Australia,3,EJ Villani,AA Patil,BL Mooney,0,0,0
Australia,3,EJ Villani,AA Patil,BL Mooney,1,0,1
Australia,3,BL Mooney,AA Patil,EJ Villani,1,0,1
Australia,3,EJ Villani,AA Patil,BL Mooney,1,0,1
Australia,3,BL Mooney,AA Patil,EJ Villani,0,0,0
Australia,3,BL Mooney,AA Patil,EJ Villani,4,0,4
Australia,4,EJ Villani,DB Sharma,BL Mooney,0,0,0
Australia,4,BL Mooney,DB Sharma,A Gardner,0,0,0
Australia,4,MM Lanning,DB Sharma,A Gardner,2,0,2
Australia,4,MM Lanning,DB Sharma,A Gardner,1,0,1
Australia,4,A Gardner,DB Sharma,MM Lanning,1,0,1
Australia,4,MM Lanning,DB Sharma,A Gardner,0,0,0
Australia,5,A Gardner,A Reddy,MM Lanning,0,0,0
Australia,5,A Gardner,A Reddy,MM Lanning,0,0,0
Australia,5,A Gardner,A Reddy,MM Lanning,0,0,0
Australia,5,A Gardner,A Reddy,MM Lanning,4,0,4
Australia,5,A Gardner,A Reddy,MM Lanning,4,0,4
Australia,5,A Gardner,A Reddy,MM Lanning,0,0,0
Australia,6,MM Lanning,DB Sharma,A Gardner,0,0,0
Australia,6,MM Lanning,DB Sharma,A Gardner,4,0,4
Australia,6,MM Lanning,DB Sharma,A Gardner,0,0,0
Australia,6,MM Lanning,DB Sharma,A Gardner,0,0,0
Australia,6,MM Lanning,DB Sharma,A Gardner,0,0,0
Australia,6,MM Lanning,DB Sharma,A Gardner,0,1,1
Australia,7,MM Lanning,RP Yadav,A Gardner,1,0,1
Australia,7,A Gardner,RP Yadav,MM Lanning,1,0,1
Australia,7,MM Lanning,RP Yadav,A Gardner,0,0,0
Australia,7,MM Lanning,RP Yadav,A Gardner,0,0,0
Australia,7,MM Lanning,RP Yadav,A Gardner,1,0,1
Australia,7,A Gardner,RP Yadav,MM Lanning,1,0,1
Australia,8,A Gardner,Poonam Yadav,MM Lanning,0,0,0
Australia,8,A Gardner,Poonam Yadav,MM Lanning,6,0,6
Australia,8,A Gardner,Poonam Yadav,MM Lanning,0,0,0
Australia,8,A Gardner,Poonam Yadav,MM Lanning,1,0,1
Australia,8,MM Lanning,Poonam Yadav,A Gardner,0,0,0
Australia,8,MM Lanning,Poonam Yadav,A Gardner,1,0,1
Australia,9,MM Lanning,RP Yadav,A Gardner,0,0,0
Australia,9,A Gardner,RP Yadav,RL Haynes,0,0,0
Australia,9,A Gardner,RP Yadav,RL Haynes,0,0,0
Australia,9,A Gardner,RP Yadav,RL Haynes,1,0,1
Australia,9,RL Haynes,RP Yadav,A Gardner,0,0,0
Australia,9,RL Haynes,RP Yadav,A Gardner,0,0,0
Australia,10,A Gardner,Poonam Yadav,RL Haynes,0,0,0
Australia,10,A Gardner,Poonam Yadav,RL Haynes,1,0,1
Australia,10,RL Haynes,Poonam Yadav,A Gardner,1,0,1
Australia,10,A Gardner,Poonam Yadav,RL Haynes,0,0,0
Australia,10,RL Haynes,Poonam Yadav,EA Perry,1,0,1
Australia,10,EA Perry,Poonam Yadav,RL Haynes,1,0,1
Australia,11,EA Perry,RP Yadav,RL Haynes,0,0,0
Australia,11,EA Perry,RP Yadav,RL Haynes,1,0,1
Australia,11,RL Haynes,RP Yadav,EA Perry,0,0,0
Australia,11,RL Haynes,RP Yadav,EA Perry,1,0,1
Australia,11,EA Perry,RP Yadav,RL Haynes,0,0,0
Australia,11,EA Perry,RP Yadav,RL Haynes,1,0,1
Australia,12,EA Perry,H Kaur,RL Haynes,1,0,1
Australia,12,RL Haynes,H Kaur,EA Perry,2,0,2
Australia,12,RL Haynes,H Kaur,EA Perry,1,0,1
Australia,12,EA Perry,H Kaur,RL Haynes,0,0,0
Australia,12,EA Perry,H Kaur,RL Haynes,1,0,1
Australia,12,RL Haynes,H Kaur,EA Perry,0,0,0
Australia,13,EA Perry,Poonam Yadav,RL Haynes,2,0,2
Australia,13,EA Perry,Poonam Yadav,RL Haynes,2,0,2
Australia,13,EA Perry,Poonam Yadav,RL Haynes,1,0,1
Australia,13,RL Haynes,Poonam Yadav,EA Perry,1,0,1
Australia,13,EA Perry,Poonam Yadav,RL Haynes,0,0,0
Australia,13,EA Perry,Poonam Yadav,RL Haynes,1,0,1
Australia,14,EA Perry,H Kaur,RL Haynes,4,0,4
Australia,14,EA Perry,H Kaur,RL Haynes,4,0,4
Australia,14,EA Perry,H Kaur,RL Haynes,0,0,0
Australia,14,EA Perry,H Kaur,RL Haynes,4,0,4
Australia,14,EA Perry,H Kaur,RL Haynes,1,0,1
Australia,14,RL Haynes,H Kaur,EA Perry,1,0,1
Australia,15,RL Haynes,Poonam Yadav,EA Perry,0,0,0
Australia,15,S Molineux,Poonam Yadav,EA Perry,1,0,1
Australia,15,EA Perry,Poonam Yadav,S Molineux,2,0,2
Australia,15,EA Perry,Poonam Yadav,S Molineux,1,0,1
Australia,15,S Molineux,Poonam Yadav,EA Perry,4,0,4
Australia,15,S Molineux,Poonam Yadav,EA Perry,1,0,1
Australia,16,S Molineux,AA Patil,EA Perry,2,0,2
Australia,16,S Molineux,AA Patil,EA Perry,0,0,0
Australia,16,S Molineux,AA Patil,EA Perry,1,0,1
Australia,16,EA Perry,AA Patil,S Molineux,1,0,1
Australia,16,S Molineux,AA Patil,EA Perry,0,0,0
Australia,16,S Molineux,AA Patil,EA Perry,0,0,0
Australia,17,DM Kimmince,RP Yadav,EA Perry,0,0,0
Australia,17,DM Kimmince,RP Yadav,EA Perry,1,0,1
Australia,17,EA Perry,RP Yadav,DM Kimmince,1,0,1
Australia,17,DM Kimmince,RP Yadav,EA Perry,0,0,0
Australia,17,EA Perry,RP Yadav,ML Schutt,1,0,1
Australia,17,ML Schutt,RP Yadav,EA Perry,2,0,2
Australia,18,EA Perry,DB Sharma,ML Schutt,0,0,0
Australia,18,EA Perry,DB Sharma,ML Schutt,6,0,6
Australia,18,EA Perry,DB Sharma,ML Schutt,1,0,1
Australia,18,ML Schutt,DB Sharma,EA Perry,1,0,1
Australia,18,EA Perry,DB Sharma,ML Schutt,1,0,1
Australia,18,ML Schutt,DB Sharma,EA Perry,1,0,1
Australia,19,ML Schutt,AA Patil,EA Perry,0,0,0
Australia,19,EA Perry,AA Patil,TJ Vlaeminck,1,0,1
Australia,19,TJ Vlaeminck,AA Patil,EA Perry,0,0,0
Australia,19,TJ Vlaeminck,AA Patil,EA Perry,0,0,0
