Team,Over,Batter,Bowler,Non_Striker,Batter_Runs,Extras,Total_Runs
West Indies,0,HK Matthews,Jahanara Alam,DJS Dottin,1,0,1
West Indies,0,DJS Dottin,Jahanara Alam,HK Matthews,1,0,1
West Indies,0,HK Matthews,Jahanara Alam,DJS Dottin,1,0,1
West Indies,0,DJS Dottin,Jahanara Alam,HK Matthews,6,0,6
West Indies,0,DJS Dottin,Jahanara Alam,HK Matthews,0,0,0
West Indies,0,DJS Dottin,Jahanara Alam,HK Matthews,0,0,0
West Indies,1,HK Matthews,Salma Khatun,DJS Dottin,0,0,0
West Indies,1,HK Matthews,Salma Khatun,DJS Dottin,0,0,0
West Indies,1,HK Matthews,Salma Khatun,DJS Dottin,1,0,1
West Indies,1,DJS Dottin,Salma Khatun,HK Matthews,0,0,0
West Indies,1,DJS Dottin,Salma Khatun,HK Matthews,1,0,1
West Indies,1,HK Matthews,Salma Khatun,DJS Dottin,3,0,3
West Indies,2,HK Matthews,Jahanara Alam,DJS Dottin,0,0,0
West Indies,2,DJS Dottin,Jahanara Alam,SR Taylor,0,0,0
West Indies,2,SA Campbelle,Jahanara Alam,SR Taylor,0,1,1
West Indies,2,SA Campbelle,Jahanara Alam,SR Taylor,0,0,0
West Indies,2,SA Campbelle,Jahanara Alam,SR Taylor,1,0,1
West Indies,2,SR Taylor,Jahanara Alam,SA Campbelle,1,0,1
West Indies,2,SA Campbelle,Jahanara Alam,SR Taylor,0,0,0
West Indies,3,SR Taylor,Salma Khatun,SA Campbelle,0,0,0
West Indies,3,SR Taylor,Salma Khatun,SA Campbelle,0,0,0
West Indies,3,SR Taylor,Salma Khatun,SA Campbelle,0,0,0
West Indies,3,SR Taylor,Salma Khatun,SA Campbelle,1,0,1
West Indies,3,SA Campbelle,Salma Khatun,SR Taylor,0,0,0
West Indies,3,SA Campbelle,Salma Khatun,SR Taylor,0,0,0
West Indies,4,SR Taylor,Jahanara Alam,NY McLean,1,0,1
West Indies,4,NY McLean,Jahanara Alam,SR Taylor,1,0,1
West Indies,4,SR Taylor,Jahanara Alam,NY McLean,0,0,0
West Indies,4,SR Taylor,Jahanara Alam,NY McLean,0,0,0
West Indies,4,SR Taylor,Jahanara Alam,NY McLean,0,0,0
West Indies,4,SR Taylor,Jahanara Alam,NY McLean,0,0,0
West Indies,5,NY McLean,Khadija Tul Kubra,SR Taylor,1,0,1
West Indies,5,SR Taylor,Khadija Tul Kubra,NY McLean,0,1,1
West Indies,5,SR Taylor,Khadija Tul Kubra,NY McLean,0,0,0
West Indies,5,SR Taylor,Khadija Tul Kubra,NY McLean,0,0,0
West Indies,5,SR Taylor,Khadija Tul Kubra,NY McLean,1,0,1
West Indies,5,NY McLean,Khadija Tul Kubra,SR Taylor,0,0,0
West Indies,5,NY McLean,Khadija Tul Kubra,SR Taylor,0,0,0
West Indies,6,SR Taylor,Rumana Ahmed,NY McLean,1,0,1
West Indies,6,NY McLean,Rumana Ahmed,SR Taylor,0,0,0
West Indies,6,NY McLean,Rumana Ahmed,SR Taylor,1,0,1
West Indies,6,SR Taylor,Rumana Ahmed,NY McLean,0,0,0
West Indies,6,SR Taylor,Rumana Ahmed,NY McLean,0,0,0
West Indies,6,SR Taylor,Rumana Ahmed,NY McLean,1,0,1
West Indies,7,SR Taylor,Khadija Tul Kubra,NY McLean,0,0,0
West Indies,7,SR Taylor,Khadija Tul Kubra,NY McLean,0,0,0
West Indies,7,SR Taylor,Khadija Tul Kubra,NY McLean,1,0,1
West Indies,7,NY McLean,Khadija Tul Kubra,SR Taylor,6,0,6
West Indies,7,NY McLean,Khadija Tul Kubra,SR Taylor,2,0,2
West Indies,7,NY McLean,Khadija Tul Kubra,SR Taylor,0,0,0
West Indies,8,SR Taylor,Rumana Ahmed,NY McLean,1,0,1
West Indies,8,NY McLean,Rumana Ahmed,SR Taylor,0,0,0
West Indies,8,B Cooper,Rumana Ahmed,SR Taylor,0,0,0
West Indies,8,B Cooper,Rumana Ahmed,SR Taylor,0,0,0
West Indies,8,B Cooper,Rumana Ahmed,SR Taylor,0,0,0
West Indies,8,B Cooper,Rumana Ahmed,SR Taylor,1,0,1
West Indies,9,B Cooper,Fahima Khatun,SR Taylor,0,0,0
West Indies,9,B Cooper,Fahima Khatun,SR Taylor,1,0,1
West Indies,9,SR Taylor,Fahima Khatun,B Cooper,1,0,1
West Indies,9,B Cooper,Fahima Khatun,SR Taylor,1,0,1
West Indies,9,SR Taylor,Fahima Khatun,B Cooper,0,0,0
West Indies,9,SR Taylor,Fahima Khatun,B Cooper,0,0,0
West Indies,10,B Cooper,Rumana Ahmed,SR Taylor,1,0,1
West Indies,10,SR Taylor,Rumana Ahmed,B Cooper,0,0,0
West Indies,10,SR Taylor,Rumana Ahmed,B Cooper,0,0,0
West Indies,10,SR Taylor,Rumana Ahmed,B Cooper,1,0,1
West Indies,10,B Cooper,Rumana Ahmed,SR Taylor,0,0,0
West Indies,10,B Cooper,Rumana Ahmed,SR Taylor,1,0,1
West Indies,11,B Cooper,Fahima Khatun,SR Taylor,1,0,1
West Indies,11,SR Taylor,Fahima Khatun,B Cooper,1,0,1
West Indies,11,B Cooper,Fahima Khatun,SR Taylor,0,0,0
West Indies,11,B Cooper,Fahima Khatun,SR Taylor,1,0,1
West Indies,11,SR Taylor,Fahima Khatun,B Cooper,1,0,1
West Indies,11,B Cooper,Fahima Khatun,SR Taylor,0,0,0
West Indies,12,SR Taylor,Khadija Tul Kubra,B Cooper,1,0,1
West Indies,12,B Cooper,Khadija Tul Kubra,SR Taylor,0,0,0
West Indies,12,B Cooper,Khadija Tul Kubra,SR Taylor,0,0,0
West Indies,12,B Cooper,Khadija Tul Kubra,SR Taylor,1,0,1
West Indies,12,SR Taylor,Khadija Tul Kubra,B Cooper,1,0,1
West Indies,12,B Cooper,Khadija Tul Kubra,SR Taylor,0,0,0
West Indies,13,SR Taylor,Fahima Khatun,Kycia A Knight,4,0,4
West Indies,13,SR Taylor,Fahima Khatun,Kycia A Knight,1,0,1
West Indies,13,Kycia A Knight,Fahima Khatun,SR Taylor,1,0,1
West Indies,13,SR Taylor,Fahima Khatun,Kycia A Knight,0,0,0
West Indies,13,SR Taylor,Fahima Khatun,Kycia A Knight,1,0,1
West Indies,13,Kycia A Knight,Fahima Khatun,SR Taylor,1,0,1
West Indies,14,Kycia A Knight,Khadija Tul Kubra,SR Taylor,1,0,1
West Indies,14,SR Taylor,Khadija Tul Kubra,Kycia A Knight,0,1,1
West Indies,14,SR Taylor,Khadija Tul Kubra,Kycia A Knight,0,2,2
West Indies,14,SR Taylor,Khadija Tul Kubra,Kycia A Knight,1,0,1
West Indies,14,Kycia A Knight,Khadija Tul Kubra,SR Taylor,0,0,0
West Indies,14,Kycia A Knight,Khadija Tul Kubra,SR Taylor,0,0,0
West Indies,14,Kycia A Knight,Khadija Tul Kubra,SR Taylor,1,0,1
West Indies,15,Kycia A Knight,Fahima Khatun,SR Taylor,1,0,1
West Indies,15,SR Taylor,Fahima Khatun,Kycia A Knight,1,0,1
West Indies,15,Kycia A Knight,Fahima Khatun,SR Taylor,1,0,1
West Indies,15,SR Taylor,Fahima Khatun,Kycia A Knight,4,0,4
West Indies,15,SR Taylor,Fahima Khatun,Kycia A Knight,1,0,1
West Indies,15,Kycia A Knight,Fahima Khatun,SR Taylor,1,0,1
West Indies,16,Kycia A Knight,Salma Khatun,SR Taylor,2,0,2
West Indies,16,Kycia A Knight,Salma Khatun,SR Taylor,0,0,0
West Indies,16,Kycia A Knight,Salma Khatun,SR Taylor,1,0,1
West Indies,16,SR Taylor,Salma Khatun,Kycia A Knight,0,0,0
West Indies,16,SR Taylor,Salma Khatun,Kycia A Knight,1,0,1
West Indies,16,Kycia A Knight,Salma Khatun,SR Taylor,1,0,1
West Indies,17,Kycia A Knight,Rumana Ahmed,SR Taylor,6,0,6
West Indies,17,Kycia A Knight,Rumana Ahmed,SR Taylor,0,0,0
West Indies,17,Kycia A Knight,Rumana Ahmed,SR Taylor,1,0,1
West Indies,17,SR Taylor,Rumana Ahmed,Kycia A Knight,1,0,1
West Indies,17,Kycia A Knight,Rumana Ahmed,SR Taylor,0,1,1
West Indies,17,SR Taylor,Rumana Ahmed,Kycia A Knight,0,0,0
West Indies,18,Kycia A Knight,Salma Khatun,A Mohammed,2,0,2
West Indies,18,Kycia A Knight,Salma Khatun,A Mohammed,4,0,4
West Indies,18,Kycia A Knight,Salma Khatun,A Mohammed,1,0,1
West Indies,18,A Mohammed,Salma Khatun,Kycia A Knight,2,0,2
West Indies,18,A Mohammed,Salma Khatun,Kycia A Knight,0,0,0
West Indies,18,A Mohammed,Salma Khatun,Kycia A Knight,1,0,1
West Indies,19,A Mohammed,Jahanara Alam,Kycia A Knight,1,0,1
West Indies,19,Kycia A Knight,Jahanara Alam,A Mohammed,0,0,0
West Indies,19,Kycia A Knight,Jahanara Alam,A Mohammed,4,0,4
West Indies,19,Kycia A Knight,Jahanara Alam,A Mohammed,3,0,3
West Indies,19,A Mohammed,Jahanara Alam,Kycia A Knight,0,0,0
West Indies,19,Kycia A Knight,Jahanara Alam,ASS Fletcher,0,1,1
West Indies,19,Kycia A Knight,Jahanara Alam,ASS Fletcher,0,0,0
Bangladesh,0,Shamima Sultana,SC Selman,Ayasha Rahman,1,0,1
Bangladesh,0,Ayasha Rahman,SC Selman,Shamima Sultana,1,0,1
Bangladesh,0,Shamima Sultana,SC Selman,Ayasha Rahman,0,0,0
Bangladesh,0,Shamima Sultana,SC Selman,Ayasha Rahman,0,0,0
Bangladesh,0,Shamima Sultana,SC Selman,Ayasha Rahman,4,0,4
Bangladesh,0,Shamima Sultana,SC Selman,Ayasha Rahman,0,0,0
Bangladesh,1,Ayasha Rahman,SS Connell,Jahanara Alam,0,0,0
Bangladesh,1,Ayasha Rahman,SS Connell,Jahanara Alam,0,0,0
Bangladesh,1,Ayasha Rahman,SS Connell,Jahanara Alam,0,1,1
Bangladesh,1,Ayasha Rahman,SS Connell,Jahanara Alam,0,0,0
Bangladesh,1,Ayasha Rahman,SS Connell,Jahanara Alam,1,0,1
Bangladesh,1,Jahanara Alam,SS Connell,Ayasha Rahman,0,0,0
Bangladesh,1,Jahanara Alam,SS Connell,Ayasha Rahman,1,0,1
Bangladesh,2,Jahanara Alam,SC Selman,Ayasha Rahman,0,0,0
Bangladesh,2,Jahanara Alam,SC Selman,Ayasha Rahman,0,0,0
Bangladesh,2,Jahanara Alam,SC Selman,Ayasha Rahman,0,0,0
Bangladesh,2,Jahanara Alam,SC Selman,Ayasha Rahman,0,0,0
Bangladesh,2,Jahanara Alam,SC Selman,Ayasha Rahman,1,0,1
Bangladesh,2,Ayasha Rahman,SC Selman,Jahanara Alam,0,0,0
Bangladesh,3,Jahanara Alam,SS Connell,Ayasha Rahman,0,0,0
Bangladesh,3,Jahanara Alam,SS Connell,Ayasha Rahman,0,0,0
Bangladesh,3,Jahanara Alam,SS Connell,Ayasha Rahman,0,0,0
Bangladesh,3,Jahanara Alam,SS Connell,Ayasha Rahman,0,0,0
Bangladesh,3,Jahanara Alam,SS Connell,Ayasha Rahman,1,0,1
Bangladesh,3,Ayasha Rahman,SS Connell,Jahanara Alam,0,0,0
Bangladesh,4,Jahanara Alam,SC Selman,Ayasha Rahman,0,0,0
Bangladesh,4,Jahanara Alam,SC Selman,Ayasha Rahman,0,0,0
Bangladesh,4,Jahanara Alam,SC Selman,Ayasha Rahman,0,0,0
Bangladesh,4,Jahanara Alam,SC Selman,Ayasha Rahman,0,0,0
Bangladesh,4,Jahanara Alam,SC Selman,Ayasha Rahman,0,0,0
Bangladesh,4,Jahanara Alam,SC Selman,Ayasha Rahman,0,0,0
Bangladesh,5,Fargana Hoque,SR Taylor,Ayasha Rahman,1,0,1
Bangladesh,5,Ayasha Rahman,SR Taylor,Fargana Hoque,0,0,0
Bangladesh,5,Ayasha Rahman,SR Taylor,Fargana Hoque,0,2,2
Bangladesh,5,Ayasha Rahman,SR Taylor,Fargana Hoque,0,0,0
Bangladesh,5,Ayasha Rahman,SR Taylor,Fargana Hoque,4,0,4
Bangladesh,5,Ayasha Rahman,SR Taylor,Fargana Hoque,0,1,1
Bangladesh,5,Ayasha Rahman,SR Taylor,Fargana Hoque,0,0,0
Bangladesh,6,Fargana Hoque,SC Selman,Nigar Sultana,4,0,4
Bangladesh,6,Fargana Hoque,SC Selman,Nigar Sultana,0,0,0
Bangladesh,6,Fargana Hoque,SC Selman,Nigar Sultana,0,0,0
Bangladesh,6,Fargana Hoque,SC Selman,Nigar Sultana,1,0,1
Bangladesh,6,Nigar Sultana,SC Selman,Fargana Hoque,0,0,0
Bangladesh,6,Nigar Sultana,SC Selman,Fargana Hoque,0,0,0
Bangladesh,7,Fargana Hoque,SR Taylor,Nigar Sultana,1,0,1
Bangladesh,7,Nigar Sultana,SR Taylor,Fargana Hoque,0,0,0
Bangladesh,7,Nigar Sultana,SR Taylor,Fargana Hoque,1,0,1
Bangladesh,7,Fargana Hoque,SR Taylor,Nigar Sultana,1,0,1
Bangladesh,7,Nigar Sultana,SR Taylor,Fargana Hoque,0,0,0
Bangladesh,7,Nigar Sultana,SR Taylor,Fargana Hoque,1,0,1
Bangladesh,8,Nigar Sultana,DJS Dottin,Fargana Hoque,0,1,1
Bangladesh,8,Fargana Hoque,DJS Dottin,Nigar Sultana,0,0,0
Bangladesh,8,Nigar Sultana,DJS Dottin,Rumana Ahmed,0,0,0
Bangladesh,8,Nigar Sultana,DJS Dottin,Rumana Ahmed,0,0,0
Bangladesh,8,Sanjida Islam,DJS Dottin,Rumana Ahmed,0,0,0
Bangladesh,8,Sanjida Islam,DJS Dottin,Rumana Ahmed,0,0,0
Bangladesh,9,Rumana Ahmed,ASS Fletcher,Sanjida Islam,1,0,1
Bangladesh,9,Sanjida Islam,ASS Fletcher,Rumana Ahmed,2,0,2
Bangladesh,9,Sanjida Islam,ASS Fletcher,Rumana Ahmed,0,0,0
Bangladesh,9,Sanjida Islam,ASS Fletcher,Rumana Ahmed,0,0,0
Bangladesh,9,Sanjida Islam,ASS Fletcher,Rumana Ahmed,0,0,0
Bangladesh,9,Sanjida Islam,ASS Fletcher,Rumana Ahmed,0,0,0
Bangladesh,10,Rumana Ahmed,DJS Dottin,Sanjida Islam,0,1,1
Bangladesh,10,Rumana Ahmed,DJS Dottin,Sanjida Islam,1,0,1
Bangladesh,10,Sanjida Islam,DJS Dottin,Rumana Ahmed,0,0,0
Bangladesh,10,Sanjida Islam,DJS Dottin,Rumana Ahmed,1,0,1
Bangladesh,10,Rumana Ahmed,DJS Dottin,Sanjida Islam,0,0,0
Bangladesh,10,Lata Mondal,DJS Dottin,Sanjida Islam,0,0,0
Bangladesh,10,Lata Mondal,DJS Dottin,Sanjida Islam,0,0,0
Bangladesh,11,Sanjida Islam,ASS Fletcher,Fahima Khatun,1,0,1
Bangladesh,11,Fahima Khatun,ASS Fletcher,Sanjida Islam,1,0,1
Bangladesh,11,Sanjida Islam,ASS Fletcher,Fahima Khatun,0,0,0
Bangladesh,11,Salma Khatun,ASS Fletcher,Fahima Khatun,0,1,1
Bangladesh,11,Salma Khatun,ASS Fletcher,Fahima Khatun,1,0,1
Bangladesh,11,Fahima Khatun,ASS Fletcher,Salma Khatun,1,0,1
Bangladesh,11,Salma Khatun,ASS Fletcher,Fahima Khatun,1,0,1
Bangladesh,12,Salma Khatun,DJS Dottin,Fahima Khatun,1,0,1
Bangladesh,12,Fahima Khatun,DJS Dottin,Salma Khatun,0,0,0
Bangladesh,12,Fahima Khatun,DJS Dottin,Salma Khatun,0,0,0
Bangladesh,12,Fahima Khatun,DJS Dottin,Salma Khatun,0,0,0
Bangladesh,12,Fahima Khatun,DJS Dottin,Salma Khatun,0,0,0
Bangladesh,12,Fahima Khatun,DJS Dottin,Salma Khatun,0,0,0
Bangladesh,13,Salma Khatun,ASS Fletcher,Fahima Khatun,0,0,0
Bangladesh,13,Salma Khatun,ASS Fletcher,Fahima Khatun,0,0,0
Bangladesh,13,Salma Khatun,ASS Fletcher,Fahima Khatun,0,0,0
Bangladesh,13,Salma Khatun,ASS Fletcher,Fahima Khatun,1,0,1
Bangladesh,13,Fahima Khatun,ASS Fletcher,Salma Khatun,1,0,1
Bangladesh,13,Salma Khatun,ASS Fletcher,Fahima Khatun,1,0,1
Bangladesh,14,Salma Khatun,DJS Dottin,Fahima Khatun,0,0,0
Bangladesh,14,Khadija Tul Kubra,DJS Dottin,Fahima Khatun,0,0,0
Bangladesh,14,Khadija Tul Kubra,DJS Dottin,Fahima Khatun,1,0,1
Bangladesh,14,Fahima Khatun,DJS Dottin,Khadija Tul Kubra,0,0,0
