Team,Over,Batter,Bowler,Non_Striker,Batter_Runs,Extras,Total_Runs
India,0,M Raj,EAJ Richardson,S Mandhana,0,0,0
India,0,M Raj,EAJ Richardson,S Mandhana,0,0,0
India,0,M Raj,EAJ Richardson,S Mandhana,0,0,0
India,0,M Raj,EAJ Richardson,S Mandhana,0,1,1
India,0,M Raj,EAJ Richardson,S Mandhana,1,0,1
India,0,S Mandhana,EAJ Richardson,M Raj,0,0,0
India,0,S Mandhana,EAJ Richardson,M Raj,4,0,4
India,1,M Raj,LK O'Reilly,S Mandhana,1,0,1
India,1,S Mandhana,LK O'Reilly,M Raj,4,0,4
India,1,S Mandhana,LK O'Reilly,M Raj,0,0,0
India,1,S Mandhana,LK O'Reilly,M Raj,0,0,0
India,1,S Mandhana,LK O'Reilly,M Raj,0,0,0
India,1,S Mandhana,LK O'Reilly,M Raj,0,0,0
India,2,M Raj,EAJ Richardson,S Mandhana,1,0,1
India,2,S Mandhana,EAJ Richardson,M Raj,1,0,1
India,2,M Raj,EAJ Richardson,S Mandhana,0,0,0
India,2,M Raj,EAJ Richardson,S Mandhana,0,0,0
India,2,M Raj,EAJ Richardson,S Mandhana,0,0,0
India,2,M Raj,EAJ Richardson,S Mandhana,0,0,0
India,3,S Mandhana,KJ Garth,M Raj,1,0,1
India,3,M Raj,KJ Garth,S Mandhana,0,0,0
India,3,M Raj,KJ Garth,S Mandhana,1,0,1
India,3,S Mandhana,KJ Garth,M Raj,1,0,1
India,3,M Raj,KJ Garth,S Mandhana,0,0,0
India,3,M Raj,KJ Garth,S Mandhana,0,0,0
India,4,S Mandhana,EAJ Richardson,M Raj,4,0,4
India,4,S Mandhana,EAJ Richardson,M Raj,0,0,0
India,4,S Mandhana,EAJ Richardson,M Raj,1,0,1
India,4,M Raj,EAJ Richardson,S Mandhana,0,0,0
India,4,M Raj,EAJ Richardson,S Mandhana,0,0,0
India,4,M Raj,EAJ Richardson,S Mandhana,6,0,6
India,5,S Mandhana,L Maritz,M Raj,0,1,1
India,5,S Mandhana,L Maritz,M Raj,0,0,0
India,5,S Mandhana,L Maritz,M Raj,4,0,4
India,5,S Mandhana,L Maritz,M Raj,1,0,1
India,5,M Raj,L Maritz,S Mandhana,0,0,0
India,5,M Raj,L Maritz,S Mandhana,0,1,1
India,5,M Raj,L Maritz,S Mandhana,4,0,4
India,5,M Raj,L Maritz,S Mandhana,4,0,4
India,6,S Mandhana,C Raack,M Raj,0,0,0
India,6,S Mandhana,C Raack,M Raj,1,0,1
India,6,M Raj,C Raack,S Mandhana,1,0,1
India,6,S Mandhana,C Raack,M Raj,0,0,0
India,6,S Mandhana,C Raack,M Raj,0,0,0
India,6,S Mandhana,C Raack,M Raj,6,0,6
India,7,M Raj,KJ Garth,S Mandhana,1,0,1
India,7,S Mandhana,KJ Garth,M Raj,1,0,1
India,7,M Raj,KJ Garth,S Mandhana,0,0,0
India,7,M Raj,KJ Garth,S Mandhana,0,0,0
India,7,M Raj,KJ Garth,S Mandhana,0,0,0
India,7,M Raj,KJ Garth,S Mandhana,4,0,4
India,8,S Mandhana,IMHC Joyce,M Raj,1,0,1
India,8,M Raj,IMHC Joyce,S Mandhana,1,0,1
India,8,S Mandhana,IMHC Joyce,M Raj,1,0,1
India,8,M Raj,IMHC Joyce,S Mandhana,1,0,1
India,8,S Mandhana,IMHC Joyce,M Raj,1,0,1
India,8,M Raj,IMHC Joyce,S Mandhana,0,0,0
India,9,S Mandhana,KJ Garth,M Raj,1,0,1
India,9,M Raj,KJ Garth,S Mandhana,4,0,4
India,9,M Raj,KJ Garth,S Mandhana,0,0,0
India,9,M Raj,KJ Garth,S Mandhana,1,0,1
India,9,S Mandhana,KJ Garth,M Raj,0,0,0
India,9,S Mandhana,KJ Garth,M Raj,0,0,0
India,10,M Raj,IMHC Joyce,JI Rodrigues,0,0,0
India,10,M Raj,IMHC Joyce,JI Rodrigues,1,0,1
India,10,JI Rodrigues,IMHC Joyce,M Raj,1,0,1
India,10,M Raj,IMHC Joyce,JI Rodrigues,1,0,1
India,10,JI Rodrigues,IMHC Joyce,M Raj,1,0,1
India,10,M Raj,IMHC Joyce,JI Rodrigues,0,1,1
India,10,M Raj,IMHC Joyce,JI Rodrigues,1,0,1
India,11,M Raj,LK O'Reilly,JI Rodrigues,0,0,0
India,11,M Raj,LK O'Reilly,JI Rodrigues,2,0,2
India,11,M Raj,LK O'Reilly,JI Rodrigues,2,0,2
India,11,M Raj,LK O'Reilly,JI Rodrigues,0,0,0
India,11,M Raj,LK O'Reilly,JI Rodrigues,0,5,5
India,11,M Raj,LK O'Reilly,JI Rodrigues,1,0,1
India,11,JI Rodrigues,LK O'Reilly,M Raj,4,0,4
India,12,M Raj,L Delany,JI Rodrigues,1,0,1
India,12,JI Rodrigues,L Delany,M Raj,0,0,0
India,12,JI Rodrigues,L Delany,M Raj,0,0,0
India,12,JI Rodrigues,L Delany,M Raj,1,0,1
India,12,M Raj,L Delany,JI Rodrigues,1,0,1
India,12,JI Rodrigues,L Delany,M Raj,4,0,4
India,13,M Raj,L Maritz,JI Rodrigues,1,0,1
India,13,JI Rodrigues,L Maritz,M Raj,1,0,1
India,13,M Raj,L Maritz,JI Rodrigues,0,0,0
India,13,M Raj,L Maritz,JI Rodrigues,1,0,1
India,13,JI Rodrigues,L Maritz,M Raj,4,0,4
India,13,JI Rodrigues,L Maritz,M Raj,1,0,1
India,14,JI Rodrigues,L Delany,M Raj,1,0,1
India,14,M Raj,L Delany,JI Rodrigues,2,0,2
India,14,M Raj,L Delany,JI Rodrigues,1,0,1
India,14,JI Rodrigues,L Delany,M Raj,0,1,1
India,14,H Kaur,L Delany,M Raj,1,0,1
India,14,M Raj,L Delany,H Kaur,0,0,0
India,14,M Raj,L Delany,H Kaur,1,0,1
India,15,M Raj,EAJ Richardson,H Kaur,0,1,1
India,15,H Kaur,EAJ Richardson,M Raj,6,0,6
India,15,H Kaur,EAJ Richardson,M Raj,0,0,0
India,15,M Raj,EAJ Richardson,V Krishnamurthy,1,0,1
India,15,V Krishnamurthy,EAJ Richardson,M Raj,0,0,0
India,15,V Krishnamurthy,EAJ Richardson,M Raj,1,0,1
India,16,V Krishnamurthy,L Delany,M Raj,1,0,1
India,16,M Raj,L Delany,V Krishnamurthy,1,0,1
India,16,V Krishnamurthy,L Delany,M Raj,0,0,0
India,16,V Krishnamurthy,L Delany,M Raj,4,0,4
India,16,V Krishnamurthy,L Delany,M Raj,0,0,0
India,16,V Krishnamurthy,L Delany,M Raj,1,0,1
India,17,V Krishnamurthy,LK O'Reilly,M Raj,2,0,2
India,17,V Krishnamurthy,LK O'Reilly,M Raj,0,0,0
India,17,D Hemalatha,LK O'Reilly,M Raj,1,0,1
India,17,M Raj,LK O'Reilly,D Hemalatha,1,0,1
India,17,D Hemalatha,LK O'Reilly,M Raj,0,0,0
India,17,D Hemalatha,LK O'Reilly,M Raj,2,0,2
India,18,M Raj,KJ Garth,D Hemalatha,1,0,1
India,18,D Hemalatha,KJ Garth,M Raj,1,0,1
India,18,M Raj,KJ Garth,D Hemalatha,0,0,0
India,18,DB Sharma,KJ Garth,D Hemalatha,4,0,4
India,18,DB Sharma,KJ Garth,D Hemalatha,1,0,1
India,18,D Hemalatha,KJ Garth,DB Sharma,0,0,0
India,19,DB Sharma,LK O'Reilly,D Hemalatha,2,0,2
India,19,DB Sharma,LK O'Reilly,D Hemalatha,0,0,0
India,19,DB Sharma,LK O'Reilly,D Hemalatha,2,0,2
India,19,DB Sharma,LK O'Reilly,D Hemalatha,1,0,1
India,19,RP Yadav,LK O'Reilly,DB Sharma,1,0,1
India,19,DB Sharma,LK O'Reilly,RP Yadav,1,0,1
Ireland,0,CMA Shillington,M Joshi,GH Lewis,1,0,1
Ireland,0,GH Lewis,M Joshi,CMA Shillington,0,0,0
Ireland,0,GH Lewis,M Joshi,CMA Shillington,0,0,0
Ireland,0,GH Lewis,M Joshi,CMA Shillington,4,0,4
Ireland,0,GH Lewis,M Joshi,CMA Shillington,0,0,0
Ireland,0,GH Lewis,M Joshi,CMA Shillington,0,0,0
Ireland,1,CMA Shillington,RP Yadav,GH Lewis,2,0,2
Ireland,1,CMA Shillington,RP Yadav,GH Lewis,1,0,1
Ireland,1,GH Lewis,RP Yadav,CMA Shillington,0,1,1
Ireland,1,GH Lewis,RP Yadav,CMA Shillington,0,0,0
Ireland,1,GH Lewis,RP Yadav,CMA Shillington,1,0,1
Ireland,1,CMA Shillington,RP Yadav,GH Lewis,0,1,1
Ireland,1,CMA Shillington,RP Yadav,GH Lewis,2,0,2
Ireland,1,CMA Shillington,RP Yadav,GH Lewis,0,0,0
Ireland,2,GH Lewis,M Joshi,CMA Shillington,0,0,0
Ireland,2,GH Lewis,M Joshi,CMA Shillington,0,0,0
Ireland,2,GH Lewis,M Joshi,CMA Shillington,0,0,0
Ireland,2,GH Lewis,M Joshi,CMA Shillington,0,0,0
Ireland,2,GH Lewis,M Joshi,CMA Shillington,0,0,0
Ireland,2,GH Lewis,M Joshi,CMA Shillington,0,0,0
Ireland,3,CMA Shillington,RP Yadav,GH Lewis,1,0,1
Ireland,3,GH Lewis,RP Yadav,CMA Shillington,0,0,0
Ireland,3,GH Lewis,RP Yadav,CMA Shillington,0,1,1
Ireland,3,GH Lewis,RP Yadav,CMA Shillington,1,0,1
Ireland,3,CMA Shillington,RP Yadav,GH Lewis,4,0,4
Ireland,3,CMA Shillington,RP Yadav,GH Lewis,0,0,0
Ireland,3,CMA Shillington,RP Yadav,GH Lewis,0,0,0
Ireland,4,GH Lewis,M Joshi,CMA Shillington,0,0,0
Ireland,4,GH Lewis,M Joshi,CMA Shillington,2,0,2
Ireland,4,GH Lewis,M Joshi,CMA Shillington,1,0,1
Ireland,4,CMA Shillington,M Joshi,GH Lewis,4,0,4
Ireland,4,CMA Shillington,M Joshi,GH Lewis,0,0,0
Ireland,4,CMA Shillington,M Joshi,GH Lewis,0,0,0
Ireland,5,GH Lewis,DB Sharma,CMA Shillington,0,0,0
Ireland,5,IMHC Joyce,DB Sharma,CMA Shillington,0,0,0
Ireland,5,IMHC Joyce,DB Sharma,CMA Shillington,0,0,0
Ireland,5,IMHC Joyce,DB Sharma,CMA Shillington,0,1,1
Ireland,5,IMHC Joyce,DB Sharma,CMA Shillington,0,0,0
Ireland,5,IMHC Joyce,DB Sharma,CMA Shillington,0,0,0
Ireland,5,IMHC Joyce,DB Sharma,CMA Shillington,2,0,2
Ireland,6,CMA Shillington,Poonam Yadav,IMHC Joyce,0,0,0
Ireland,6,CMA Shillington,Poonam Yadav,IMHC Joyce,0,0,0
Ireland,6,CMA Shillington,Poonam Yadav,IMHC Joyce,4,0,4
Ireland,6,CMA Shillington,Poonam Yadav,IMHC Joyce,1,0,1
Ireland,6,IMHC Joyce,Poonam Yadav,CMA Shillington,0,0,0
Ireland,6,IMHC Joyce,Poonam Yadav,CMA Shillington,0,0,0
Ireland,7,CMA Shillington,DB Sharma,IMHC Joyce,0,0,0
Ireland,7,CMA Shillington,DB Sharma,IMHC Joyce,0,0,0
Ireland,7,CMA Shillington,DB Sharma,IMHC Joyce,0,1,1
Ireland,7,IMHC Joyce,DB Sharma,CMA Shillington,1,0,1
Ireland,7,CMA Shillington,DB Sharma,IMHC Joyce,0,0,0
Ireland,7,CMA Shillington,DB Sharma,IMHC Joyce,2,0,2
Ireland,8,IMHC Joyce,Poonam Yadav,CMA Shillington,0,0,0
Ireland,8,IMHC Joyce,Poonam Yadav,CMA Shillington,1,0,1
Ireland,8,CMA Shillington,Poonam Yadav,IMHC Joyce,1,0,1
Ireland,8,IMHC Joyce,Poonam Yadav,CMA Shillington,1,0,1
Ireland,8,CMA Shillington,Poonam Yadav,IMHC Joyce,0,0,0
Ireland,8,L Delany,Poonam Yadav,IMHC Joyce,0,0,0
Ireland,9,IMHC Joyce,H Kaur,L Delany,0,0,0
Ireland,9,IMHC Joyce,H Kaur,L Delany,0,0,0
Ireland,9,IMHC Joyce,H Kaur,L Delany,1,0,1
Ireland,9,L Delany,H Kaur,IMHC Joyce,0,0,0
Ireland,9,L Delany,H Kaur,IMHC Joyce,0,0,0
Ireland,9,L Delany,H Kaur,IMHC Joyce,0,0,0
Ireland,10,IMHC Joyce,D Hemalatha,L Delany,4,0,4
Ireland,10,IMHC Joyce,D Hemalatha,L Delany,0,0,0
Ireland,10,IMHC Joyce,D Hemalatha,L Delany,0,0,0
Ireland,10,IMHC Joyce,D Hemalatha,L Delany,1,0,1
Ireland,10,L Delany,D Hemalatha,IMHC Joyce,1,0,1
Ireland,10,IMHC Joyce,D Hemalatha,L Delany,4,0,4
Ireland,11,L Delany,H Kaur,IMHC Joyce,1,0,1
Ireland,11,IMHC Joyce,H Kaur,L Delany,0,0,0
Ireland,11,IMHC Joyce,H Kaur,L Delany,1,0,1
Ireland,11,L Delany,H Kaur,IMHC Joyce,0,0,0
Ireland,11,L Delany,H Kaur,IMHC Joyce,1,0,1
Ireland,11,IMHC Joyce,H Kaur,L Delany,0,0,0
Ireland,12,L Delany,JI Rodrigues,IMHC Joyce,0,1,1
Ireland,12,L Delany,JI Rodrigues,IMHC Joyce,1,0,1
Ireland,12,IMHC Joyce,JI Rodrigues,L Delany,1,0,1
Ireland,12,L Delany,JI Rodrigues,IMHC Joyce,1,0,1
Ireland,12,IMHC Joyce,JI Rodrigues,L Delany,0,0,0
Ireland,12,IMHC Joyce,JI Rodrigues,L Delany,2,0,2
Ireland,12,IMHC Joyce,JI Rodrigues,L Delany,0,0,0
Ireland,13,L Delany,Poonam Yadav,IMHC Joyce,1,0,1
Ireland,13,IMHC Joyce,Poonam Yadav,L Delany,0,1,1
Ireland,13,IMHC Joyce,Poonam Yadav,L Delany,0,0,0
Ireland,13,IMHC Joyce,Poonam Yadav,L Delany,1,0,1
Ireland,13,L Delany,Poonam Yadav,IMHC Joyce,0,0,0
Ireland,13,L Delany,Poonam Yadav,IMHC Joyce,0,0,0
Ireland,13,L Delany,Poonam Yadav,IMHC Joyce,1,0,1
Ireland,14,L Delany,RP Yadav,IMHC Joyce,1,0,1
Ireland,14,IMHC Joyce,RP Yadav,L Delany,1,0,1
Ireland,14,L Delany,RP Yadav,IMHC Joyce,1,0,1
Ireland,14,IMHC Joyce,RP Yadav,L Delany,1,0,1
Ireland,14,L Delany,RP Yadav,IMHC Joyce,0,0,0
Ireland,14,SM Kavanagh,RP Yadav,IMHC Joyce,1,0,1
Ireland,15,SM Kavanagh,H Kaur,IMHC Joyce,0,0,0
Ireland,15,SM Kavanagh,H Kaur,IMHC Joyce,0,0,0
Ireland,15,SM Kavanagh,H Kaur,IMHC Joyce,0,0,0
Ireland,15,SM Kavanagh,H Kaur,IMHC Joyce,1,0,1
Ireland,15,IMHC Joyce,H Kaur,SM Kavanagh,0,0,0
Ireland,15,IMHC Joyce,H Kaur,SM Kavanagh,1,0,1
Ireland,16,IMHC Joyce,DB Sharma,SM Kavanagh,4,0,4
Ireland,16,IMHC Joyce,DB Sharma,SM Kavanagh,4,0,4
Ireland,16,IMHC Joyce,DB Sharma,SM Kavanagh,0,0,0
Ireland,16,IMHC Joyce,DB Sharma,SM Kavanagh,1,0,1
Ireland,16,SM Kavanagh,DB Sharma,IMHC Joyce,0,0,0
Ireland,16,KJ Garth,DB Sharma,IMHC Joyce,0,0,0
Ireland,17,IMHC Joyce,H Kaur,KJ Garth,1,0,1
Ireland,17,KJ Garth,H Kaur,IMHC Joyce,1,0,1
Ireland,17,IMHC Joyce,H Kaur,KJ Garth,0,0,0
Ireland,17,EAJ Richardson,H Kaur,KJ Garth,0,0,0
Ireland,17,EAJ Richardson,H Kaur,KJ Garth,1,0,1
Ireland,17,KJ Garth,H Kaur,EAJ Richardson,1,0,1
Ireland,18,KJ Garth,RP Yadav,EAJ Richardson,1,0,1
Ireland,18,EAJ Richardson,RP Yadav,KJ Garth,2,0,2
Ireland,18,EAJ Richardson,RP Yadav,KJ Garth,1,0,1
Ireland,18,KJ Garth,RP Yadav,EAJ Richardson,0,0,0
Ireland,18,MV Waldron,RP Yadav,EAJ Richardson,1,0,1
Ireland,18,L Maritz,RP Yadav,MV Waldron,0,0,0
Ireland,19,MV Waldron,Poonam Yadav,C Raack,0,0,0
Ireland,19,MV Waldron,Poonam Yadav,C Raack,1,0,1
Ireland,19,C Raack,Poonam Yadav,MV Waldron,0,0,0
Ireland,19,C Raack,Poonam Yadav,MV Waldron,0,0,0
Ireland,19,C Raack,Poonam Yadav,MV Waldron,1,0,1
Ireland,19,MV Waldron,Poonam Yadav,C Raack,0,0,0
