Team,Over,Batter,Bowler,Non_Striker,Batter_Runs,Extras,Total_Runs
Sri Lanka,0,BYA Mendis,M Kapp,AC Jayangani,0,0,0
Sri Lanka,0,BYA Mendis,M Kapp,AC Jayangani,1,0,1
Sri Lanka,0,AC Jayangani,M Kapp,BYA Mendis,0,0,0
Sri Lanka,0,AC Jayangani,M Kapp,BYA Mendis,1,0,1
Sri Lanka,0,BYA Mendis,M Kapp,AC Jayangani,0,0,0
Sri Lanka,0,BYA Mendis,M Kapp,AC Jayangani,0,0,0
Sri Lanka,1,AC Jayangani,S Ismail,BYA Mendis,0,0,0
Sri Lanka,1,AC Jayangani,S Ismail,BYA Mendis,0,0,0
Sri Lanka,1,AC Jayangani,S Ismail,BYA Mendis,0,0,0
Sri Lanka,1,AC Jayangani,S Ismail,BYA Mendis,0,0,0
Sri Lanka,1,AC Jayangani,S Ismail,BYA Mendis,0,0,0
Sri Lanka,1,AC Jayangani,S Ismail,BYA Mendis,1,0,1
Sri Lanka,2,AC Jayangani,M Kapp,BYA Mendis,1,0,1
Sri Lanka,2,BYA Mendis,M Kapp,AC Jayangani,0,0,0
Sri Lanka,2,BYA Mendis,M Kapp,AC Jayangani,0,1,1
Sri Lanka,2,AC Jayangani,M Kapp,BYA Mendis,0,0,0
Sri Lanka,2,GWHM Perera,M Kapp,BYA Mendis,0,0,0
Sri Lanka,2,GWHM Perera,M Kapp,BYA Mendis,0,0,0
Sri Lanka,3,BYA Mendis,S Ismail,GWHM Perera,0,0,0
Sri Lanka,3,BYA Mendis,S Ismail,GWHM Perera,0,0,0
Sri Lanka,3,HASD Siriwardene,S Ismail,GWHM Perera,0,1,1
Sri Lanka,3,HASD Siriwardene,S Ismail,GWHM Perera,0,0,0
Sri Lanka,3,HASD Siriwardene,S Ismail,GWHM Perera,0,0,0
Sri Lanka,3,HASD Siriwardene,S Ismail,GWHM Perera,0,5,5
Sri Lanka,3,HASD Siriwardene,S Ismail,GWHM Perera,0,0,0
Sri Lanka,3,HASD Siriwardene,S Ismail,GWHM Perera,0,0,0
Sri Lanka,4,GWHM Perera,M Kapp,HASD Siriwardene,0,0,0
Sri Lanka,4,GWHM Perera,M Kapp,HASD Siriwardene,1,0,1
Sri Lanka,4,HASD Siriwardene,M Kapp,GWHM Perera,0,0,0
Sri Lanka,4,HASD Siriwardene,M Kapp,GWHM Perera,0,0,0
Sri Lanka,4,HASD Siriwardene,M Kapp,GWHM Perera,0,0,0
Sri Lanka,4,HASD Siriwardene,M Kapp,GWHM Perera,2,0,2
Sri Lanka,5,GWHM Perera,S Ismail,HASD Siriwardene,0,0,0
Sri Lanka,5,GWHM Perera,S Ismail,HASD Siriwardene,1,0,1
Sri Lanka,5,HASD Siriwardene,S Ismail,GWHM Perera,1,0,1
Sri Lanka,5,GWHM Perera,S Ismail,HASD Siriwardene,0,0,0
Sri Lanka,5,GWHM Perera,S Ismail,HASD Siriwardene,0,0,0
Sri Lanka,5,GWHM Perera,S Ismail,HASD Siriwardene,0,0,0
Sri Lanka,6,HASD Siriwardene,M Klaas,GWHM Perera,0,0,0
Sri Lanka,6,HASD Siriwardene,M Klaas,GWHM Perera,0,0,0
Sri Lanka,6,HASD Siriwardene,M Klaas,GWHM Perera,1,0,1
Sri Lanka,6,GWHM Perera,M Klaas,HASD Siriwardene,0,0,0
Sri Lanka,6,GWHM Perera,M Klaas,HASD Siriwardene,0,0,0
Sri Lanka,6,GWHM Perera,M Klaas,HASD Siriwardene,4,0,4
Sri Lanka,7,HASD Siriwardene,M Daniels,GWHM Perera,4,0,4
Sri Lanka,7,HASD Siriwardene,M Daniels,GWHM Perera,0,0,0
Sri Lanka,7,HASD Siriwardene,M Daniels,GWHM Perera,0,0,0
Sri Lanka,7,HASD Siriwardene,M Daniels,GWHM Perera,1,0,1
Sri Lanka,7,GWHM Perera,M Daniels,HASD Siriwardene,0,0,0
Sri Lanka,7,OU Ranasinghe,M Daniels,HASD Siriwardene,0,1,1
Sri Lanka,7,OU Ranasinghe,M Daniels,HASD Siriwardene,0,0,0
Sri Lanka,8,HASD Siriwardene,M Klaas,OU Ranasinghe,0,0,0
Sri Lanka,8,HASD Siriwardene,M Klaas,OU Ranasinghe,0,0,0
Sri Lanka,8,HASD Siriwardene,M Klaas,OU Ranasinghe,0,0,0
Sri Lanka,8,HASD Siriwardene,M Klaas,OU Ranasinghe,1,0,1
Sri Lanka,8,OU Ranasinghe,M Klaas,HASD Siriwardene,0,1,1
Sri Lanka,8,OU Ranasinghe,M Klaas,HASD Siriwardene,1,0,1
Sri Lanka,8,HASD Siriwardene,M Klaas,OU Ranasinghe,6,0,6
Sri Lanka,9,OU Ranasinghe,M Daniels,HASD Siriwardene,0,1,1
Sri Lanka,9,OU Ranasinghe,M Daniels,HASD Siriwardene,0,0,0
Sri Lanka,9,OU Ranasinghe,M Daniels,HASD Siriwardene,0,0,0
Sri Lanka,9,OU Ranasinghe,M Daniels,HASD Siriwardene,0,0,0
Sri Lanka,9,OU Ranasinghe,M Daniels,HASD Siriwardene,1,0,1
Sri Lanka,9,HASD Siriwardene,M Daniels,OU Ranasinghe,4,0,4
Sri Lanka,9,HASD Siriwardene,M Daniels,OU Ranasinghe,0,0,0
Sri Lanka,10,OU Ranasinghe,D van Niekerk,HASD Siriwardene,0,0,0
Sri Lanka,10,OU Ranasinghe,D van Niekerk,HASD Siriwardene,1,0,1
Sri Lanka,10,HASD Siriwardene,D van Niekerk,OU Ranasinghe,0,0,0
Sri Lanka,10,HASD Siriwardene,D van Niekerk,OU Ranasinghe,1,0,1
Sri Lanka,10,OU Ranasinghe,D van Niekerk,HASD Siriwardene,0,0,0
Sri Lanka,10,OU Ranasinghe,D van Niekerk,HASD Siriwardene,0,0,0
Sri Lanka,11,HASD Siriwardene,TS Sekhukhune,OU Ranasinghe,0,0,0
Sri Lanka,11,HASD Siriwardene,TS Sekhukhune,OU Ranasinghe,0,0,0
Sri Lanka,11,NND de Silva,TS Sekhukhune,OU Ranasinghe,1,0,1
Sri Lanka,11,OU Ranasinghe,TS Sekhukhune,NND de Silva,0,0,0
Sri Lanka,11,OU Ranasinghe,TS Sekhukhune,NND de Silva,0,0,0
Sri Lanka,11,OU Ranasinghe,TS Sekhukhune,NND de Silva,1,0,1
Sri Lanka,12,OU Ranasinghe,D van Niekerk,NND de Silva,0,0,0
Sri Lanka,12,OU Ranasinghe,D van Niekerk,NND de Silva,1,0,1
Sri Lanka,12,NND de Silva,D van Niekerk,OU Ranasinghe,0,0,0
Sri Lanka,12,NND de Silva,D van Niekerk,OU Ranasinghe,0,0,0
Sri Lanka,12,NND de Silva,D van Niekerk,OU Ranasinghe,1,0,1
Sri Lanka,12,OU Ranasinghe,D van Niekerk,NND de Silva,0,0,0
Sri Lanka,13,NND de Silva,TS Sekhukhune,LE Kaushalya,1,0,1
Sri Lanka,13,LE Kaushalya,TS Sekhukhune,NND de Silva,0,0,0
Sri Lanka,13,LE Kaushalya,TS Sekhukhune,NND de Silva,1,0,1
Sri Lanka,13,NND de Silva,TS Sekhukhune,LE Kaushalya,1,0,1
Sri Lanka,13,LE Kaushalya,TS Sekhukhune,NND de Silva,0,0,0
Sri Lanka,13,LE Kaushalya,TS Sekhukhune,NND de Silva,0,0,0
Sri Lanka,14,NND de Silva,D van Niekerk,LE Kaushalya,0,0,0
Sri Lanka,14,NND de Silva,D van Niekerk,LE Kaushalya,0,0,0
Sri Lanka,14,NND de Silva,D van Niekerk,LE Kaushalya,1,0,1
Sri Lanka,14,LE Kaushalya,D van Niekerk,NND de Silva,0,0,0
Sri Lanka,14,LE Kaushalya,D van Niekerk,NND de Silva,1,0,1
Sri Lanka,14,NND de Silva,D van Niekerk,LE Kaushalya,1,0,1
Sri Lanka,15,NND de Silva,TS Sekhukhune,LE Kaushalya,0,5,5
Sri Lanka,15,NND de Silva,TS Sekhukhune,LE Kaushalya,0,0,0
Sri Lanka,15,NND de Silva,TS Sekhukhune,LE Kaushalya,1,0,1
Sri Lanka,15,LE Kaushalya,TS Sekhukhune,NND de Silva,0,1,1
Sri Lanka,15,LE Kaushalya,TS Sekhukhune,NND de Silva,0,1,1
Sri Lanka,15,NND de Silva,TS Sekhukhune,LE Kaushalya,1,0,1
Sri Lanka,15,LE Kaushalya,TS Sekhukhune,NND de Silva,1,0,1
Sri Lanka,15,NND de Silva,TS Sekhukhune,LE Kaushalya,1,0,1
Sri Lanka,16,NND de Silva,M Klaas,LE Kaushalya,1,0,1
Sri Lanka,16,LE Kaushalya,M Klaas,NND de Silva,1,0,1
Sri Lanka,16,NND de Silva,M Klaas,LE Kaushalya,0,0,0
Sri Lanka,16,MADD Surangika,M Klaas,LE Kaushalya,4,0,4
Sri Lanka,16,MADD Surangika,M Klaas,LE Kaushalya,1,0,1
Sri Lanka,16,LE Kaushalya,M Klaas,MADD Surangika,0,1,1
Sri Lanka,16,LE Kaushalya,M Klaas,MADD Surangika,1,0,1
Sri Lanka,17,LE Kaushalya,TS Sekhukhune,MADD Surangika,0,1,1
Sri Lanka,17,MADD Surangika,TS Sekhukhune,LE Kaushalya,4,0,4
Sri Lanka,17,MADD Surangika,TS Sekhukhune,LE Kaushalya,4,0,4
Sri Lanka,17,MADD Surangika,TS Sekhukhune,LE Kaushalya,0,0,0
Sri Lanka,17,MADD Surangika,TS Sekhukhune,LE Kaushalya,0,1,1
Sri Lanka,17,MADD Surangika,TS Sekhukhune,LE Kaushalya,4,0,4
Sri Lanka,17,MADD Surangika,TS Sekhukhune,LE Kaushalya,1,0,1
Sri Lanka,18,MADD Surangika,M Kapp,LE Kaushalya,0,0,0
Sri Lanka,18,MADD Surangika,M Kapp,LE Kaushalya,1,0,1
Sri Lanka,18,LE Kaushalya,M Kapp,MADD Surangika,0,0,0
Sri Lanka,18,LE Kaushalya,M Kapp,MADD Surangika,4,0,4
Sri Lanka,18,LE Kaushalya,M Kapp,MADD Surangika,0,0,0
Sri Lanka,18,LE Kaushalya,M Kapp,MADD Surangika,0,2,2
Sri Lanka,18,MADD Surangika,M Kapp,LE Kaushalya,0,1,1
Sri Lanka,19,MADD Surangika,S Ismail,LE Kaushalya,0,0,0
Sri Lanka,19,MADD Surangika,S Ismail,LE Kaushalya,1,0,1
Sri Lanka,19,LE Kaushalya,S Ismail,MADD Surangika,0,0,0
Sri Lanka,19,SS Weerakkody,S Ismail,MADD Surangika,0,0,0
Sri Lanka,19,SS Weerakkody,S Ismail,MADD Surangika,0,0,0
Sri Lanka,19,KDU Prabodhani,S Ismail,MADD Surangika,0,1,1
South Africa,0,L Lee,KDU Prabodhani,L Wolvaardt,0,0,0
South Africa,0,L Lee,KDU Prabodhani,L Wolvaardt,1,0,1
South Africa,0,L Wolvaardt,KDU Prabodhani,L Lee,0,0,0
South Africa,0,L Wolvaardt,KDU Prabodhani,L Lee,0,0,0
South Africa,0,L Wolvaardt,KDU Prabodhani,L Lee,4,0,4
South Africa,0,L Wolvaardt,KDU Prabodhani,L Lee,0,1,1
South Africa,0,L Wolvaardt,KDU Prabodhani,L Lee,0,0,0
South Africa,1,L Lee,SS Weerakkody,M Kapp,0,0,0
South Africa,1,D van Niekerk,SS Weerakkody,M Kapp,0,0,0
South Africa,1,D van Niekerk,SS Weerakkody,M Kapp,4,0,4
South Africa,1,D van Niekerk,SS Weerakkody,M Kapp,0,0,0
South Africa,1,D van Niekerk,SS Weerakkody,M Kapp,0,0,0
South Africa,1,D van Niekerk,SS Weerakkody,M Kapp,0,0,0
South Africa,2,M Kapp,KDU Prabodhani,D van Niekerk,0,0,0
South Africa,2,M Kapp,KDU Prabodhani,D van Niekerk,0,0,0
South Africa,2,M Kapp,KDU Prabodhani,D van Niekerk,0,0,0
South Africa,2,M Kapp,KDU Prabodhani,D van Niekerk,0,0,0
South Africa,2,M Kapp,KDU Prabodhani,D van Niekerk,0,0,0
South Africa,2,M Kapp,KDU Prabodhani,D van Niekerk,4,0,4
South Africa,3,D van Niekerk,SS Weerakkody,M Kapp,0,0,0
South Africa,3,D van Niekerk,SS Weerakkody,M Kapp,0,0,0
South Africa,3,D van Niekerk,SS Weerakkody,M Kapp,1,0,1
South Africa,3,M Kapp,SS Weerakkody,D van Niekerk,0,1,1
South Africa,3,M Kapp,SS Weerakkody,D van Niekerk,0,0,0
South Africa,3,M Kapp,SS Weerakkody,D van Niekerk,4,0,4
South Africa,3,M Kapp,SS Weerakkody,D van Niekerk,0,0,0
South Africa,4,D van Niekerk,KDU Prabodhani,M Kapp,4,0,4
South Africa,4,D van Niekerk,KDU Prabodhani,M Kapp,0,2,2
South Africa,4,M Kapp,KDU Prabodhani,D van Niekerk,0,0,0
South Africa,4,M Kapp,KDU Prabodhani,D van Niekerk,0,0,0
South Africa,4,M Kapp,KDU Prabodhani,D van Niekerk,0,0,0
South Africa,4,M Kapp,KDU Prabodhani,D van Niekerk,0,0,0
South Africa,4,M Kapp,KDU Prabodhani,D van Niekerk,1,0,1
South Africa,5,M Kapp,BMSM Kumari,D van Niekerk,1,0,1
South Africa,5,D van Niekerk,BMSM Kumari,M Kapp,0,0,0
South Africa,5,D van Niekerk,BMSM Kumari,M Kapp,0,0,0
South Africa,5,D van Niekerk,BMSM Kumari,M Kapp,1,0,1
South Africa,5,M Kapp,BMSM Kumari,D van Niekerk,0,1,1
South Africa,5,M Kapp,BMSM Kumari,D van Niekerk,4,0,4
South Africa,5,M Kapp,BMSM Kumari,D van Niekerk,0,0,0
South Africa,6,D van Niekerk,SS Weerakkody,M Kapp,0,0,0
South Africa,6,D van Niekerk,SS Weerakkody,M Kapp,1,0,1
South Africa,6,M Kapp,SS Weerakkody,D van Niekerk,0,0,0
South Africa,6,M Kapp,SS Weerakkody,D van Niekerk,1,0,1
South Africa,6,D van Niekerk,SS Weerakkody,M Kapp,1,0,1
South Africa,6,M Kapp,SS Weerakkody,D van Niekerk,1,0,1
South Africa,7,M Kapp,HASD Siriwardene,D van Niekerk,0,0,0
South Africa,7,M Kapp,HASD Siriwardene,D van Niekerk,1,0,1
South Africa,7,D van Niekerk,HASD Siriwardene,M Kapp,0,0,0
South Africa,7,D van Niekerk,HASD Siriwardene,M Kapp,0,0,0
South Africa,7,D van Niekerk,HASD Siriwardene,M Kapp,0,0,0
South Africa,7,D van Niekerk,HASD Siriwardene,M Kapp,1,0,1
South Africa,8,D van Niekerk,OU Ranasinghe,M Kapp,1,0,1
South Africa,8,M Kapp,OU Ranasinghe,D van Niekerk,2,0,2
South Africa,8,M Kapp,OU Ranasinghe,D van Niekerk,0,0,0
South Africa,8,M Kapp,OU Ranasinghe,D van Niekerk,6,0,6
South Africa,8,M Kapp,OU Ranasinghe,D van Niekerk,0,0,0
South Africa,8,M Kapp,OU Ranasinghe,D van Niekerk,0,0,0
South Africa,9,D van Niekerk,HASD Siriwardene,M Kapp,0,0,0
South Africa,9,D van Niekerk,HASD Siriwardene,M Kapp,1,0,1
South Africa,9,M Kapp,HASD Siriwardene,D van Niekerk,0,0,0
South Africa,9,M Kapp,HASD Siriwardene,D van Niekerk,0,0,0
South Africa,9,M Kapp,HASD Siriwardene,D van Niekerk,1,0,1
South Africa,9,D van Niekerk,HASD Siriwardene,M Kapp,0,0,0
South Africa,10,M Kapp,OU Ranasinghe,D van Niekerk,1,0,1
South Africa,10,D van Niekerk,OU Ranasinghe,M Kapp,1,0,1
South Africa,10,M Kapp,OU Ranasinghe,D van Niekerk,1,0,1
South Africa,10,D van Niekerk,OU Ranasinghe,M Kapp,1,0,1
South Africa,10,M Kapp,OU Ranasinghe,D van Niekerk,1,0,1
South Africa,10,D van Niekerk,OU Ranasinghe,M Kapp,1,0,1
South Africa,11,D van Niekerk,NND de Silva,M Kapp,0,0,0
South Africa,11,D van Niekerk,NND de Silva,M Kapp,2,0,2
South Africa,11,D van Niekerk,NND de Silva,M Kapp,1,0,1
South Africa,11,M Kapp,NND de Silva,D van Niekerk,4,0,4
South Africa,11,M Kapp,NND de Silva,D van Niekerk,0,1,1
South Africa,11,M Kapp,NND de Silva,D van Niekerk,0,0,0
South Africa,11,M Kapp,NND de Silva,D van Niekerk,1,0,1
South Africa,12,M Kapp,AC Jayangani,D van Niekerk,1,0,1
South Africa,12,D van Niekerk,AC Jayangani,M Kapp,0,0,0
South Africa,12,D van Niekerk,AC Jayangani,M Kapp,1,0,1
South Africa,12,M Kapp,AC Jayangani,D van Niekerk,1,0,1
South Africa,12,D van Niekerk,AC Jayangani,M Kapp,1,0,1
South Africa,12,M Kapp,AC Jayangani,D van Niekerk,1,0,1
South Africa,13,M Kapp,HASD Siriwardene,D van Niekerk,0,0,0
South Africa,13,M Kapp,HASD Siriwardene,D van Niekerk,0,0,0
South Africa,13,M Kapp,HASD Siriwardene,D van Niekerk,0,0,0
South Africa,13,M Kapp,HASD Siriwardene,D van Niekerk,1,0,1
South Africa,13,D van Niekerk,HASD Siriwardene,M Kapp,1,0,1
South Africa,13,M Kapp,HASD Siriwardene,D van Niekerk,0,0,0
South Africa,14,D van Niekerk,AC Jayangani,M du Preez,0,1,1
South Africa,14,D van Niekerk,AC Jayangani,M du Preez,0,0,0
South Africa,14,D van Niekerk,AC Jayangani,M du Preez,1,0,1
South Africa,14,M du Preez,AC Jayangani,D van Niekerk,0,1,1
South Africa,14,M du Preez,AC Jayangani,D van Niekerk,1,0,1
South Africa,14,D van Niekerk,AC Jayangani,M du Preez,1,0,1
South Africa,14,M du Preez,AC Jayangani,D van Niekerk,0,0,0
South Africa,14,M du Preez,AC Jayangani,D van Niekerk,1,0,1
South Africa,15,M du Preez,HASD Siriwardene,D van Niekerk,0,0,0
South Africa,15,M du Preez,HASD Siriwardene,D van Niekerk,0,0,0
South Africa,15,M du Preez,HASD Siriwardene,D van Niekerk,0,0,0
South Africa,15,M du Preez,HASD Siriwardene,D van Niekerk,4,0,4
South Africa,15,M du Preez,HASD Siriwardene,D van Niekerk,1,0,1
South Africa,15,D van Niekerk,HASD Siriwardene,M du Preez,1,0,1
South Africa,16,D van Niekerk,KDU Prabodhani,M du Preez,0,0,0
South Africa,16,D van Niekerk,KDU Prabodhani,M du Preez,0,0,0
South Africa,16,D van Niekerk,KDU Prabodhani,M du Preez,1,0,1
South Africa,16,M du Preez,KDU Prabodhani,D van Niekerk,4,0,4
South Africa,16,M du Preez,KDU Prabodhani,D van Niekerk,0,0,0
South Africa,16,M du Preez,KDU Prabodhani,D van Niekerk,0,0,0
South Africa,17,D van Niekerk,SS Weerakkody,M du Preez,2,0,2
South Africa,17,D van Niekerk,SS Weerakkody,M du Preez,0,0,0
South Africa,17,D van Niekerk,SS Weerakkody,M du Preez,2,0,2
South Africa,17,D van Niekerk,SS Weerakkody,M du Preez,1,0,1
South Africa,17,M du Preez,SS Weerakkody,D van Niekerk,1,0,1
South Africa,17,D van Niekerk,SS Weerakkody,M du Preez,0,1,1
South Africa,17,D van Niekerk,SS Weerakkody,M du Preez,0,0,0
South Africa,18,M du Preez,BMSM Kumari,D van Niekerk,0,1,1
South Africa,18,M du Preez,BMSM Kumari,D van Niekerk,0,0,0
South Africa,18,M du Preez,BMSM Kumari,D van Niekerk,0,0,0
South Africa,18,M du Preez,BMSM Kumari,D van Niekerk,4,0,4
