Team,Over,Batter,Bowler,Non_Striker,Batter_Runs,Extras,Total_Runs
New Zealand,0,TL Seifert,B Kumar,C Munro,0,0,0
New Zealand,0,TL Seifert,B Kumar,C Munro,0,0,0
New Zealand,0,TL Seifert,B Kumar,C Munro,1,0,1
New Zealand,0,C Munro,B Kumar,TL Seifert,1,0,1
New Zealand,0,TL Seifert,B Kumar,C Munro,1,0,1
New Zealand,0,C Munro,B Kumar,TL Seifert,1,0,1
New Zealand,1,C Munro,KK Ahmed,TL Seifert,0,0,0
New Zealand,1,C Munro,KK Ahmed,TL Seifert,4,0,4
New Zealand,1,C Munro,KK Ahmed,TL Seifert,4,0,4
New Zealand,1,C Munro,KK Ahmed,TL Seifert,0,0,0
New Zealand,1,C Munro,KK Ahmed,TL Seifert,0,0,0
New Zealand,1,C Munro,KK Ahmed,TL Seifert,1,0,1
New Zealand,2,C Munro,B Kumar,TL Seifert,2,0,2
New Zealand,2,C Munro,B Kumar,TL Seifert,3,0,3
New Zealand,2,TL Seifert,B Kumar,C Munro,6,0,6
New Zealand,2,TL Seifert,B Kumar,C Munro,0,0,0
New Zealand,2,TL Seifert,B Kumar,C Munro,4,0,4
New Zealand,2,TL Seifert,B Kumar,C Munro,0,0,0
New Zealand,3,C Munro,KK Ahmed,TL Seifert,6,0,6
New Zealand,3,C Munro,KK Ahmed,TL Seifert,6,0,6
New Zealand,3,C Munro,KK Ahmed,TL Seifert,1,0,1
New Zealand,3,TL Seifert,KK Ahmed,C Munro,0,0,0
New Zealand,3,TL Seifert,KK Ahmed,C Munro,2,0,2
New Zealand,3,TL Seifert,KK Ahmed,C Munro,1,0,1
New Zealand,4,TL Seifert,KH Pandya,C Munro,0,0,0
New Zealand,4,TL Seifert,KH Pandya,C Munro,2,0,2
New Zealand,4,TL Seifert,KH Pandya,C Munro,0,0,0
New Zealand,4,TL Seifert,KH Pandya,C Munro,6,0,6
New Zealand,4,TL Seifert,KH Pandya,C Munro,1,0,1
New Zealand,4,C Munro,KH Pandya,TL Seifert,1,0,1
New Zealand,5,C Munro,HH Pandya,TL Seifert,0,1,1
New Zealand,5,C Munro,HH Pandya,TL Seifert,1,0,1
New Zealand,5,TL Seifert,HH Pandya,C Munro,4,0,4
New Zealand,5,TL Seifert,HH Pandya,C Munro,0,0,0
New Zealand,5,TL Seifert,HH Pandya,C Munro,4,0,4
New Zealand,5,TL Seifert,HH Pandya,C Munro,1,0,1
New Zealand,5,C Munro,HH Pandya,TL Seifert,1,0,1
New Zealand,6,C Munro,KH Pandya,TL Seifert,1,0,1
New Zealand,6,TL Seifert,KH Pandya,C Munro,0,0,0
New Zealand,6,TL Seifert,KH Pandya,C Munro,4,0,4
New Zealand,6,TL Seifert,KH Pandya,C Munro,1,0,1
New Zealand,6,C Munro,KH Pandya,TL Seifert,1,0,1
New Zealand,6,TL Seifert,KH Pandya,C Munro,0,1,1
New Zealand,7,TL Seifert,HH Pandya,C Munro,0,0,0
New Zealand,7,TL Seifert,HH Pandya,C Munro,4,0,4
New Zealand,7,TL Seifert,HH Pandya,C Munro,6,0,6
New Zealand,7,TL Seifert,HH Pandya,C Munro,0,0,0
New Zealand,7,TL Seifert,HH Pandya,C Munro,1,0,1
New Zealand,7,C Munro,HH Pandya,TL Seifert,0,0,0
New Zealand,8,TL Seifert,KH Pandya,C Munro,1,0,1
New Zealand,8,C Munro,KH Pandya,TL Seifert,0,0,0
New Zealand,8,TL Seifert,KH Pandya,KS Williamson,0,0,0
New Zealand,8,TL Seifert,KH Pandya,KS Williamson,1,0,1
New Zealand,8,KS Williamson,KH Pandya,TL Seifert,0,0,0
New Zealand,8,KS Williamson,KH Pandya,TL Seifert,1,0,1
New Zealand,9,KS Williamson,YS Chahal,TL Seifert,0,0,0
New Zealand,9,KS Williamson,YS Chahal,TL Seifert,1,0,1
New Zealand,9,TL Seifert,YS Chahal,KS Williamson,4,0,4
New Zealand,9,TL Seifert,YS Chahal,KS Williamson,2,0,2
New Zealand,9,TL Seifert,YS Chahal,KS Williamson,1,0,1
New Zealand,9,KS Williamson,YS Chahal,TL Seifert,1,0,1
New Zealand,10,KS Williamson,KH Pandya,TL Seifert,1,0,1
New Zealand,10,TL Seifert,KH Pandya,KS Williamson,6,0,6
New Zealand,10,TL Seifert,KH Pandya,KS Williamson,6,0,6
New Zealand,10,TL Seifert,KH Pandya,KS Williamson,1,0,1
New Zealand,10,KS Williamson,KH Pandya,TL Seifert,1,0,1
New Zealand,10,TL Seifert,KH Pandya,KS Williamson,2,0,2
New Zealand,11,KS Williamson,YS Chahal,TL Seifert,0,0,0
New Zealand,11,KS Williamson,YS Chahal,TL Seifert,1,0,1
New Zealand,11,TL Seifert,YS Chahal,KS Williamson,1,0,1
New Zealand,11,KS Williamson,YS Chahal,TL Seifert,1,0,1
New Zealand,11,TL Seifert,YS Chahal,KS Williamson,4,0,4
New Zealand,11,TL Seifert,YS Chahal,KS Williamson,6,0,6
New Zealand,12,KS Williamson,KK Ahmed,TL Seifert,0,0,0
New Zealand,12,KS Williamson,KK Ahmed,TL Seifert,6,0,6
New Zealand,12,KS Williamson,KK Ahmed,TL Seifert,1,0,1
New Zealand,12,TL Seifert,KK Ahmed,KS Williamson,0,0,0
New Zealand,12,DJ Mitchell,KK Ahmed,KS Williamson,0,0,0
New Zealand,12,DJ Mitchell,KK Ahmed,KS Williamson,4,0,4
New Zealand,13,KS Williamson,YS Chahal,DJ Mitchell,2,0,2
New Zealand,13,KS Williamson,YS Chahal,DJ Mitchell,0,0,0
New Zealand,13,KS Williamson,YS Chahal,DJ Mitchell,1,0,1
New Zealand,13,DJ Mitchell,YS Chahal,KS Williamson,1,0,1
New Zealand,13,KS Williamson,YS Chahal,DJ Mitchell,2,0,2
New Zealand,13,KS Williamson,YS Chahal,DJ Mitchell,2,0,2
New Zealand,14,DJ Mitchell,HH Pandya,KS Williamson,0,1,1
New Zealand,14,DJ Mitchell,HH Pandya,KS Williamson,1,0,1
New Zealand,14,KS Williamson,HH Pandya,DJ Mitchell,6,0,6
New Zealand,14,KS Williamson,HH Pandya,DJ Mitchell,6,0,6
New Zealand,14,KS Williamson,HH Pandya,DJ Mitchell,1,0,1
New Zealand,14,DJ Mitchell,HH Pandya,KS Williamson,2,0,2
New Zealand,14,DJ Mitchell,HH Pandya,KS Williamson,0,1,1
New Zealand,14,DJ Mitchell,HH Pandya,KS Williamson,0,0,0
New Zealand,15,KS Williamson,YS Chahal,LRPL Taylor,0,0,0
New Zealand,15,LRPL Taylor,YS Chahal,C de Grandhomme,1,0,1
New Zealand,15,C de Grandhomme,YS Chahal,LRPL Taylor,1,0,1
New Zealand,15,LRPL Taylor,YS Chahal,C de Grandhomme,1,0,1
New Zealand,15,C de Grandhomme,YS Chahal,LRPL Taylor,1,0,1
New Zealand,15,LRPL Taylor,YS Chahal,C de Grandhomme,1,0,1
New Zealand,16,LRPL Taylor,B Kumar,C de Grandhomme,0,0,0
New Zealand,16,LRPL Taylor,B Kumar,C de Grandhomme,2,0,2
New Zealand,16,LRPL Taylor,B Kumar,C de Grandhomme,6,0,6
New Zealand,16,LRPL Taylor,B Kumar,C de Grandhomme,1,0,1
New Zealand,16,C de Grandhomme,B Kumar,LRPL Taylor,1,0,1
New Zealand,16,LRPL Taylor,B Kumar,C de Grandhomme,1,0,1
New Zealand,17,LRPL Taylor,HH Pandya,C de Grandhomme,6,0,6
New Zealand,17,LRPL Taylor,HH Pandya,C de Grandhomme,0,0,0
New Zealand,17,LRPL Taylor,HH Pandya,C de Grandhomme,2,0,2
New Zealand,17,LRPL Taylor,HH Pandya,C de Grandhomme,1,0,1
New Zealand,17,C de Grandhomme,HH Pandya,LRPL Taylor,0,0,0
New Zealand,17,LRPL Taylor,HH Pandya,MJ Santner,1,0,1
New Zealand,18,LRPL Taylor,B Kumar,MJ Santner,0,1,1
New Zealand,18,LRPL Taylor,B Kumar,MJ Santner,0,0,0
New Zealand,18,MJ Santner,B Kumar,SC Kuggeleijn,1,0,1
New Zealand,18,SC Kuggeleijn,B Kumar,MJ Santner,4,0,4
New Zealand,18,SC Kuggeleijn,B Kumar,MJ Santner,0,0,0
New Zealand,18,SC Kuggeleijn,B Kumar,MJ Santner,4,0,4
New Zealand,18,SC Kuggeleijn,B Kumar,MJ Santner,0,1,1
New Zealand,18,SC Kuggeleijn,B Kumar,MJ Santner,6,0,6
New Zealand,19,MJ Santner,KK Ahmed,SC Kuggeleijn,1,0,1
New Zealand,19,SC Kuggeleijn,KK Ahmed,MJ Santner,1,0,1
New Zealand,19,MJ Santner,KK Ahmed,SC Kuggeleijn,1,0,1
New Zealand,19,SC Kuggeleijn,KK Ahmed,MJ Santner,4,0,4
New Zealand,19,SC Kuggeleijn,KK Ahmed,MJ Santner,1,0,1
New Zealand,19,MJ Santner,KK Ahmed,SC Kuggeleijn,4,0,4
India,0,RG Sharma,TG Southee,S Dhawan,1,0,1
India,0,S Dhawan,TG Southee,RG Sharma,0,0,0
India,0,S Dhawan,TG Southee,RG Sharma,0,0,0
India,0,S Dhawan,TG Southee,RG Sharma,0,0,0
India,0,S Dhawan,TG Southee,RG Sharma,0,0,0
India,0,S Dhawan,TG Southee,RG Sharma,0,0,0
India,1,RG Sharma,SC Kuggeleijn,S Dhawan,0,0,0
India,1,RG Sharma,SC Kuggeleijn,S Dhawan,0,1,1
India,1,S Dhawan,SC Kuggeleijn,RG Sharma,6,0,6
India,1,S Dhawan,SC Kuggeleijn,RG Sharma,6,0,6
India,1,S Dhawan,SC Kuggeleijn,RG Sharma,4,0,4
India,1,S Dhawan,SC Kuggeleijn,RG Sharma,0,0,0
India,2,RG Sharma,TG Southee,S Dhawan,0,0,0
India,2,RG Sharma,TG Southee,S Dhawan,0,0,0
India,2,S Dhawan,TG Southee,V Shankar,0,0,0
India,2,S Dhawan,TG Southee,V Shankar,1,0,1
India,2,V Shankar,TG Southee,S Dhawan,0,0,0
India,2,V Shankar,TG Southee,S Dhawan,0,0,0
India,3,S Dhawan,LH Ferguson,V Shankar,1,0,1
India,3,V Shankar,LH Ferguson,S Dhawan,0,0,0
India,3,V Shankar,LH Ferguson,S Dhawan,0,1,1
India,3,S Dhawan,LH Ferguson,V Shankar,6,0,6
India,3,S Dhawan,LH Ferguson,V Shankar,0,0,0
India,3,S Dhawan,LH Ferguson,V Shankar,0,1,1
India,4,S Dhawan,SC Kuggeleijn,V Shankar,1,0,1
India,4,V Shankar,SC Kuggeleijn,S Dhawan,4,0,4
India,4,V Shankar,SC Kuggeleijn,S Dhawan,2,0,2
India,4,V Shankar,SC Kuggeleijn,S Dhawan,4,0,4
India,4,V Shankar,SC Kuggeleijn,S Dhawan,6,0,6
India,4,V Shankar,SC Kuggeleijn,S Dhawan,1,0,1
India,5,V Shankar,LH Ferguson,S Dhawan,1,0,1
India,5,S Dhawan,LH Ferguson,V Shankar,4,0,4
India,5,S Dhawan,LH Ferguson,V Shankar,0,0,0
India,5,RR Pant,LH Ferguson,V Shankar,0,0,0
India,5,RR Pant,LH Ferguson,V Shankar,1,0,1
India,5,V Shankar,LH Ferguson,RR Pant,1,0,1
India,6,V Shankar,MJ Santner,RR Pant,0,0,0
India,6,V Shankar,MJ Santner,RR Pant,6,0,6
India,6,V Shankar,MJ Santner,RR Pant,0,0,0
India,6,V Shankar,MJ Santner,RR Pant,0,0,0
India,6,V Shankar,MJ Santner,RR Pant,1,0,1
India,6,RR Pant,MJ Santner,V Shankar,1,0,1
India,7,RR Pant,DJ Mitchell,V Shankar,0,0,0
India,7,RR Pant,DJ Mitchell,V Shankar,0,0,0
India,7,RR Pant,DJ Mitchell,V Shankar,1,0,1
India,7,V Shankar,DJ Mitchell,RR Pant,1,0,1
India,7,RR Pant,DJ Mitchell,V Shankar,0,0,0
India,7,RR Pant,DJ Mitchell,V Shankar,1,0,1
India,8,RR Pant,MJ Santner,V Shankar,0,0,0
India,8,RR Pant,MJ Santner,V Shankar,0,0,0
India,8,MS Dhoni,MJ Santner,V Shankar,1,0,1
India,8,V Shankar,MJ Santner,MS Dhoni,0,0,0
India,8,MS Dhoni,MJ Santner,KD Karthik,0,0,0
India,8,MS Dhoni,MJ Santner,KD Karthik,0,0,0
India,9,KD Karthik,DJ Mitchell,MS Dhoni,1,0,1
India,9,MS Dhoni,DJ Mitchell,KD Karthik,1,0,1
India,9,KD Karthik,DJ Mitchell,MS Dhoni,1,0,1
India,9,MS Dhoni,DJ Mitchell,KD Karthik,1,0,1
India,9,KD Karthik,DJ Mitchell,MS Dhoni,2,0,2
India,9,KD Karthik,DJ Mitchell,MS Dhoni,1,0,1
India,10,KD Karthik,IS Sodhi,MS Dhoni,0,0,0
India,10,KD Karthik,IS Sodhi,MS Dhoni,0,0,0
India,10,HH Pandya,IS Sodhi,MS Dhoni,0,0,0
India,10,HH Pandya,IS Sodhi,MS Dhoni,0,1,1
India,10,HH Pandya,IS Sodhi,MS Dhoni,4,0,4
India,10,HH Pandya,IS Sodhi,MS Dhoni,0,0,0
India,10,HH Pandya,IS Sodhi,MS Dhoni,0,0,0
India,11,MS Dhoni,MJ Santner,KH Pandya,0,0,0
India,11,MS Dhoni,MJ Santner,KH Pandya,4,0,4
India,11,MS Dhoni,MJ Santner,KH Pandya,1,0,1
India,11,KH Pandya,MJ Santner,MS Dhoni,0,0,0
India,11,KH Pandya,MJ Santner,MS Dhoni,1,0,1
India,11,MS Dhoni,MJ Santner,KH Pandya,0,0,0
India,12,KH Pandya,IS Sodhi,MS Dhoni,0,0,0
India,12,KH Pandya,IS Sodhi,MS Dhoni,1,0,1
India,12,MS Dhoni,IS Sodhi,KH Pandya,1,0,1
India,12,KH Pandya,IS Sodhi,MS Dhoni,0,0,0
India,12,KH Pandya,IS Sodhi,MS Dhoni,2,0,2
India,12,KH Pandya,IS Sodhi,MS Dhoni,1,0,1
India,13,KH Pandya,MJ Santner,MS Dhoni,1,0,1
India,13,MS Dhoni,MJ Santner,KH Pandya,0,0,0
India,13,MS Dhoni,MJ Santner,KH Pandya,1,0,1
India,13,KH Pandya,MJ Santner,MS Dhoni,1,0,1
India,13,MS Dhoni,MJ Santner,KH Pandya,0,0,0
India,13,MS Dhoni,MJ Santner,KH Pandya,6,0,6
India,14,KH Pandya,IS Sodhi,MS Dhoni,1,0,1
India,14,MS Dhoni,IS Sodhi,KH Pandya,1,0,1
India,14,KH Pandya,IS Sodhi,MS Dhoni,4,0,4
India,14,KH Pandya,IS Sodhi,MS Dhoni,1,0,1
India,14,MS Dhoni,IS Sodhi,KH Pandya,0,1,1
India,14,MS Dhoni,IS Sodhi,KH Pandya,0,1,1
India,14,MS Dhoni,IS Sodhi,KH Pandya,1,0,1
India,14,KH Pandya,IS Sodhi,MS Dhoni,6,0,6
India,15,MS Dhoni,LH Ferguson,KH Pandya,0,0,0
India,15,MS Dhoni,LH Ferguson,KH Pandya,4,0,4
India,15,MS Dhoni,LH Ferguson,KH Pandya,1,0,1
India,15,KH Pandya,LH Ferguson,MS Dhoni,0,0,0
India,15,KH Pandya,LH Ferguson,MS Dhoni,0,0,0
India,15,KH Pandya,LH Ferguson,MS Dhoni,0,0,0
India,16,MS Dhoni,TG Southee,KH Pandya,4,0,4
India,16,MS Dhoni,TG Southee,KH Pandya,1,0,1
India,16,KH Pandya,TG Southee,MS Dhoni,1,0,1
India,16,MS Dhoni,TG Southee,KH Pandya,4,0,4
India,16,MS Dhoni,TG Southee,KH Pandya,1,0,1
India,16,KH Pandya,TG Southee,MS Dhoni,0,0,0
India,17,MS Dhoni,LH Ferguson,B Kumar,1,0,1
India,17,B Kumar,LH Ferguson,MS Dhoni,0,0,0
India,17,B Kumar,LH Ferguson,MS Dhoni,1,0,1
India,17,MS Dhoni,LH Ferguson,B Kumar,1,0,1
India,17,B Kumar,LH Ferguson,MS Dhoni,0,0,0
India,17,YS Chahal,LH Ferguson,MS Dhoni,0,0,0
India,18,MS Dhoni,TG Southee,YS Chahal,0,0,0
India,18,MS Dhoni,TG Southee,YS Chahal,0,0,0
India,18,MS Dhoni,TG Southee,YS Chahal,0,0,0
India,18,MS Dhoni,TG Southee,YS Chahal,4,0,4
India,18,MS Dhoni,TG Southee,YS Chahal,0,0,0
India,18,MS Dhoni,TG Southee,YS Chahal,0,0,0
India,19,YS Chahal,DJ Mitchell,KK Ahmed,1,1,2
India,19,KK Ahmed,DJ Mitchell,YS Chahal,1,0,1
India,19,YS Chahal,DJ Mitchell,KK Ahmed,0,0,0
