Team,Over,Batter,Bowler,Non_Striker,Batter_Runs,Extras,Total_Runs
New Zealand,0,SFM Devine,DB Sharma,SW Bates,0,0,0
New Zealand,0,SFM Devine,DB Sharma,SW Bates,1,0,1
New Zealand,0,SW Bates,DB Sharma,SFM Devine,1,0,1
New Zealand,0,SFM Devine,DB Sharma,SW Bates,0,0,0
New Zealand,0,SFM Devine,DB Sharma,SW Bates,1,0,1
New Zealand,0,SW Bates,DB Sharma,SFM Devine,0,0,0
New Zealand,1,SFM Devine,M Joshi,SW Bates,4,0,4
New Zealand,1,SFM Devine,M Joshi,SW Bates,0,0,0
New Zealand,1,SFM Devine,M Joshi,SW Bates,1,0,1
New Zealand,1,SW Bates,M Joshi,SFM Devine,4,0,4
New Zealand,1,SW Bates,M Joshi,SFM Devine,0,0,0
New Zealand,1,SW Bates,M Joshi,SFM Devine,4,0,4
New Zealand,2,SFM Devine,DB Sharma,SW Bates,1,0,1
New Zealand,2,SW Bates,DB Sharma,SFM Devine,1,0,1
New Zealand,2,SFM Devine,DB Sharma,SW Bates,4,0,4
New Zealand,2,SFM Devine,DB Sharma,SW Bates,0,0,0
New Zealand,2,SFM Devine,DB Sharma,SW Bates,1,0,1
New Zealand,2,SW Bates,DB Sharma,SFM Devine,4,0,4
New Zealand,3,SFM Devine,RP Yadav,SW Bates,1,0,1
New Zealand,3,SW Bates,RP Yadav,SFM Devine,0,0,0
New Zealand,3,SW Bates,RP Yadav,SFM Devine,4,0,4
New Zealand,3,SW Bates,RP Yadav,SFM Devine,4,0,4
New Zealand,3,SW Bates,RP Yadav,SFM Devine,0,2,2
New Zealand,3,SW Bates,RP Yadav,SFM Devine,0,0,0
New Zealand,4,SFM Devine,DB Sharma,SW Bates,1,0,1
New Zealand,4,SW Bates,DB Sharma,SFM Devine,0,0,0
New Zealand,4,SW Bates,DB Sharma,SFM Devine,1,0,1
New Zealand,4,SFM Devine,DB Sharma,SW Bates,1,0,1
New Zealand,4,SW Bates,DB Sharma,SFM Devine,1,0,1
New Zealand,4,SFM Devine,DB Sharma,SW Bates,4,0,4
New Zealand,5,SW Bates,A Reddy,SFM Devine,0,0,0
New Zealand,5,SW Bates,A Reddy,SFM Devine,0,0,0
New Zealand,5,SW Bates,A Reddy,SFM Devine,0,0,0
New Zealand,5,HM Rowe,A Reddy,SFM Devine,0,0,0
New Zealand,5,HM Rowe,A Reddy,SFM Devine,2,0,2
New Zealand,5,HM Rowe,A Reddy,SFM Devine,4,0,4
New Zealand,6,SFM Devine,Poonam Yadav,HM Rowe,0,0,0
New Zealand,6,SFM Devine,Poonam Yadav,HM Rowe,1,0,1
New Zealand,6,HM Rowe,Poonam Yadav,SFM Devine,0,0,0
New Zealand,6,HM Rowe,Poonam Yadav,SFM Devine,1,0,1
New Zealand,6,SFM Devine,Poonam Yadav,HM Rowe,0,0,0
New Zealand,6,SFM Devine,Poonam Yadav,HM Rowe,1,0,1
New Zealand,7,SFM Devine,M Joshi,HM Rowe,1,0,1
New Zealand,7,HM Rowe,M Joshi,SFM Devine,1,0,1
New Zealand,7,SFM Devine,M Joshi,HM Rowe,0,0,0
New Zealand,7,SFM Devine,M Joshi,HM Rowe,4,0,4
New Zealand,7,SFM Devine,M Joshi,HM Rowe,2,0,2
New Zealand,7,SFM Devine,M Joshi,HM Rowe,1,0,1
New Zealand,8,SFM Devine,Poonam Yadav,HM Rowe,1,0,1
New Zealand,8,HM Rowe,Poonam Yadav,SFM Devine,2,0,2
New Zealand,8,HM Rowe,Poonam Yadav,SFM Devine,2,0,2
New Zealand,8,HM Rowe,Poonam Yadav,SFM Devine,0,0,0
New Zealand,8,AE Satterthwaite,Poonam Yadav,SFM Devine,1,0,1
New Zealand,8,SFM Devine,Poonam Yadav,AE Satterthwaite,1,0,1
New Zealand,9,SFM Devine,RP Yadav,AE Satterthwaite,1,0,1
New Zealand,9,AE Satterthwaite,RP Yadav,SFM Devine,0,0,0
New Zealand,9,AE Satterthwaite,RP Yadav,SFM Devine,1,0,1
New Zealand,9,SFM Devine,RP Yadav,AE Satterthwaite,1,0,1
New Zealand,9,AE Satterthwaite,RP Yadav,SFM Devine,2,0,2
New Zealand,9,AE Satterthwaite,RP Yadav,SFM Devine,4,0,4
New Zealand,10,SFM Devine,M Joshi,AE Satterthwaite,0,0,0
New Zealand,10,SFM Devine,M Joshi,AE Satterthwaite,1,0,1
New Zealand,10,AE Satterthwaite,M Joshi,SFM Devine,0,0,0
New Zealand,10,AE Satterthwaite,M Joshi,SFM Devine,1,0,1
New Zealand,10,SFM Devine,M Joshi,AE Satterthwaite,1,0,1
New Zealand,10,AE Satterthwaite,M Joshi,SFM Devine,0,0,0
New Zealand,11,SFM Devine,A Reddy,AE Satterthwaite,0,0,0
New Zealand,11,SFM Devine,A Reddy,AE Satterthwaite,1,0,1
New Zealand,11,AE Satterthwaite,A Reddy,SFM Devine,1,0,1
New Zealand,11,SFM Devine,A Reddy,AE Satterthwaite,4,0,4
New Zealand,11,SFM Devine,A Reddy,AE Satterthwaite,1,0,1
New Zealand,11,AE Satterthwaite,A Reddy,SFM Devine,1,0,1
New Zealand,12,AE Satterthwaite,Poonam Yadav,SFM Devine,1,0,1
New Zealand,12,SFM Devine,Poonam Yadav,AE Satterthwaite,0,0,0
New Zealand,12,SFM Devine,Poonam Yadav,AE Satterthwaite,6,0,6
New Zealand,12,SFM Devine,Poonam Yadav,AE Satterthwaite,0,0,0
New Zealand,12,SFM Devine,Poonam Yadav,AE Satterthwaite,4,0,4
New Zealand,12,SFM Devine,Poonam Yadav,AE Satterthwaite,0,0,0
New Zealand,13,AE Satterthwaite,RP Yadav,SFM Devine,1,0,1
New Zealand,13,SFM Devine,RP Yadav,AE Satterthwaite,1,0,1
New Zealand,13,AE Satterthwaite,RP Yadav,SFM Devine,2,0,2
New Zealand,13,AE Satterthwaite,RP Yadav,SFM Devine,1,0,1
New Zealand,13,SFM Devine,RP Yadav,AE Satterthwaite,4,0,4
New Zealand,13,SFM Devine,RP Yadav,AE Satterthwaite,1,0,1
New Zealand,14,SFM Devine,Poonam Yadav,AE Satterthwaite,6,0,6
New Zealand,14,SFM Devine,Poonam Yadav,AE Satterthwaite,4,0,4
New Zealand,14,SFM Devine,Poonam Yadav,AE Satterthwaite,1,0,1
New Zealand,14,AE Satterthwaite,Poonam Yadav,SFM Devine,2,0,2
New Zealand,14,AE Satterthwaite,Poonam Yadav,SFM Devine,1,0,1
New Zealand,14,SFM Devine,Poonam Yadav,AE Satterthwaite,1,0,1
New Zealand,15,SFM Devine,A Reddy,AE Satterthwaite,0,0,0
New Zealand,15,SFM Devine,A Reddy,AE Satterthwaite,1,0,1
New Zealand,15,AE Satterthwaite,A Reddy,SFM Devine,4,0,4
New Zealand,15,AE Satterthwaite,A Reddy,SFM Devine,2,0,2
New Zealand,15,AE Satterthwaite,A Reddy,SFM Devine,4,0,4
New Zealand,15,AE Satterthwaite,A Reddy,SFM Devine,0,0,0
New Zealand,16,SFM Devine,M Joshi,AE Satterthwaite,0,0,0
New Zealand,16,SFM Devine,M Joshi,AE Satterthwaite,1,0,1
New Zealand,16,AE Satterthwaite,M Joshi,SFM Devine,1,0,1
New Zealand,16,SFM Devine,M Joshi,AE Satterthwaite,0,0,0
New Zealand,16,KJ Martin,M Joshi,AE Satterthwaite,0,0,0
New Zealand,16,KJ Martin,M Joshi,AE Satterthwaite,0,0,0
New Zealand,17,AE Satterthwaite,RP Yadav,KJ Martin,1,0,1
New Zealand,17,KJ Martin,RP Yadav,AE Satterthwaite,1,0,1
New Zealand,17,AE Satterthwaite,RP Yadav,KJ Martin,0,0,0
New Zealand,17,KJ Martin,RP Yadav,AM Peterson,4,0,4
New Zealand,17,KJ Martin,RP Yadav,AM Peterson,1,0,1
New Zealand,17,AM Peterson,RP Yadav,KJ Martin,0,0,0
New Zealand,18,KJ Martin,A Reddy,AM Peterson,1,0,1
New Zealand,18,AM Peterson,A Reddy,KJ Martin,1,0,1
New Zealand,18,KJ Martin,A Reddy,AM Peterson,1,0,1
New Zealand,18,AM Peterson,A Reddy,KJ Martin,1,0,1
New Zealand,18,KJ Martin,A Reddy,AM Peterson,0,0,0
New Zealand,18,AM Peterson,A Reddy,LM Kasperek,4,0,4
New Zealand,19,LM Kasperek,DB Sharma,AM Peterson,0,0,0
New Zealand,19,LMM Tahuhu,DB Sharma,AM Peterson,2,0,2
New Zealand,19,LMM Tahuhu,DB Sharma,AM Peterson,1,0,1
New Zealand,19,AM Peterson,DB Sharma,LMM Tahuhu,1,0,1
New Zealand,19,LMM Tahuhu,DB Sharma,AM Peterson,2,0,2
New Zealand,19,LMM Tahuhu,DB Sharma,AM Peterson,0,0,0
India,0,PS Punia,LMM Tahuhu,S Mandhana,1,0,1
India,0,S Mandhana,LMM Tahuhu,PS Punia,0,0,0
India,0,S Mandhana,LMM Tahuhu,PS Punia,4,0,4
India,0,S Mandhana,LMM Tahuhu,PS Punia,0,0,0
India,0,S Mandhana,LMM Tahuhu,PS Punia,0,0,0
India,0,S Mandhana,LMM Tahuhu,PS Punia,0,1,1
India,0,S Mandhana,LMM Tahuhu,PS Punia,1,0,1
India,1,S Mandhana,AM Peterson,PS Punia,0,0,0
India,1,S Mandhana,AM Peterson,PS Punia,0,0,0
India,1,S Mandhana,AM Peterson,PS Punia,4,0,4
India,1,S Mandhana,AM Peterson,PS Punia,6,0,6
India,1,S Mandhana,AM Peterson,PS Punia,2,0,2
India,1,S Mandhana,AM Peterson,PS Punia,1,0,1
India,2,S Mandhana,LM Kasperek,PS Punia,4,0,4
India,2,S Mandhana,LM Kasperek,PS Punia,4,0,4
India,2,S Mandhana,LM Kasperek,PS Punia,1,0,1
India,2,PS Punia,LM Kasperek,S Mandhana,0,0,0
India,2,JI Rodrigues,LM Kasperek,S Mandhana,1,0,1
India,2,S Mandhana,LM Kasperek,JI Rodrigues,4,0,4
India,3,JI Rodrigues,RA Mair,S Mandhana,0,0,0
India,3,JI Rodrigues,RA Mair,S Mandhana,1,0,1
India,3,S Mandhana,RA Mair,JI Rodrigues,0,0,0
India,3,S Mandhana,RA Mair,JI Rodrigues,1,0,1
India,3,JI Rodrigues,RA Mair,S Mandhana,0,0,0
India,3,JI Rodrigues,RA Mair,S Mandhana,4,0,4
India,4,S Mandhana,LMM Tahuhu,JI Rodrigues,0,0,0
India,4,S Mandhana,LMM Tahuhu,JI Rodrigues,1,0,1
India,4,JI Rodrigues,LMM Tahuhu,S Mandhana,4,0,4
India,4,JI Rodrigues,LMM Tahuhu,S Mandhana,0,0,0
India,4,JI Rodrigues,LMM Tahuhu,S Mandhana,1,0,1
India,4,S Mandhana,LMM Tahuhu,JI Rodrigues,0,0,0
India,5,JI Rodrigues,AM Peterson,S Mandhana,1,0,1
India,5,S Mandhana,AM Peterson,JI Rodrigues,4,0,4
India,5,S Mandhana,AM Peterson,JI Rodrigues,0,0,0
India,5,S Mandhana,AM Peterson,JI Rodrigues,4,0,4
India,5,S Mandhana,AM Peterson,JI Rodrigues,1,0,1
India,5,JI Rodrigues,AM Peterson,S Mandhana,0,0,0
India,6,S Mandhana,HNK Jensen,JI Rodrigues,0,1,1
India,6,S Mandhana,HNK Jensen,JI Rodrigues,1,0,1
India,6,JI Rodrigues,HNK Jensen,S Mandhana,1,0,1
India,6,S Mandhana,HNK Jensen,JI Rodrigues,1,0,1
India,6,JI Rodrigues,HNK Jensen,S Mandhana,4,0,4
India,6,JI Rodrigues,HNK Jensen,S Mandhana,1,0,1
India,6,S Mandhana,HNK Jensen,JI Rodrigues,1,0,1
India,7,S Mandhana,AC Kerr,JI Rodrigues,0,0,0
India,7,S Mandhana,AC Kerr,JI Rodrigues,0,0,0
India,7,S Mandhana,AC Kerr,JI Rodrigues,1,0,1
India,7,JI Rodrigues,AC Kerr,S Mandhana,1,0,1
India,7,S Mandhana,AC Kerr,JI Rodrigues,2,0,2
India,7,S Mandhana,AC Kerr,JI Rodrigues,1,0,1
India,8,S Mandhana,SFM Devine,JI Rodrigues,1,0,1
India,8,JI Rodrigues,SFM Devine,S Mandhana,1,0,1
India,8,S Mandhana,SFM Devine,JI Rodrigues,1,0,1
India,8,JI Rodrigues,SFM Devine,S Mandhana,1,0,1
India,8,S Mandhana,SFM Devine,JI Rodrigues,1,0,1
India,8,JI Rodrigues,SFM Devine,S Mandhana,0,0,0
India,9,S Mandhana,RA Mair,H Kaur,4,0,4
India,9,S Mandhana,RA Mair,H Kaur,0,0,0
India,9,S Mandhana,RA Mair,H Kaur,4,0,4
India,9,S Mandhana,RA Mair,H Kaur,4,0,4
India,9,S Mandhana,RA Mair,H Kaur,2,0,2
India,9,S Mandhana,RA Mair,H Kaur,1,0,1
India,10,S Mandhana,SFM Devine,H Kaur,4,0,4
India,10,S Mandhana,SFM Devine,H Kaur,1,0,1
India,10,H Kaur,SFM Devine,S Mandhana,1,0,1
India,10,S Mandhana,SFM Devine,H Kaur,0,0,0
India,10,S Mandhana,SFM Devine,H Kaur,0,0,0
India,10,S Mandhana,SFM Devine,H Kaur,1,0,1
India,11,S Mandhana,AC Kerr,H Kaur,1,0,1
India,11,H Kaur,AC Kerr,S Mandhana,1,0,1
India,11,S Mandhana,AC Kerr,H Kaur,0,1,1
India,11,S Mandhana,AC Kerr,H Kaur,0,0,0
India,11,S Mandhana,AC Kerr,H Kaur,1,0,1
India,11,H Kaur,AC Kerr,S Mandhana,0,0,0
India,11,M Raj,AC Kerr,S Mandhana,1,0,1
India,12,M Raj,LMM Tahuhu,S Mandhana,1,0,1
India,12,S Mandhana,LMM Tahuhu,M Raj,1,0,1
India,12,M Raj,LMM Tahuhu,S Mandhana,1,0,1
India,12,S Mandhana,LMM Tahuhu,M Raj,1,0,1
India,12,M Raj,LMM Tahuhu,S Mandhana,0,0,0
India,12,M Raj,LMM Tahuhu,S Mandhana,4,0,4
India,13,S Mandhana,LM Kasperek,M Raj,0,0,0
India,13,S Mandhana,LM Kasperek,M Raj,1,0,1
India,13,M Raj,LM Kasperek,S Mandhana,1,0,1
India,13,S Mandhana,LM Kasperek,M Raj,1,0,1
India,13,M Raj,LM Kasperek,S Mandhana,1,0,1
India,13,S Mandhana,LM Kasperek,M Raj,1,0,1
India,14,S Mandhana,AC Kerr,M Raj,4,0,4
India,14,S Mandhana,AC Kerr,M Raj,1,0,1
India,14,M Raj,AC Kerr,S Mandhana,0,0,0
India,14,M Raj,AC Kerr,S Mandhana,1,0,1
India,14,S Mandhana,AC Kerr,M Raj,0,0,0
India,14,S Mandhana,AC Kerr,M Raj,1,0,1
India,15,S Mandhana,SFM Devine,M Raj,0,0,0
India,15,S Mandhana,SFM Devine,M Raj,0,0,0
India,15,S Mandhana,SFM Devine,M Raj,0,0,0
India,15,M Raj,SFM Devine,DB Sharma,1,0,1
India,15,DB Sharma,SFM Devine,M Raj,0,0,0
India,15,DB Sharma,SFM Devine,M Raj,1,0,1
India,16,DB Sharma,AC Kerr,M Raj,0,0,0
India,16,DB Sharma,AC Kerr,M Raj,1,0,1
India,16,M Raj,AC Kerr,DB Sharma,1,0,1
India,16,DB Sharma,AC Kerr,M Raj,0,0,0
India,16,DB Sharma,AC Kerr,M Raj,6,0,6
India,16,DB Sharma,AC Kerr,M Raj,1,0,1
India,17,DB Sharma,LM Kasperek,M Raj,1,0,1
India,17,M Raj,LM Kasperek,DB Sharma,1,0,1
India,17,DB Sharma,LM Kasperek,M Raj,2,0,2
India,17,DB Sharma,LM Kasperek,M Raj,1,0,1
India,17,M Raj,LM Kasperek,DB Sharma,0,0,0
India,17,M Raj,LM Kasperek,DB Sharma,0,0,0
India,18,DB Sharma,SFM Devine,M Raj,0,0,0
India,18,DB Sharma,SFM Devine,M Raj,0,0,0
India,18,DB Sharma,SFM Devine,M Raj,1,0,1
India,18,M Raj,SFM Devine,DB Sharma,4,0,4
India,18,M Raj,SFM Devine,DB Sharma,0,1,1
India,18,M Raj,SFM Devine,DB Sharma,0,0,0
India,18,M Raj,SFM Devine,DB Sharma,1,0,1
India,19,M Raj,LM Kasperek,DB Sharma,4,0,4
India,19,M Raj,LM Kasperek,DB Sharma,1,0,1
India,19,DB Sharma,LM Kasperek,M Raj,4,0,4
India,19,DB Sharma,LM Kasperek,M Raj,2,0,2
India,19,DB Sharma,LM Kasperek,M Raj,1,0,1
India,19,M Raj,LM Kasperek,DB Sharma,1,0,1
