Team,Over,Batter,Bowler,Non_Striker,Batter_Runs,Extras,Total_Runs
West Indies,0,E Lewis,Abu Hider,SD Hope,0,0,0
West Indies,0,E Lewis,Abu Hider,SD Hope,2,0,2
West Indies,0,E Lewis,Abu Hider,SD Hope,0,1,1
West Indies,0,E Lewis,Abu Hider,SD Hope,4,0,4
West Indies,0,E Lewis,Abu Hider,SD Hope,0,0,0
West Indies,0,E Lewis,Abu Hider,SD Hope,4,0,4
West Indies,0,E Lewis,Abu Hider,SD Hope,1,0,1
West Indies,1,E Lewis,Mohammad Saifuddin,SD Hope,0,1,1
West Indies,1,E Lewis,Mohammad Saifuddin,SD Hope,1,0,1
West Indies,1,SD Hope,Mohammad Saifuddin,E Lewis,0,0,0
West Indies,1,SD Hope,Mohammad Saifuddin,E Lewis,0,0,0
West Indies,1,SD Hope,Mohammad Saifuddin,E Lewis,4,0,4
West Indies,1,SD Hope,Mohammad Saifuddin,E Lewis,2,0,2
West Indies,1,SD Hope,Mohammad Saifuddin,E Lewis,0,0,0
West Indies,2,E Lewis,Abu Hider,SD Hope,6,0,6
West Indies,2,E Lewis,Abu Hider,SD Hope,6,0,6
West Indies,2,E Lewis,Abu Hider,SD Hope,0,1,1
West Indies,2,E Lewis,Abu Hider,SD Hope,6,0,6
West Indies,2,E Lewis,Abu Hider,SD Hope,2,0,2
West Indies,2,E Lewis,Abu Hider,SD Hope,0,0,0
West Indies,2,E Lewis,Abu Hider,SD Hope,6,0,6
West Indies,3,SD Hope,Mehedi Hasan Miraz,E Lewis,4,0,4
West Indies,3,SD Hope,Mehedi Hasan Miraz,E Lewis,1,0,1
West Indies,3,E Lewis,Mehedi Hasan Miraz,SD Hope,0,0,0
West Indies,3,E Lewis,Mehedi Hasan Miraz,SD Hope,6,0,6
West Indies,3,E Lewis,Mehedi Hasan Miraz,SD Hope,4,0,4
West Indies,3,E Lewis,Mehedi Hasan Miraz,SD Hope,1,0,1
West Indies,4,E Lewis,Shakib Al Hasan,SD Hope,1,0,1
West Indies,4,SD Hope,Shakib Al Hasan,E Lewis,2,0,2
West Indies,4,SD Hope,Shakib Al Hasan,E Lewis,6,0,6
West Indies,4,SD Hope,Shakib Al Hasan,E Lewis,0,0,0
West Indies,4,SD Hope,Shakib Al Hasan,E Lewis,4,0,4
West Indies,4,SD Hope,Shakib Al Hasan,E Lewis,0,0,0
West Indies,5,E Lewis,Mohammad Saifuddin,KMA Paul,0,0,0
West Indies,5,E Lewis,Mohammad Saifuddin,KMA Paul,2,0,2
West Indies,5,E Lewis,Mohammad Saifuddin,KMA Paul,0,0,0
West Indies,5,E Lewis,Mohammad Saifuddin,KMA Paul,0,0,0
West Indies,5,E Lewis,Mohammad Saifuddin,KMA Paul,4,0,4
West Indies,5,E Lewis,Mohammad Saifuddin,KMA Paul,6,0,6
West Indies,6,KMA Paul,Mustafizur Rahman,E Lewis,2,0,2
West Indies,6,KMA Paul,Mustafizur Rahman,E Lewis,0,0,0
West Indies,6,KMA Paul,Mustafizur Rahman,E Lewis,0,0,0
West Indies,6,E Lewis,Mustafizur Rahman,R Powell,6,0,6
West Indies,6,E Lewis,Mustafizur Rahman,R Powell,1,0,1
West Indies,6,R Powell,Mustafizur Rahman,E Lewis,1,0,1
West Indies,7,R Powell,Mehedi Hasan Miraz,E Lewis,2,0,2
West Indies,7,R Powell,Mehedi Hasan Miraz,E Lewis,0,0,0
West Indies,7,R Powell,Mehedi Hasan Miraz,E Lewis,0,0,0
West Indies,7,R Powell,Mehedi Hasan Miraz,E Lewis,1,0,1
West Indies,7,E Lewis,Mehedi Hasan Miraz,R Powell,6,0,6
West Indies,7,E Lewis,Mehedi Hasan Miraz,R Powell,1,0,1
West Indies,8,E Lewis,Mustafizur Rahman,R Powell,0,1,1
West Indies,8,E Lewis,Mustafizur Rahman,R Powell,4,0,4
West Indies,8,E Lewis,Mustafizur Rahman,R Powell,4,0,4
West Indies,8,E Lewis,Mustafizur Rahman,R Powell,0,0,0
West Indies,8,E Lewis,Mustafizur Rahman,R Powell,2,0,2
West Indies,8,E Lewis,Mustafizur Rahman,R Powell,0,0,0
West Indies,8,E Lewis,Mustafizur Rahman,R Powell,1,0,1
West Indies,9,E Lewis,Mahmudullah,R Powell,2,0,2
West Indies,9,E Lewis,Mahmudullah,R Powell,0,0,0
West Indies,9,SO Hetmyer,Mahmudullah,R Powell,0,0,0
West Indies,9,N Pooran,Mahmudullah,R Powell,0,0,0
West Indies,9,N Pooran,Mahmudullah,R Powell,0,0,0
West Indies,9,N Pooran,Mahmudullah,R Powell,1,0,1
West Indies,10,N Pooran,Shakib Al Hasan,R Powell,6,0,6
West Indies,10,N Pooran,Shakib Al Hasan,R Powell,0,0,0
West Indies,10,N Pooran,Shakib Al Hasan,R Powell,0,0,0
West Indies,10,N Pooran,Shakib Al Hasan,R Powell,0,0,0
West Indies,10,N Pooran,Shakib Al Hasan,R Powell,0,0,0
West Indies,10,N Pooran,Shakib Al Hasan,R Powell,0,0,0
West Indies,11,R Powell,Mahmudullah,N Pooran,0,0,0
West Indies,11,R Powell,Mahmudullah,N Pooran,1,0,1
West Indies,11,N Pooran,Mahmudullah,R Powell,1,0,1
West Indies,11,R Powell,Mahmudullah,N Pooran,1,0,1
West Indies,11,N Pooran,Mahmudullah,R Powell,1,0,1
West Indies,11,R Powell,Mahmudullah,N Pooran,1,0,1
West Indies,12,R Powell,Shakib Al Hasan,N Pooran,0,0,0
West Indies,12,R Powell,Shakib Al Hasan,N Pooran,6,0,6
West Indies,12,R Powell,Shakib Al Hasan,N Pooran,0,0,0
West Indies,12,R Powell,Shakib Al Hasan,N Pooran,1,0,1
West Indies,12,N Pooran,Shakib Al Hasan,R Powell,6,0,6
West Indies,12,N Pooran,Shakib Al Hasan,R Powell,4,0,4
West Indies,13,R Powell,Mahmudullah,N Pooran,0,1,1
West Indies,13,R Powell,Mahmudullah,N Pooran,4,0,4
West Indies,13,R Powell,Mahmudullah,N Pooran,1,0,1
West Indies,13,N Pooran,Mahmudullah,R Powell,1,0,1
West Indies,13,R Powell,Mahmudullah,N Pooran,0,1,1
West Indies,13,R Powell,Mahmudullah,N Pooran,0,0,0
West Indies,13,CR Brathwaite,Mahmudullah,N Pooran,1,0,1
West Indies,13,N Pooran,Mahmudullah,CR Brathwaite,0,0,0
West Indies,14,CR Brathwaite,Mustafizur Rahman,N Pooran,1,0,1
West Indies,14,N Pooran,Mustafizur Rahman,CR Brathwaite,0,0,0
West Indies,14,N Pooran,Mustafizur Rahman,CR Brathwaite,0,0,0
West Indies,14,N Pooran,Mustafizur Rahman,CR Brathwaite,2,0,2
West Indies,14,N Pooran,Mustafizur Rahman,CR Brathwaite,4,0,4
West Indies,14,N Pooran,Mustafizur Rahman,CR Brathwaite,1,0,1
West Indies,15,N Pooran,Mohammad Saifuddin,CR Brathwaite,0,0,0
West Indies,15,N Pooran,Mohammad Saifuddin,CR Brathwaite,1,0,1
West Indies,15,CR Brathwaite,Mohammad Saifuddin,N Pooran,0,1,1
West Indies,15,CR Brathwaite,Mohammad Saifuddin,N Pooran,1,0,1
West Indies,15,N Pooran,Mohammad Saifuddin,CR Brathwaite,1,0,1
West Indies,15,CR Brathwaite,Mohammad Saifuddin,N Pooran,4,0,4
West Indies,15,CR Brathwaite,Mohammad Saifuddin,N Pooran,0,0,0
West Indies,16,N Pooran,Mustafizur Rahman,CR Brathwaite,0,0,0
West Indies,16,CR Brathwaite,Mustafizur Rahman,SE Rutherford,1,0,1
West Indies,16,SE Rutherford,Mustafizur Rahman,CR Brathwaite,0,0,0
West Indies,16,SE Rutherford,Mustafizur Rahman,CR Brathwaite,1,0,1
West Indies,16,CR Brathwaite,Mustafizur Rahman,SE Rutherford,0,0,0
West Indies,16,FA Allen,Mustafizur Rahman,SE Rutherford,1,0,1
West Indies,17,FA Allen,Mohammad Saifuddin,SE Rutherford,0,0,0
West Indies,17,FA Allen,Mohammad Saifuddin,SE Rutherford,1,0,1
West Indies,17,SE Rutherford,Mohammad Saifuddin,FA Allen,1,0,1
West Indies,17,FA Allen,Mohammad Saifuddin,SE Rutherford,4,0,4
West Indies,17,FA Allen,Mohammad Saifuddin,SE Rutherford,0,0,0
West Indies,17,FA Allen,Mohammad Saifuddin,SE Rutherford,2,0,2
West Indies,18,SE Rutherford,Shakib Al Hasan,FA Allen,0,1,1
West Indies,18,FA Allen,Shakib Al Hasan,SE Rutherford,0,0,0
West Indies,18,SS Cottrell,Shakib Al Hasan,SE Rutherford,1,0,1
West Indies,18,SE Rutherford,Shakib Al Hasan,SS Cottrell,0,0,0
West Indies,18,SE Rutherford,Shakib Al Hasan,SS Cottrell,0,0,0
West Indies,18,O Thomas,Shakib Al Hasan,SS Cottrell,0,0,0
West Indies,19,SS Cottrell,Mahmudullah,O Thomas,1,0,1
West Indies,19,O Thomas,Mahmudullah,SS Cottrell,0,0,0
Bangladesh,0,Tamim Iqbal,SS Cottrell,Liton Das,0,0,0
Bangladesh,0,Tamim Iqbal,SS Cottrell,Liton Das,1,0,1
Bangladesh,0,Liton Das,SS Cottrell,Tamim Iqbal,0,0,0
Bangladesh,0,Liton Das,SS Cottrell,Tamim Iqbal,0,1,1
Bangladesh,0,Liton Das,SS Cottrell,Tamim Iqbal,1,0,1
Bangladesh,0,Tamim Iqbal,SS Cottrell,Liton Das,6,0,6
Bangladesh,0,Tamim Iqbal,SS Cottrell,Liton Das,0,1,1
Bangladesh,1,Tamim Iqbal,O Thomas,Liton Das,0,1,1
Bangladesh,1,Tamim Iqbal,O Thomas,Liton Das,1,0,1
Bangladesh,1,Liton Das,O Thomas,Tamim Iqbal,0,0,0
Bangladesh,1,Liton Das,O Thomas,Tamim Iqbal,0,1,1
Bangladesh,1,Liton Das,O Thomas,Tamim Iqbal,6,0,6
Bangladesh,1,Liton Das,O Thomas,Tamim Iqbal,0,1,1
Bangladesh,1,Liton Das,O Thomas,Tamim Iqbal,2,0,2
Bangladesh,1,Soumya Sarkar,O Thomas,Liton Das,1,0,1
Bangladesh,1,Liton Das,O Thomas,Soumya Sarkar,4,0,4
Bangladesh,2,Soumya Sarkar,SS Cottrell,Liton Das,0,0,0
Bangladesh,2,Soumya Sarkar,SS Cottrell,Liton Das,0,1,1
Bangladesh,2,Soumya Sarkar,SS Cottrell,Liton Das,0,0,0
Bangladesh,2,Soumya Sarkar,SS Cottrell,Liton Das,0,0,0
Bangladesh,2,Soumya Sarkar,SS Cottrell,Liton Das,0,1,1
Bangladesh,2,Soumya Sarkar,SS Cottrell,Liton Das,0,0,0
Bangladesh,2,Soumya Sarkar,SS Cottrell,Liton Das,0,0,0
Bangladesh,2,Soumya Sarkar,SS Cottrell,Liton Das,0,1,1
Bangladesh,2,Soumya Sarkar,SS Cottrell,Liton Das,2,0,2
Bangladesh,3,Liton Das,O Thomas,Soumya Sarkar,6,0,6
Bangladesh,3,Liton Das,O Thomas,Soumya Sarkar,0,0,0
Bangladesh,3,Liton Das,O Thomas,Soumya Sarkar,4,0,4
Bangladesh,3,Liton Das,O Thomas,Soumya Sarkar,0,0,0
Bangladesh,3,Liton Das,O Thomas,Soumya Sarkar,4,1,5
Bangladesh,3,Liton Das,O Thomas,Soumya Sarkar,6,0,6
Bangladesh,3,Liton Das,O Thomas,Soumya Sarkar,0,1,1
Bangladesh,3,Liton Das,O Thomas,Soumya Sarkar,1,1,2
Bangladesh,3,Soumya Sarkar,O Thomas,Liton Das,6,0,6
Bangladesh,4,Liton Das,FA Allen,Soumya Sarkar,3,0,3
Bangladesh,4,Soumya Sarkar,FA Allen,Liton Das,0,0,0
Bangladesh,4,Shakib Al Hasan,FA Allen,Liton Das,0,0,0
Bangladesh,4,Mushfiqur Rahim,FA Allen,Liton Das,0,0,0
Bangladesh,4,Mushfiqur Rahim,FA Allen,Liton Das,1,0,1
Bangladesh,4,Liton Das,FA Allen,Mushfiqur Rahim,0,0,0
Bangladesh,5,Mushfiqur Rahim,KMA Paul,Liton Das,0,0,0
Bangladesh,5,Mushfiqur Rahim,KMA Paul,Liton Das,0,0,0
Bangladesh,5,Mushfiqur Rahim,KMA Paul,Liton Das,0,0,0
Bangladesh,5,Mahmudullah,KMA Paul,Liton Das,0,0,0
Bangladesh,5,Mahmudullah,KMA Paul,Liton Das,4,0,4
Bangladesh,5,Mahmudullah,KMA Paul,Liton Das,0,0,0
Bangladesh,6,Liton Das,FA Allen,Mahmudullah,1,0,1
Bangladesh,6,Mahmudullah,FA Allen,Liton Das,4,0,4
Bangladesh,6,Mahmudullah,FA Allen,Liton Das,0,0,0
Bangladesh,6,Mahmudullah,FA Allen,Liton Das,1,0,1
Bangladesh,6,Liton Das,FA Allen,Mahmudullah,1,0,1
Bangladesh,6,Mahmudullah,FA Allen,Liton Das,1,0,1
Bangladesh,7,Mahmudullah,KMA Paul,Liton Das,1,0,1
Bangladesh,7,Liton Das,KMA Paul,Mahmudullah,1,0,1
Bangladesh,7,Mahmudullah,KMA Paul,Liton Das,0,0,0
Bangladesh,7,Mehedi Hasan Miraz,KMA Paul,Liton Das,0,0,0
Bangladesh,7,Mehedi Hasan Miraz,KMA Paul,Liton Das,0,0,0
Bangladesh,7,Mehedi Hasan Miraz,KMA Paul,Liton Das,0,0,0
Bangladesh,8,Liton Das,FA Allen,Mehedi Hasan Miraz,2,0,2
Bangladesh,8,Liton Das,FA Allen,Mehedi Hasan Miraz,0,0,0
Bangladesh,8,Liton Das,FA Allen,Mehedi Hasan Miraz,0,0,0
Bangladesh,8,Liton Das,FA Allen,Mehedi Hasan Miraz,0,0,0
Bangladesh,8,Liton Das,FA Allen,Mehedi Hasan Miraz,1,0,1
Bangladesh,8,Mehedi Hasan Miraz,FA Allen,Liton Das,1,0,1
Bangladesh,9,Mehedi Hasan Miraz,KMA Paul,Liton Das,4,0,4
Bangladesh,9,Mehedi Hasan Miraz,KMA Paul,Liton Das,1,0,1
Bangladesh,9,Liton Das,KMA Paul,Mehedi Hasan Miraz,0,0,0
Bangladesh,9,Ariful Haque,KMA Paul,Mehedi Hasan Miraz,0,0,0
Bangladesh,9,Mohammad Saifuddin,KMA Paul,Mehedi Hasan Miraz,0,0,0
Bangladesh,9,Mohammad Saifuddin,KMA Paul,Mehedi Hasan Miraz,0,0,0
Bangladesh,10,Mehedi Hasan Miraz,FA Allen,Mohammad Saifuddin,0,1,1
Bangladesh,10,Mehedi Hasan Miraz,FA Allen,Mohammad Saifuddin,0,0,0
Bangladesh,10,Mehedi Hasan Miraz,FA Allen,Mohammad Saifuddin,0,0,0
Bangladesh,10,Mehedi Hasan Miraz,FA Allen,Mohammad Saifuddin,0,0,0
Bangladesh,10,Mehedi Hasan Miraz,FA Allen,Mohammad Saifuddin,0,0,0
Bangladesh,10,Mehedi Hasan Miraz,FA Allen,Mohammad Saifuddin,1,0,1
Bangladesh,10,Mohammad Saifuddin,FA Allen,Mehedi Hasan Miraz,1,0,1
Bangladesh,11,Mohammad Saifuddin,KMA Paul,Mehedi Hasan Miraz,0,0,0
Bangladesh,11,Mohammad Saifuddin,KMA Paul,Mehedi Hasan Miraz,4,0,4
Bangladesh,11,Mohammad Saifuddin,KMA Paul,Mehedi Hasan Miraz,0,0,0
Bangladesh,11,Mohammad Saifuddin,KMA Paul,Mehedi Hasan Miraz,0,0,0
Bangladesh,11,Abu Hider,KMA Paul,Mehedi Hasan Miraz,0,0,0
Bangladesh,11,Abu Hider,KMA Paul,Mehedi Hasan Miraz,0,0,0
Bangladesh,12,Mehedi Hasan Miraz,O Thomas,Abu Hider,0,0,0
Bangladesh,12,Mehedi Hasan Miraz,O Thomas,Abu Hider,1,0,1
Bangladesh,12,Abu Hider,O Thomas,Mehedi Hasan Miraz,1,0,1
Bangladesh,12,Mehedi Hasan Miraz,O Thomas,Abu Hider,0,0,0
Bangladesh,12,Mehedi Hasan Miraz,O Thomas,Abu Hider,3,0,3
Bangladesh,12,Abu Hider,O Thomas,Mehedi Hasan Miraz,4,0,4
Bangladesh,13,Mehedi Hasan Miraz,SS Cottrell,Abu Hider,6,0,6
Bangladesh,13,Mehedi Hasan Miraz,SS Cottrell,Abu Hider,1,0,1
Bangladesh,13,Abu Hider,SS Cottrell,Mehedi Hasan Miraz,6,0,6
Bangladesh,13,Abu Hider,SS Cottrell,Mehedi Hasan Miraz,0,0,0
Bangladesh,13,Abu Hider,SS Cottrell,Mehedi Hasan Miraz,0,0,0
Bangladesh,13,Abu Hider,SS Cottrell,Mehedi Hasan Miraz,4,0,4
Bangladesh,14,Mehedi Hasan Miraz,CR Brathwaite,Abu Hider,1,0,1
Bangladesh,14,Abu Hider,CR Brathwaite,Mehedi Hasan Miraz,0,0,0
Bangladesh,14,Abu Hider,CR Brathwaite,Mehedi Hasan Miraz,4,0,4
Bangladesh,14,Abu Hider,CR Brathwaite,Mehedi Hasan Miraz,2,0,2
Bangladesh,14,Abu Hider,CR Brathwaite,Mehedi Hasan Miraz,0,0,0
Bangladesh,14,Abu Hider,CR Brathwaite,Mehedi Hasan Miraz,0,0,0
Bangladesh,15,Mehedi Hasan Miraz,SS Cottrell,Abu Hider,0,0,0
Bangladesh,15,Mustafizur Rahman,SS Cottrell,Abu Hider,0,0,0
Bangladesh,15,Mustafizur Rahman,SS Cottrell,Abu Hider,0,0,0
Bangladesh,15,Mustafizur Rahman,SS Cottrell,Abu Hider,0,1,1
Bangladesh,15,Abu Hider,SS Cottrell,Mustafizur Rahman,0,0,0
Bangladesh,15,Abu Hider,SS Cottrell,Mustafizur Rahman,0,0,0
Bangladesh,16,Mustafizur Rahman,CR Brathwaite,Abu Hider,6,0,6
Bangladesh,16,Mustafizur Rahman,CR Brathwaite,Abu Hider,0,0,0
Bangladesh,16,Mustafizur Rahman,CR Brathwaite,Abu Hider,1,0,1
Bangladesh,16,Abu Hider,CR Brathwaite,Mustafizur Rahman,0,2,2
Bangladesh,16,Abu Hider,CR Brathwaite,Mustafizur Rahman,1,0,1
Bangladesh,16,Mustafizur Rahman,CR Brathwaite,Abu Hider,0,0,0
