Team,Over,Batter,Bowler,Non_Striker,Batter_Runs,Extras,Total_Runs
South Africa,0,L Lee,SS Connell,D van Niekerk,0,0,0
South Africa,0,L Lee,SS Connell,D van Niekerk,0,0,0
South Africa,0,L Lee,SS Connell,D van Niekerk,0,0,0
South Africa,0,L Lee,SS Connell,D van Niekerk,0,0,0
South Africa,0,L Lee,SS Connell,D van Niekerk,0,0,0
South Africa,0,L Lee,SS Connell,D van Niekerk,0,0,0
South Africa,1,D van Niekerk,HK Matthews,L Lee,0,1,1
South Africa,1,D van Niekerk,HK Matthews,L Lee,0,0,0
South Africa,1,D van Niekerk,HK Matthews,L Lee,0,0,0
South Africa,1,D van Niekerk,HK Matthews,L Lee,0,0,0
South Africa,1,D van Niekerk,HK Matthews,L Lee,1,0,1
South Africa,1,L Lee,HK Matthews,D van Niekerk,0,0,0
South Africa,1,L Lee,HK Matthews,D van Niekerk,0,0,0
South Africa,2,D van Niekerk,SS Connell,L Lee,0,0,0
South Africa,2,D van Niekerk,SS Connell,L Lee,0,0,0
South Africa,2,D van Niekerk,SS Connell,L Lee,1,0,1
South Africa,2,L Lee,SS Connell,D van Niekerk,0,0,0
South Africa,2,L Lee,SS Connell,D van Niekerk,0,0,0
South Africa,2,L Lee,SS Connell,D van Niekerk,0,0,0
South Africa,3,D van Niekerk,HK Matthews,L Lee,1,0,1
South Africa,3,L Lee,HK Matthews,D van Niekerk,0,0,0
South Africa,3,S Luus,HK Matthews,D van Niekerk,0,0,0
South Africa,3,S Luus,HK Matthews,D van Niekerk,0,0,0
South Africa,3,S Luus,HK Matthews,D van Niekerk,0,0,0
South Africa,3,S Luus,HK Matthews,D van Niekerk,0,0,0
South Africa,4,D van Niekerk,DJS Dottin,CL Tryon,0,0,0
South Africa,4,D van Niekerk,DJS Dottin,CL Tryon,1,0,1
South Africa,4,CL Tryon,DJS Dottin,D van Niekerk,0,0,0
South Africa,4,CL Tryon,DJS Dottin,D van Niekerk,0,0,0
South Africa,4,CL Tryon,DJS Dottin,D van Niekerk,0,0,0
South Africa,4,CL Tryon,DJS Dottin,D van Niekerk,4,0,4
South Africa,5,D van Niekerk,HK Matthews,CL Tryon,1,0,1
South Africa,5,CL Tryon,HK Matthews,D van Niekerk,0,0,0
South Africa,5,CL Tryon,HK Matthews,D van Niekerk,0,0,0
South Africa,5,CL Tryon,HK Matthews,D van Niekerk,4,0,4
South Africa,5,CL Tryon,HK Matthews,D van Niekerk,1,0,1
South Africa,5,D van Niekerk,HK Matthews,CL Tryon,0,0,0
South Africa,6,CL Tryon,DJS Dottin,D van Niekerk,4,0,4
South Africa,6,CL Tryon,DJS Dottin,D van Niekerk,0,0,0
South Africa,6,CL Tryon,DJS Dottin,D van Niekerk,0,0,0
South Africa,6,CL Tryon,DJS Dottin,D van Niekerk,0,0,0
South Africa,6,CL Tryon,DJS Dottin,D van Niekerk,0,0,0
South Africa,6,CL Tryon,DJS Dottin,D van Niekerk,0,0,0
South Africa,7,D van Niekerk,HK Matthews,CL Tryon,1,0,1
South Africa,7,CL Tryon,HK Matthews,D van Niekerk,1,0,1
South Africa,7,D van Niekerk,HK Matthews,CL Tryon,1,0,1
South Africa,7,CL Tryon,HK Matthews,D van Niekerk,4,0,4
South Africa,7,CL Tryon,HK Matthews,D van Niekerk,0,0,0
South Africa,7,CL Tryon,HK Matthews,D van Niekerk,0,0,0
South Africa,8,D van Niekerk,ASS Fletcher,CL Tryon,0,0,0
South Africa,8,D van Niekerk,ASS Fletcher,CL Tryon,1,0,1
South Africa,8,CL Tryon,ASS Fletcher,D van Niekerk,0,0,0
South Africa,8,CL Tryon,ASS Fletcher,D van Niekerk,0,0,0
South Africa,8,CL Tryon,ASS Fletcher,D van Niekerk,0,0,0
South Africa,8,CL Tryon,ASS Fletcher,D van Niekerk,2,0,2
South Africa,9,D van Niekerk,SR Taylor,CL Tryon,1,0,1
South Africa,9,CL Tryon,SR Taylor,D van Niekerk,1,0,1
South Africa,9,D van Niekerk,SR Taylor,CL Tryon,1,0,1
South Africa,9,CL Tryon,SR Taylor,D van Niekerk,0,0,0
South Africa,9,M du Preez,SR Taylor,D van Niekerk,0,0,0
South Africa,9,M du Preez,SR Taylor,D van Niekerk,1,0,1
South Africa,10,M du Preez,ASS Fletcher,D van Niekerk,1,0,1
South Africa,10,D van Niekerk,ASS Fletcher,M du Preez,0,0,0
South Africa,10,D van Niekerk,ASS Fletcher,M du Preez,0,0,0
South Africa,10,D van Niekerk,ASS Fletcher,M du Preez,1,0,1
South Africa,10,M du Preez,ASS Fletcher,D van Niekerk,1,0,1
South Africa,10,D van Niekerk,ASS Fletcher,M du Preez,4,0,4
South Africa,11,M du Preez,SR Taylor,D van Niekerk,0,0,0
South Africa,11,M du Preez,SR Taylor,D van Niekerk,1,0,1
South Africa,11,D van Niekerk,SR Taylor,M du Preez,1,0,1
South Africa,11,M du Preez,SR Taylor,D van Niekerk,1,0,1
South Africa,11,D van Niekerk,SR Taylor,M du Preez,1,0,1
South Africa,11,M du Preez,SR Taylor,D van Niekerk,0,0,0
South Africa,12,D van Niekerk,ASS Fletcher,M du Preez,0,0,0
South Africa,12,D van Niekerk,ASS Fletcher,M du Preez,0,0,0
South Africa,12,D van Niekerk,ASS Fletcher,M du Preez,0,0,0
South Africa,12,D van Niekerk,ASS Fletcher,M du Preez,1,0,1
South Africa,12,M du Preez,ASS Fletcher,D van Niekerk,1,0,1
South Africa,12,D van Niekerk,ASS Fletcher,M du Preez,1,0,1
South Africa,13,D van Niekerk,A Mohammed,M du Preez,0,1,1
South Africa,13,D van Niekerk,A Mohammed,M du Preez,1,0,1
South Africa,13,M du Preez,A Mohammed,D van Niekerk,1,0,1
South Africa,13,D van Niekerk,A Mohammed,M du Preez,1,0,1
South Africa,13,M du Preez,A Mohammed,D van Niekerk,1,0,1
South Africa,13,D van Niekerk,A Mohammed,M du Preez,0,0,0
South Africa,13,D van Niekerk,A Mohammed,M du Preez,0,0,0
South Africa,14,M du Preez,ASS Fletcher,D van Niekerk,1,0,1
South Africa,14,D van Niekerk,ASS Fletcher,M du Preez,4,0,4
South Africa,14,D van Niekerk,ASS Fletcher,M du Preez,1,0,1
South Africa,14,M du Preez,ASS Fletcher,D van Niekerk,0,0,0
South Africa,14,M du Preez,ASS Fletcher,D van Niekerk,0,0,0
South Africa,14,M du Preez,ASS Fletcher,D van Niekerk,1,0,1
South Africa,15,M du Preez,A Mohammed,D van Niekerk,1,0,1
South Africa,15,D van Niekerk,A Mohammed,M du Preez,0,0,0
South Africa,15,D van Niekerk,A Mohammed,M du Preez,0,0,0
South Africa,15,D van Niekerk,A Mohammed,M du Preez,1,0,1
South Africa,15,M du Preez,A Mohammed,D van Niekerk,4,0,4
South Africa,15,M du Preez,A Mohammed,D van Niekerk,1,1,2
South Africa,15,D van Niekerk,A Mohammed,M du Preez,1,0,1
South Africa,16,D van Niekerk,DJS Dottin,M du Preez,1,0,1
South Africa,16,M du Preez,DJS Dottin,D van Niekerk,6,0,6
South Africa,16,M du Preez,DJS Dottin,D van Niekerk,4,0,4
South Africa,16,M du Preez,DJS Dottin,D van Niekerk,1,0,1
South Africa,16,D van Niekerk,DJS Dottin,M du Preez,0,0,0
South Africa,16,D van Niekerk,DJS Dottin,M du Preez,1,0,1
South Africa,17,D van Niekerk,A Mohammed,M du Preez,1,0,1
South Africa,17,M du Preez,A Mohammed,D van Niekerk,0,0,0
South Africa,17,M du Preez,A Mohammed,D van Niekerk,0,0,0
South Africa,17,M Kapp,A Mohammed,D van Niekerk,1,0,1
South Africa,17,D van Niekerk,A Mohammed,M Kapp,1,0,1
South Africa,17,M Kapp,A Mohammed,D van Niekerk,1,0,1
South Africa,18,M Kapp,SS Connell,D van Niekerk,4,0,4
South Africa,18,M Kapp,SS Connell,D van Niekerk,2,0,2
South Africa,18,M Kapp,SS Connell,D van Niekerk,1,0,1
South Africa,18,D van Niekerk,SS Connell,M Kapp,1,0,1
South Africa,18,M Kapp,SS Connell,D van Niekerk,1,0,1
South Africa,18,D van Niekerk,SS Connell,M Kapp,1,0,1
South Africa,19,D van Niekerk,A Mohammed,M Kapp,2,0,2
South Africa,19,D van Niekerk,A Mohammed,M Kapp,0,0,0
South Africa,19,M Kapp,A Mohammed,F Tunnicliffe,4,0,4
South Africa,19,M Kapp,A Mohammed,F Tunnicliffe,0,0,0
South Africa,19,S Smith,A Mohammed,F Tunnicliffe,0,0,0
South Africa,19,M Klaas,A Mohammed,F Tunnicliffe,0,0,0
West Indies,0,HK Matthews,M Kapp,NY McLean,0,0,0
West Indies,0,HK Matthews,M Kapp,NY McLean,0,0,0
West Indies,0,HK Matthews,M Kapp,NY McLean,0,0,0
West Indies,0,HK Matthews,M Kapp,NY McLean,0,0,0
West Indies,0,HK Matthews,M Kapp,NY McLean,0,0,0
West Indies,0,HK Matthews,M Kapp,NY McLean,0,0,0
West Indies,1,NY McLean,M Klaas,HK Matthews,0,0,0
West Indies,1,NY McLean,M Klaas,HK Matthews,0,0,0
West Indies,1,NY McLean,M Klaas,HK Matthews,1,0,1
West Indies,1,HK Matthews,M Klaas,NY McLean,0,1,1
West Indies,1,HK Matthews,M Klaas,NY McLean,2,0,2
West Indies,1,HK Matthews,M Klaas,NY McLean,4,0,4
West Indies,1,HK Matthews,M Klaas,NY McLean,0,0,0
West Indies,2,NY McLean,M Kapp,HK Matthews,0,1,1
West Indies,2,HK Matthews,M Kapp,NY McLean,0,0,0
West Indies,2,HK Matthews,M Kapp,NY McLean,0,0,0
West Indies,2,HK Matthews,M Kapp,NY McLean,0,0,0
West Indies,2,HK Matthews,M Kapp,NY McLean,1,0,1
West Indies,2,NY McLean,M Kapp,HK Matthews,1,0,1
West Indies,3,NY McLean,D van Niekerk,HK Matthews,0,0,0
West Indies,3,NY McLean,D van Niekerk,HK Matthews,2,0,2
West Indies,3,NY McLean,D van Niekerk,HK Matthews,0,0,0
West Indies,3,NY McLean,D van Niekerk,HK Matthews,0,0,0
West Indies,3,NY McLean,D van Niekerk,HK Matthews,0,0,0
West Indies,3,NY McLean,D van Niekerk,HK Matthews,6,0,6
West Indies,4,HK Matthews,M Kapp,NY McLean,0,0,0
West Indies,4,HK Matthews,M Kapp,NY McLean,0,0,0
West Indies,4,HK Matthews,M Kapp,NY McLean,1,0,1
West Indies,4,NY McLean,M Kapp,HK Matthews,0,0,0
West Indies,4,NY McLean,M Kapp,HK Matthews,0,0,0
West Indies,4,NY McLean,M Kapp,HK Matthews,0,0,0
West Indies,5,HK Matthews,TS Sekhukhune,NY McLean,0,0,0
West Indies,5,HK Matthews,TS Sekhukhune,NY McLean,4,0,4
West Indies,5,HK Matthews,TS Sekhukhune,NY McLean,0,1,1
West Indies,5,HK Matthews,TS Sekhukhune,NY McLean,1,0,1
West Indies,5,NY McLean,TS Sekhukhune,HK Matthews,0,0,0
West Indies,5,NY McLean,TS Sekhukhune,HK Matthews,0,0,0
West Indies,5,NY McLean,TS Sekhukhune,HK Matthews,0,0,0
West Indies,6,HK Matthews,S Luus,NY McLean,4,0,4
West Indies,6,HK Matthews,S Luus,NY McLean,0,0,0
West Indies,6,SR Taylor,S Luus,NY McLean,1,1,2
West Indies,6,NY McLean,S Luus,SR Taylor,1,0,1
West Indies,6,SR Taylor,S Luus,NY McLean,1,0,1
West Indies,6,NY McLean,S Luus,SR Taylor,1,0,1
West Indies,6,SR Taylor,S Luus,NY McLean,1,0,1
West Indies,7,SR Taylor,S Smith,NY McLean,0,1,1
West Indies,7,SR Taylor,S Smith,NY McLean,1,0,1
West Indies,7,NY McLean,S Smith,SR Taylor,1,0,1
West Indies,7,SR Taylor,S Smith,NY McLean,2,0,2
West Indies,7,SR Taylor,S Smith,NY McLean,0,0,0
West Indies,7,SR Taylor,S Smith,NY McLean,1,0,1
West Indies,7,NY McLean,S Smith,SR Taylor,1,0,1
West Indies,8,NY McLean,D van Niekerk,SR Taylor,1,0,1
West Indies,8,SR Taylor,D van Niekerk,NY McLean,0,0,0
West Indies,8,SR Taylor,D van Niekerk,NY McLean,1,0,1
West Indies,8,NY McLean,D van Niekerk,SR Taylor,6,0,6
West Indies,8,NY McLean,D van Niekerk,SR Taylor,0,0,0
West Indies,8,NY McLean,D van Niekerk,SR Taylor,0,0,0
West Indies,9,SR Taylor,M Klaas,NY McLean,0,0,0
West Indies,9,SR Taylor,M Klaas,NY McLean,1,0,1
West Indies,9,NY McLean,M Klaas,SR Taylor,1,0,1
West Indies,9,SR Taylor,M Klaas,NY McLean,0,0,0
West Indies,9,SR Taylor,M Klaas,NY McLean,0,0,0
West Indies,9,SR Taylor,M Klaas,NY McLean,0,0,0
West Indies,10,NY McLean,TS Sekhukhune,SR Taylor,1,0,1
West Indies,10,SR Taylor,TS Sekhukhune,NY McLean,4,0,4
West Indies,10,SR Taylor,TS Sekhukhune,NY McLean,1,0,1
West Indies,10,NY McLean,TS Sekhukhune,SR Taylor,1,0,1
West Indies,10,SR Taylor,TS Sekhukhune,NY McLean,1,0,1
West Indies,10,NY McLean,TS Sekhukhune,SR Taylor,0,0,0
West Indies,11,SR Taylor,S Smith,NY McLean,2,0,2
West Indies,11,SR Taylor,S Smith,NY McLean,2,0,2
West Indies,11,SR Taylor,S Smith,NY McLean,1,0,1
West Indies,11,NY McLean,S Smith,SR Taylor,1,0,1
West Indies,11,SR Taylor,S Smith,NY McLean,2,0,2
West Indies,11,SR Taylor,S Smith,NY McLean,1,0,1
West Indies,12,SR Taylor,M Kapp,NY McLean,1,0,1
West Indies,12,NY McLean,M Kapp,SR Taylor,1,1,2
West Indies,12,SR Taylor,M Kapp,NY McLean,6,0,6
West Indies,12,SR Taylor,M Kapp,NY McLean,1,0,1
West Indies,12,NY McLean,M Kapp,SR Taylor,0,0,0
West Indies,12,NY McLean,M Kapp,SR Taylor,0,0,0
West Indies,12,NY McLean,M Kapp,SR Taylor,0,0,0
West Indies,13,SR Taylor,Z Mali,NY McLean,1,0,1
West Indies,13,NY McLean,Z Mali,SR Taylor,0,0,0
West Indies,13,NY McLean,Z Mali,SR Taylor,1,0,1
West Indies,13,SR Taylor,Z Mali,NY McLean,0,0,0
West Indies,13,SR Taylor,Z Mali,NY McLean,1,0,1
West Indies,13,NY McLean,Z Mali,SR Taylor,1,0,1
West Indies,14,NY McLean,M Klaas,SR Taylor,0,0,0
West Indies,14,NY McLean,M Klaas,SR Taylor,1,0,1
West Indies,14,SR Taylor,M Klaas,NY McLean,1,0,1
West Indies,14,NY McLean,M Klaas,SR Taylor,1,0,1
West Indies,14,SR Taylor,M Klaas,NY McLean,1,1,2
West Indies,14,NY McLean,M Klaas,SR Taylor,2,0,2
West Indies,14,NY McLean,M Klaas,SR Taylor,1,0,1
West Indies,15,NY McLean,Z Mali,SR Taylor,4,0,4
West Indies,15,NY McLean,Z Mali,SR Taylor,4,1,5
West Indies,15,NY McLean,Z Mali,SR Taylor,0,0,0
West Indies,15,NY McLean,Z Mali,SR Taylor,1,0,1
