Team,Over,Batter,Bowler,Non_Striker,Batter_Runs,Extras,Total_Runs
Pakistan,0,Babar Azam,NM Lyon,Sahibzada Farhan,0,0,0
Pakistan,0,Babar Azam,NM Lyon,Sahibzada Farhan,0,1,1
Pakistan,0,Babar Azam,NM Lyon,Sahibzada Farhan,0,0,0
Pakistan,0,Babar Azam,NM Lyon,Sahibzada Farhan,0,0,0
Pakistan,0,Babar Azam,NM Lyon,Sahibzada Farhan,4,0,4
Pakistan,0,Babar Azam,NM Lyon,Sahibzada Farhan,0,1,1
Pakistan,0,Babar Azam,NM Lyon,Sahibzada Farhan,0,0,0
Pakistan,0,Babar Azam,NM Lyon,Sahibzada Farhan,0,0,0
Pakistan,1,Sahibzada Farhan,NM Coulter-Nile,Babar Azam,0,0,0
Pakistan,1,Sahibzada Farhan,NM Coulter-Nile,Babar Azam,0,0,0
Pakistan,1,Sahibzada Farhan,NM Coulter-Nile,Babar Azam,4,0,4
Pakistan,1,Sahibzada Farhan,NM Coulter-Nile,Babar Azam,0,0,0
Pakistan,1,Sahibzada Farhan,NM Coulter-Nile,Babar Azam,0,0,0
Pakistan,1,Sahibzada Farhan,NM Coulter-Nile,Babar Azam,0,0,0
Pakistan,2,Babar Azam,NM Lyon,Sahibzada Farhan,0,0,0
Pakistan,2,Babar Azam,NM Lyon,Sahibzada Farhan,4,0,4
Pakistan,2,Babar Azam,NM Lyon,Sahibzada Farhan,1,0,1
Pakistan,2,Sahibzada Farhan,NM Lyon,Babar Azam,0,0,0
Pakistan,2,Sahibzada Farhan,NM Lyon,Babar Azam,0,0,0
Pakistan,2,Sahibzada Farhan,NM Lyon,Babar Azam,0,0,0
Pakistan,3,Babar Azam,NM Coulter-Nile,Sahibzada Farhan,4,0,4
Pakistan,3,Babar Azam,NM Coulter-Nile,Sahibzada Farhan,1,0,1
Pakistan,3,Sahibzada Farhan,NM Coulter-Nile,Babar Azam,1,0,1
Pakistan,3,Babar Azam,NM Coulter-Nile,Sahibzada Farhan,6,0,6
Pakistan,3,Babar Azam,NM Coulter-Nile,Sahibzada Farhan,2,0,2
Pakistan,3,Babar Azam,NM Coulter-Nile,Sahibzada Farhan,1,0,1
Pakistan,4,Babar Azam,NM Lyon,Sahibzada Farhan,4,0,4
Pakistan,4,Babar Azam,NM Lyon,Sahibzada Farhan,1,0,1
Pakistan,4,Sahibzada Farhan,NM Lyon,Babar Azam,6,0,6
Pakistan,4,Sahibzada Farhan,NM Lyon,Babar Azam,0,0,0
Pakistan,4,Sahibzada Farhan,NM Lyon,Babar Azam,4,0,4
Pakistan,4,Sahibzada Farhan,NM Lyon,Babar Azam,0,0,0
Pakistan,5,Babar Azam,AJ Tye,Sahibzada Farhan,0,0,0
Pakistan,5,Babar Azam,AJ Tye,Sahibzada Farhan,0,0,0
Pakistan,5,Babar Azam,AJ Tye,Sahibzada Farhan,1,0,1
Pakistan,5,Sahibzada Farhan,AJ Tye,Babar Azam,1,0,1
Pakistan,5,Babar Azam,AJ Tye,Sahibzada Farhan,1,0,1
Pakistan,5,Sahibzada Farhan,AJ Tye,Babar Azam,6,0,6
Pakistan,6,Babar Azam,DJM Short,Sahibzada Farhan,4,0,4
Pakistan,6,Babar Azam,DJM Short,Sahibzada Farhan,1,0,1
Pakistan,6,Sahibzada Farhan,DJM Short,Babar Azam,0,0,0
Pakistan,6,Sahibzada Farhan,DJM Short,Babar Azam,0,0,0
Pakistan,6,Sahibzada Farhan,DJM Short,Babar Azam,1,0,1
Pakistan,6,Babar Azam,DJM Short,Sahibzada Farhan,1,0,1
Pakistan,7,Babar Azam,A Zampa,Sahibzada Farhan,1,0,1
Pakistan,7,Sahibzada Farhan,A Zampa,Babar Azam,1,0,1
Pakistan,7,Babar Azam,A Zampa,Sahibzada Farhan,1,0,1
Pakistan,7,Sahibzada Farhan,A Zampa,Babar Azam,0,0,0
Pakistan,7,Sahibzada Farhan,A Zampa,Babar Azam,1,0,1
Pakistan,7,Babar Azam,A Zampa,Sahibzada Farhan,1,0,1
Pakistan,8,Babar Azam,DJM Short,Sahibzada Farhan,0,0,0
Pakistan,8,Babar Azam,DJM Short,Sahibzada Farhan,2,0,2
Pakistan,8,Babar Azam,DJM Short,Sahibzada Farhan,0,0,0
Pakistan,8,Babar Azam,DJM Short,Sahibzada Farhan,1,0,1
Pakistan,8,Sahibzada Farhan,DJM Short,Babar Azam,0,0,0
Pakistan,8,Sahibzada Farhan,DJM Short,Babar Azam,0,0,0
Pakistan,9,Babar Azam,A Zampa,Sahibzada Farhan,0,0,0
Pakistan,9,Babar Azam,A Zampa,Sahibzada Farhan,1,0,1
Pakistan,9,Sahibzada Farhan,A Zampa,Babar Azam,0,1,1
Pakistan,9,Sahibzada Farhan,A Zampa,Babar Azam,1,0,1
Pakistan,9,Babar Azam,A Zampa,Sahibzada Farhan,1,0,1
Pakistan,9,Sahibzada Farhan,A Zampa,Babar Azam,0,0,0
Pakistan,9,Sahibzada Farhan,A Zampa,Babar Azam,1,0,1
Pakistan,10,Sahibzada Farhan,DJM Short,Babar Azam,1,0,1
Pakistan,10,Babar Azam,DJM Short,Sahibzada Farhan,0,0,0
Pakistan,10,Babar Azam,DJM Short,Sahibzada Farhan,2,0,2
Pakistan,10,Babar Azam,DJM Short,Sahibzada Farhan,0,1,1
Pakistan,10,Babar Azam,DJM Short,Sahibzada Farhan,1,0,1
Pakistan,10,Sahibzada Farhan,DJM Short,Babar Azam,0,0,0
Pakistan,10,Sahibzada Farhan,DJM Short,Babar Azam,1,0,1
Pakistan,11,Sahibzada Farhan,A Zampa,Babar Azam,0,0,0
Pakistan,11,Sahibzada Farhan,A Zampa,Babar Azam,6,0,6
Pakistan,11,Sahibzada Farhan,A Zampa,Babar Azam,0,0,0
Pakistan,11,Sahibzada Farhan,A Zampa,Babar Azam,1,0,1
Pakistan,11,Babar Azam,A Zampa,Sahibzada Farhan,1,0,1
Pakistan,11,Sahibzada Farhan,A Zampa,Babar Azam,2,0,2
Pakistan,12,Babar Azam,NM Lyon,Sahibzada Farhan,1,0,1
Pakistan,12,Sahibzada Farhan,NM Lyon,Babar Azam,0,0,0
Pakistan,12,Sahibzada Farhan,NM Lyon,Babar Azam,1,0,1
Pakistan,12,Babar Azam,NM Lyon,Sahibzada Farhan,1,0,1
Pakistan,12,Sahibzada Farhan,NM Lyon,Babar Azam,0,0,0
Pakistan,12,Mohammad Hafeez,NM Lyon,Babar Azam,4,0,4
Pakistan,13,Babar Azam,AJ Tye,Mohammad Hafeez,0,0,0
Pakistan,13,Shoaib Malik,AJ Tye,Mohammad Hafeez,0,0,0
Pakistan,13,Shoaib Malik,AJ Tye,Mohammad Hafeez,1,0,1
Pakistan,13,Mohammad Hafeez,AJ Tye,Shoaib Malik,0,0,0
Pakistan,13,Mohammad Hafeez,AJ Tye,Shoaib Malik,1,0,1
Pakistan,13,Shoaib Malik,AJ Tye,Mohammad Hafeez,1,0,1
Pakistan,14,Shoaib Malik,DJM Short,Mohammad Hafeez,1,0,1
Pakistan,14,Mohammad Hafeez,DJM Short,Shoaib Malik,1,0,1
Pakistan,14,Shoaib Malik,DJM Short,Mohammad Hafeez,1,0,1
Pakistan,14,Mohammad Hafeez,DJM Short,Shoaib Malik,6,0,6
Pakistan,14,Mohammad Hafeez,DJM Short,Shoaib Malik,1,0,1
Pakistan,14,Shoaib Malik,DJM Short,Mohammad Hafeez,1,0,1
Pakistan,15,Shoaib Malik,NM Coulter-Nile,Mohammad Hafeez,4,0,4
Pakistan,15,Shoaib Malik,NM Coulter-Nile,Mohammad Hafeez,1,0,1
Pakistan,15,Mohammad Hafeez,NM Coulter-Nile,Shoaib Malik,0,0,0
Pakistan,15,Mohammad Hafeez,NM Coulter-Nile,Shoaib Malik,1,0,1
Pakistan,15,Shoaib Malik,NM Coulter-Nile,Mohammad Hafeez,2,0,2
Pakistan,15,Shoaib Malik,NM Coulter-Nile,Mohammad Hafeez,2,0,2
Pakistan,16,Mohammad Hafeez,A Zampa,Shoaib Malik,0,0,0
Pakistan,16,Mohammad Hafeez,A Zampa,Shoaib Malik,1,0,1
Pakistan,16,Shoaib Malik,A Zampa,Mohammad Hafeez,4,0,4
Pakistan,16,Shoaib Malik,A Zampa,Mohammad Hafeez,0,0,0
Pakistan,16,Asif Ali,A Zampa,Mohammad Hafeez,0,0,0
Pakistan,16,Asif Ali,A Zampa,Mohammad Hafeez,0,0,0
Pakistan,17,Mohammad Hafeez,AJ Tye,Asif Ali,4,0,4
Pakistan,17,Mohammad Hafeez,AJ Tye,Asif Ali,4,0,4
Pakistan,17,Mohammad Hafeez,AJ Tye,Asif Ali,0,0,0
Pakistan,17,Mohammad Hafeez,AJ Tye,Asif Ali,1,0,1
Pakistan,17,Asif Ali,AJ Tye,Mohammad Hafeez,0,0,0
Pakistan,17,Asif Ali,AJ Tye,Mohammad Hafeez,4,0,4
Pakistan,18,Mohammad Hafeez,MR Marsh,Asif Ali,1,0,1
Pakistan,18,Asif Ali,MR Marsh,Mohammad Hafeez,0,0,0
Pakistan,18,Mohammad Hafeez,MR Marsh,Faheem Ashraf,1,0,1
Pakistan,18,Faheem Ashraf,MR Marsh,Mohammad Hafeez,0,0,0
Pakistan,18,Mohammad Hafeez,MR Marsh,Imad Wasim,2,0,2
Pakistan,18,Mohammad Hafeez,MR Marsh,Imad Wasim,2,0,2
Pakistan,19,Imad Wasim,AJ Tye,Mohammad Hafeez,0,0,0
Pakistan,19,Imad Wasim,AJ Tye,Mohammad Hafeez,1,0,1
Pakistan,19,Mohammad Hafeez,AJ Tye,Imad Wasim,1,0,1
Pakistan,19,Imad Wasim,AJ Tye,Mohammad Hafeez,1,0,1
Pakistan,19,Mohammad Hafeez,AJ Tye,Imad Wasim,1,0,1
Pakistan,19,Imad Wasim,AJ Tye,Mohammad Hafeez,1,0,1
Australia,0,AT Carey,Imad Wasim,AJ Finch,0,0,0
Australia,0,AT Carey,Imad Wasim,AJ Finch,4,0,4
Australia,0,AT Carey,Imad Wasim,AJ Finch,6,0,6
Australia,0,AT Carey,Imad Wasim,AJ Finch,6,0,6
Australia,0,AT Carey,Imad Wasim,AJ Finch,4,0,4
Australia,0,AT Carey,Imad Wasim,AJ Finch,0,0,0
Australia,1,AJ Finch,Faheem Ashraf,AT Carey,1,0,1
Australia,1,AT Carey,Faheem Ashraf,AJ Finch,0,0,0
Australia,1,AT Carey,Faheem Ashraf,AJ Finch,0,1,1
Australia,1,AJ Finch,Faheem Ashraf,AT Carey,0,2,2
Australia,1,AJ Finch,Faheem Ashraf,AT Carey,0,0,0
Australia,1,CA Lynn,Faheem Ashraf,AT Carey,0,0,0
Australia,2,AT Carey,Mohammad Hafeez,CA Lynn,0,0,0
Australia,2,BR McDermott,Mohammad Hafeez,CA Lynn,1,0,1
Australia,2,CA Lynn,Mohammad Hafeez,BR McDermott,1,0,1
Australia,2,BR McDermott,Mohammad Hafeez,CA Lynn,1,0,1
Australia,2,CA Lynn,Mohammad Hafeez,BR McDermott,0,0,0
Australia,2,CA Lynn,Mohammad Hafeez,BR McDermott,4,0,4
Australia,3,BR McDermott,Faheem Ashraf,CA Lynn,0,0,0
Australia,3,BR McDermott,Faheem Ashraf,CA Lynn,0,0,0
Australia,3,BR McDermott,Faheem Ashraf,CA Lynn,0,1,1
Australia,3,CA Lynn,Faheem Ashraf,BR McDermott,4,0,4
Australia,3,CA Lynn,Faheem Ashraf,BR McDermott,3,0,3
Australia,3,BR McDermott,Faheem Ashraf,CA Lynn,0,0,0
Australia,4,CA Lynn,Imad Wasim,BR McDermott,0,0,0
Australia,4,CA Lynn,Imad Wasim,BR McDermott,1,0,1
Australia,4,BR McDermott,Imad Wasim,CA Lynn,2,0,2
Australia,4,BR McDermott,Imad Wasim,CA Lynn,1,0,1
Australia,4,CA Lynn,Imad Wasim,BR McDermott,0,0,0
Australia,4,CA Lynn,Imad Wasim,BR McDermott,0,0,0
Australia,5,BR McDermott,Hasan Ali,CA Lynn,0,0,0
Australia,5,BR McDermott,Hasan Ali,CA Lynn,0,0,0
Australia,5,BR McDermott,Hasan Ali,CA Lynn,4,0,4
Australia,5,BR McDermott,Hasan Ali,CA Lynn,0,0,0
Australia,5,BR McDermott,Hasan Ali,CA Lynn,6,0,6
Australia,5,BR McDermott,Hasan Ali,CA Lynn,0,0,0
Australia,6,CA Lynn,Imad Wasim,BR McDermott,1,0,1
Australia,6,BR McDermott,Imad Wasim,CA Lynn,0,0,0
Australia,6,BR McDermott,Imad Wasim,CA Lynn,0,0,0
Australia,6,BR McDermott,Imad Wasim,CA Lynn,4,0,4
Australia,6,BR McDermott,Imad Wasim,CA Lynn,1,0,1
Australia,6,CA Lynn,Imad Wasim,BR McDermott,1,0,1
Australia,7,CA Lynn,Shadab Khan,BR McDermott,0,0,0
Australia,7,BR McDermott,Shadab Khan,GJ Maxwell,1,0,1
Australia,7,GJ Maxwell,Shadab Khan,BR McDermott,1,0,1
Australia,7,BR McDermott,Shadab Khan,GJ Maxwell,0,0,0
Australia,7,MR Marsh,Shadab Khan,GJ Maxwell,1,0,1
Australia,7,GJ Maxwell,Shadab Khan,MR Marsh,1,0,1
Australia,8,GJ Maxwell,Imad Wasim,MR Marsh,0,0,0
Australia,8,GJ Maxwell,Imad Wasim,MR Marsh,0,0,0
Australia,8,GJ Maxwell,Imad Wasim,MR Marsh,1,0,1
Australia,8,MR Marsh,Imad Wasim,GJ Maxwell,0,0,0
Australia,8,MR Marsh,Imad Wasim,GJ Maxwell,1,0,1
Australia,8,GJ Maxwell,Imad Wasim,MR Marsh,0,1,1
Australia,9,GJ Maxwell,Usman Shinwari,MR Marsh,1,1,2
Australia,9,MR Marsh,Usman Shinwari,GJ Maxwell,2,0,2
Australia,9,MR Marsh,Usman Shinwari,GJ Maxwell,0,0,0
Australia,9,MR Marsh,Usman Shinwari,GJ Maxwell,0,0,0
Australia,9,MR Marsh,Usman Shinwari,GJ Maxwell,0,0,0
Australia,9,MR Marsh,Usman Shinwari,GJ Maxwell,2,0,2
Australia,9,MR Marsh,Usman Shinwari,GJ Maxwell,2,0,2
Australia,10,GJ Maxwell,Shadab Khan,MR Marsh,0,0,0
Australia,10,MR Marsh,Shadab Khan,DJM Short,0,0,0
Australia,10,MR Marsh,Shadab Khan,DJM Short,1,0,1
Australia,10,DJM Short,Shadab Khan,MR Marsh,0,0,0
Australia,10,DJM Short,Shadab Khan,MR Marsh,1,0,1
Australia,10,MR Marsh,Shadab Khan,DJM Short,1,0,1
Australia,11,MR Marsh,Usman Shinwari,DJM Short,0,0,0
Australia,11,MR Marsh,Usman Shinwari,DJM Short,1,0,1
Australia,11,DJM Short,Usman Shinwari,MR Marsh,0,0,0
Australia,11,DJM Short,Usman Shinwari,MR Marsh,0,0,0
Australia,11,DJM Short,Usman Shinwari,MR Marsh,1,0,1
Australia,11,MR Marsh,Usman Shinwari,DJM Short,1,0,1
Australia,12,MR Marsh,Mohammad Hafeez,DJM Short,1,0,1
Australia,12,DJM Short,Mohammad Hafeez,MR Marsh,1,0,1
Australia,12,MR Marsh,Mohammad Hafeez,DJM Short,6,0,6
Australia,12,MR Marsh,Mohammad Hafeez,DJM Short,0,0,0
Australia,12,MR Marsh,Mohammad Hafeez,DJM Short,1,0,1
Australia,12,DJM Short,Mohammad Hafeez,MR Marsh,0,0,0
Australia,13,MR Marsh,Hasan Ali,DJM Short,1,0,1
Australia,13,DJM Short,Hasan Ali,MR Marsh,0,0,0
Australia,13,DJM Short,Hasan Ali,MR Marsh,0,0,0
Australia,13,DJM Short,Hasan Ali,MR Marsh,1,0,1
Australia,13,MR Marsh,Hasan Ali,DJM Short,0,0,0
Australia,13,MR Marsh,Hasan Ali,DJM Short,0,0,0
Australia,14,DJM Short,Shadab Khan,MR Marsh,0,1,1
Australia,14,DJM Short,Shadab Khan,MR Marsh,1,0,1
Australia,14,MR Marsh,Shadab Khan,DJM Short,0,0,0
Australia,14,MR Marsh,Shadab Khan,DJM Short,0,0,0
Australia,14,DJM Short,Shadab Khan,NM Coulter-Nile,0,0,0
Australia,14,DJM Short,Shadab Khan,NM Coulter-Nile,4,0,4
Australia,14,DJM Short,Shadab Khan,NM Coulter-Nile,1,0,1
Australia,15,DJM Short,Usman Shinwari,NM Coulter-Nile,0,0,0
Australia,15,NM Coulter-Nile,Usman Shinwari,AJ Tye,0,0,0
Australia,15,A Zampa,Usman Shinwari,AJ Tye,1,0,1
Australia,15,AJ Tye,Usman Shinwari,A Zampa,0,0,0
Australia,15,AJ Tye,Usman Shinwari,A Zampa,0,0,0
Australia,15,AJ Tye,Usman Shinwari,A Zampa,1,0,1
Australia,16,AJ Tye,Shadab Khan,A Zampa,1,0,1
Australia,16,A Zampa,Shadab Khan,AJ Tye,0,0,0
Australia,16,A Zampa,Shadab Khan,AJ Tye,1,0,1
Australia,16,AJ Tye,Shadab Khan,A Zampa,1,0,1
Australia,16,A Zampa,Shadab Khan,AJ Tye,1,0,1
Australia,16,AJ Tye,Shadab Khan,A Zampa,1,0,1
Australia,17,AJ Tye,Hasan Ali,A Zampa,0,0,0
Australia,17,AJ Tye,Hasan Ali,A Zampa,1,0,1
Australia,17,A Zampa,Hasan Ali,AJ Tye,0,0,0
Australia,17,A Zampa,Hasan Ali,AJ Tye,0,0,0
Australia,17,A Zampa,Hasan Ali,AJ Tye,1,0,1
Australia,17,AJ Tye,Hasan Ali,A Zampa,0,0,0
Australia,18,A Zampa,Usman Shinwari,NM Lyon,4,0,4
Australia,18,A Zampa,Usman Shinwari,NM Lyon,1,0,1
Australia,18,NM Lyon,Usman Shinwari,A Zampa,2,0,2
Australia,18,NM Lyon,Usman Shinwari,A Zampa,0,0,0
Australia,18,NM Lyon,Usman Shinwari,A Zampa,0,0,0
Australia,18,NM Lyon,Usman Shinwari,A Zampa,2,0,2
Australia,19,A Zampa,Hasan Ali,NM Lyon,0,0,0
