Team,Over,Batter,Bowler,Non_Striker,Batter_Runs,Extras,Total_Runs
Pakistan,0,Fakhar Zaman,NM Coulter-Nile,Babar Azam,0,0,0
Pakistan,0,Fakhar Zaman,NM Coulter-Nile,Babar Azam,0,1,1
Pakistan,0,Babar Azam,NM Coulter-Nile,Fakhar Zaman,3,0,3
Pakistan,0,Fakhar Zaman,NM Coulter-Nile,Babar Azam,0,0,0
Pakistan,0,Fakhar Zaman,NM Coulter-Nile,Babar Azam,1,0,1
Pakistan,0,Babar Azam,NM Coulter-Nile,Fakhar Zaman,0,0,0
Pakistan,1,Fakhar Zaman,B Stanlake,Babar Azam,0,1,1
Pakistan,1,Babar Azam,B Stanlake,Fakhar Zaman,0,0,0
Pakistan,1,Babar Azam,B Stanlake,Fakhar Zaman,0,0,0
Pakistan,1,Babar Azam,B Stanlake,Fakhar Zaman,4,0,4
Pakistan,1,Babar Azam,B Stanlake,Fakhar Zaman,1,0,1
Pakistan,1,Fakhar Zaman,B Stanlake,Babar Azam,4,0,4
Pakistan,2,Babar Azam,NM Coulter-Nile,Fakhar Zaman,0,0,0
Pakistan,2,Babar Azam,NM Coulter-Nile,Fakhar Zaman,4,0,4
Pakistan,2,Babar Azam,NM Coulter-Nile,Fakhar Zaman,1,0,1
Pakistan,2,Fakhar Zaman,NM Coulter-Nile,Babar Azam,4,0,4
Pakistan,2,Fakhar Zaman,NM Coulter-Nile,Babar Azam,1,0,1
Pakistan,2,Babar Azam,NM Coulter-Nile,Fakhar Zaman,1,0,1
Pakistan,3,Babar Azam,AJ Tye,Fakhar Zaman,0,0,0
Pakistan,3,Babar Azam,AJ Tye,Fakhar Zaman,1,0,1
Pakistan,3,Fakhar Zaman,AJ Tye,Babar Azam,0,0,0
Pakistan,3,Fakhar Zaman,AJ Tye,Babar Azam,1,0,1
Pakistan,3,Babar Azam,AJ Tye,Fakhar Zaman,1,0,1
Pakistan,3,Fakhar Zaman,AJ Tye,Babar Azam,3,0,3
Pakistan,4,Fakhar Zaman,B Stanlake,Babar Azam,0,0,0
Pakistan,4,Babar Azam,B Stanlake,Mohammad Hafeez,0,0,0
Pakistan,4,Babar Azam,B Stanlake,Mohammad Hafeez,0,1,1
Pakistan,4,Babar Azam,B Stanlake,Mohammad Hafeez,1,0,1
Pakistan,4,Mohammad Hafeez,B Stanlake,Babar Azam,0,0,0
Pakistan,4,Mohammad Hafeez,B Stanlake,Babar Azam,4,0,4
Pakistan,4,Mohammad Hafeez,B Stanlake,Babar Azam,0,0,0
Pakistan,5,Babar Azam,AC Agar,Mohammad Hafeez,4,0,4
Pakistan,5,Babar Azam,AC Agar,Mohammad Hafeez,1,0,1
Pakistan,5,Mohammad Hafeez,AC Agar,Babar Azam,0,0,0
Pakistan,5,Mohammad Hafeez,AC Agar,Babar Azam,1,0,1
Pakistan,5,Babar Azam,AC Agar,Mohammad Hafeez,0,0,0
Pakistan,5,Babar Azam,AC Agar,Mohammad Hafeez,1,0,1
Pakistan,6,Babar Azam,B Stanlake,Mohammad Hafeez,1,0,1
Pakistan,6,Mohammad Hafeez,B Stanlake,Babar Azam,0,1,1
Pakistan,6,Babar Azam,B Stanlake,Mohammad Hafeez,1,0,1
Pakistan,6,Mohammad Hafeez,B Stanlake,Babar Azam,0,0,0
Pakistan,6,Mohammad Hafeez,B Stanlake,Babar Azam,0,0,0
Pakistan,6,Mohammad Hafeez,B Stanlake,Babar Azam,1,0,1
Pakistan,7,Mohammad Hafeez,A Zampa,Babar Azam,1,0,1
Pakistan,7,Babar Azam,A Zampa,Mohammad Hafeez,1,0,1
Pakistan,7,Mohammad Hafeez,A Zampa,Babar Azam,2,0,2
Pakistan,7,Mohammad Hafeez,A Zampa,Babar Azam,1,0,1
Pakistan,7,Babar Azam,A Zampa,Mohammad Hafeez,1,0,1
Pakistan,7,Mohammad Hafeez,A Zampa,Babar Azam,1,0,1
Pakistan,8,Mohammad Hafeez,AC Agar,Babar Azam,1,0,1
Pakistan,8,Babar Azam,AC Agar,Mohammad Hafeez,1,0,1
Pakistan,8,Mohammad Hafeez,AC Agar,Babar Azam,6,0,6
Pakistan,8,Mohammad Hafeez,AC Agar,Babar Azam,2,0,2
Pakistan,8,Mohammad Hafeez,AC Agar,Babar Azam,1,0,1
Pakistan,8,Babar Azam,AC Agar,Mohammad Hafeez,1,0,1
Pakistan,9,Babar Azam,A Zampa,Mohammad Hafeez,1,0,1
Pakistan,9,Mohammad Hafeez,A Zampa,Babar Azam,4,0,4
Pakistan,9,Mohammad Hafeez,A Zampa,Babar Azam,1,0,1
Pakistan,9,Babar Azam,A Zampa,Mohammad Hafeez,1,0,1
Pakistan,9,Mohammad Hafeez,A Zampa,Babar Azam,1,0,1
Pakistan,9,Babar Azam,A Zampa,Mohammad Hafeez,1,0,1
Pakistan,10,Babar Azam,AJ Tye,Mohammad Hafeez,1,0,1
Pakistan,10,Mohammad Hafeez,AJ Tye,Babar Azam,1,0,1
Pakistan,10,Babar Azam,AJ Tye,Mohammad Hafeez,0,0,0
Pakistan,10,Babar Azam,AJ Tye,Mohammad Hafeez,1,0,1
Pakistan,10,Mohammad Hafeez,AJ Tye,Babar Azam,1,0,1
Pakistan,10,Babar Azam,AJ Tye,Mohammad Hafeez,4,0,4
Pakistan,11,Mohammad Hafeez,DJM Short,Babar Azam,1,0,1
Pakistan,11,Babar Azam,DJM Short,Mohammad Hafeez,0,0,0
Pakistan,11,Babar Azam,DJM Short,Mohammad Hafeez,1,0,1
Pakistan,11,Mohammad Hafeez,DJM Short,Babar Azam,1,0,1
Pakistan,11,Babar Azam,DJM Short,Mohammad Hafeez,4,0,4
Pakistan,11,Babar Azam,DJM Short,Mohammad Hafeez,1,0,1
Pakistan,12,Babar Azam,A Zampa,Mohammad Hafeez,1,0,1
Pakistan,12,Mohammad Hafeez,A Zampa,Babar Azam,0,0,0
Pakistan,12,Mohammad Hafeez,A Zampa,Babar Azam,6,0,6
Pakistan,12,Mohammad Hafeez,A Zampa,Babar Azam,1,0,1
Pakistan,12,Babar Azam,A Zampa,Mohammad Hafeez,0,0,0
Pakistan,12,Babar Azam,A Zampa,Mohammad Hafeez,1,0,1
Pakistan,13,Babar Azam,DJM Short,Mohammad Hafeez,1,0,1
Pakistan,13,Mohammad Hafeez,DJM Short,Babar Azam,1,0,1
Pakistan,13,Babar Azam,DJM Short,Mohammad Hafeez,1,0,1
Pakistan,13,Mohammad Hafeez,DJM Short,Babar Azam,0,0,0
Pakistan,13,Mohammad Hafeez,DJM Short,Babar Azam,0,0,0
Pakistan,13,Asif Ali,DJM Short,Babar Azam,2,0,2
Pakistan,14,Babar Azam,A Zampa,Asif Ali,2,0,2
Pakistan,14,Babar Azam,A Zampa,Asif Ali,1,0,1
Pakistan,14,Asif Ali,A Zampa,Babar Azam,0,0,0
Pakistan,14,Asif Ali,A Zampa,Babar Azam,0,0,0
Pakistan,14,Hussain Talat,A Zampa,Babar Azam,0,0,0
Pakistan,14,Hussain Talat,A Zampa,Babar Azam,4,0,4
Pakistan,15,Babar Azam,NM Coulter-Nile,Hussain Talat,6,0,6
Pakistan,15,Babar Azam,NM Coulter-Nile,Hussain Talat,1,0,1
Pakistan,15,Hussain Talat,NM Coulter-Nile,Babar Azam,1,0,1
Pakistan,15,Babar Azam,NM Coulter-Nile,Hussain Talat,2,0,2
Pakistan,15,Babar Azam,NM Coulter-Nile,Hussain Talat,0,0,0
Pakistan,15,Babar Azam,NM Coulter-Nile,Hussain Talat,1,0,1
Pakistan,16,Babar Azam,AJ Tye,Hussain Talat,1,0,1
Pakistan,16,Hussain Talat,AJ Tye,Babar Azam,2,0,2
Pakistan,16,Hussain Talat,AJ Tye,Babar Azam,2,0,2
Pakistan,16,Hussain Talat,AJ Tye,Babar Azam,0,0,0
Pakistan,16,Faheem Ashraf,AJ Tye,Babar Azam,0,0,0
Pakistan,16,Sarfraz Ahmed,AJ Tye,Babar Azam,0,0,0
Pakistan,17,Babar Azam,B Stanlake,Sarfraz Ahmed,1,0,1
Pakistan,17,Sarfraz Ahmed,B Stanlake,Babar Azam,0,0,0
Pakistan,17,Shadab Khan,B Stanlake,Babar Azam,1,0,1
Pakistan,17,Babar Azam,B Stanlake,Shadab Khan,1,0,1
Pakistan,17,Shadab Khan,B Stanlake,Babar Azam,0,0,0
Pakistan,17,Babar Azam,B Stanlake,Imad Wasim,0,0,0
Pakistan,18,Imad Wasim,AJ Tye,Babar Azam,0,0,0
Pakistan,18,Hasan Ali,AJ Tye,Babar Azam,0,0,0
Pakistan,18,Hasan Ali,AJ Tye,Babar Azam,1,0,1
Pakistan,18,Babar Azam,AJ Tye,Hasan Ali,1,0,1
Pakistan,18,Hasan Ali,AJ Tye,Babar Azam,1,0,1
Pakistan,18,Babar Azam,AJ Tye,Hasan Ali,2,0,2
Pakistan,19,Hasan Ali,NM Coulter-Nile,Babar Azam,4,0,4
Pakistan,19,Hasan Ali,NM Coulter-Nile,Babar Azam,6,0,6
Pakistan,19,Hasan Ali,NM Coulter-Nile,Babar Azam,4,0,4
Pakistan,19,Hasan Ali,NM Coulter-Nile,Babar Azam,0,1,1
Pakistan,19,Babar Azam,NM Coulter-Nile,Hasan Ali,1,0,1
Pakistan,19,Hasan Ali,NM Coulter-Nile,Babar Azam,1,0,1
Australia,0,AJ Finch,Imad Wasim,DJM Short,0,0,0
Australia,0,AJ Finch,Imad Wasim,DJM Short,0,0,0
Australia,0,AJ Finch,Imad Wasim,DJM Short,0,0,0
Australia,0,CA Lynn,Imad Wasim,DJM Short,1,0,1
Australia,0,DJM Short,Imad Wasim,CA Lynn,4,0,4
Australia,0,DJM Short,Imad Wasim,CA Lynn,0,0,0
Australia,1,CA Lynn,Faheem Ashraf,GJ Maxwell,0,0,0
Australia,1,CA Lynn,Faheem Ashraf,GJ Maxwell,0,0,0
Australia,1,CA Lynn,Faheem Ashraf,GJ Maxwell,1,0,1
Australia,1,GJ Maxwell,Faheem Ashraf,CA Lynn,0,0,0
Australia,1,GJ Maxwell,Faheem Ashraf,CA Lynn,1,0,1
Australia,1,CA Lynn,Faheem Ashraf,GJ Maxwell,4,0,4
Australia,2,GJ Maxwell,Imad Wasim,CA Lynn,0,0,0
Australia,2,GJ Maxwell,Imad Wasim,CA Lynn,0,0,0
Australia,2,GJ Maxwell,Imad Wasim,CA Lynn,1,0,1
Australia,2,CA Lynn,Imad Wasim,GJ Maxwell,0,0,0
Australia,2,CA Lynn,Imad Wasim,GJ Maxwell,2,0,2
Australia,2,CA Lynn,Imad Wasim,GJ Maxwell,1,0,1
Australia,3,CA Lynn,Faheem Ashraf,GJ Maxwell,0,1,1
Australia,3,GJ Maxwell,Faheem Ashraf,CA Lynn,0,0,0
Australia,3,GJ Maxwell,Faheem Ashraf,CA Lynn,0,0,0
Australia,3,BR McDermott,Faheem Ashraf,CA Lynn,0,0,0
Australia,3,BR McDermott,Faheem Ashraf,CA Lynn,0,0,0
Australia,3,CA Lynn,Faheem Ashraf,AT Carey,0,0,0
Australia,4,AT Carey,Imad Wasim,CA Lynn,0,0,0
Australia,4,AT Carey,Imad Wasim,CA Lynn,1,0,1
Australia,4,CA Lynn,Imad Wasim,AT Carey,0,0,0
Australia,4,CA Lynn,Imad Wasim,AT Carey,4,0,4
Australia,4,CA Lynn,Imad Wasim,AT Carey,1,0,1
Australia,4,AT Carey,Imad Wasim,CA Lynn,0,0,0
Australia,5,CA Lynn,Faheem Ashraf,AC Agar,0,0,0
Australia,5,CA Lynn,Faheem Ashraf,AC Agar,0,0,0
Australia,5,NM Coulter-Nile,Faheem Ashraf,AC Agar,0,0,0
Australia,5,NM Coulter-Nile,Faheem Ashraf,AC Agar,0,0,0
Australia,5,NM Coulter-Nile,Faheem Ashraf,AC Agar,1,0,1
Australia,5,AC Agar,Faheem Ashraf,NM Coulter-Nile,3,0,3
Australia,6,AC Agar,Hasan Ali,NM Coulter-Nile,0,0,0
Australia,6,AC Agar,Hasan Ali,NM Coulter-Nile,1,0,1
Australia,6,NM Coulter-Nile,Hasan Ali,AC Agar,0,0,0
Australia,6,NM Coulter-Nile,Hasan Ali,AC Agar,0,0,0
Australia,6,NM Coulter-Nile,Hasan Ali,AC Agar,0,0,0
Australia,6,NM Coulter-Nile,Hasan Ali,AC Agar,0,0,0
Australia,7,AC Agar,Shaheen Shah Afridi,NM Coulter-Nile,1,0,1
Australia,7,NM Coulter-Nile,Shaheen Shah Afridi,AC Agar,2,0,2
Australia,7,NM Coulter-Nile,Shaheen Shah Afridi,AC Agar,0,0,0
Australia,7,NM Coulter-Nile,Shaheen Shah Afridi,AC Agar,0,0,0
Australia,7,NM Coulter-Nile,Shaheen Shah Afridi,AC Agar,0,1,1
Australia,7,AC Agar,Shaheen Shah Afridi,NM Coulter-Nile,0,1,1
Australia,8,AC Agar,Imad Wasim,NM Coulter-Nile,0,0,0
Australia,8,AC Agar,Imad Wasim,NM Coulter-Nile,1,0,1
Australia,8,NM Coulter-Nile,Imad Wasim,AC Agar,1,0,1
Australia,8,AC Agar,Imad Wasim,NM Coulter-Nile,1,0,1
Australia,8,NM Coulter-Nile,Imad Wasim,AC Agar,2,0,2
Australia,8,NM Coulter-Nile,Imad Wasim,AC Agar,0,0,0
Australia,9,AC Agar,Shadab Khan,NM Coulter-Nile,1,0,1
Australia,9,NM Coulter-Nile,Shadab Khan,AC Agar,0,0,0
Australia,9,NM Coulter-Nile,Shadab Khan,AC Agar,0,0,0
Australia,9,NM Coulter-Nile,Shadab Khan,AC Agar,1,0,1
Australia,9,AC Agar,Shadab Khan,NM Coulter-Nile,0,0,0
Australia,9,AC Agar,Shadab Khan,NM Coulter-Nile,0,0,0
Australia,10,NM Coulter-Nile,Shaheen Shah Afridi,AC Agar,4,0,4
Australia,10,NM Coulter-Nile,Shaheen Shah Afridi,AC Agar,4,0,4
Australia,10,NM Coulter-Nile,Shaheen Shah Afridi,AC Agar,1,0,1
Australia,10,AC Agar,Shaheen Shah Afridi,NM Coulter-Nile,4,0,4
Australia,10,AC Agar,Shaheen Shah Afridi,NM Coulter-Nile,0,0,0
Australia,10,AC Agar,Shaheen Shah Afridi,NM Coulter-Nile,1,0,1
Australia,11,AC Agar,Shadab Khan,NM Coulter-Nile,0,0,0
Australia,11,AC Agar,Shadab Khan,NM Coulter-Nile,0,0,0
Australia,11,AC Agar,Shadab Khan,NM Coulter-Nile,0,0,0
Australia,11,AC Agar,Shadab Khan,NM Coulter-Nile,1,0,1
Australia,11,NM Coulter-Nile,Shadab Khan,AC Agar,1,0,1
Australia,11,AC Agar,Shadab Khan,NM Coulter-Nile,1,0,1
Australia,12,AC Agar,Hasan Ali,NM Coulter-Nile,0,0,0
Australia,12,AC Agar,Hasan Ali,NM Coulter-Nile,4,0,4
Australia,12,AC Agar,Hasan Ali,NM Coulter-Nile,0,0,0
Australia,12,AC Agar,Hasan Ali,NM Coulter-Nile,0,0,0
Australia,12,A Zampa,Hasan Ali,NM Coulter-Nile,1,0,1
Australia,12,NM Coulter-Nile,Hasan Ali,A Zampa,0,0,0
Australia,13,A Zampa,Shadab Khan,NM Coulter-Nile,1,0,1
Australia,13,NM Coulter-Nile,Shadab Khan,A Zampa,0,1,1
Australia,13,A Zampa,Shadab Khan,NM Coulter-Nile,0,0,0
Australia,13,A Zampa,Shadab Khan,NM Coulter-Nile,1,0,1
Australia,13,NM Coulter-Nile,Shadab Khan,A Zampa,4,0,4
Australia,13,NM Coulter-Nile,Shadab Khan,A Zampa,4,0,4
Australia,14,A Zampa,Shaheen Shah Afridi,NM Coulter-Nile,0,0,0
Australia,14,A Zampa,Shaheen Shah Afridi,NM Coulter-Nile,0,0,0
Australia,14,A Zampa,Shaheen Shah Afridi,NM Coulter-Nile,0,0,0
Australia,14,AJ Tye,Shaheen Shah Afridi,NM Coulter-Nile,2,0,2
Australia,14,AJ Tye,Shaheen Shah Afridi,NM Coulter-Nile,4,0,4
Australia,14,AJ Tye,Shaheen Shah Afridi,NM Coulter-Nile,0,0,0
Australia,15,NM Coulter-Nile,Hasan Ali,B Stanlake,4,0,4
Australia,15,NM Coulter-Nile,Hasan Ali,B Stanlake,1,0,1
Australia,15,B Stanlake,Hasan Ali,NM Coulter-Nile,0,0,0
Australia,15,B Stanlake,Hasan Ali,NM Coulter-Nile,0,0,0
Australia,15,B Stanlake,Hasan Ali,NM Coulter-Nile,1,0,1
Australia,15,NM Coulter-Nile,Hasan Ali,B Stanlake,4,0,4
Australia,16,B Stanlake,Shadab Khan,NM Coulter-Nile,0,0,0
Australia,16,B Stanlake,Shadab Khan,NM Coulter-Nile,0,0,0
Australia,16,B Stanlake,Shadab Khan,NM Coulter-Nile,0,0,0
Australia,16,B Stanlake,Shadab Khan,NM Coulter-Nile,1,0,1
Australia,16,NM Coulter-Nile,Shadab Khan,B Stanlake,0,0,0
