Team,Over,Batter,Bowler,Non_Striker,Batter_Runs,Extras,Total_Runs
Sri Lanka,0,BYA Mendis,AA Patil,AC Jayangani,0,0,0
Sri Lanka,0,BYA Mendis,AA Patil,AC Jayangani,1,0,1
Sri Lanka,0,AC Jayangani,AA Patil,BYA Mendis,0,0,0
Sri Lanka,0,AC Jayangani,AA Patil,BYA Mendis,0,5,5
Sri Lanka,0,AC Jayangani,AA Patil,BYA Mendis,1,0,1
Sri Lanka,0,BYA Mendis,AA Patil,AC Jayangani,0,0,0
Sri Lanka,0,BYA Mendis,AA Patil,AC Jayangani,0,0,0
Sri Lanka,1,AC Jayangani,A Reddy,BYA Mendis,2,0,2
Sri Lanka,1,AC Jayangani,A Reddy,BYA Mendis,1,0,1
Sri Lanka,1,BYA Mendis,A Reddy,AC Jayangani,0,0,0
Sri Lanka,1,BYA Mendis,A Reddy,AC Jayangani,0,0,0
Sri Lanka,1,AC Jayangani,A Reddy,MADD Surangika,4,0,4
Sri Lanka,1,AC Jayangani,A Reddy,MADD Surangika,0,1,1
Sri Lanka,1,AC Jayangani,A Reddy,MADD Surangika,4,0,4
Sri Lanka,2,MADD Surangika,AA Patil,AC Jayangani,1,0,1
Sri Lanka,2,AC Jayangani,AA Patil,MADD Surangika,0,0,0
Sri Lanka,2,AC Jayangani,AA Patil,MADD Surangika,1,0,1
Sri Lanka,2,MADD Surangika,AA Patil,AC Jayangani,1,0,1
Sri Lanka,2,AC Jayangani,AA Patil,MADD Surangika,0,0,0
Sri Lanka,2,AC Jayangani,AA Patil,MADD Surangika,0,1,1
Sri Lanka,2,AC Jayangani,AA Patil,MADD Surangika,0,1,1
Sri Lanka,2,AC Jayangani,AA Patil,MADD Surangika,6,0,6
Sri Lanka,3,MADD Surangika,DB Sharma,AC Jayangani,1,0,1
Sri Lanka,3,AC Jayangani,DB Sharma,MADD Surangika,1,0,1
Sri Lanka,3,MADD Surangika,DB Sharma,AC Jayangani,0,0,0
Sri Lanka,3,MADD Surangika,DB Sharma,AC Jayangani,1,0,1
Sri Lanka,3,AC Jayangani,DB Sharma,MADD Surangika,0,0,0
Sri Lanka,3,AC Jayangani,DB Sharma,MADD Surangika,0,0,0
Sri Lanka,4,MADD Surangika,AA Patil,AC Jayangani,2,0,2
Sri Lanka,4,MADD Surangika,AA Patil,AC Jayangani,1,0,1
Sri Lanka,4,AC Jayangani,AA Patil,MADD Surangika,1,0,1
Sri Lanka,4,MADD Surangika,AA Patil,AC Jayangani,0,0,0
Sri Lanka,4,MADD Surangika,AA Patil,AC Jayangani,1,0,1
Sri Lanka,4,AC Jayangani,AA Patil,MADD Surangika,0,0,0
Sri Lanka,5,MADD Surangika,DB Sharma,AC Jayangani,0,0,0
Sri Lanka,5,MADD Surangika,DB Sharma,AC Jayangani,1,0,1
Sri Lanka,5,AC Jayangani,DB Sharma,MADD Surangika,0,0,0
Sri Lanka,5,WK Dilhari,DB Sharma,MADD Surangika,1,0,1
Sri Lanka,5,MADD Surangika,DB Sharma,WK Dilhari,1,0,1
Sri Lanka,5,WK Dilhari,DB Sharma,MADD Surangika,1,0,1
Sri Lanka,6,WK Dilhari,Poonam Yadav,MADD Surangika,1,0,1
Sri Lanka,6,MADD Surangika,Poonam Yadav,WK Dilhari,0,0,0
Sri Lanka,6,MADD Surangika,Poonam Yadav,WK Dilhari,1,0,1
Sri Lanka,6,WK Dilhari,Poonam Yadav,MADD Surangika,0,0,0
Sri Lanka,6,WK Dilhari,Poonam Yadav,MADD Surangika,0,0,0
Sri Lanka,6,MADD Surangika,Poonam Yadav,LE Kaushalya,0,0,0
Sri Lanka,7,LE Kaushalya,RP Yadav,MADD Surangika,0,0,0
Sri Lanka,7,LE Kaushalya,RP Yadav,MADD Surangika,0,0,0
Sri Lanka,7,LE Kaushalya,RP Yadav,MADD Surangika,1,0,1
Sri Lanka,7,MADD Surangika,RP Yadav,LE Kaushalya,0,0,0
Sri Lanka,7,MADD Surangika,RP Yadav,LE Kaushalya,4,0,4
