Team,Over,Batter,Bowler,Non_Striker,Batter_Runs,Extras,Total_Runs
Sri Lanka,0,BYA Mendis,A Reddy,AC Jayangani,4,0,4
Sri Lanka,0,BYA Mendis,A Reddy,AC Jayangani,4,0,4
Sri Lanka,0,BYA Mendis,A Reddy,AC Jayangani,0,1,1
Sri Lanka,0,BYA Mendis,A Reddy,AC Jayangani,0,0,0
Sri Lanka,0,BYA Mendis,A Reddy,AC Jayangani,0,0,0
Sri Lanka,0,BYA Mendis,A Reddy,AC Jayangani,4,0,4
Sri Lanka,0,BYA Mendis,A Reddy,AC Jayangani,1,0,1
Sri Lanka,1,BYA Mendis,DB Sharma,AC Jayangani,0,0,0
Sri Lanka,1,BYA Mendis,DB Sharma,AC Jayangani,0,0,0
Sri Lanka,1,BYA Mendis,DB Sharma,AC Jayangani,1,0,1
Sri Lanka,1,AC Jayangani,DB Sharma,BYA Mendis,4,0,4
Sri Lanka,1,AC Jayangani,DB Sharma,BYA Mendis,0,0,0
Sri Lanka,1,AC Jayangani,DB Sharma,BYA Mendis,0,0,0
Sri Lanka,2,BYA Mendis,AA Patil,AC Jayangani,1,0,1
Sri Lanka,2,AC Jayangani,AA Patil,BYA Mendis,0,1,1
Sri Lanka,2,AC Jayangani,AA Patil,BYA Mendis,0,1,1
Sri Lanka,2,AC Jayangani,AA Patil,BYA Mendis,0,0,0
Sri Lanka,2,AC Jayangani,AA Patil,BYA Mendis,1,0,1
Sri Lanka,2,BYA Mendis,AA Patil,AC Jayangani,4,0,4
Sri Lanka,2,BYA Mendis,AA Patil,AC Jayangani,0,0,0
Sri Lanka,2,AC Jayangani,AA Patil,GWHM Perera,6,0,6
Sri Lanka,3,GWHM Perera,DB Sharma,AC Jayangani,0,0,0
Sri Lanka,3,GWHM Perera,DB Sharma,AC Jayangani,0,0,0
Sri Lanka,3,GWHM Perera,DB Sharma,AC Jayangani,4,0,4
Sri Lanka,3,GWHM Perera,DB Sharma,AC Jayangani,0,0,0
Sri Lanka,3,GWHM Perera,DB Sharma,AC Jayangani,0,0,0
Sri Lanka,3,GWHM Perera,DB Sharma,AC Jayangani,2,0,2
Sri Lanka,4,AC Jayangani,AA Patil,GWHM Perera,1,0,1
Sri Lanka,4,GWHM Perera,AA Patil,AC Jayangani,4,0,4
Sri Lanka,4,GWHM Perera,AA Patil,AC Jayangani,0,0,0
Sri Lanka,4,HASD Siriwardene,AA Patil,AC Jayangani,0,0,0
Sri Lanka,4,HASD Siriwardene,AA Patil,AC Jayangani,0,0,0
Sri Lanka,4,HASD Siriwardene,AA Patil,AC Jayangani,2,0,2
Sri Lanka,5,AC Jayangani,Poonam Yadav,HASD Siriwardene,1,0,1
Sri Lanka,5,HASD Siriwardene,Poonam Yadav,AC Jayangani,0,0,0
Sri Lanka,5,HASD Siriwardene,Poonam Yadav,AC Jayangani,0,0,0
Sri Lanka,5,HASD Siriwardene,Poonam Yadav,AC Jayangani,1,0,1
Sri Lanka,5,AC Jayangani,Poonam Yadav,HASD Siriwardene,0,0,0
Sri Lanka,5,AC Jayangani,Poonam Yadav,HASD Siriwardene,4,0,4
Sri Lanka,6,HASD Siriwardene,RP Yadav,AC Jayangani,0,0,0
Sri Lanka,6,HASD Siriwardene,RP Yadav,AC Jayangani,1,0,1
Sri Lanka,6,AC Jayangani,RP Yadav,HASD Siriwardene,0,0,0
Sri Lanka,6,AC Jayangani,RP Yadav,HASD Siriwardene,1,0,1
Sri Lanka,6,HASD Siriwardene,RP Yadav,AC Jayangani,1,0,1
Sri Lanka,6,AC Jayangani,RP Yadav,HASD Siriwardene,0,0,0
Sri Lanka,7,HASD Siriwardene,Poonam Yadav,AC Jayangani,2,0,2
Sri Lanka,7,HASD Siriwardene,Poonam Yadav,AC Jayangani,2,0,2
Sri Lanka,7,HASD Siriwardene,Poonam Yadav,AC Jayangani,0,0,0
Sri Lanka,7,HASD Siriwardene,Poonam Yadav,AC Jayangani,1,0,1
Sri Lanka,7,AC Jayangani,Poonam Yadav,HASD Siriwardene,0,0,0
Sri Lanka,7,AC Jayangani,Poonam Yadav,HASD Siriwardene,1,0,1
Sri Lanka,8,AC Jayangani,RP Yadav,HASD Siriwardene,2,0,2
Sri Lanka,8,AC Jayangani,RP Yadav,HASD Siriwardene,1,0,1
Sri Lanka,8,HASD Siriwardene,RP Yadav,AC Jayangani,1,0,1
Sri Lanka,8,AC Jayangani,RP Yadav,HASD Siriwardene,0,1,1
Sri Lanka,8,AC Jayangani,RP Yadav,HASD Siriwardene,1,0,1
Sri Lanka,8,HASD Siriwardene,RP Yadav,AC Jayangani,4,0,4
Sri Lanka,8,HASD Siriwardene,RP Yadav,AC Jayangani,1,0,1
Sri Lanka,9,HASD Siriwardene,Poonam Yadav,AC Jayangani,6,0,6
Sri Lanka,9,HASD Siriwardene,Poonam Yadav,AC Jayangani,0,0,0
Sri Lanka,9,HASD Siriwardene,Poonam Yadav,AC Jayangani,1,0,1
Sri Lanka,9,AC Jayangani,Poonam Yadav,HASD Siriwardene,1,0,1
Sri Lanka,9,HASD Siriwardene,Poonam Yadav,AC Jayangani,1,0,1
Sri Lanka,9,AC Jayangani,Poonam Yadav,HASD Siriwardene,0,0,0
Sri Lanka,10,HASD Siriwardene,A Reddy,AC Jayangani,4,0,4
Sri Lanka,10,HASD Siriwardene,A Reddy,AC Jayangani,1,0,1
Sri Lanka,10,AC Jayangani,A Reddy,HASD Siriwardene,1,0,1
Sri Lanka,10,HASD Siriwardene,A Reddy,AC Jayangani,1,0,1
Sri Lanka,10,AC Jayangani,A Reddy,HASD Siriwardene,0,0,0
Sri Lanka,10,AC Jayangani,A Reddy,HASD Siriwardene,1,0,1
Sri Lanka,11,AC Jayangani,RP Yadav,HASD Siriwardene,1,0,1
Sri Lanka,11,HASD Siriwardene,RP Yadav,AC Jayangani,1,0,1
Sri Lanka,11,AC Jayangani,RP Yadav,HASD Siriwardene,0,0,0
Sri Lanka,11,AC Jayangani,RP Yadav,HASD Siriwardene,4,0,4
Sri Lanka,11,AC Jayangani,RP Yadav,HASD Siriwardene,0,1,1
Sri Lanka,11,NND de Silva,RP Yadav,HASD Siriwardene,0,0,0
Sri Lanka,11,NND de Silva,RP Yadav,HASD Siriwardene,0,0,0
Sri Lanka,12,HASD Siriwardene,A Reddy,NND de Silva,0,0,0
Sri Lanka,12,HASD Siriwardene,A Reddy,NND de Silva,1,0,1
Sri Lanka,12,NND de Silva,A Reddy,HASD Siriwardene,1,0,1
Sri Lanka,12,HASD Siriwardene,A Reddy,NND de Silva,4,0,4
Sri Lanka,12,HASD Siriwardene,A Reddy,NND de Silva,0,0,0
Sri Lanka,12,HASD Siriwardene,A Reddy,NND de Silva,0,1,1
Sri Lanka,12,HASD Siriwardene,A Reddy,NND de Silva,1,0,1
Sri Lanka,13,HASD Siriwardene,DB Sharma,NND de Silva,1,0,1
Sri Lanka,13,NND de Silva,DB Sharma,HASD Siriwardene,1,0,1
Sri Lanka,13,HASD Siriwardene,DB Sharma,NND de Silva,2,0,2
Sri Lanka,13,HASD Siriwardene,DB Sharma,NND de Silva,0,1,1
Sri Lanka,13,HASD Siriwardene,DB Sharma,NND de Silva,0,0,0
Sri Lanka,13,NND de Silva,DB Sharma,LE Kaushalya,1,0,1
Sri Lanka,13,LE Kaushalya,DB Sharma,NND de Silva,1,0,1
Sri Lanka,14,LE Kaushalya,AA Patil,NND de Silva,0,0,0
Sri Lanka,14,LE Kaushalya,AA Patil,NND de Silva,1,0,1
Sri Lanka,14,NND de Silva,AA Patil,LE Kaushalya,1,0,1
Sri Lanka,14,LE Kaushalya,AA Patil,NND de Silva,1,0,1
Sri Lanka,14,NND de Silva,AA Patil,LE Kaushalya,0,0,0
Sri Lanka,14,NND de Silva,AA Patil,LE Kaushalya,4,0,4
Sri Lanka,15,NND de Silva,DB Sharma,LE Kaushalya,0,0,0
Sri Lanka,15,NND de Silva,DB Sharma,LE Kaushalya,3,0,3
Sri Lanka,15,LE Kaushalya,DB Sharma,NND de Silva,2,0,2
Sri Lanka,15,LE Kaushalya,DB Sharma,NND de Silva,1,0,1
Sri Lanka,15,NND de Silva,DB Sharma,LE Kaushalya,1,0,1
Sri Lanka,15,LE Kaushalya,DB Sharma,NND de Silva,1,0,1
Sri Lanka,16,LE Kaushalya,AA Patil,NND de Silva,1,0,1
Sri Lanka,16,NND de Silva,AA Patil,LE Kaushalya,2,0,2
Sri Lanka,16,NND de Silva,AA Patil,LE Kaushalya,1,0,1
Sri Lanka,16,LE Kaushalya,AA Patil,NND de Silva,0,1,1
Sri Lanka,16,LE Kaushalya,AA Patil,NND de Silva,1,0,1
Sri Lanka,16,NND de Silva,AA Patil,LE Kaushalya,0,0,0
Sri Lanka,16,LE Kaushalya,AA Patil,KADA Kanchana,2,0,2
India,0,M Raj,KDU Prabodhani,S Mandhana,4,0,4
India,0,M Raj,KDU Prabodhani,S Mandhana,2,0,2
India,0,M Raj,KDU Prabodhani,S Mandhana,0,1,1
India,0,M Raj,KDU Prabodhani,S Mandhana,4,0,4
India,0,M Raj,KDU Prabodhani,S Mandhana,1,0,1
India,0,S Mandhana,KDU Prabodhani,M Raj,1,0,1
India,0,M Raj,KDU Prabodhani,S Mandhana,0,0,0
India,1,S Mandhana,OU Ranasinghe,M Raj,4,0,4
India,1,S Mandhana,OU Ranasinghe,M Raj,0,0,0
India,1,JI Rodrigues,OU Ranasinghe,M Raj,1,0,1
India,1,M Raj,OU Ranasinghe,JI Rodrigues,0,0,0
India,1,M Raj,OU Ranasinghe,JI Rodrigues,0,0,0
India,1,T Bhatia,OU Ranasinghe,JI Rodrigues,0,0,0
India,2,JI Rodrigues,KADA Kanchana,T Bhatia,0,0,0
India,2,JI Rodrigues,KADA Kanchana,T Bhatia,0,0,0
India,2,JI Rodrigues,KADA Kanchana,T Bhatia,0,1,1
India,2,JI Rodrigues,KADA Kanchana,T Bhatia,4,0,4
India,2,JI Rodrigues,KADA Kanchana,T Bhatia,0,1,1
India,2,JI Rodrigues,KADA Kanchana,T Bhatia,0,1,1
India,2,JI Rodrigues,KADA Kanchana,T Bhatia,1,0,1
India,2,T Bhatia,KADA Kanchana,JI Rodrigues,0,0,0
India,2,T Bhatia,KADA Kanchana,JI Rodrigues,0,1,1
India,2,T Bhatia,KADA Kanchana,JI Rodrigues,4,0,4
India,3,JI Rodrigues,OU Ranasinghe,T Bhatia,1,0,1
India,3,T Bhatia,OU Ranasinghe,JI Rodrigues,1,0,1
India,3,JI Rodrigues,OU Ranasinghe,T Bhatia,0,1,1
India,3,JI Rodrigues,OU Ranasinghe,T Bhatia,6,0,6
India,3,JI Rodrigues,OU Ranasinghe,T Bhatia,0,0,0
India,3,JI Rodrigues,OU Ranasinghe,T Bhatia,1,0,1
India,3,T Bhatia,OU Ranasinghe,JI Rodrigues,0,0,0
India,4,AA Patil,S Ravikumar,JI Rodrigues,0,0,0
India,4,AA Patil,S Ravikumar,JI Rodrigues,1,0,1
India,4,JI Rodrigues,S Ravikumar,AA Patil,0,1,1
India,4,AA Patil,S Ravikumar,JI Rodrigues,1,0,1
India,4,JI Rodrigues,S Ravikumar,AA Patil,4,0,4
India,4,JI Rodrigues,S Ravikumar,AA Patil,0,0,0
India,5,AA Patil,HASD Siriwardene,JI Rodrigues,1,0,1
India,5,JI Rodrigues,HASD Siriwardene,AA Patil,0,0,0
India,5,JI Rodrigues,HASD Siriwardene,AA Patil,0,0,0
India,5,JI Rodrigues,HASD Siriwardene,AA Patil,1,0,1
India,5,AA Patil,HASD Siriwardene,JI Rodrigues,0,0,0
India,5,AA Patil,HASD Siriwardene,JI Rodrigues,2,0,2
India,6,JI Rodrigues,AC Jayangani,AA Patil,1,0,1
India,6,AA Patil,AC Jayangani,JI Rodrigues,2,0,2
India,6,AA Patil,AC Jayangani,JI Rodrigues,0,0,0
India,6,AA Patil,AC Jayangani,JI Rodrigues,0,0,0
India,6,AA Patil,AC Jayangani,JI Rodrigues,1,0,1
India,6,JI Rodrigues,AC Jayangani,AA Patil,0,0,0
India,7,AA Patil,HASD Siriwardene,JI Rodrigues,1,0,1
India,7,JI Rodrigues,HASD Siriwardene,AA Patil,1,0,1
India,7,AA Patil,HASD Siriwardene,JI Rodrigues,1,0,1
India,7,JI Rodrigues,HASD Siriwardene,AA Patil,1,0,1
India,7,AA Patil,HASD Siriwardene,JI Rodrigues,4,0,4
India,7,AA Patil,HASD Siriwardene,JI Rodrigues,1,0,1
India,8,AA Patil,S Ravikumar,JI Rodrigues,1,0,1
India,8,JI Rodrigues,S Ravikumar,AA Patil,4,0,4
India,8,JI Rodrigues,S Ravikumar,AA Patil,1,0,1
India,8,AA Patil,S Ravikumar,JI Rodrigues,1,0,1
India,8,JI Rodrigues,S Ravikumar,AA Patil,0,0,0
India,8,JI Rodrigues,S Ravikumar,AA Patil,4,0,4
India,9,AA Patil,AC Jayangani,JI Rodrigues,1,0,1
India,9,JI Rodrigues,AC Jayangani,AA Patil,1,0,1
India,9,AA Patil,AC Jayangani,JI Rodrigues,1,0,1
India,9,JI Rodrigues,AC Jayangani,AA Patil,4,0,4
India,9,JI Rodrigues,AC Jayangani,AA Patil,0,0,0
India,9,JI Rodrigues,AC Jayangani,AA Patil,2,0,2
India,10,AA Patil,KDU Prabodhani,JI Rodrigues,0,0,0
India,10,AA Patil,KDU Prabodhani,JI Rodrigues,4,0,4
India,10,AA Patil,KDU Prabodhani,JI Rodrigues,1,0,1
India,10,JI Rodrigues,KDU Prabodhani,AA Patil,1,0,1
India,10,AA Patil,KDU Prabodhani,JI Rodrigues,0,0,0
India,10,AA Patil,KDU Prabodhani,JI Rodrigues,1,0,1
India,11,AA Patil,OU Ranasinghe,JI Rodrigues,1,0,1
India,11,JI Rodrigues,OU Ranasinghe,AA Patil,1,0,1
India,11,AA Patil,OU Ranasinghe,JI Rodrigues,4,0,4
India,11,AA Patil,OU Ranasinghe,JI Rodrigues,1,0,1
India,11,JI Rodrigues,OU Ranasinghe,AA Patil,1,0,1
India,11,AA Patil,OU Ranasinghe,JI Rodrigues,1,0,1
India,12,AA Patil,NND de Silva,JI Rodrigues,1,0,1
India,12,JI Rodrigues,NND de Silva,AA Patil,1,0,1
India,12,AA Patil,NND de Silva,JI Rodrigues,1,0,1
India,12,JI Rodrigues,NND de Silva,AA Patil,0,1,1
India,12,AA Patil,NND de Silva,JI Rodrigues,0,1,1
India,12,AA Patil,NND de Silva,JI Rodrigues,0,0,0
India,12,AA Patil,NND de Silva,JI Rodrigues,4,0,4
India,13,JI Rodrigues,HASD Siriwardene,AA Patil,1,0,1
India,13,AA Patil,HASD Siriwardene,JI Rodrigues,4,0,4
India,13,AA Patil,HASD Siriwardene,JI Rodrigues,0,0,0
India,13,AA Patil,HASD Siriwardene,JI Rodrigues,4,0,4
India,13,AA Patil,HASD Siriwardene,JI Rodrigues,0,0,0
India,13,AA Patil,HASD Siriwardene,JI Rodrigues,4,0,4
India,14,JI Rodrigues,AC Jayangani,AA Patil,1,0,1
India,14,AA Patil,AC Jayangani,JI Rodrigues,0,0,0
India,14,AA Patil,AC Jayangani,JI Rodrigues,0,0,0
India,14,AA Patil,AC Jayangani,JI Rodrigues,1,0,1
India,14,JI Rodrigues,AC Jayangani,AA Patil,0,1,1
India,14,JI Rodrigues,AC Jayangani,AA Patil,1,0,1
India,14,AA Patil,AC Jayangani,JI Rodrigues,1,0,1
India,15,AA Patil,OU Ranasinghe,JI Rodrigues,1,0,1
India,15,JI Rodrigues,OU Ranasinghe,AA Patil,1,0,1
India,15,AA Patil,OU Ranasinghe,JI Rodrigues,1,0,1
India,15,JI Rodrigues,OU Ranasinghe,AA Patil,6,0,6
