Team,Over,Batter,Bowler,Non_Striker,Batter_Runs,Extras,Total_Runs
Pakistan,0,Fakhar Zaman,SHA Rance,Babar Azam,0,0,0
Pakistan,0,Fakhar Zaman,SHA Rance,Babar Azam,0,0,0
Pakistan,0,Fakhar Zaman,SHA Rance,Babar Azam,0,0,0
Pakistan,0,Fakhar Zaman,SHA Rance,Babar Azam,1,0,1
Pakistan,0,Babar Azam,SHA Rance,Fakhar Zaman,0,0,0
Pakistan,0,Babar Azam,SHA Rance,Fakhar Zaman,0,0,0
Pakistan,1,Fakhar Zaman,TG Southee,Babar Azam,0,0,0
Pakistan,1,Fakhar Zaman,TG Southee,Babar Azam,1,0,1
Pakistan,1,Babar Azam,TG Southee,Fakhar Zaman,0,0,0
Pakistan,1,Babar Azam,TG Southee,Fakhar Zaman,0,0,0
Pakistan,1,Babar Azam,TG Southee,Fakhar Zaman,4,0,4
Pakistan,1,Babar Azam,TG Southee,Fakhar Zaman,0,0,0
Pakistan,2,Fakhar Zaman,SHA Rance,Babar Azam,0,0,0
Pakistan,2,Fakhar Zaman,SHA Rance,Babar Azam,1,0,1
Pakistan,2,Babar Azam,SHA Rance,Fakhar Zaman,0,0,0
Pakistan,2,Babar Azam,SHA Rance,Fakhar Zaman,1,0,1
Pakistan,2,Fakhar Zaman,SHA Rance,Babar Azam,1,0,1
Pakistan,2,Babar Azam,SHA Rance,Fakhar Zaman,0,0,0
Pakistan,3,Fakhar Zaman,TG Southee,Babar Azam,0,0,0
Pakistan,3,Fakhar Zaman,TG Southee,Babar Azam,4,0,4
Pakistan,3,Fakhar Zaman,TG Southee,Babar Azam,1,0,1
Pakistan,3,Babar Azam,TG Southee,Fakhar Zaman,2,0,2
Pakistan,3,Babar Azam,TG Southee,Fakhar Zaman,2,0,2
Pakistan,3,Babar Azam,TG Southee,Fakhar Zaman,1,0,1
Pakistan,4,Babar Azam,SHA Rance,Fakhar Zaman,4,0,4
Pakistan,4,Babar Azam,SHA Rance,Fakhar Zaman,1,0,1
Pakistan,4,Fakhar Zaman,SHA Rance,Babar Azam,1,0,1
Pakistan,4,Babar Azam,SHA Rance,Fakhar Zaman,1,0,1
Pakistan,4,Fakhar Zaman,SHA Rance,Babar Azam,1,0,1
Pakistan,4,Babar Azam,SHA Rance,Fakhar Zaman,1,0,1
Pakistan,5,Babar Azam,LH Ferguson,Fakhar Zaman,1,0,1
Pakistan,5,Fakhar Zaman,LH Ferguson,Babar Azam,0,0,0
Pakistan,5,Fakhar Zaman,LH Ferguson,Babar Azam,0,0,0
Pakistan,5,Mohammad Hafeez,LH Ferguson,Babar Azam,0,0,0
Pakistan,5,Mohammad Hafeez,LH Ferguson,Babar Azam,0,0,0
Pakistan,5,Mohammad Hafeez,LH Ferguson,Babar Azam,4,0,4
Pakistan,6,Babar Azam,C de Grandhomme,Mohammad Hafeez,1,0,1
Pakistan,6,Mohammad Hafeez,C de Grandhomme,Babar Azam,1,0,1
Pakistan,6,Babar Azam,C de Grandhomme,Mohammad Hafeez,1,0,1
Pakistan,6,Mohammad Hafeez,C de Grandhomme,Babar Azam,0,0,0
Pakistan,6,Mohammad Hafeez,C de Grandhomme,Babar Azam,1,0,1
Pakistan,6,Babar Azam,C de Grandhomme,Mohammad Hafeez,1,0,1
Pakistan,7,Babar Azam,IS Sodhi,Mohammad Hafeez,1,0,1
Pakistan,7,Mohammad Hafeez,IS Sodhi,Babar Azam,1,0,1
Pakistan,7,Babar Azam,IS Sodhi,Mohammad Hafeez,2,0,2
Pakistan,7,Babar Azam,IS Sodhi,Mohammad Hafeez,1,0,1
Pakistan,7,Mohammad Hafeez,IS Sodhi,Babar Azam,1,0,1
Pakistan,7,Babar Azam,IS Sodhi,Mohammad Hafeez,1,0,1
Pakistan,8,Babar Azam,C de Grandhomme,Mohammad Hafeez,4,0,4
Pakistan,8,Babar Azam,C de Grandhomme,Mohammad Hafeez,1,0,1
Pakistan,8,Mohammad Hafeez,C de Grandhomme,Babar Azam,2,0,2
Pakistan,8,Mohammad Hafeez,C de Grandhomme,Babar Azam,1,0,1
Pakistan,8,Babar Azam,C de Grandhomme,Mohammad Hafeez,4,0,4
Pakistan,8,Babar Azam,C de Grandhomme,Mohammad Hafeez,1,0,1
Pakistan,9,Babar Azam,LH Ferguson,Mohammad Hafeez,2,0,2
Pakistan,9,Babar Azam,LH Ferguson,Mohammad Hafeez,4,0,4
Pakistan,9,Babar Azam,LH Ferguson,Mohammad Hafeez,1,0,1
Pakistan,9,Mohammad Hafeez,LH Ferguson,Babar Azam,0,0,0
Pakistan,9,Mohammad Hafeez,LH Ferguson,Babar Azam,1,0,1
Pakistan,9,Babar Azam,LH Ferguson,Mohammad Hafeez,1,0,1
Pakistan,10,Babar Azam,IS Sodhi,Mohammad Hafeez,0,0,0
Pakistan,10,Babar Azam,IS Sodhi,Mohammad Hafeez,1,0,1
Pakistan,10,Mohammad Hafeez,IS Sodhi,Babar Azam,6,0,6
Pakistan,10,Mohammad Hafeez,IS Sodhi,Babar Azam,6,0,6
Pakistan,10,Mohammad Hafeez,IS Sodhi,Babar Azam,1,0,1
Pakistan,10,Babar Azam,IS Sodhi,Mohammad Hafeez,1,0,1
Pakistan,11,Babar Azam,LH Ferguson,Mohammad Hafeez,0,0,0
Pakistan,11,Babar Azam,LH Ferguson,Mohammad Hafeez,1,0,1
Pakistan,11,Mohammad Hafeez,LH Ferguson,Babar Azam,1,0,1
Pakistan,11,Babar Azam,LH Ferguson,Mohammad Hafeez,1,0,1
Pakistan,11,Mohammad Hafeez,LH Ferguson,Babar Azam,1,0,1
Pakistan,11,Babar Azam,LH Ferguson,Mohammad Hafeez,0,0,0
Pakistan,12,Mohammad Hafeez,C Munro,Babar Azam,1,0,1
Pakistan,12,Babar Azam,C Munro,Mohammad Hafeez,0,0,0
Pakistan,12,Babar Azam,C Munro,Mohammad Hafeez,0,0,0
Pakistan,12,Babar Azam,C Munro,Mohammad Hafeez,1,0,1
Pakistan,12,Mohammad Hafeez,C Munro,Babar Azam,1,0,1
Pakistan,12,Babar Azam,C Munro,Mohammad Hafeez,1,0,1
Pakistan,13,Babar Azam,TG Southee,Mohammad Hafeez,1,0,1
Pakistan,13,Mohammad Hafeez,TG Southee,Babar Azam,1,0,1
Pakistan,13,Babar Azam,TG Southee,Mohammad Hafeez,0,0,0
Pakistan,13,Babar Azam,TG Southee,Mohammad Hafeez,1,0,1
Pakistan,13,Mohammad Hafeez,TG Southee,Babar Azam,1,0,1
Pakistan,13,Babar Azam,TG Southee,Mohammad Hafeez,1,0,1
Pakistan,14,Babar Azam,C Munro,Mohammad Hafeez,6,0,6
Pakistan,14,Babar Azam,C Munro,Mohammad Hafeez,6,0,6
Pakistan,14,Babar Azam,C Munro,Mohammad Hafeez,1,0,1
Pakistan,14,Mohammad Hafeez,C Munro,Babar Azam,1,0,1
Pakistan,14,Babar Azam,C Munro,Mohammad Hafeez,2,0,2
Pakistan,14,Babar Azam,C Munro,Mohammad Hafeez,1,0,1
Pakistan,15,Babar Azam,LH Ferguson,Mohammad Hafeez,1,0,1
Pakistan,15,Mohammad Hafeez,LH Ferguson,Babar Azam,1,0,1
Pakistan,15,Babar Azam,LH Ferguson,Mohammad Hafeez,4,0,4
Pakistan,15,Babar Azam,LH Ferguson,Mohammad Hafeez,0,0,0
Pakistan,15,Babar Azam,LH Ferguson,Mohammad Hafeez,4,0,4
Pakistan,15,Babar Azam,LH Ferguson,Mohammad Hafeez,1,0,1
Pakistan,16,Babar Azam,C de Grandhomme,Mohammad Hafeez,0,0,0
Pakistan,16,Mohammad Hafeez,C de Grandhomme,Shoaib Malik,1,0,1
Pakistan,16,Shoaib Malik,C de Grandhomme,Mohammad Hafeez,4,0,4
Pakistan,16,Shoaib Malik,C de Grandhomme,Mohammad Hafeez,4,0,4
Pakistan,16,Shoaib Malik,C de Grandhomme,Mohammad Hafeez,2,0,2
Pakistan,16,Shoaib Malik,C de Grandhomme,Mohammad Hafeez,1,0,1
Pakistan,17,Shoaib Malik,SHA Rance,Mohammad Hafeez,1,0,1
Pakistan,17,Mohammad Hafeez,SHA Rance,Shoaib Malik,4,0,4
Pakistan,17,Mohammad Hafeez,SHA Rance,Shoaib Malik,1,0,1
Pakistan,17,Shoaib Malik,SHA Rance,Mohammad Hafeez,1,0,1
Pakistan,17,Mohammad Hafeez,SHA Rance,Shoaib Malik,0,1,1
Pakistan,17,Shoaib Malik,SHA Rance,Mohammad Hafeez,2,0,2
Pakistan,18,Mohammad Hafeez,C de Grandhomme,Shoaib Malik,4,0,4
Pakistan,18,Mohammad Hafeez,C de Grandhomme,Shoaib Malik,1,0,1
Pakistan,18,Shoaib Malik,C de Grandhomme,Mohammad Hafeez,4,0,4
Pakistan,18,Shoaib Malik,C de Grandhomme,Mohammad Hafeez,0,0,0
Pakistan,18,Mohammad Hafeez,C de Grandhomme,Asif Ali,0,1,1
Pakistan,18,Mohammad Hafeez,C de Grandhomme,Asif Ali,1,0,1
Pakistan,18,Asif Ali,C de Grandhomme,Mohammad Hafeez,0,0,0
Pakistan,19,Mohammad Hafeez,TG Southee,Asif Ali,4,0,4
Pakistan,19,Mohammad Hafeez,TG Southee,Asif Ali,1,0,1
Pakistan,19,Asif Ali,TG Southee,Mohammad Hafeez,1,0,1
Pakistan,19,Mohammad Hafeez,TG Southee,Asif Ali,2,0,2
Pakistan,19,Mohammad Hafeez,TG Southee,Asif Ali,1,0,1
Pakistan,19,Asif Ali,TG Southee,Mohammad Hafeez,1,0,1
New Zealand,0,GD Phillips,Mohammad Hafeez,C Munro,0,0,0
New Zealand,0,GD Phillips,Mohammad Hafeez,C Munro,1,0,1
New Zealand,0,C Munro,Mohammad Hafeez,GD Phillips,0,0,0
New Zealand,0,C Munro,Mohammad Hafeez,GD Phillips,1,0,1
New Zealand,0,GD Phillips,Mohammad Hafeez,C Munro,1,0,1
New Zealand,0,C Munro,Mohammad Hafeez,GD Phillips,1,0,1
New Zealand,1,C Munro,Faheem Ashraf,GD Phillips,0,0,0
New Zealand,1,C Munro,Faheem Ashraf,GD Phillips,0,0,0
New Zealand,1,C de Grandhomme,Faheem Ashraf,GD Phillips,0,0,0
New Zealand,1,C de Grandhomme,Faheem Ashraf,GD Phillips,0,0,0
New Zealand,1,C de Grandhomme,Faheem Ashraf,GD Phillips,1,0,1
New Zealand,1,GD Phillips,Faheem Ashraf,C de Grandhomme,1,0,1
New Zealand,2,GD Phillips,Imad Wasim,C de Grandhomme,0,0,0
New Zealand,2,GD Phillips,Imad Wasim,C de Grandhomme,0,0,0
New Zealand,2,GD Phillips,Imad Wasim,C de Grandhomme,1,0,1
New Zealand,2,C de Grandhomme,Imad Wasim,GD Phillips,0,0,0
New Zealand,2,C de Grandhomme,Imad Wasim,GD Phillips,0,1,1
New Zealand,2,C de Grandhomme,Imad Wasim,GD Phillips,4,0,4
New Zealand,2,C de Grandhomme,Imad Wasim,GD Phillips,1,0,1
New Zealand,3,C de Grandhomme,Faheem Ashraf,GD Phillips,0,0,0
New Zealand,3,C de Grandhomme,Faheem Ashraf,GD Phillips,0,0,0
New Zealand,3,KS Williamson,Faheem Ashraf,GD Phillips,0,0,0
New Zealand,3,KS Williamson,Faheem Ashraf,GD Phillips,0,0,0
New Zealand,3,KS Williamson,Faheem Ashraf,GD Phillips,0,0,0
New Zealand,3,KS Williamson,Faheem Ashraf,GD Phillips,4,0,4
New Zealand,4,GD Phillips,Imad Wasim,KS Williamson,1,0,1
New Zealand,4,KS Williamson,Imad Wasim,GD Phillips,0,0,0
New Zealand,4,KS Williamson,Imad Wasim,GD Phillips,1,0,1
New Zealand,4,GD Phillips,Imad Wasim,KS Williamson,1,0,1
New Zealand,4,KS Williamson,Imad Wasim,GD Phillips,0,0,0
New Zealand,4,KS Williamson,Imad Wasim,GD Phillips,1,0,1
New Zealand,5,KS Williamson,Usman Shinwari,GD Phillips,1,0,1
New Zealand,5,GD Phillips,Usman Shinwari,KS Williamson,0,0,0
New Zealand,5,GD Phillips,Usman Shinwari,KS Williamson,1,0,1
New Zealand,5,KS Williamson,Usman Shinwari,GD Phillips,0,0,0
New Zealand,5,KS Williamson,Usman Shinwari,GD Phillips,4,0,4
New Zealand,5,KS Williamson,Usman Shinwari,GD Phillips,1,0,1
New Zealand,6,KS Williamson,Mohammad Hafeez,GD Phillips,0,0,0
New Zealand,6,KS Williamson,Mohammad Hafeez,GD Phillips,1,0,1
New Zealand,6,GD Phillips,Mohammad Hafeez,KS Williamson,1,0,1
New Zealand,6,KS Williamson,Mohammad Hafeez,GD Phillips,1,0,1
New Zealand,6,GD Phillips,Mohammad Hafeez,KS Williamson,1,0,1
New Zealand,6,KS Williamson,Mohammad Hafeez,GD Phillips,0,0,0
New Zealand,7,GD Phillips,Waqas Maqsood,KS Williamson,1,0,1
New Zealand,7,KS Williamson,Waqas Maqsood,GD Phillips,0,0,0
New Zealand,7,KS Williamson,Waqas Maqsood,GD Phillips,4,0,4
New Zealand,7,KS Williamson,Waqas Maqsood,GD Phillips,2,0,2
New Zealand,7,KS Williamson,Waqas Maqsood,GD Phillips,4,0,4
New Zealand,7,KS Williamson,Waqas Maqsood,GD Phillips,4,0,4
New Zealand,8,GD Phillips,Shadab Khan,KS Williamson,1,0,1
New Zealand,8,KS Williamson,Shadab Khan,GD Phillips,1,0,1
New Zealand,8,GD Phillips,Shadab Khan,KS Williamson,1,0,1
New Zealand,8,KS Williamson,Shadab Khan,GD Phillips,0,0,0
New Zealand,8,KS Williamson,Shadab Khan,GD Phillips,4,0,4
New Zealand,8,KS Williamson,Shadab Khan,GD Phillips,2,0,2
New Zealand,9,GD Phillips,Imad Wasim,KS Williamson,0,0,0
New Zealand,9,GD Phillips,Imad Wasim,KS Williamson,1,0,1
New Zealand,9,KS Williamson,Imad Wasim,GD Phillips,4,0,4
New Zealand,9,KS Williamson,Imad Wasim,GD Phillips,0,0,0
New Zealand,9,KS Williamson,Imad Wasim,GD Phillips,6,0,6
New Zealand,9,KS Williamson,Imad Wasim,GD Phillips,1,0,1
New Zealand,10,KS Williamson,Shadab Khan,GD Phillips,6,0,6
New Zealand,10,KS Williamson,Shadab Khan,GD Phillips,1,0,1
New Zealand,10,GD Phillips,Shadab Khan,KS Williamson,4,0,4
New Zealand,10,GD Phillips,Shadab Khan,KS Williamson,2,0,2
New Zealand,10,GD Phillips,Shadab Khan,KS Williamson,1,0,1
New Zealand,10,KS Williamson,Shadab Khan,GD Phillips,1,0,1
New Zealand,11,KS Williamson,Usman Shinwari,GD Phillips,4,0,4
New Zealand,11,KS Williamson,Usman Shinwari,GD Phillips,1,0,1
New Zealand,11,GD Phillips,Usman Shinwari,KS Williamson,0,1,1
New Zealand,11,KS Williamson,Usman Shinwari,GD Phillips,0,0,0
New Zealand,11,KS Williamson,Usman Shinwari,GD Phillips,1,0,1
New Zealand,11,GD Phillips,Usman Shinwari,KS Williamson,6,0,6
New Zealand,12,KS Williamson,Shadab Khan,GD Phillips,0,0,0
New Zealand,12,KS Williamson,Shadab Khan,GD Phillips,0,0,0
New Zealand,12,MS Chapman,Shadab Khan,GD Phillips,1,0,1
New Zealand,12,GD Phillips,Shadab Khan,MS Chapman,0,0,0
New Zealand,12,LRPL Taylor,Shadab Khan,MS Chapman,0,0,0
New Zealand,12,LRPL Taylor,Shadab Khan,MS Chapman,1,0,1
New Zealand,13,LRPL Taylor,Imad Wasim,MS Chapman,1,0,1
New Zealand,13,MS Chapman,Imad Wasim,LRPL Taylor,1,0,1
New Zealand,13,LRPL Taylor,Imad Wasim,MS Chapman,2,0,2
New Zealand,13,LRPL Taylor,Imad Wasim,MS Chapman,1,0,1
New Zealand,13,MS Chapman,Imad Wasim,LRPL Taylor,0,0,0
New Zealand,13,TL Seifert,Imad Wasim,LRPL Taylor,0,0,0
New Zealand,14,LRPL Taylor,Shadab Khan,TG Southee,1,0,1
New Zealand,14,IS Sodhi,Shadab Khan,LRPL Taylor,0,0,0
New Zealand,14,IS Sodhi,Shadab Khan,LRPL Taylor,1,0,1
New Zealand,14,LRPL Taylor,Shadab Khan,IS Sodhi,1,0,1
New Zealand,14,IS Sodhi,Shadab Khan,LRPL Taylor,1,0,1
New Zealand,14,LRPL Taylor,Shadab Khan,IS Sodhi,0,0,0
New Zealand,15,IS Sodhi,Usman Shinwari,LH Ferguson,0,0,0
New Zealand,15,IS Sodhi,Usman Shinwari,LH Ferguson,1,0,1
New Zealand,15,LH Ferguson,Usman Shinwari,IS Sodhi,0,1,1
New Zealand,15,IS Sodhi,Usman Shinwari,LH Ferguson,1,0,1
New Zealand,15,LH Ferguson,Usman Shinwari,IS Sodhi,1,0,1
New Zealand,15,IS Sodhi,Usman Shinwari,LH Ferguson,2,0,2
New Zealand,16,LH Ferguson,Waqas Maqsood,IS Sodhi,0,0,0
New Zealand,16,SHA Rance,Waqas Maqsood,IS Sodhi,1,0,1
New Zealand,16,IS Sodhi,Waqas Maqsood,SHA Rance,4,0,4
New Zealand,16,IS Sodhi,Waqas Maqsood,SHA Rance,1,0,1
New Zealand,16,SHA Rance,Waqas Maqsood,IS Sodhi,0,0,0
