Team,Over,Batter,Bowler,Non_Striker,Batter_Runs,Extras,Total_Runs
Botswana,0,L Mophakedi,M Matobole,O Batisani,0,1,1
Botswana,0,O Batisani,M Matobole,L Mophakedi,0,1,1
Botswana,0,O Batisani,M Matobole,L Mophakedi,4,0,4
Botswana,0,O Batisani,M Matobole,L Mophakedi,0,0,0
Botswana,0,O Batisani,M Matobole,L Mophakedi,0,3,3
Botswana,0,O Batisani,M Matobole,L Mophakedi,0,1,1
Botswana,0,O Batisani,M Matobole,L Mophakedi,0,1,1
Botswana,0,O Batisani,M Matobole,L Mophakedi,1,0,1
Botswana,0,L Mophakedi,M Matobole,O Batisani,1,0,1
Botswana,0,O Batisani,M Matobole,L Mophakedi,0,0,0
Botswana,1,L Mophakedi,T Koloi,F Samanyika,0,1,1
Botswana,1,L Mophakedi,T Koloi,F Samanyika,0,0,0
Botswana,1,S Mosweu,T Koloi,L Mophakedi,0,3,3
Botswana,1,S Mosweu,T Koloi,L Mophakedi,0,0,0
Botswana,1,S Mosweu,T Koloi,L Mophakedi,4,0,4
Botswana,1,S Mosweu,T Koloi,L Mophakedi,0,0,0
Botswana,1,S Mosweu,T Koloi,L Mophakedi,0,5,5
Botswana,1,S Mosweu,T Koloi,L Mophakedi,0,0,0
Botswana,1,S Mosweu,T Koloi,L Mophakedi,0,1,1
Botswana,1,S Mosweu,T Koloi,L Mophakedi,1,0,1
Botswana,2,S Mosweu,B Lekau,L Mophakedi,0,1,1
Botswana,2,S Mosweu,B Lekau,L Mophakedi,4,0,4
Botswana,2,S Mosweu,B Lekau,L Mophakedi,0,0,0
Botswana,2,S Mosweu,B Lekau,L Mophakedi,0,1,1
Botswana,2,S Mosweu,B Lekau,L Mophakedi,4,0,4
Botswana,2,S Mosweu,B Lekau,L Mophakedi,0,0,0
Botswana,2,S Mosweu,B Lekau,L Mophakedi,0,0,0
Botswana,2,T Legaabile,B Lekau,L Mophakedi,0,0,0
Botswana,3,L Mophakedi,T Koloi,T Legaabile,0,0,0
Botswana,3,L Mophakedi,T Koloi,T Legaabile,0,1,1
Botswana,3,L Mophakedi,T Koloi,T Legaabile,2,0,2
Botswana,3,L Mophakedi,T Koloi,T Legaabile,0,0,0
Botswana,3,L Mophakedi,T Koloi,T Legaabile,4,0,4
Botswana,3,L Mophakedi,T Koloi,T Legaabile,1,0,1
Botswana,3,T Legaabile,T Koloi,L Mophakedi,1,0,1
Botswana,4,T Legaabile,B Phelenyane,L Mophakedi,0,0,0
Botswana,4,T Legaabile,B Phelenyane,L Mophakedi,0,3,3
Botswana,4,T Legaabile,B Phelenyane,L Mophakedi,0,0,0
Botswana,4,T Legaabile,B Phelenyane,L Mophakedi,0,0,0
Botswana,4,T Legaabile,B Phelenyane,L Mophakedi,4,0,4
Botswana,4,T Legaabile,B Phelenyane,L Mophakedi,2,0,2
Botswana,4,T Legaabile,B Phelenyane,L Mophakedi,1,0,1
Botswana,5,T Legaabile,T Ramabitsa,L Mophakedi,0,1,1
Botswana,5,T Legaabile,T Ramabitsa,L Mophakedi,0,0,0
Botswana,5,T Legaabile,T Ramabitsa,L Mophakedi,2,0,2
Botswana,5,T Legaabile,T Ramabitsa,L Mophakedi,0,1,1
Botswana,5,T Legaabile,T Ramabitsa,L Mophakedi,2,0,2
Botswana,5,T Legaabile,T Ramabitsa,L Mophakedi,0,0,0
Botswana,5,T Legaabile,T Ramabitsa,L Mophakedi,0,1,1
Botswana,5,T Legaabile,T Ramabitsa,L Mophakedi,0,0,0
Botswana,5,T Legaabile,T Ramabitsa,L Mophakedi,1,0,1
Botswana,6,T Legaabile,B Lekau,L Mophakedi,0,0,0
Botswana,6,T Legaabile,B Lekau,L Mophakedi,0,1,1
Botswana,6,L Mophakedi,B Lekau,T Legaabile,0,0,0
Botswana,6,L Mophakedi,B Lekau,T Legaabile,4,0,4
Botswana,6,L Mophakedi,B Lekau,T Legaabile,0,1,1
Botswana,6,L Mophakedi,B Lekau,T Legaabile,0,0,0
Botswana,6,L Mophakedi,B Lekau,T Legaabile,0,0,0
Botswana,7,T Legaabile,T Ramabitsa,L Mophakedi,1,0,1
Botswana,7,L Mophakedi,T Ramabitsa,T Legaabile,0,0,0
Botswana,7,L Mophakedi,T Ramabitsa,T Legaabile,1,0,1
Botswana,7,T Legaabile,T Ramabitsa,L Mophakedi,1,0,1
Botswana,7,L Mophakedi,T Ramabitsa,T Legaabile,0,1,1
Botswana,7,L Mophakedi,T Ramabitsa,T Legaabile,0,0,0
Botswana,7,L Mophakedi,T Ramabitsa,T Legaabile,0,0,0
Botswana,8,T Legaabile,B Phelenyane,L Mophakedi,1,0,1
Botswana,8,L Mophakedi,B Phelenyane,T Legaabile,0,0,0
Botswana,8,L Mophakedi,B Phelenyane,T Legaabile,1,0,1
Botswana,8,T Legaabile,B Phelenyane,L Mophakedi,1,0,1
Botswana,8,L Mophakedi,B Phelenyane,T Legaabile,1,0,1
Botswana,8,T Legaabile,B Phelenyane,L Mophakedi,0,0,0
Botswana,9,L Mophakedi,R Khasana,T Legaabile,2,0,2
Botswana,9,L Mophakedi,R Khasana,T Legaabile,4,0,4
Botswana,9,L Mophakedi,R Khasana,T Legaabile,1,0,1
Botswana,9,T Legaabile,R Khasana,L Mophakedi,0,0,0
Botswana,9,T Legaabile,R Khasana,L Mophakedi,2,0,2
Botswana,9,T Legaabile,R Khasana,L Mophakedi,0,1,1
Botswana,9,T Legaabile,R Khasana,L Mophakedi,0,0,0
Botswana,10,L Mophakedi,B Phelenyane,T Legaabile,1,0,1
Botswana,10,T Legaabile,B Phelenyane,L Mophakedi,0,0,0
Botswana,10,T Legaabile,B Phelenyane,L Mophakedi,0,0,0
Botswana,10,T Legaabile,B Phelenyane,L Mophakedi,2,0,2
Botswana,10,T Legaabile,B Phelenyane,L Mophakedi,0,1,1
Botswana,10,T Legaabile,B Phelenyane,L Mophakedi,0,1,1
Botswana,10,L Mophakedi,B Phelenyane,T Legaabile,0,0,0
Botswana,11,T Legaabile,R Khasana,L Mophakedi,1,0,1
Botswana,11,L Mophakedi,R Khasana,T Legaabile,4,0,4
Botswana,11,L Mophakedi,R Khasana,T Legaabile,0,1,1
Botswana,11,L Mophakedi,R Khasana,T Legaabile,0,0,0
Botswana,11,G Matome,R Khasana,T Legaabile,0,0,0
Botswana,11,G Matome,R Khasana,T Legaabile,0,0,0
Botswana,11,G Matome,R Khasana,T Legaabile,0,0,0
Botswana,12,T Legaabile,B Lekau,G Matome,0,1,1
Botswana,12,T Legaabile,B Lekau,G Matome,0,0,0
Botswana,12,T Legaabile,B Lekau,G Matome,0,0,0
Botswana,12,T Legaabile,B Lekau,G Matome,0,1,1
Botswana,12,T Legaabile,B Lekau,G Matome,2,0,2
Botswana,12,T Legaabile,B Lekau,G Matome,0,0,0
Botswana,12,T Legaabile,B Lekau,G Matome,0,0,0
Botswana,12,T Legaabile,B Lekau,G Matome,0,0,0
Botswana,13,G Matome,R Khasana,T Legaabile,4,0,4
Botswana,13,G Matome,R Khasana,T Legaabile,0,2,2
Botswana,13,G Matome,R Khasana,T Legaabile,0,0,0
Botswana,13,G Matome,R Khasana,T Legaabile,0,0,0
Botswana,13,G Matome,R Khasana,T Legaabile,1,0,1
Botswana,13,T Legaabile,R Khasana,G Matome,1,0,1
Botswana,14,T Legaabile,B Phelenyane,G Matome,0,0,0
Botswana,14,T Legaabile,B Phelenyane,G Matome,1,0,1
Botswana,14,G Matome,B Phelenyane,T Legaabile,0,1,1
Botswana,14,G Matome,B Phelenyane,T Legaabile,0,0,0
Botswana,14,G Matome,B Phelenyane,T Legaabile,0,0,0
Botswana,14,G Matome,B Phelenyane,T Legaabile,2,0,2
Botswana,14,G Matome,B Phelenyane,T Legaabile,4,0,4
Botswana,15,T Legaabile,T Ramabitsa,G Matome,1,0,1
Botswana,15,G Matome,T Ramabitsa,T Legaabile,1,0,1
Botswana,15,T Legaabile,T Ramabitsa,G Matome,0,1,1
Botswana,15,T Legaabile,T Ramabitsa,G Matome,0,1,1
Botswana,15,T Legaabile,T Ramabitsa,G Matome,1,0,1
Botswana,15,G Matome,T Ramabitsa,T Legaabile,1,0,1
Botswana,15,T Legaabile,T Ramabitsa,G Matome,0,0,0
Botswana,15,T Legaabile,T Ramabitsa,G Matome,4,0,4
Botswana,16,G Matome,T Koloi,T Legaabile,4,0,4
Botswana,16,G Matome,T Koloi,T Legaabile,0,1,1
Botswana,16,G Matome,T Koloi,T Legaabile,2,0,2
Botswana,16,G Matome,T Koloi,T Legaabile,0,0,0
Botswana,16,G Matome,T Koloi,T Legaabile,1,0,1
Botswana,16,T Legaabile,T Koloi,G Matome,0,1,1
Botswana,16,T Legaabile,T Koloi,G Matome,0,1,1
Botswana,16,T Legaabile,T Koloi,G Matome,0,0,0
Botswana,16,T Legaabile,T Koloi,G Matome,1,0,1
Botswana,17,T Legaabile,R Khasana,G Matome,4,0,4
Botswana,17,T Legaabile,R Khasana,G Matome,2,0,2
Botswana,17,T Legaabile,R Khasana,G Matome,1,0,1
Botswana,17,G Matome,R Khasana,T Legaabile,2,0,2
Botswana,17,G Matome,R Khasana,T Legaabile,1,0,1
Botswana,17,T Legaabile,R Khasana,G Matome,0,0,0
Botswana,18,G Matome,T Ramabitsa,T Legaabile,0,0,0
Botswana,18,G Matome,T Ramabitsa,T Legaabile,0,0,0
Botswana,18,G Matome,T Ramabitsa,T Legaabile,2,0,2
Botswana,18,G Matome,T Ramabitsa,T Legaabile,1,0,1
Botswana,18,T Legaabile,T Ramabitsa,G Matome,0,1,1
Botswana,18,T Legaabile,T Ramabitsa,G Matome,1,0,1
Botswana,18,G Matome,T Ramabitsa,T Legaabile,0,0,0
Botswana,19,T Legaabile,M Matobole,G Matome,0,1,1
Botswana,19,T Legaabile,M Matobole,G Matome,0,0,0
Botswana,19,T Legaabile,M Matobole,G Matome,0,0,0
Botswana,19,T Legaabile,M Matobole,G Matome,1,0,1
Botswana,19,G Matome,M Matobole,T Legaabile,0,0,0
Botswana,19,G Matome,M Matobole,T Legaabile,2,0,2
Botswana,19,G Matome,M Matobole,T Legaabile,4,0,4
Lesotho,0,T Kobeli,G Matome,T Khabo,0,0,0
Lesotho,0,T Kobeli,G Matome,T Khabo,0,0,0
Lesotho,0,T Kobeli,G Matome,T Khabo,0,0,0
Lesotho,0,T Kobeli,G Matome,T Khabo,0,0,0
Lesotho,0,T Kobeli,G Matome,T Khabo,0,0,0
Lesotho,0,T Kobeli,G Matome,T Khabo,0,0,0
Lesotho,1,T Khabo,A Mokgotlhe,T Kobeli,0,1,1
Lesotho,1,T Khabo,A Mokgotlhe,T Kobeli,2,0,2
Lesotho,1,T Khabo,A Mokgotlhe,T Kobeli,0,1,1
Lesotho,1,T Khabo,A Mokgotlhe,T Kobeli,0,1,1
Lesotho,1,T Khabo,A Mokgotlhe,T Kobeli,0,0,0
Lesotho,1,T Khabo,A Mokgotlhe,T Kobeli,0,0,0
Lesotho,1,T Khabo,A Mokgotlhe,T Kobeli,0,0,0
Lesotho,1,T Khabo,A Mokgotlhe,T Kobeli,0,1,1
Lesotho,1,T Khabo,A Mokgotlhe,T Kobeli,0,0,0
Lesotho,1,T Khabo,A Mokgotlhe,T Kobeli,0,1,1
Lesotho,1,T Khabo,A Mokgotlhe,T Kobeli,1,0,1
Lesotho,2,T Khabo,G Matome,T Kobeli,0,0,0
Lesotho,2,T Khabo,G Matome,T Kobeli,0,0,0
Lesotho,2,T Khabo,G Matome,T Kobeli,0,0,0
Lesotho,2,T Khabo,G Matome,T Kobeli,0,1,1
Lesotho,2,T Khabo,G Matome,T Kobeli,0,0,0
Lesotho,2,T Khabo,G Matome,T Kobeli,0,0,0
Lesotho,2,T Khabo,G Matome,T Kobeli,0,0,0
Lesotho,3,T Kobeli,T Legaabile,T Khabo,0,0,0
Lesotho,3,T Kobeli,T Legaabile,T Khabo,0,0,0
Lesotho,3,T Ramabitsa,T Legaabile,T Khabo,0,0,0
Lesotho,3,T Ramabitsa,T Legaabile,T Khabo,0,0,0
Lesotho,3,M Tsarsi,T Legaabile,T Khabo,1,0,1
Lesotho,3,T Khabo,T Legaabile,M Tsarsi,0,0,0
Lesotho,4,M Tsarsi,G Matome,T Khabo,0,0,0
Lesotho,4,M Tsarsi,G Matome,T Khabo,0,0,0
Lesotho,4,M Tsarsi,G Matome,T Khabo,0,0,0
Lesotho,4,P Pheko,G Matome,T Khabo,0,0,0
Lesotho,4,P Pheko,G Matome,T Khabo,1,0,1
Lesotho,4,T Khabo,G Matome,P Pheko,0,0,0
Lesotho,5,P Pheko,T Legaabile,T Khabo,0,0,0
Lesotho,5,P Pheko,T Legaabile,T Khabo,0,0,0
Lesotho,5,P Pheko,T Legaabile,T Khabo,0,0,0
Lesotho,5,P Pheko,T Legaabile,T Khabo,0,0,0
Lesotho,5,P Pheko,T Legaabile,T Khabo,0,2,2
Lesotho,5,P Pheko,T Legaabile,T Khabo,0,0,0
Lesotho,6,T Khabo,B Mpedi,P Pheko,0,0,0
Lesotho,6,T Khabo,B Mpedi,P Pheko,0,0,0
Lesotho,6,B Phelenyane,B Mpedi,P Pheko,0,0,0
Lesotho,6,T Koloi,B Mpedi,P Pheko,0,0,0
Lesotho,6,B Lekau,B Mpedi,P Pheko,0,0,0
Lesotho,6,B Lekau,B Mpedi,P Pheko,0,0,0
Lesotho,7,P Pheko,T Legaabile,B Lekau,0,0,0
Lesotho,7,P Pheko,T Legaabile,B Lekau,0,0,0
Lesotho,7,P Pheko,T Legaabile,B Lekau,0,0,0
Lesotho,7,P Pheko,T Legaabile,B Lekau,1,0,1
Lesotho,7,B Lekau,T Legaabile,P Pheko,0,0,0
Lesotho,7,B Lekau,T Legaabile,P Pheko,0,0,0
Lesotho,8,P Pheko,B Mpedi,B Lekau,0,0,0
Lesotho,8,P Pheko,B Mpedi,B Lekau,0,0,0
Lesotho,8,P Pheko,B Mpedi,B Lekau,0,1,1
Lesotho,8,P Pheko,B Mpedi,B Lekau,0,0,0
Lesotho,8,P Pheko,B Mpedi,B Lekau,0,5,5
Lesotho,8,P Pheko,B Mpedi,B Lekau,0,0,0
Lesotho,8,P Pheko,B Mpedi,B Lekau,0,1,1
Lesotho,8,P Pheko,B Mpedi,B Lekau,0,0,0
Lesotho,8,P Pheko,B Mpedi,B Lekau,0,0,0
Lesotho,9,B Lekau,S Mosweu,M Moalosi,0,0,0
Lesotho,9,B Lekau,S Mosweu,M Moalosi,0,1,1
Lesotho,9,B Lekau,S Mosweu,M Moalosi,0,1,1
Lesotho,9,B Lekau,S Mosweu,M Moalosi,0,0,0
Lesotho,9,B Lekau,S Mosweu,M Moalosi,0,1,1
Lesotho,9,B Lekau,S Mosweu,M Moalosi,0,0,0
Lesotho,9,B Lekau,S Mosweu,M Moalosi,1,0,1
Lesotho,9,M Moalosi,S Mosweu,B Lekau,0,2,2
Lesotho,9,M Moalosi,S Mosweu,B Lekau,0,1,1
Lesotho,9,M Moalosi,S Mosweu,B Lekau,0,1,1
Lesotho,9,M Moalosi,S Mosweu,B Lekau,1,0,1
Lesotho,10,M Moalosi,M Ramafifi,B Lekau,0,0,0
Lesotho,10,M Moalosi,M Ramafifi,B Lekau,1,0,1
Lesotho,10,B Lekau,M Ramafifi,M Moalosi,0,0,0
Lesotho,10,B Lekau,M Ramafifi,M Moalosi,0,1,1
Lesotho,10,B Lekau,M Ramafifi,M Moalosi,0,0,0
Lesotho,10,B Lekau,M Ramafifi,M Moalosi,0,0,0
Lesotho,10,B Lekau,M Ramafifi,M Moalosi,0,0,0
Lesotho,11,M Moalosi,S Mosweu,B Lekau,1,0,1
Lesotho,11,B Lekau,S Mosweu,M Moalosi,1,0,1
Lesotho,11,M Moalosi,S Mosweu,B Lekau,0,0,0
Lesotho,11,M Moalosi,S Mosweu,B Lekau,1,0,1
Lesotho,11,R Khasana,S Mosweu,M Moalosi,0,1,1
Lesotho,11,R Khasana,S Mosweu,M Moalosi,0,0,0
Lesotho,11,R Khasana,S Mosweu,M Moalosi,0,0,0
Lesotho,12,M Moalosi,M Ramafifi,R Khasana,0,0,0
Lesotho,12,M Moalosi,M Ramafifi,R Khasana,0,0,0
Lesotho,12,M Moalosi,M Ramafifi,R Khasana,0,0,0
Lesotho,12,M Moalosi,M Ramafifi,R Khasana,0,0,0
Lesotho,12,M Moalosi,M Ramafifi,R Khasana,1,0,1
Lesotho,12,R Khasana,M Ramafifi,M Moalosi,0,0,0
Lesotho,13,M Moalosi,O Keitsemang,R Khasana,0,0,0
Lesotho,13,M Moalosi,O Keitsemang,R Khasana,0,0,0
Lesotho,13,M Moalosi,O Keitsemang,R Khasana,0,0,0
Lesotho,13,M Moalosi,O Keitsemang,R Khasana,1,0,1
Lesotho,13,R Khasana,O Keitsemang,M Moalosi,0,0,0
Lesotho,13,R Khasana,O Keitsemang,M Moalosi,1,0,1
Lesotho,14,R Khasana,B Mpedi,M Moalosi,0,1,1
Lesotho,14,R Khasana,B Mpedi,M Moalosi,0,0,0
Lesotho,14,R Khasana,B Mpedi,M Moalosi,0,0,0
Lesotho,14,M Matobole,B Mpedi,M Moalosi,0,0,0
