Team,Over,Batter,Bowler,Non_Striker,Batter_Runs,Extras,Total_Runs
Sierra Leone,0,M Sankoh,S Hussein,Adama Kamara,2,0,2
Sierra Leone,0,M Sankoh,S Hussein,Adama Kamara,0,0,0
Sierra Leone,0,M Sankoh,S Hussein,Adama Kamara,2,0,2
Sierra Leone,0,M Sankoh,S Hussein,Adama Kamara,0,0,0
Sierra Leone,0,M Sankoh,S Hussein,Adama Kamara,1,1,2
Sierra Leone,0,Adama Kamara,S Hussein,M Sankoh,0,0,0
Sierra Leone,0,Adama Kamara,S Hussein,M Sankoh,4,0,4
Sierra Leone,1,M Sankoh,B Ndipo,Adama Kamara,0,1,1
Sierra Leone,1,M Sankoh,B Ndipo,Adama Kamara,0,0,0
Sierra Leone,1,M Sankoh,B Ndipo,Adama Kamara,1,0,1
Sierra Leone,1,Adama Kamara,B Ndipo,M Sankoh,0,0,0
Sierra Leone,1,Adama Kamara,B Ndipo,M Sankoh,1,0,1
Sierra Leone,1,M Sankoh,B Ndipo,Adama Kamara,0,1,1
Sierra Leone,1,Adama Kamara,B Ndipo,M Sankoh,1,0,1
Sierra Leone,1,M Sankoh,B Ndipo,Adama Kamara,0,0,0
Sierra Leone,2,Adama Kamara,S Hussein,M Sankoh,0,0,0
Sierra Leone,2,Adama Kamara,S Hussein,M Sankoh,0,1,1
Sierra Leone,2,Adama Kamara,S Hussein,M Sankoh,4,0,4
Sierra Leone,2,Adama Kamara,S Hussein,M Sankoh,1,0,1
Sierra Leone,2,M Sankoh,S Hussein,Adama Kamara,0,0,0
Sierra Leone,2,M Sankoh,S Hussein,Adama Kamara,0,0,0
Sierra Leone,2,M Sankoh,S Hussein,Adama Kamara,0,0,0
Sierra Leone,3,Adama Kamara,B Ndipo,M Sankoh,0,0,0
Sierra Leone,3,Adama Kamara,B Ndipo,M Sankoh,1,0,1
Sierra Leone,3,M Sankoh,B Ndipo,Adama Kamara,0,1,1
Sierra Leone,3,M Sankoh,B Ndipo,Adama Kamara,0,0,0
Sierra Leone,3,M Sankoh,B Ndipo,Adama Kamara,0,0,0
Sierra Leone,3,M Sankoh,B Ndipo,Adama Kamara,0,0,0
Sierra Leone,3,M Sankoh,B Ndipo,Adama Kamara,0,1,1
Sierra Leone,3,M Sankoh,B Ndipo,Adama Kamara,0,0,0
Sierra Leone,4,Adama Kamara,T Luka,M Sankoh,1,0,1
Sierra Leone,4,M Sankoh,T Luka,Adama Kamara,0,0,0
Sierra Leone,4,M Sankoh,T Luka,Adama Kamara,0,0,0
Sierra Leone,4,Aminata Kamara,T Luka,Adama Kamara,0,1,1
Sierra Leone,4,Aminata Kamara,T Luka,Adama Kamara,0,0,0
Sierra Leone,4,Aminata Kamara,T Luka,Adama Kamara,4,0,4
Sierra Leone,4,Aminata Kamara,T Luka,Adama Kamara,0,0,0
Sierra Leone,5,Adama Kamara,M Mabvuka,Aminata Kamara,0,1,1
Sierra Leone,5,Adama Kamara,M Mabvuka,Aminata Kamara,0,0,0
Sierra Leone,5,Aminata Kamara,M Mabvuka,Adama Kamara,4,0,4
Sierra Leone,5,Aminata Kamara,M Mabvuka,Adama Kamara,1,0,1
Sierra Leone,5,Adama Kamara,M Mabvuka,Aminata Kamara,1,0,1
Sierra Leone,5,Aminata Kamara,M Mabvuka,Adama Kamara,1,1,2
Sierra Leone,5,Adama Kamara,M Mabvuka,Aminata Kamara,0,0,0
Sierra Leone,5,Adama Kamara,M Mabvuka,Aminata Kamara,2,0,2
Sierra Leone,6,Aminata Kamara,T Luka,Adama Kamara,0,0,0
Sierra Leone,6,Aminata Kamara,T Luka,Adama Kamara,1,0,1
Sierra Leone,6,Adama Kamara,T Luka,Aminata Kamara,1,0,1
Sierra Leone,6,Aminata Kamara,T Luka,Adama Kamara,1,0,1
Sierra Leone,6,Adama Kamara,T Luka,Aminata Kamara,0,1,1
Sierra Leone,6,Adama Kamara,T Luka,Aminata Kamara,0,0,0
Sierra Leone,6,Adama Kamara,T Luka,Aminata Kamara,0,1,1
Sierra Leone,6,Adama Kamara,T Luka,Aminata Kamara,1,0,1
Sierra Leone,7,Adama Kamara,M Mabvuka,Aminata Kamara,0,1,1
Sierra Leone,7,Adama Kamara,M Mabvuka,Aminata Kamara,2,0,2
Sierra Leone,7,Adama Kamara,M Mabvuka,Aminata Kamara,0,0,0
Sierra Leone,7,AM Kamara,M Mabvuka,Aminata Kamara,1,0,1
Sierra Leone,7,Aminata Kamara,M Mabvuka,AM Kamara,0,1,1
Sierra Leone,7,Aminata Kamara,M Mabvuka,AM Kamara,4,0,4
Sierra Leone,7,Aminata Kamara,M Mabvuka,AM Kamara,0,1,1
Sierra Leone,7,Aminata Kamara,M Mabvuka,AM Kamara,0,0,0
Sierra Leone,7,Aminata Kamara,M Mabvuka,AM Kamara,0,0,0
Sierra Leone,8,AM Kamara,D Dzimau,Aminata Kamara,0,0,0
Sierra Leone,8,AM Kamara,D Dzimau,Aminata Kamara,0,0,0
Sierra Leone,8,AM Kamara,D Dzimau,Aminata Kamara,0,0,0
Sierra Leone,8,AM Kamara,D Dzimau,Aminata Kamara,4,0,4
Sierra Leone,8,AM Kamara,D Dzimau,Aminata Kamara,1,0,1
Sierra Leone,8,Aminata Kamara,D Dzimau,AM Kamara,0,1,1
Sierra Leone,8,Aminata Kamara,D Dzimau,AM Kamara,0,0,0
Sierra Leone,9,AM Kamara,V Phiri,Aminata Kamara,0,1,1
Sierra Leone,9,AM Kamara,V Phiri,Aminata Kamara,0,0,0
Sierra Leone,9,AM Kamara,V Phiri,Aminata Kamara,1,0,1
Sierra Leone,9,Aminata Kamara,V Phiri,AM Kamara,1,0,1
Sierra Leone,9,AM Kamara,V Phiri,Aminata Kamara,1,0,1
Sierra Leone,9,Aminata Kamara,V Phiri,AM Kamara,0,0,0
Sierra Leone,9,Aminata Kamara,V Phiri,AM Kamara,1,0,1
Sierra Leone,10,Aminata Kamara,D Dzimau,AM Kamara,4,0,4
Sierra Leone,10,Aminata Kamara,D Dzimau,AM Kamara,0,0,0
Sierra Leone,10,Aminata Kamara,D Dzimau,AM Kamara,1,0,1
Sierra Leone,10,AM Kamara,D Dzimau,Aminata Kamara,2,0,2
Sierra Leone,10,AM Kamara,D Dzimau,Aminata Kamara,0,1,1
Sierra Leone,10,AM Kamara,D Dzimau,Aminata Kamara,0,0,0
Sierra Leone,10,AM Kamara,D Dzimau,Aminata Kamara,1,0,1
Sierra Leone,11,AM Kamara,V Phiri,Aminata Kamara,0,0,0
Sierra Leone,11,AM Kamara,V Phiri,Aminata Kamara,0,0,0
Sierra Leone,11,AM Kamara,V Phiri,Aminata Kamara,1,0,1
Sierra Leone,11,Aminata Kamara,V Phiri,AM Kamara,1,0,1
Sierra Leone,11,AM Kamara,V Phiri,Aminata Kamara,4,0,4
Sierra Leone,11,AM Kamara,V Phiri,Aminata Kamara,0,0,0
Sierra Leone,12,Aminata Kamara,S Hussein,AM Kamara,0,0,0
Sierra Leone,12,Aminata Kamara,S Hussein,AM Kamara,1,0,1
Sierra Leone,12,AM Kamara,S Hussein,Aminata Kamara,4,0,4
Sierra Leone,12,AM Kamara,S Hussein,Aminata Kamara,0,0,0
Sierra Leone,12,AM Kamara,S Hussein,Aminata Kamara,1,0,1
Sierra Leone,12,Aminata Kamara,S Hussein,AM Kamara,4,0,4
Sierra Leone,13,AM Kamara,B Ndipo,Aminata Kamara,0,3,3
Sierra Leone,13,AM Kamara,B Ndipo,Aminata Kamara,1,0,1
Sierra Leone,13,Aminata Kamara,B Ndipo,AM Kamara,1,0,1
Sierra Leone,13,AM Kamara,B Ndipo,Aminata Kamara,0,1,1
Sierra Leone,13,Aminata Kamara,B Ndipo,AM Kamara,1,0,1
Sierra Leone,13,AM Kamara,B Ndipo,Aminata Kamara,0,0,0
Sierra Leone,13,AM Kamara,B Ndipo,Aminata Kamara,2,0,2
Sierra Leone,14,Aminata Kamara,T Luka,AM Kamara,0,1,1
Sierra Leone,14,Aminata Kamara,T Luka,AM Kamara,1,0,1
Sierra Leone,14,AM Kamara,T Luka,Aminata Kamara,0,0,0
Sierra Leone,14,AM Kamara,T Luka,Aminata Kamara,2,0,2
Sierra Leone,14,AM Kamara,T Luka,Aminata Kamara,4,0,4
Sierra Leone,14,AM Kamara,T Luka,Aminata Kamara,2,0,2
Sierra Leone,14,AM Kamara,T Luka,Aminata Kamara,0,0,0
Sierra Leone,15,Aminata Kamara,D Dzimau,AM Kamara,0,0,0
Sierra Leone,15,Aminata Kamara,D Dzimau,AM Kamara,1,0,1
Sierra Leone,15,AM Kamara,D Dzimau,Aminata Kamara,0,2,2
Sierra Leone,15,Aminata Kamara,D Dzimau,AM Kamara,1,0,1
Sierra Leone,15,AM Kamara,D Dzimau,Aminata Kamara,1,0,1
Sierra Leone,15,Aminata Kamara,D Dzimau,AM Kamara,0,0,0
Sierra Leone,15,Aminata Kamara,D Dzimau,AM Kamara,2,0,2
Sierra Leone,16,AM Kamara,S Dzimau,Aminata Kamara,2,0,2
Sierra Leone,16,AM Kamara,S Dzimau,Aminata Kamara,2,0,2
Sierra Leone,16,AM Kamara,S Dzimau,Aminata Kamara,0,1,1
Sierra Leone,16,AM Kamara,S Dzimau,Aminata Kamara,1,0,1
Sierra Leone,16,Aminata Kamara,S Dzimau,AM Kamara,0,0,0
Sierra Leone,16,Aminata Kamara,S Dzimau,AM Kamara,0,0,0
Sierra Leone,16,Aminata Kamara,S Dzimau,AM Kamara,0,1,1
Sierra Leone,16,Aminata Kamara,S Dzimau,AM Kamara,0,1,1
Sierra Leone,17,Aminata Kamara,B Ndipo,AM Kamara,0,0,0
Sierra Leone,17,Aminata Kamara,B Ndipo,AM Kamara,0,0,0
Sierra Leone,17,Aminata Kamara,B Ndipo,AM Kamara,1,0,1
Sierra Leone,17,AM Kamara,B Ndipo,Aminata Kamara,1,0,1
Sierra Leone,17,Aminata Kamara,B Ndipo,AM Kamara,1,0,1
Sierra Leone,17,AM Kamara,B Ndipo,Aminata Kamara,1,0,1
Sierra Leone,18,AM Kamara,V Phiri,Aminata Kamara,1,0,1
Sierra Leone,18,Aminata Kamara,V Phiri,AM Kamara,2,0,2
Sierra Leone,18,Aminata Kamara,V Phiri,AM Kamara,0,0,0
Sierra Leone,18,Aminata Kamara,V Phiri,AM Kamara,0,0,0
Sierra Leone,18,Aminata Kamara,V Phiri,AM Kamara,4,0,4
Sierra Leone,18,Aminata Kamara,V Phiri,AM Kamara,0,0,0
Sierra Leone,19,AM Kamara,S Hussein,Aminata Kamara,0,1,1
Sierra Leone,19,AM Kamara,S Hussein,Aminata Kamara,2,0,2
Sierra Leone,19,AM Kamara,S Hussein,Aminata Kamara,2,0,2
Sierra Leone,19,AM Kamara,S Hussein,Aminata Kamara,0,0,0
Sierra Leone,19,L Bull,S Hussein,Aminata Kamara,1,0,1
Sierra Leone,19,Aminata Kamara,S Hussein,L Bull,0,1,1
Sierra Leone,19,Aminata Kamara,S Hussein,L Bull,0,0,0
Sierra Leone,19,Aminata Kamara,S Hussein,L Bull,2,0,2
Sierra Leone,19,Aminata Kamara,S Hussein,L Bull,1,0,1
Malawi,0,M Mabvuka,Z Kamara,T Tereza,0,0,0
Malawi,0,M Mabvuka,Z Kamara,T Tereza,0,0,0
Malawi,0,M Mabvuka,Z Kamara,T Tereza,0,0,0
Malawi,0,M Mabvuka,Z Kamara,T Tereza,0,1,1
Malawi,0,M Mabvuka,Z Kamara,T Tereza,0,1,1
Malawi,0,M Mabvuka,Z Kamara,T Tereza,0,0,0
Malawi,0,M Mabvuka,Z Kamara,T Tereza,0,0,0
Malawi,0,M Mabvuka,Z Kamara,T Tereza,0,1,1
Malawi,0,M Mabvuka,Z Kamara,T Tereza,0,0,0
Malawi,1,T Tereza,J Kowa,T Luka,0,0,0
Malawi,1,T Tereza,J Kowa,T Luka,0,1,1
Malawi,1,T Luka,J Kowa,T Tereza,1,0,1
Malawi,1,T Tereza,J Kowa,T Luka,0,0,0
Malawi,1,T Tereza,J Kowa,T Luka,0,0,0
Malawi,1,T Tereza,J Kowa,T Luka,0,1,1
Malawi,1,T Tereza,J Kowa,T Luka,0,0,0
Malawi,2,T Luka,Z Kamara,T Tereza,0,1,1
Malawi,2,T Luka,Z Kamara,T Tereza,0,0,0
Malawi,2,T Luka,Z Kamara,T Tereza,0,0,0
Malawi,2,T Luka,Z Kamara,T Tereza,0,0,0
Malawi,2,T Luka,Z Kamara,T Tereza,0,0,0
Malawi,2,T Luka,Z Kamara,T Tereza,1,0,1
Malawi,2,T Tereza,Z Kamara,T Luka,0,0,0
Malawi,3,T Luka,J Kowa,T Tereza,0,0,0
Malawi,3,T Luka,J Kowa,T Tereza,0,0,0
Malawi,3,T Luka,J Kowa,T Tereza,0,0,0
Malawi,3,T Luka,J Kowa,T Tereza,0,0,0
Malawi,3,T Luka,J Kowa,T Tereza,0,0,0
Malawi,3,T Luka,J Kowa,T Tereza,0,0,0
Malawi,4,T Tereza,Z Kamara,M Dailesi,0,0,0
Malawi,4,T Tereza,Z Kamara,M Dailesi,1,0,1
Malawi,4,M Dailesi,Z Kamara,T Tereza,0,0,0
Malawi,4,M Dailesi,Z Kamara,T Tereza,0,0,0
Malawi,4,M Dailesi,Z Kamara,T Tereza,0,0,0
Malawi,4,M Dailesi,Z Kamara,T Tereza,0,0,0
Malawi,5,T Tereza,J Kowa,M Dailesi,0,1,1
Malawi,5,T Tereza,J Kowa,M Dailesi,0,0,0
Malawi,5,T Tereza,J Kowa,M Dailesi,0,0,0
Malawi,5,T Tereza,J Kowa,M Dailesi,0,0,0
Malawi,5,T Tereza,J Kowa,M Dailesi,0,0,0
Malawi,5,T Tereza,J Kowa,M Dailesi,0,1,1
Malawi,5,T Tereza,J Kowa,M Dailesi,0,0,0
Malawi,5,T Tereza,J Kowa,M Dailesi,2,0,2
Malawi,6,M Dailesi,Z Kamara,T Tereza,0,0,0
Malawi,6,M Dailesi,Z Kamara,T Tereza,0,0,0
Malawi,6,S Hussein,Z Kamara,T Tereza,0,0,0
Malawi,6,S Hussein,Z Kamara,T Tereza,0,0,0
Malawi,6,S Hussein,Z Kamara,T Tereza,1,0,1
Malawi,6,T Tereza,Z Kamara,S Hussein,0,1,1
Malawi,6,T Tereza,Z Kamara,S Hussein,0,1,1
Malawi,6,T Tereza,Z Kamara,S Hussein,0,0,0
Malawi,7,S Hussein,J Kowa,T Tereza,0,4,4
Malawi,7,S Hussein,J Kowa,T Tereza,0,0,0
Malawi,7,S Hussein,J Kowa,T Tereza,0,0,0
Malawi,7,S Hussein,J Kowa,T Tereza,0,0,0
Malawi,7,S Hussein,J Kowa,T Tereza,1,0,1
Malawi,7,T Tereza,J Kowa,S Hussein,0,0,0
Malawi,8,S Hussein,Aminata Kamara,T Tereza,0,0,0
Malawi,8,S Hussein,Aminata Kamara,T Tereza,4,0,4
Malawi,8,S Hussein,Aminata Kamara,T Tereza,2,0,2
Malawi,8,S Hussein,Aminata Kamara,T Tereza,0,0,0
Malawi,8,S Hussein,Aminata Kamara,T Tereza,0,0,0
Malawi,8,S Hussein,Aminata Kamara,T Tereza,0,0,0
Malawi,9,T Tereza,AM Kamara,S Hussein,4,0,4
Malawi,9,T Tereza,AM Kamara,S Hussein,1,0,1
Malawi,9,S Hussein,AM Kamara,T Tereza,0,1,1
Malawi,9,S Hussein,AM Kamara,T Tereza,0,0,0
Malawi,9,S Hussein,AM Kamara,T Tereza,0,0,0
Malawi,9,S Hussein,AM Kamara,T Tereza,0,0,0
Malawi,9,S Hussein,AM Kamara,T Tereza,4,0,4
Malawi,10,T Tereza,Aminata Kamara,S Hussein,1,0,1
Malawi,10,S Hussein,Aminata Kamara,T Tereza,0,0,0
Malawi,10,S Hussein,Aminata Kamara,T Tereza,0,0,0
Malawi,10,S Hussein,Aminata Kamara,T Tereza,0,1,1
Malawi,10,T Tereza,Aminata Kamara,S Hussein,1,0,1
Malawi,10,S Hussein,Aminata Kamara,T Tereza,1,0,1
Malawi,11,S Hussein,Adama Kamara,T Tereza,0,0,0
Malawi,11,S Hussein,Adama Kamara,T Tereza,0,2,2
Malawi,11,S Hussein,Adama Kamara,T Tereza,2,0,2
Malawi,11,S Hussein,Adama Kamara,T Tereza,0,0,0
Malawi,11,S Hussein,Adama Kamara,T Tereza,1,0,1
Malawi,11,T Tereza,Adama Kamara,S Hussein,0,0,0
Malawi,12,S Hussein,Aminata Kamara,T Tereza,0,1,1
Malawi,12,T Tereza,Aminata Kamara,S Hussein,0,0,0
Malawi,12,T Tereza,Aminata Kamara,S Hussein,0,1,1
Malawi,12,T Tereza,Aminata Kamara,S Hussein,0,0,0
Malawi,12,T Tereza,Aminata Kamara,S Hussein,0,0,0
Malawi,12,T Tereza,Aminata Kamara,S Hussein,1,0,1
Malawi,12,S Hussein,Aminata Kamara,T Tereza,1,0,1
Malawi,13,S Hussein,Adama Kamara,T Tereza,0,4,4
Malawi,13,S Hussein,Adama Kamara,T Tereza,4,0,4
Malawi,13,S Hussein,Adama Kamara,T Tereza,0,0,0
Malawi,13,S Hussein,Adama Kamara,T Tereza,0,0,0
Malawi,13,S Dzimau,Adama Kamara,T Tereza,1,0,1
Malawi,13,T Tereza,Adama Kamara,S Dzimau,1,0,1
Malawi,14,T Tereza,Aminata Kamara,S Dzimau,0,0,0
Malawi,14,T Tereza,Aminata Kamara,S Dzimau,0,0,0
Malawi,14,D Ndipo,Aminata Kamara,S Dzimau,0,0,0
Malawi,14,D Ndipo,Aminata Kamara,S Dzimau,4,0,4
Malawi,14,D Ndipo,Aminata Kamara,S Dzimau,0,0,0
Malawi,14,D Ndipo,Aminata Kamara,S Dzimau,1,0,1
Malawi,15,D Ndipo,Adama Kamara,S Dzimau,4,0,4
Malawi,15,D Ndipo,Adama Kamara,S Dzimau,1,0,1
Malawi,15,S Dzimau,Adama Kamara,D Ndipo,0,0,0
Malawi,15,S Dzimau,Adama Kamara,D Ndipo,0,0,0
Malawi,15,S Dzimau,Adama Kamara,D Ndipo,1,0,1
Malawi,15,D Ndipo,Adama Kamara,S Dzimau,0,0,0
Malawi,16,S Dzimau,F Bangur,D Ndipo,1,0,1
Malawi,16,D Ndipo,F Bangur,S Dzimau,1,0,1
Malawi,16,S Dzimau,F Bangur,D Ndipo,0,1,1
Malawi,16,D Ndipo,F Bangur,S Dzimau,0,0,0
Malawi,16,D Ndipo,F Bangur,S Dzimau,2,0,2
Malawi,16,D Ndipo,F Bangur,S Dzimau,0,0,0
Malawi,17,S Dzimau,Adama Kamara,D Ndipo,1,0,1
Malawi,17,D Ndipo,Adama Kamara,S Dzimau,1,0,1
Malawi,17,S Dzimau,Adama Kamara,D Ndipo,1,0,1
Malawi,17,S Dzimau,Adama Kamara,D Ndipo,0,0,0
Malawi,17,S Dzimau,Adama Kamara,D Ndipo,2,0,2
Malawi,17,S Dzimau,Adama Kamara,D Ndipo,0,0,0
Malawi,18,D Ndipo,F Bangur,S Dzimau,0,0,0
Malawi,18,D Ndipo,F Bangur,S Dzimau,0,1,1
Malawi,18,D Ndipo,F Bangur,S Dzimau,0,0,0
Malawi,18,S Dzimau,F Bangur,D Ndipo,1,0,1
Malawi,18,S Dzimau,F Bangur,D Ndipo,1,0,1
Malawi,18,D Ndipo,F Bangur,S Dzimau,4,0,4
Malawi,18,D Ndipo,F Bangur,S Dzimau,0,0,0
Malawi,19,S Dzimau,AM Kamara,D Ndipo,0,1,1
Malawi,19,S Dzimau,AM Kamara,D Ndipo,0,0,0
Malawi,19,S Dzimau,AM Kamara,D Ndipo,1,0,1
Malawi,19,S Dzimau,AM Kamara,D Ndipo,0,0,0
Malawi,19,D Dzimau,AM Kamara,D Ndipo,0,0,0
Malawi,19,D Dzimau,AM Kamara,D Ndipo,1,0,1
Malawi,19,D Ndipo,AM Kamara,D Dzimau,1,0,1
