Team,Over,Batter,Bowler,Non_Striker,Batter_Runs,Extras,Total_Runs
Sierra Leone,0,M King,SN Shihepo,Adama Kamara,1,0,1
Sierra Leone,0,Adama Kamara,SN Shihepo,M King,0,0,0
Sierra Leone,0,Adama Kamara,SN Shihepo,M King,1,0,1
Sierra Leone,0,M King,SN Shihepo,Adama Kamara,0,1,1
Sierra Leone,0,M King,SN Shihepo,Adama Kamara,0,1,1
Sierra Leone,0,M King,SN Shihepo,Adama Kamara,0,0,0
Sierra Leone,0,M King,SN Shihepo,Adama Kamara,0,1,1
Sierra Leone,0,M King,SN Shihepo,Adama Kamara,0,2,2
Sierra Leone,0,Adama Kamara,SN Shihepo,M King,0,0,0
Sierra Leone,0,Adama Kamara,SN Shihepo,M King,0,0,0
Sierra Leone,1,M King,S Namusha,Adama Kamara,0,0,0
Sierra Leone,1,M King,S Namusha,Adama Kamara,0,0,0
Sierra Leone,1,M King,S Namusha,Adama Kamara,1,0,1
Sierra Leone,1,Adama Kamara,S Namusha,M King,0,0,0
Sierra Leone,1,Adama Kamara,S Namusha,M King,0,0,0
Sierra Leone,1,Adama Kamara,S Namusha,M King,0,0,0
Sierra Leone,2,M King,W Mwatile,Adama Kamara,0,0,0
Sierra Leone,2,M King,W Mwatile,Adama Kamara,0,1,1
Sierra Leone,2,M King,W Mwatile,Adama Kamara,0,0,0
Sierra Leone,2,M King,W Mwatile,Adama Kamara,0,0,0
Sierra Leone,2,M King,W Mwatile,Adama Kamara,0,0,0
Sierra Leone,2,M King,W Mwatile,Adama Kamara,4,0,4
Sierra Leone,2,M King,W Mwatile,Adama Kamara,0,0,0
Sierra Leone,3,Adama Kamara,S Namusha,M King,0,0,0
Sierra Leone,3,Adama Kamara,S Namusha,M King,1,0,1
Sierra Leone,3,M King,S Namusha,Adama Kamara,0,0,0
Sierra Leone,3,M King,S Namusha,Adama Kamara,0,0,0
Sierra Leone,3,M King,S Namusha,Adama Kamara,0,0,0
Sierra Leone,3,M King,S Namusha,Adama Kamara,0,0,0
Sierra Leone,4,Adama Kamara,W Mwatile,M King,0,0,0
Sierra Leone,4,Adama Kamara,W Mwatile,M King,0,1,1
Sierra Leone,4,Adama Kamara,W Mwatile,M King,0,0,0
Sierra Leone,4,M Sankoh,W Mwatile,M King,0,0,0
Sierra Leone,4,Aminata Kamara,W Mwatile,M King,0,1,1
Sierra Leone,4,M King,W Mwatile,Aminata Kamara,0,0,0
Sierra Leone,4,M King,W Mwatile,Aminata Kamara,2,0,2
Sierra Leone,5,Aminata Kamara,S Namusha,M King,0,0,0
Sierra Leone,5,Aminata Kamara,S Namusha,M King,1,0,1
Sierra Leone,5,M King,S Namusha,Aminata Kamara,0,0,0
Sierra Leone,5,M King,S Namusha,Aminata Kamara,0,0,0
Sierra Leone,5,M King,S Namusha,Aminata Kamara,1,0,1
Sierra Leone,5,Aminata Kamara,S Namusha,M King,0,0,0
Sierra Leone,6,M King,W Mwatile,Aminata Kamara,0,0,0
Sierra Leone,6,M King,W Mwatile,Aminata Kamara,0,0,0
Sierra Leone,6,M King,W Mwatile,Aminata Kamara,0,0,0
Sierra Leone,6,M King,W Mwatile,Aminata Kamara,0,0,0
Sierra Leone,6,M King,W Mwatile,Aminata Kamara,1,0,1
Sierra Leone,6,Aminata Kamara,W Mwatile,AM Kamara,0,1,1
Sierra Leone,6,Aminata Kamara,W Mwatile,AM Kamara,0,0,0
Sierra Leone,7,Aminata Kamara,JA Diergaardt,AM Kamara,0,0,0
Sierra Leone,7,Aminata Kamara,JA Diergaardt,AM Kamara,0,0,0
Sierra Leone,7,Aminata Kamara,JA Diergaardt,AM Kamara,2,0,2
Sierra Leone,7,Aminata Kamara,JA Diergaardt,AM Kamara,1,0,1
Sierra Leone,7,AM Kamara,JA Diergaardt,Aminata Kamara,0,0,0
Sierra Leone,7,AM Kamara,JA Diergaardt,Aminata Kamara,1,0,1
Sierra Leone,8,AM Kamara,SN Shihepo,Aminata Kamara,1,0,1
Sierra Leone,8,Aminata Kamara,SN Shihepo,AM Kamara,1,0,1
Sierra Leone,8,AM Kamara,SN Shihepo,Aminata Kamara,1,0,1
Sierra Leone,8,Aminata Kamara,SN Shihepo,AM Kamara,2,0,2
Sierra Leone,8,Aminata Kamara,SN Shihepo,AM Kamara,0,0,0
Sierra Leone,8,Aminata Kamara,SN Shihepo,AM Kamara,0,0,0
Sierra Leone,9,AM Kamara,JA Diergaardt,Aminata Kamara,1,0,1
Sierra Leone,9,Aminata Kamara,JA Diergaardt,AM Kamara,0,0,0
Sierra Leone,9,L Bull,JA Diergaardt,AM Kamara,0,0,0
Sierra Leone,9,L Bull,JA Diergaardt,AM Kamara,1,0,1
Sierra Leone,9,AM Kamara,JA Diergaardt,L Bull,1,0,1
Sierra Leone,9,L Bull,JA Diergaardt,AM Kamara,0,5,5
Sierra Leone,9,L Bull,JA Diergaardt,AM Kamara,1,0,1
Sierra Leone,10,L Bull,SN Shihepo,AM Kamara,0,0,0
Sierra Leone,10,L Bull,SN Shihepo,AM Kamara,0,0,0
Sierra Leone,10,L Bull,SN Shihepo,AM Kamara,0,0,0
Sierra Leone,10,L Bull,SN Shihepo,AM Kamara,0,0,0
Sierra Leone,10,L Bull,SN Shihepo,AM Kamara,1,0,1
Sierra Leone,10,AM Kamara,SN Shihepo,L Bull,0,0,0
Sierra Leone,11,L Bull,KA Green,AM Kamara,1,0,1
Sierra Leone,11,AM Kamara,KA Green,L Bull,0,0,0
Sierra Leone,11,AM Kamara,KA Green,L Bull,1,0,1
Sierra Leone,11,L Bull,KA Green,AM Kamara,0,0,0
Sierra Leone,11,L Bull,KA Green,AM Kamara,0,5,5
Sierra Leone,11,L Bull,KA Green,AM Kamara,0,0,0
Sierra Leone,11,L Bull,KA Green,AM Kamara,0,0,0
Sierra Leone,12,AM Kamara,SN Shihepo,L Bull,1,0,1
Sierra Leone,12,L Bull,SN Shihepo,AM Kamara,0,0,0
Sierra Leone,12,L Bull,SN Shihepo,AM Kamara,0,0,0
Sierra Leone,12,L Bull,SN Shihepo,AM Kamara,1,0,1
Sierra Leone,12,AM Kamara,SN Shihepo,L Bull,0,0,0
Sierra Leone,12,AM Kamara,SN Shihepo,L Bull,1,0,1
Sierra Leone,13,AM Kamara,KA Green,L Bull,1,0,1
Sierra Leone,13,L Bull,KA Green,AM Kamara,0,0,0
Sierra Leone,13,L Bull,KA Green,AM Kamara,1,0,1
Sierra Leone,13,AM Kamara,KA Green,L Bull,2,0,2
Sierra Leone,13,AM Kamara,KA Green,L Bull,1,0,1
Sierra Leone,13,L Bull,KA Green,AM Kamara,1,0,1
Sierra Leone,14,L Bull,D Foerster,AM Kamara,1,0,1
Sierra Leone,14,AM Kamara,D Foerster,L Bull,1,0,1
Sierra Leone,14,L Bull,D Foerster,AM Kamara,1,0,1
Sierra Leone,14,AM Kamara,D Foerster,L Bull,0,1,1
Sierra Leone,14,AM Kamara,D Foerster,L Bull,0,1,1
Sierra Leone,14,AM Kamara,D Foerster,L Bull,4,0,4
Sierra Leone,14,AM Kamara,D Foerster,L Bull,1,0,1
Sierra Leone,14,L Bull,D Foerster,AM Kamara,0,0,0
Sierra Leone,15,AM Kamara,KA Green,L Bull,1,0,1
Sierra Leone,15,L Bull,KA Green,AM Kamara,0,0,0
Sierra Leone,15,L Bull,KA Green,AM Kamara,1,0,1
Sierra Leone,15,AM Kamara,KA Green,L Bull,1,0,1
Sierra Leone,15,L Bull,KA Green,AM Kamara,1,0,1
Sierra Leone,15,AM Kamara,KA Green,L Bull,0,0,0
Sierra Leone,16,L Bull,D Foerster,AM Kamara,1,0,1
Sierra Leone,16,AM Kamara,D Foerster,L Bull,0,0,0
Sierra Leone,16,Z Kamara,D Foerster,L Bull,1,0,1
Sierra Leone,16,L Bull,D Foerster,Z Kamara,0,0,0
Sierra Leone,16,L Bull,D Foerster,Z Kamara,0,0,0
Sierra Leone,16,L Bull,D Foerster,Z Kamara,0,0,0
Sierra Leone,17,Z Kamara,KA Green,L Bull,2,0,2
Sierra Leone,17,Z Kamara,KA Green,L Bull,0,0,0
Sierra Leone,17,Z Kamara,KA Green,L Bull,0,0,0
Sierra Leone,17,Z Kamara,KA Green,L Bull,1,0,1
Sierra Leone,17,L Bull,KA Green,Z Kamara,0,1,1
Sierra Leone,17,L Bull,KA Green,Z Kamara,0,0,0
Sierra Leone,17,Z Kamara,KA Green,I Koroma,0,0,0
Sierra Leone,18,I Koroma,W Mwatile,Z Kamara,0,0,0
Sierra Leone,18,I Koroma,W Mwatile,Z Kamara,4,0,4
Sierra Leone,18,I Koroma,W Mwatile,Z Kamara,0,0,0
Sierra Leone,18,I Koroma,W Mwatile,Z Kamara,0,0,0
Sierra Leone,18,I Koroma,W Mwatile,Z Kamara,0,0,0
Sierra Leone,18,I Koroma,W Mwatile,Z Kamara,1,0,1
Sierra Leone,19,I Koroma,JA Diergaardt,Z Kamara,0,0,0
Sierra Leone,19,I Koroma,JA Diergaardt,Z Kamara,1,0,1
Sierra Leone,19,Z Kamara,JA Diergaardt,I Koroma,0,0,0
Sierra Leone,19,Z Kamara,JA Diergaardt,I Koroma,0,0,0
Sierra Leone,19,Z Kamara,JA Diergaardt,I Koroma,0,0,0
Sierra Leone,19,Z Kamara,JA Diergaardt,I Koroma,0,0,0
Namibia,0,Yasmeen Khan,F Bangur,JA Diergaardt,0,1,1
Namibia,0,Yasmeen Khan,F Bangur,JA Diergaardt,0,1,1
Namibia,0,Yasmeen Khan,F Bangur,JA Diergaardt,2,0,2
Namibia,0,Yasmeen Khan,F Bangur,JA Diergaardt,0,1,1
Namibia,0,Yasmeen Khan,F Bangur,JA Diergaardt,0,1,1
Namibia,0,Yasmeen Khan,F Bangur,JA Diergaardt,0,0,0
Namibia,0,Yasmeen Khan,F Bangur,JA Diergaardt,1,0,1
Namibia,0,JA Diergaardt,F Bangur,Yasmeen Khan,1,0,1
Namibia,0,Yasmeen Khan,F Bangur,JA Diergaardt,1,0,1
Namibia,0,JA Diergaardt,F Bangur,Yasmeen Khan,4,0,4
Namibia,1,Yasmeen Khan,J Kowa,JA Diergaardt,0,0,0
Namibia,1,Yasmeen Khan,J Kowa,JA Diergaardt,0,1,1
Namibia,1,Yasmeen Khan,J Kowa,JA Diergaardt,1,0,1
Namibia,1,JA Diergaardt,J Kowa,Yasmeen Khan,0,0,0
Namibia,1,JA Diergaardt,J Kowa,Yasmeen Khan,0,0,0
Namibia,1,A van der Merwe,J Kowa,Yasmeen Khan,0,0,0
Namibia,1,A van der Merwe,J Kowa,Yasmeen Khan,0,0,0
Namibia,2,Yasmeen Khan,F Bangur,A van der Merwe,2,0,2
Namibia,2,Yasmeen Khan,F Bangur,A van der Merwe,0,0,0
Namibia,2,Yasmeen Khan,F Bangur,A van der Merwe,2,0,2
Namibia,2,Yasmeen Khan,F Bangur,A van der Merwe,0,0,0
Namibia,2,Yasmeen Khan,F Bangur,A van der Merwe,1,0,1
Namibia,2,W Mwatile,F Bangur,A van der Merwe,0,0,0
Namibia,3,A van der Merwe,J Kowa,W Mwatile,0,1,1
Namibia,3,A van der Merwe,J Kowa,W Mwatile,0,1,1
Namibia,3,A van der Merwe,J Kowa,W Mwatile,2,0,2
Namibia,3,A van der Merwe,J Kowa,W Mwatile,0,1,1
Namibia,3,A van der Merwe,J Kowa,W Mwatile,1,0,1
Namibia,3,W Mwatile,J Kowa,A van der Merwe,2,0,2
Namibia,3,W Mwatile,J Kowa,A van der Merwe,0,0,0
Namibia,3,W Mwatile,J Kowa,A van der Merwe,0,0,0
Namibia,3,KA Green,J Kowa,A van der Merwe,0,0,0
Namibia,4,A van der Merwe,F Bangur,KA Green,1,0,1
Namibia,4,KA Green,F Bangur,A van der Merwe,4,0,4
Namibia,4,KA Green,F Bangur,A van der Merwe,1,0,1
Namibia,4,A van der Merwe,F Bangur,KA Green,1,0,1
Namibia,4,KA Green,F Bangur,A van der Merwe,0,0,0
Namibia,4,KA Green,F Bangur,A van der Merwe,0,0,0
Namibia,5,A van der Merwe,J Kowa,KA Green,4,0,4
Namibia,5,A van der Merwe,J Kowa,KA Green,0,0,0
Namibia,5,A van der Merwe,J Kowa,KA Green,0,1,1
Namibia,5,A van der Merwe,J Kowa,KA Green,0,1,1
Namibia,5,A van der Merwe,J Kowa,KA Green,4,0,4
Namibia,5,A van der Merwe,J Kowa,KA Green,0,0,0
Namibia,5,A van der Merwe,J Kowa,KA Green,2,0,2
Namibia,5,A van der Merwe,J Kowa,KA Green,0,0,0
Namibia,6,KA Green,Aminata Kamara,A van der Merwe,0,1,1
Namibia,6,A van der Merwe,Aminata Kamara,KA Green,0,0,0
Namibia,6,A van der Merwe,Aminata Kamara,KA Green,0,0,0
Namibia,6,A van der Merwe,Aminata Kamara,KA Green,4,0,4
Namibia,6,A van der Merwe,Aminata Kamara,KA Green,0,0,0
Namibia,6,A van der Merwe,Aminata Kamara,KA Green,2,0,2
Namibia,7,KA Green,AM Kamara,A van der Merwe,1,0,1
Namibia,7,A van der Merwe,AM Kamara,KA Green,0,0,0
Namibia,7,A van der Merwe,AM Kamara,KA Green,0,0,0
Namibia,7,A van der Merwe,AM Kamara,KA Green,4,0,4
Namibia,7,A van der Merwe,AM Kamara,KA Green,0,0,0
Namibia,7,A van der Merwe,AM Kamara,KA Green,0,0,0
Namibia,8,KA Green,Aminata Kamara,A van der Merwe,4,0,4
Namibia,8,KA Green,Aminata Kamara,A van der Merwe,0,0,0
Namibia,8,KA Green,Aminata Kamara,A van der Merwe,0,0,0
Namibia,8,KA Green,Aminata Kamara,A van der Merwe,0,0,0
Namibia,8,KA Green,Aminata Kamara,A van der Merwe,2,0,2
Namibia,8,KA Green,Aminata Kamara,A van der Merwe,1,0,1
Namibia,9,KA Green,AM Kamara,A van der Merwe,0,1,1
Namibia,9,KA Green,AM Kamara,A van der Merwe,2,0,2
Namibia,9,KA Green,AM Kamara,A van der Merwe,4,0,4
Namibia,9,KA Green,AM Kamara,A van der Merwe,2,0,2
Namibia,9,KA Green,AM Kamara,A van der Merwe,0,0,0
Namibia,9,KA Green,AM Kamara,A van der Merwe,0,0,0
Namibia,9,KA Green,AM Kamara,A van der Merwe,0,0,0
Namibia,10,A van der Merwe,Aminata Kamara,KA Green,0,0,0
Namibia,10,A van der Merwe,Aminata Kamara,KA Green,0,0,0
Namibia,10,A van der Merwe,Aminata Kamara,KA Green,1,0,1
Namibia,10,KA Green,Aminata Kamara,A van der Merwe,0,2,2
Namibia,10,A van der Merwe,Aminata Kamara,KA Green,0,0,0
Namibia,10,A van der Merwe,Aminata Kamara,KA Green,1,0,1
Namibia,10,KA Green,Aminata Kamara,A van der Merwe,4,0,4
Namibia,11,A van der Merwe,AM Kamara,KA Green,1,0,1
