Team,Over,Batter,Bowler,Non_Striker,Batter_Runs,Extras,Total_Runs
Botswana,0,L Mophakedi,SN Shihepo,O Batisani,0,1,1
Botswana,0,L Mophakedi,SN Shihepo,O Batisani,0,0,0
Botswana,0,L Mophakedi,SN Shihepo,O Batisani,0,0,0
Botswana,0,L Mophakedi,SN Shihepo,O Batisani,0,0,0
Botswana,0,S Mosweu,SN Shihepo,O Batisani,0,0,0
Botswana,0,S Mosweu,SN Shihepo,O Batisani,1,0,1
Botswana,0,O Batisani,SN Shihepo,S Mosweu,0,0,0
Botswana,1,S Mosweu,S Namusha,O Batisani,0,0,0
Botswana,1,S Mosweu,S Namusha,O Batisani,0,0,0
Botswana,1,S Mosweu,S Namusha,O Batisani,0,0,0
Botswana,1,S Mosweu,S Namusha,O Batisani,2,0,2
Botswana,1,S Mosweu,S Namusha,O Batisani,0,0,0
Botswana,1,S Mosweu,S Namusha,O Batisani,0,0,0
Botswana,2,O Batisani,SN Shihepo,S Mosweu,0,0,0
Botswana,2,O Batisani,SN Shihepo,S Mosweu,4,0,4
Botswana,2,O Batisani,SN Shihepo,S Mosweu,1,0,1
Botswana,2,S Mosweu,SN Shihepo,O Batisani,0,0,0
Botswana,2,S Mosweu,SN Shihepo,O Batisani,4,0,4
Botswana,2,S Mosweu,SN Shihepo,O Batisani,0,0,0
Botswana,3,O Batisani,S Namusha,F Samanyika,0,0,0
Botswana,3,O Batisani,S Namusha,F Samanyika,0,1,1
Botswana,3,O Batisani,S Namusha,F Samanyika,0,0,0
Botswana,3,O Batisani,S Namusha,F Samanyika,0,0,0
Botswana,3,F Samanyika,S Namusha,T Legaabile,0,0,0
Botswana,3,F Samanyika,S Namusha,T Legaabile,0,0,0
Botswana,3,F Samanyika,S Namusha,T Legaabile,0,0,0
Botswana,4,T Legaabile,SN Shihepo,F Samanyika,0,0,0
Botswana,4,T Legaabile,SN Shihepo,F Samanyika,0,0,0
Botswana,4,T Legaabile,SN Shihepo,F Samanyika,0,1,1
Botswana,4,T Legaabile,SN Shihepo,F Samanyika,0,0,0
Botswana,4,G Matome,SN Shihepo,F Samanyika,0,2,2
Botswana,4,F Samanyika,SN Shihepo,G Matome,2,1,3
Botswana,4,F Samanyika,SN Shihepo,G Matome,1,0,1
Botswana,4,G Matome,SN Shihepo,F Samanyika,0,0,0
Botswana,4,G Matome,SN Shihepo,F Samanyika,0,0,0
Botswana,5,F Samanyika,S Namusha,G Matome,0,0,0
Botswana,5,F Samanyika,S Namusha,G Matome,0,0,0
Botswana,5,F Samanyika,S Namusha,G Matome,0,0,0
Botswana,5,F Samanyika,S Namusha,G Matome,1,0,1
Botswana,5,G Matome,S Namusha,F Samanyika,0,0,0
Botswana,5,G Matome,S Namusha,F Samanyika,0,0,0
Botswana,6,F Samanyika,W Mwatile,G Matome,1,0,1
Botswana,6,G Matome,W Mwatile,F Samanyika,1,0,1
Botswana,6,F Samanyika,W Mwatile,G Matome,0,0,0
Botswana,6,F Samanyika,W Mwatile,G Matome,0,0,0
Botswana,6,F Samanyika,W Mwatile,G Matome,1,0,1
Botswana,6,G Matome,W Mwatile,F Samanyika,4,0,4
Botswana,7,F Samanyika,JA Diergaardt,G Matome,4,0,4
Botswana,7,F Samanyika,JA Diergaardt,G Matome,0,0,0
Botswana,7,F Samanyika,JA Diergaardt,G Matome,1,0,1
Botswana,7,G Matome,JA Diergaardt,F Samanyika,0,0,0
Botswana,7,G Matome,JA Diergaardt,F Samanyika,4,0,4
Botswana,7,G Matome,JA Diergaardt,F Samanyika,0,0,0
Botswana,8,F Samanyika,W Mwatile,G Matome,0,1,1
Botswana,8,F Samanyika,W Mwatile,G Matome,0,0,0
Botswana,8,F Samanyika,W Mwatile,G Matome,0,0,0
Botswana,8,F Samanyika,W Mwatile,G Matome,1,0,1
Botswana,8,G Matome,W Mwatile,F Samanyika,0,1,1
Botswana,8,G Matome,W Mwatile,F Samanyika,1,0,1
Botswana,8,F Samanyika,W Mwatile,G Matome,0,1,1
Botswana,8,F Samanyika,W Mwatile,G Matome,1,0,1
Botswana,8,G Matome,W Mwatile,F Samanyika,2,0,2
Botswana,9,F Samanyika,KA Green,G Matome,0,0,0
Botswana,9,F Samanyika,KA Green,G Matome,0,0,0
Botswana,9,F Samanyika,KA Green,G Matome,1,0,1
Botswana,9,G Matome,KA Green,F Samanyika,0,0,0
Botswana,9,G Matome,KA Green,F Samanyika,0,0,0
Botswana,9,G Matome,KA Green,F Samanyika,0,0,0
Botswana,10,F Samanyika,Reehana Khan,G Matome,0,1,1
Botswana,10,F Samanyika,Reehana Khan,G Matome,1,0,1
Botswana,10,G Matome,Reehana Khan,F Samanyika,0,0,0
Botswana,10,G Matome,Reehana Khan,F Samanyika,1,0,1
Botswana,10,F Samanyika,Reehana Khan,G Matome,0,0,0
Botswana,10,F Samanyika,Reehana Khan,G Matome,0,1,1
Botswana,10,F Samanyika,Reehana Khan,G Matome,1,0,1
Botswana,10,G Matome,Reehana Khan,F Samanyika,0,0,0
Botswana,11,F Samanyika,KA Green,G Matome,0,0,0
Botswana,11,F Samanyika,KA Green,G Matome,0,0,0
Botswana,11,F Samanyika,KA Green,G Matome,1,0,1
Botswana,11,G Matome,KA Green,F Samanyika,0,0,0
Botswana,11,G Matome,KA Green,F Samanyika,0,1,1
Botswana,11,G Matome,KA Green,F Samanyika,1,0,1
Botswana,11,F Samanyika,KA Green,G Matome,0,0,0
Botswana,12,G Matome,S Namusha,F Samanyika,0,0,0
Botswana,12,G Matome,S Namusha,F Samanyika,0,0,0
Botswana,12,G Matome,S Namusha,F Samanyika,0,0,0
Botswana,12,G Matome,S Namusha,F Samanyika,1,0,1
Botswana,12,F Samanyika,S Namusha,G Matome,0,0,0
Botswana,12,F Samanyika,S Namusha,G Matome,1,0,1
Botswana,13,F Samanyika,KA Green,G Matome,1,0,1
Botswana,13,G Matome,KA Green,F Samanyika,1,0,1
Botswana,13,F Samanyika,KA Green,G Matome,0,0,0
Botswana,13,F Samanyika,KA Green,G Matome,0,0,0
Botswana,13,F Samanyika,KA Green,G Matome,0,0,0
Botswana,13,F Samanyika,KA Green,G Matome,0,0,0
Botswana,14,G Matome,JA Diergaardt,F Samanyika,0,0,0
Botswana,14,G Matome,JA Diergaardt,F Samanyika,1,0,1
Botswana,14,F Samanyika,JA Diergaardt,G Matome,0,0,0
Botswana,14,F Samanyika,JA Diergaardt,G Matome,1,0,1
Botswana,14,G Matome,JA Diergaardt,F Samanyika,0,0,0
Botswana,14,G Matome,JA Diergaardt,F Samanyika,4,0,4
Botswana,15,F Samanyika,KA Green,G Matome,0,0,0
Botswana,15,F Samanyika,KA Green,G Matome,0,0,0
Botswana,15,F Samanyika,KA Green,G Matome,1,0,1
Botswana,15,G Matome,KA Green,F Samanyika,0,0,0
Botswana,15,G Matome,KA Green,F Samanyika,0,0,0
Botswana,15,G Matome,KA Green,F Samanyika,0,0,0
Botswana,16,F Samanyika,JA Diergaardt,G Matome,1,0,1
Botswana,16,G Matome,JA Diergaardt,F Samanyika,0,0,0
Botswana,16,G Matome,JA Diergaardt,F Samanyika,4,1,5
Botswana,16,G Matome,JA Diergaardt,F Samanyika,1,0,1
Botswana,16,F Samanyika,JA Diergaardt,G Matome,0,0,0
Botswana,16,F Samanyika,JA Diergaardt,G Matome,4,0,4
Botswana,16,F Samanyika,JA Diergaardt,G Matome,0,0,0
Botswana,17,G Matome,D Foerster,F Samanyika,0,0,0
Botswana,17,G Matome,D Foerster,F Samanyika,0,0,0
Botswana,17,G Matome,D Foerster,F Samanyika,0,0,0
Botswana,17,G Matome,D Foerster,F Samanyika,2,0,2
Botswana,17,G Matome,D Foerster,F Samanyika,1,0,1
Botswana,17,F Samanyika,D Foerster,G Matome,1,0,1
Botswana,18,F Samanyika,SN Shihepo,G Matome,1,0,1
Botswana,18,G Matome,SN Shihepo,F Samanyika,0,1,1
Botswana,18,G Matome,SN Shihepo,F Samanyika,0,0,0
Botswana,18,G Matome,SN Shihepo,F Samanyika,0,1,1
Botswana,18,G Matome,SN Shihepo,F Samanyika,1,0,1
Botswana,18,F Samanyika,SN Shihepo,G Matome,2,0,2
Botswana,18,F Samanyika,SN Shihepo,G Matome,1,0,1
Botswana,18,G Matome,SN Shihepo,F Samanyika,1,0,1
Botswana,19,G Matome,D Foerster,F Samanyika,1,0,1
Botswana,19,F Samanyika,D Foerster,G Matome,0,0,0
Botswana,19,F Samanyika,D Foerster,G Matome,0,0,0
Botswana,19,F Samanyika,D Foerster,G Matome,1,0,1
Botswana,19,G Matome,D Foerster,F Samanyika,1,0,1
Botswana,19,F Samanyika,D Foerster,G Matome,1,0,1
Namibia,0,Yasmeen Khan,G Matome,JA Diergaardt,1,0,1
Namibia,0,JA Diergaardt,G Matome,Yasmeen Khan,0,1,1
Namibia,0,JA Diergaardt,G Matome,Yasmeen Khan,0,0,0
Namibia,0,JA Diergaardt,G Matome,Yasmeen Khan,0,0,0
Namibia,0,JA Diergaardt,G Matome,Yasmeen Khan,1,0,1
Namibia,0,Yasmeen Khan,G Matome,JA Diergaardt,4,0,4
Namibia,0,Yasmeen Khan,G Matome,JA Diergaardt,0,0,0
Namibia,1,JA Diergaardt,T Legaabile,Yasmeen Khan,0,1,1
Namibia,1,JA Diergaardt,T Legaabile,Yasmeen Khan,0,0,0
Namibia,1,JA Diergaardt,T Legaabile,Yasmeen Khan,1,0,1
Namibia,1,Yasmeen Khan,T Legaabile,JA Diergaardt,1,0,1
Namibia,1,JA Diergaardt,T Legaabile,Yasmeen Khan,0,0,0
Namibia,1,A van der Merwe,T Legaabile,Yasmeen Khan,0,1,1
Namibia,1,A van der Merwe,T Legaabile,Yasmeen Khan,0,0,0
Namibia,1,A van der Merwe,T Legaabile,Yasmeen Khan,1,0,1
Namibia,2,A van der Merwe,G Matome,Yasmeen Khan,0,0,0
Namibia,2,A van der Merwe,G Matome,Yasmeen Khan,0,1,1
Namibia,2,A van der Merwe,G Matome,Yasmeen Khan,1,0,1
Namibia,2,Yasmeen Khan,G Matome,A van der Merwe,0,0,0
Namibia,2,Yasmeen Khan,G Matome,A van der Merwe,4,0,4
Namibia,2,Yasmeen Khan,G Matome,A van der Merwe,0,0,0
Namibia,2,Yasmeen Khan,G Matome,A van der Merwe,0,0,0
Namibia,3,A van der Merwe,T Legaabile,Yasmeen Khan,2,0,2
Namibia,3,A van der Merwe,T Legaabile,Yasmeen Khan,0,0,0
Namibia,3,A van der Merwe,T Legaabile,Yasmeen Khan,0,0,0
Namibia,3,A van der Merwe,T Legaabile,Yasmeen Khan,1,0,1
Namibia,3,Yasmeen Khan,T Legaabile,A van der Merwe,1,0,1
Namibia,3,A van der Merwe,T Legaabile,Yasmeen Khan,0,0,0
Namibia,4,Yasmeen Khan,B Mpedi,A van der Merwe,0,0,0
Namibia,4,W Mwatile,B Mpedi,A van der Merwe,0,0,0
Namibia,4,W Mwatile,B Mpedi,A van der Merwe,0,0,0
Namibia,4,W Mwatile,B Mpedi,A van der Merwe,0,1,1
Namibia,4,W Mwatile,B Mpedi,A van der Merwe,4,0,4
Namibia,4,W Mwatile,B Mpedi,A van der Merwe,1,0,1
Namibia,4,A van der Merwe,B Mpedi,W Mwatile,1,0,1
Namibia,5,A van der Merwe,T Legaabile,W Mwatile,1,0,1
Namibia,5,W Mwatile,T Legaabile,A van der Merwe,3,0,3
Namibia,5,A van der Merwe,T Legaabile,W Mwatile,0,0,0
Namibia,5,A van der Merwe,T Legaabile,W Mwatile,1,0,1
Namibia,5,W Mwatile,T Legaabile,A van der Merwe,0,0,0
Namibia,5,W Mwatile,T Legaabile,A van der Merwe,1,0,1
Namibia,6,W Mwatile,B Mpedi,A van der Merwe,0,1,1
Namibia,6,W Mwatile,B Mpedi,A van der Merwe,0,0,0
Namibia,6,W Mwatile,B Mpedi,A van der Merwe,0,0,0
Namibia,6,W Mwatile,B Mpedi,A van der Merwe,1,0,1
Namibia,6,A van der Merwe,B Mpedi,W Mwatile,1,0,1
Namibia,6,W Mwatile,B Mpedi,A van der Merwe,0,0,0
Namibia,6,W Mwatile,B Mpedi,A van der Merwe,0,0,0
Namibia,7,A van der Merwe,A Mokgotlhe,W Mwatile,2,0,2
Namibia,7,A van der Merwe,A Mokgotlhe,W Mwatile,0,0,0
Namibia,7,A van der Merwe,A Mokgotlhe,W Mwatile,0,0,0
Namibia,7,A van der Merwe,A Mokgotlhe,W Mwatile,1,0,1
Namibia,7,W Mwatile,A Mokgotlhe,A van der Merwe,0,1,1
Namibia,7,W Mwatile,A Mokgotlhe,A van der Merwe,1,0,1
Namibia,7,A van der Merwe,A Mokgotlhe,W Mwatile,1,0,1
Namibia,8,A van der Merwe,M Ramafifi,W Mwatile,0,0,0
Namibia,8,A van der Merwe,M Ramafifi,W Mwatile,4,0,4
Namibia,8,A van der Merwe,M Ramafifi,W Mwatile,0,0,0
Namibia,8,A van der Merwe,M Ramafifi,W Mwatile,0,0,0
Namibia,8,A van der Merwe,M Ramafifi,W Mwatile,1,0,1
Namibia,8,W Mwatile,M Ramafifi,A van der Merwe,0,0,0
Namibia,9,A van der Merwe,A Mokgotlhe,W Mwatile,0,0,0
Namibia,9,A van der Merwe,A Mokgotlhe,W Mwatile,0,0,0
Namibia,9,A van der Merwe,A Mokgotlhe,W Mwatile,0,0,0
Namibia,9,A van der Merwe,A Mokgotlhe,W Mwatile,0,0,0
Namibia,9,A van der Merwe,A Mokgotlhe,W Mwatile,0,1,1
Namibia,9,A van der Merwe,A Mokgotlhe,W Mwatile,0,1,1
Namibia,9,A van der Merwe,A Mokgotlhe,W Mwatile,0,0,0
Namibia,9,A van der Merwe,A Mokgotlhe,W Mwatile,0,0,0
Namibia,10,W Mwatile,M Ramafifi,A van der Merwe,1,0,1
Namibia,10,A van der Merwe,M Ramafifi,W Mwatile,2,0,2
Namibia,10,A van der Merwe,M Ramafifi,W Mwatile,4,0,4
Namibia,10,A van der Merwe,M Ramafifi,W Mwatile,1,0,1
Namibia,10,W Mwatile,M Ramafifi,A van der Merwe,0,0,0
Namibia,10,W Mwatile,M Ramafifi,A van der Merwe,4,0,4
Namibia,11,A van der Merwe,A Mokgotlhe,W Mwatile,1,0,1
Namibia,11,W Mwatile,A Mokgotlhe,A van der Merwe,0,1,1
Namibia,11,W Mwatile,A Mokgotlhe,A van der Merwe,4,0,4
Namibia,11,W Mwatile,A Mokgotlhe,A van der Merwe,0,1,1
Namibia,11,W Mwatile,A Mokgotlhe,A van der Merwe,0,0,0
Namibia,11,W Mwatile,A Mokgotlhe,A van der Merwe,0,1,1
Namibia,11,W Mwatile,A Mokgotlhe,A van der Merwe,0,0,0
Namibia,11,W Mwatile,A Mokgotlhe,A van der Merwe,1,0,1
Namibia,11,A van der Merwe,A Mokgotlhe,W Mwatile,0,0,0
Namibia,12,W Mwatile,G Matome,A van der Merwe,0,0,0
Namibia,12,W Mwatile,G Matome,A van der Merwe,4,0,4
Namibia,12,W Mwatile,G Matome,A van der Merwe,0,0,0
Namibia,12,W Mwatile,G Matome,A van der Merwe,0,0,0
Namibia,12,W Mwatile,G Matome,A van der Merwe,0,0,0
Namibia,12,W Mwatile,G Matome,A van der Merwe,0,0,0
Namibia,13,A van der Merwe,M Ramafifi,W Mwatile,1,0,1
Namibia,13,W Mwatile,M Ramafifi,A van der Merwe,0,0,0
Namibia,13,W Mwatile,M Ramafifi,A van der Merwe,0,0,0
Namibia,13,W Mwatile,M Ramafifi,A van der Merwe,0,0,0
Namibia,13,A van der Merwe,M Ramafifi,KA Green,1,0,1
Namibia,13,KA Green,M Ramafifi,A van der Merwe,4,0,4
Namibia,14,A van der Merwe,B Mpedi,KA Green,0,0,0
Namibia,14,A van der Merwe,B Mpedi,KA Green,0,0,0
Namibia,14,Reehana Khan,B Mpedi,KA Green,0,0,0
Namibia,14,Reehana Khan,B Mpedi,KA Green,2,0,2
Namibia,14,Reehana Khan,B Mpedi,KA Green,0,0,0
Namibia,14,Reehana Khan,B Mpedi,KA Green,0,0,0
Namibia,15,KA Green,M Ramafifi,Reehana Khan,0,0,0
Namibia,15,KA Green,M Ramafifi,Reehana Khan,4,0,4
Namibia,15,KA Green,M Ramafifi,Reehana Khan,1,0,1
Namibia,15,Reehana Khan,M Ramafifi,KA Green,0,0,0
Namibia,15,Reehana Khan,M Ramafifi,KA Green,0,1,1
Namibia,15,Reehana Khan,M Ramafifi,KA Green,0,0,0
Namibia,15,Reehana Khan,M Ramafifi,KA Green,0,0,0
Namibia,16,KA Green,B Mpedi,Reehana Khan,4,0,4
