Team,Over,Batter,Bowler,Non_Striker,Batter_Runs,Extras,Total_Runs
West Indies,0,SD Hope,DJ Willey,JD Campbell,0,0,0
West Indies,0,SO Hetmyer,DJ Willey,JD Campbell,1,0,1
West Indies,0,JD Campbell,DJ Willey,SO Hetmyer,0,0,0
West Indies,0,JD Campbell,DJ Willey,SO Hetmyer,0,0,0
West Indies,0,JD Campbell,DJ Willey,SO Hetmyer,0,0,0
West Indies,0,JD Campbell,DJ Willey,SO Hetmyer,0,0,0
West Indies,1,SO Hetmyer,TK Curran,JD Campbell,4,0,4
West Indies,1,SO Hetmyer,TK Curran,JD Campbell,0,0,0
West Indies,1,SO Hetmyer,TK Curran,JD Campbell,1,0,1
West Indies,1,JD Campbell,TK Curran,SO Hetmyer,1,0,1
West Indies,1,SO Hetmyer,TK Curran,JD Campbell,2,0,2
West Indies,1,SO Hetmyer,TK Curran,JD Campbell,0,0,0
West Indies,2,JD Campbell,DJ Willey,SO Hetmyer,0,0,0
West Indies,2,JD Campbell,DJ Willey,SO Hetmyer,0,0,0
West Indies,2,JD Campbell,DJ Willey,SO Hetmyer,1,0,1
West Indies,2,SO Hetmyer,DJ Willey,JD Campbell,0,0,0
West Indies,2,DM Bravo,DJ Willey,JD Campbell,0,0,0
West Indies,2,DM Bravo,DJ Willey,JD Campbell,4,0,4
West Indies,3,JD Campbell,CJ Jordan,DM Bravo,0,0,0
West Indies,3,JD Campbell,CJ Jordan,DM Bravo,4,0,4
West Indies,3,JD Campbell,CJ Jordan,DM Bravo,0,0,0
West Indies,3,JD Campbell,CJ Jordan,DM Bravo,4,0,4
West Indies,3,JD Campbell,CJ Jordan,DM Bravo,1,0,1
West Indies,3,DM Bravo,CJ Jordan,JD Campbell,0,1,1
West Indies,3,DM Bravo,CJ Jordan,JD Campbell,0,0,0
West Indies,4,JD Campbell,DJ Willey,DM Bravo,0,0,0
West Indies,4,DM Bravo,DJ Willey,JO Holder,0,0,0
West Indies,4,DM Bravo,DJ Willey,JO Holder,0,0,0
West Indies,4,N Pooran,DJ Willey,JO Holder,0,0,0
West Indies,4,N Pooran,DJ Willey,JO Holder,1,0,1
West Indies,4,JO Holder,DJ Willey,N Pooran,0,0,0
West Indies,5,N Pooran,CJ Jordan,JO Holder,1,0,1
West Indies,5,JO Holder,CJ Jordan,N Pooran,0,1,1
West Indies,5,N Pooran,CJ Jordan,JO Holder,0,0,0
West Indies,5,N Pooran,CJ Jordan,JO Holder,1,0,1
West Indies,5,JO Holder,CJ Jordan,N Pooran,1,0,1
West Indies,5,N Pooran,CJ Jordan,JO Holder,1,0,1
West Indies,6,N Pooran,JL Denly,JO Holder,1,0,1
West Indies,6,JO Holder,JL Denly,N Pooran,1,0,1
West Indies,6,N Pooran,JL Denly,JO Holder,0,0,0
West Indies,6,N Pooran,JL Denly,JO Holder,1,0,1
West Indies,6,JO Holder,JL Denly,N Pooran,0,0,0
West Indies,6,JO Holder,JL Denly,N Pooran,1,0,1
West Indies,7,JO Holder,MA Wood,N Pooran,0,0,0
West Indies,7,JO Holder,MA Wood,N Pooran,0,0,0
West Indies,7,JO Holder,MA Wood,N Pooran,0,0,0
West Indies,7,JO Holder,MA Wood,N Pooran,1,0,1
West Indies,7,N Pooran,MA Wood,JO Holder,0,0,0
West Indies,7,N Pooran,MA Wood,JO Holder,1,0,1
West Indies,8,N Pooran,JL Denly,JO Holder,1,0,1
West Indies,8,JO Holder,JL Denly,N Pooran,1,0,1
West Indies,8,N Pooran,JL Denly,JO Holder,1,0,1
West Indies,8,JO Holder,JL Denly,N Pooran,6,0,6
West Indies,8,JO Holder,JL Denly,N Pooran,0,0,0
West Indies,8,N Pooran,JL Denly,FA Allen,1,0,1
West Indies,9,N Pooran,MA Wood,FA Allen,1,0,1
West Indies,9,FA Allen,MA Wood,N Pooran,1,0,1
West Indies,9,N Pooran,MA Wood,FA Allen,0,0,0
West Indies,9,N Pooran,MA Wood,FA Allen,0,0,0
West Indies,9,CR Brathwaite,MA Wood,FA Allen,0,0,0
West Indies,9,CR Brathwaite,MA Wood,FA Allen,0,0,0
West Indies,10,FA Allen,AU Rashid,CR Brathwaite,0,0,0
West Indies,10,FA Allen,AU Rashid,CR Brathwaite,6,0,6
West Indies,10,FA Allen,AU Rashid,CR Brathwaite,0,0,0
West Indies,10,D Bishoo,AU Rashid,CR Brathwaite,1,0,1
West Indies,10,CR Brathwaite,AU Rashid,D Bishoo,0,0,0
West Indies,10,CR Brathwaite,AU Rashid,D Bishoo,0,0,0
West Indies,11,D Bishoo,MA Wood,CR Brathwaite,1,0,1
West Indies,11,CR Brathwaite,MA Wood,D Bishoo,0,0,0
West Indies,11,SS Cottrell,MA Wood,D Bishoo,4,0,4
West Indies,11,SS Cottrell,MA Wood,D Bishoo,0,0,0
West Indies,11,SS Cottrell,MA Wood,D Bishoo,0,0,0
West Indies,11,OC McCoy,MA Wood,D Bishoo,0,0,0
West Indies,12,D Bishoo,AU Rashid,OC McCoy,1,0,1
West Indies,12,OC McCoy,AU Rashid,D Bishoo,0,0,0
West Indies,12,OC McCoy,AU Rashid,D Bishoo,6,0,6
West Indies,12,OC McCoy,AU Rashid,D Bishoo,4,0,4
West Indies,12,OC McCoy,AU Rashid,D Bishoo,0,0,0
West Indies,12,OC McCoy,AU Rashid,D Bishoo,0,0,0
England,0,AD Hales,SS Cottrell,JM Bairstow,0,0,0
England,0,AD Hales,SS Cottrell,JM Bairstow,1,0,1
England,0,JM Bairstow,SS Cottrell,AD Hales,1,0,1
England,0,AD Hales,SS Cottrell,JM Bairstow,4,0,4
England,0,AD Hales,SS Cottrell,JM Bairstow,4,0,4
England,0,AD Hales,SS Cottrell,JM Bairstow,6,0,6
England,1,JM Bairstow,FA Allen,AD Hales,0,0,0
England,1,JM Bairstow,FA Allen,AD Hales,0,0,0
England,1,JM Bairstow,FA Allen,AD Hales,4,0,4
England,1,JM Bairstow,FA Allen,AD Hales,0,0,0
England,1,JM Bairstow,FA Allen,AD Hales,1,0,1
England,1,AD Hales,FA Allen,JM Bairstow,0,0,0
England,2,JM Bairstow,JO Holder,AD Hales,1,0,1
England,2,AD Hales,JO Holder,JM Bairstow,0,0,0
England,2,AD Hales,JO Holder,JM Bairstow,1,0,1
England,2,JM Bairstow,JO Holder,AD Hales,1,0,1
England,2,AD Hales,JO Holder,JM Bairstow,0,0,0
England,2,AD Hales,JO Holder,JM Bairstow,4,0,4
England,3,JM Bairstow,FA Allen,AD Hales,0,0,0
England,3,JM Bairstow,FA Allen,AD Hales,0,0,0
England,3,JM Bairstow,FA Allen,AD Hales,0,0,0
England,3,JM Bairstow,FA Allen,AD Hales,0,0,0
England,3,JM Bairstow,FA Allen,AD Hales,0,0,0
England,3,JM Bairstow,FA Allen,AD Hales,0,0,0
England,4,AD Hales,JO Holder,JM Bairstow,0,0,0
England,4,AD Hales,JO Holder,JM Bairstow,0,0,0
England,4,AD Hales,JO Holder,JM Bairstow,0,0,0
England,4,JE Root,JO Holder,JM Bairstow,1,0,1
England,4,JM Bairstow,JO Holder,JE Root,0,0,0
England,4,JM Bairstow,JO Holder,JE Root,1,0,1
England,5,JM Bairstow,FA Allen,JE Root,4,0,4
England,5,JM Bairstow,FA Allen,JE Root,0,0,0
England,5,JM Bairstow,FA Allen,JE Root,4,0,4
England,5,JM Bairstow,FA Allen,JE Root,1,0,1
England,5,JE Root,FA Allen,JM Bairstow,0,0,0
England,5,JE Root,FA Allen,JM Bairstow,0,0,0
England,6,JM Bairstow,JO Holder,JE Root,1,0,1
England,6,JE Root,JO Holder,JM Bairstow,1,0,1
England,6,JM Bairstow,JO Holder,JE Root,0,1,1
England,6,JM Bairstow,JO Holder,JE Root,6,0,6
England,6,JM Bairstow,JO Holder,JE Root,0,0,0
England,6,JM Bairstow,JO Holder,JE Root,1,0,1
England,6,JE Root,JO Holder,JM Bairstow,0,0,0
England,7,JM Bairstow,FA Allen,JE Root,4,0,4
England,7,JM Bairstow,FA Allen,JE Root,0,0,0
England,7,JM Bairstow,FA Allen,JE Root,0,0,0
England,7,JM Bairstow,FA Allen,JE Root,6,0,6
England,7,JM Bairstow,FA Allen,JE Root,0,0,0
England,7,JM Bairstow,FA Allen,JE Root,1,0,1
England,8,JM Bairstow,D Bishoo,JE Root,0,0,0
England,8,EJG Morgan,D Bishoo,JE Root,0,0,0
England,8,EJG Morgan,D Bishoo,JE Root,0,0,0
England,8,EJG Morgan,D Bishoo,JE Root,0,0,0
England,8,EJG Morgan,D Bishoo,JE Root,0,0,0
England,8,EJG Morgan,D Bishoo,JE Root,0,0,0
England,9,JE Root,JD Campbell,EJG Morgan,0,0,0
England,9,JE Root,JD Campbell,EJG Morgan,0,0,0
England,9,JE Root,JD Campbell,EJG Morgan,0,0,0
England,9,JE Root,JD Campbell,EJG Morgan,0,0,0
England,9,JE Root,JD Campbell,EJG Morgan,1,0,1
England,9,EJG Morgan,JD Campbell,JE Root,0,0,0
England,10,JE Root,D Bishoo,EJG Morgan,1,0,1
England,10,EJG Morgan,D Bishoo,JE Root,6,0,6
England,10,EJG Morgan,D Bishoo,JE Root,4,0,4
