Team,Over,Batter,Bowler,Non_Striker,Batter_Runs,Extras,Total_Runs
Namibia,0,Yasmeen Khan,T Khabo,A van der Merwe,4,0,4
Namibia,0,Yasmeen Khan,T Khabo,A van der Merwe,1,0,1
Namibia,0,A van der Merwe,T Khabo,Yasmeen Khan,0,1,1
Namibia,0,A van der Merwe,T Khabo,Yasmeen Khan,0,0,0
Namibia,0,A van der Merwe,T Khabo,Yasmeen Khan,0,2,2
Namibia,0,Yasmeen Khan,T Khabo,A van der Merwe,0,0,0
Namibia,0,Yasmeen Khan,T Khabo,A van der Merwe,0,0,0
Namibia,0,Yasmeen Khan,T Khabo,A van der Merwe,0,1,1
Namibia,0,Yasmeen Khan,T Khabo,A van der Merwe,4,0,4
Namibia,1,A van der Merwe,B Lekau,Yasmeen Khan,4,0,4
Namibia,1,A van der Merwe,B Lekau,Yasmeen Khan,0,1,1
Namibia,1,A van der Merwe,B Lekau,Yasmeen Khan,0,1,1
Namibia,1,A van der Merwe,B Lekau,Yasmeen Khan,0,1,1
Namibia,1,A van der Merwe,B Lekau,Yasmeen Khan,0,1,1
Namibia,1,A van der Merwe,B Lekau,Yasmeen Khan,4,0,4
Namibia,1,A van der Merwe,B Lekau,Yasmeen Khan,2,0,2
Namibia,1,A van der Merwe,B Lekau,Yasmeen Khan,2,0,2
Namibia,1,A van der Merwe,B Lekau,Yasmeen Khan,0,0,0
Namibia,1,A van der Merwe,B Lekau,Yasmeen Khan,0,0,0
Namibia,2,Yasmeen Khan,T Khabo,A van der Merwe,0,0,0
Namibia,2,Yasmeen Khan,T Khabo,A van der Merwe,4,0,4
Namibia,2,Yasmeen Khan,T Khabo,A van der Merwe,0,0,0
Namibia,2,Yasmeen Khan,T Khabo,A van der Merwe,0,0,0
Namibia,2,Yasmeen Khan,T Khabo,A van der Merwe,4,0,4
Namibia,2,Yasmeen Khan,T Khabo,A van der Merwe,4,0,4
Namibia,3,A van der Merwe,B Lekau,Yasmeen Khan,0,1,1
Namibia,3,A van der Merwe,B Lekau,Yasmeen Khan,0,0,0
Namibia,3,A van der Merwe,B Lekau,Yasmeen Khan,0,0,0
Namibia,3,A van der Merwe,B Lekau,Yasmeen Khan,0,0,0
Namibia,3,A van der Merwe,B Lekau,Yasmeen Khan,1,0,1
Namibia,3,Yasmeen Khan,B Lekau,A van der Merwe,0,0,0
Namibia,3,Yasmeen Khan,B Lekau,A van der Merwe,0,0,0
Namibia,4,A van der Merwe,T Khabo,Yasmeen Khan,0,1,1
Namibia,4,A van der Merwe,T Khabo,Yasmeen Khan,0,0,0
Namibia,4,A van der Merwe,T Khabo,Yasmeen Khan,1,0,1
Namibia,4,Yasmeen Khan,T Khabo,A van der Merwe,3,0,3
Namibia,4,A van der Merwe,T Khabo,Yasmeen Khan,2,0,2
Namibia,4,A van der Merwe,T Khabo,Yasmeen Khan,0,1,1
Namibia,4,A van der Merwe,T Khabo,Yasmeen Khan,0,0,0
Namibia,4,A van der Merwe,T Khabo,Yasmeen Khan,2,0,2
Namibia,5,Yasmeen Khan,B Lekau,A van der Merwe,4,0,4
Namibia,5,Yasmeen Khan,B Lekau,A van der Merwe,0,0,0
Namibia,5,Yasmeen Khan,B Lekau,A van der Merwe,4,0,4
Namibia,5,Yasmeen Khan,B Lekau,A van der Merwe,1,0,1
Namibia,5,A van der Merwe,B Lekau,Yasmeen Khan,0,0,0
Namibia,5,A van der Merwe,B Lekau,Yasmeen Khan,1,0,1
Namibia,6,A van der Merwe,B Phelenyane,Yasmeen Khan,0,0,0
Namibia,6,A van der Merwe,B Phelenyane,Yasmeen Khan,0,1,1
Namibia,6,A van der Merwe,B Phelenyane,Yasmeen Khan,0,1,1
Namibia,6,A van der Merwe,B Phelenyane,Yasmeen Khan,4,0,4
Namibia,6,A van der Merwe,B Phelenyane,Yasmeen Khan,0,0,0
Namibia,6,A van der Merwe,B Phelenyane,Yasmeen Khan,1,0,1
Namibia,6,Yasmeen Khan,B Phelenyane,A van der Merwe,0,1,1
Namibia,6,Yasmeen Khan,B Phelenyane,A van der Merwe,0,0,0
Namibia,6,Yasmeen Khan,B Phelenyane,A van der Merwe,1,0,1
Namibia,7,Yasmeen Khan,T Ramabitsa,A van der Merwe,0,1,1
Namibia,7,Yasmeen Khan,T Ramabitsa,A van der Merwe,2,0,2
Namibia,7,Yasmeen Khan,T Ramabitsa,A van der Merwe,4,0,4
Namibia,7,Yasmeen Khan,T Ramabitsa,A van der Merwe,0,0,0
Namibia,7,Yasmeen Khan,T Ramabitsa,A van der Merwe,0,1,1
Namibia,7,Yasmeen Khan,T Ramabitsa,A van der Merwe,0,1,1
Namibia,7,Yasmeen Khan,T Ramabitsa,A van der Merwe,2,0,2
Namibia,7,Yasmeen Khan,T Ramabitsa,A van der Merwe,0,1,1
Namibia,7,Yasmeen Khan,T Ramabitsa,A van der Merwe,1,0,1
Namibia,7,A van der Merwe,T Ramabitsa,Yasmeen Khan,4,0,4
Namibia,8,Yasmeen Khan,B Phelenyane,A van der Merwe,4,0,4
Namibia,8,Yasmeen Khan,B Phelenyane,A van der Merwe,1,0,1
Namibia,8,A van der Merwe,B Phelenyane,Yasmeen Khan,1,0,1
Namibia,8,Yasmeen Khan,B Phelenyane,A van der Merwe,2,0,2
Namibia,8,Yasmeen Khan,B Phelenyane,A van der Merwe,4,0,4
Namibia,8,Yasmeen Khan,B Phelenyane,A van der Merwe,4,0,4
Namibia,9,A van der Merwe,T Ramabitsa,Yasmeen Khan,0,0,0
Namibia,9,A van der Merwe,T Ramabitsa,Yasmeen Khan,0,0,0
Namibia,9,A van der Merwe,T Ramabitsa,Yasmeen Khan,0,1,1
Namibia,9,A van der Merwe,T Ramabitsa,Yasmeen Khan,0,1,1
Namibia,9,A van der Merwe,T Ramabitsa,Yasmeen Khan,0,1,1
Namibia,9,A van der Merwe,T Ramabitsa,Yasmeen Khan,2,0,2
Namibia,9,A van der Merwe,T Ramabitsa,Yasmeen Khan,4,0,4
Namibia,9,A van der Merwe,T Ramabitsa,Yasmeen Khan,1,0,1
Namibia,9,Yasmeen Khan,T Ramabitsa,A van der Merwe,1,0,1
Namibia,10,Yasmeen Khan,B Phelenyane,A van der Merwe,0,1,1
Namibia,10,Yasmeen Khan,B Phelenyane,A van der Merwe,2,0,2
Namibia,10,Yasmeen Khan,B Phelenyane,A van der Merwe,0,0,0
Namibia,10,W Mwatile,B Phelenyane,A van der Merwe,4,0,4
Namibia,10,W Mwatile,B Phelenyane,A van der Merwe,0,0,0
Namibia,10,W Mwatile,B Phelenyane,A van der Merwe,1,0,1
Namibia,10,A van der Merwe,B Phelenyane,W Mwatile,4,0,4
Namibia,11,W Mwatile,T Ramabitsa,A van der Merwe,0,0,0
Namibia,11,W Mwatile,T Ramabitsa,A van der Merwe,0,1,1
Namibia,11,W Mwatile,T Ramabitsa,A van der Merwe,1,0,1
Namibia,11,A van der Merwe,T Ramabitsa,W Mwatile,0,0,0
Namibia,11,A van der Merwe,T Ramabitsa,W Mwatile,1,0,1
Namibia,11,W Mwatile,T Ramabitsa,A van der Merwe,0,0,0
Namibia,11,W Mwatile,T Ramabitsa,A van der Merwe,0,0,0
Namibia,12,A van der Merwe,T Khabo,W Mwatile,1,0,1
Namibia,12,W Mwatile,T Khabo,A van der Merwe,1,0,1
Namibia,12,A van der Merwe,T Khabo,W Mwatile,1,0,1
Namibia,12,W Mwatile,T Khabo,A van der Merwe,4,0,4
Namibia,12,W Mwatile,T Khabo,A van der Merwe,0,1,1
Namibia,12,W Mwatile,T Khabo,A van der Merwe,1,0,1
Namibia,12,A van der Merwe,T Khabo,W Mwatile,0,0,0
Namibia,13,W Mwatile,B Lekau,A van der Merwe,1,0,1
Namibia,13,A van der Merwe,B Lekau,W Mwatile,2,0,2
Namibia,13,A van der Merwe,B Lekau,W Mwatile,2,0,2
Namibia,13,A van der Merwe,B Lekau,W Mwatile,4,0,4
Namibia,13,A van der Merwe,B Lekau,W Mwatile,0,1,1
Namibia,13,A van der Merwe,B Lekau,W Mwatile,0,0,0
Namibia,13,A van der Merwe,B Lekau,W Mwatile,0,1,1
Namibia,13,A van der Merwe,B Lekau,W Mwatile,1,0,1
Namibia,14,A van der Merwe,B Phelenyane,W Mwatile,0,0,0
Namibia,14,A van der Merwe,B Phelenyane,W Mwatile,1,0,1
Namibia,14,W Mwatile,B Phelenyane,A van der Merwe,2,0,2
Namibia,14,W Mwatile,B Phelenyane,A van der Merwe,0,0,0
Namibia,14,W Mwatile,B Phelenyane,A van der Merwe,0,0,0
Namibia,14,KA Green,B Phelenyane,A van der Merwe,2,0,2
Namibia,15,A van der Merwe,L Khotso,KA Green,1,0,1
Namibia,15,KA Green,L Khotso,A van der Merwe,2,0,2
Namibia,15,KA Green,L Khotso,A van der Merwe,0,0,0
Namibia,15,KA Green,L Khotso,A van der Merwe,0,1,1
Namibia,15,KA Green,L Khotso,A van der Merwe,4,0,4
Namibia,15,KA Green,L Khotso,A van der Merwe,1,0,1
Namibia,15,A van der Merwe,L Khotso,KA Green,1,0,1
Namibia,16,A van der Merwe,T Ramabitsa,KA Green,1,0,1
Namibia,16,KA Green,T Ramabitsa,A van der Merwe,0,0,0
Namibia,16,E Simeon,T Ramabitsa,A van der Merwe,0,0,0
Namibia,16,E Simeon,T Ramabitsa,A van der Merwe,0,1,1
Namibia,16,E Simeon,T Ramabitsa,A van der Merwe,0,1,1
Namibia,16,E Simeon,T Ramabitsa,A van der Merwe,0,0,0
Namibia,16,Reehana Khan,T Ramabitsa,A van der Merwe,1,0,1
Namibia,16,A van der Merwe,T Ramabitsa,Reehana Khan,0,1,1
Namibia,16,A van der Merwe,T Ramabitsa,Reehana Khan,0,0,0
Namibia,17,Reehana Khan,L Khotso,A van der Merwe,0,0,0
Namibia,17,Reehana Khan,L Khotso,A van der Merwe,0,1,1
Namibia,17,Reehana Khan,L Khotso,A van der Merwe,1,0,1
Namibia,17,A van der Merwe,L Khotso,Reehana Khan,1,0,1
Namibia,17,Reehana Khan,L Khotso,A van der Merwe,0,0,0
Namibia,17,Reehana Khan,L Khotso,D Foerster,0,1,1
Namibia,17,Reehana Khan,L Khotso,D Foerster,0,1,1
Namibia,17,D Foerster,L Khotso,Reehana Khan,4,0,4
Namibia,17,D Foerster,L Khotso,Reehana Khan,0,0,0
Namibia,18,Reehana Khan,T Kobeli,D Foerster,0,0,0
Namibia,18,Reehana Khan,T Kobeli,D Foerster,0,0,0
Namibia,18,Reehana Khan,T Kobeli,D Foerster,1,0,1
Namibia,18,D Foerster,T Kobeli,Reehana Khan,0,1,1
Namibia,18,D Foerster,T Kobeli,Reehana Khan,0,1,1
Namibia,18,D Foerster,T Kobeli,Reehana Khan,0,1,1
Namibia,18,D Foerster,T Kobeli,Reehana Khan,2,0,2
Namibia,18,D Foerster,T Kobeli,Reehana Khan,0,1,1
Namibia,18,D Foerster,T Kobeli,Reehana Khan,0,1,1
Namibia,18,D Foerster,T Kobeli,Reehana Khan,4,0,4
Namibia,18,D Foerster,T Kobeli,Reehana Khan,1,0,1
Namibia,19,D Foerster,L Khotso,Reehana Khan,0,0,0
Namibia,19,D Foerster,L Khotso,Reehana Khan,1,0,1
Namibia,19,Reehana Khan,L Khotso,D Foerster,0,0,0
Namibia,19,Reehana Khan,L Khotso,D Foerster,4,0,4
Namibia,19,Reehana Khan,L Khotso,D Foerster,2,0,2
Namibia,19,Reehana Khan,L Khotso,D Foerster,4,1,5
Namibia,19,Reehana Khan,L Khotso,D Foerster,4,0,4
Lesotho,0,T Kobeli,SN Shihepo,M Matobole,0,0,0
Lesotho,0,T Kobeli,SN Shihepo,M Matobole,0,0,0
Lesotho,0,T Kobeli,SN Shihepo,M Matobole,0,0,0
Lesotho,0,T Kobeli,SN Shihepo,M Matobole,0,1,1
Lesotho,0,T Kobeli,SN Shihepo,M Matobole,0,0,0
Lesotho,0,T Kobeli,SN Shihepo,M Matobole,1,0,1
Lesotho,0,M Matobole,SN Shihepo,T Kobeli,4,0,4
Lesotho,1,T Kobeli,W Mwatile,M Matobole,0,0,0
Lesotho,1,T Kobeli,W Mwatile,M Matobole,0,0,0
Lesotho,1,T Kobeli,W Mwatile,M Matobole,0,0,0
Lesotho,1,T Kobeli,W Mwatile,M Matobole,0,0,0
Lesotho,1,T Kobeli,W Mwatile,M Matobole,0,0,0
Lesotho,1,T Kobeli,W Mwatile,M Matobole,0,0,0
Lesotho,2,M Matobole,SN Shihepo,T Kobeli,0,0,0
Lesotho,2,M Matobole,SN Shihepo,T Kobeli,0,0,0
Lesotho,2,M Matobole,SN Shihepo,T Kobeli,1,0,1
Lesotho,2,T Kobeli,SN Shihepo,M Matobole,0,0,0
Lesotho,2,T Kobeli,SN Shihepo,M Matobole,0,0,0
Lesotho,2,T Kobeli,SN Shihepo,M Matobole,1,0,1
Lesotho,3,T Kobeli,W Mwatile,M Matobole,0,1,1
Lesotho,3,T Kobeli,W Mwatile,M Matobole,0,0,0
Lesotho,3,T Kobeli,W Mwatile,M Matobole,0,0,0
Lesotho,3,T Kobeli,W Mwatile,M Matobole,0,0,0
Lesotho,3,T Kobeli,W Mwatile,M Matobole,0,0,0
Lesotho,3,T Kobeli,W Mwatile,M Matobole,0,0,0
Lesotho,3,T Kobeli,W Mwatile,M Matobole,0,1,1
Lesotho,4,T Kobeli,SN Shihepo,M Matobole,0,0,0
Lesotho,4,T Kobeli,SN Shihepo,M Matobole,0,0,0
Lesotho,4,T Kobeli,SN Shihepo,M Matobole,0,0,0
Lesotho,4,T Kobeli,SN Shihepo,M Matobole,0,0,0
Lesotho,4,T Kobeli,SN Shihepo,M Matobole,0,1,1
Lesotho,4,T Kobeli,SN Shihepo,M Matobole,0,0,0
Lesotho,4,L Khotso,SN Shihepo,M Matobole,0,0,0
Lesotho,5,M Matobole,KA Green,L Khotso,0,0,0
Lesotho,5,M Matobole,KA Green,L Khotso,1,0,1
Lesotho,5,L Khotso,KA Green,M Matobole,0,0,0
Lesotho,5,L Khotso,KA Green,M Matobole,0,0,0
Lesotho,5,T Ramabitsa,KA Green,M Matobole,4,0,4
Lesotho,5,T Ramabitsa,KA Green,M Matobole,0,0,0
Lesotho,6,M Matobole,C Kauripeke,T Ramabitsa,0,0,0
Lesotho,6,M Matobole,C Kauripeke,T Ramabitsa,0,0,0
Lesotho,6,M Matobole,C Kauripeke,T Ramabitsa,0,0,0
Lesotho,6,B Lekau,C Kauripeke,T Ramabitsa,0,0,0
Lesotho,6,B Lekau,C Kauripeke,T Ramabitsa,0,0,0
Lesotho,6,B Lekau,C Kauripeke,T Ramabitsa,0,0,0
Lesotho,7,T Ramabitsa,KA Green,B Lekau,0,0,0
Lesotho,7,T Ramabitsa,KA Green,B Lekau,0,0,0
Lesotho,7,T Ramabitsa,KA Green,B Lekau,0,0,0
Lesotho,7,T Ramabitsa,KA Green,B Lekau,0,0,0
Lesotho,7,T Ramabitsa,KA Green,B Lekau,0,0,0
Lesotho,7,M Tsarsi,KA Green,B Lekau,0,0,0
Lesotho,8,B Lekau,C Kauripeke,M Tsarsi,0,0,0
Lesotho,8,B Lekau,C Kauripeke,M Tsarsi,0,0,0
Lesotho,8,B Lekau,C Kauripeke,M Tsarsi,0,0,0
Lesotho,8,B Lekau,C Kauripeke,M Tsarsi,0,0,0
Lesotho,8,B Lekau,C Kauripeke,M Tsarsi,0,0,0
Lesotho,8,B Lekau,C Kauripeke,M Tsarsi,0,0,0
Lesotho,9,M Tsarsi,EU Kejarukua,B Lekau,0,0,0
Lesotho,9,M Tsarsi,EU Kejarukua,B Lekau,0,0,0
Lesotho,9,M Tsarsi,EU Kejarukua,B Lekau,0,0,0
Lesotho,9,M Tsarsi,EU Kejarukua,B Lekau,0,0,0
Lesotho,9,M Tsarsi,EU Kejarukua,B Lekau,0,0,0
Lesotho,9,M Tsarsi,EU Kejarukua,B Lekau,0,0,0
Lesotho,10,B Lekau,C Kauripeke,M Tsarsi,0,0,0
Lesotho,10,B Lekau,C Kauripeke,M Tsarsi,0,0,0
Lesotho,10,B Lekau,C Kauripeke,M Tsarsi,0,0,0
Lesotho,10,B Lekau,C Kauripeke,M Tsarsi,0,0,0
Lesotho,10,B Lekau,C Kauripeke,M Tsarsi,0,0,0
Lesotho,10,B Lekau,C Kauripeke,M Tsarsi,0,0,0
Lesotho,11,M Tsarsi,EU Kejarukua,B Lekau,0,0,0
Lesotho,11,M Tsarsi,EU Kejarukua,B Lekau,0,1,1
Lesotho,11,M Tsarsi,EU Kejarukua,B Lekau,0,0,0
Lesotho,11,M Tsarsi,EU Kejarukua,B Lekau,0,0,0
Lesotho,11,M Tsarsi,EU Kejarukua,B Lekau,0,0,0
Lesotho,11,M Tsarsi,EU Kejarukua,B Lekau,0,1,1
Lesotho,11,M Tsarsi,EU Kejarukua,B Lekau,0,1,1
Lesotho,11,M Tsarsi,EU Kejarukua,B Lekau,0,0,0
Lesotho,11,M Tsarsi,EU Kejarukua,B Lekau,0,0,0
Lesotho,12,B Lekau,Reehana Khan,T Khabo,0,0,0
Lesotho,12,B Lekau,Reehana Khan,T Khabo,0,0,0
Lesotho,12,B Lekau,Reehana Khan,T Khabo,0,0,0
Lesotho,12,B Lekau,Reehana Khan,T Khabo,0,0,0
Lesotho,12,B Lekau,Reehana Khan,T Khabo,0,0,0
Lesotho,12,B Lekau,Reehana Khan,T Khabo,0,0,0
Lesotho,13,T Khabo,KA Green,B Lekau,0,0,0
Lesotho,13,T Khabo,KA Green,B Lekau,0,0,0
Lesotho,13,T Khabo,KA Green,B Lekau,0,0,0
Lesotho,13,T Khabo,KA Green,B Lekau,0,0,0
Lesotho,13,T Khabo,KA Green,B Lekau,0,0,0
Lesotho,13,T Khabo,KA Green,B Lekau,0,0,0
Lesotho,14,B Lekau,Reehana Khan,T Khabo,0,1,1
Lesotho,14,B Lekau,Reehana Khan,T Khabo,0,0,0
Lesotho,14,B Lekau,Reehana Khan,T Khabo,0,0,0
Lesotho,14,P Pheko,Reehana Khan,T Khabo,0,0,0
Lesotho,14,P Pheko,Reehana Khan,T Khabo,0,0,0
Lesotho,14,P Pheko,Reehana Khan,T Khabo,0,0,0
Lesotho,14,P Pheko,Reehana Khan,T Khabo,0,0,0
Lesotho,15,T Khabo,KA Green,P Pheko,0,0,0
Lesotho,15,T Khabo,KA Green,P Pheko,0,0,0
Lesotho,15,T Khabo,KA Green,P Pheko,0,0,0
Lesotho,15,T Khabo,KA Green,P Pheko,0,0,0
Lesotho,15,T Khabo,KA Green,P Pheko,0,0,0
Lesotho,15,T Khabo,KA Green,P Pheko,0,0,0
Lesotho,16,P Pheko,Reehana Khan,T Khabo,0,0,0
Lesotho,16,P Pheko,Reehana Khan,T Khabo,0,0,0
Lesotho,16,P Pheko,Reehana Khan,T Khabo,2,0,2
Lesotho,16,P Pheko,Reehana Khan,T Khabo,0,0,0
Lesotho,16,P Pheko,Reehana Khan,T Khabo,0,0,0
Lesotho,16,M Mohasane,Reehana Khan,T Khabo,0,0,0
Lesotho,17,T Khabo,D Foerster,M Mohasane,0,0,0
Lesotho,17,T Khabo,D Foerster,M Mohasane,0,1,1
Lesotho,17,T Khabo,D Foerster,M Mohasane,0,0,0
Lesotho,17,T Khabo,D Foerster,M Mohasane,0,0,0
Lesotho,17,T Khabo,D Foerster,M Mohasane,1,0,1
Lesotho,17,M Mohasane,D Foerster,T Khabo,0,0,0
Lesotho,17,M Mohasane,D Foerster,T Khabo,0,0,0
Lesotho,18,T Khabo,Reehana Khan,M Mohasane,2,0,2
Lesotho,18,T Khabo,Reehana Khan,M Mohasane,0,0,0
Lesotho,18,T Khabo,Reehana Khan,M Mohasane,0,0,0
Lesotho,18,T Khabo,Reehana Khan,M Mohasane,0,0,0
Lesotho,18,T Khabo,Reehana Khan,M Mohasane,1,0,1
Lesotho,18,M Mohasane,Reehana Khan,T Khabo,4,0,4
Lesotho,19,T Khabo,D Foerster,M Mohasane,0,0,0
Lesotho,19,T Khabo,D Foerster,M Mohasane,0,0,0
Lesotho,19,T Khabo,D Foerster,M Mohasane,0,0,0
Lesotho,19,T Khabo,D Foerster,M Mohasane,0,0,0
Lesotho,19,T Khabo,D Foerster,M Mohasane,0,0,0
Lesotho,19,T Khabo,D Foerster,M Mohasane,0,0,0
