Team,Over,Batter,Bowler,Non_Striker,Batter_Runs,Extras,Total_Runs
Lesotho,0,T Kobeli,S Hussein,T Khabo,0,0,0
Lesotho,0,T Kobeli,S Hussein,T Khabo,0,0,0
Lesotho,0,T Kobeli,S Hussein,T Khabo,0,0,0
Lesotho,0,T Kobeli,S Hussein,T Khabo,0,0,0
Lesotho,0,T Kobeli,S Hussein,T Khabo,0,0,0
Lesotho,0,T Kobeli,S Hussein,T Khabo,0,0,0
Lesotho,1,T Khabo,D Dzimau,T Kobeli,1,0,1
Lesotho,1,T Kobeli,D Dzimau,T Khabo,0,0,0
Lesotho,1,N Tsiame,D Dzimau,T Khabo,0,0,0
Lesotho,1,N Tsiame,D Dzimau,T Khabo,0,0,0
Lesotho,1,N Tsiame,D Dzimau,T Khabo,1,0,1
Lesotho,1,T Khabo,D Dzimau,N Tsiame,0,0,0
Lesotho,2,N Tsiame,S Hussein,T Khabo,0,0,0
Lesotho,2,R Khasana,S Hussein,T Khabo,1,0,1
Lesotho,2,T Khabo,S Hussein,R Khasana,0,0,0
Lesotho,2,T Khabo,S Hussein,R Khasana,0,0,0
Lesotho,2,T Khabo,S Hussein,R Khasana,1,0,1
Lesotho,2,R Khasana,S Hussein,T Khabo,0,0,0
Lesotho,3,T Khabo,D Dzimau,R Khasana,0,0,0
Lesotho,3,T Khabo,D Dzimau,R Khasana,0,0,0
Lesotho,3,T Khabo,D Dzimau,R Khasana,1,0,1
Lesotho,3,T Khabo,D Dzimau,R Khasana,0,1,1
Lesotho,3,T Khabo,D Dzimau,R Khasana,1,1,2
Lesotho,3,R Khasana,D Dzimau,T Khabo,0,0,0
Lesotho,3,R Khasana,D Dzimau,T Khabo,1,0,1
Lesotho,3,T Khabo,D Dzimau,R Khasana,0,0,0
Lesotho,4,R Khasana,T Luka,T Khabo,0,0,0
Lesotho,4,R Khasana,T Luka,T Khabo,4,0,4
Lesotho,4,R Khasana,T Luka,T Khabo,0,0,0
Lesotho,4,M Moalosi,T Luka,T Khabo,0,0,0
Lesotho,4,M Moalosi,T Luka,T Khabo,1,0,1
Lesotho,4,T Khabo,T Luka,M Moalosi,0,0,0
Lesotho,5,M Moalosi,B Ndipo,T Khabo,1,0,1
Lesotho,5,T Khabo,B Ndipo,M Moalosi,2,0,2
Lesotho,5,T Khabo,B Ndipo,M Moalosi,0,0,0
Lesotho,5,T Khabo,B Ndipo,M Moalosi,0,0,0
Lesotho,5,T Khabo,B Ndipo,M Moalosi,0,1,1
Lesotho,5,T Khabo,B Ndipo,M Moalosi,0,0,0
Lesotho,5,T Khabo,B Ndipo,M Moalosi,0,0,0
Lesotho,6,M Moalosi,T Luka,T Khabo,0,0,0
Lesotho,6,M Moalosi,T Luka,T Khabo,1,0,1
Lesotho,6,T Khabo,T Luka,M Moalosi,0,0,0
Lesotho,6,T Khabo,T Luka,M Moalosi,1,0,1
Lesotho,6,M Moalosi,T Luka,T Khabo,0,0,0
Lesotho,6,M Moalosi,T Luka,T Khabo,0,0,0
Lesotho,7,L Khotso,B Ndipo,T Khabo,0,0,0
Lesotho,7,L Khotso,B Ndipo,T Khabo,0,0,0
Lesotho,7,L Khotso,B Ndipo,T Khabo,0,0,0
Lesotho,7,L Khotso,B Ndipo,T Khabo,0,0,0
Lesotho,7,L Khotso,B Ndipo,T Khabo,0,0,0
Lesotho,7,L Khotso,B Ndipo,T Khabo,0,0,0
Lesotho,8,T Khabo,V Phiri,L Khotso,0,0,0
Lesotho,8,T Khabo,V Phiri,L Khotso,0,0,0
Lesotho,8,T Khabo,V Phiri,L Khotso,1,0,1
Lesotho,8,L Khotso,V Phiri,T Khabo,0,0,0
Lesotho,8,M Mohasane,V Phiri,T Khabo,0,0,0
Lesotho,8,M Mohasane,V Phiri,T Khabo,1,0,1
Lesotho,9,M Mohasane,T Luka,T Khabo,0,0,0
Lesotho,9,T Ramabitsa,T Luka,T Khabo,4,0,4
Lesotho,9,T Ramabitsa,T Luka,T Khabo,0,1,1
Lesotho,9,T Khabo,T Luka,T Ramabitsa,0,1,1
Lesotho,9,T Khabo,T Luka,T Ramabitsa,0,0,0
Lesotho,9,T Khabo,T Luka,T Ramabitsa,0,0,0
Lesotho,9,T Khabo,T Luka,T Ramabitsa,0,0,0
Lesotho,10,T Ramabitsa,S Hussein,T Khabo,1,0,1
Lesotho,10,T Khabo,S Hussein,T Ramabitsa,0,0,0
Lesotho,10,T Khabo,S Hussein,T Ramabitsa,0,0,0
Lesotho,10,T Khabo,S Hussein,T Ramabitsa,0,0,0
Lesotho,10,T Khabo,S Hussein,T Ramabitsa,0,0,0
Lesotho,10,T Khabo,S Hussein,T Ramabitsa,0,1,1
Lesotho,10,T Khabo,S Hussein,T Ramabitsa,0,0,0
Lesotho,11,T Ramabitsa,T Chabila,T Khabo,0,0,0
Lesotho,11,T Ramabitsa,T Chabila,T Khabo,1,0,1
Lesotho,11,T Khabo,T Chabila,T Ramabitsa,0,1,1
Lesotho,11,T Khabo,T Chabila,T Ramabitsa,0,1,1
Lesotho,11,T Khabo,T Chabila,T Ramabitsa,0,1,1
Lesotho,11,T Khabo,T Chabila,T Ramabitsa,0,0,0
Lesotho,11,T Khabo,T Chabila,T Ramabitsa,2,0,2
Lesotho,11,T Khabo,T Chabila,T Ramabitsa,0,0,0
Lesotho,11,T Khabo,T Chabila,T Ramabitsa,0,0,0
Lesotho,12,T Ramabitsa,D Dzimau,T Khabo,4,0,4
Lesotho,12,T Ramabitsa,D Dzimau,T Khabo,0,0,0
Lesotho,12,T Ramabitsa,D Dzimau,T Khabo,0,0,0
Lesotho,12,T Ramabitsa,D Dzimau,T Khabo,0,0,0
Lesotho,12,T Ramabitsa,D Dzimau,T Khabo,0,0,0
Lesotho,12,T Ramabitsa,D Dzimau,T Khabo,0,0,0
Lesotho,13,T Khabo,V Phiri,T Ramabitsa,1,0,1
Lesotho,13,T Ramabitsa,V Phiri,T Khabo,1,0,1
Lesotho,13,T Khabo,V Phiri,T Ramabitsa,0,0,0
Lesotho,13,T Khabo,V Phiri,T Ramabitsa,0,0,0
Lesotho,13,T Khabo,V Phiri,T Ramabitsa,0,0,0
Lesotho,13,T Khabo,V Phiri,T Ramabitsa,0,0,0
Lesotho,14,T Ramabitsa,B Ndipo,T Khabo,0,0,0
Lesotho,14,T Ramabitsa,B Ndipo,T Khabo,0,0,0
Lesotho,14,T Ramabitsa,B Ndipo,T Khabo,0,1,1
Lesotho,14,T Ramabitsa,B Ndipo,T Khabo,0,0,0
Lesotho,14,P Pheko,B Ndipo,T Khabo,0,1,1
Lesotho,14,P Pheko,B Ndipo,T Khabo,0,0,0
Lesotho,14,P Pheko,B Ndipo,T Khabo,0,0,0
Lesotho,14,P Pheko,B Ndipo,T Khabo,0,0,0
Lesotho,15,T Koloi,T Luka,T Khabo,0,0,0
Lesotho,15,T Koloi,T Luka,T Khabo,1,0,1
Lesotho,15,B Phelenyane,T Luka,T Khabo,0,1,1
Lesotho,15,B Phelenyane,T Luka,T Khabo,0,1,1
Lesotho,15,B Phelenyane,T Luka,T Khabo,0,0,0
Lesotho,15,B Phelenyane,T Luka,T Khabo,0,0,0
Lesotho,15,B Phelenyane,T Luka,T Khabo,0,0,0
Lesotho,15,B Phelenyane,T Luka,T Khabo,0,0,0
Lesotho,16,T Khabo,S Hussein,B Phelenyane,0,0,0
Lesotho,16,T Khabo,S Hussein,B Phelenyane,0,0,0
Lesotho,16,T Khabo,S Hussein,B Phelenyane,1,0,1
Lesotho,16,B Phelenyane,S Hussein,T Khabo,0,0,0
Lesotho,16,B Phelenyane,S Hussein,T Khabo,0,1,1
Lesotho,16,T Khabo,S Hussein,B Phelenyane,0,0,0
Lesotho,17,B Phelenyane,D Dzimau,T Khabo,0,0,0
Lesotho,17,B Phelenyane,D Dzimau,T Khabo,0,0,0
Lesotho,17,B Phelenyane,D Dzimau,T Khabo,0,0,0
Malawi,0,M Mabvuka,T Khabo,T Tereza,0,0,0
Malawi,0,M Mabvuka,T Khabo,T Tereza,4,0,4
Malawi,0,M Mabvuka,T Khabo,T Tereza,1,0,1
Malawi,0,T Tereza,T Khabo,M Mabvuka,0,0,0
Malawi,0,T Tereza,T Khabo,M Mabvuka,4,0,4
Malawi,0,T Tereza,T Khabo,M Mabvuka,0,2,2
Malawi,0,M Mabvuka,T Khabo,T Tereza,0,0,0
Malawi,1,T Tereza,B Phelenyane,M Mabvuka,1,0,1
Malawi,1,M Mabvuka,B Phelenyane,T Tereza,0,0,0
Malawi,1,M Mabvuka,B Phelenyane,T Tereza,0,0,0
Malawi,1,M Mabvuka,B Phelenyane,T Tereza,0,0,0
Malawi,1,M Mabvuka,B Phelenyane,T Tereza,0,1,1
Malawi,1,M Mabvuka,B Phelenyane,T Tereza,2,0,2
Malawi,1,M Mabvuka,B Phelenyane,T Tereza,4,0,4
Malawi,2,T Tereza,T Khabo,M Mabvuka,0,0,0
Malawi,2,T Tereza,T Khabo,M Mabvuka,0,3,3
Malawi,2,T Tereza,T Khabo,M Mabvuka,0,0,0
Malawi,2,T Tereza,T Khabo,M Mabvuka,0,0,0
Malawi,2,T Tereza,T Khabo,M Mabvuka,0,1,1
Malawi,2,M Mabvuka,T Khabo,T Tereza,0,0,0
Malawi,2,M Mabvuka,T Khabo,T Tereza,0,0,0
Malawi,3,T Tereza,B Phelenyane,M Mabvuka,1,0,1
Malawi,3,M Mabvuka,B Phelenyane,T Tereza,0,1,1
Malawi,3,T Tereza,B Phelenyane,M Mabvuka,2,0,2
Malawi,3,T Tereza,B Phelenyane,M Mabvuka,0,1,1
Malawi,3,T Tereza,B Phelenyane,M Mabvuka,0,0,0
Malawi,3,T Tereza,B Phelenyane,M Mabvuka,1,0,1
Malawi,3,M Mabvuka,B Phelenyane,T Tereza,1,0,1
Malawi,4,M Mabvuka,T Ramabitsa,T Tereza,2,0,2
Malawi,4,M Mabvuka,T Ramabitsa,T Tereza,1,0,1
Malawi,4,T Tereza,T Ramabitsa,M Mabvuka,0,1,1
Malawi,4,T Tereza,T Ramabitsa,M Mabvuka,1,0,1
Malawi,4,M Mabvuka,T Ramabitsa,T Tereza,0,0,0
Malawi,4,D Ndipo,T Ramabitsa,T Tereza,0,1,1
Malawi,4,D Ndipo,T Ramabitsa,T Tereza,4,0,4
Malawi,4,D Ndipo,T Ramabitsa,T Tereza,0,0,0
Malawi,5,T Tereza,B Phelenyane,D Ndipo,2,0,2
Malawi,5,T Tereza,B Phelenyane,D Ndipo,0,0,0
Malawi,5,T Tereza,B Phelenyane,D Ndipo,0,2,2
Malawi,5,D Ndipo,B Phelenyane,T Tereza,1,0,1
Malawi,5,T Tereza,B Phelenyane,D Ndipo,2,0,2
Malawi,5,T Tereza,B Phelenyane,D Ndipo,0,1,1
Malawi,5,T Tereza,B Phelenyane,D Ndipo,1,0,1
Malawi,5,D Ndipo,B Phelenyane,T Tereza,0,0,0
Malawi,6,T Tereza,T Ramabitsa,D Ndipo,0,1,1
