Team,Over,Batter,Bowler,Non_Striker,Batter_Runs,Extras,Total_Runs
Mozambique,0,O Mondlane,SN Shihepo,M Matine,1,0,1
Mozambique,0,M Matine,SN Shihepo,O Mondlane,0,0,0
Mozambique,0,M Matine,SN Shihepo,O Mondlane,0,0,0
Mozambique,0,M Matine,SN Shihepo,O Mondlane,0,0,0
Mozambique,0,M Matine,SN Shihepo,O Mondlane,0,0,0
Mozambique,0,M Matine,SN Shihepo,O Mondlane,0,0,0
Mozambique,1,O Mondlane,S Namusha,M Matine,0,0,0
Mozambique,1,O Mondlane,S Namusha,M Matine,0,0,0
Mozambique,1,O Mondlane,S Namusha,M Matine,0,0,0
Mozambique,1,O Mondlane,S Namusha,M Matine,0,0,0
Mozambique,1,O Mondlane,S Namusha,M Matine,1,0,1
Mozambique,1,M Matine,S Namusha,O Mondlane,0,1,1
Mozambique,1,M Matine,S Namusha,O Mondlane,0,0,0
Mozambique,2,O Mondlane,SN Shihepo,M Matine,0,0,0
Mozambique,2,O Mondlane,SN Shihepo,M Matine,0,0,0
Mozambique,2,O Mondlane,SN Shihepo,M Matine,4,0,4
Mozambique,2,O Mondlane,SN Shihepo,M Matine,0,0,0
Mozambique,2,O Mondlane,SN Shihepo,M Matine,0,0,0
Mozambique,2,O Mondlane,SN Shihepo,M Matine,4,0,4
Mozambique,3,M Matine,S Namusha,O Mondlane,0,1,1
Mozambique,3,M Matine,S Namusha,O Mondlane,0,0,0
Mozambique,3,M Matine,S Namusha,O Mondlane,0,0,0
Mozambique,3,C Magaia,S Namusha,O Mondlane,0,0,0
Mozambique,3,E Moiane,S Namusha,O Mondlane,0,0,0
Mozambique,3,E Moiane,S Namusha,O Mondlane,0,0,0
Mozambique,3,E Moiane,S Namusha,O Mondlane,1,0,1
Mozambique,4,E Moiane,SN Shihepo,O Mondlane,0,0,0
Mozambique,4,E Moiane,SN Shihepo,O Mondlane,0,0,0
Mozambique,4,P Cuinica,SN Shihepo,O Mondlane,0,1,1
Mozambique,4,P Cuinica,SN Shihepo,O Mondlane,0,0,0
Mozambique,4,P Cuinica,SN Shihepo,O Mondlane,0,0,0
Mozambique,4,P Cuinica,SN Shihepo,O Mondlane,0,0,0
Mozambique,4,P Cuinica,SN Shihepo,O Mondlane,0,0,0
Mozambique,5,O Mondlane,S Namusha,C Murrombe,0,1,1
Mozambique,5,O Mondlane,S Namusha,C Murrombe,1,0,1
Mozambique,5,C Murrombe,S Namusha,O Mondlane,0,0,0
Mozambique,5,C Murrombe,S Namusha,O Mondlane,0,0,0
Mozambique,5,C Murrombe,S Namusha,O Mondlane,0,0,0
Mozambique,5,C Murrombe,S Namusha,O Mondlane,0,0,0
Mozambique,5,C Murrombe,S Namusha,O Mondlane,0,0,0
Mozambique,6,O Mondlane,SN Shihepo,C Murrombe,0,0,0
Mozambique,6,O Mondlane,SN Shihepo,C Murrombe,0,0,0
Mozambique,6,O Mondlane,SN Shihepo,C Murrombe,0,0,0
Mozambique,6,O Mondlane,SN Shihepo,C Murrombe,0,0,0
Mozambique,6,C Murrombe,SN Shihepo,F Guirrugo,1,0,1
Mozambique,6,F Guirrugo,SN Shihepo,C Murrombe,0,0,0
Mozambique,7,C Murrombe,S Namusha,F Guirrugo,0,0,0
Mozambique,7,C Murrombe,S Namusha,F Guirrugo,0,0,0
Mozambique,7,C Murrombe,S Namusha,F Guirrugo,0,0,0
Mozambique,7,C Murrombe,S Namusha,F Guirrugo,0,0,0
Mozambique,7,C Murrombe,S Namusha,F Guirrugo,0,0,0
Mozambique,7,C Murrombe,S Namusha,F Guirrugo,0,0,0
Mozambique,8,F Guirrugo,Reehana Khan,I Chuma,1,0,1
Mozambique,8,I Chuma,Reehana Khan,F Guirrugo,0,0,0
Mozambique,8,I Chuma,Reehana Khan,F Guirrugo,1,0,1
Mozambique,8,F Guirrugo,Reehana Khan,I Chuma,0,0,0
Mozambique,8,F Guirrugo,Reehana Khan,I Chuma,0,0,0
Mozambique,8,F Guirrugo,Reehana Khan,I Chuma,0,0,0
Mozambique,9,I Chuma,KA Green,F Guirrugo,1,0,1
Mozambique,9,F Guirrugo,KA Green,I Chuma,0,1,1
Mozambique,9,I Chuma,KA Green,F Guirrugo,0,0,0
Mozambique,9,A Salomao,KA Green,F Guirrugo,0,0,0
Mozambique,9,A Salomao,KA Green,F Guirrugo,0,0,0
Mozambique,9,O Matsolo,KA Green,F Guirrugo,0,0,0
Mozambique,10,F Guirrugo,Reehana Khan,O Matsolo,0,0,0
Mozambique,10,F Guirrugo,Reehana Khan,O Matsolo,0,0,0
Mozambique,10,F Guirrugo,Reehana Khan,O Matsolo,4,0,4
Mozambique,10,F Guirrugo,Reehana Khan,O Matsolo,0,0,0
Mozambique,10,A Cossa,Reehana Khan,O Matsolo,0,0,0
Mozambique,10,A Cossa,Reehana Khan,O Matsolo,0,0,0
Namibia,0,Yasmeen Khan,P Cuinica,JA Diergaardt,0,1,1
Namibia,0,Yasmeen Khan,P Cuinica,JA Diergaardt,4,0,4
Namibia,0,Yasmeen Khan,P Cuinica,JA Diergaardt,0,1,1
Namibia,0,JA Diergaardt,P Cuinica,Yasmeen Khan,0,0,0
Namibia,0,JA Diergaardt,P Cuinica,Yasmeen Khan,0,0,0
Namibia,0,JA Diergaardt,P Cuinica,Yasmeen Khan,0,2,2
Namibia,0,JA Diergaardt,P Cuinica,Yasmeen Khan,0,0,0
Namibia,1,Yasmeen Khan,I Chuma,JA Diergaardt,4,0,4
Namibia,1,Yasmeen Khan,I Chuma,JA Diergaardt,4,0,4
Namibia,1,Yasmeen Khan,I Chuma,JA Diergaardt,0,0,0
Namibia,1,Yasmeen Khan,I Chuma,JA Diergaardt,0,0,0
Namibia,1,Yasmeen Khan,I Chuma,JA Diergaardt,4,0,4
Namibia,1,Yasmeen Khan,I Chuma,JA Diergaardt,1,0,1
Namibia,2,Yasmeen Khan,P Cuinica,JA Diergaardt,0,1,1
Namibia,2,Yasmeen Khan,P Cuinica,JA Diergaardt,4,0,4
