Team,Over,Batter,Bowler,Non_Striker,Batter_Runs,Extras,Total_Runs
Pakistan,0,Nahida Khan,ML Schutt,Javeria Khan,0,1,1
Pakistan,0,Javeria Khan,ML Schutt,Nahida Khan,0,0,0
Pakistan,0,Javeria Khan,ML Schutt,Nahida Khan,1,0,1
Pakistan,0,Nahida Khan,ML Schutt,Javeria Khan,0,0,0
Pakistan,0,Nahida Khan,ML Schutt,Javeria Khan,0,0,0
Pakistan,0,Nahida Khan,ML Schutt,Javeria Khan,0,0,0
Pakistan,1,Javeria Khan,S Molineux,Nahida Khan,1,0,1
Pakistan,1,Nahida Khan,S Molineux,Javeria Khan,1,0,1
Pakistan,1,Javeria Khan,S Molineux,Nahida Khan,1,0,1
Pakistan,1,Nahida Khan,S Molineux,Javeria Khan,1,0,1
Pakistan,1,Javeria Khan,S Molineux,Nahida Khan,0,5,5
Pakistan,1,Javeria Khan,S Molineux,Nahida Khan,1,0,1
Pakistan,1,Nahida Khan,S Molineux,Javeria Khan,2,0,2
Pakistan,2,Javeria Khan,EA Perry,Nahida Khan,0,0,0
Pakistan,2,Javeria Khan,EA Perry,Nahida Khan,0,0,0
Pakistan,2,Javeria Khan,EA Perry,Nahida Khan,1,0,1
Pakistan,2,Nahida Khan,EA Perry,Javeria Khan,1,0,1
Pakistan,2,Javeria Khan,EA Perry,Nahida Khan,1,0,1
Pakistan,2,Nahida Khan,EA Perry,Javeria Khan,0,0,0
Pakistan,3,Bismah Maroof,JL Jonassen,Nahida Khan,0,0,0
Pakistan,3,Bismah Maroof,JL Jonassen,Nahida Khan,0,0,0
Pakistan,3,Bismah Maroof,JL Jonassen,Nahida Khan,0,0,0
Pakistan,3,Bismah Maroof,JL Jonassen,Nahida Khan,0,0,0
Pakistan,3,Bismah Maroof,JL Jonassen,Nahida Khan,0,0,0
Pakistan,3,Bismah Maroof,JL Jonassen,Nahida Khan,1,0,1
Pakistan,4,Bismah Maroof,ML Schutt,Nahida Khan,2,0,2
Pakistan,4,Bismah Maroof,ML Schutt,Nahida Khan,0,1,1
Pakistan,4,Bismah Maroof,ML Schutt,Nahida Khan,0,0,0
Pakistan,4,Bismah Maroof,ML Schutt,Nahida Khan,1,0,1
Pakistan,4,Nahida Khan,ML Schutt,Bismah Maroof,1,0,1
Pakistan,4,Bismah Maroof,ML Schutt,Nahida Khan,1,0,1
Pakistan,4,Nahida Khan,ML Schutt,Bismah Maroof,0,0,0
Pakistan,5,Umaima Sohail,EA Perry,Bismah Maroof,4,0,4
Pakistan,5,Umaima Sohail,EA Perry,Bismah Maroof,0,0,0
Pakistan,5,Umaima Sohail,EA Perry,Bismah Maroof,0,0,0
Pakistan,5,Umaima Sohail,EA Perry,Bismah Maroof,0,0,0
Pakistan,5,Aliya Riaz,EA Perry,Bismah Maroof,1,0,1
Pakistan,5,Bismah Maroof,EA Perry,Aliya Riaz,1,0,1
Pakistan,6,Bismah Maroof,JL Jonassen,Aliya Riaz,4,0,4
Pakistan,6,Bismah Maroof,JL Jonassen,Aliya Riaz,1,0,1
Pakistan,6,Aliya Riaz,JL Jonassen,Bismah Maroof,0,0,0
Pakistan,6,Aliya Riaz,JL Jonassen,Bismah Maroof,0,0,0
Pakistan,6,Aliya Riaz,JL Jonassen,Bismah Maroof,0,1,1
Pakistan,6,Aliya Riaz,JL Jonassen,Bismah Maroof,0,0,0
Pakistan,6,Aliya Riaz,JL Jonassen,Bismah Maroof,1,0,1
Pakistan,7,Aliya Riaz,DM Kimmince,Bismah Maroof,1,0,1
Pakistan,7,Bismah Maroof,DM Kimmince,Aliya Riaz,1,0,1
Pakistan,7,Aliya Riaz,DM Kimmince,Bismah Maroof,0,0,0
Pakistan,7,Aliya Riaz,DM Kimmince,Bismah Maroof,0,4,4
Pakistan,7,Aliya Riaz,DM Kimmince,Bismah Maroof,0,0,0
Pakistan,7,Aliya Riaz,DM Kimmince,Bismah Maroof,0,0,0
Pakistan,8,Bismah Maroof,A Gardner,Aliya Riaz,0,0,0
Pakistan,8,Bismah Maroof,A Gardner,Aliya Riaz,0,0,0
Pakistan,8,Bismah Maroof,A Gardner,Aliya Riaz,0,0,0
Pakistan,8,Bismah Maroof,A Gardner,Aliya Riaz,0,0,0
Pakistan,8,Bismah Maroof,A Gardner,Aliya Riaz,0,0,0
Pakistan,8,Bismah Maroof,A Gardner,Aliya Riaz,1,0,1
Pakistan,9,Bismah Maroof,S Molineux,Aliya Riaz,1,0,1
Pakistan,9,Aliya Riaz,S Molineux,Bismah Maroof,0,0,0
Pakistan,9,Aliya Riaz,S Molineux,Bismah Maroof,1,0,1
Pakistan,9,Bismah Maroof,S Molineux,Aliya Riaz,1,0,1
Pakistan,9,Aliya Riaz,S Molineux,Bismah Maroof,0,0,0
Pakistan,9,Aliya Riaz,S Molineux,Bismah Maroof,1,0,1
Pakistan,10,Aliya Riaz,G Wareham,Bismah Maroof,1,0,1
Pakistan,10,Bismah Maroof,G Wareham,Aliya Riaz,0,0,0
Pakistan,10,Bismah Maroof,G Wareham,Aliya Riaz,1,0,1
Pakistan,10,Aliya Riaz,G Wareham,Bismah Maroof,0,0,0
Pakistan,10,Aliya Riaz,G Wareham,Bismah Maroof,1,0,1
Pakistan,10,Bismah Maroof,G Wareham,Aliya Riaz,4,0,4
Pakistan,11,Aliya Riaz,A Gardner,Bismah Maroof,1,0,1
Pakistan,11,Bismah Maroof,A Gardner,Aliya Riaz,0,0,0
Pakistan,11,Bismah Maroof,A Gardner,Aliya Riaz,1,0,1
Pakistan,11,Aliya Riaz,A Gardner,Bismah Maroof,0,0,0
Pakistan,11,Aliya Riaz,A Gardner,Bismah Maroof,1,0,1
Pakistan,11,Bismah Maroof,A Gardner,Aliya Riaz,0,0,0
Pakistan,12,Aliya Riaz,S Molineux,Bismah Maroof,0,0,0
Pakistan,12,Aliya Riaz,S Molineux,Bismah Maroof,4,0,4
Pakistan,12,Aliya Riaz,S Molineux,Bismah Maroof,1,0,1
Pakistan,12,Bismah Maroof,S Molineux,Aliya Riaz,0,0,0
Pakistan,12,Bismah Maroof,S Molineux,Aliya Riaz,1,0,1
Pakistan,12,Aliya Riaz,S Molineux,Bismah Maroof,0,0,0
Pakistan,13,Bismah Maroof,JL Jonassen,Aliya Riaz,0,0,0
Pakistan,13,Bismah Maroof,JL Jonassen,Aliya Riaz,2,0,2
Pakistan,13,Bismah Maroof,JL Jonassen,Aliya Riaz,1,0,1
Pakistan,13,Aliya Riaz,JL Jonassen,Bismah Maroof,0,1,1
Pakistan,13,Bismah Maroof,JL Jonassen,Aliya Riaz,4,0,4
Pakistan,13,Bismah Maroof,JL Jonassen,Aliya Riaz,1,0,1
Pakistan,13,Aliya Riaz,JL Jonassen,Bismah Maroof,1,0,1
Pakistan,14,Aliya Riaz,A Gardner,Bismah Maroof,1,0,1
Pakistan,14,Bismah Maroof,A Gardner,Aliya Riaz,1,0,1
Pakistan,14,Aliya Riaz,A Gardner,Bismah Maroof,0,0,0
Pakistan,14,Aliya Riaz,A Gardner,Bismah Maroof,1,0,1
Pakistan,14,Bismah Maroof,A Gardner,Aliya Riaz,0,0,0
Pakistan,14,Nida Dar,A Gardner,Bismah Maroof,1,0,1
Pakistan,15,Nida Dar,DM Kimmince,Bismah Maroof,0,0,0
Pakistan,15,Nida Dar,DM Kimmince,Bismah Maroof,1,0,1
Pakistan,15,Bismah Maroof,DM Kimmince,Nida Dar,0,0,0
Pakistan,15,Bismah Maroof,DM Kimmince,Nida Dar,0,1,1
Pakistan,15,Bismah Maroof,DM Kimmince,Nida Dar,0,0,0
Pakistan,15,Bismah Maroof,DM Kimmince,Nida Dar,0,0,0
Pakistan,15,Bismah Maroof,DM Kimmince,Nida Dar,1,0,1
Pakistan,16,Bismah Maroof,ML Schutt,Nida Dar,1,0,1
Pakistan,16,Nida Dar,ML Schutt,Bismah Maroof,1,0,1
Pakistan,16,Bismah Maroof,ML Schutt,Nida Dar,1,0,1
Pakistan,16,Sana Mir,ML Schutt,Nida Dar,1,0,1
Pakistan,16,Nida Dar,ML Schutt,Sana Mir,0,0,0
Pakistan,16,Nida Dar,ML Schutt,Sana Mir,1,0,1
Pakistan,17,Nida Dar,DM Kimmince,Sana Mir,1,0,1
Pakistan,17,Sana Mir,DM Kimmince,Nida Dar,0,0,0
Pakistan,17,Sana Mir,DM Kimmince,Nida Dar,1,0,1
Pakistan,17,Nida Dar,DM Kimmince,Sana Mir,2,0,2
Pakistan,17,Nida Dar,DM Kimmince,Sana Mir,0,0,0
Pakistan,17,Nida Dar,DM Kimmince,Sana Mir,0,0,0
Pakistan,18,Sana Mir,ML Schutt,Nida Dar,0,1,1
Pakistan,18,Nida Dar,ML Schutt,Sana Mir,0,0,0
Pakistan,18,Nida Dar,ML Schutt,Sana Mir,0,0,0
Pakistan,18,Natalia Pervaiz,ML Schutt,Sana Mir,1,0,1
Pakistan,18,Sana Mir,ML Schutt,Natalia Pervaiz,1,0,1
Pakistan,18,Natalia Pervaiz,ML Schutt,Sana Mir,1,0,1
Pakistan,19,Natalia Pervaiz,DM Kimmince,Sana Mir,0,0,0
Pakistan,19,Diana Baig,DM Kimmince,Sana Mir,1,0,1
Pakistan,19,Sana Mir,DM Kimmince,Diana Baig,1,0,1
Pakistan,19,Diana Baig,DM Kimmince,Sana Mir,1,0,1
Pakistan,19,Sana Mir,DM Kimmince,Diana Baig,0,0,0
Pakistan,19,Sana Mir,DM Kimmince,Diana Baig,0,0,0
Australia,0,AJ Healy,Sana Mir,BL Mooney,0,0,0
Australia,0,AJ Healy,Sana Mir,BL Mooney,0,0,0
Australia,0,AJ Healy,Sana Mir,BL Mooney,0,0,0
Australia,0,AJ Healy,Sana Mir,BL Mooney,0,0,0
Australia,0,AJ Healy,Sana Mir,BL Mooney,0,1,1
Australia,0,AJ Healy,Sana Mir,BL Mooney,4,0,4
Australia,0,AJ Healy,Sana Mir,BL Mooney,4,0,4
Australia,1,BL Mooney,Diana Baig,AJ Healy,1,0,1
Australia,1,AJ Healy,Diana Baig,BL Mooney,1,0,1
Australia,1,BL Mooney,Diana Baig,AJ Healy,0,0,0
Australia,1,BL Mooney,Diana Baig,AJ Healy,1,0,1
Australia,1,AJ Healy,Diana Baig,BL Mooney,4,0,4
Australia,1,AJ Healy,Diana Baig,BL Mooney,1,0,1
Australia,2,AJ Healy,Anam Amin,BL Mooney,0,0,0
Australia,2,AJ Healy,Anam Amin,BL Mooney,4,0,4
Australia,2,AJ Healy,Anam Amin,BL Mooney,1,0,1
Australia,2,BL Mooney,Anam Amin,AJ Healy,0,0,0
Australia,2,BL Mooney,Anam Amin,AJ Healy,4,0,4
Australia,2,BL Mooney,Anam Amin,AJ Healy,0,0,0
Australia,3,AJ Healy,Diana Baig,BL Mooney,4,0,4
Australia,3,AJ Healy,Diana Baig,BL Mooney,0,1,1
Australia,3,AJ Healy,Diana Baig,BL Mooney,0,0,0
Australia,3,AJ Healy,Diana Baig,BL Mooney,6,0,6
Australia,3,AJ Healy,Diana Baig,BL Mooney,1,0,1
Australia,3,BL Mooney,Diana Baig,AJ Healy,1,0,1
Australia,3,AJ Healy,Diana Baig,BL Mooney,1,0,1
Australia,4,AJ Healy,Nida Dar,BL Mooney,0,0,0
Australia,4,AJ Healy,Nida Dar,BL Mooney,0,0,0
Australia,4,AJ Healy,Nida Dar,BL Mooney,0,0,0
Australia,4,AJ Healy,Nida Dar,BL Mooney,0,0,0
Australia,4,AJ Healy,Nida Dar,BL Mooney,0,0,0
Australia,4,AJ Healy,Nida Dar,BL Mooney,0,0,0
Australia,5,BL Mooney,Natalia Pervaiz,AJ Healy,0,1,1
Australia,5,BL Mooney,Natalia Pervaiz,AJ Healy,4,0,4
Australia,5,BL Mooney,Natalia Pervaiz,AJ Healy,0,1,1
Australia,5,BL Mooney,Natalia Pervaiz,AJ Healy,1,0,1
Australia,5,AJ Healy,Natalia Pervaiz,BL Mooney,0,0,0
Australia,5,AJ Healy,Natalia Pervaiz,BL Mooney,1,0,1
Australia,5,BL Mooney,Natalia Pervaiz,AJ Healy,1,0,1
Australia,5,AJ Healy,Natalia Pervaiz,BL Mooney,0,0,0
Australia,6,BL Mooney,Nida Dar,AJ Healy,1,0,1
Australia,6,AJ Healy,Nida Dar,BL Mooney,1,0,1
Australia,6,BL Mooney,Nida Dar,AJ Healy,2,0,2
Australia,6,BL Mooney,Nida Dar,AJ Healy,4,0,4
Australia,6,BL Mooney,Nida Dar,AJ Healy,1,0,1
Australia,6,AJ Healy,Nida Dar,BL Mooney,2,0,2
Australia,7,BL Mooney,Natalia Pervaiz,AJ Healy,0,0,0
Australia,7,A Gardner,Natalia Pervaiz,AJ Healy,1,0,1
Australia,7,AJ Healy,Natalia Pervaiz,A Gardner,1,0,1
Australia,7,A Gardner,Natalia Pervaiz,AJ Healy,1,0,1
Australia,7,AJ Healy,Natalia Pervaiz,A Gardner,4,0,4
Australia,7,AJ Healy,Natalia Pervaiz,A Gardner,1,0,1
Australia,8,AJ Healy,Aliya Riaz,A Gardner,4,0,4
Australia,8,AJ Healy,Aliya Riaz,A Gardner,4,0,4
Australia,8,AJ Healy,Aliya Riaz,A Gardner,2,0,2
Australia,8,AJ Healy,Aliya Riaz,A Gardner,0,0,0
Australia,8,AJ Healy,Aliya Riaz,A Gardner,0,1,1
Australia,8,AJ Healy,Aliya Riaz,A Gardner,0,1,1
Australia,8,AJ Healy,Aliya Riaz,A Gardner,1,0,1
Australia,8,A Gardner,Aliya Riaz,AJ Healy,1,0,1
Australia,9,A Gardner,Sana Mir,AJ Healy,0,0,0
Australia,9,A Gardner,Sana Mir,AJ Healy,0,0,0
Australia,9,A Gardner,Sana Mir,AJ Healy,1,0,1
Australia,9,AJ Healy,Sana Mir,A Gardner,4,0,4
Australia,9,AJ Healy,Sana Mir,A Gardner,6,0,6
Australia,9,AJ Healy,Sana Mir,A Gardner,1,0,1
Australia,10,AJ Healy,Anam Amin,A Gardner,0,0,0
Australia,10,AJ Healy,Anam Amin,A Gardner,4,0,4
