Team,Over,Batter,Bowler,Non_Striker,Batter_Runs,Extras,Total_Runs
Pakistan,0,Nahida Khan,ML Schutt,Javeria Khan,0,0,0
Pakistan,0,Nahida Khan,ML Schutt,Javeria Khan,0,0,0
Pakistan,0,Nahida Khan,ML Schutt,Javeria Khan,0,1,1
Pakistan,0,Nahida Khan,ML Schutt,Javeria Khan,0,0,0
Pakistan,0,Nahida Khan,ML Schutt,Javeria Khan,0,0,0
Pakistan,0,Nahida Khan,ML Schutt,Javeria Khan,1,0,1
Pakistan,0,Javeria Khan,ML Schutt,Nahida Khan,0,1,1
Pakistan,0,Javeria Khan,ML Schutt,Nahida Khan,0,0,0
Pakistan,1,Nahida Khan,EA Perry,Javeria Khan,1,0,1
Pakistan,1,Javeria Khan,EA Perry,Nahida Khan,0,1,1
Pakistan,1,Javeria Khan,EA Perry,Nahida Khan,4,0,4
Pakistan,1,Javeria Khan,EA Perry,Nahida Khan,0,0,0
Pakistan,1,Javeria Khan,EA Perry,Nahida Khan,0,0,0
Pakistan,1,Javeria Khan,EA Perry,Nahida Khan,0,0,0
Pakistan,1,Javeria Khan,EA Perry,Nahida Khan,4,0,4
Pakistan,2,Nahida Khan,S Molineux,Javeria Khan,0,0,0
Pakistan,2,Nahida Khan,S Molineux,Javeria Khan,1,0,1
Pakistan,2,Javeria Khan,S Molineux,Nahida Khan,1,0,1
Pakistan,2,Nahida Khan,S Molineux,Javeria Khan,0,0,0
Pakistan,2,Umaima Sohail,S Molineux,Javeria Khan,0,0,0
Pakistan,2,Umaima Sohail,S Molineux,Javeria Khan,1,0,1
Pakistan,3,Umaima Sohail,ML Schutt,Javeria Khan,0,0,0
Pakistan,3,Umaima Sohail,ML Schutt,Javeria Khan,1,0,1
Pakistan,3,Javeria Khan,ML Schutt,Umaima Sohail,0,0,0
Pakistan,3,Javeria Khan,ML Schutt,Umaima Sohail,0,0,0
Pakistan,3,Javeria Khan,ML Schutt,Umaima Sohail,1,0,1
Pakistan,3,Umaima Sohail,ML Schutt,Javeria Khan,0,0,0
Pakistan,4,Javeria Khan,S Molineux,Umaima Sohail,0,0,0
Pakistan,4,Javeria Khan,S Molineux,Umaima Sohail,4,0,4
Pakistan,4,Javeria Khan,S Molineux,Umaima Sohail,1,0,1
Pakistan,4,Umaima Sohail,S Molineux,Javeria Khan,0,0,0
Pakistan,4,Umaima Sohail,S Molineux,Javeria Khan,0,0,0
Pakistan,4,Umaima Sohail,S Molineux,Javeria Khan,2,0,2
Pakistan,5,Javeria Khan,DM Kimmince,Umaima Sohail,0,1,1
Pakistan,5,Javeria Khan,DM Kimmince,Umaima Sohail,1,0,1
Pakistan,5,Umaima Sohail,DM Kimmince,Javeria Khan,4,0,4
Pakistan,5,Umaima Sohail,DM Kimmince,Javeria Khan,0,0,0
Pakistan,5,Umaima Sohail,DM Kimmince,Javeria Khan,1,0,1
Pakistan,5,Javeria Khan,DM Kimmince,Umaima Sohail,4,0,4
Pakistan,5,Javeria Khan,DM Kimmince,Umaima Sohail,0,0,0
Pakistan,6,Umaima Sohail,A Gardner,Javeria Khan,1,0,1
Pakistan,6,Javeria Khan,A Gardner,Umaima Sohail,1,0,1
Pakistan,6,Umaima Sohail,A Gardner,Javeria Khan,4,0,4
Pakistan,6,Umaima Sohail,A Gardner,Javeria Khan,0,0,0
Pakistan,6,Umaima Sohail,A Gardner,Javeria Khan,1,0,1
Pakistan,6,Javeria Khan,A Gardner,Umaima Sohail,1,0,1
Pakistan,7,Javeria Khan,DM Kimmince,Umaima Sohail,0,0,0
Pakistan,7,Javeria Khan,DM Kimmince,Umaima Sohail,0,0,0
Pakistan,7,Javeria Khan,DM Kimmince,Umaima Sohail,0,0,0
Pakistan,7,Javeria Khan,DM Kimmince,Umaima Sohail,1,0,1
Pakistan,7,Umaima Sohail,DM Kimmince,Javeria Khan,1,0,1
Pakistan,7,Javeria Khan,DM Kimmince,Umaima Sohail,4,0,4
Pakistan,8,Umaima Sohail,G Wareham,Javeria Khan,4,0,4
Pakistan,8,Umaima Sohail,G Wareham,Javeria Khan,0,0,0
Pakistan,8,Umaima Sohail,G Wareham,Javeria Khan,0,0,0
Pakistan,8,Umaima Sohail,G Wareham,Javeria Khan,1,0,1
Pakistan,8,Javeria Khan,G Wareham,Umaima Sohail,0,0,0
Pakistan,8,Bismah Maroof,G Wareham,Umaima Sohail,0,0,0
Pakistan,9,Umaima Sohail,A Gardner,Nida Dar,0,0,0
Pakistan,9,Umaima Sohail,A Gardner,Nida Dar,1,0,1
Pakistan,9,Nida Dar,A Gardner,Umaima Sohail,1,0,1
Pakistan,9,Umaima Sohail,A Gardner,Nida Dar,1,0,1
Pakistan,9,Nida Dar,A Gardner,Umaima Sohail,1,0,1
Pakistan,9,Umaima Sohail,A Gardner,Nida Dar,1,0,1
Pakistan,10,Umaima Sohail,G Wareham,Nida Dar,6,0,6
Pakistan,10,Umaima Sohail,G Wareham,Nida Dar,0,0,0
Pakistan,10,Umaima Sohail,G Wareham,Nida Dar,1,0,1
Pakistan,10,Nida Dar,G Wareham,Umaima Sohail,0,0,0
Pakistan,10,Nida Dar,G Wareham,Umaima Sohail,0,0,0
Pakistan,10,Aliya Riaz,G Wareham,Umaima Sohail,0,0,0
Pakistan,11,Umaima Sohail,EA Perry,Aliya Riaz,0,2,2
Pakistan,11,Aliya Riaz,EA Perry,Umaima Sohail,0,0,0
Pakistan,11,Aliya Riaz,EA Perry,Umaima Sohail,0,0,0
Pakistan,11,Aliya Riaz,EA Perry,Umaima Sohail,0,0,0
Pakistan,11,Aliya Riaz,EA Perry,Umaima Sohail,1,0,1
Pakistan,11,Umaima Sohail,EA Perry,Aliya Riaz,0,0,0
Pakistan,11,Umaima Sohail,EA Perry,Aliya Riaz,2,0,2
Pakistan,12,Aliya Riaz,A Gardner,Umaima Sohail,0,0,0
Pakistan,12,Sana Mir,A Gardner,Umaima Sohail,0,0,0
Pakistan,12,Sana Mir,A Gardner,Umaima Sohail,1,0,1
Pakistan,12,Umaima Sohail,A Gardner,Sana Mir,1,0,1
Pakistan,12,Sana Mir,A Gardner,Umaima Sohail,0,0,0
Pakistan,12,Sana Mir,A Gardner,Umaima Sohail,0,0,0
Pakistan,13,Umaima Sohail,DM Kimmince,Sana Mir,4,0,4
Pakistan,13,Umaima Sohail,DM Kimmince,Sana Mir,0,1,1
Pakistan,13,Umaima Sohail,DM Kimmince,Sana Mir,1,0,1
Pakistan,13,Sana Mir,DM Kimmince,Umaima Sohail,1,0,1
Pakistan,13,Umaima Sohail,DM Kimmince,Sana Mir,1,0,1
Pakistan,13,Sana Mir,DM Kimmince,Umaima Sohail,1,0,1
Pakistan,13,Umaima Sohail,DM Kimmince,Sana Mir,0,0,0
Pakistan,14,Sana Mir,A Gardner,Umaima Sohail,1,0,1
Pakistan,14,Umaima Sohail,A Gardner,Sana Mir,2,0,2
Pakistan,14,Umaima Sohail,A Gardner,Sana Mir,1,0,1
Pakistan,14,Sana Mir,A Gardner,Umaima Sohail,0,0,0
Pakistan,14,Sana Mir,A Gardner,Umaima Sohail,0,0,0
Pakistan,14,Sana Mir,A Gardner,Umaima Sohail,0,0,0
Pakistan,15,Umaima Sohail,S Molineux,Sana Mir,0,0,0
Pakistan,15,Natalia Pervaiz,S Molineux,Sana Mir,0,0,0
Pakistan,15,Natalia Pervaiz,S Molineux,Sana Mir,0,0,0
Pakistan,15,Sidra Nawaz,S Molineux,Sana Mir,0,0,0
Pakistan,15,Sidra Nawaz,S Molineux,Sana Mir,0,0,0
Pakistan,15,Sidra Nawaz,S Molineux,Sana Mir,0,0,0
Pakistan,16,Sana Mir,ML Schutt,Sidra Nawaz,0,0,0
Pakistan,16,Sana Mir,ML Schutt,Sidra Nawaz,0,0,0
Pakistan,16,Sana Mir,ML Schutt,Sidra Nawaz,0,0,0
Pakistan,16,Sana Mir,ML Schutt,Sidra Nawaz,0,0,0
Pakistan,16,Diana Baig,ML Schutt,Sidra Nawaz,0,0,0
Pakistan,16,Diana Baig,ML Schutt,Sidra Nawaz,0,0,0
Pakistan,17,Sidra Nawaz,S Molineux,Diana Baig,0,0,0
Pakistan,17,Sidra Nawaz,S Molineux,Diana Baig,1,0,1
Pakistan,17,Diana Baig,S Molineux,Sidra Nawaz,1,0,1
Pakistan,17,Sidra Nawaz,S Molineux,Diana Baig,1,0,1
Pakistan,17,Diana Baig,S Molineux,Sidra Nawaz,0,0,0
Pakistan,17,Diana Baig,S Molineux,Sidra Nawaz,1,0,1
Pakistan,18,Diana Baig,DM Kimmince,Sidra Nawaz,1,0,1
Pakistan,18,Sidra Nawaz,DM Kimmince,Diana Baig,1,0,1
Pakistan,18,Diana Baig,DM Kimmince,Sidra Nawaz,1,0,1
Pakistan,18,Sidra Nawaz,DM Kimmince,Diana Baig,0,0,0
Pakistan,18,Diana Baig,DM Kimmince,Anam Amin,1,0,1
Pakistan,18,Anam Amin,DM Kimmince,Diana Baig,0,0,0
Pakistan,19,Diana Baig,ML Schutt,Anam Amin,0,0,0
Pakistan,19,Diana Baig,ML Schutt,Anam Amin,1,0,1
Pakistan,19,Anam Amin,ML Schutt,Diana Baig,0,4,4
Pakistan,19,Anam Amin,ML Schutt,Diana Baig,1,0,1
Pakistan,19,Diana Baig,ML Schutt,Anam Amin,0,0,0
Australia,0,AJ Healy,Sana Mir,BL Mooney,0,0,0
Australia,0,AJ Healy,Sana Mir,BL Mooney,1,0,1
Australia,0,BL Mooney,Sana Mir,AJ Healy,1,0,1
Australia,0,AJ Healy,Sana Mir,BL Mooney,1,0,1
Australia,0,BL Mooney,Sana Mir,AJ Healy,0,0,0
Australia,0,BL Mooney,Sana Mir,AJ Healy,0,0,0
Australia,1,AJ Healy,Diana Baig,BL Mooney,1,0,1
Australia,1,BL Mooney,Diana Baig,AJ Healy,0,0,0
Australia,1,BL Mooney,Diana Baig,AJ Healy,1,0,1
Australia,1,AJ Healy,Diana Baig,BL Mooney,1,0,1
Australia,1,BL Mooney,Diana Baig,AJ Healy,0,1,1
Australia,1,AJ Healy,Diana Baig,BL Mooney,0,0,0
Australia,2,BL Mooney,Sana Mir,AJ Healy,1,0,1
Australia,2,AJ Healy,Sana Mir,BL Mooney,0,0,0
Australia,2,AJ Healy,Sana Mir,BL Mooney,2,0,2
Australia,2,AJ Healy,Sana Mir,BL Mooney,0,0,0
Australia,2,BL Mooney,Sana Mir,A Gardner,0,1,1
Australia,2,A Gardner,Sana Mir,BL Mooney,0,0,0
Australia,3,BL Mooney,Diana Baig,A Gardner,0,0,0
Australia,3,BL Mooney,Diana Baig,A Gardner,4,0,4
Australia,3,BL Mooney,Diana Baig,A Gardner,4,0,4
Australia,3,BL Mooney,Diana Baig,A Gardner,1,0,1
Australia,3,A Gardner,Diana Baig,BL Mooney,1,0,1
Australia,3,BL Mooney,Diana Baig,A Gardner,1,0,1
Australia,4,BL Mooney,Sana Mir,A Gardner,0,0,0
Australia,4,BL Mooney,Sana Mir,A Gardner,0,0,0
Australia,4,BL Mooney,Sana Mir,A Gardner,1,0,1
Australia,4,A Gardner,Sana Mir,BL Mooney,4,0,4
Australia,4,A Gardner,Sana Mir,BL Mooney,0,0,0
Australia,4,A Gardner,Sana Mir,BL Mooney,0,0,0
Australia,5,BL Mooney,Anam Amin,A Gardner,1,0,1
Australia,5,A Gardner,Anam Amin,BL Mooney,4,0,4
Australia,5,A Gardner,Anam Amin,BL Mooney,0,0,0
Australia,5,MM Lanning,Anam Amin,BL Mooney,0,0,0
Australia,5,MM Lanning,Anam Amin,BL Mooney,0,0,0
Australia,5,MM Lanning,Anam Amin,BL Mooney,0,0,0
Australia,6,BL Mooney,Natalia Pervaiz,MM Lanning,0,0,0
Australia,6,BL Mooney,Natalia Pervaiz,MM Lanning,1,0,1
Australia,6,MM Lanning,Natalia Pervaiz,BL Mooney,4,0,4
Australia,6,MM Lanning,Natalia Pervaiz,BL Mooney,4,0,4
Australia,6,MM Lanning,Natalia Pervaiz,BL Mooney,1,0,1
Australia,6,BL Mooney,Natalia Pervaiz,MM Lanning,1,0,1
Australia,7,BL Mooney,Anam Amin,MM Lanning,4,0,4
Australia,7,BL Mooney,Anam Amin,MM Lanning,4,0,4
Australia,7,BL Mooney,Anam Amin,MM Lanning,1,0,1
Australia,7,MM Lanning,Anam Amin,BL Mooney,1,0,1
Australia,7,BL Mooney,Anam Amin,MM Lanning,0,0,0
Australia,7,BL Mooney,Anam Amin,MM Lanning,1,0,1
Australia,8,BL Mooney,Nida Dar,MM Lanning,1,0,1
Australia,8,MM Lanning,Nida Dar,BL Mooney,0,0,0
Australia,8,MM Lanning,Nida Dar,BL Mooney,0,0,0
Australia,8,MM Lanning,Nida Dar,BL Mooney,0,0,0
Australia,8,MM Lanning,Nida Dar,BL Mooney,1,0,1
Australia,8,BL Mooney,Nida Dar,MM Lanning,1,0,1
Australia,9,BL Mooney,Aliya Riaz,MM Lanning,0,0,0
Australia,9,BL Mooney,Aliya Riaz,MM Lanning,0,0,0
Australia,9,EJ Villani,Aliya Riaz,MM Lanning,0,1,1
Australia,9,EJ Villani,Aliya Riaz,MM Lanning,1,0,1
Australia,9,MM Lanning,Aliya Riaz,EJ Villani,0,0,0
Australia,9,MM Lanning,Aliya Riaz,EJ Villani,0,0,0
Australia,9,MM Lanning,Aliya Riaz,EJ Villani,1,0,1
Australia,10,MM Lanning,Nida Dar,EJ Villani,0,0,0
Australia,10,MM Lanning,Nida Dar,EJ Villani,2,0,2
Australia,10,MM Lanning,Nida Dar,EJ Villani,0,0,0
Australia,10,MM Lanning,Nida Dar,EJ Villani,0,0,0
Australia,10,EA Perry,Nida Dar,EJ Villani,1,0,1
Australia,10,EJ Villani,Nida Dar,EA Perry,0,0,0
Australia,11,EA Perry,Aliya Riaz,EJ Villani,0,2,2
Australia,11,EA Perry,Aliya Riaz,EJ Villani,1,0,1
Australia,11,EJ Villani,Aliya Riaz,EA Perry,1,0,1
Australia,11,EA Perry,Aliya Riaz,EJ Villani,0,0,0
Australia,11,EA Perry,Aliya Riaz,EJ Villani,0,0,0
Australia,11,EA Perry,Aliya Riaz,EJ Villani,1,0,1
Australia,12,EA Perry,Nida Dar,EJ Villani,1,0,1
Australia,12,EJ Villani,Nida Dar,EA Perry,1,0,1
Australia,12,EA Perry,Nida Dar,EJ Villani,0,0,0
Australia,12,EA Perry,Nida Dar,EJ Villani,1,0,1
Australia,12,EJ Villani,Nida Dar,EA Perry,1,0,1
Australia,12,EA Perry,Nida Dar,EJ Villani,0,0,0
Australia,13,EJ Villani,Aliya Riaz,EA Perry,0,0,0
Australia,13,EJ Villani,Aliya Riaz,EA Perry,0,0,0
Australia,13,EJ Villani,Aliya Riaz,EA Perry,0,0,0
Australia,13,EJ Villani,Aliya Riaz,EA Perry,4,0,4
Australia,13,EJ Villani,Aliya Riaz,EA Perry,1,0,1
Australia,13,EA Perry,Aliya Riaz,EJ Villani,0,0,0
Australia,14,EJ Villani,Nida Dar,EA Perry,0,1,1
Australia,14,EJ Villani,Nida Dar,EA Perry,1,0,1
Australia,14,EA Perry,Nida Dar,EJ Villani,1,0,1
Australia,14,EJ Villani,Nida Dar,EA Perry,1,0,1
Australia,14,EA Perry,Nida Dar,EJ Villani,0,0,0
Australia,14,EA Perry,Nida Dar,EJ Villani,1,0,1
Australia,14,EJ Villani,Nida Dar,EA Perry,1,0,1
Australia,15,EJ Villani,Aliya Riaz,EA Perry,1,0,1
Australia,15,EA Perry,Aliya Riaz,EJ Villani,1,0,1
Australia,15,EJ Villani,Aliya Riaz,EA Perry,0,0,0
Australia,15,EJ Villani,Aliya Riaz,EA Perry,1,0,1
Australia,15,EA Perry,Aliya Riaz,EJ Villani,1,0,1
Australia,15,EJ Villani,Aliya Riaz,EA Perry,1,0,1
Australia,16,EJ Villani,Sana Mir,EA Perry,0,0,0
Australia,16,EJ Villani,Sana Mir,EA Perry,1,0,1
Australia,16,EA Perry,Sana Mir,EJ Villani,6,0,6
Australia,16,EA Perry,Sana Mir,EJ Villani,1,0,1
Australia,16,EJ Villani,Sana Mir,EA Perry,2,0,2
Australia,16,EJ Villani,Sana Mir,EA Perry,6,0,6
