Team,Over,Batter,Bowler,Non_Striker,Batter_Runs,Extras,Total_Runs
England,0,AE Jones,EA Perry,DN Wyatt,0,1,1
England,0,AE Jones,EA Perry,DN Wyatt,0,0,0
England,0,AE Jones,EA Perry,DN Wyatt,0,0,0
England,0,TT Beaumont,EA Perry,DN Wyatt,0,0,0
England,0,TT Beaumont,EA Perry,DN Wyatt,0,0,0
England,0,TT Beaumont,EA Perry,DN Wyatt,1,0,1
England,0,DN Wyatt,EA Perry,TT Beaumont,4,0,4
England,1,TT Beaumont,ML Schutt,DN Wyatt,1,0,1
England,1,DN Wyatt,ML Schutt,TT Beaumont,0,0,0
England,1,DN Wyatt,ML Schutt,TT Beaumont,0,0,0
England,1,DN Wyatt,ML Schutt,TT Beaumont,0,0,0
England,1,DN Wyatt,ML Schutt,TT Beaumont,4,0,4
England,1,DN Wyatt,ML Schutt,TT Beaumont,0,0,0
England,2,TT Beaumont,EA Perry,DN Wyatt,4,0,4
England,2,TT Beaumont,EA Perry,DN Wyatt,5,0,5
England,2,DN Wyatt,EA Perry,TT Beaumont,1,0,1
England,2,TT Beaumont,EA Perry,DN Wyatt,0,0,0
England,2,TT Beaumont,EA Perry,DN Wyatt,0,0,0
England,2,TT Beaumont,EA Perry,DN Wyatt,1,0,1
England,3,TT Beaumont,JL Jonassen,DN Wyatt,0,0,0
England,3,TT Beaumont,JL Jonassen,DN Wyatt,0,0,0
England,3,TT Beaumont,JL Jonassen,DN Wyatt,1,0,1
England,3,DN Wyatt,JL Jonassen,TT Beaumont,0,0,0
England,3,DN Wyatt,JL Jonassen,TT Beaumont,0,0,0
England,3,TT Beaumont,JL Jonassen,NR Sciver,0,0,0
England,4,NR Sciver,S Molineux,TT Beaumont,0,0,0
England,4,NR Sciver,S Molineux,TT Beaumont,0,0,0
England,4,NR Sciver,S Molineux,TT Beaumont,1,0,1
England,4,TT Beaumont,S Molineux,NR Sciver,0,0,0
England,4,TT Beaumont,S Molineux,NR Sciver,1,0,1
England,4,NR Sciver,S Molineux,TT Beaumont,2,0,2
England,5,TT Beaumont,JL Jonassen,NR Sciver,0,0,0
England,5,TT Beaumont,JL Jonassen,NR Sciver,1,0,1
England,5,NR Sciver,JL Jonassen,TT Beaumont,1,0,1
England,5,TT Beaumont,JL Jonassen,NR Sciver,1,0,1
England,5,NR Sciver,JL Jonassen,TT Beaumont,1,0,1
England,5,TT Beaumont,JL Jonassen,NR Sciver,4,0,4
England,6,NR Sciver,ML Schutt,TT Beaumont,1,0,1
England,6,TT Beaumont,ML Schutt,NR Sciver,1,0,1
England,6,NR Sciver,ML Schutt,TT Beaumont,1,0,1
England,6,TT Beaumont,ML Schutt,NR Sciver,1,0,1
England,6,NR Sciver,ML Schutt,TT Beaumont,1,0,1
England,6,TT Beaumont,ML Schutt,NR Sciver,0,0,0
England,7,NR Sciver,G Wareham,TT Beaumont,0,0,0
England,7,HC Knight,G Wareham,TT Beaumont,0,0,0
England,7,HC Knight,G Wareham,TT Beaumont,0,0,0
England,7,HC Knight,G Wareham,TT Beaumont,1,0,1
England,7,TT Beaumont,G Wareham,HC Knight,1,0,1
England,7,HC Knight,G Wareham,TT Beaumont,1,0,1
England,8,HC Knight,DM Kimmince,TT Beaumont,1,0,1
England,8,TT Beaumont,DM Kimmince,HC Knight,1,0,1
England,8,HC Knight,DM Kimmince,TT Beaumont,1,0,1
England,8,TT Beaumont,DM Kimmince,HC Knight,0,0,0
England,8,TT Beaumont,DM Kimmince,HC Knight,1,0,1
England,8,HC Knight,DM Kimmince,TT Beaumont,4,0,4
England,9,TT Beaumont,S Molineux,HC Knight,1,0,1
England,9,HC Knight,S Molineux,TT Beaumont,1,0,1
England,9,TT Beaumont,S Molineux,HC Knight,4,0,4
England,9,TT Beaumont,S Molineux,HC Knight,4,0,4
England,9,TT Beaumont,S Molineux,HC Knight,0,0,0
England,9,TT Beaumont,S Molineux,HC Knight,1,0,1
England,10,TT Beaumont,DM Kimmince,HC Knight,1,0,1
England,10,HC Knight,DM Kimmince,TT Beaumont,0,0,0
England,10,HC Knight,DM Kimmince,TT Beaumont,1,0,1
England,10,TT Beaumont,DM Kimmince,HC Knight,0,0,0
England,10,TT Beaumont,DM Kimmince,HC Knight,1,0,1
England,10,HC Knight,DM Kimmince,TT Beaumont,1,0,1
England,11,HC Knight,G Wareham,TT Beaumont,2,0,2
England,11,HC Knight,G Wareham,TT Beaumont,0,0,0
England,11,HC Knight,G Wareham,TT Beaumont,1,0,1
England,11,TT Beaumont,G Wareham,HC Knight,2,0,2
England,11,TT Beaumont,G Wareham,HC Knight,2,0,2
England,11,TT Beaumont,G Wareham,HC Knight,1,0,1
England,12,TT Beaumont,JL Jonassen,HC Knight,1,0,1
England,12,HC Knight,JL Jonassen,TT Beaumont,2,0,2
England,12,HC Knight,JL Jonassen,TT Beaumont,1,0,1
England,12,TT Beaumont,JL Jonassen,HC Knight,0,0,0
England,12,L Winfield,JL Jonassen,HC Knight,1,0,1
England,12,HC Knight,JL Jonassen,L Winfield,0,0,0
England,13,L Winfield,G Wareham,HC Knight,1,0,1
England,13,HC Knight,G Wareham,L Winfield,0,0,0
England,13,HC Knight,G Wareham,L Winfield,0,0,0
England,13,KH Brunt,G Wareham,L Winfield,0,0,0
England,13,KH Brunt,G Wareham,L Winfield,0,0,0
England,13,KH Brunt,G Wareham,L Winfield,0,0,0
England,14,L Winfield,DM Kimmince,KH Brunt,1,0,1
England,14,KH Brunt,DM Kimmince,L Winfield,0,1,1
England,14,KH Brunt,DM Kimmince,L Winfield,0,0,0
England,14,KH Brunt,DM Kimmince,L Winfield,1,0,1
England,14,L Winfield,DM Kimmince,KH Brunt,0,0,0
England,14,L Winfield,DM Kimmince,KH Brunt,0,0,0
England,14,L Winfield,DM Kimmince,KH Brunt,1,0,1
England,15,L Winfield,G Wareham,KH Brunt,1,0,1
England,15,KH Brunt,G Wareham,L Winfield,1,0,1
England,15,L Winfield,G Wareham,KH Brunt,1,0,1
England,15,KH Brunt,G Wareham,L Winfield,1,0,1
England,15,L Winfield,G Wareham,KH Brunt,6,0,6
England,15,L Winfield,G Wareham,KH Brunt,0,0,0
England,16,KH Brunt,ML Schutt,L Winfield,1,0,1
England,16,L Winfield,ML Schutt,KH Brunt,0,0,0
England,16,KH Brunt,ML Schutt,GA Elwiss,1,0,1
England,16,GA Elwiss,ML Schutt,KH Brunt,1,0,1
England,16,KH Brunt,ML Schutt,GA Elwiss,0,0,0
England,16,KH Brunt,ML Schutt,GA Elwiss,1,0,1
England,17,KH Brunt,DM Kimmince,GA Elwiss,0,0,0
England,17,S Ecclestone,DM Kimmince,GA Elwiss,1,0,1
England,17,GA Elwiss,DM Kimmince,S Ecclestone,1,0,1
England,17,S Ecclestone,DM Kimmince,GA Elwiss,1,0,1
England,17,GA Elwiss,DM Kimmince,S Ecclestone,1,0,1
England,17,S Ecclestone,DM Kimmince,GA Elwiss,1,0,1
England,18,S Ecclestone,JL Jonassen,GA Elwiss,1,0,1
England,18,GA Elwiss,JL Jonassen,S Ecclestone,1,0,1
England,18,S Ecclestone,JL Jonassen,GA Elwiss,1,0,1
England,18,GA Elwiss,JL Jonassen,S Ecclestone,0,0,0
England,18,GA Elwiss,JL Jonassen,S Ecclestone,1,0,1
England,18,S Ecclestone,JL Jonassen,GA Elwiss,1,0,1
England,19,S Ecclestone,ML Schutt,GA Elwiss,4,0,4
England,19,S Ecclestone,ML Schutt,GA Elwiss,1,0,1
England,19,LA Marsh,ML Schutt,S Ecclestone,1,0,1
England,19,S Ecclestone,ML Schutt,LA Marsh,0,0,0
England,19,S Ecclestone,ML Schutt,LA Marsh,6,0,6
England,19,S Ecclestone,ML Schutt,LA Marsh,0,1,1
Australia,0,AJ Healy,GA Elwiss,BL Mooney,0,0,0
Australia,0,AJ Healy,GA Elwiss,BL Mooney,4,0,4
Australia,0,AJ Healy,GA Elwiss,BL Mooney,4,0,4
Australia,0,AJ Healy,GA Elwiss,BL Mooney,0,0,0
Australia,0,AJ Healy,GA Elwiss,BL Mooney,2,0,2
Australia,0,AJ Healy,GA Elwiss,BL Mooney,4,0,4
Australia,1,BL Mooney,KL Cross,AJ Healy,1,0,1
Australia,1,AJ Healy,KL Cross,BL Mooney,0,0,0
Australia,1,AJ Healy,KL Cross,BL Mooney,4,0,4
Australia,1,AJ Healy,KL Cross,BL Mooney,1,0,1
Australia,1,BL Mooney,KL Cross,AJ Healy,0,0,0
Australia,1,BL Mooney,KL Cross,AJ Healy,1,0,1
Australia,2,BL Mooney,S Ecclestone,AJ Healy,0,0,0
Australia,2,BL Mooney,S Ecclestone,AJ Healy,0,0,0
Australia,2,BL Mooney,S Ecclestone,AJ Healy,1,0,1
Australia,2,AJ Healy,S Ecclestone,BL Mooney,0,0,0
Australia,2,AJ Healy,S Ecclestone,BL Mooney,0,0,0
Australia,2,AJ Healy,S Ecclestone,BL Mooney,1,0,1
Australia,3,AJ Healy,KH Brunt,BL Mooney,0,0,0
Australia,3,BL Mooney,KH Brunt,MM Lanning,0,0,0
Australia,3,BL Mooney,KH Brunt,MM Lanning,1,0,1
Australia,3,MM Lanning,KH Brunt,BL Mooney,1,0,1
Australia,3,BL Mooney,KH Brunt,MM Lanning,1,0,1
Australia,3,MM Lanning,KH Brunt,BL Mooney,0,0,0
Australia,4,BL Mooney,S Ecclestone,MM Lanning,4,0,4
Australia,4,BL Mooney,S Ecclestone,MM Lanning,0,0,0
Australia,4,BL Mooney,S Ecclestone,MM Lanning,0,0,0
Australia,4,BL Mooney,S Ecclestone,MM Lanning,0,0,0
Australia,4,A Gardner,S Ecclestone,MM Lanning,0,0,0
Australia,4,A Gardner,S Ecclestone,MM Lanning,0,0,0
Australia,5,MM Lanning,KH Brunt,A Gardner,2,0,2
Australia,5,MM Lanning,KH Brunt,A Gardner,1,0,1
Australia,5,A Gardner,KH Brunt,MM Lanning,0,1,1
Australia,5,A Gardner,KH Brunt,MM Lanning,0,0,0
Australia,5,A Gardner,KH Brunt,MM Lanning,1,0,1
Australia,5,MM Lanning,KH Brunt,A Gardner,0,0,0
Australia,5,MM Lanning,KH Brunt,A Gardner,0,0,0
Australia,6,A Gardner,KL Cross,MM Lanning,0,0,0
Australia,6,EA Perry,KL Cross,MM Lanning,1,0,1
Australia,6,MM Lanning,KL Cross,EA Perry,0,0,0
Australia,6,MM Lanning,KL Cross,EA Perry,4,0,4
Australia,6,MM Lanning,KL Cross,EA Perry,0,0,0
Australia,6,MM Lanning,KL Cross,EA Perry,1,0,1
Australia,7,MM Lanning,LA Marsh,EA Perry,1,0,1
Australia,7,EA Perry,LA Marsh,MM Lanning,0,0,0
Australia,7,EA Perry,LA Marsh,MM Lanning,0,0,0
Australia,7,EA Perry,LA Marsh,MM Lanning,0,0,0
Australia,7,EA Perry,LA Marsh,MM Lanning,1,0,1
Australia,7,MM Lanning,LA Marsh,EA Perry,1,0,1
Australia,8,MM Lanning,GA Elwiss,EA Perry,1,0,1
Australia,8,EA Perry,GA Elwiss,MM Lanning,1,0,1
Australia,8,MM Lanning,GA Elwiss,EA Perry,1,0,1
Australia,8,EA Perry,GA Elwiss,MM Lanning,4,0,4
Australia,8,EA Perry,GA Elwiss,MM Lanning,0,0,0
Australia,8,EA Perry,GA Elwiss,MM Lanning,1,0,1
Australia,9,EA Perry,LA Marsh,MM Lanning,1,0,1
Australia,9,MM Lanning,LA Marsh,EA Perry,0,0,0
Australia,9,MM Lanning,LA Marsh,EA Perry,1,0,1
Australia,9,EA Perry,LA Marsh,MM Lanning,1,0,1
Australia,9,MM Lanning,LA Marsh,EA Perry,4,0,4
Australia,9,MM Lanning,LA Marsh,EA Perry,1,0,1
Australia,10,MM Lanning,KL Cross,EA Perry,1,0,1
Australia,10,EA Perry,KL Cross,MM Lanning,1,0,1
Australia,10,MM Lanning,KL Cross,EA Perry,1,0,1
Australia,10,EA Perry,KL Cross,MM Lanning,2,0,2
Australia,10,EA Perry,KL Cross,MM Lanning,0,0,0
Australia,10,EA Perry,KL Cross,MM Lanning,2,0,2
Australia,11,MM Lanning,NR Sciver,EA Perry,0,0,0
Australia,11,MM Lanning,NR Sciver,EA Perry,1,0,1
Australia,11,EA Perry,NR Sciver,MM Lanning,1,0,1
Australia,11,MM Lanning,NR Sciver,EA Perry,1,0,1
Australia,11,EA Perry,NR Sciver,MM Lanning,0,0,0
Australia,11,EA Perry,NR Sciver,MM Lanning,1,0,1
Australia,12,EA Perry,S Ecclestone,MM Lanning,2,0,2
Australia,12,EA Perry,S Ecclestone,MM Lanning,1,0,1
Australia,12,MM Lanning,S Ecclestone,EA Perry,1,0,1
Australia,12,EA Perry,S Ecclestone,MM Lanning,0,0,0
Australia,12,EA Perry,S Ecclestone,MM Lanning,4,0,4
Australia,12,EA Perry,S Ecclestone,MM Lanning,1,0,1
Australia,13,EA Perry,KH Brunt,MM Lanning,4,0,4
Australia,13,EA Perry,KH Brunt,MM Lanning,1,0,1
Australia,13,MM Lanning,KH Brunt,EA Perry,0,0,0
Australia,13,MM Lanning,KH Brunt,EA Perry,1,0,1
Australia,13,EA Perry,KH Brunt,MM Lanning,1,0,1
Australia,13,MM Lanning,KH Brunt,EA Perry,0,0,0
Australia,14,EA Perry,NR Sciver,MM Lanning,0,0,0
Australia,14,EA Perry,NR Sciver,MM Lanning,1,0,1
Australia,14,MM Lanning,NR Sciver,EA Perry,4,0,4
Australia,14,MM Lanning,NR Sciver,EA Perry,1,0,1
Australia,14,EA Perry,NR Sciver,MM Lanning,1,0,1
Australia,14,MM Lanning,NR Sciver,EA Perry,4,0,4
Australia,15,EA Perry,LA Marsh,MM Lanning,0,0,0
Australia,15,EA Perry,LA Marsh,MM Lanning,6,0,6
Australia,15,EA Perry,LA Marsh,MM Lanning,1,0,1
Australia,15,MM Lanning,LA Marsh,EA Perry,4,0,4
Australia,15,MM Lanning,LA Marsh,EA Perry,1,0,1
Australia,15,EA Perry,LA Marsh,MM Lanning,0,0,0
Australia,16,MM Lanning,S Ecclestone,EA Perry,1,0,1
Australia,16,EA Perry,S Ecclestone,MM Lanning,0,0,0
Australia,16,EA Perry,S Ecclestone,MM Lanning,0,0,0
Australia,16,EA Perry,S Ecclestone,MM Lanning,1,0,1
Australia,16,MM Lanning,S Ecclestone,EA Perry,0,0,0
Australia,16,MM Lanning,S Ecclestone,EA Perry,1,0,1
Australia,17,MM Lanning,KH Brunt,EA Perry,1,0,1
Australia,17,EA Perry,KH Brunt,MM Lanning,4,0,4
Australia,17,EA Perry,KH Brunt,MM Lanning,0,1,1
Australia,17,EA Perry,KH Brunt,MM Lanning,1,0,1
Australia,17,MM Lanning,KH Brunt,EA Perry,1,0,1
Australia,17,EA Perry,KH Brunt,MM Lanning,1,0,1
