Team,Over,Batter,Bowler,Non_Striker,Batter_Runs,Extras,Total_Runs
Australia,0,AJ Healy,KL Cross,BL Mooney,0,0,0
Australia,0,AJ Healy,KL Cross,BL Mooney,0,0,0
Australia,0,AJ Healy,KL Cross,BL Mooney,0,0,0
Australia,0,AJ Healy,KL Cross,BL Mooney,4,0,4
Australia,0,AJ Healy,KL Cross,BL Mooney,0,0,0
Australia,0,BL Mooney,KL Cross,MM Lanning,1,0,1
Australia,1,BL Mooney,A Shrubsole,MM Lanning,4,0,4
Australia,1,BL Mooney,A Shrubsole,MM Lanning,4,0,4
Australia,1,BL Mooney,A Shrubsole,MM Lanning,4,0,4
Australia,1,BL Mooney,A Shrubsole,MM Lanning,0,0,0
Australia,1,BL Mooney,A Shrubsole,MM Lanning,4,0,4
Australia,1,BL Mooney,A Shrubsole,MM Lanning,0,0,0
Australia,2,MM Lanning,KH Brunt,BL Mooney,0,0,0
Australia,2,MM Lanning,KH Brunt,BL Mooney,1,0,1
Australia,2,BL Mooney,KH Brunt,MM Lanning,1,0,1
Australia,2,MM Lanning,KH Brunt,BL Mooney,0,0,0
Australia,2,MM Lanning,KH Brunt,BL Mooney,0,0,0
Australia,2,MM Lanning,KH Brunt,BL Mooney,4,0,4
Australia,3,BL Mooney,S Ecclestone,MM Lanning,0,0,0
Australia,3,BL Mooney,S Ecclestone,MM Lanning,1,0,1
Australia,3,MM Lanning,S Ecclestone,BL Mooney,1,0,1
Australia,3,BL Mooney,S Ecclestone,MM Lanning,1,0,1
Australia,3,MM Lanning,S Ecclestone,BL Mooney,4,0,4
Australia,3,MM Lanning,S Ecclestone,BL Mooney,4,0,4
Australia,4,BL Mooney,KH Brunt,MM Lanning,4,0,4
Australia,4,BL Mooney,KH Brunt,MM Lanning,0,0,0
Australia,4,BL Mooney,KH Brunt,MM Lanning,1,0,1
Australia,4,MM Lanning,KH Brunt,BL Mooney,1,0,1
Australia,4,BL Mooney,KH Brunt,MM Lanning,0,0,0
Australia,4,BL Mooney,KH Brunt,MM Lanning,4,0,4
Australia,5,MM Lanning,S Ecclestone,BL Mooney,0,0,0
Australia,5,MM Lanning,S Ecclestone,BL Mooney,4,0,4
Australia,5,MM Lanning,S Ecclestone,BL Mooney,0,0,0
Australia,5,MM Lanning,S Ecclestone,BL Mooney,6,0,6
Australia,5,MM Lanning,S Ecclestone,BL Mooney,4,0,4
Australia,5,MM Lanning,S Ecclestone,BL Mooney,0,0,0
Australia,6,BL Mooney,KL Cross,MM Lanning,1,0,1
Australia,6,MM Lanning,KL Cross,BL Mooney,4,0,4
Australia,6,MM Lanning,KL Cross,BL Mooney,1,0,1
Australia,6,BL Mooney,KL Cross,MM Lanning,6,0,6
Australia,6,BL Mooney,KL Cross,MM Lanning,4,0,4
Australia,6,BL Mooney,KL Cross,MM Lanning,0,0,0
Australia,7,MM Lanning,LA Marsh,BL Mooney,1,0,1
Australia,7,BL Mooney,LA Marsh,MM Lanning,1,0,1
Australia,7,MM Lanning,LA Marsh,BL Mooney,4,0,4
Australia,7,MM Lanning,LA Marsh,BL Mooney,1,0,1
Australia,7,BL Mooney,LA Marsh,MM Lanning,1,0,1
Australia,7,MM Lanning,LA Marsh,BL Mooney,1,0,1
Australia,8,MM Lanning,A Shrubsole,BL Mooney,4,0,4
Australia,8,MM Lanning,A Shrubsole,BL Mooney,4,0,4
Australia,8,MM Lanning,A Shrubsole,BL Mooney,1,0,1
Australia,8,BL Mooney,A Shrubsole,MM Lanning,4,0,4
Australia,8,BL Mooney,A Shrubsole,MM Lanning,0,0,0
Australia,8,BL Mooney,A Shrubsole,MM Lanning,1,0,1
Australia,9,BL Mooney,LA Marsh,MM Lanning,1,0,1
Australia,9,MM Lanning,LA Marsh,BL Mooney,1,0,1
Australia,9,BL Mooney,LA Marsh,MM Lanning,1,0,1
Australia,9,MM Lanning,LA Marsh,BL Mooney,0,0,0
Australia,9,MM Lanning,LA Marsh,BL Mooney,1,0,1
Australia,9,BL Mooney,LA Marsh,MM Lanning,1,0,1
Australia,10,BL Mooney,NR Sciver,MM Lanning,1,0,1
Australia,10,MM Lanning,NR Sciver,BL Mooney,0,0,0
Australia,10,MM Lanning,NR Sciver,BL Mooney,1,0,1
Australia,10,BL Mooney,NR Sciver,MM Lanning,1,0,1
Australia,10,MM Lanning,NR Sciver,BL Mooney,4,0,4
Australia,10,MM Lanning,NR Sciver,BL Mooney,1,0,1
Australia,11,MM Lanning,LA Marsh,BL Mooney,6,0,6
Australia,11,MM Lanning,LA Marsh,BL Mooney,6,0,6
Australia,11,MM Lanning,LA Marsh,BL Mooney,4,0,4
Australia,11,MM Lanning,LA Marsh,BL Mooney,1,0,1
Australia,11,BL Mooney,LA Marsh,MM Lanning,1,0,1
Australia,11,MM Lanning,LA Marsh,BL Mooney,4,0,4
Australia,12,BL Mooney,S Ecclestone,MM Lanning,1,0,1
Australia,12,MM Lanning,S Ecclestone,BL Mooney,1,0,1
Australia,12,BL Mooney,S Ecclestone,MM Lanning,0,0,0
Australia,12,MM Lanning,S Ecclestone,A Gardner,4,0,4
Australia,12,MM Lanning,S Ecclestone,A Gardner,0,0,0
Australia,12,MM Lanning,S Ecclestone,A Gardner,1,0,1
Australia,13,MM Lanning,KL Cross,A Gardner,0,0,0
Australia,13,MM Lanning,KL Cross,A Gardner,1,0,1
Australia,13,A Gardner,KL Cross,MM Lanning,0,0,0
Australia,13,A Gardner,KL Cross,MM Lanning,1,0,1
Australia,13,MM Lanning,KL Cross,A Gardner,1,0,1
Australia,13,A Gardner,KL Cross,MM Lanning,4,0,4
Australia,14,MM Lanning,KH Brunt,A Gardner,0,0,0
Australia,14,MM Lanning,KH Brunt,A Gardner,4,0,4
Australia,14,MM Lanning,KH Brunt,A Gardner,4,0,4
Australia,14,MM Lanning,KH Brunt,A Gardner,1,0,1
Australia,14,A Gardner,KH Brunt,MM Lanning,1,0,1
Australia,14,MM Lanning,KH Brunt,A Gardner,0,1,1
Australia,15,MM Lanning,NR Sciver,A Gardner,1,0,1
Australia,15,A Gardner,NR Sciver,MM Lanning,2,0,2
Australia,15,A Gardner,NR Sciver,MM Lanning,0,0,0
Australia,15,A Gardner,NR Sciver,MM Lanning,0,0,0
Australia,15,A Gardner,NR Sciver,MM Lanning,4,0,4
Australia,15,A Gardner,NR Sciver,MM Lanning,6,0,6
Australia,16,MM Lanning,A Shrubsole,A Gardner,0,0,0
Australia,16,MM Lanning,A Shrubsole,A Gardner,6,0,6
Australia,16,MM Lanning,A Shrubsole,A Gardner,0,0,0
Australia,16,MM Lanning,A Shrubsole,A Gardner,4,0,4
Australia,16,MM Lanning,A Shrubsole,A Gardner,4,0,4
Australia,16,MM Lanning,A Shrubsole,A Gardner,6,0,6
Australia,17,A Gardner,S Ecclestone,MM Lanning,0,0,0
Australia,17,A Gardner,S Ecclestone,MM Lanning,4,0,4
Australia,17,A Gardner,S Ecclestone,MM Lanning,1,0,1
Australia,17,MM Lanning,S Ecclestone,A Gardner,1,0,1
Australia,17,A Gardner,S Ecclestone,MM Lanning,4,0,4
Australia,17,A Gardner,S Ecclestone,MM Lanning,0,0,0
Australia,18,MM Lanning,NR Sciver,EA Perry,0,0,0
Australia,18,MM Lanning,NR Sciver,EA Perry,0,0,0
Australia,18,MM Lanning,NR Sciver,EA Perry,1,0,1
Australia,18,EA Perry,NR Sciver,MM Lanning,0,0,0
Australia,18,EA Perry,NR Sciver,MM Lanning,1,0,1
Australia,18,MM Lanning,NR Sciver,EA Perry,6,0,6
Australia,19,EA Perry,KH Brunt,MM Lanning,1,0,1
Australia,19,MM Lanning,KH Brunt,EA Perry,6,0,6
Australia,19,MM Lanning,KH Brunt,EA Perry,1,0,1
Australia,19,EA Perry,KH Brunt,MM Lanning,4,0,4
Australia,19,EA Perry,KH Brunt,MM Lanning,1,0,1
Australia,19,MM Lanning,KH Brunt,EA Perry,1,0,1
England,0,DN Wyatt,EA Perry,AE Jones,0,0,0
England,0,DN Wyatt,EA Perry,AE Jones,0,0,0
England,0,DN Wyatt,EA Perry,AE Jones,0,0,0
England,0,DN Wyatt,EA Perry,AE Jones,0,1,1
England,0,DN Wyatt,EA Perry,AE Jones,0,0,0
England,0,AE Jones,EA Perry,TT Beaumont,0,0,0
England,0,AE Jones,EA Perry,TT Beaumont,0,0,0
England,1,TT Beaumont,ML Schutt,AE Jones,2,0,2
England,1,TT Beaumont,ML Schutt,AE Jones,0,0,0
England,1,TT Beaumont,ML Schutt,AE Jones,1,0,1
England,1,AE Jones,ML Schutt,TT Beaumont,0,1,1
England,1,TT Beaumont,ML Schutt,AE Jones,1,0,1
England,1,AE Jones,ML Schutt,TT Beaumont,0,0,0
England,2,NR Sciver,EA Perry,TT Beaumont,0,1,1
England,2,NR Sciver,EA Perry,TT Beaumont,1,0,1
England,2,TT Beaumont,EA Perry,NR Sciver,4,0,4
England,2,TT Beaumont,EA Perry,NR Sciver,0,0,0
England,2,TT Beaumont,EA Perry,NR Sciver,0,0,0
England,2,HC Knight,EA Perry,NR Sciver,0,0,0
England,2,HC Knight,EA Perry,NR Sciver,0,0,0
England,3,NR Sciver,ML Schutt,HC Knight,0,0,0
England,3,NR Sciver,ML Schutt,HC Knight,0,0,0
England,3,NR Sciver,ML Schutt,HC Knight,1,0,1
England,3,HC Knight,ML Schutt,NR Sciver,1,0,1
England,3,NR Sciver,ML Schutt,HC Knight,0,0,0
England,3,NR Sciver,ML Schutt,HC Knight,0,0,0
England,4,HC Knight,EA Perry,NR Sciver,0,0,0
England,4,HC Knight,EA Perry,NR Sciver,1,0,1
England,4,NR Sciver,EA Perry,HC Knight,1,0,1
England,4,HC Knight,EA Perry,NR Sciver,1,0,1
England,4,NR Sciver,EA Perry,HC Knight,1,0,1
England,4,HC Knight,EA Perry,NR Sciver,0,0,0
England,5,NR Sciver,JL Jonassen,HC Knight,4,0,4
England,5,NR Sciver,JL Jonassen,HC Knight,0,0,0
England,5,NR Sciver,JL Jonassen,HC Knight,0,0,0
England,5,L Winfield,JL Jonassen,NR Sciver,1,0,1
England,5,NR Sciver,JL Jonassen,L Winfield,4,0,4
England,5,NR Sciver,JL Jonassen,L Winfield,1,0,1
England,6,NR Sciver,DM Kimmince,L Winfield,0,0,0
England,6,NR Sciver,DM Kimmince,L Winfield,1,0,1
England,6,L Winfield,DM Kimmince,NR Sciver,0,0,0
England,6,L Winfield,DM Kimmince,NR Sciver,0,0,0
England,6,L Winfield,DM Kimmince,NR Sciver,1,0,1
England,6,NR Sciver,DM Kimmince,L Winfield,0,0,0
England,7,L Winfield,S Molineux,NR Sciver,0,0,0
England,7,L Winfield,S Molineux,NR Sciver,1,0,1
England,7,NR Sciver,S Molineux,L Winfield,2,0,2
England,7,NR Sciver,S Molineux,L Winfield,0,0,0
England,7,NR Sciver,S Molineux,L Winfield,2,0,2
England,7,NR Sciver,S Molineux,L Winfield,1,0,1
England,8,NR Sciver,G Wareham,L Winfield,1,0,1
England,8,L Winfield,G Wareham,NR Sciver,1,0,1
England,8,NR Sciver,G Wareham,L Winfield,1,0,1
England,8,L Winfield,G Wareham,NR Sciver,4,0,4
England,8,L Winfield,G Wareham,NR Sciver,1,0,1
England,8,NR Sciver,G Wareham,L Winfield,1,0,1
England,9,NR Sciver,DM Kimmince,L Winfield,2,0,2
England,9,NR Sciver,DM Kimmince,L Winfield,1,0,1
England,9,L Winfield,DM Kimmince,NR Sciver,0,0,0
England,9,L Winfield,DM Kimmince,NR Sciver,4,0,4
England,9,L Winfield,DM Kimmince,NR Sciver,1,0,1
England,9,NR Sciver,DM Kimmince,L Winfield,1,0,1
England,10,NR Sciver,S Molineux,L Winfield,1,0,1
England,10,L Winfield,S Molineux,NR Sciver,1,0,1
England,10,NR Sciver,S Molineux,L Winfield,1,0,1
England,10,L Winfield,S Molineux,NR Sciver,0,0,0
England,10,L Winfield,S Molineux,NR Sciver,1,0,1
England,10,NR Sciver,S Molineux,L Winfield,0,0,0
England,11,L Winfield,G Wareham,KH Brunt,1,0,1
England,11,KH Brunt,G Wareham,L Winfield,1,0,1
England,11,L Winfield,G Wareham,KH Brunt,1,0,1
England,11,KH Brunt,G Wareham,L Winfield,2,0,2
England,11,KH Brunt,G Wareham,L Winfield,4,0,4
England,11,KH Brunt,G Wareham,L Winfield,4,0,4
England,12,L Winfield,DM Kimmince,KH Brunt,2,0,2
England,12,L Winfield,DM Kimmince,KH Brunt,2,0,2
England,12,L Winfield,DM Kimmince,KH Brunt,1,0,1
England,12,KH Brunt,DM Kimmince,L Winfield,0,0,0
England,12,KH Brunt,DM Kimmince,L Winfield,4,0,4
England,12,KH Brunt,DM Kimmince,L Winfield,1,0,1
England,13,KH Brunt,S Molineux,L Winfield,1,0,1
England,13,L Winfield,S Molineux,KH Brunt,1,0,1
England,13,KH Brunt,S Molineux,L Winfield,1,0,1
England,13,L Winfield,S Molineux,KH Brunt,4,0,4
England,13,L Winfield,S Molineux,KH Brunt,0,2,2
England,13,L Winfield,S Molineux,KH Brunt,4,0,4
England,14,KH Brunt,ML Schutt,L Winfield,1,0,1
England,14,L Winfield,ML Schutt,KH Brunt,0,0,0
England,14,L Winfield,ML Schutt,KH Brunt,1,0,1
England,14,KH Brunt,ML Schutt,L Winfield,0,0,0
England,14,KH Brunt,ML Schutt,L Winfield,1,0,1
England,14,L Winfield,ML Schutt,KH Brunt,0,0,0
England,15,A Shrubsole,JL Jonassen,KH Brunt,0,0,0
England,15,A Shrubsole,JL Jonassen,KH Brunt,0,0,0
England,15,A Shrubsole,JL Jonassen,KH Brunt,0,0,0
England,15,S Ecclestone,JL Jonassen,KH Brunt,1,0,1
England,15,KH Brunt,JL Jonassen,S Ecclestone,0,0,0
England,15,KH Brunt,JL Jonassen,S Ecclestone,1,0,1
England,16,KH Brunt,S Molineux,S Ecclestone,2,0,2
England,16,KH Brunt,S Molineux,S Ecclestone,0,0,0
England,16,KH Brunt,S Molineux,S Ecclestone,1,0,1
England,16,S Ecclestone,S Molineux,KH Brunt,1,0,1
England,16,KH Brunt,S Molineux,S Ecclestone,1,0,1
England,16,S Ecclestone,S Molineux,KH Brunt,0,0,0
England,17,KH Brunt,DM Kimmince,S Ecclestone,1,0,1
England,17,S Ecclestone,DM Kimmince,KH Brunt,0,0,0
England,17,LA Marsh,DM Kimmince,KH Brunt,0,0,0
England,17,LA Marsh,DM Kimmince,KH Brunt,2,0,2
England,17,LA Marsh,DM Kimmince,KH Brunt,0,0,0
England,17,LA Marsh,DM Kimmince,KH Brunt,1,0,1
England,18,LA Marsh,JL Jonassen,KH Brunt,1,0,1
England,18,KH Brunt,JL Jonassen,LA Marsh,0,0,0
England,18,KH Brunt,JL Jonassen,LA Marsh,2,0,2
England,18,KH Brunt,JL Jonassen,LA Marsh,1,0,1
England,18,LA Marsh,JL Jonassen,KH Brunt,4,0,4
England,18,LA Marsh,JL Jonassen,KH Brunt,1,0,1
England,19,LA Marsh,ML Schutt,KH Brunt,2,0,2
England,19,LA Marsh,ML Schutt,KH Brunt,6,0,6
England,19,LA Marsh,ML Schutt,KH Brunt,2,0,2
England,19,LA Marsh,ML Schutt,KH Brunt,6,0,6
England,19,LA Marsh,ML Schutt,KH Brunt,0,0,0
England,19,KL Cross,ML Schutt,KH Brunt,0,0,0
