Team,Over,Batter,Bowler,Non_Striker,Batter_Runs,Extras,Total_Runs
India,0,RG Sharma,JP Behrendorff,KL Rahul,0,0,0
India,0,RG Sharma,JP Behrendorff,KL Rahul,1,0,1
India,0,KL Rahul,JP Behrendorff,RG Sharma,0,0,0
India,0,KL Rahul,JP Behrendorff,RG Sharma,0,0,0
India,0,KL Rahul,JP Behrendorff,RG Sharma,0,0,0
India,0,KL Rahul,JP Behrendorff,RG Sharma,0,0,0
India,1,RG Sharma,JA Richardson,KL Rahul,1,0,1
India,1,KL Rahul,JA Richardson,RG Sharma,4,0,4
India,1,KL Rahul,JA Richardson,RG Sharma,1,0,1
India,1,RG Sharma,JA Richardson,KL Rahul,0,0,0
India,1,RG Sharma,JA Richardson,KL Rahul,1,0,1
India,1,KL Rahul,JA Richardson,RG Sharma,4,0,4
India,2,RG Sharma,JP Behrendorff,KL Rahul,2,0,2
India,2,RG Sharma,JP Behrendorff,KL Rahul,0,0,0
India,2,RG Sharma,JP Behrendorff,KL Rahul,0,0,0
India,2,KL Rahul,JP Behrendorff,V Kohli,0,0,0
India,2,KL Rahul,JP Behrendorff,V Kohli,1,0,1
India,2,V Kohli,JP Behrendorff,KL Rahul,0,0,0
India,3,KL Rahul,JA Richardson,V Kohli,4,0,4
India,3,KL Rahul,JA Richardson,V Kohli,1,0,1
India,3,V Kohli,JA Richardson,KL Rahul,0,0,0
India,3,V Kohli,JA Richardson,KL Rahul,1,0,1
India,3,KL Rahul,JA Richardson,V Kohli,4,0,4
India,3,KL Rahul,JA Richardson,V Kohli,1,0,1
India,4,KL Rahul,JP Behrendorff,V Kohli,1,0,1
India,4,V Kohli,JP Behrendorff,KL Rahul,4,0,4
India,4,V Kohli,JP Behrendorff,KL Rahul,1,0,1
India,4,KL Rahul,JP Behrendorff,V Kohli,1,0,1
India,4,V Kohli,JP Behrendorff,KL Rahul,4,0,4
India,4,V Kohli,JP Behrendorff,KL Rahul,1,0,1
India,5,V Kohli,NM Coulter-Nile,KL Rahul,4,0,4
India,5,V Kohli,NM Coulter-Nile,KL Rahul,1,0,1
India,5,KL Rahul,NM Coulter-Nile,V Kohli,1,0,1
India,5,V Kohli,NM Coulter-Nile,KL Rahul,1,0,1
India,5,KL Rahul,NM Coulter-Nile,V Kohli,0,0,0
India,5,KL Rahul,NM Coulter-Nile,V Kohli,4,0,4
India,6,V Kohli,A Zampa,KL Rahul,1,0,1
India,6,KL Rahul,A Zampa,V Kohli,0,0,0
India,6,KL Rahul,A Zampa,V Kohli,4,0,4
India,6,KL Rahul,A Zampa,V Kohli,1,0,1
India,6,V Kohli,A Zampa,KL Rahul,1,0,1
India,6,KL Rahul,A Zampa,V Kohli,0,1,1
India,6,KL Rahul,A Zampa,V Kohli,0,1,1
India,6,KL Rahul,A Zampa,V Kohli,1,0,1
India,7,KL Rahul,PJ Cummins,V Kohli,1,0,1
India,7,V Kohli,PJ Cummins,KL Rahul,1,0,1
India,7,KL Rahul,PJ Cummins,V Kohli,1,0,1
India,7,V Kohli,PJ Cummins,KL Rahul,1,0,1
India,7,KL Rahul,PJ Cummins,V Kohli,0,0,0
India,7,KL Rahul,PJ Cummins,V Kohli,2,0,2
India,8,V Kohli,A Zampa,KL Rahul,2,0,2
India,8,V Kohli,A Zampa,KL Rahul,1,0,1
India,8,KL Rahul,A Zampa,V Kohli,1,0,1
India,8,V Kohli,A Zampa,KL Rahul,0,0,0
India,8,RR Pant,A Zampa,KL Rahul,1,0,1
India,8,KL Rahul,A Zampa,RR Pant,6,0,6
India,9,RR Pant,DJM Short,KL Rahul,1,0,1
India,9,KL Rahul,DJM Short,RR Pant,1,0,1
India,9,RR Pant,DJM Short,KL Rahul,0,0,0
India,9,RR Pant,DJM Short,KL Rahul,1,0,1
India,9,KL Rahul,DJM Short,RR Pant,1,0,1
India,9,RR Pant,DJM Short,KL Rahul,0,0,0
India,10,KL Rahul,PJ Cummins,MS Dhoni,1,0,1
India,10,MS Dhoni,PJ Cummins,KL Rahul,0,0,0
India,10,MS Dhoni,PJ Cummins,KL Rahul,0,0,0
India,10,MS Dhoni,PJ Cummins,KL Rahul,2,0,2
India,10,MS Dhoni,PJ Cummins,KL Rahul,1,0,1
India,10,KL Rahul,PJ Cummins,MS Dhoni,1,0,1
India,11,KL Rahul,DJM Short,MS Dhoni,1,0,1
India,11,MS Dhoni,DJM Short,KL Rahul,1,0,1
India,11,KL Rahul,DJM Short,MS Dhoni,0,0,0
India,11,KL Rahul,DJM Short,MS Dhoni,1,0,1
India,11,MS Dhoni,DJM Short,KL Rahul,2,0,2
India,11,MS Dhoni,DJM Short,KL Rahul,1,0,1
India,12,MS Dhoni,NM Coulter-Nile,KL Rahul,1,0,1
India,12,KL Rahul,NM Coulter-Nile,MS Dhoni,0,0,0
India,12,KD Karthik,NM Coulter-Nile,MS Dhoni,0,0,0
India,12,KD Karthik,NM Coulter-Nile,MS Dhoni,1,0,1
India,12,MS Dhoni,NM Coulter-Nile,KD Karthik,1,0,1
India,12,KD Karthik,NM Coulter-Nile,MS Dhoni,0,0,0
India,13,MS Dhoni,A Zampa,KH Pandya,0,0,0
India,13,MS Dhoni,A Zampa,KH Pandya,1,0,1
India,13,KH Pandya,A Zampa,MS Dhoni,0,0,0
India,13,KH Pandya,A Zampa,MS Dhoni,0,0,0
India,13,KH Pandya,A Zampa,MS Dhoni,0,0,0
India,13,KH Pandya,A Zampa,MS Dhoni,0,0,0
India,14,MS Dhoni,NM Coulter-Nile,KH Pandya,0,0,0
India,14,MS Dhoni,NM Coulter-Nile,KH Pandya,1,0,1
India,14,KH Pandya,NM Coulter-Nile,MS Dhoni,1,0,1
India,14,MS Dhoni,NM Coulter-Nile,KH Pandya,2,0,2
India,14,MS Dhoni,NM Coulter-Nile,KH Pandya,1,0,1
India,14,KH Pandya,NM Coulter-Nile,MS Dhoni,0,0,0
India,15,MS Dhoni,JA Richardson,UT Yadav,2,0,2
India,15,MS Dhoni,JA Richardson,UT Yadav,0,0,0
India,15,MS Dhoni,JA Richardson,UT Yadav,0,0,0
India,15,MS Dhoni,JA Richardson,UT Yadav,1,0,1
India,15,UT Yadav,JA Richardson,MS Dhoni,0,1,1
India,15,MS Dhoni,JA Richardson,UT Yadav,0,0,0
India,16,UT Yadav,PJ Cummins,MS Dhoni,0,1,1
India,16,UT Yadav,PJ Cummins,MS Dhoni,1,0,1
India,16,MS Dhoni,PJ Cummins,UT Yadav,1,0,1
India,16,UT Yadav,PJ Cummins,MS Dhoni,1,0,1
India,16,MS Dhoni,PJ Cummins,UT Yadav,1,0,1
India,16,UT Yadav,PJ Cummins,MS Dhoni,0,0,0
India,16,YS Chahal,PJ Cummins,MS Dhoni,0,0,0
India,17,MS Dhoni,JA Richardson,YS Chahal,0,0,0
India,17,MS Dhoni,JA Richardson,YS Chahal,0,0,0
India,17,MS Dhoni,JA Richardson,YS Chahal,0,0,0
India,17,MS Dhoni,JA Richardson,YS Chahal,0,5,5
India,17,MS Dhoni,JA Richardson,YS Chahal,1,0,1
India,17,YS Chahal,JA Richardson,MS Dhoni,0,0,0
India,17,YS Chahal,JA Richardson,MS Dhoni,0,0,0
India,18,MS Dhoni,PJ Cummins,YS Chahal,0,0,0
India,18,MS Dhoni,PJ Cummins,YS Chahal,2,0,2
India,18,MS Dhoni,PJ Cummins,YS Chahal,0,0,0
India,18,MS Dhoni,PJ Cummins,YS Chahal,0,0,0
India,18,MS Dhoni,PJ Cummins,YS Chahal,1,0,1
India,18,YS Chahal,PJ Cummins,MS Dhoni,0,0,0
India,19,MS Dhoni,NM Coulter-Nile,YS Chahal,0,0,0
India,19,MS Dhoni,NM Coulter-Nile,YS Chahal,6,0,6
India,19,MS Dhoni,NM Coulter-Nile,YS Chahal,0,0,0
India,19,MS Dhoni,NM Coulter-Nile,YS Chahal,0,0,0
India,19,MS Dhoni,NM Coulter-Nile,YS Chahal,0,0,0
India,19,MS Dhoni,NM Coulter-Nile,YS Chahal,0,1,1
India,19,MS Dhoni,NM Coulter-Nile,YS Chahal,0,1,1
Australia,0,DJM Short,JJ Bumrah,MP Stoinis,0,0,0
Australia,0,DJM Short,JJ Bumrah,MP Stoinis,0,0,0
Australia,0,DJM Short,JJ Bumrah,MP Stoinis,0,0,0
Australia,0,DJM Short,JJ Bumrah,MP Stoinis,0,0,0
Australia,0,DJM Short,JJ Bumrah,MP Stoinis,4,0,4
Australia,0,DJM Short,JJ Bumrah,MP Stoinis,0,0,0
Australia,1,MP Stoinis,YS Chahal,DJM Short,0,0,0
Australia,1,MP Stoinis,YS Chahal,DJM Short,0,0,0
Australia,1,MP Stoinis,YS Chahal,DJM Short,0,0,0
Australia,1,MP Stoinis,YS Chahal,DJM Short,0,0,0
Australia,1,MP Stoinis,YS Chahal,DJM Short,1,0,1
Australia,1,DJM Short,YS Chahal,MP Stoinis,0,0,0
Australia,2,AJ Finch,JJ Bumrah,DJM Short,0,0,0
Australia,2,GJ Maxwell,JJ Bumrah,DJM Short,0,0,0
Australia,2,GJ Maxwell,JJ Bumrah,DJM Short,0,0,0
Australia,2,GJ Maxwell,JJ Bumrah,DJM Short,0,0,0
Australia,2,GJ Maxwell,JJ Bumrah,DJM Short,0,0,0
Australia,2,GJ Maxwell,JJ Bumrah,DJM Short,4,0,4
Australia,3,DJM Short,UT Yadav,GJ Maxwell,0,0,0
Australia,3,DJM Short,UT Yadav,GJ Maxwell,1,0,1
Australia,3,GJ Maxwell,UT Yadav,DJM Short,4,0,4
Australia,3,GJ Maxwell,UT Yadav,DJM Short,0,0,0
Australia,3,GJ Maxwell,UT Yadav,DJM Short,4,0,4
Australia,3,GJ Maxwell,UT Yadav,DJM Short,4,0,4
Australia,4,DJM Short,JJ Bumrah,GJ Maxwell,2,0,2
Australia,4,DJM Short,JJ Bumrah,GJ Maxwell,0,0,0
Australia,4,DJM Short,JJ Bumrah,GJ Maxwell,0,0,0
Australia,4,DJM Short,JJ Bumrah,GJ Maxwell,0,0,0
Australia,4,DJM Short,JJ Bumrah,GJ Maxwell,4,0,4
Australia,4,DJM Short,JJ Bumrah,GJ Maxwell,0,0,0
Australia,5,GJ Maxwell,YS Chahal,DJM Short,6,0,6
Australia,5,GJ Maxwell,YS Chahal,DJM Short,4,0,4
Australia,5,GJ Maxwell,YS Chahal,DJM Short,0,0,0
Australia,5,GJ Maxwell,YS Chahal,DJM Short,1,0,1
Australia,5,DJM Short,YS Chahal,GJ Maxwell,1,0,1
Australia,5,GJ Maxwell,YS Chahal,DJM Short,1,0,1
Australia,6,GJ Maxwell,KH Pandya,DJM Short,0,0,0
Australia,6,GJ Maxwell,KH Pandya,DJM Short,1,0,1
Australia,6,DJM Short,KH Pandya,GJ Maxwell,0,0,0
Australia,6,DJM Short,KH Pandya,GJ Maxwell,1,0,1
Australia,6,GJ Maxwell,KH Pandya,DJM Short,0,0,0
Australia,6,GJ Maxwell,KH Pandya,DJM Short,1,0,1
Australia,7,GJ Maxwell,M Markande,DJM Short,1,0,1
Australia,7,DJM Short,M Markande,GJ Maxwell,1,0,1
Australia,7,GJ Maxwell,M Markande,DJM Short,0,0,0
Australia,7,GJ Maxwell,M Markande,DJM Short,0,0,0
Australia,7,GJ Maxwell,M Markande,DJM Short,1,0,1
Australia,7,DJM Short,M Markande,GJ Maxwell,4,0,4
Australia,8,GJ Maxwell,KH Pandya,DJM Short,2,0,2
Australia,8,GJ Maxwell,KH Pandya,DJM Short,0,0,0
Australia,8,GJ Maxwell,KH Pandya,DJM Short,1,0,1
Australia,8,DJM Short,KH Pandya,GJ Maxwell,1,0,1
Australia,8,GJ Maxwell,KH Pandya,DJM Short,0,0,0
Australia,8,GJ Maxwell,KH Pandya,DJM Short,1,0,1
Australia,9,GJ Maxwell,M Markande,DJM Short,1,0,1
Australia,9,DJM Short,M Markande,GJ Maxwell,1,0,1
Australia,9,GJ Maxwell,M Markande,DJM Short,6,0,6
Australia,9,GJ Maxwell,M Markande,DJM Short,1,0,1
Australia,9,DJM Short,M Markande,GJ Maxwell,1,0,1
Australia,9,GJ Maxwell,M Markande,DJM Short,1,0,1
Australia,10,GJ Maxwell,KH Pandya,DJM Short,1,0,1
Australia,10,DJM Short,KH Pandya,GJ Maxwell,1,0,1
Australia,10,GJ Maxwell,KH Pandya,DJM Short,0,0,0
Australia,10,GJ Maxwell,KH Pandya,DJM Short,1,0,1
Australia,10,DJM Short,KH Pandya,GJ Maxwell,0,0,0
Australia,10,DJM Short,KH Pandya,GJ Maxwell,1,0,1
Australia,11,DJM Short,YS Chahal,GJ Maxwell,4,0,4
Australia,11,DJM Short,YS Chahal,GJ Maxwell,1,0,1
Australia,11,GJ Maxwell,YS Chahal,DJM Short,1,0,1
Australia,11,DJM Short,YS Chahal,GJ Maxwell,0,0,0
Australia,11,DJM Short,YS Chahal,GJ Maxwell,1,0,1
Australia,11,GJ Maxwell,YS Chahal,DJM Short,0,0,0
Australia,12,DJM Short,UT Yadav,GJ Maxwell,1,0,1
Australia,12,GJ Maxwell,UT Yadav,DJM Short,0,0,0
Australia,12,GJ Maxwell,UT Yadav,DJM Short,0,1,1
Australia,12,GJ Maxwell,UT Yadav,DJM Short,1,0,1
Australia,12,DJM Short,UT Yadav,GJ Maxwell,1,0,1
Australia,12,GJ Maxwell,UT Yadav,DJM Short,0,0,0
Australia,12,GJ Maxwell,UT Yadav,DJM Short,1,0,1
Australia,13,GJ Maxwell,YS Chahal,DJM Short,4,0,4
Australia,13,GJ Maxwell,YS Chahal,DJM Short,2,0,2
Australia,13,GJ Maxwell,YS Chahal,DJM Short,0,0,0
Australia,13,PSP Handscomb,YS Chahal,DJM Short,0,0,0
Australia,13,PSP Handscomb,YS Chahal,DJM Short,0,0,0
Australia,13,PSP Handscomb,YS Chahal,DJM Short,1,0,1
Australia,14,PSP Handscomb,M Markande,DJM Short,1,0,1
Australia,14,DJM Short,M Markande,PSP Handscomb,0,0,0
Australia,14,DJM Short,M Markande,PSP Handscomb,4,0,4
Australia,14,DJM Short,M Markande,PSP Handscomb,0,0,0
Australia,14,DJM Short,M Markande,PSP Handscomb,1,0,1
Australia,14,PSP Handscomb,M Markande,DJM Short,2,0,2
Australia,15,DJM Short,UT Yadav,PSP Handscomb,0,1,1
Australia,15,DJM Short,UT Yadav,PSP Handscomb,1,0,1
Australia,15,PSP Handscomb,UT Yadav,DJM Short,1,0,1
Australia,15,AJ Turner,UT Yadav,PSP Handscomb,0,0,0
Australia,15,AJ Turner,UT Yadav,PSP Handscomb,0,0,0
Australia,15,AJ Turner,UT Yadav,PSP Handscomb,0,0,0
Australia,15,AJ Turner,UT Yadav,PSP Handscomb,0,0,0
Australia,16,PSP Handscomb,KH Pandya,AJ Turner,1,0,1
Australia,16,AJ Turner,KH Pandya,PSP Handscomb,0,0,0
Australia,16,NM Coulter-Nile,KH Pandya,PSP Handscomb,1,0,1
Australia,16,PSP Handscomb,KH Pandya,NM Coulter-Nile,1,0,1
Australia,16,NM Coulter-Nile,KH Pandya,PSP Handscomb,1,0,1
Australia,16,PSP Handscomb,KH Pandya,NM Coulter-Nile,1,0,1
Australia,17,PSP Handscomb,M Markande,NM Coulter-Nile,2,0,2
Australia,17,PSP Handscomb,M Markande,NM Coulter-Nile,1,0,1
Australia,17,NM Coulter-Nile,M Markande,PSP Handscomb,0,0,0
Australia,17,NM Coulter-Nile,M Markande,PSP Handscomb,0,0,0
Australia,17,NM Coulter-Nile,M Markande,PSP Handscomb,1,0,1
Australia,17,PSP Handscomb,M Markande,NM Coulter-Nile,1,0,1
Australia,18,PSP Handscomb,JJ Bumrah,NM Coulter-Nile,0,0,0
Australia,18,PSP Handscomb,JJ Bumrah,NM Coulter-Nile,1,0,1
Australia,18,NM Coulter-Nile,JJ Bumrah,PSP Handscomb,0,0,0
Australia,18,NM Coulter-Nile,JJ Bumrah,PSP Handscomb,1,0,1
Australia,18,PSP Handscomb,JJ Bumrah,NM Coulter-Nile,0,0,0
Australia,18,NM Coulter-Nile,JJ Bumrah,PJ Cummins,0,0,0
Australia,19,PJ Cummins,UT Yadav,JA Richardson,1,0,1
Australia,19,JA Richardson,UT Yadav,PJ Cummins,4,0,4
Australia,19,JA Richardson,UT Yadav,PJ Cummins,2,0,2
Australia,19,JA Richardson,UT Yadav,PJ Cummins,1,0,1
Australia,19,PJ Cummins,UT Yadav,JA Richardson,4,0,4
Australia,19,PJ Cummins,UT Yadav,JA Richardson,2,0,2
