Team,Over,Batter,Bowler,Non_Striker,Batter_Runs,Extras,Total_Runs
Sri Lanka,0,GWHM Perera,M Kapp,MAA Sanjeewani,0,0,0
Sri Lanka,0,GWHM Perera,M Kapp,MAA Sanjeewani,0,0,0
Sri Lanka,0,GWHM Perera,M Kapp,MAA Sanjeewani,0,0,0
Sri Lanka,0,GWHM Perera,M Kapp,MAA Sanjeewani,0,0,0
Sri Lanka,0,GWHM Perera,M Kapp,MAA Sanjeewani,1,0,1
Sri Lanka,0,MAA Sanjeewani,M Kapp,GWHM Perera,0,0,0
Sri Lanka,1,GWHM Perera,S Ismail,MAA Sanjeewani,2,0,2
Sri Lanka,1,GWHM Perera,S Ismail,MAA Sanjeewani,0,0,0
Sri Lanka,1,GWHM Perera,S Ismail,MAA Sanjeewani,4,0,4
Sri Lanka,1,GWHM Perera,S Ismail,MAA Sanjeewani,1,0,1
Sri Lanka,1,MAA Sanjeewani,S Ismail,GWHM Perera,0,0,0
Sri Lanka,1,MAA Sanjeewani,S Ismail,GWHM Perera,0,0,0
Sri Lanka,2,GWHM Perera,M Kapp,MAA Sanjeewani,0,0,0
Sri Lanka,2,GWHM Perera,M Kapp,MAA Sanjeewani,0,0,0
Sri Lanka,2,GWHM Perera,M Kapp,MAA Sanjeewani,0,0,0
Sri Lanka,2,GWHM Perera,M Kapp,MAA Sanjeewani,1,0,1
Sri Lanka,2,MAA Sanjeewani,M Kapp,GWHM Perera,1,0,1
Sri Lanka,2,GWHM Perera,M Kapp,MAA Sanjeewani,2,0,2
Sri Lanka,3,MAA Sanjeewani,M Klaas,GWHM Perera,0,0,0
Sri Lanka,3,MAA Sanjeewani,M Klaas,GWHM Perera,4,0,4
Sri Lanka,3,MAA Sanjeewani,M Klaas,GWHM Perera,0,0,0
Sri Lanka,3,MAA Sanjeewani,M Klaas,GWHM Perera,4,0,4
Sri Lanka,3,MAA Sanjeewani,M Klaas,GWHM Perera,0,0,0
Sri Lanka,3,AC Jayangani,M Klaas,GWHM Perera,0,0,0
Sri Lanka,4,GWHM Perera,M Kapp,AC Jayangani,0,0,0
Sri Lanka,4,GWHM Perera,M Kapp,AC Jayangani,0,0,0
Sri Lanka,4,GWHM Perera,M Kapp,AC Jayangani,0,0,0
Sri Lanka,4,GWHM Perera,M Kapp,AC Jayangani,4,0,4
Sri Lanka,4,GWHM Perera,M Kapp,AC Jayangani,0,0,0
Sri Lanka,4,GWHM Perera,M Kapp,AC Jayangani,1,0,1
Sri Lanka,5,GWHM Perera,S Ismail,AC Jayangani,0,0,0
Sri Lanka,5,GWHM Perera,S Ismail,AC Jayangani,0,0,0
Sri Lanka,5,GWHM Perera,S Ismail,AC Jayangani,0,0,0
Sri Lanka,5,GWHM Perera,S Ismail,AC Jayangani,0,0,0
Sri Lanka,5,GWHM Perera,S Ismail,AC Jayangani,0,0,0
Sri Lanka,5,GWHM Perera,S Ismail,AC Jayangani,1,0,1
Sri Lanka,6,GWHM Perera,D van Niekerk,AC Jayangani,0,0,0
Sri Lanka,6,GWHM Perera,D van Niekerk,AC Jayangani,1,0,1
Sri Lanka,6,AC Jayangani,D van Niekerk,GWHM Perera,1,0,1
Sri Lanka,6,GWHM Perera,D van Niekerk,AC Jayangani,0,0,0
Sri Lanka,6,GWHM Perera,D van Niekerk,AC Jayangani,0,0,0
Sri Lanka,6,GWHM Perera,D van Niekerk,AC Jayangani,0,0,0
Sri Lanka,7,AC Jayangani,M Klaas,GWHM Perera,0,0,0
Sri Lanka,7,AC Jayangani,M Klaas,GWHM Perera,0,0,0
Sri Lanka,7,AC Jayangani,M Klaas,GWHM Perera,1,0,1
Sri Lanka,7,GWHM Perera,M Klaas,AC Jayangani,0,0,0
Sri Lanka,7,GWHM Perera,M Klaas,AC Jayangani,0,0,0
Sri Lanka,7,GWHM Perera,M Klaas,AC Jayangani,1,0,1
Sri Lanka,8,GWHM Perera,D van Niekerk,AC Jayangani,1,0,1
Sri Lanka,8,AC Jayangani,D van Niekerk,GWHM Perera,1,0,1
Sri Lanka,8,GWHM Perera,D van Niekerk,AC Jayangani,1,0,1
Sri Lanka,8,AC Jayangani,D van Niekerk,GWHM Perera,1,0,1
Sri Lanka,8,GWHM Perera,D van Niekerk,AC Jayangani,1,0,1
Sri Lanka,8,AC Jayangani,D van Niekerk,GWHM Perera,1,0,1
Sri Lanka,9,AC Jayangani,TS Sekhukhune,GWHM Perera,1,0,1
Sri Lanka,9,GWHM Perera,TS Sekhukhune,AC Jayangani,4,0,4
Sri Lanka,9,GWHM Perera,TS Sekhukhune,AC Jayangani,1,0,1
Sri Lanka,9,AC Jayangani,TS Sekhukhune,GWHM Perera,1,0,1
Sri Lanka,9,GWHM Perera,TS Sekhukhune,AC Jayangani,0,1,1
Sri Lanka,9,AC Jayangani,TS Sekhukhune,GWHM Perera,0,0,0
Sri Lanka,10,GWHM Perera,D van Niekerk,AC Jayangani,0,0,0
Sri Lanka,10,HASD Siriwardene,D van Niekerk,AC Jayangani,0,0,0
Sri Lanka,10,HASD Siriwardene,D van Niekerk,AC Jayangani,0,0,0
Sri Lanka,10,HASD Siriwardene,D van Niekerk,AC Jayangani,2,0,2
Sri Lanka,10,HASD Siriwardene,D van Niekerk,AC Jayangani,1,0,1
Sri Lanka,10,AC Jayangani,D van Niekerk,HASD Siriwardene,0,0,0
Sri Lanka,11,HASD Siriwardene,TS Sekhukhune,AC Jayangani,0,0,0
Sri Lanka,11,HASD Siriwardene,TS Sekhukhune,AC Jayangani,2,0,2
Sri Lanka,11,HASD Siriwardene,TS Sekhukhune,AC Jayangani,1,0,1
Sri Lanka,11,AC Jayangani,TS Sekhukhune,HASD Siriwardene,0,0,0
Sri Lanka,11,AC Jayangani,TS Sekhukhune,HASD Siriwardene,0,0,0
Sri Lanka,11,AC Jayangani,TS Sekhukhune,HASD Siriwardene,0,0,0
Sri Lanka,12,HASD Siriwardene,D van Niekerk,AC Jayangani,0,0,0
Sri Lanka,12,HASD Siriwardene,D van Niekerk,AC Jayangani,0,0,0
Sri Lanka,12,NND de Silva,D van Niekerk,AC Jayangani,0,0,0
Sri Lanka,12,NND de Silva,D van Niekerk,AC Jayangani,0,0,0
Sri Lanka,12,NND de Silva,D van Niekerk,AC Jayangani,1,0,1
Sri Lanka,12,AC Jayangani,D van Niekerk,NND de Silva,0,0,0
Sri Lanka,13,NND de Silva,TS Sekhukhune,HIS Mendis,1,0,1
Sri Lanka,13,HIS Mendis,TS Sekhukhune,NND de Silva,1,0,1
Sri Lanka,13,NND de Silva,TS Sekhukhune,HIS Mendis,0,0,0
Sri Lanka,13,OU Ranasinghe,TS Sekhukhune,HIS Mendis,1,0,1
Sri Lanka,13,HIS Mendis,TS Sekhukhune,OU Ranasinghe,1,0,1
Sri Lanka,13,OU Ranasinghe,TS Sekhukhune,HIS Mendis,0,0,0
Sri Lanka,14,HIS Mendis,S Ismail,OU Ranasinghe,0,0,0
Sri Lanka,14,HIS Mendis,S Ismail,OU Ranasinghe,0,1,1
Sri Lanka,14,OU Ranasinghe,S Ismail,HIS Mendis,1,0,1
Sri Lanka,14,HIS Mendis,S Ismail,OU Ranasinghe,0,0,0
Sri Lanka,14,HIS Mendis,S Ismail,OU Ranasinghe,1,0,1
Sri Lanka,14,HIS Mendis,S Ismail,OU Ranasinghe,1,0,1
Sri Lanka,15,HIS Mendis,TS Sekhukhune,OU Ranasinghe,1,0,1
Sri Lanka,15,OU Ranasinghe,TS Sekhukhune,HIS Mendis,0,0,0
Sri Lanka,15,OU Ranasinghe,TS Sekhukhune,HIS Mendis,1,0,1
Sri Lanka,15,HIS Mendis,TS Sekhukhune,OU Ranasinghe,0,0,0
Sri Lanka,15,HIS Mendis,TS Sekhukhune,OU Ranasinghe,0,0,0
Sri Lanka,15,HIS Mendis,TS Sekhukhune,OU Ranasinghe,2,0,2
Sri Lanka,16,OU Ranasinghe,M Kapp,HIS Mendis,1,0,1
Sri Lanka,16,HIS Mendis,M Kapp,OU Ranasinghe,1,0,1
Sri Lanka,16,OU Ranasinghe,M Kapp,HIS Mendis,1,1,2
Sri Lanka,16,U Thimashini,M Kapp,HIS Mendis,1,0,1
Sri Lanka,16,HIS Mendis,M Kapp,U Thimashini,1,0,1
Sri Lanka,16,U Thimashini,M Kapp,HIS Mendis,1,0,1
Sri Lanka,16,HIS Mendis,M Kapp,U Thimashini,1,0,1
Sri Lanka,17,HIS Mendis,M Klaas,U Thimashini,1,0,1
Sri Lanka,17,U Thimashini,M Klaas,HIS Mendis,0,1,1
Sri Lanka,17,U Thimashini,M Klaas,HIS Mendis,0,0,0
Sri Lanka,17,U Thimashini,M Klaas,HIS Mendis,1,0,1
Sri Lanka,17,HIS Mendis,M Klaas,U Thimashini,1,0,1
Sri Lanka,17,U Thimashini,M Klaas,HIS Mendis,0,0,0
Sri Lanka,17,KDU Prabodhani,M Klaas,HIS Mendis,0,0,0
Sri Lanka,18,HIS Mendis,S Ismail,KDU Prabodhani,2,0,2
Sri Lanka,18,HIS Mendis,S Ismail,KDU Prabodhani,0,0,0
Sri Lanka,18,HIS Mendis,S Ismail,KDU Prabodhani,0,0,0
Sri Lanka,18,HIS Mendis,S Ismail,KDU Prabodhani,4,0,4
Sri Lanka,18,HIS Mendis,S Ismail,KDU Prabodhani,1,0,1
Sri Lanka,18,KDU Prabodhani,S Ismail,HIS Mendis,0,0,0
Sri Lanka,19,HIS Mendis,M Klaas,KDU Prabodhani,1,0,1
Sri Lanka,19,KDU Prabodhani,M Klaas,HIS Mendis,0,0,0
Sri Lanka,19,I Ranaweera,M Klaas,HIS Mendis,1,0,1
Sri Lanka,19,HIS Mendis,M Klaas,I Ranaweera,4,0,4
Sri Lanka,19,HIS Mendis,M Klaas,I Ranaweera,1,0,1
Sri Lanka,19,I Ranaweera,M Klaas,HIS Mendis,1,0,1
South Africa,0,D van Niekerk,KDU Prabodhani,T Brits,0,0,0
South Africa,0,D van Niekerk,KDU Prabodhani,T Brits,0,0,0
South Africa,0,D van Niekerk,KDU Prabodhani,T Brits,0,0,0
South Africa,0,D van Niekerk,KDU Prabodhani,T Brits,0,0,0
South Africa,0,D van Niekerk,KDU Prabodhani,T Brits,4,0,4
South Africa,0,D van Niekerk,KDU Prabodhani,T Brits,0,0,0
South Africa,1,T Brits,WGAKK Kulasuriya,D van Niekerk,0,1,1
South Africa,1,T Brits,WGAKK Kulasuriya,D van Niekerk,0,0,0
South Africa,1,T Brits,WGAKK Kulasuriya,D van Niekerk,2,0,2
South Africa,1,T Brits,WGAKK Kulasuriya,D van Niekerk,0,0,0
South Africa,1,T Brits,WGAKK Kulasuriya,D van Niekerk,4,0,4
South Africa,1,T Brits,WGAKK Kulasuriya,D van Niekerk,0,0,0
South Africa,1,T Brits,WGAKK Kulasuriya,D van Niekerk,0,0,0
South Africa,2,D van Niekerk,KDU Prabodhani,T Brits,0,0,0
South Africa,2,D van Niekerk,KDU Prabodhani,T Brits,4,0,4
South Africa,2,D van Niekerk,KDU Prabodhani,T Brits,4,0,4
South Africa,2,D van Niekerk,KDU Prabodhani,T Brits,0,0,0
South Africa,2,D van Niekerk,KDU Prabodhani,T Brits,1,0,1
South Africa,2,T Brits,KDU Prabodhani,D van Niekerk,0,0,0
South Africa,3,D van Niekerk,WGAKK Kulasuriya,T Brits,1,0,1
South Africa,3,T Brits,WGAKK Kulasuriya,D van Niekerk,0,0,0
South Africa,3,T Brits,WGAKK Kulasuriya,D van Niekerk,0,0,0
South Africa,3,T Brits,WGAKK Kulasuriya,D van Niekerk,4,0,4
South Africa,3,T Brits,WGAKK Kulasuriya,D van Niekerk,0,0,0
South Africa,3,D van Niekerk,WGAKK Kulasuriya,M Kapp,0,0,0
South Africa,4,M Kapp,OU Ranasinghe,D van Niekerk,1,0,1
South Africa,4,D van Niekerk,OU Ranasinghe,M Kapp,1,0,1
South Africa,4,M Kapp,OU Ranasinghe,D van Niekerk,0,0,0
South Africa,4,M Kapp,OU Ranasinghe,D van Niekerk,1,0,1
South Africa,4,D van Niekerk,OU Ranasinghe,M Kapp,0,0,0
South Africa,4,D van Niekerk,OU Ranasinghe,M Kapp,4,0,4
South Africa,5,M Kapp,WGAKK Kulasuriya,D van Niekerk,0,0,0
South Africa,5,M Kapp,WGAKK Kulasuriya,D van Niekerk,1,0,1
South Africa,5,D van Niekerk,WGAKK Kulasuriya,M Kapp,0,0,0
South Africa,5,D van Niekerk,WGAKK Kulasuriya,M Kapp,0,0,0
South Africa,5,D van Niekerk,WGAKK Kulasuriya,M Kapp,0,0,0
South Africa,5,D van Niekerk,WGAKK Kulasuriya,M Kapp,1,0,1
South Africa,6,D van Niekerk,OU Ranasinghe,M Kapp,1,0,1
South Africa,6,M Kapp,OU Ranasinghe,D van Niekerk,1,0,1
South Africa,6,D van Niekerk,OU Ranasinghe,M Kapp,0,0,0
South Africa,6,D van Niekerk,OU Ranasinghe,M Kapp,1,0,1
South Africa,6,M Kapp,OU Ranasinghe,D van Niekerk,1,0,1
South Africa,6,D van Niekerk,OU Ranasinghe,M Kapp,1,0,1
South Africa,7,D van Niekerk,NND de Silva,M Kapp,0,0,0
South Africa,7,D van Niekerk,NND de Silva,M Kapp,0,0,0
South Africa,7,D van Niekerk,NND de Silva,M Kapp,4,0,4
South Africa,7,D van Niekerk,NND de Silva,M Kapp,0,0,0
South Africa,7,D van Niekerk,NND de Silva,M Kapp,1,0,1
South Africa,7,M Kapp,NND de Silva,D van Niekerk,0,0,0
South Africa,8,D van Niekerk,I Ranaweera,M du Preez,0,0,0
South Africa,8,D van Niekerk,I Ranaweera,M du Preez,0,0,0
South Africa,8,D van Niekerk,I Ranaweera,M du Preez,4,0,4
South Africa,8,D van Niekerk,I Ranaweera,M du Preez,0,0,0
South Africa,8,D van Niekerk,I Ranaweera,M du Preez,4,0,4
South Africa,8,D van Niekerk,I Ranaweera,M du Preez,1,0,1
South Africa,9,D van Niekerk,NND de Silva,M du Preez,0,0,0
South Africa,9,D van Niekerk,NND de Silva,M du Preez,4,0,4
South Africa,9,D van Niekerk,NND de Silva,M du Preez,1,0,1
South Africa,9,M du Preez,NND de Silva,D van Niekerk,4,0,4
South Africa,9,M du Preez,NND de Silva,D van Niekerk,0,0,0
South Africa,9,M du Preez,NND de Silva,D van Niekerk,0,0,0
South Africa,10,D van Niekerk,I Ranaweera,M du Preez,4,0,4
South Africa,10,D van Niekerk,I Ranaweera,M du Preez,4,0,4
South Africa,10,D van Niekerk,I Ranaweera,M du Preez,0,0,0
South Africa,10,D van Niekerk,I Ranaweera,M du Preez,4,0,4
South Africa,10,D van Niekerk,I Ranaweera,M du Preez,1,0,1
South Africa,10,M du Preez,I Ranaweera,D van Niekerk,0,0,0
South Africa,11,D van Niekerk,HASD Siriwardene,L Goodall,0,0,0
South Africa,11,D van Niekerk,HASD Siriwardene,L Goodall,4,0,4
South Africa,11,D van Niekerk,HASD Siriwardene,L Goodall,0,0,0
South Africa,11,D van Niekerk,HASD Siriwardene,L Goodall,1,0,1
South Africa,11,L Goodall,HASD Siriwardene,D van Niekerk,0,0,0
South Africa,11,L Goodall,HASD Siriwardene,D van Niekerk,1,0,1
South Africa,12,L Goodall,OU Ranasinghe,D van Niekerk,0,0,0
South Africa,12,L Goodall,OU Ranasinghe,D van Niekerk,1,0,1
South Africa,12,D van Niekerk,OU Ranasinghe,L Goodall,1,0,1
South Africa,12,L Goodall,OU Ranasinghe,D van Niekerk,1,0,1
South Africa,12,D van Niekerk,OU Ranasinghe,L Goodall,2,0,2
South Africa,12,D van Niekerk,OU Ranasinghe,L Goodall,1,0,1
South Africa,13,D van Niekerk,HASD Siriwardene,L Goodall,0,0,0
South Africa,13,D van Niekerk,HASD Siriwardene,L Goodall,2,0,2
South Africa,13,D van Niekerk,HASD Siriwardene,L Goodall,1,0,1
South Africa,13,L Goodall,HASD Siriwardene,D van Niekerk,0,0,0
South Africa,13,L Goodall,HASD Siriwardene,D van Niekerk,0,0,0
South Africa,13,L Goodall,HASD Siriwardene,D van Niekerk,0,0,0
South Africa,14,D van Niekerk,KDU Prabodhani,L Goodall,0,0,0
South Africa,14,D van Niekerk,KDU Prabodhani,L Goodall,4,0,4
