Team,Over,Batter,Bowler,Non_Striker,Batter_Runs,Extras,Total_Runs
India,0,KL Rahul,JP Behrendorff,S Dhawan,1,0,1
India,0,S Dhawan,JP Behrendorff,KL Rahul,0,0,0
India,0,S Dhawan,JP Behrendorff,KL Rahul,0,1,1
India,0,KL Rahul,JP Behrendorff,S Dhawan,0,0,0
India,0,KL Rahul,JP Behrendorff,S Dhawan,1,0,1
India,0,S Dhawan,JP Behrendorff,KL Rahul,0,0,0
India,1,KL Rahul,JA Richardson,S Dhawan,0,0,0
India,1,KL Rahul,JA Richardson,S Dhawan,0,0,0
India,1,KL Rahul,JA Richardson,S Dhawan,1,0,1
India,1,S Dhawan,JA Richardson,KL Rahul,0,0,0
India,1,S Dhawan,JA Richardson,KL Rahul,0,0,0
India,1,S Dhawan,JA Richardson,KL Rahul,0,0,0
India,2,KL Rahul,JP Behrendorff,S Dhawan,4,0,4
India,2,KL Rahul,JP Behrendorff,S Dhawan,1,0,1
India,2,S Dhawan,JP Behrendorff,KL Rahul,4,0,4
India,2,S Dhawan,JP Behrendorff,KL Rahul,1,0,1
India,2,KL Rahul,JP Behrendorff,S Dhawan,1,0,1
India,2,S Dhawan,JP Behrendorff,KL Rahul,1,0,1
India,3,S Dhawan,NM Coulter-Nile,KL Rahul,0,0,0
India,3,S Dhawan,NM Coulter-Nile,KL Rahul,0,0,0
India,3,S Dhawan,NM Coulter-Nile,KL Rahul,0,1,1
India,3,S Dhawan,NM Coulter-Nile,KL Rahul,0,1,1
India,3,S Dhawan,NM Coulter-Nile,KL Rahul,1,0,1
India,3,KL Rahul,NM Coulter-Nile,S Dhawan,4,0,4
India,3,KL Rahul,NM Coulter-Nile,S Dhawan,0,0,0
India,3,KL Rahul,NM Coulter-Nile,S Dhawan,1,0,1
India,4,KL Rahul,JA Richardson,S Dhawan,0,0,0
India,4,KL Rahul,JA Richardson,S Dhawan,1,0,1
India,4,S Dhawan,JA Richardson,KL Rahul,1,0,1
India,4,KL Rahul,JA Richardson,S Dhawan,6,0,6
India,4,KL Rahul,JA Richardson,S Dhawan,6,0,6
India,4,KL Rahul,JA Richardson,S Dhawan,1,0,1
India,5,KL Rahul,PJ Cummins,S Dhawan,1,0,1
India,5,S Dhawan,PJ Cummins,KL Rahul,0,0,0
India,5,S Dhawan,PJ Cummins,KL Rahul,1,0,1
India,5,KL Rahul,PJ Cummins,S Dhawan,6,0,6
India,5,KL Rahul,PJ Cummins,S Dhawan,6,0,6
India,5,KL Rahul,PJ Cummins,S Dhawan,0,0,0
India,6,S Dhawan,A Zampa,KL Rahul,1,0,1
India,6,KL Rahul,A Zampa,S Dhawan,4,0,4
India,6,KL Rahul,A Zampa,S Dhawan,1,0,1
India,6,S Dhawan,A Zampa,KL Rahul,1,0,1
India,6,KL Rahul,A Zampa,S Dhawan,0,0,0
India,6,KL Rahul,A Zampa,S Dhawan,1,0,1
India,7,KL Rahul,NM Coulter-Nile,S Dhawan,0,0,0
India,7,V Kohli,NM Coulter-Nile,S Dhawan,1,0,1
India,7,S Dhawan,NM Coulter-Nile,V Kohli,0,0,0
India,7,S Dhawan,NM Coulter-Nile,V Kohli,1,0,1
India,7,V Kohli,NM Coulter-Nile,S Dhawan,1,0,1
India,7,S Dhawan,NM Coulter-Nile,V Kohli,0,1,1
India,8,S Dhawan,A Zampa,V Kohli,1,0,1
India,8,V Kohli,A Zampa,S Dhawan,0,0,0
India,8,V Kohli,A Zampa,S Dhawan,0,0,0
India,8,V Kohli,A Zampa,S Dhawan,1,0,1
India,8,S Dhawan,A Zampa,V Kohli,1,0,1
India,8,V Kohli,A Zampa,S Dhawan,2,0,2
India,9,S Dhawan,JP Behrendorff,V Kohli,0,0,0
India,9,S Dhawan,JP Behrendorff,V Kohli,0,0,0
India,9,V Kohli,JP Behrendorff,RR Pant,1,0,1
India,9,RR Pant,JP Behrendorff,V Kohli,0,0,0
India,9,RR Pant,JP Behrendorff,V Kohli,1,0,1
India,9,V Kohli,JP Behrendorff,RR Pant,1,0,1
India,10,V Kohli,DJM Short,RR Pant,1,0,1
India,10,RR Pant,DJM Short,V Kohli,0,0,0
India,10,RR Pant,DJM Short,V Kohli,0,0,0
India,10,RR Pant,DJM Short,V Kohli,0,0,0
India,10,RR Pant,DJM Short,V Kohli,0,0,0
India,10,MS Dhoni,DJM Short,V Kohli,0,0,0
India,11,V Kohli,A Zampa,MS Dhoni,1,0,1
India,11,MS Dhoni,A Zampa,V Kohli,0,0,0
India,11,MS Dhoni,A Zampa,V Kohli,0,0,0
India,11,MS Dhoni,A Zampa,V Kohli,1,0,1
India,11,V Kohli,A Zampa,MS Dhoni,4,0,4
India,11,V Kohli,A Zampa,MS Dhoni,1,0,1
India,12,V Kohli,DJM Short,MS Dhoni,1,0,1
India,12,MS Dhoni,DJM Short,V Kohli,0,0,0
India,12,MS Dhoni,DJM Short,V Kohli,6,0,6
India,12,MS Dhoni,DJM Short,V Kohli,0,0,0
India,12,MS Dhoni,DJM Short,V Kohli,1,0,1
India,12,V Kohli,DJM Short,MS Dhoni,1,0,1
India,13,V Kohli,PJ Cummins,MS Dhoni,2,0,2
India,13,V Kohli,PJ Cummins,MS Dhoni,1,0,1
India,13,MS Dhoni,PJ Cummins,V Kohli,0,0,0
India,13,MS Dhoni,PJ Cummins,V Kohli,4,0,4
India,13,MS Dhoni,PJ Cummins,V Kohli,1,0,1
India,13,V Kohli,PJ Cummins,MS Dhoni,1,0,1
India,14,V Kohli,JA Richardson,MS Dhoni,1,0,1
India,14,MS Dhoni,JA Richardson,V Kohli,4,0,4
India,14,MS Dhoni,JA Richardson,V Kohli,1,0,1
India,14,V Kohli,JA Richardson,MS Dhoni,6,0,6
India,14,V Kohli,JA Richardson,MS Dhoni,2,0,2
India,14,V Kohli,JA Richardson,MS Dhoni,0,0,0
India,15,MS Dhoni,NM Coulter-Nile,V Kohli,2,0,2
India,15,MS Dhoni,NM Coulter-Nile,V Kohli,1,0,1
India,15,V Kohli,NM Coulter-Nile,MS Dhoni,6,0,6
India,15,V Kohli,NM Coulter-Nile,MS Dhoni,6,0,6
India,15,V Kohli,NM Coulter-Nile,MS Dhoni,6,0,6
India,15,V Kohli,NM Coulter-Nile,MS Dhoni,1,0,1
India,16,V Kohli,A Zampa,MS Dhoni,1,0,1
India,16,MS Dhoni,A Zampa,V Kohli,1,0,1
India,16,V Kohli,A Zampa,MS Dhoni,0,0,0
India,16,V Kohli,A Zampa,MS Dhoni,0,0,0
India,16,V Kohli,A Zampa,MS Dhoni,1,0,1
India,16,MS Dhoni,A Zampa,V Kohli,0,0,0
India,17,V Kohli,DJM Short,MS Dhoni,1,0,1
India,17,MS Dhoni,DJM Short,V Kohli,6,0,6
India,17,MS Dhoni,DJM Short,V Kohli,1,0,1
India,17,V Kohli,DJM Short,MS Dhoni,1,0,1
India,17,MS Dhoni,DJM Short,V Kohli,6,0,6
India,17,MS Dhoni,DJM Short,V Kohli,4,0,4
India,18,V Kohli,JA Richardson,MS Dhoni,0,0,0
India,18,V Kohli,JA Richardson,MS Dhoni,0,1,1
India,18,V Kohli,JA Richardson,MS Dhoni,6,0,6
India,18,V Kohli,JA Richardson,MS Dhoni,1,0,1
India,18,MS Dhoni,JA Richardson,V Kohli,1,0,1
India,18,V Kohli,JA Richardson,MS Dhoni,2,0,2
India,18,V Kohli,JA Richardson,MS Dhoni,4,0,4
India,19,MS Dhoni,PJ Cummins,V Kohli,0,1,1
India,19,MS Dhoni,PJ Cummins,V Kohli,0,1,1
India,19,MS Dhoni,PJ Cummins,V Kohli,0,0,0
India,19,V Kohli,PJ Cummins,KD Karthik,1,0,1
India,19,KD Karthik,PJ Cummins,V Kohli,4,0,4
India,19,KD Karthik,PJ Cummins,V Kohli,4,0,4
India,19,KD Karthik,PJ Cummins,V Kohli,0,1,1
India,19,V Kohli,PJ Cummins,KD Karthik,6,0,6
Australia,0,DJM Short,V Shankar,MP Stoinis,4,0,4
Australia,0,DJM Short,V Shankar,MP Stoinis,1,0,1
Australia,0,MP Stoinis,V Shankar,DJM Short,0,0,0
Australia,0,MP Stoinis,V Shankar,DJM Short,4,0,4
Australia,0,MP Stoinis,V Shankar,DJM Short,0,0,0
Australia,0,MP Stoinis,V Shankar,DJM Short,0,0,0
Australia,1,DJM Short,JJ Bumrah,MP Stoinis,1,0,1
Australia,1,MP Stoinis,JJ Bumrah,DJM Short,2,0,2
Australia,1,MP Stoinis,JJ Bumrah,DJM Short,0,0,0
Australia,1,MP Stoinis,JJ Bumrah,DJM Short,0,0,0
Australia,1,MP Stoinis,JJ Bumrah,DJM Short,0,0,0
Australia,1,MP Stoinis,JJ Bumrah,DJM Short,1,0,1
Australia,2,MP Stoinis,S Kaul,DJM Short,0,0,0
Australia,2,MP Stoinis,S Kaul,DJM Short,0,0,0
Australia,2,AJ Finch,S Kaul,DJM Short,0,0,0
Australia,2,AJ Finch,S Kaul,DJM Short,2,0,2
Australia,2,AJ Finch,S Kaul,DJM Short,2,0,2
Australia,2,AJ Finch,S Kaul,DJM Short,0,0,0
Australia,3,DJM Short,V Shankar,AJ Finch,0,0,0
Australia,3,DJM Short,V Shankar,AJ Finch,0,0,0
Australia,3,DJM Short,V Shankar,AJ Finch,1,0,1
Australia,3,AJ Finch,V Shankar,DJM Short,4,0,4
Australia,3,AJ Finch,V Shankar,DJM Short,0,0,0
Australia,3,AJ Finch,V Shankar,DJM Short,0,0,0
Australia,4,DJM Short,JJ Bumrah,GJ Maxwell,0,0,0
Australia,4,DJM Short,JJ Bumrah,GJ Maxwell,0,0,0
Australia,4,DJM Short,JJ Bumrah,GJ Maxwell,1,0,1
Australia,4,GJ Maxwell,JJ Bumrah,DJM Short,1,0,1
Australia,4,DJM Short,JJ Bumrah,GJ Maxwell,1,0,1
Australia,4,GJ Maxwell,JJ Bumrah,DJM Short,6,0,6
Australia,5,DJM Short,S Kaul,GJ Maxwell,0,0,0
Australia,5,DJM Short,S Kaul,GJ Maxwell,4,0,4
Australia,5,DJM Short,S Kaul,GJ Maxwell,1,0,1
Australia,5,GJ Maxwell,S Kaul,DJM Short,1,0,1
Australia,5,DJM Short,S Kaul,GJ Maxwell,4,0,4
Australia,5,DJM Short,S Kaul,GJ Maxwell,1,0,1
Australia,6,DJM Short,V Shankar,GJ Maxwell,1,0,1
Australia,6,GJ Maxwell,V Shankar,DJM Short,4,0,4
Australia,6,GJ Maxwell,V Shankar,DJM Short,0,0,0
Australia,6,GJ Maxwell,V Shankar,DJM Short,1,0,1
Australia,6,DJM Short,V Shankar,GJ Maxwell,4,0,4
Australia,6,DJM Short,V Shankar,GJ Maxwell,1,0,1
Australia,7,DJM Short,YS Chahal,GJ Maxwell,1,0,1
Australia,7,GJ Maxwell,YS Chahal,DJM Short,4,0,4
Australia,7,GJ Maxwell,YS Chahal,DJM Short,1,0,1
Australia,7,DJM Short,YS Chahal,GJ Maxwell,0,1,1
Australia,7,DJM Short,YS Chahal,GJ Maxwell,1,0,1
Australia,7,GJ Maxwell,YS Chahal,DJM Short,0,1,1
Australia,7,GJ Maxwell,YS Chahal,DJM Short,2,0,2
Australia,7,GJ Maxwell,YS Chahal,DJM Short,1,0,1
Australia,8,GJ Maxwell,KH Pandya,DJM Short,0,0,0
Australia,8,GJ Maxwell,KH Pandya,DJM Short,1,0,1
Australia,8,DJM Short,KH Pandya,GJ Maxwell,4,0,4
Australia,8,DJM Short,KH Pandya,GJ Maxwell,1,0,1
Australia,8,GJ Maxwell,KH Pandya,DJM Short,1,0,1
Australia,8,DJM Short,KH Pandya,GJ Maxwell,4,0,4
Australia,9,GJ Maxwell,YS Chahal,DJM Short,1,0,1
Australia,9,DJM Short,YS Chahal,GJ Maxwell,1,0,1
Australia,9,GJ Maxwell,YS Chahal,DJM Short,6,0,6
Australia,9,GJ Maxwell,YS Chahal,DJM Short,1,0,1
Australia,9,DJM Short,YS Chahal,GJ Maxwell,1,0,1
Australia,9,GJ Maxwell,YS Chahal,DJM Short,1,0,1
Australia,10,GJ Maxwell,KH Pandya,DJM Short,0,0,0
Australia,10,GJ Maxwell,KH Pandya,DJM Short,1,0,1
Australia,10,DJM Short,KH Pandya,GJ Maxwell,1,0,1
Australia,10,GJ Maxwell,KH Pandya,DJM Short,4,0,4
Australia,10,GJ Maxwell,KH Pandya,DJM Short,1,0,1
Australia,10,DJM Short,KH Pandya,GJ Maxwell,1,0,1
Australia,11,DJM Short,V Shankar,GJ Maxwell,0,0,0
Australia,11,GJ Maxwell,V Shankar,PSP Handscomb,0,0,0
Australia,11,GJ Maxwell,V Shankar,PSP Handscomb,4,0,4
Australia,11,GJ Maxwell,V Shankar,PSP Handscomb,1,0,1
Australia,11,PSP Handscomb,V Shankar,GJ Maxwell,1,0,1
Australia,11,GJ Maxwell,V Shankar,PSP Handscomb,0,1,1
Australia,11,GJ Maxwell,V Shankar,PSP Handscomb,6,0,6
Australia,12,PSP Handscomb,KH Pandya,GJ Maxwell,1,0,1
Australia,12,GJ Maxwell,KH Pandya,PSP Handscomb,0,1,1
Australia,12,PSP Handscomb,KH Pandya,GJ Maxwell,1,0,1
Australia,12,GJ Maxwell,KH Pandya,PSP Handscomb,0,0,0
Australia,12,GJ Maxwell,KH Pandya,PSP Handscomb,1,0,1
Australia,12,PSP Handscomb,KH Pandya,GJ Maxwell,1,0,1
Australia,13,PSP Handscomb,YS Chahal,GJ Maxwell,0,0,0
Australia,13,PSP Handscomb,YS Chahal,GJ Maxwell,1,0,1
Australia,13,GJ Maxwell,YS Chahal,PSP Handscomb,1,0,1
Australia,13,PSP Handscomb,YS Chahal,GJ Maxwell,4,0,4
Australia,13,PSP Handscomb,YS Chahal,GJ Maxwell,1,0,1
Australia,13,GJ Maxwell,YS Chahal,PSP Handscomb,1,0,1
Australia,14,GJ Maxwell,KH Pandya,PSP Handscomb,0,0,0
Australia,14,GJ Maxwell,KH Pandya,PSP Handscomb,0,1,1
Australia,14,GJ Maxwell,KH Pandya,PSP Handscomb,1,0,1
Australia,14,PSP Handscomb,KH Pandya,GJ Maxwell,1,0,1
Australia,14,GJ Maxwell,KH Pandya,PSP Handscomb,0,0,0
Australia,14,GJ Maxwell,KH Pandya,PSP Handscomb,6,0,6
Australia,14,GJ Maxwell,KH Pandya,PSP Handscomb,1,0,1
Australia,15,GJ Maxwell,YS Chahal,PSP Handscomb,2,0,2
Australia,15,GJ Maxwell,YS Chahal,PSP Handscomb,6,0,6
Australia,15,GJ Maxwell,YS Chahal,PSP Handscomb,6,0,6
Australia,15,GJ Maxwell,YS Chahal,PSP Handscomb,1,0,1
Australia,15,PSP Handscomb,YS Chahal,GJ Maxwell,1,0,1
Australia,15,GJ Maxwell,YS Chahal,PSP Handscomb,0,0,0
Australia,16,PSP Handscomb,JJ Bumrah,GJ Maxwell,1,0,1
Australia,16,GJ Maxwell,JJ Bumrah,PSP Handscomb,4,0,4
Australia,16,GJ Maxwell,JJ Bumrah,PSP Handscomb,1,0,1
Australia,16,PSP Handscomb,JJ Bumrah,GJ Maxwell,1,0,1
Australia,16,GJ Maxwell,JJ Bumrah,PSP Handscomb,4,0,4
Australia,16,GJ Maxwell,JJ Bumrah,PSP Handscomb,1,0,1
Australia,17,GJ Maxwell,S Kaul,PSP Handscomb,0,0,0
Australia,17,GJ Maxwell,S Kaul,PSP Handscomb,6,0,6
Australia,17,GJ Maxwell,S Kaul,PSP Handscomb,1,0,1
Australia,17,PSP Handscomb,S Kaul,GJ Maxwell,2,0,2
Australia,17,PSP Handscomb,S Kaul,GJ Maxwell,1,0,1
Australia,17,GJ Maxwell,S Kaul,PSP Handscomb,6,1,7
Australia,17,GJ Maxwell,S Kaul,PSP Handscomb,1,0,1
Australia,18,GJ Maxwell,JJ Bumrah,PSP Handscomb,1,0,1
Australia,18,PSP Handscomb,JJ Bumrah,GJ Maxwell,1,0,1
Australia,18,GJ Maxwell,JJ Bumrah,PSP Handscomb,1,0,1
Australia,18,PSP Handscomb,JJ Bumrah,GJ Maxwell,0,0,0
Australia,18,PSP Handscomb,JJ Bumrah,GJ Maxwell,1,0,1
Australia,18,GJ Maxwell,JJ Bumrah,PSP Handscomb,1,0,1
Australia,19,GJ Maxwell,S Kaul,PSP Handscomb,1,0,1
Australia,19,PSP Handscomb,S Kaul,GJ Maxwell,1,0,1
Australia,19,GJ Maxwell,S Kaul,PSP Handscomb,6,0,6
Australia,19,GJ Maxwell,S Kaul,PSP Handscomb,4,0,4
