Team,Over,Batter,Bowler,Non_Striker,Batter_Runs,Extras,Total_Runs
Nepal,0,P Sarraf,Mohammad Naveed,P Khadka,0,0,0
Nepal,0,P Sarraf,Mohammad Naveed,P Khadka,0,0,0
Nepal,0,P Sarraf,Mohammad Naveed,P Khadka,0,0,0
Nepal,0,P Sarraf,Mohammad Naveed,P Khadka,0,0,0
Nepal,0,G Malla,Mohammad Naveed,P Khadka,0,0,0
Nepal,0,G Malla,Mohammad Naveed,P Khadka,0,0,0
Nepal,1,P Khadka,Amir Hayat,G Malla,1,0,1
Nepal,1,G Malla,Amir Hayat,P Khadka,0,0,0
Nepal,1,G Malla,Amir Hayat,P Khadka,4,0,4
Nepal,1,G Malla,Amir Hayat,P Khadka,0,0,0
Nepal,1,G Malla,Amir Hayat,P Khadka,1,0,1
Nepal,1,P Khadka,Amir Hayat,G Malla,0,0,0
Nepal,2,G Malla,Zahoor Khan,P Khadka,2,0,2
Nepal,2,G Malla,Zahoor Khan,P Khadka,4,0,4
Nepal,2,G Malla,Zahoor Khan,P Khadka,0,0,0
Nepal,2,DS Airee,Zahoor Khan,P Khadka,1,0,1
Nepal,2,P Khadka,Zahoor Khan,DS Airee,4,0,4
Nepal,2,P Khadka,Zahoor Khan,DS Airee,2,0,2
Nepal,3,DS Airee,Sultan Ahmed,P Khadka,1,0,1
Nepal,3,P Khadka,Sultan Ahmed,DS Airee,1,0,1
Nepal,3,DS Airee,Sultan Ahmed,P Khadka,0,0,0
Nepal,3,S Jora,Sultan Ahmed,P Khadka,2,0,2
Nepal,3,S Jora,Sultan Ahmed,P Khadka,6,0,6
Nepal,3,S Jora,Sultan Ahmed,P Khadka,2,0,2
Nepal,4,P Khadka,Zahoor Khan,S Jora,4,0,4
Nepal,4,P Khadka,Zahoor Khan,S Jora,0,1,1
Nepal,4,S Jora,Zahoor Khan,P Khadka,0,0,0
Nepal,4,S Jora,Zahoor Khan,P Khadka,1,0,1
Nepal,4,P Khadka,Zahoor Khan,S Jora,4,0,4
Nepal,4,P Khadka,Zahoor Khan,S Jora,1,0,1
Nepal,5,P Khadka,Mohammad Boota,S Jora,6,0,6
Nepal,5,P Khadka,Mohammad Boota,S Jora,2,0,2
Nepal,5,P Khadka,Mohammad Boota,S Jora,4,0,4
Nepal,5,P Khadka,Mohammad Boota,S Jora,0,0,0
Nepal,5,P Khadka,Mohammad Boota,S Jora,0,0,0
Nepal,5,B Bhandari,Mohammad Boota,S Jora,1,0,1
Nepal,6,B Bhandari,Sultan Ahmed,S Jora,0,1,1
Nepal,6,B Bhandari,Sultan Ahmed,S Jora,0,0,0
Nepal,6,B Bhandari,Sultan Ahmed,S Jora,4,0,4
Nepal,6,B Bhandari,Sultan Ahmed,S Jora,1,0,1
Nepal,6,S Jora,Sultan Ahmed,B Bhandari,1,0,1
Nepal,6,B Bhandari,Sultan Ahmed,S Jora,1,0,1
Nepal,6,S Jora,Sultan Ahmed,B Bhandari,6,0,6
Nepal,7,B Bhandari,Imran Haider,S Jora,0,0,0
Nepal,7,B Bhandari,Imran Haider,S Jora,4,0,4
Nepal,7,B Bhandari,Imran Haider,S Jora,6,0,6
Nepal,7,B Bhandari,Imran Haider,S Jora,0,1,1
Nepal,7,S Jora,Imran Haider,B Bhandari,6,0,6
Nepal,7,S Jora,Imran Haider,B Bhandari,2,0,2
Nepal,8,B Bhandari,Mohammad Naveed,S Jora,1,0,1
Nepal,8,S Jora,Mohammad Naveed,B Bhandari,2,0,2
Nepal,8,S Jora,Mohammad Naveed,B Bhandari,0,0,0
Nepal,8,Karan KC,Mohammad Naveed,B Bhandari,1,0,1
Nepal,8,B Bhandari,Mohammad Naveed,Karan KC,1,0,1
Nepal,8,Karan KC,Mohammad Naveed,B Bhandari,1,0,1
Nepal,9,Karan KC,Amir Hayat,B Bhandari,2,0,2
Nepal,9,Karan KC,Amir Hayat,B Bhandari,6,0,6
Nepal,9,Karan KC,Amir Hayat,B Bhandari,0,0,0
Nepal,9,B Bhandari,Amir Hayat,Sompal Kami,2,0,2
Nepal,9,B Bhandari,Amir Hayat,Sompal Kami,0,0,0
Nepal,9,Sompal Kami,Amir Hayat,S Lamichhane,0,0,0
United Arab Emirates,0,Ghulam Shabber,S Lamichhane,Ashfaq Ahmed,6,0,6
United Arab Emirates,0,Ghulam Shabber,S Lamichhane,Ashfaq Ahmed,4,0,4
United Arab Emirates,0,Ghulam Shabber,S Lamichhane,Ashfaq Ahmed,4,0,4
United Arab Emirates,0,Ghulam Shabber,S Lamichhane,Ashfaq Ahmed,0,0,0
United Arab Emirates,0,Ghulam Shabber,S Lamichhane,Ashfaq Ahmed,1,0,1
United Arab Emirates,0,Ashfaq Ahmed,S Lamichhane,Ghulam Shabber,0,5,5
United Arab Emirates,0,Ashfaq Ahmed,S Lamichhane,Ghulam Shabber,0,0,0
United Arab Emirates,1,Ghulam Shabber,Sompal Kami,Ashfaq Ahmed,0,0,0
United Arab Emirates,1,Ghulam Shabber,Sompal Kami,Ashfaq Ahmed,0,0,0
United Arab Emirates,1,Ghulam Shabber,Sompal Kami,Ashfaq Ahmed,1,0,1
United Arab Emirates,1,Ashfaq Ahmed,Sompal Kami,Ghulam Shabber,4,0,4
United Arab Emirates,1,Ashfaq Ahmed,Sompal Kami,Ghulam Shabber,4,0,4
United Arab Emirates,1,Ashfaq Ahmed,Sompal Kami,Ghulam Shabber,0,0,0
United Arab Emirates,2,Shaiman Anwar,Karan KC,Ghulam Shabber,0,0,0
United Arab Emirates,2,Shaiman Anwar,Karan KC,Ghulam Shabber,0,0,0
United Arab Emirates,2,Shaiman Anwar,Karan KC,Ghulam Shabber,6,0,6
United Arab Emirates,2,Shaiman Anwar,Karan KC,Ghulam Shabber,2,0,2
United Arab Emirates,2,Shaiman Anwar,Karan KC,Ghulam Shabber,1,0,1
United Arab Emirates,2,Ghulam Shabber,Karan KC,Shaiman Anwar,1,0,1
United Arab Emirates,3,Ghulam Shabber,Sompal Kami,Shaiman Anwar,1,0,1
United Arab Emirates,3,Shaiman Anwar,Sompal Kami,Ghulam Shabber,1,0,1
United Arab Emirates,3,Ghulam Shabber,Sompal Kami,Shaiman Anwar,1,0,1
United Arab Emirates,3,Shaiman Anwar,Sompal Kami,Ghulam Shabber,0,0,0
United Arab Emirates,3,Shaiman Anwar,Sompal Kami,Ghulam Shabber,0,1,1
United Arab Emirates,3,Shaiman Anwar,Sompal Kami,Ghulam Shabber,6,0,6
United Arab Emirates,3,Shaiman Anwar,Sompal Kami,Ghulam Shabber,2,0,2
United Arab Emirates,4,Ghulam Shabber,A Bohara,Shaiman Anwar,2,0,2
United Arab Emirates,4,Ghulam Shabber,A Bohara,Shaiman Anwar,4,0,4
United Arab Emirates,4,Ghulam Shabber,A Bohara,Shaiman Anwar,0,0,0
United Arab Emirates,4,Ghulam Shabber,A Bohara,Shaiman Anwar,0,0,0
United Arab Emirates,4,Muhammad Usman,A Bohara,Shaiman Anwar,1,0,1
United Arab Emirates,4,Shaiman Anwar,A Bohara,Muhammad Usman,0,0,0
United Arab Emirates,5,Muhammad Usman,S Lamichhane,Shaiman Anwar,1,0,1
United Arab Emirates,5,Shaiman Anwar,S Lamichhane,Muhammad Usman,1,0,1
United Arab Emirates,5,Muhammad Usman,S Lamichhane,Shaiman Anwar,0,0,0
United Arab Emirates,5,Shaiman Anwar,S Lamichhane,Mohammad Boota,0,0,0
United Arab Emirates,5,Shaiman Anwar,S Lamichhane,Mohammad Boota,0,0,0
United Arab Emirates,5,Shaiman Anwar,S Lamichhane,Mohammad Boota,1,0,1
United Arab Emirates,6,Shaiman Anwar,LN Rajbanshi,Mohammad Boota,4,0,4
United Arab Emirates,6,Shaiman Anwar,LN Rajbanshi,Mohammad Boota,1,0,1
United Arab Emirates,6,Mohammad Boota,LN Rajbanshi,Shaiman Anwar,1,0,1
United Arab Emirates,6,Shaiman Anwar,LN Rajbanshi,Mohammad Boota,4,0,4
United Arab Emirates,6,Shaiman Anwar,LN Rajbanshi,Mohammad Boota,0,0,0
United Arab Emirates,6,Shaiman Anwar,LN Rajbanshi,Mohammad Boota,1,0,1
United Arab Emirates,7,Shaiman Anwar,Karan KC,Mohammad Boota,0,0,0
United Arab Emirates,7,Mohammad Boota,Karan KC,Mohammad Naveed,1,0,1
United Arab Emirates,7,Mohammad Naveed,Karan KC,Mohammad Boota,0,0,0
United Arab Emirates,7,Mohammad Boota,Karan KC,CP Rizwan,1,0,1
United Arab Emirates,7,CP Rizwan,Karan KC,Mohammad Boota,1,0,1
United Arab Emirates,7,Mohammad Boota,Karan KC,CP Rizwan,0,1,1
United Arab Emirates,8,Mohammad Boota,A Bohara,CP Rizwan,2,0,2
United Arab Emirates,8,Mohammad Boota,A Bohara,CP Rizwan,4,0,4
United Arab Emirates,8,Mohammad Boota,A Bohara,CP Rizwan,0,0,0
United Arab Emirates,8,Mohammad Boota,A Bohara,CP Rizwan,2,0,2
United Arab Emirates,8,Mohammad Boota,A Bohara,CP Rizwan,0,0,0
United Arab Emirates,8,CP Rizwan,A Bohara,Amir Hayat,1,0,1
United Arab Emirates,9,CP Rizwan,LN Rajbanshi,Amir Hayat,0,0,0
United Arab Emirates,9,Amir Hayat,LN Rajbanshi,Sultan Ahmed,0,0,0
United Arab Emirates,9,Sultan Ahmed,LN Rajbanshi,Imran Haider,2,0,2
United Arab Emirates,9,Sultan Ahmed,LN Rajbanshi,Imran Haider,2,0,2
United Arab Emirates,9,Sultan Ahmed,LN Rajbanshi,Imran Haider,1,0,1
United Arab Emirates,9,Imran Haider,LN Rajbanshi,Sultan Ahmed,0,0,0
