Team,Over,Batter,Bowler,Non_Striker,Batter_Runs,Extras,Total_Runs
United Arab Emirates,0,Ashfaq Ahmed,Sompal Kami,CP Rizwan,0,0,0
United Arab Emirates,0,Ashfaq Ahmed,Sompal Kami,CP Rizwan,0,0,0
United Arab Emirates,0,Ashfaq Ahmed,Sompal Kami,CP Rizwan,0,0,0
United Arab Emirates,0,Ashfaq Ahmed,Sompal Kami,CP Rizwan,2,0,2
United Arab Emirates,0,Ashfaq Ahmed,Sompal Kami,CP Rizwan,2,0,2
United Arab Emirates,0,Ashfaq Ahmed,Sompal Kami,CP Rizwan,0,0,0
United Arab Emirates,1,Ghulam Shabber,Karan KC,CP Rizwan,0,0,0
United Arab Emirates,1,Ghulam Shabber,Karan KC,CP Rizwan,2,0,2
United Arab Emirates,1,Ghulam Shabber,Karan KC,CP Rizwan,0,0,0
United Arab Emirates,1,Ghulam Shabber,Karan KC,CP Rizwan,4,0,4
United Arab Emirates,1,Ghulam Shabber,Karan KC,CP Rizwan,0,0,0
United Arab Emirates,1,Ghulam Shabber,Karan KC,CP Rizwan,0,0,0
United Arab Emirates,2,CP Rizwan,Sompal Kami,Ghulam Shabber,1,0,1
United Arab Emirates,2,Ghulam Shabber,Sompal Kami,CP Rizwan,0,0,0
United Arab Emirates,2,Ghulam Shabber,Sompal Kami,CP Rizwan,0,0,0
United Arab Emirates,2,Shaiman Anwar,Sompal Kami,CP Rizwan,0,1,1
United Arab Emirates,2,Shaiman Anwar,Sompal Kami,CP Rizwan,0,0,0
United Arab Emirates,2,Shaiman Anwar,Sompal Kami,CP Rizwan,0,0,0
United Arab Emirates,2,Shaiman Anwar,Sompal Kami,CP Rizwan,0,0,0
United Arab Emirates,3,CP Rizwan,Karan KC,Shaiman Anwar,0,0,0
United Arab Emirates,3,CP Rizwan,Karan KC,Shaiman Anwar,0,0,0
United Arab Emirates,3,CP Rizwan,Karan KC,Shaiman Anwar,4,0,4
United Arab Emirates,3,CP Rizwan,Karan KC,Shaiman Anwar,1,0,1
United Arab Emirates,3,Shaiman Anwar,Karan KC,CP Rizwan,0,0,0
United Arab Emirates,3,Shaiman Anwar,Karan KC,CP Rizwan,1,0,1
United Arab Emirates,4,Shaiman Anwar,Sompal Kami,CP Rizwan,0,1,1
United Arab Emirates,4,CP Rizwan,Sompal Kami,Shaiman Anwar,1,0,1
United Arab Emirates,4,Shaiman Anwar,Sompal Kami,CP Rizwan,4,0,4
United Arab Emirates,4,Shaiman Anwar,Sompal Kami,CP Rizwan,1,0,1
United Arab Emirates,4,CP Rizwan,Sompal Kami,Shaiman Anwar,0,0,0
United Arab Emirates,4,CP Rizwan,Sompal Kami,Shaiman Anwar,1,0,1
United Arab Emirates,5,CP Rizwan,S Lamichhane,Shaiman Anwar,0,0,0
United Arab Emirates,5,CP Rizwan,S Lamichhane,Shaiman Anwar,1,0,1
United Arab Emirates,5,Shaiman Anwar,S Lamichhane,CP Rizwan,2,0,2
United Arab Emirates,5,Shaiman Anwar,S Lamichhane,CP Rizwan,6,0,6
United Arab Emirates,5,Shaiman Anwar,S Lamichhane,CP Rizwan,0,0,0
United Arab Emirates,5,Muhammad Usman,S Lamichhane,CP Rizwan,0,0,0
United Arab Emirates,6,CP Rizwan,Sompal Kami,Mohammad Boota,0,0,0
United Arab Emirates,6,CP Rizwan,Sompal Kami,Mohammad Boota,1,0,1
United Arab Emirates,6,Mohammad Boota,Sompal Kami,CP Rizwan,1,0,1
United Arab Emirates,6,CP Rizwan,Sompal Kami,Mohammad Boota,0,0,0
United Arab Emirates,6,CP Rizwan,Sompal Kami,Mohammad Boota,0,0,0
United Arab Emirates,6,CP Rizwan,Sompal Kami,Mohammad Boota,0,0,0
United Arab Emirates,7,Mohammad Boota,S Lamichhane,CP Rizwan,1,0,1
United Arab Emirates,7,CP Rizwan,S Lamichhane,Mohammad Boota,1,0,1
United Arab Emirates,7,Mohammad Boota,S Lamichhane,CP Rizwan,0,0,0
United Arab Emirates,7,Mohammad Boota,S Lamichhane,CP Rizwan,0,0,0
United Arab Emirates,7,Mohammad Boota,S Lamichhane,CP Rizwan,1,0,1
United Arab Emirates,7,CP Rizwan,S Lamichhane,Mohammad Boota,0,0,0
United Arab Emirates,8,Mohammad Boota,A Bohara,CP Rizwan,0,0,0
United Arab Emirates,8,Mohammad Boota,A Bohara,CP Rizwan,1,0,1
United Arab Emirates,8,CP Rizwan,A Bohara,Mohammad Boota,0,1,1
United Arab Emirates,8,CP Rizwan,A Bohara,Mohammad Boota,0,0,0
United Arab Emirates,8,CP Rizwan,A Bohara,Mohammad Boota,1,0,1
United Arab Emirates,8,Mohammad Boota,A Bohara,CP Rizwan,0,0,0
United Arab Emirates,8,Mohammad Boota,A Bohara,CP Rizwan,1,0,1
United Arab Emirates,9,Mohammad Boota,LN Rajbanshi,CP Rizwan,4,0,4
United Arab Emirates,9,Mohammad Boota,LN Rajbanshi,CP Rizwan,0,0,0
United Arab Emirates,9,Mohammad Boota,LN Rajbanshi,CP Rizwan,0,1,1
United Arab Emirates,9,CP Rizwan,LN Rajbanshi,Mohammad Boota,1,0,1
United Arab Emirates,9,Mohammad Boota,LN Rajbanshi,CP Rizwan,2,0,2
United Arab Emirates,9,Mohammad Boota,LN Rajbanshi,CP Rizwan,0,0,0
United Arab Emirates,10,CP Rizwan,Karan KC,Mohammad Boota,6,0,6
United Arab Emirates,10,CP Rizwan,Karan KC,Mohammad Boota,1,0,1
United Arab Emirates,10,Mohammad Boota,Karan KC,CP Rizwan,0,0,0
United Arab Emirates,10,CP Rizwan,Karan KC,Amir Hayat,1,0,1
United Arab Emirates,10,Amir Hayat,Karan KC,CP Rizwan,1,0,1
United Arab Emirates,10,CP Rizwan,Karan KC,Amir Hayat,1,0,1
United Arab Emirates,11,CP Rizwan,LN Rajbanshi,Amir Hayat,1,0,1
United Arab Emirates,11,Amir Hayat,LN Rajbanshi,CP Rizwan,0,0,0
United Arab Emirates,11,Amir Hayat,LN Rajbanshi,CP Rizwan,1,0,1
United Arab Emirates,11,CP Rizwan,LN Rajbanshi,Amir Hayat,0,0,0
United Arab Emirates,11,CP Rizwan,LN Rajbanshi,Amir Hayat,0,0,0
United Arab Emirates,11,CP Rizwan,LN Rajbanshi,Amir Hayat,4,0,4
United Arab Emirates,12,Amir Hayat,A Bohara,CP Rizwan,1,0,1
United Arab Emirates,12,CP Rizwan,A Bohara,Amir Hayat,0,0,0
United Arab Emirates,12,CP Rizwan,A Bohara,Amir Hayat,1,0,1
United Arab Emirates,12,Amir Hayat,A Bohara,CP Rizwan,0,0,0
United Arab Emirates,12,Mohammad Naveed,A Bohara,CP Rizwan,2,0,2
United Arab Emirates,12,Mohammad Naveed,A Bohara,CP Rizwan,0,0,0
United Arab Emirates,13,CP Rizwan,S Lamichhane,Mohammad Naveed,1,0,1
United Arab Emirates,13,Mohammad Naveed,S Lamichhane,CP Rizwan,0,0,0
United Arab Emirates,13,Mohammad Naveed,S Lamichhane,CP Rizwan,0,0,0
United Arab Emirates,13,Mohammad Naveed,S Lamichhane,CP Rizwan,1,0,1
United Arab Emirates,13,CP Rizwan,S Lamichhane,Mohammad Naveed,0,0,0
United Arab Emirates,13,CP Rizwan,S Lamichhane,Mohammad Naveed,0,0,0
United Arab Emirates,14,Mohammad Naveed,A Bohara,CP Rizwan,0,0,0
United Arab Emirates,14,Mohammad Naveed,A Bohara,CP Rizwan,4,0,4
United Arab Emirates,14,Mohammad Naveed,A Bohara,CP Rizwan,0,0,0
United Arab Emirates,14,Sultan Ahmed,A Bohara,CP Rizwan,0,0,0
United Arab Emirates,14,Sultan Ahmed,A Bohara,CP Rizwan,0,0,0
United Arab Emirates,14,Sultan Ahmed,A Bohara,CP Rizwan,1,0,1
United Arab Emirates,15,Sultan Ahmed,P Sarraf,CP Rizwan,1,0,1
United Arab Emirates,15,CP Rizwan,P Sarraf,Sultan Ahmed,1,0,1
United Arab Emirates,15,Sultan Ahmed,P Sarraf,CP Rizwan,1,0,1
United Arab Emirates,15,CP Rizwan,P Sarraf,Sultan Ahmed,4,0,4
United Arab Emirates,15,CP Rizwan,P Sarraf,Sultan Ahmed,1,0,1
United Arab Emirates,15,Sultan Ahmed,P Sarraf,CP Rizwan,0,4,4
United Arab Emirates,16,CP Rizwan,LN Rajbanshi,Sultan Ahmed,1,0,1
United Arab Emirates,16,Sultan Ahmed,LN Rajbanshi,CP Rizwan,1,0,1
United Arab Emirates,16,Imran Haider,LN Rajbanshi,CP Rizwan,0,0,0
United Arab Emirates,16,Imran Haider,LN Rajbanshi,CP Rizwan,1,0,1
United Arab Emirates,16,CP Rizwan,LN Rajbanshi,Imran Haider,1,0,1
United Arab Emirates,16,Imran Haider,LN Rajbanshi,CP Rizwan,0,0,0
United Arab Emirates,17,CP Rizwan,S Lamichhane,Imran Haider,1,0,1
United Arab Emirates,17,Imran Haider,S Lamichhane,CP Rizwan,1,0,1
United Arab Emirates,17,CP Rizwan,S Lamichhane,Imran Haider,1,0,1
United Arab Emirates,17,Imran Haider,S Lamichhane,CP Rizwan,0,0,0
United Arab Emirates,17,Imran Haider,S Lamichhane,CP Rizwan,1,0,1
United Arab Emirates,17,CP Rizwan,S Lamichhane,Imran Haider,1,0,1
United Arab Emirates,18,CP Rizwan,A Bohara,Imran Haider,4,0,4
United Arab Emirates,18,CP Rizwan,A Bohara,Imran Haider,0,0,0
United Arab Emirates,18,Zahoor Khan,A Bohara,Imran Haider,0,0,0
United Arab Emirates,18,Zahoor Khan,A Bohara,Imran Haider,1,0,1
United Arab Emirates,18,Imran Haider,A Bohara,Zahoor Khan,1,0,1
United Arab Emirates,18,Zahoor Khan,A Bohara,Imran Haider,1,0,1
United Arab Emirates,19,Zahoor Khan,Karan KC,Imran Haider,0,0,0
United Arab Emirates,19,Zahoor Khan,Karan KC,Imran Haider,0,0,0
Nepal,0,PS Airee,Mohammad Naveed,P Khadka,1,0,1
Nepal,0,P Khadka,Mohammad Naveed,PS Airee,0,0,0
Nepal,0,Karan KC,Mohammad Naveed,PS Airee,1,0,1
Nepal,0,PS Airee,Mohammad Naveed,Karan KC,0,0,0
Nepal,0,PS Airee,Mohammad Naveed,Karan KC,1,0,1
Nepal,0,Karan KC,Mohammad Naveed,PS Airee,0,0,0
Nepal,1,PS Airee,Amir Hayat,Karan KC,0,0,0
Nepal,1,PS Airee,Amir Hayat,Karan KC,2,0,2
Nepal,1,PS Airee,Amir Hayat,Karan KC,4,0,4
Nepal,1,PS Airee,Amir Hayat,Karan KC,0,0,0
Nepal,1,PS Airee,Amir Hayat,Karan KC,0,0,0
Nepal,1,G Malla,Amir Hayat,Karan KC,0,0,0
Nepal,2,Karan KC,Mohammad Naveed,G Malla,0,0,0
Nepal,2,Karan KC,Mohammad Naveed,G Malla,0,0,0
Nepal,2,Karan KC,Mohammad Naveed,G Malla,1,0,1
Nepal,2,G Malla,Mohammad Naveed,Karan KC,1,0,1
Nepal,2,Karan KC,Mohammad Naveed,G Malla,0,0,0
Nepal,2,Karan KC,Mohammad Naveed,G Malla,0,0,0
Nepal,3,G Malla,Amir Hayat,Karan KC,0,0,0
Nepal,3,G Malla,Amir Hayat,Karan KC,0,0,0
Nepal,3,G Malla,Amir Hayat,Karan KC,0,0,0
Nepal,3,G Malla,Amir Hayat,Karan KC,0,0,0
Nepal,3,G Malla,Amir Hayat,Karan KC,2,0,2
Nepal,3,G Malla,Amir Hayat,Karan KC,1,0,1
Nepal,4,G Malla,Sultan Ahmed,Karan KC,0,0,0
Nepal,4,G Malla,Sultan Ahmed,Karan KC,1,0,1
Nepal,4,Karan KC,Sultan Ahmed,G Malla,0,0,0
Nepal,4,Karan KC,Sultan Ahmed,G Malla,0,0,0
Nepal,4,Karan KC,Sultan Ahmed,G Malla,4,0,4
Nepal,4,Karan KC,Sultan Ahmed,G Malla,0,0,0
Nepal,5,G Malla,Amir Hayat,Karan KC,1,0,1
Nepal,5,Karan KC,Amir Hayat,G Malla,0,0,0
Nepal,5,Karan KC,Amir Hayat,G Malla,0,1,1
Nepal,5,G Malla,Amir Hayat,Karan KC,1,0,1
Nepal,5,Karan KC,Amir Hayat,G Malla,6,0,6
Nepal,5,Karan KC,Amir Hayat,G Malla,4,1,5
Nepal,5,Karan KC,Amir Hayat,G Malla,2,0,2
Nepal,6,G Malla,Sultan Ahmed,Karan KC,0,0,0
Nepal,6,DS Airee,Sultan Ahmed,Karan KC,1,0,1
Nepal,6,Karan KC,Sultan Ahmed,DS Airee,0,0,0
Nepal,6,Karan KC,Sultan Ahmed,DS Airee,0,0,0
Nepal,6,Karan KC,Sultan Ahmed,DS Airee,0,0,0
Nepal,6,Karan KC,Sultan Ahmed,DS Airee,1,0,1
Nepal,7,Karan KC,Imran Haider,DS Airee,1,0,1
Nepal,7,DS Airee,Imran Haider,Karan KC,0,0,0
Nepal,7,DS Airee,Imran Haider,Karan KC,0,0,0
Nepal,7,DS Airee,Imran Haider,Karan KC,1,0,1
Nepal,7,Karan KC,Imran Haider,DS Airee,0,0,0
Nepal,7,Karan KC,Imran Haider,DS Airee,0,0,0
Nepal,8,DS Airee,Sultan Ahmed,S Jora,1,0,1
Nepal,8,S Jora,Sultan Ahmed,DS Airee,0,0,0
Nepal,8,S Jora,Sultan Ahmed,DS Airee,0,0,0
Nepal,8,S Jora,Sultan Ahmed,DS Airee,0,0,0
Nepal,8,S Jora,Sultan Ahmed,DS Airee,0,0,0
Nepal,8,S Jora,Sultan Ahmed,DS Airee,0,0,0
Nepal,9,DS Airee,Imran Haider,S Jora,0,0,0
Nepal,9,DS Airee,Imran Haider,S Jora,0,0,0
Nepal,9,DS Airee,Imran Haider,S Jora,0,0,0
Nepal,9,DS Airee,Imran Haider,S Jora,1,0,1
Nepal,9,S Jora,Imran Haider,DS Airee,1,0,1
Nepal,9,DS Airee,Imran Haider,S Jora,4,0,4
Nepal,10,S Jora,Sultan Ahmed,DS Airee,0,0,0
Nepal,10,P Sarraf,Sultan Ahmed,DS Airee,0,0,0
Nepal,10,P Sarraf,Sultan Ahmed,DS Airee,0,0,0
Nepal,10,P Sarraf,Sultan Ahmed,DS Airee,1,0,1
Nepal,10,DS Airee,Sultan Ahmed,P Sarraf,0,0,0
Nepal,10,DS Airee,Sultan Ahmed,P Sarraf,0,0,0
Nepal,11,P Sarraf,Zahoor Khan,DS Airee,0,0,0
Nepal,11,P Sarraf,Zahoor Khan,DS Airee,1,0,1
Nepal,11,DS Airee,Zahoor Khan,P Sarraf,0,1,1
Nepal,11,P Sarraf,Zahoor Khan,DS Airee,0,0,0
Nepal,11,P Sarraf,Zahoor Khan,DS Airee,0,2,2
Nepal,11,P Sarraf,Zahoor Khan,DS Airee,0,0,0
Nepal,12,DS Airee,Imran Haider,P Sarraf,4,0,4
Nepal,12,DS Airee,Imran Haider,P Sarraf,1,0,1
Nepal,12,P Sarraf,Imran Haider,DS Airee,1,0,1
Nepal,12,DS Airee,Imran Haider,P Sarraf,0,0,0
Nepal,12,DS Airee,Imran Haider,P Sarraf,0,0,0
Nepal,12,DS Airee,Imran Haider,P Sarraf,2,0,2
Nepal,13,P Sarraf,Zahoor Khan,DS Airee,0,0,0
Nepal,13,P Sarraf,Zahoor Khan,DS Airee,1,0,1
Nepal,13,DS Airee,Zahoor Khan,P Sarraf,0,2,2
Nepal,13,DS Airee,Zahoor Khan,P Sarraf,1,0,1
Nepal,13,P Sarraf,Zahoor Khan,DS Airee,0,1,1
Nepal,13,DS Airee,Zahoor Khan,P Sarraf,1,0,1
Nepal,14,DS Airee,Mohammad Naveed,P Sarraf,1,0,1
Nepal,14,P Sarraf,Mohammad Naveed,DS Airee,1,0,1
Nepal,14,DS Airee,Mohammad Naveed,P Sarraf,2,0,2
Nepal,14,DS Airee,Mohammad Naveed,P Sarraf,2,0,2
Nepal,14,DS Airee,Mohammad Naveed,P Sarraf,1,0,1
Nepal,14,P Sarraf,Mohammad Naveed,DS Airee,0,0,0
Nepal,15,DS Airee,Zahoor Khan,P Sarraf,4,0,4
Nepal,15,DS Airee,Zahoor Khan,P Sarraf,1,0,1
Nepal,15,P Sarraf,Zahoor Khan,DS Airee,2,0,2
Nepal,15,P Sarraf,Zahoor Khan,DS Airee,1,0,1
Nepal,15,DS Airee,Zahoor Khan,P Sarraf,0,0,0
Nepal,15,DS Airee,Zahoor Khan,P Sarraf,1,0,1
Nepal,16,DS Airee,Imran Haider,P Sarraf,1,0,1
Nepal,16,P Sarraf,Imran Haider,DS Airee,0,0,0
Nepal,16,P Sarraf,Imran Haider,DS Airee,0,0,0
Nepal,16,P Sarraf,Imran Haider,DS Airee,4,0,4
Nepal,16,P Sarraf,Imran Haider,DS Airee,0,0,0
Nepal,16,P Sarraf,Imran Haider,DS Airee,4,0,4
Nepal,17,DS Airee,Amir Hayat,P Sarraf,0,2,2
Nepal,17,DS Airee,Amir Hayat,P Sarraf,1,0,1
Nepal,17,P Sarraf,Amir Hayat,DS Airee,0,0,0
Nepal,17,P Sarraf,Amir Hayat,DS Airee,1,0,1
Nepal,17,DS Airee,Amir Hayat,P Sarraf,0,0,0
Nepal,17,DS Airee,Amir Hayat,P Sarraf,1,0,1
Nepal,18,DS Airee,Mohammad Naveed,P Sarraf,2,0,2
Nepal,18,DS Airee,Mohammad Naveed,P Sarraf,0,0,0
Nepal,18,DS Airee,Mohammad Naveed,P Sarraf,1,0,1
Nepal,18,P Sarraf,Mohammad Naveed,DS Airee,1,0,1
Nepal,18,DS Airee,Mohammad Naveed,P Sarraf,2,0,2
Nepal,18,DS Airee,Mohammad Naveed,P Sarraf,0,0,0
Nepal,19,P Sarraf,Zahoor Khan,DS Airee,0,0,0
Nepal,19,DS Airee,Zahoor Khan,Sompal Kami,6,0,6
Nepal,19,DS Airee,Zahoor Khan,Sompal Kami,4,0,4
