Team,Over,Batter,Bowler,Non_Striker,Batter_Runs,Extras,Total_Runs
Thailand,0,N Chantam,WA Duraisingam,N Chaiwai,0,0,0
Thailand,0,N Chantam,WA Duraisingam,N Chaiwai,0,0,0
Thailand,0,N Chantam,WA Duraisingam,N Chaiwai,0,0,0
Thailand,0,N Chantam,WA Duraisingam,N Chaiwai,0,0,0
Thailand,0,N Chantam,WA Duraisingam,N Chaiwai,0,0,0
Thailand,0,N Chantam,WA Duraisingam,N Chaiwai,0,0,0
Thailand,1,N Chaiwai,Nur Nadihirah,N Boochatham,0,0,0
Thailand,1,N Chaiwai,Nur Nadihirah,N Boochatham,0,0,0
Thailand,1,N Chaiwai,Nur Nadihirah,N Boochatham,0,0,0
Thailand,1,N Chaiwai,Nur Nadihirah,N Boochatham,0,0,0
Thailand,1,N Chaiwai,Nur Nadihirah,N Boochatham,1,0,1
Thailand,1,N Boochatham,Nur Nadihirah,N Chaiwai,0,0,0
Thailand,2,N Chaiwai,WA Duraisingam,N Boochatham,0,0,0
Thailand,2,N Chaiwai,WA Duraisingam,N Boochatham,0,0,0
Thailand,2,N Chaiwai,WA Duraisingam,N Boochatham,0,0,0
Thailand,2,N Chaiwai,WA Duraisingam,N Boochatham,1,0,1
Thailand,2,N Boochatham,WA Duraisingam,N Chaiwai,1,0,1
Thailand,2,N Chaiwai,WA Duraisingam,N Boochatham,0,0,0
Thailand,3,N Boochatham,Nur Nadihirah,N Chaiwai,0,0,0
Thailand,3,N Boochatham,Nur Nadihirah,N Chaiwai,2,0,2
Thailand,3,N Boochatham,Nur Nadihirah,N Chaiwai,0,0,0
Thailand,3,N Boochatham,Nur Nadihirah,N Chaiwai,0,0,0
Thailand,3,N Boochatham,Nur Nadihirah,N Chaiwai,0,0,0
Thailand,3,N Boochatham,Nur Nadihirah,N Chaiwai,0,0,0
Thailand,4,N Chaiwai,Ainna Hamizah Hashim,N Boochatham,0,0,0
Thailand,4,N Chaiwai,Ainna Hamizah Hashim,N Boochatham,4,1,5
Thailand,4,N Chaiwai,Ainna Hamizah Hashim,N Boochatham,1,0,1
Thailand,4,N Boochatham,Ainna Hamizah Hashim,N Chaiwai,2,0,2
Thailand,4,N Boochatham,Ainna Hamizah Hashim,N Chaiwai,0,0,0
Thailand,4,N Boochatham,Ainna Hamizah Hashim,N Chaiwai,0,0,0
Thailand,4,N Boochatham,Ainna Hamizah Hashim,N Chaiwai,0,0,0
Thailand,5,N Chaiwai,Nur Arianna Natsya,N Boochatham,0,0,0
Thailand,5,N Chaiwai,Nur Arianna Natsya,N Boochatham,0,0,0
Thailand,5,N Chaiwai,Nur Arianna Natsya,N Boochatham,4,0,4
Thailand,5,N Chaiwai,Nur Arianna Natsya,N Boochatham,0,0,0
Thailand,5,N Chaiwai,Nur Arianna Natsya,N Boochatham,3,0,3
Thailand,5,N Boochatham,Nur Arianna Natsya,N Chaiwai,0,0,0
Thailand,6,N Chaiwai,Ainna Hamizah Hashim,N Boochatham,1,0,1
Thailand,6,N Boochatham,Ainna Hamizah Hashim,N Chaiwai,0,0,0
Thailand,6,N Boochatham,Ainna Hamizah Hashim,N Chaiwai,0,0,0
Thailand,6,N Boochatham,Ainna Hamizah Hashim,N Chaiwai,1,0,1
Thailand,6,N Chaiwai,Ainna Hamizah Hashim,N Boochatham,2,0,2
Thailand,6,N Chaiwai,Ainna Hamizah Hashim,N Boochatham,0,0,0
Thailand,7,N Boochatham,Nur Arianna Natsya,N Chaiwai,1,0,1
Thailand,7,N Chaiwai,Nur Arianna Natsya,N Boochatham,0,0,0
Thailand,7,N Chaiwai,Nur Arianna Natsya,N Boochatham,0,0,0
Thailand,7,N Chaiwai,Nur Arianna Natsya,N Boochatham,0,0,0
Thailand,7,N Chaiwai,Nur Arianna Natsya,N Boochatham,0,0,0
Thailand,7,C Sutthiruang,Nur Arianna Natsya,N Chaiwai,4,0,4
Thailand,8,N Chaiwai,Wan Nor Zulaika,C Sutthiruang,0,1,1
Thailand,8,N Chaiwai,Wan Nor Zulaika,C Sutthiruang,1,0,1
Thailand,8,C Sutthiruang,Wan Nor Zulaika,N Chaiwai,0,0,0
Thailand,8,C Sutthiruang,Wan Nor Zulaika,N Chaiwai,1,0,1
Thailand,8,N Chaiwai,Wan Nor Zulaika,C Sutthiruang,1,0,1
Thailand,8,C Sutthiruang,Wan Nor Zulaika,N Chaiwai,0,0,0
Thailand,8,C Sutthiruang,Wan Nor Zulaika,N Chaiwai,1,0,1
Thailand,9,C Sutthiruang,Zumika Azmi,N Chaiwai,2,0,2
Thailand,9,C Sutthiruang,Zumika Azmi,N Chaiwai,0,0,0
Thailand,9,C Sutthiruang,Zumika Azmi,N Chaiwai,1,0,1
Thailand,9,N Chaiwai,Zumika Azmi,C Sutthiruang,2,0,2
Thailand,9,N Chaiwai,Zumika Azmi,C Sutthiruang,2,0,2
Thailand,9,N Chaiwai,Zumika Azmi,C Sutthiruang,2,0,2
Thailand,10,C Sutthiruang,Wan Nor Zulaika,N Chaiwai,0,0,0
Thailand,10,C Sutthiruang,Wan Nor Zulaika,N Chaiwai,1,0,1
Thailand,10,N Chaiwai,Wan Nor Zulaika,C Sutthiruang,4,0,4
Thailand,10,N Chaiwai,Wan Nor Zulaika,C Sutthiruang,0,0,0
Thailand,10,N Chaiwai,Wan Nor Zulaika,C Sutthiruang,1,0,1
Thailand,10,C Sutthiruang,Wan Nor Zulaika,N Chaiwai,4,0,4
Thailand,11,N Chaiwai,Nur Nadihirah,C Sutthiruang,0,0,0
Thailand,11,N Chaiwai,Nur Nadihirah,C Sutthiruang,0,0,0
Thailand,11,N Chaiwai,Nur Nadihirah,C Sutthiruang,2,0,2
Thailand,11,N Chaiwai,Nur Nadihirah,C Sutthiruang,1,0,1
Thailand,11,C Sutthiruang,Nur Nadihirah,N Chaiwai,0,0,0
Thailand,11,C Sutthiruang,Nur Nadihirah,N Chaiwai,1,1,2
Thailand,11,N Chaiwai,Nur Nadihirah,C Sutthiruang,4,0,4
Thailand,12,C Sutthiruang,WA Duraisingam,N Chaiwai,0,0,0
Thailand,12,C Sutthiruang,WA Duraisingam,N Chaiwai,1,0,1
Thailand,12,N Chaiwai,WA Duraisingam,C Sutthiruang,4,0,4
Thailand,12,N Chaiwai,WA Duraisingam,C Sutthiruang,1,0,1
Thailand,12,C Sutthiruang,WA Duraisingam,N Chaiwai,1,0,1
Thailand,12,N Chaiwai,WA Duraisingam,C Sutthiruang,1,0,1
Thailand,13,N Chaiwai,J Intan,C Sutthiruang,1,0,1
Thailand,13,C Sutthiruang,J Intan,N Chaiwai,4,0,4
Thailand,13,C Sutthiruang,J Intan,N Chaiwai,0,0,0
Thailand,13,C Sutthiruang,J Intan,N Chaiwai,0,0,0
Thailand,13,C Sutthiruang,J Intan,N Chaiwai,1,0,1
Thailand,13,N Chaiwai,J Intan,C Sutthiruang,0,0,0
Thailand,14,C Sutthiruang,Nur Arianna Natsya,N Chaiwai,1,0,1
Thailand,14,N Chaiwai,Nur Arianna Natsya,C Sutthiruang,0,1,1
Thailand,14,N Chaiwai,Nur Arianna Natsya,C Sutthiruang,0,0,0
Thailand,14,N Chaiwai,Nur Arianna Natsya,C Sutthiruang,1,0,1
Thailand,14,C Sutthiruang,Nur Arianna Natsya,N Chaiwai,0,0,0
Thailand,14,C Sutthiruang,Nur Arianna Natsya,N Chaiwai,1,0,1
Thailand,14,N Chaiwai,Nur Arianna Natsya,C Sutthiruang,1,0,1
Thailand,15,N Chaiwai,J Intan,C Sutthiruang,2,0,2
Thailand,15,N Chaiwai,J Intan,C Sutthiruang,0,0,0
Thailand,15,N Chaiwai,J Intan,C Sutthiruang,2,0,2
Thailand,15,N Chaiwai,J Intan,C Sutthiruang,0,0,0
Thailand,15,N Chaiwai,J Intan,C Sutthiruang,0,0,0
Thailand,15,N Chaiwai,J Intan,C Sutthiruang,2,0,2
Thailand,16,C Sutthiruang,Nur Arianna Natsya,N Chaiwai,1,0,1
Thailand,16,N Chaiwai,Nur Arianna Natsya,C Sutthiruang,0,0,0
Thailand,16,N Chaiwai,Nur Arianna Natsya,C Sutthiruang,1,0,1
Thailand,16,C Sutthiruang,Nur Arianna Natsya,N Chaiwai,2,0,2
Thailand,16,C Sutthiruang,Nur Arianna Natsya,N Chaiwai,1,0,1
Thailand,16,N Chaiwai,Nur Arianna Natsya,C Sutthiruang,1,0,1
Thailand,17,N Chaiwai,J Intan,C Sutthiruang,0,0,0
Thailand,17,N Chaiwai,J Intan,C Sutthiruang,1,0,1
Thailand,17,C Sutthiruang,J Intan,N Chaiwai,0,0,0
Thailand,17,N Chaiwai,J Intan,S Tippoch,2,0,2
Thailand,17,N Chaiwai,J Intan,S Tippoch,2,0,2
Thailand,17,N Chaiwai,J Intan,S Tippoch,1,0,1
Thailand,18,N Chaiwai,WA Duraisingam,S Tippoch,1,1,2
Thailand,18,S Tippoch,WA Duraisingam,N Chaiwai,2,0,2
Thailand,18,S Tippoch,WA Duraisingam,N Chaiwai,0,1,1
Thailand,18,N Chaiwai,WA Duraisingam,S Tippoch,0,0,0
Thailand,18,N Chaiwai,WA Duraisingam,S Tippoch,1,0,1
Thailand,18,S Tippoch,WA Duraisingam,N Chaiwai,2,0,2
Thailand,18,S Tippoch,WA Duraisingam,N Chaiwai,0,0,0
Thailand,19,N Chaiwai,J Intan,O Kamchomphu,0,1,1
Thailand,19,N Chaiwai,J Intan,O Kamchomphu,0,1,1
Thailand,19,N Chaiwai,J Intan,O Kamchomphu,1,0,1
Thailand,19,O Kamchomphu,J Intan,N Chaiwai,0,0,0
Thailand,19,O Kamchomphu,J Intan,N Chaiwai,1,0,1
Thailand,19,N Chaiwai,J Intan,O Kamchomphu,1,0,1
Thailand,19,O Kamchomphu,J Intan,N Chaiwai,2,0,2
Thailand,19,O Kamchomphu,J Intan,N Chaiwai,0,0,0
Malaysia,0,WA Duraisingam,C Sutthiruang,Wan Julia,0,0,0
Malaysia,0,WA Duraisingam,C Sutthiruang,Wan Julia,0,1,1
Malaysia,0,WA Duraisingam,C Sutthiruang,Wan Julia,0,0,0
Malaysia,0,WA Duraisingam,C Sutthiruang,Wan Julia,1,0,1
Malaysia,0,Wan Julia,C Sutthiruang,WA Duraisingam,0,0,0
Malaysia,0,Wan Julia,C Sutthiruang,WA Duraisingam,1,0,1
Malaysia,0,WA Duraisingam,C Sutthiruang,Wan Julia,0,0,0
Malaysia,1,Wan Julia,N Boochatham,WA Duraisingam,0,0,0
Malaysia,1,Wan Julia,N Boochatham,WA Duraisingam,0,0,0
Malaysia,1,Siow Tzin Yee,N Boochatham,WA Duraisingam,0,0,0
Malaysia,1,Siow Tzin Yee,N Boochatham,WA Duraisingam,0,0,0
Malaysia,1,Siow Tzin Yee,N Boochatham,WA Duraisingam,1,0,1
Malaysia,1,WA Duraisingam,N Boochatham,Siow Tzin Yee,0,0,0
Malaysia,2,Siow Tzin Yee,C Sutthiruang,WA Duraisingam,0,1,1
Malaysia,2,Siow Tzin Yee,C Sutthiruang,WA Duraisingam,0,1,1
Malaysia,2,WA Duraisingam,C Sutthiruang,Siow Tzin Yee,0,0,0
Malaysia,2,WA Duraisingam,C Sutthiruang,Siow Tzin Yee,1,0,1
Malaysia,2,Siow Tzin Yee,C Sutthiruang,WA Duraisingam,0,0,0
Malaysia,2,Siow Tzin Yee,C Sutthiruang,WA Duraisingam,0,0,0
Malaysia,2,Siow Tzin Yee,C Sutthiruang,WA Duraisingam,0,0,0
Malaysia,3,WA Duraisingam,N Boochatham,Siow Tzin Yee,0,0,0
Malaysia,3,WA Duraisingam,N Boochatham,Siow Tzin Yee,0,0,0
Malaysia,3,WA Duraisingam,N Boochatham,Siow Tzin Yee,0,0,0
Malaysia,3,WA Duraisingam,N Boochatham,Siow Tzin Yee,0,0,0
Malaysia,3,WA Duraisingam,N Boochatham,Siow Tzin Yee,0,0,0
Malaysia,3,Mas Elysa,N Boochatham,Siow Tzin Yee,0,0,0
Malaysia,4,Siow Tzin Yee,S Tippoch,Mas Elysa,0,0,0
Malaysia,4,Christina Baret,S Tippoch,Mas Elysa,0,0,0
Malaysia,4,Christina Baret,S Tippoch,Mas Elysa,0,0,0
Malaysia,4,Zumika Azmi,S Tippoch,Mas Elysa,0,0,0
Malaysia,4,Zumika Azmi,S Tippoch,Mas Elysa,0,0,0
Malaysia,4,Zumika Azmi,S Tippoch,Mas Elysa,0,0,0
Malaysia,5,Mas Elysa,C Sutthiruang,Zumika Azmi,0,1,1
Malaysia,5,Zumika Azmi,C Sutthiruang,Mas Elysa,1,0,1
Malaysia,5,Mas Elysa,C Sutthiruang,Zumika Azmi,2,0,2
Malaysia,5,Mas Elysa,C Sutthiruang,Zumika Azmi,0,0,0
Malaysia,5,Mas Elysa,C Sutthiruang,Zumika Azmi,2,0,2
Malaysia,5,Mas Elysa,C Sutthiruang,Zumika Azmi,0,1,1
Malaysia,5,Mas Elysa,C Sutthiruang,Zumika Azmi,0,0,0
Malaysia,6,Zumika Azmi,S Tippoch,Mas Elysa,0,0,0
Malaysia,6,Zumika Azmi,S Tippoch,Mas Elysa,0,0,0
Malaysia,6,J Intan,S Tippoch,Mas Elysa,0,0,0
Malaysia,6,J Intan,S Tippoch,Mas Elysa,0,0,0
Malaysia,6,J Intan,S Tippoch,Mas Elysa,1,0,1
Malaysia,6,Mas Elysa,S Tippoch,J Intan,1,0,1
Malaysia,7,Mas Elysa,S Laomi,J Intan,0,0,0
Malaysia,7,J Intan,S Laomi,Nur Nadihirah,0,0,0
Malaysia,7,J Intan,S Laomi,Nur Nadihirah,1,0,1
Malaysia,7,Nur Nadihirah,S Laomi,J Intan,0,0,0
Malaysia,7,Nur Nadihirah,S Laomi,J Intan,0,0,0
Malaysia,7,Ainna Hamizah Hashim,S Laomi,J Intan,0,0,0
Malaysia,8,J Intan,S Tippoch,Ainna Hamizah Hashim,0,0,0
Malaysia,8,J Intan,S Tippoch,Ainna Hamizah Hashim,0,1,1
Malaysia,8,J Intan,S Tippoch,Ainna Hamizah Hashim,0,0,0
Malaysia,8,J Intan,S Tippoch,Ainna Hamizah Hashim,0,0,0
Malaysia,8,J Intan,S Tippoch,Ainna Hamizah Hashim,0,0,0
Malaysia,8,J Intan,S Tippoch,Ainna Hamizah Hashim,0,0,0
Malaysia,8,J Intan,S Tippoch,Ainna Hamizah Hashim,0,1,1
Malaysia,9,J Intan,S Laomi,Ainna Hamizah Hashim,1,0,1
Malaysia,9,Ainna Hamizah Hashim,S Laomi,J Intan,0,0,0
Malaysia,9,Ainna Hamizah Hashim,S Laomi,J Intan,0,0,0
Malaysia,9,Ainna Hamizah Hashim,S Laomi,J Intan,0,0,0
Malaysia,9,Ainna Hamizah Hashim,S Laomi,J Intan,0,0,0
Malaysia,9,Ainna Hamizah Hashim,S Laomi,J Intan,0,0,0
Malaysia,10,J Intan,N Boochatham,Ainna Hamizah Hashim,0,0,0
Malaysia,10,J Intan,N Boochatham,Ainna Hamizah Hashim,1,0,1
Malaysia,10,Ainna Hamizah Hashim,N Boochatham,J Intan,0,0,0
Malaysia,10,Ainna Hamizah Hashim,N Boochatham,J Intan,0,0,0
Malaysia,10,Ainna Hamizah Hashim,N Boochatham,J Intan,0,0,0
Malaysia,10,Ainna Hamizah Hashim,N Boochatham,J Intan,0,0,0
Malaysia,11,J Intan,S Laomi,Ainna Hamizah Hashim,0,1,1
Malaysia,11,Ainna Hamizah Hashim,S Laomi,J Intan,0,0,0
Malaysia,11,Ainna Hamizah Hashim,S Laomi,J Intan,1,0,1
Malaysia,11,J Intan,S Laomi,Ainna Hamizah Hashim,0,0,0
Malaysia,11,J Intan,S Laomi,Ainna Hamizah Hashim,0,0,0
Malaysia,11,Nur Arianna Natsya,S Laomi,Ainna Hamizah Hashim,0,0,0
Malaysia,12,Ainna Hamizah Hashim,O Kamchomphu,Nur Arianna Natsya,0,0,0
Malaysia,12,Ainna Hamizah Hashim,O Kamchomphu,Nur Arianna Natsya,0,0,0
Malaysia,12,Ainna Hamizah Hashim,O Kamchomphu,Nur Arianna Natsya,0,0,0
Malaysia,12,Ainna Hamizah Hashim,O Kamchomphu,Nur Arianna Natsya,0,0,0
Malaysia,12,Ainna Hamizah Hashim,O Kamchomphu,Nur Arianna Natsya,0,0,0
Malaysia,12,Ainna Hamizah Hashim,O Kamchomphu,Nur Arianna Natsya,1,0,1
Malaysia,13,Ainna Hamizah Hashim,S Laomi,Nur Arianna Natsya,0,0,0
Malaysia,13,Ainna Hamizah Hashim,S Laomi,Nur Arianna Natsya,1,0,1
Malaysia,13,Nur Arianna Natsya,S Laomi,Ainna Hamizah Hashim,0,0,0
Malaysia,13,Nur Arianna Natsya,S Laomi,Ainna Hamizah Hashim,0,0,0
Malaysia,13,Nur Arianna Natsya,S Laomi,Ainna Hamizah Hashim,0,0,0
Malaysia,13,Nur Arianna Natsya,S Laomi,Ainna Hamizah Hashim,0,0,0
Malaysia,14,Ainna Hamizah Hashim,O Kamchomphu,Nur Arianna Natsya,0,0,0
Malaysia,14,Ainna Hamizah Hashim,O Kamchomphu,Nur Arianna Natsya,0,0,0
Malaysia,14,Ainna Hamizah Hashim,O Kamchomphu,Nur Arianna Natsya,0,0,0
Malaysia,14,Ainna Hamizah Hashim,O Kamchomphu,Nur Arianna Natsya,1,0,1
Malaysia,14,Nur Arianna Natsya,O Kamchomphu,Ainna Hamizah Hashim,0,0,0
Malaysia,14,Wan Nor Zulaika,O Kamchomphu,Ainna Hamizah Hashim,0,0,0
Malaysia,15,Ainna Hamizah Hashim,S Tippoch,Wan Nor Zulaika,0,0,0
Malaysia,15,Ainna Hamizah Hashim,S Tippoch,Wan Nor Zulaika,0,0,0
Malaysia,15,Ainna Hamizah Hashim,S Tippoch,Wan Nor Zulaika,1,0,1
Malaysia,15,Wan Nor Zulaika,S Tippoch,Ainna Hamizah Hashim,0,0,0
Malaysia,15,Wan Nor Zulaika,S Tippoch,Ainna Hamizah Hashim,0,0,0
Malaysia,15,Wan Nor Zulaika,S Tippoch,Ainna Hamizah Hashim,0,0,0
