Team,Over,Batter,Bowler,Non_Striker,Batter_Runs,Extras,Total_Runs
Thailand,0,N Chantam,JE Titmuss,N Chaiwai,0,0,0
Thailand,0,N Chantam,JE Titmuss,N Chaiwai,1,0,1
Thailand,0,N Chaiwai,JE Titmuss,N Chantam,0,0,0
Thailand,0,N Chaiwai,JE Titmuss,N Chantam,0,0,0
Thailand,0,N Chaiwai,JE Titmuss,N Chantam,0,0,0
Thailand,0,N Chaiwai,JE Titmuss,N Chantam,4,0,4
Thailand,1,N Chantam,Chan Ka Man,N Chaiwai,0,0,0
Thailand,1,N Chantam,Chan Ka Man,N Chaiwai,0,0,0
Thailand,1,N Chantam,Chan Ka Man,N Chaiwai,0,0,0
Thailand,1,N Chantam,Chan Ka Man,N Chaiwai,2,0,2
Thailand,1,N Chantam,Chan Ka Man,N Chaiwai,1,0,1
Thailand,1,N Chaiwai,Chan Ka Man,N Chantam,0,0,0
Thailand,2,N Chantam,JE Titmuss,N Chaiwai,0,0,0
Thailand,2,N Chantam,JE Titmuss,N Chaiwai,0,0,0
Thailand,2,N Chantam,JE Titmuss,N Chaiwai,0,0,0
Thailand,2,N Chantam,JE Titmuss,N Chaiwai,2,0,2
Thailand,2,N Chantam,JE Titmuss,N Chaiwai,0,0,0
Thailand,2,N Chantam,JE Titmuss,N Chaiwai,0,0,0
Thailand,3,N Chaiwai,Chan Ka Man,N Chantam,0,0,0
Thailand,3,N Chaiwai,Chan Ka Man,N Chantam,0,0,0
Thailand,3,N Chaiwai,Chan Ka Man,N Chantam,1,0,1
Thailand,3,N Chantam,Chan Ka Man,N Chaiwai,0,0,0
Thailand,3,N Chantam,Chan Ka Man,N Chaiwai,0,0,0
Thailand,3,N Chantam,Chan Ka Man,N Chaiwai,0,0,0
Thailand,4,N Chaiwai,Hung Ying Ho,N Chantam,0,0,0
Thailand,4,N Chaiwai,Hung Ying Ho,N Chantam,1,0,1
Thailand,4,N Chantam,Hung Ying Ho,N Chaiwai,0,0,0
Thailand,4,N Chantam,Hung Ying Ho,N Chaiwai,0,1,1
Thailand,4,N Chantam,Hung Ying Ho,N Chaiwai,0,1,1
Thailand,4,N Chantam,Hung Ying Ho,N Chaiwai,0,0,0
Thailand,4,N Chantam,Hung Ying Ho,N Chaiwai,1,0,1
Thailand,4,N Chaiwai,Hung Ying Ho,N Chantam,0,0,0
Thailand,5,N Chantam,Chan Ka Man,N Chaiwai,0,0,0
Thailand,5,N Chantam,Chan Ka Man,N Chaiwai,0,0,0
Thailand,5,N Chantam,Chan Ka Man,N Chaiwai,1,0,1
Thailand,5,N Chaiwai,Chan Ka Man,N Chantam,1,0,1
Thailand,5,N Chantam,Chan Ka Man,N Chaiwai,1,0,1
Thailand,5,N Chaiwai,Chan Ka Man,N Chantam,0,0,0
Thailand,6,N Chantam,Hung Ying Ho,N Chaiwai,1,0,1
Thailand,6,N Chaiwai,Hung Ying Ho,N Chantam,0,0,0
Thailand,6,N Chaiwai,Hung Ying Ho,N Chantam,0,0,0
Thailand,6,N Chaiwai,Hung Ying Ho,N Chantam,0,0,0
Thailand,6,N Chaiwai,Hung Ying Ho,N Chantam,0,0,0
Thailand,6,N Chaiwai,Hung Ying Ho,N Chantam,1,0,1
Thailand,7,N Chaiwai,KY Chan,N Chantam,4,0,4
Thailand,7,N Chaiwai,KY Chan,N Chantam,4,0,4
Thailand,7,N Chaiwai,KY Chan,N Chantam,0,0,0
Thailand,7,N Chaiwai,KY Chan,N Chantam,4,0,4
Thailand,7,N Chaiwai,KY Chan,N Chantam,0,0,0
Thailand,7,N Chaiwai,KY Chan,N Chantam,2,0,2
Thailand,8,N Chantam,M Hill,N Chaiwai,1,0,1
Thailand,8,N Chaiwai,M Hill,N Chantam,0,0,0
Thailand,8,N Chaiwai,M Hill,N Chantam,0,0,0
Thailand,8,N Chaiwai,M Hill,N Chantam,4,0,4
Thailand,8,N Chaiwai,M Hill,N Chantam,0,0,0
Thailand,8,N Chaiwai,M Hill,N Chantam,0,0,0
Thailand,9,N Chantam,Ruchitha Venkatesh,N Chaiwai,0,0,0
Thailand,9,N Chantam,Ruchitha Venkatesh,N Chaiwai,0,0,0
Thailand,9,N Chantam,Ruchitha Venkatesh,N Chaiwai,4,0,4
Thailand,9,N Chantam,Ruchitha Venkatesh,N Chaiwai,0,0,0
Thailand,9,N Chantam,Ruchitha Venkatesh,N Chaiwai,2,0,2
Thailand,9,N Chantam,Ruchitha Venkatesh,N Chaiwai,0,0,0
Thailand,10,N Chaiwai,M Hill,N Chantam,1,0,1
Thailand,10,N Chantam,M Hill,N Chaiwai,2,0,2
Thailand,10,N Chantam,M Hill,N Chaiwai,0,0,0
Thailand,10,N Chantam,M Hill,N Chaiwai,0,1,1
Thailand,10,N Chantam,M Hill,N Chaiwai,4,0,4
Thailand,10,N Chantam,M Hill,N Chaiwai,1,0,1
Thailand,10,N Chaiwai,M Hill,N Chantam,1,0,1
Thailand,11,N Chaiwai,Ruchitha Venkatesh,N Chantam,4,0,4
Thailand,11,N Chaiwai,Ruchitha Venkatesh,N Chantam,0,0,0
Thailand,11,N Chaiwai,Ruchitha Venkatesh,N Chantam,1,0,1
Thailand,11,N Chantam,Ruchitha Venkatesh,N Chaiwai,0,0,0
Thailand,11,N Chantam,Ruchitha Venkatesh,N Chaiwai,4,0,4
Thailand,11,N Chantam,Ruchitha Venkatesh,N Chaiwai,1,0,1
Thailand,12,N Chantam,M Yousaf,N Chaiwai,1,0,1
Thailand,12,N Chaiwai,M Yousaf,N Chantam,0,0,0
Thailand,12,N Chaiwai,M Yousaf,N Chantam,4,0,4
Thailand,12,N Chaiwai,M Yousaf,N Chantam,0,0,0
Thailand,12,N Chaiwai,M Yousaf,N Chantam,0,0,0
Thailand,12,N Chaiwai,M Yousaf,N Chantam,0,0,0
Thailand,13,N Chantam,Chan Ka Man,N Chaiwai,0,0,0
Thailand,13,C Sutthiruang,Chan Ka Man,N Chaiwai,0,0,0
Thailand,13,C Sutthiruang,Chan Ka Man,N Chaiwai,0,0,0
Thailand,13,C Sutthiruang,Chan Ka Man,N Chaiwai,0,0,0
Thailand,13,C Sutthiruang,Chan Ka Man,N Chaiwai,0,0,0
Thailand,13,C Sutthiruang,Chan Ka Man,N Chaiwai,0,0,0
Thailand,14,N Chaiwai,M Yousaf,C Sutthiruang,1,0,1
Thailand,14,C Sutthiruang,M Yousaf,N Chaiwai,0,0,0
Thailand,14,C Sutthiruang,M Yousaf,N Chaiwai,0,0,0
Thailand,14,C Sutthiruang,M Yousaf,N Chaiwai,1,0,1
Thailand,14,N Chaiwai,M Yousaf,C Sutthiruang,0,1,1
Thailand,14,N Chaiwai,M Yousaf,C Sutthiruang,0,0,0
Thailand,14,N Chaiwai,M Yousaf,C Sutthiruang,0,0,0
Thailand,15,C Sutthiruang,YS To,N Chaiwai,1,0,1
Thailand,15,N Chaiwai,YS To,C Sutthiruang,1,0,1
Thailand,15,C Sutthiruang,YS To,N Chaiwai,0,0,0
Thailand,15,C Sutthiruang,YS To,N Chaiwai,1,0,1
Thailand,15,N Chaiwai,YS To,C Sutthiruang,1,0,1
Thailand,15,C Sutthiruang,YS To,N Chaiwai,2,0,2
Thailand,16,N Chaiwai,JE Titmuss,C Sutthiruang,1,0,1
Thailand,16,C Sutthiruang,JE Titmuss,N Chaiwai,0,0,0
Thailand,16,C Sutthiruang,JE Titmuss,N Chaiwai,0,0,0
Thailand,16,C Sutthiruang,JE Titmuss,N Chaiwai,1,0,1
Thailand,16,N Chaiwai,JE Titmuss,C Sutthiruang,2,0,2
Thailand,16,N Chaiwai,JE Titmuss,C Sutthiruang,2,0,2
Thailand,17,C Sutthiruang,YS To,N Chaiwai,1,0,1
Thailand,17,N Chaiwai,YS To,C Sutthiruang,1,0,1
Thailand,17,C Sutthiruang,YS To,N Chaiwai,0,0,0
Thailand,17,N Chaiwai,YS To,S Tippoch,0,0,0
Thailand,17,N Chaiwai,YS To,S Tippoch,2,0,2
Thailand,17,N Chaiwai,YS To,S Tippoch,1,0,1
Thailand,18,N Chaiwai,JE Titmuss,S Tippoch,0,0,0
Thailand,18,N Chaiwai,JE Titmuss,S Tippoch,1,0,1
Thailand,18,S Tippoch,JE Titmuss,N Chaiwai,1,0,1
Thailand,18,N Chaiwai,JE Titmuss,S Tippoch,1,0,1
Thailand,18,S Tippoch,JE Titmuss,N Chaiwai,0,0,0
Thailand,18,S Tippoch,JE Titmuss,N Chaiwai,0,0,0
Thailand,19,N Chaiwai,YS To,S Tippoch,2,0,2
Thailand,19,N Chaiwai,YS To,S Tippoch,2,0,2
Thailand,19,N Chaiwai,YS To,S Tippoch,1,0,1
Thailand,19,S Tippoch,YS To,N Chaiwai,4,0,4
Thailand,19,S Tippoch,YS To,N Chaiwai,1,0,1
Thailand,19,N Chaiwai,YS To,S Tippoch,0,1,1
Thailand,19,N Chaiwai,YS To,S Tippoch,1,0,1
Hong Kong,0,Bella Poon,C Sutthiruang,Y Daswani,0,0,0
Hong Kong,0,Bella Poon,C Sutthiruang,Y Daswani,0,0,0
Hong Kong,0,Bella Poon,C Sutthiruang,Y Daswani,0,0,0
Hong Kong,0,Bella Poon,C Sutthiruang,Y Daswani,1,0,1
Hong Kong,0,Y Daswani,C Sutthiruang,Bella Poon,0,0,0
Hong Kong,0,Y Daswani,C Sutthiruang,Bella Poon,0,0,0
Hong Kong,1,Bella Poon,N Boochatham,Y Daswani,0,0,0
Hong Kong,1,Bella Poon,N Boochatham,Y Daswani,0,0,0
Hong Kong,1,YS To,N Boochatham,Y Daswani,0,0,0
Hong Kong,1,YS To,N Boochatham,Y Daswani,0,0,0
Hong Kong,1,YS To,N Boochatham,Y Daswani,0,0,0
Hong Kong,1,Y Daswani,N Boochatham,KY Chan,0,0,0
Hong Kong,2,Y Daswani,C Sutthiruang,M Hill,0,0,0
Hong Kong,2,Y Daswani,C Sutthiruang,M Hill,1,0,1
Hong Kong,2,M Hill,C Sutthiruang,Y Daswani,0,1,1
Hong Kong,2,M Hill,C Sutthiruang,Y Daswani,0,0,0
Hong Kong,2,JE Titmuss,C Sutthiruang,Y Daswani,0,0,0
Hong Kong,2,JE Titmuss,C Sutthiruang,Y Daswani,0,0,0
Hong Kong,2,JE Titmuss,C Sutthiruang,Y Daswani,1,0,1
Hong Kong,3,JE Titmuss,N Boochatham,Y Daswani,0,0,0
Hong Kong,3,JE Titmuss,N Boochatham,Y Daswani,1,0,1
Hong Kong,3,Y Daswani,N Boochatham,JE Titmuss,0,0,0
Hong Kong,3,Y Daswani,N Boochatham,JE Titmuss,0,0,0
Hong Kong,3,Y Daswani,N Boochatham,JE Titmuss,0,0,0
Hong Kong,3,Y Daswani,N Boochatham,JE Titmuss,0,0,0
Hong Kong,4,JE Titmuss,C Sutthiruang,Y Daswani,0,0,0
Hong Kong,4,JE Titmuss,C Sutthiruang,Y Daswani,0,0,0
Hong Kong,4,JE Titmuss,C Sutthiruang,Y Daswani,0,0,0
Hong Kong,4,JE Titmuss,C Sutthiruang,Y Daswani,0,0,0
Hong Kong,4,JE Titmuss,C Sutthiruang,Y Daswani,2,0,2
Hong Kong,4,JE Titmuss,C Sutthiruang,Y Daswani,0,0,0
Hong Kong,5,Y Daswani,S Tippoch,JE Titmuss,0,0,0
Hong Kong,5,Y Daswani,S Tippoch,JE Titmuss,0,0,0
Hong Kong,5,Y Daswani,S Tippoch,JE Titmuss,0,0,0
Hong Kong,5,Y Daswani,S Tippoch,JE Titmuss,0,0,0
Hong Kong,5,Y Daswani,S Tippoch,JE Titmuss,0,0,0
Hong Kong,5,Y Daswani,S Tippoch,JE Titmuss,0,0,0
Hong Kong,6,JE Titmuss,S Laomi,Y Daswani,0,0,0
Hong Kong,6,Ruchitha Venkatesh,S Laomi,Y Daswani,0,0,0
Hong Kong,6,Ruchitha Venkatesh,S Laomi,Y Daswani,0,0,0
Hong Kong,6,Ruchitha Venkatesh,S Laomi,Y Daswani,4,0,4
Hong Kong,6,Ruchitha Venkatesh,S Laomi,Y Daswani,0,0,0
Hong Kong,6,Ruchitha Venkatesh,S Laomi,Y Daswani,0,0,0
Hong Kong,7,Y Daswani,S Tippoch,Ruchitha Venkatesh,1,0,1
Hong Kong,7,Ruchitha Venkatesh,S Tippoch,Y Daswani,0,0,0
Hong Kong,7,Ruchitha Venkatesh,S Tippoch,Y Daswani,0,0,0
Hong Kong,7,Ruchitha Venkatesh,S Tippoch,Y Daswani,0,0,0
Hong Kong,7,Ruchitha Venkatesh,S Tippoch,Y Daswani,0,0,0
Hong Kong,7,Ruchitha Venkatesh,S Tippoch,Y Daswani,0,0,0
Hong Kong,8,Y Daswani,S Laomi,Ruchitha Venkatesh,0,0,0
Hong Kong,8,Y Daswani,S Laomi,Ruchitha Venkatesh,0,0,0
Hong Kong,8,Y Daswani,S Laomi,Ruchitha Venkatesh,0,0,0
Hong Kong,8,Y Daswani,S Laomi,Ruchitha Venkatesh,0,0,0
Hong Kong,8,Y Daswani,S Laomi,Ruchitha Venkatesh,0,0,0
Hong Kong,8,Y Daswani,S Laomi,Ruchitha Venkatesh,0,0,0
Hong Kong,9,Ruchitha Venkatesh,O Kamchomphu,Y Daswani,1,0,1
Hong Kong,9,Y Daswani,O Kamchomphu,Ruchitha Venkatesh,0,0,0
Hong Kong,9,Y Daswani,O Kamchomphu,Ruchitha Venkatesh,0,0,0
Hong Kong,9,Y Daswani,O Kamchomphu,Ruchitha Venkatesh,0,0,0
Hong Kong,9,Y Daswani,O Kamchomphu,Ruchitha Venkatesh,0,0,0
Hong Kong,9,Y Daswani,O Kamchomphu,Ruchitha Venkatesh,0,0,0
Hong Kong,10,Ruchitha Venkatesh,N Boochatham,Y Daswani,0,0,0
Hong Kong,10,Ruchitha Venkatesh,N Boochatham,Y Daswani,0,0,0
Hong Kong,10,M Yousaf,N Boochatham,Y Daswani,1,0,1
Hong Kong,10,Y Daswani,N Boochatham,M Yousaf,0,0,0
Hong Kong,10,Y Daswani,N Boochatham,M Yousaf,0,0,0
Hong Kong,10,Y Daswani,N Boochatham,M Yousaf,1,0,1
Hong Kong,11,Y Daswani,R Padunglerd,M Yousaf,0,0,0
Hong Kong,11,Y Daswani,R Padunglerd,M Yousaf,0,0,0
Hong Kong,11,Y Daswani,R Padunglerd,M Yousaf,0,1,1
Hong Kong,11,Y Daswani,R Padunglerd,M Yousaf,0,0,0
Hong Kong,11,Y Daswani,R Padunglerd,M Yousaf,0,0,0
Hong Kong,11,Y Daswani,R Padunglerd,M Yousaf,1,0,1
Hong Kong,11,M Yousaf,R Padunglerd,Y Daswani,0,0,0
Hong Kong,12,Y Daswani,S Laomi,M Yousaf,0,0,0
Hong Kong,12,Y Daswani,S Laomi,M Yousaf,0,0,0
Hong Kong,12,JM Davies,S Laomi,Y Daswani,1,0,1
Hong Kong,12,Y Daswani,S Laomi,JM Davies,0,1,1
Hong Kong,12,Y Daswani,S Laomi,JM Davies,0,0,0
Hong Kong,12,Y Daswani,S Laomi,JM Davies,0,0,0
Hong Kong,12,Y Daswani,S Laomi,JM Davies,0,0,0
Hong Kong,13,JM Davies,O Kamchomphu,Y Daswani,0,0,0
Hong Kong,13,JM Davies,O Kamchomphu,Y Daswani,0,0,0
Hong Kong,13,JM Davies,O Kamchomphu,Y Daswani,0,0,0
Hong Kong,13,JM Davies,O Kamchomphu,Y Daswani,0,0,0
Hong Kong,13,JM Davies,O Kamchomphu,Y Daswani,0,0,0
Hong Kong,13,JM Davies,O Kamchomphu,Y Daswani,1,0,1
Hong Kong,14,JM Davies,S Laomi,Y Daswani,0,0,0
Hong Kong,14,Y Daswani,S Laomi,Chan Ka Man,1,0,1
Hong Kong,14,Chan Ka Man,S Laomi,Y Daswani,0,0,0
Hong Kong,14,Chan Ka Man,S Laomi,Y Daswani,0,0,0
Hong Kong,14,Chan Ka Man,S Laomi,Y Daswani,0,0,0
Hong Kong,14,Chan Ka Man,S Laomi,Y Daswani,0,0,0
Hong Kong,15,Y Daswani,S Tippoch,Chan Ka Man,1,0,1
Hong Kong,15,Chan Ka Man,S Tippoch,Y Daswani,0,0,0
Hong Kong,15,Chan Ka Man,S Tippoch,Y Daswani,0,0,0
Hong Kong,15,Chan Ka Man,S Tippoch,Y Daswani,0,0,0
Hong Kong,15,Chan Ka Man,S Tippoch,Y Daswani,0,0,0
Hong Kong,15,Chan Ka Man,S Tippoch,Y Daswani,0,0,0
Hong Kong,16,Y Daswani,S Saenya,Chan Ka Man,1,0,1
Hong Kong,16,Chan Ka Man,S Saenya,Y Daswani,0,0,0
Hong Kong,16,Chan Ka Man,S Saenya,Y Daswani,0,0,0
Hong Kong,16,Hung Ying Ho,S Saenya,Y Daswani,0,0,0
Hong Kong,16,Hung Ying Ho,S Saenya,Y Daswani,0,0,0
Hong Kong,16,Hung Ying Ho,S Saenya,Y Daswani,0,0,0
Hong Kong,17,Y Daswani,N Boochatham,Hung Ying Ho,0,0,0
