Team,Over,Batter,Bowler,Non_Striker,Batter_Runs,Extras,Total_Runs
Nepal,0,K Shrestha,WA Duraisingam,SR Magar,0,1,1
Nepal,0,K Shrestha,WA Duraisingam,SR Magar,0,0,0
Nepal,0,K Shrestha,WA Duraisingam,SR Magar,0,0,0
Nepal,0,K Shrestha,WA Duraisingam,SR Magar,0,0,0
Nepal,0,K Shrestha,WA Duraisingam,SR Magar,0,0,0
Nepal,0,K Shrestha,WA Duraisingam,SR Magar,1,0,1
Nepal,0,SR Magar,WA Duraisingam,K Shrestha,0,1,1
Nepal,0,SR Magar,WA Duraisingam,K Shrestha,0,0,0
Nepal,1,K Shrestha,J Intan,SR Magar,0,0,0
Nepal,1,K Shrestha,J Intan,SR Magar,0,0,0
Nepal,1,K Shrestha,J Intan,SR Magar,1,1,2
Nepal,1,SR Magar,J Intan,K Shrestha,0,1,1
Nepal,1,SR Magar,J Intan,K Shrestha,0,0,0
Nepal,1,SR Magar,J Intan,K Shrestha,2,0,2
Nepal,1,SR Magar,J Intan,K Shrestha,1,0,1
Nepal,1,K Shrestha,J Intan,SR Magar,0,0,0
Nepal,2,SR Magar,WA Duraisingam,K Shrestha,3,0,3
Nepal,2,K Shrestha,WA Duraisingam,SR Magar,0,0,0
Nepal,2,K Shrestha,WA Duraisingam,SR Magar,4,0,4
Nepal,2,K Shrestha,WA Duraisingam,SR Magar,1,0,1
Nepal,2,SR Magar,WA Duraisingam,K Shrestha,1,0,1
Nepal,2,K Shrestha,WA Duraisingam,SR Magar,0,0,0
Nepal,3,SR Magar,Nur Nadihirah,K Shrestha,0,1,1
Nepal,3,SR Magar,Nur Nadihirah,K Shrestha,1,0,1
Nepal,3,K Shrestha,Nur Nadihirah,SR Magar,0,0,0
Nepal,3,K Shrestha,Nur Nadihirah,SR Magar,0,0,0
Nepal,3,K Shrestha,Nur Nadihirah,SR Magar,0,0,0
Nepal,3,K Shrestha,Nur Nadihirah,SR Magar,0,0,0
Nepal,3,K Shrestha,Nur Nadihirah,SR Magar,0,0,0
Nepal,4,SR Magar,Mas Elysa,K Shrestha,0,1,1
Nepal,4,SR Magar,Mas Elysa,K Shrestha,2,0,2
Nepal,4,SR Magar,Mas Elysa,K Shrestha,0,1,1
Nepal,4,SR Magar,Mas Elysa,K Shrestha,1,0,1
Nepal,4,K Shrestha,Mas Elysa,SR Magar,1,0,1
Nepal,4,SR Magar,Mas Elysa,K Shrestha,0,1,1
Nepal,4,SR Magar,Mas Elysa,K Shrestha,3,0,3
Nepal,4,K Shrestha,Mas Elysa,SR Magar,0,0,0
Nepal,4,K Shrestha,Mas Elysa,SR Magar,4,0,4
Nepal,5,SR Magar,Nur Nadihirah,K Shrestha,0,0,0
Nepal,5,SR Magar,Nur Nadihirah,K Shrestha,0,0,0
Nepal,5,SR Magar,Nur Nadihirah,K Shrestha,0,1,1
Nepal,5,SR Magar,Nur Nadihirah,K Shrestha,1,0,1
Nepal,5,K Shrestha,Nur Nadihirah,SR Magar,4,0,4
Nepal,5,K Shrestha,Nur Nadihirah,SR Magar,0,0,0
Nepal,5,K Shrestha,Nur Nadihirah,SR Magar,0,0,0
Nepal,6,SR Magar,Nur Arianna Natsya,K Shrestha,0,0,0
Nepal,6,SR Magar,Nur Arianna Natsya,K Shrestha,0,0,0
Nepal,6,SR Magar,Nur Arianna Natsya,K Shrestha,2,0,2
Nepal,6,SR Magar,Nur Arianna Natsya,K Shrestha,4,0,4
Nepal,6,SR Magar,Nur Arianna Natsya,K Shrestha,0,0,0
Nepal,6,SR Magar,Nur Arianna Natsya,K Shrestha,0,0,0
Nepal,7,K Shrestha,Sasha Azmi,SR Magar,0,0,0
Nepal,7,K Shrestha,Sasha Azmi,SR Magar,0,0,0
Nepal,7,K Shrestha,Sasha Azmi,SR Magar,0,0,0
Nepal,7,K Shrestha,Sasha Azmi,SR Magar,0,0,0
Nepal,7,K Shrestha,Sasha Azmi,SR Magar,0,0,0
Nepal,7,I Barma,Sasha Azmi,SR Magar,0,1,1
Nepal,7,I Barma,Sasha Azmi,SR Magar,0,0,0
Nepal,8,SR Magar,Nur Arianna Natsya,I Barma,1,0,1
Nepal,8,I Barma,Nur Arianna Natsya,SR Magar,0,0,0
Nepal,8,I Barma,Nur Arianna Natsya,SR Magar,1,0,1
Nepal,8,SR Magar,Nur Arianna Natsya,I Barma,0,0,0
Nepal,8,SR Magar,Nur Arianna Natsya,I Barma,1,0,1
Nepal,8,I Barma,Nur Arianna Natsya,SR Magar,1,0,1
Nepal,9,I Barma,Sasha Azmi,SR Magar,1,0,1
Nepal,9,SR Magar,Sasha Azmi,I Barma,1,0,1
Nepal,9,I Barma,Sasha Azmi,SR Magar,2,0,2
Nepal,9,I Barma,Sasha Azmi,SR Magar,0,0,0
Nepal,9,I Barma,Sasha Azmi,SR Magar,1,0,1
Nepal,9,SR Magar,Sasha Azmi,I Barma,2,0,2
Nepal,10,I Barma,Nur Arianna Natsya,SR Magar,1,0,1
Nepal,10,SR Magar,Nur Arianna Natsya,I Barma,0,0,0
Nepal,10,SR Magar,Nur Arianna Natsya,I Barma,2,0,2
Nepal,10,SR Magar,Nur Arianna Natsya,I Barma,1,0,1
Nepal,10,I Barma,Nur Arianna Natsya,SR Magar,1,0,1
Nepal,10,SR Magar,Nur Arianna Natsya,I Barma,1,0,1
Nepal,11,SR Magar,Zumika Azmi,I Barma,1,0,1
Nepal,11,I Barma,Zumika Azmi,SR Magar,4,0,4
Nepal,11,I Barma,Zumika Azmi,SR Magar,0,0,0
Nepal,11,I Barma,Zumika Azmi,SR Magar,1,0,1
Nepal,11,SR Magar,Zumika Azmi,I Barma,1,0,1
Nepal,11,I Barma,Zumika Azmi,SR Magar,0,0,0
Nepal,12,SR Magar,Nur Nadihirah,RC Belbashi,1,0,1
Nepal,12,RC Belbashi,Nur Nadihirah,SR Magar,0,0,0
Nepal,12,RC Belbashi,Nur Nadihirah,SR Magar,1,0,1
Nepal,12,SR Magar,Nur Nadihirah,RC Belbashi,2,0,2
Nepal,12,SR Magar,Nur Nadihirah,RC Belbashi,4,0,4
Nepal,12,SR Magar,Nur Nadihirah,RC Belbashi,0,3,3
Nepal,12,SR Magar,Nur Nadihirah,RC Belbashi,0,0,0
Nepal,13,RC Belbashi,Zumika Azmi,SR Magar,4,0,4
Nepal,13,RC Belbashi,Zumika Azmi,SR Magar,1,0,1
Nepal,13,SR Magar,Zumika Azmi,RC Belbashi,1,0,1
Nepal,13,RC Belbashi,Zumika Azmi,SR Magar,1,0,1
Nepal,13,SR Magar,Zumika Azmi,RC Belbashi,2,0,2
Nepal,13,SR Magar,Zumika Azmi,RC Belbashi,0,0,0
Nepal,14,RC Belbashi,WA Duraisingam,SR Magar,4,0,4
Nepal,14,RC Belbashi,WA Duraisingam,SR Magar,1,0,1
Nepal,14,SR Magar,WA Duraisingam,RC Belbashi,0,0,0
Nepal,14,SR Magar,WA Duraisingam,RC Belbashi,0,0,0
Nepal,14,Nary Thapa,WA Duraisingam,RC Belbashi,0,0,0
Nepal,14,Nary Thapa,WA Duraisingam,RC Belbashi,0,0,0
Nepal,15,RC Belbashi,Sasha Azmi,Nary Thapa,0,0,0
Nepal,15,RC Belbashi,Sasha Azmi,Nary Thapa,1,0,1
Nepal,15,Nary Thapa,Sasha Azmi,RC Belbashi,0,2,2
Nepal,15,RC Belbashi,Sasha Azmi,Nary Thapa,1,0,1
Nepal,15,Nary Thapa,Sasha Azmi,RC Belbashi,0,0,0
Nepal,15,Nary Thapa,Sasha Azmi,RC Belbashi,0,0,0
Nepal,15,Nary Thapa,Sasha Azmi,RC Belbashi,2,0,2
Nepal,16,RC Belbashi,WA Duraisingam,Nary Thapa,1,0,1
Nepal,16,Nary Thapa,WA Duraisingam,RC Belbashi,0,0,0
Nepal,16,Nary Thapa,WA Duraisingam,RC Belbashi,1,0,1
Nepal,16,RC Belbashi,WA Duraisingam,Nary Thapa,1,0,1
Nepal,16,Nary Thapa,WA Duraisingam,RC Belbashi,1,0,1
Nepal,16,RC Belbashi,WA Duraisingam,Nary Thapa,2,0,2
Nepal,17,Nary Thapa,Sasha Azmi,RC Belbashi,1,0,1
Nepal,17,RC Belbashi,Sasha Azmi,Nary Thapa,1,0,1
Nepal,17,Nary Thapa,Sasha Azmi,RC Belbashi,0,0,0
Nepal,17,Nary Thapa,Sasha Azmi,RC Belbashi,1,0,1
Nepal,17,RC Belbashi,Sasha Azmi,Nary Thapa,2,0,2
Nepal,17,RC Belbashi,Sasha Azmi,Nary Thapa,1,0,1
Nepal,18,RC Belbashi,Nur Arianna Natsya,Nary Thapa,1,0,1
Nepal,18,Nary Thapa,Nur Arianna Natsya,RC Belbashi,0,0,0
Nepal,18,Nary Thapa,Nur Arianna Natsya,RC Belbashi,0,0,0
Nepal,18,RC Belbashi,Nur Arianna Natsya,MM Chaudhary,4,0,4
Nepal,18,RC Belbashi,Nur Arianna Natsya,MM Chaudhary,0,0,0
Nepal,18,RC Belbashi,Nur Arianna Natsya,S Magar,1,0,1
Nepal,19,RC Belbashi,Zumika Azmi,S Magar,2,0,2
Nepal,19,RC Belbashi,Zumika Azmi,S Magar,0,0,0
Nepal,19,RC Belbashi,Zumika Azmi,S Magar,2,0,2
Nepal,19,RC Belbashi,Zumika Azmi,S Magar,1,0,1
Nepal,19,S Magar,Zumika Azmi,RC Belbashi,1,0,1
Nepal,19,RC Belbashi,Zumika Azmi,S Magar,0,0,0
Malaysia,0,Yusrina Yaakop,S Khadka,WA Duraisingam,4,0,4
Malaysia,0,Yusrina Yaakop,S Khadka,WA Duraisingam,0,0,0
Malaysia,0,Yusrina Yaakop,S Khadka,WA Duraisingam,0,0,0
Malaysia,0,Yusrina Yaakop,S Khadka,WA Duraisingam,0,0,0
Malaysia,0,Yusrina Yaakop,S Khadka,WA Duraisingam,1,0,1
Malaysia,0,WA Duraisingam,S Khadka,Yusrina Yaakop,0,0,0
Malaysia,1,Yusrina Yaakop,K Kunwar,WA Duraisingam,0,0,0
Malaysia,1,Siow Tzin Yee,K Kunwar,WA Duraisingam,0,1,1
Malaysia,1,Siow Tzin Yee,K Kunwar,WA Duraisingam,0,0,0
Malaysia,1,Siow Tzin Yee,K Kunwar,WA Duraisingam,0,0,0
Malaysia,1,Siow Tzin Yee,K Kunwar,WA Duraisingam,0,0,0
Malaysia,1,Siow Tzin Yee,K Kunwar,WA Duraisingam,0,1,1
Malaysia,1,WA Duraisingam,K Kunwar,Siow Tzin Yee,1,0,1
Malaysia,2,WA Duraisingam,RC Belbashi,Siow Tzin Yee,0,0,0
Malaysia,2,WA Duraisingam,RC Belbashi,Siow Tzin Yee,0,1,1
Malaysia,2,Siow Tzin Yee,RC Belbashi,WA Duraisingam,0,0,0
Malaysia,2,Siow Tzin Yee,RC Belbashi,WA Duraisingam,0,1,1
Malaysia,2,WA Duraisingam,RC Belbashi,Siow Tzin Yee,0,0,0
Malaysia,2,Christina Baret,RC Belbashi,WA Duraisingam,0,0,0
Malaysia,3,WA Duraisingam,S Khadka,Christina Baret,0,0,0
Malaysia,3,WA Duraisingam,S Khadka,Christina Baret,0,0,0
Malaysia,3,WA Duraisingam,S Khadka,Christina Baret,0,1,1
Malaysia,3,Christina Baret,S Khadka,WA Duraisingam,2,0,2
Malaysia,3,Christina Baret,S Khadka,WA Duraisingam,0,0,0
Malaysia,3,Christina Baret,S Khadka,WA Duraisingam,0,0,0
Malaysia,4,WA Duraisingam,RC Belbashi,Christina Baret,1,0,1
Malaysia,4,Christina Baret,RC Belbashi,WA Duraisingam,0,2,2
Malaysia,4,WA Duraisingam,RC Belbashi,Christina Baret,2,0,2
Malaysia,4,WA Duraisingam,RC Belbashi,Christina Baret,1,0,1
Malaysia,4,Christina Baret,RC Belbashi,WA Duraisingam,0,0,0
Malaysia,4,Christina Baret,RC Belbashi,WA Duraisingam,1,0,1
Malaysia,4,WA Duraisingam,RC Belbashi,Christina Baret,0,0,0
Malaysia,5,Christina Baret,K Kunwar,WA Duraisingam,0,1,1
Malaysia,5,Christina Baret,K Kunwar,WA Duraisingam,0,0,0
Malaysia,5,Christina Baret,K Kunwar,WA Duraisingam,0,0,0
Malaysia,5,Christina Baret,K Kunwar,WA Duraisingam,2,0,2
Malaysia,5,Christina Baret,K Kunwar,WA Duraisingam,1,0,1
Malaysia,5,WA Duraisingam,K Kunwar,Christina Baret,0,0,0
Malaysia,5,WA Duraisingam,K Kunwar,Christina Baret,0,0,0
Malaysia,6,Christina Baret,Karuna Bhandari,WA Duraisingam,0,2,2
Malaysia,6,WA Duraisingam,Karuna Bhandari,Christina Baret,1,0,1
Malaysia,6,Christina Baret,Karuna Bhandari,WA Duraisingam,2,0,2
Malaysia,6,Christina Baret,Karuna Bhandari,WA Duraisingam,2,0,2
Malaysia,6,Christina Baret,Karuna Bhandari,WA Duraisingam,1,0,1
Malaysia,6,WA Duraisingam,Karuna Bhandari,Christina Baret,0,0,0
Malaysia,6,WA Duraisingam,Karuna Bhandari,Christina Baret,1,0,1
Malaysia,7,WA Duraisingam,Nary Thapa,Christina Baret,2,0,2
Malaysia,7,WA Duraisingam,Nary Thapa,Christina Baret,3,0,3
Malaysia,7,Christina Baret,Nary Thapa,WA Duraisingam,0,0,0
Malaysia,7,Christina Baret,Nary Thapa,WA Duraisingam,1,0,1
Malaysia,7,WA Duraisingam,Nary Thapa,Christina Baret,0,0,0
Malaysia,7,WA Duraisingam,Nary Thapa,Christina Baret,1,0,1
Malaysia,8,WA Duraisingam,Karuna Bhandari,Christina Baret,1,0,1
Malaysia,8,Christina Baret,Karuna Bhandari,WA Duraisingam,0,0,0
Malaysia,8,Christina Baret,Karuna Bhandari,WA Duraisingam,1,0,1
Malaysia,8,WA Duraisingam,Karuna Bhandari,Christina Baret,0,1,1
Malaysia,8,Christina Baret,Karuna Bhandari,WA Duraisingam,1,0,1
Malaysia,8,WA Duraisingam,Karuna Bhandari,Christina Baret,0,0,0
Malaysia,9,Christina Baret,Nary Thapa,WA Duraisingam,4,0,4
Malaysia,9,Christina Baret,Nary Thapa,WA Duraisingam,1,0,1
Malaysia,9,WA Duraisingam,Nary Thapa,Christina Baret,1,0,1
Malaysia,9,Christina Baret,Nary Thapa,WA Duraisingam,0,0,0
Malaysia,9,Christina Baret,Nary Thapa,WA Duraisingam,0,0,0
Malaysia,9,Christina Baret,Nary Thapa,WA Duraisingam,2,0,2
Malaysia,10,WA Duraisingam,Karuna Bhandari,Christina Baret,1,0,1
Malaysia,10,Christina Baret,Karuna Bhandari,WA Duraisingam,0,0,0
Malaysia,10,Christina Baret,Karuna Bhandari,WA Duraisingam,0,0,0
Malaysia,10,Christina Baret,Karuna Bhandari,WA Duraisingam,0,0,0
Malaysia,10,Christina Baret,Karuna Bhandari,WA Duraisingam,0,0,0
Malaysia,10,Christina Baret,Karuna Bhandari,WA Duraisingam,0,0,0
Malaysia,11,WA Duraisingam,SR Magar,Mas Elysa,1,0,1
Malaysia,11,Mas Elysa,SR Magar,WA Duraisingam,0,0,0
Malaysia,11,Mas Elysa,SR Magar,WA Duraisingam,1,0,1
Malaysia,11,WA Duraisingam,SR Magar,Mas Elysa,0,0,0
Malaysia,11,WA Duraisingam,SR Magar,Mas Elysa,1,0,1
Malaysia,11,Mas Elysa,SR Magar,WA Duraisingam,0,0,0
Malaysia,12,WA Duraisingam,Karuna Bhandari,Mas Elysa,0,0,0
Malaysia,12,Wan Julia,Karuna Bhandari,Mas Elysa,1,0,1
Malaysia,12,Mas Elysa,Karuna Bhandari,Wan Julia,1,0,1
Malaysia,12,Wan Julia,Karuna Bhandari,Mas Elysa,0,0,0
Malaysia,12,Wan Julia,Karuna Bhandari,Mas Elysa,0,0,0
Malaysia,12,Wan Julia,Karuna Bhandari,Mas Elysa,0,0,0
Malaysia,13,Mas Elysa,SR Magar,Wan Julia,0,0,0
Malaysia,13,Mas Elysa,SR Magar,Wan Julia,2,0,2
Malaysia,13,Mas Elysa,SR Magar,Wan Julia,1,0,1
Malaysia,13,Wan Julia,SR Magar,Mas Elysa,1,0,1
Malaysia,13,Mas Elysa,SR Magar,Wan Julia,1,0,1
Malaysia,13,Wan Julia,SR Magar,Mas Elysa,1,0,1
Malaysia,14,Wan Julia,S Magar,Mas Elysa,1,0,1
Malaysia,14,Mas Elysa,S Magar,Wan Julia,0,0,0
Malaysia,14,Sasha Azmi,S Magar,Wan Julia,0,0,0
Malaysia,14,Sasha Azmi,S Magar,Wan Julia,0,0,0
Malaysia,14,Sasha Azmi,S Magar,Wan Julia,1,0,1
Malaysia,14,Wan Julia,S Magar,Sasha Azmi,2,0,2
Malaysia,15,Sasha Azmi,SR Magar,Wan Julia,1,0,1
Malaysia,15,Wan Julia,SR Magar,Sasha Azmi,1,0,1
Malaysia,15,Sasha Azmi,SR Magar,Wan Julia,0,0,0
Malaysia,15,Sasha Azmi,SR Magar,Wan Julia,1,0,1
Malaysia,15,Wan Julia,SR Magar,Sasha Azmi,0,0,0
Malaysia,15,Wan Julia,SR Magar,Sasha Azmi,0,1,1
Malaysia,15,Wan Julia,SR Magar,Sasha Azmi,0,0,0
Malaysia,16,Sasha Azmi,S Magar,Wan Julia,1,0,1
Malaysia,16,Wan Julia,S Magar,Sasha Azmi,1,0,1
Malaysia,16,Sasha Azmi,S Magar,Wan Julia,0,0,0
Malaysia,16,Sasha Azmi,S Magar,Wan Julia,2,0,2
Malaysia,16,Sasha Azmi,S Magar,Wan Julia,0,0,0
Malaysia,16,Sasha Azmi,S Magar,Wan Julia,0,0,0
Malaysia,17,Wan Julia,SR Magar,Sasha Azmi,0,0,0
Malaysia,17,Sasha Azmi,SR Magar,Zumika Azmi,1,0,1
Malaysia,17,Zumika Azmi,SR Magar,Sasha Azmi,1,0,1
Malaysia,17,Sasha Azmi,SR Magar,Zumika Azmi,0,0,0
Malaysia,17,Sasha Azmi,SR Magar,Zumika Azmi,1,0,1
Malaysia,17,Zumika Azmi,SR Magar,Sasha Azmi,1,0,1
Malaysia,18,Zumika Azmi,S Magar,Sasha Azmi,1,0,1
Malaysia,18,Sasha Azmi,S Magar,Zumika Azmi,1,0,1
Malaysia,18,Zumika Azmi,S Magar,Sasha Azmi,0,0,0
Malaysia,18,Zumika Azmi,S Magar,Sasha Azmi,0,0,0
Malaysia,18,J Intan,S Magar,Sasha Azmi,1,0,1
Malaysia,18,Sasha Azmi,S Magar,J Intan,1,0,1
Malaysia,19,Sasha Azmi,Nary Thapa,J Intan,1,0,1
Malaysia,19,J Intan,Nary Thapa,Sasha Azmi,0,2,2
Malaysia,19,Sasha Azmi,Nary Thapa,J Intan,0,0,0
Malaysia,19,Sasha Azmi,Nary Thapa,J Intan,0,0,0
Malaysia,19,Sasha Azmi,Nary Thapa,J Intan,2,0,2
Malaysia,19,Sasha Azmi,Nary Thapa,J Intan,2,0,2
Malaysia,19,Sasha Azmi,Nary Thapa,J Intan,1,0,1
