Team,Over,Batter,Bowler,Non_Striker,Batter_Runs,Extras,Total_Runs
Kuwait,0,Maryam Omar,C Sutthiruang,Priyada Murali,0,0,0
Kuwait,0,Amna Tariq,C Sutthiruang,Priyada Murali,0,0,0
Kuwait,0,Amna Tariq,C Sutthiruang,Priyada Murali,0,0,0
Kuwait,0,Amna Tariq,C Sutthiruang,Priyada Murali,0,0,0
Kuwait,0,Amna Tariq,C Sutthiruang,Priyada Murali,0,0,0
Kuwait,0,Amna Tariq,C Sutthiruang,Priyada Murali,0,0,0
Kuwait,1,Priyada Murali,N Boochatham,Amna Tariq,0,0,0
Kuwait,1,Priyada Murali,N Boochatham,Amna Tariq,0,0,0
Kuwait,1,Priyada Murali,N Boochatham,Amna Tariq,0,0,0
Kuwait,1,Priyada Murali,N Boochatham,Amna Tariq,2,0,2
Kuwait,1,Priyada Murali,N Boochatham,Amna Tariq,0,0,0
Kuwait,1,Priyada Murali,N Boochatham,Amna Tariq,0,0,0
Kuwait,2,Amna Tariq,C Sutthiruang,Priyada Murali,0,0,0
Kuwait,2,Amna Tariq,C Sutthiruang,Priyada Murali,0,0,0
Kuwait,2,Amna Tariq,C Sutthiruang,Priyada Murali,0,0,0
Kuwait,2,Amna Tariq,C Sutthiruang,Priyada Murali,0,2,2
Kuwait,2,Priyada Murali,C Sutthiruang,Amna Tariq,1,0,1
Kuwait,2,Amna Tariq,C Sutthiruang,Priyada Murali,0,0,0
Kuwait,2,Amna Tariq,C Sutthiruang,Priyada Murali,2,0,2
Kuwait,3,Priyada Murali,S Tippoch,Amna Tariq,0,1,1
Kuwait,3,Amna Tariq,S Tippoch,Priyada Murali,0,0,0
Kuwait,3,Amna Tariq,S Tippoch,Priyada Murali,0,0,0
Kuwait,3,Amna Tariq,S Tippoch,Priyada Murali,0,0,0
Kuwait,3,Amna Tariq,S Tippoch,Priyada Murali,0,0,0
Kuwait,3,Amna Tariq,S Tippoch,Priyada Murali,1,0,1
Kuwait,4,Amna Tariq,C Sutthiruang,Priyada Murali,0,0,0
Kuwait,4,Amna Tariq,C Sutthiruang,Priyada Murali,0,0,0
Kuwait,4,Amna Tariq,C Sutthiruang,Priyada Murali,1,0,1
Kuwait,4,Priyada Murali,C Sutthiruang,Amna Tariq,0,0,0
Kuwait,4,Priyada Murali,C Sutthiruang,Amna Tariq,0,0,0
Kuwait,4,Priyada Murali,C Sutthiruang,Amna Tariq,0,0,0
Kuwait,5,Amna Tariq,N Boochatham,Priyada Murali,0,0,0
Kuwait,5,Amna Tariq,N Boochatham,Priyada Murali,0,0,0
Kuwait,5,Mariamma Hyder,N Boochatham,Priyada Murali,0,0,0
Kuwait,5,Mariamma Hyder,N Boochatham,Priyada Murali,0,0,0
Kuwait,5,Mariamma Hyder,N Boochatham,Priyada Murali,0,0,0
Kuwait,5,Mariamma Hyder,N Boochatham,Priyada Murali,0,0,0
Kuwait,6,Priyada Murali,S Laomi,Mariamma Hyder,0,0,0
Kuwait,6,Priyada Murali,S Laomi,Mariamma Hyder,0,0,0
Kuwait,6,Priyada Murali,S Laomi,Mariamma Hyder,1,0,1
Kuwait,6,Mariamma Hyder,S Laomi,Priyada Murali,0,0,0
Kuwait,6,Mariamma Hyder,S Laomi,Priyada Murali,0,0,0
Kuwait,6,Mariamma Hyder,S Laomi,Priyada Murali,0,0,0
Kuwait,7,Priyada Murali,S Tippoch,Mariamma Hyder,0,0,0
Kuwait,7,SL Gomez,S Tippoch,Mariamma Hyder,0,0,0
Kuwait,7,SL Gomez,S Tippoch,Mariamma Hyder,1,0,1
Kuwait,7,Mariamma Hyder,S Tippoch,SL Gomez,0,0,0
Kuwait,7,Mariamma Hyder,S Tippoch,SL Gomez,1,0,1
Kuwait,7,SL Gomez,S Tippoch,Mariamma Hyder,1,0,1
Kuwait,8,SL Gomez,S Laomi,Mariamma Hyder,4,0,4
Kuwait,8,SL Gomez,S Laomi,Mariamma Hyder,0,0,0
Kuwait,8,Khadija Khalil,S Laomi,Mariamma Hyder,1,0,1
Kuwait,8,Mariamma Hyder,S Laomi,Khadija Khalil,1,0,1
Kuwait,8,Khadija Khalil,S Laomi,Mariamma Hyder,0,0,0
Kuwait,8,Khadija Khalil,S Laomi,Mariamma Hyder,0,2,2
Kuwait,8,Mariamma Hyder,S Laomi,Khadija Khalil,1,0,1
Kuwait,9,Mariamma Hyder,S Tippoch,Khadija Khalil,0,0,0
Kuwait,9,Mariamma Hyder,S Tippoch,Khadija Khalil,0,0,0
Kuwait,9,Sabreen Zaki,S Tippoch,Khadija Khalil,0,1,1
Kuwait,9,Sabreen Zaki,S Tippoch,Khadija Khalil,0,1,1
Kuwait,9,Sabreen Zaki,S Tippoch,Khadija Khalil,0,1,1
Kuwait,9,Sabreen Zaki,S Tippoch,Khadija Khalil,1,0,1
Kuwait,9,Khadija Khalil,S Tippoch,Sabreen Zaki,0,0,0
Kuwait,9,Iqra Ishaq,S Tippoch,Sabreen Zaki,0,0,0
Kuwait,9,Iqra Ishaq,S Tippoch,Sabreen Zaki,0,0,0
Kuwait,10,Sabreen Zaki,O Kamchomphu,Iqra Ishaq,0,0,0
Kuwait,10,Sabreen Zaki,O Kamchomphu,Iqra Ishaq,0,0,0
Kuwait,10,Sabreen Zaki,O Kamchomphu,Iqra Ishaq,1,0,1
Kuwait,10,Iqra Ishaq,O Kamchomphu,Sabreen Zaki,0,1,1
Kuwait,10,Iqra Ishaq,O Kamchomphu,Sabreen Zaki,0,0,0
Kuwait,10,Iqra Ishaq,O Kamchomphu,Sabreen Zaki,0,0,0
Kuwait,10,Iqra Ishaq,O Kamchomphu,Sabreen Zaki,2,0,2
Kuwait,11,Sabreen Zaki,S Tippoch,Iqra Ishaq,0,0,0
Kuwait,11,Maria Jasvi,S Tippoch,Iqra Ishaq,0,0,0
Kuwait,11,Maria Jasvi,S Tippoch,Iqra Ishaq,0,0,0
Kuwait,11,Maria Jasvi,S Tippoch,Iqra Ishaq,0,0,0
Kuwait,11,Maria Jasvi,S Tippoch,Iqra Ishaq,0,0,0
Kuwait,11,Maria Jasvi,S Tippoch,Iqra Ishaq,0,0,0
Kuwait,12,Iqra Ishaq,N Boochatham,Maria Jasvi,0,0,0
Kuwait,12,Iqra Ishaq,N Boochatham,Maria Jasvi,1,0,1
Kuwait,12,Maria Jasvi,N Boochatham,Iqra Ishaq,0,0,0
Kuwait,12,Maria Jasvi,N Boochatham,Iqra Ishaq,0,0,0
Kuwait,12,Maria Jasvi,N Boochatham,Iqra Ishaq,0,0,0
Kuwait,12,Maria Jasvi,N Boochatham,Iqra Ishaq,0,0,0
Kuwait,13,Iqra Ishaq,S Laomi,Maria Jasvi,0,0,0
Kuwait,13,Iqra Ishaq,S Laomi,Maria Jasvi,0,0,0
Kuwait,13,Iqra Ishaq,S Laomi,Maria Jasvi,1,0,1
Kuwait,13,Maria Jasvi,S Laomi,Iqra Ishaq,0,0,0
Kuwait,13,Maria Jasvi,S Laomi,Iqra Ishaq,0,1,1
Kuwait,13,Iqra Ishaq,S Laomi,Maria Jasvi,0,0,0
Kuwait,14,Maria Jasvi,R Padunglerd,Iqra Ishaq,0,0,0
Kuwait,14,Maria Jasvi,R Padunglerd,Iqra Ishaq,0,0,0
Kuwait,14,Maria Jasvi,R Padunglerd,Iqra Ishaq,0,0,0
Kuwait,14,Maria Jasvi,R Padunglerd,Iqra Ishaq,2,0,2
Kuwait,14,Maria Jasvi,R Padunglerd,Iqra Ishaq,0,0,0
Kuwait,14,Maria Jasvi,R Padunglerd,Iqra Ishaq,1,0,1
Kuwait,15,Maria Jasvi,S Laomi,Iqra Ishaq,0,0,0
Kuwait,15,Maryyam Ashraf,S Laomi,Iqra Ishaq,0,0,0
Kuwait,15,Zeefa Jilani,S Laomi,Iqra Ishaq,0,0,0
Kuwait,15,Zeefa Jilani,S Laomi,Iqra Ishaq,0,0,0
Kuwait,15,Zeefa Jilani,S Laomi,Iqra Ishaq,0,0,0
Kuwait,15,Zeefa Jilani,S Laomi,Iqra Ishaq,0,0,0
Kuwait,16,Iqra Ishaq,N Boochatham,Zeefa Jilani,0,0,0
Kuwait,16,Iqra Ishaq,N Boochatham,Zeefa Jilani,1,0,1
Kuwait,16,Zeefa Jilani,N Boochatham,Iqra Ishaq,0,0,0
Thailand,0,N Chantam,Maria Jasvi,N Chaiwai,1,0,1
Thailand,0,N Chaiwai,Maria Jasvi,N Chantam,0,0,0
Thailand,0,N Chaiwai,Maria Jasvi,N Chantam,0,0,0
Thailand,0,N Chaiwai,Maria Jasvi,N Chantam,1,0,1
Thailand,0,N Chantam,Maria Jasvi,N Chaiwai,0,0,0
Thailand,0,N Chantam,Maria Jasvi,N Chaiwai,1,0,1
Thailand,1,N Chantam,Priyada Murali,N Chaiwai,0,0,0
Thailand,1,N Chantam,Priyada Murali,N Chaiwai,0,0,0
Thailand,1,N Chantam,Priyada Murali,N Chaiwai,4,0,4
Thailand,1,N Chantam,Priyada Murali,N Chaiwai,0,0,0
Thailand,1,N Chantam,Priyada Murali,N Chaiwai,1,0,1
Thailand,1,N Chaiwai,Priyada Murali,N Chantam,0,0,0
Thailand,2,N Chantam,Mariamma Hyder,N Chaiwai,2,0,2
Thailand,2,N Chantam,Mariamma Hyder,N Chaiwai,1,0,1
Thailand,2,N Chaiwai,Mariamma Hyder,N Chantam,0,0,0
Thailand,2,N Chaiwai,Mariamma Hyder,N Chantam,0,0,0
Thailand,2,N Chaiwai,Mariamma Hyder,N Chantam,1,0,1
Thailand,2,N Chantam,Mariamma Hyder,N Chaiwai,0,0,0
Thailand,3,N Chaiwai,Amna Tariq,N Chantam,0,2,2
Thailand,3,N Chantam,Amna Tariq,N Chaiwai,0,0,0
Thailand,3,N Boochatham,Amna Tariq,N Chaiwai,1,0,1
Thailand,3,N Chaiwai,Amna Tariq,N Boochatham,0,1,1
Thailand,3,N Chaiwai,Amna Tariq,N Boochatham,1,0,1
Thailand,3,N Boochatham,Amna Tariq,N Chaiwai,0,0,0
Thailand,3,N Boochatham,Amna Tariq,N Chaiwai,0,1,1
Thailand,3,N Boochatham,Amna Tariq,N Chaiwai,0,0,0
Thailand,3,N Boochatham,Amna Tariq,N Chaiwai,0,0,0
Thailand,4,N Chaiwai,Maryam Omar,N Boochatham,0,0,0
Thailand,4,N Chaiwai,Maryam Omar,N Boochatham,0,3,3
Thailand,4,N Chaiwai,Maryam Omar,N Boochatham,0,1,1
Thailand,4,N Chaiwai,Maryam Omar,N Boochatham,1,0,1
Thailand,4,N Boochatham,Maryam Omar,N Chaiwai,0,0,0
Thailand,4,N Boochatham,Maryam Omar,N Chaiwai,1,0,1
Thailand,4,N Chaiwai,Maryam Omar,N Boochatham,1,0,1
Thailand,4,N Boochatham,Maryam Omar,N Chaiwai,0,0,0
Thailand,5,N Chaiwai,Mariamma Hyder,N Boochatham,1,0,1
Thailand,5,N Boochatham,Mariamma Hyder,N Chaiwai,1,0,1
Thailand,5,N Chaiwai,Mariamma Hyder,N Boochatham,0,0,0
Thailand,5,N Chaiwai,Mariamma Hyder,N Boochatham,1,0,1
Thailand,5,N Boochatham,Mariamma Hyder,N Chaiwai,1,0,1
Thailand,5,N Chaiwai,Mariamma Hyder,N Boochatham,0,0,0
Thailand,6,N Boochatham,Maria Jasvi,N Chaiwai,4,0,4
Thailand,6,N Boochatham,Maria Jasvi,N Chaiwai,1,0,1
Thailand,6,N Chaiwai,Maria Jasvi,N Boochatham,0,0,0
Thailand,6,N Chaiwai,Maria Jasvi,N Boochatham,2,0,2
Thailand,6,N Chaiwai,Maria Jasvi,N Boochatham,1,0,1
Thailand,6,N Boochatham,Maria Jasvi,N Chaiwai,0,0,0
Thailand,7,N Chaiwai,Maryam Omar,N Boochatham,0,0,0
Thailand,7,N Chaiwai,Maryam Omar,N Boochatham,4,0,4
