Team,Over,Batter,Bowler,Non_Striker,Batter_Runs,Extras,Total_Runs
Kuwait,0,Sabreen Zaki,M Hill,Maryam Omar,1,0,1
Kuwait,0,Maryam Omar,M Hill,Sabreen Zaki,0,1,1
Kuwait,0,Maryam Omar,M Hill,Sabreen Zaki,0,0,0
Kuwait,0,Maryam Omar,M Hill,Sabreen Zaki,0,0,0
Kuwait,0,Priyada Murali,M Hill,Sabreen Zaki,0,1,1
Kuwait,0,Priyada Murali,M Hill,Sabreen Zaki,0,1,1
Kuwait,0,Priyada Murali,M Hill,Sabreen Zaki,0,0,0
Kuwait,0,Priyada Murali,M Hill,Sabreen Zaki,0,0,0
Kuwait,0,Priyada Murali,M Hill,Sabreen Zaki,0,0,0
Kuwait,1,Sabreen Zaki,Chan Ka Man,Priyada Murali,0,0,0
Kuwait,1,Sabreen Zaki,Chan Ka Man,Priyada Murali,4,0,4
Kuwait,1,Sabreen Zaki,Chan Ka Man,Priyada Murali,0,0,0
Kuwait,1,Sabreen Zaki,Chan Ka Man,Priyada Murali,0,0,0
Kuwait,1,Sabreen Zaki,Chan Ka Man,Priyada Murali,0,0,0
Kuwait,1,Sabreen Zaki,Chan Ka Man,Priyada Murali,0,0,0
Kuwait,2,Priyada Murali,M Hill,Sabreen Zaki,0,1,1
Kuwait,2,Priyada Murali,M Hill,Sabreen Zaki,0,0,0
Kuwait,2,Priyada Murali,M Hill,Sabreen Zaki,1,0,1
Kuwait,2,Sabreen Zaki,M Hill,Priyada Murali,0,0,0
Kuwait,2,Sabreen Zaki,M Hill,Priyada Murali,0,0,0
Kuwait,2,Sabreen Zaki,M Hill,Priyada Murali,0,0,0
Kuwait,2,Sabreen Zaki,M Hill,Priyada Murali,0,0,0
Kuwait,3,Priyada Murali,Chan Ka Man,Sabreen Zaki,0,0,0
Kuwait,3,Priyada Murali,Chan Ka Man,Sabreen Zaki,1,0,1
Kuwait,3,Sabreen Zaki,Chan Ka Man,Priyada Murali,0,0,0
Kuwait,3,Sabreen Zaki,Chan Ka Man,Priyada Murali,0,0,0
Kuwait,3,Sabreen Zaki,Chan Ka Man,Priyada Murali,0,0,0
Kuwait,3,Sabreen Zaki,Chan Ka Man,Priyada Murali,0,0,0
Kuwait,4,Priyada Murali,M Wai Siu,Amna Tariq,0,0,0
Kuwait,4,Priyada Murali,M Wai Siu,Amna Tariq,4,0,4
Kuwait,4,Priyada Murali,M Wai Siu,Amna Tariq,0,0,0
Kuwait,4,Priyada Murali,M Wai Siu,Amna Tariq,0,0,0
Kuwait,4,Priyada Murali,M Wai Siu,Amna Tariq,1,0,1
Kuwait,4,Amna Tariq,M Wai Siu,Priyada Murali,0,1,1
Kuwait,4,Amna Tariq,M Wai Siu,Priyada Murali,0,0,0
Kuwait,5,Priyada Murali,KY Chan,Amna Tariq,1,0,1
Kuwait,5,Amna Tariq,KY Chan,Priyada Murali,0,0,0
Kuwait,5,Mariamma Hyder,KY Chan,Priyada Murali,0,0,0
Kuwait,5,Mariamma Hyder,KY Chan,Priyada Murali,0,0,0
Kuwait,5,Maria Jasvi,KY Chan,Priyada Murali,0,0,0
Kuwait,5,Maria Jasvi,KY Chan,Priyada Murali,0,0,0
Kuwait,6,Priyada Murali,M Wai Siu,Maria Jasvi,1,0,1
Kuwait,6,Maria Jasvi,M Wai Siu,Priyada Murali,0,1,1
Kuwait,6,Priyada Murali,M Wai Siu,Maria Jasvi,2,0,2
Kuwait,6,Priyada Murali,M Wai Siu,Maria Jasvi,0,1,1
Kuwait,6,Priyada Murali,M Wai Siu,Maria Jasvi,1,0,1
Kuwait,6,Maria Jasvi,M Wai Siu,Priyada Murali,0,0,0
Kuwait,6,SL Gomez,M Wai Siu,Priyada Murali,0,0,0
Kuwait,7,Priyada Murali,KY Chan,SL Gomez,0,0,0
Kuwait,7,Priyada Murali,KY Chan,SL Gomez,0,0,0
Kuwait,7,Iqra Ishaq,KY Chan,SL Gomez,0,0,0
Kuwait,7,Iqra Ishaq,KY Chan,SL Gomez,0,0,0
Kuwait,7,Iqra Ishaq,KY Chan,SL Gomez,0,1,1
Kuwait,7,Iqra Ishaq,KY Chan,SL Gomez,0,0,0
Kuwait,7,Iqra Ishaq,KY Chan,SL Gomez,0,0,0
Kuwait,8,SL Gomez,M Yousaf,Iqra Ishaq,0,0,0
Kuwait,8,Khadija Khalil,M Yousaf,Iqra Ishaq,0,0,0
Kuwait,8,Khadija Khalil,M Yousaf,Iqra Ishaq,0,0,0
Kuwait,8,Mahnoor Mahmood,M Yousaf,Iqra Ishaq,0,0,0
Kuwait,8,Mahnoor Mahmood,M Yousaf,Iqra Ishaq,0,0,0
Kuwait,8,Mahnoor Mahmood,M Yousaf,Iqra Ishaq,0,0,0
Kuwait,9,Iqra Ishaq,KY Chan,Maryyam Ashraf,0,0,0
Kuwait,9,Iqra Ishaq,KY Chan,Maryyam Ashraf,0,0,0
Kuwait,9,Iqra Ishaq,KY Chan,Maryyam Ashraf,0,0,0
Kuwait,9,Iqra Ishaq,KY Chan,Maryyam Ashraf,0,0,0
Kuwait,9,Iqra Ishaq,KY Chan,Maryyam Ashraf,0,0,0
Kuwait,9,Iqra Ishaq,KY Chan,Maryyam Ashraf,0,0,0
Hong Kong,0,Y Daswani,Maria Jasvi,M Hill,0,0,0
Hong Kong,0,Y Daswani,Maria Jasvi,M Hill,2,0,2
Hong Kong,0,Y Daswani,Maria Jasvi,M Hill,0,0,0
Hong Kong,0,Y Daswani,Maria Jasvi,M Hill,0,0,0
Hong Kong,0,Y Daswani,Maria Jasvi,M Hill,0,0,0
Hong Kong,0,Y Daswani,Maria Jasvi,M Hill,4,0,4
Hong Kong,1,M Hill,Mariamma Hyder,Y Daswani,0,0,0
Hong Kong,1,M Hill,Mariamma Hyder,Y Daswani,0,0,0
Hong Kong,1,M Hill,Mariamma Hyder,Y Daswani,0,0,0
Hong Kong,1,M Hill,Mariamma Hyder,Y Daswani,0,0,0
Hong Kong,1,M Hill,Mariamma Hyder,Y Daswani,1,0,1
Hong Kong,1,Y Daswani,Mariamma Hyder,M Hill,0,0,0
Hong Kong,2,M Hill,Amna Tariq,Y Daswani,0,0,0
Hong Kong,2,M Hill,Amna Tariq,Y Daswani,0,0,0
Hong Kong,2,M Hill,Amna Tariq,Y Daswani,0,0,0
Hong Kong,2,M Hill,Amna Tariq,Y Daswani,0,0,0
Hong Kong,2,M Hill,Amna Tariq,Y Daswani,1,0,1
Hong Kong,2,Y Daswani,Amna Tariq,M Hill,1,0,1
Hong Kong,3,Y Daswani,Mariamma Hyder,M Hill,2,0,2
Hong Kong,3,Y Daswani,Mariamma Hyder,M Hill,1,0,1
Hong Kong,3,M Hill,Mariamma Hyder,Y Daswani,1,0,1
Hong Kong,3,Y Daswani,Mariamma Hyder,M Hill,0,1,1
Hong Kong,3,Y Daswani,Mariamma Hyder,M Hill,0,1,1
Hong Kong,3,Y Daswani,Mariamma Hyder,M Hill,0,0,0
Hong Kong,3,Y Daswani,Mariamma Hyder,M Hill,2,0,2
Hong Kong,3,Y Daswani,Mariamma Hyder,M Hill,0,0,0
Hong Kong,4,M Hill,Amna Tariq,Y Daswani,0,0,0
Hong Kong,4,M Hill,Amna Tariq,Y Daswani,2,0,2
Hong Kong,4,M Hill,Amna Tariq,Y Daswani,1,0,1
Hong Kong,4,Y Daswani,Amna Tariq,M Hill,0,0,0
Hong Kong,4,Y Daswani,Amna Tariq,M Hill,1,0,1
Hong Kong,4,M Hill,Amna Tariq,Y Daswani,1,0,1
Hong Kong,5,M Hill,Priyada Murali,Y Daswani,0,1,1
Hong Kong,5,M Hill,Priyada Murali,Y Daswani,0,0,0
Hong Kong,5,M Hill,Priyada Murali,Y Daswani,0,0,0
Hong Kong,5,YS To,Priyada Murali,Y Daswani,0,0,0
Hong Kong,5,YS To,Priyada Murali,Y Daswani,1,0,1
Hong Kong,5,Y Daswani,Priyada Murali,YS To,0,0,0
Hong Kong,5,Y Daswani,Priyada Murali,YS To,0,0,0
Hong Kong,6,YS To,Amna Tariq,Y Daswani,0,1,1
Hong Kong,6,YS To,Amna Tariq,Y Daswani,1,0,1
