Team,Over,Batter,Bowler,Non_Striker,Batter_Runs,Extras,Total_Runs
Hong Kong,0,Bella Poon,Wang Meng,Y Daswani,0,0,0
Hong Kong,0,Bella Poon,Wang Meng,Y Daswani,0,0,0
Hong Kong,0,Bella Poon,Wang Meng,Y Daswani,1,0,1
Hong Kong,0,Y Daswani,Wang Meng,Bella Poon,0,0,0
Hong Kong,0,Y Daswani,Wang Meng,Bella Poon,0,0,0
Hong Kong,0,Y Daswani,Wang Meng,Bella Poon,0,0,0
Hong Kong,1,Bella Poon,Zhang Xiangxue,Y Daswani,0,0,0
Hong Kong,1,Bella Poon,Zhang Xiangxue,Y Daswani,2,0,2
Hong Kong,1,Bella Poon,Zhang Xiangxue,Y Daswani,1,0,1
Hong Kong,1,Y Daswani,Zhang Xiangxue,Bella Poon,0,0,0
Hong Kong,1,Y Daswani,Zhang Xiangxue,Bella Poon,0,0,0
Hong Kong,1,Y Daswani,Zhang Xiangxue,Bella Poon,0,0,0
Hong Kong,2,Bella Poon,Wang Meng,Y Daswani,0,0,0
Hong Kong,2,Bella Poon,Wang Meng,Y Daswani,2,0,2
Hong Kong,2,Bella Poon,Wang Meng,Y Daswani,0,0,0
Hong Kong,2,Bella Poon,Wang Meng,Y Daswani,3,0,3
Hong Kong,2,Y Daswani,Wang Meng,Bella Poon,1,0,1
Hong Kong,2,Bella Poon,Wang Meng,Y Daswani,0,0,0
Hong Kong,3,Y Daswani,Zhang Xiangxue,Bella Poon,0,0,0
Hong Kong,3,Y Daswani,Zhang Xiangxue,Bella Poon,0,1,1
Hong Kong,3,Bella Poon,Zhang Xiangxue,Y Daswani,0,0,0
Hong Kong,3,Bella Poon,Zhang Xiangxue,Y Daswani,0,1,1
Hong Kong,3,Bella Poon,Zhang Xiangxue,Y Daswani,0,0,0
Hong Kong,3,Bella Poon,Zhang Xiangxue,Y Daswani,0,0,0
Hong Kong,3,YS To,Zhang Xiangxue,Y Daswani,4,0,4
Hong Kong,4,Y Daswani,Wu Juan,YS To,0,0,0
Hong Kong,4,Y Daswani,Wu Juan,YS To,0,0,0
Hong Kong,4,Y Daswani,Wu Juan,YS To,1,0,1
Hong Kong,4,YS To,Wu Juan,Y Daswani,0,0,0
Hong Kong,4,YS To,Wu Juan,Y Daswani,0,0,0
Hong Kong,4,YS To,Wu Juan,Y Daswani,0,0,0
Hong Kong,5,Y Daswani,Zhang Xiangxue,YS To,0,0,0
Hong Kong,5,Y Daswani,Zhang Xiangxue,YS To,1,0,1
Hong Kong,5,YS To,Zhang Xiangxue,Y Daswani,0,0,0
Hong Kong,5,YS To,Zhang Xiangxue,Y Daswani,0,0,0
Hong Kong,5,YS To,Zhang Xiangxue,Y Daswani,2,0,2
Hong Kong,5,YS To,Zhang Xiangxue,Y Daswani,0,1,1
Hong Kong,5,YS To,Zhang Xiangxue,Y Daswani,0,1,1
Hong Kong,5,YS To,Zhang Xiangxue,Y Daswani,0,0,0
Hong Kong,6,Y Daswani,Wu Juan,YS To,1,0,1
Hong Kong,6,YS To,Wu Juan,Y Daswani,1,0,1
Hong Kong,6,Y Daswani,Wu Juan,YS To,1,0,1
Hong Kong,6,YS To,Wu Juan,Y Daswani,0,0,0
Hong Kong,6,YS To,Wu Juan,Y Daswani,0,1,1
Hong Kong,6,Y Daswani,Wu Juan,YS To,0,0,0
Hong Kong,7,YS To,Han Lili,Y Daswani,0,0,0
Hong Kong,7,YS To,Han Lili,Y Daswani,1,0,1
Hong Kong,7,Y Daswani,Han Lili,YS To,0,0,0
Hong Kong,7,Y Daswani,Han Lili,YS To,0,0,0
Hong Kong,7,Y Daswani,Han Lili,YS To,2,0,2
Hong Kong,7,Y Daswani,Han Lili,YS To,1,0,1
Hong Kong,8,Y Daswani,L Jie,YS To,1,0,1
Hong Kong,8,YS To,L Jie,Y Daswani,0,0,0
Hong Kong,8,YS To,L Jie,Y Daswani,0,0,0
Hong Kong,8,YS To,L Jie,Y Daswani,0,0,0
Hong Kong,8,YS To,L Jie,Y Daswani,0,0,0
Hong Kong,8,YS To,L Jie,Y Daswani,1,0,1
Hong Kong,9,YS To,Han Lili,Y Daswani,0,0,0
Hong Kong,9,YS To,Han Lili,Y Daswani,0,0,0
Hong Kong,9,YS To,Han Lili,Y Daswani,1,0,1
Hong Kong,9,Y Daswani,Han Lili,YS To,2,0,2
Hong Kong,9,Y Daswani,Han Lili,YS To,0,0,0
Hong Kong,9,Y Daswani,Han Lili,YS To,0,0,0
Hong Kong,10,YS To,L Jie,Y Daswani,2,0,2
Hong Kong,10,YS To,L Jie,Y Daswani,0,1,1
Hong Kong,10,Y Daswani,L Jie,YS To,1,0,1
Hong Kong,10,YS To,L Jie,Y Daswani,0,0,0
Hong Kong,10,YS To,L Jie,Y Daswani,2,0,2
Hong Kong,10,YS To,L Jie,Y Daswani,1,0,1
Hong Kong,11,YS To,Han Lili,Y Daswani,0,0,0
Hong Kong,11,YS To,Han Lili,Y Daswani,4,0,4
Hong Kong,11,YS To,Han Lili,Y Daswani,1,0,1
Hong Kong,11,Y Daswani,Han Lili,YS To,0,0,0
Hong Kong,11,KY Chan,Han Lili,YS To,0,0,0
Hong Kong,11,KY Chan,Han Lili,YS To,1,0,1
Hong Kong,12,KY Chan,L Jie,YS To,1,0,1
Hong Kong,12,YS To,L Jie,KY Chan,1,0,1
Hong Kong,12,KY Chan,L Jie,YS To,0,0,0
Hong Kong,12,KY Chan,L Jie,YS To,1,0,1
Hong Kong,12,YS To,L Jie,KY Chan,0,0,0
Hong Kong,12,YS To,L Jie,KY Chan,1,0,1
Hong Kong,13,YS To,Han Lili,KY Chan,1,0,1
Hong Kong,13,KY Chan,Han Lili,YS To,0,1,1
Hong Kong,13,KY Chan,Han Lili,YS To,1,0,1
Hong Kong,13,YS To,Han Lili,KY Chan,0,0,0
Hong Kong,13,YS To,Han Lili,KY Chan,3,0,3
Hong Kong,13,KY Chan,Han Lili,YS To,1,0,1
Hong Kong,13,YS To,Han Lili,KY Chan,0,0,0
Hong Kong,14,KY Chan,Wang Meng,YS To,0,0,0
Hong Kong,14,KY Chan,Wang Meng,YS To,1,0,1
Hong Kong,14,YS To,Wang Meng,KY Chan,2,0,2
Hong Kong,14,YS To,Wang Meng,KY Chan,2,0,2
Hong Kong,14,YS To,Wang Meng,KY Chan,2,0,2
Hong Kong,14,YS To,Wang Meng,KY Chan,0,0,0
Hong Kong,15,KY Chan,Zhang Xiangxue,YS To,0,0,0
Hong Kong,15,KY Chan,Zhang Xiangxue,YS To,1,0,1
Hong Kong,15,YS To,Zhang Xiangxue,KY Chan,2,0,2
Hong Kong,15,YS To,Zhang Xiangxue,KY Chan,1,0,1
Hong Kong,15,KY Chan,Zhang Xiangxue,YS To,1,0,1
Hong Kong,15,YS To,Zhang Xiangxue,KY Chan,1,0,1
Hong Kong,16,YS To,L Jie,KY Chan,1,0,1
Hong Kong,16,KY Chan,L Jie,YS To,2,0,2
Hong Kong,16,M Hill,L Jie,KY Chan,0,0,0
Hong Kong,16,M Hill,L Jie,KY Chan,0,0,0
Hong Kong,16,M Hill,L Jie,KY Chan,0,0,0
Hong Kong,16,M Hill,L Jie,KY Chan,0,0,0
Hong Kong,17,KY Chan,Wu Juan,M Hill,1,0,1
Hong Kong,17,KY Chan,Wu Juan,JE Titmuss,0,0,0
Hong Kong,17,MBA Lamplough,Wu Juan,JE Titmuss,1,0,1
Hong Kong,17,JE Titmuss,Wu Juan,MBA Lamplough,0,0,0
Hong Kong,17,JE Titmuss,Wu Juan,MBA Lamplough,1,0,1
Hong Kong,17,MBA Lamplough,Wu Juan,JE Titmuss,1,0,1
Hong Kong,18,MBA Lamplough,Wang Meng,JE Titmuss,1,0,1
Hong Kong,18,JE Titmuss,Wang Meng,MBA Lamplough,0,0,0
Hong Kong,18,JM Davies,Wang Meng,MBA Lamplough,0,0,0
Hong Kong,18,JM Davies,Wang Meng,MBA Lamplough,1,0,1
Hong Kong,18,MBA Lamplough,Wang Meng,JM Davies,1,0,1
Hong Kong,18,MBA Lamplough,Wang Meng,Ruchitha Venkatesh,0,0,0
Hong Kong,19,Chan Ka Man,Wu Juan,Ruchitha Venkatesh,0,0,0
Hong Kong,19,Chan Ka Man,Wu Juan,Ruchitha Venkatesh,0,0,0
Hong Kong,19,Chan Ka Man,Wu Juan,Ruchitha Venkatesh,1,0,1
Hong Kong,19,Ruchitha Venkatesh,Wu Juan,Chan Ka Man,1,0,1
Hong Kong,19,Chan Ka Man,Wu Juan,Ruchitha Venkatesh,0,0,0
Hong Kong,19,Chan Ka Man,Wu Juan,Ruchitha Venkatesh,2,0,2
China,0,Zhang Chan,Chan Ka Man,C Zhou,0,0,0
China,0,Zhang Chan,Chan Ka Man,C Zhou,2,0,2
China,0,Zhang Chan,Chan Ka Man,C Zhou,1,0,1
China,0,C Zhou,Chan Ka Man,Zhang Chan,4,0,4
China,0,C Zhou,Chan Ka Man,Zhang Chan,0,0,0
China,0,C Zhou,Chan Ka Man,Zhang Chan,0,0,0
China,1,Zhang Chan,M Wai Siu,C Zhou,1,0,1
China,1,C Zhou,M Wai Siu,Zhang Chan,0,1,1
China,1,C Zhou,M Wai Siu,Zhang Chan,0,0,0
China,1,C Zhou,M Wai Siu,Zhang Chan,0,3,3
China,1,C Zhou,M Wai Siu,Zhang Chan,0,0,0
China,1,Zheng Lili,M Wai Siu,Zhang Chan,1,0,1
China,1,Zhang Chan,M Wai Siu,Zheng Lili,0,0,0
China,1,Zhang Chan,M Wai Siu,Zheng Lili,4,0,4
China,2,Zheng Lili,Chan Ka Man,Zhang Chan,0,0,0
China,2,Zheng Lili,Chan Ka Man,Zhang Chan,0,0,0
China,2,Huang Zhuo,Chan Ka Man,Zhang Chan,0,0,0
China,2,Huang Zhuo,Chan Ka Man,Zhang Chan,0,0,0
China,2,Huang Zhuo,Chan Ka Man,Zhang Chan,2,0,2
China,2,Huang Zhuo,Chan Ka Man,Zhang Chan,0,0,0
China,3,Zhang Chan,JE Titmuss,Huang Zhuo,0,2,2
China,3,Huang Zhuo,JE Titmuss,Zhang Chan,2,0,2
China,3,Huang Zhuo,JE Titmuss,Zhang Chan,1,0,1
China,3,Zhang Chan,JE Titmuss,Huang Zhuo,0,0,0
China,3,Zhang Chan,JE Titmuss,Huang Zhuo,0,0,0
China,3,Zhang Chan,JE Titmuss,Huang Zhuo,2,0,2
China,3,Zhang Chan,JE Titmuss,Huang Zhuo,1,0,1
China,4,Zhang Chan,KY Chan,Huang Zhuo,0,0,0
China,4,Zhang Chan,KY Chan,Huang Zhuo,0,0,0
China,4,Zhang Chan,KY Chan,Huang Zhuo,0,0,0
China,4,F Song,KY Chan,Huang Zhuo,0,0,0
China,4,F Song,KY Chan,Huang Zhuo,0,0,0
China,4,Zhang Mei,KY Chan,Huang Zhuo,0,0,0
China,5,Huang Zhuo,MBA Lamplough,Zhang Mei,0,1,1
China,5,Huang Zhuo,MBA Lamplough,Zhang Mei,0,0,0
China,5,Huang Zhuo,MBA Lamplough,Zhang Mei,4,0,4
China,5,Huang Zhuo,MBA Lamplough,Zhang Mei,0,1,1
China,5,Huang Zhuo,MBA Lamplough,Zhang Mei,0,0,0
China,5,Huang Zhuo,MBA Lamplough,Zhang Mei,0,0,0
China,5,Huang Zhuo,MBA Lamplough,Zhang Mei,0,0,0
China,5,Huang Zhuo,MBA Lamplough,Zhang Mei,0,0,0
China,6,Zhang Mei,KY Chan,Huang Zhuo,2,0,2
China,6,Zhang Mei,KY Chan,Huang Zhuo,1,0,1
China,6,Huang Zhuo,KY Chan,Zhang Mei,0,0,0
China,6,Huang Zhuo,KY Chan,Zhang Mei,0,1,1
China,6,Zhang Mei,KY Chan,Huang Zhuo,1,0,1
China,6,Huang Zhuo,KY Chan,Zhang Mei,0,0,0
China,7,Zhang Mei,Ruchitha Venkatesh,Huang Zhuo,4,0,4
China,7,Zhang Mei,Ruchitha Venkatesh,Huang Zhuo,0,0,0
China,7,Zhang Mei,Ruchitha Venkatesh,Huang Zhuo,0,0,0
China,7,Zhang Mei,Ruchitha Venkatesh,Huang Zhuo,0,0,0
China,7,Zhang Mei,Ruchitha Venkatesh,Huang Zhuo,1,0,1
China,7,Huang Zhuo,Ruchitha Venkatesh,Zhang Mei,0,0,0
China,8,Zhang Mei,KY Chan,Huang Zhuo,0,0,0
China,8,Zhang Mei,KY Chan,Huang Zhuo,0,0,0
China,8,Zhang Mei,KY Chan,Huang Zhuo,0,0,0
China,8,Zhang Mei,KY Chan,Huang Zhuo,2,0,2
China,8,Zhang Mei,KY Chan,Huang Zhuo,0,0,0
China,8,Zhang Mei,KY Chan,Huang Zhuo,2,0,2
China,9,Huang Zhuo,Ruchitha Venkatesh,Zhang Mei,0,1,1
China,9,Huang Zhuo,Ruchitha Venkatesh,Zhang Mei,0,0,0
China,9,Huang Zhuo,Ruchitha Venkatesh,Zhang Mei,1,0,1
China,9,Zhang Mei,Ruchitha Venkatesh,Huang Zhuo,1,0,1
China,9,Huang Zhuo,Ruchitha Venkatesh,Zhang Mei,2,0,2
China,9,Huang Zhuo,Ruchitha Venkatesh,Zhang Mei,1,0,1
China,9,Zhang Mei,Ruchitha Venkatesh,Huang Zhuo,2,0,2
China,10,Huang Zhuo,M Wai Siu,Zhang Mei,0,0,0
China,10,Huang Zhuo,M Wai Siu,Zhang Mei,0,0,0
China,10,Huang Zhuo,M Wai Siu,Zhang Mei,2,0,2
China,10,Huang Zhuo,M Wai Siu,Zhang Mei,0,0,0
China,10,Huang Zhuo,M Wai Siu,Zhang Mei,0,0,0
China,10,Huang Zhuo,M Wai Siu,Zhang Mei,1,0,1
China,11,Huang Zhuo,M Hill,Zhang Mei,0,0,0
China,11,Huang Zhuo,M Hill,Zhang Mei,0,0,0
China,11,Huang Zhuo,M Hill,Zhang Mei,1,0,1
China,11,Zhang Mei,M Hill,Huang Zhuo,0,0,0
China,11,Zhang Mei,M Hill,Huang Zhuo,0,0,0
China,11,Zhang Mei,M Hill,Huang Zhuo,0,0,0
China,12,Huang Zhuo,M Wai Siu,Zhang Mei,0,0,0
China,12,Huang Zhuo,M Wai Siu,Zhang Mei,1,0,1
China,12,Zhang Mei,M Wai Siu,Huang Zhuo,0,1,1
China,12,Zhang Mei,M Wai Siu,Huang Zhuo,1,0,1
China,12,Huang Zhuo,M Wai Siu,Zhang Mei,0,1,1
China,12,Zhang Mei,M Wai Siu,Huang Zhuo,0,0,0
China,12,Zhang Mei,M Wai Siu,Huang Zhuo,0,1,1
China,12,Zhang Mei,M Wai Siu,Huang Zhuo,0,0,0
China,13,Huang Zhuo,M Hill,Zhang Mei,1,0,1
China,13,Zhang Mei,M Hill,Huang Zhuo,0,0,0
China,13,Zhang Mei,M Hill,Huang Zhuo,0,1,1
China,13,Zhang Mei,M Hill,Huang Zhuo,0,0,0
China,13,Zhang Mei,M Hill,Huang Zhuo,0,0,0
China,13,Zhang Mei,M Hill,Huang Zhuo,1,0,1
China,13,Huang Zhuo,M Hill,Zhang Mei,1,0,1
China,14,Huang Zhuo,YS To,Zhang Mei,0,0,0
China,14,Huang Zhuo,YS To,Zhang Mei,1,0,1
China,14,Zhang Mei,YS To,Huang Zhuo,1,0,1
China,14,Huang Zhuo,YS To,Zhang Mei,0,0,0
China,14,Huang Zhuo,YS To,Zhang Mei,0,0,0
China,14,Huang Zhuo,YS To,Zhang Mei,0,0,0
China,15,Zhang Mei,M Hill,Huang Zhuo,0,1,1
China,15,Zhang Mei,M Hill,Huang Zhuo,1,0,1
China,15,Huang Zhuo,M Hill,Zhang Mei,1,0,1
China,15,Zhang Mei,M Hill,Huang Zhuo,0,0,0
China,15,Zhang Mei,M Hill,Huang Zhuo,0,0,0
China,15,Zhang Mei,M Hill,Huang Zhuo,1,0,1
China,15,Huang Zhuo,M Hill,Zhang Mei,0,0,0
China,16,Zhang Mei,YS To,Huang Zhuo,2,0,2
China,16,Zhang Mei,YS To,Huang Zhuo,0,0,0
China,16,Han Lili,YS To,Huang Zhuo,1,0,1
China,16,Huang Zhuo,YS To,Han Lili,1,0,1
China,16,Han Lili,YS To,Huang Zhuo,0,0,0
China,16,Wu Juan,YS To,Huang Zhuo,0,0,0
China,17,Huang Zhuo,M Hill,Wu Juan,0,0,0
China,17,Huang Zhuo,M Hill,Wu Juan,0,0,0
China,17,Huang Zhuo,M Hill,Wu Juan,1,0,1
China,17,Wu Juan,M Hill,Huang Zhuo,0,0,0
China,17,L Jie,M Hill,Huang Zhuo,0,0,0
China,17,L Jie,M Hill,Huang Zhuo,0,1,1
China,17,L Jie,M Hill,Huang Zhuo,0,0,0
China,18,Huang Zhuo,YS To,L Jie,0,0,0
China,18,Wang Meng,YS To,L Jie,1,0,1
China,18,L Jie,YS To,Wang Meng,1,0,1
China,18,Wang Meng,YS To,L Jie,0,0,0
China,18,Wang Meng,YS To,L Jie,1,0,1
China,18,L Jie,YS To,Wang Meng,0,0,0
China,19,Wang Meng,Chan Ka Man,L Jie,1,0,1
China,19,L Jie,Chan Ka Man,Wang Meng,1,0,1
China,19,Wang Meng,Chan Ka Man,L Jie,0,0,0
China,19,Zhang Xiangxue,Chan Ka Man,L Jie,0,0,0
China,19,Zhang Xiangxue,Chan Ka Man,L Jie,2,0,2
