Team,Over,Batter,Bowler,Non_Striker,Batter_Runs,Extras,Total_Runs
Netherlands,0,TP Visee,PKD Chase,MP O'Dowd,0,1,1
Netherlands,0,TP Visee,PKD Chase,MP O'Dowd,0,0,0
Netherlands,0,TP Visee,PKD Chase,MP O'Dowd,4,0,4
Netherlands,0,TP Visee,PKD Chase,MP O'Dowd,0,0,0
Netherlands,0,TP Visee,PKD Chase,MP O'Dowd,0,0,0
Netherlands,0,TP Visee,PKD Chase,MP O'Dowd,1,0,1
Netherlands,0,MP O'Dowd,PKD Chase,TP Visee,1,0,1
Netherlands,1,MP O'Dowd,J Little,TP Visee,0,0,0
Netherlands,1,MP O'Dowd,J Little,TP Visee,1,0,1
Netherlands,1,TP Visee,J Little,MP O'Dowd,4,0,4
Netherlands,1,TP Visee,J Little,MP O'Dowd,1,0,1
Netherlands,1,MP O'Dowd,J Little,TP Visee,0,0,0
Netherlands,1,MP O'Dowd,J Little,TP Visee,0,0,0
Netherlands,2,TP Visee,PKD Chase,MP O'Dowd,0,1,1
Netherlands,2,TP Visee,PKD Chase,MP O'Dowd,2,0,2
Netherlands,2,TP Visee,PKD Chase,MP O'Dowd,4,0,4
Netherlands,2,TP Visee,PKD Chase,MP O'Dowd,6,0,6
Netherlands,2,TP Visee,PKD Chase,MP O'Dowd,4,0,4
Netherlands,2,TP Visee,PKD Chase,MP O'Dowd,0,1,1
Netherlands,2,TP Visee,PKD Chase,MP O'Dowd,0,2,2
Netherlands,2,MP O'Dowd,PKD Chase,TP Visee,2,0,2
Netherlands,2,MP O'Dowd,PKD Chase,TP Visee,4,0,4
Netherlands,3,TP Visee,WB Rankin,MP O'Dowd,0,0,0
Netherlands,3,TP Visee,WB Rankin,MP O'Dowd,0,0,0
Netherlands,3,TP Visee,WB Rankin,MP O'Dowd,4,0,4
Netherlands,3,TP Visee,WB Rankin,MP O'Dowd,4,0,4
Netherlands,3,TP Visee,WB Rankin,MP O'Dowd,4,0,4
Netherlands,3,TP Visee,WB Rankin,MP O'Dowd,4,0,4
Netherlands,4,MP O'Dowd,J Little,TP Visee,4,0,4
Netherlands,4,MP O'Dowd,J Little,TP Visee,2,0,2
Netherlands,4,MP O'Dowd,J Little,TP Visee,0,0,0
Netherlands,4,MP O'Dowd,J Little,TP Visee,2,0,2
Netherlands,4,MP O'Dowd,J Little,TP Visee,0,0,0
Netherlands,4,MP O'Dowd,J Little,TP Visee,1,0,1
Netherlands,5,MP O'Dowd,GH Dockrell,TP Visee,1,0,1
Netherlands,5,TP Visee,GH Dockrell,MP O'Dowd,0,5,5
Netherlands,5,TP Visee,GH Dockrell,MP O'Dowd,2,0,2
Netherlands,5,TP Visee,GH Dockrell,MP O'Dowd,0,0,0
Netherlands,5,TP Visee,GH Dockrell,MP O'Dowd,1,0,1
Netherlands,5,MP O'Dowd,GH Dockrell,TP Visee,4,0,4
Netherlands,5,MP O'Dowd,GH Dockrell,TP Visee,0,1,1
Netherlands,5,MP O'Dowd,GH Dockrell,TP Visee,0,1,1
Netherlands,5,MP O'Dowd,GH Dockrell,TP Visee,0,0,0
Netherlands,6,TP Visee,Simi Singh,MP O'Dowd,1,0,1
Netherlands,6,MP O'Dowd,Simi Singh,TP Visee,1,0,1
Netherlands,6,TP Visee,Simi Singh,MP O'Dowd,4,0,4
Netherlands,6,TP Visee,Simi Singh,MP O'Dowd,6,0,6
Netherlands,6,TP Visee,Simi Singh,MP O'Dowd,4,0,4
Netherlands,6,TP Visee,Simi Singh,MP O'Dowd,1,0,1
Netherlands,7,TP Visee,GH Dockrell,MP O'Dowd,1,0,1
Netherlands,7,MP O'Dowd,GH Dockrell,TP Visee,1,0,1
Netherlands,7,TP Visee,GH Dockrell,MP O'Dowd,0,0,0
Netherlands,7,TP Visee,GH Dockrell,MP O'Dowd,4,0,4
Netherlands,7,TP Visee,GH Dockrell,MP O'Dowd,1,0,1
Netherlands,7,MP O'Dowd,GH Dockrell,TP Visee,1,0,1
Netherlands,8,MP O'Dowd,SC Getkate,TP Visee,0,0,0
Netherlands,8,MP O'Dowd,SC Getkate,TP Visee,1,0,1
Netherlands,8,TP Visee,SC Getkate,MP O'Dowd,4,0,4
Netherlands,8,TP Visee,SC Getkate,MP O'Dowd,6,0,6
Netherlands,8,TP Visee,SC Getkate,MP O'Dowd,1,0,1
Netherlands,8,MP O'Dowd,SC Getkate,TP Visee,0,0,0
Netherlands,9,TP Visee,GH Dockrell,MP O'Dowd,0,0,0
Netherlands,9,TP Visee,GH Dockrell,MP O'Dowd,0,0,0
Netherlands,9,MP O'Dowd,GH Dockrell,BN Cooper,0,0,0
Netherlands,9,MP O'Dowd,GH Dockrell,BN Cooper,0,0,0
Netherlands,9,MP O'Dowd,GH Dockrell,BN Cooper,0,1,1
Netherlands,9,MP O'Dowd,GH Dockrell,BN Cooper,0,0,0
Netherlands,9,MP O'Dowd,GH Dockrell,BN Cooper,2,0,2
Netherlands,10,BN Cooper,PR Stirling,MP O'Dowd,0,0,0
Netherlands,10,BN Cooper,PR Stirling,MP O'Dowd,1,0,1
Netherlands,10,MP O'Dowd,PR Stirling,BN Cooper,0,0,0
Netherlands,10,MP O'Dowd,PR Stirling,BN Cooper,1,0,1
Netherlands,10,BN Cooper,PR Stirling,MP O'Dowd,1,0,1
Netherlands,10,MP O'Dowd,PR Stirling,BN Cooper,1,0,1
Netherlands,11,MP O'Dowd,SR Thompson,BN Cooper,4,0,4
Netherlands,11,MP O'Dowd,SR Thompson,BN Cooper,4,0,4
Netherlands,11,MP O'Dowd,SR Thompson,BN Cooper,0,0,0
Netherlands,11,W Barresi,SR Thompson,BN Cooper,1,0,1
Netherlands,11,BN Cooper,SR Thompson,W Barresi,0,0,0
Netherlands,11,BN Cooper,SR Thompson,W Barresi,0,0,0
Netherlands,12,W Barresi,PR Stirling,BN Cooper,1,0,1
Netherlands,12,BN Cooper,PR Stirling,W Barresi,1,0,1
Netherlands,12,W Barresi,PR Stirling,BN Cooper,1,0,1
Netherlands,12,BN Cooper,PR Stirling,W Barresi,1,0,1
Netherlands,12,W Barresi,PR Stirling,BN Cooper,0,0,0
Netherlands,12,BN Cooper,PR Stirling,RN ten Doeschate,0,0,0
Netherlands,13,RN ten Doeschate,SR Thompson,BN Cooper,0,0,0
Netherlands,13,RE van der Merwe,SR Thompson,BN Cooper,0,0,0
Netherlands,13,Sikander Zulfiqar,SR Thompson,BN Cooper,4,0,4
Netherlands,13,Sikander Zulfiqar,SR Thompson,BN Cooper,0,0,0
Netherlands,13,Sikander Zulfiqar,SR Thompson,BN Cooper,0,0,0
Netherlands,13,BN Cooper,SR Thompson,PM Seelaar,0,0,0
Netherlands,14,PM Seelaar,PR Stirling,BN Cooper,0,0,0
Netherlands,14,PM Seelaar,PR Stirling,BN Cooper,1,0,1
Netherlands,14,BN Cooper,PR Stirling,PM Seelaar,1,0,1
Netherlands,14,PM Seelaar,PR Stirling,BN Cooper,1,0,1
Netherlands,14,BN Cooper,PR Stirling,PM Seelaar,1,0,1
Netherlands,14,PM Seelaar,PR Stirling,BN Cooper,1,0,1
Netherlands,15,PM Seelaar,SR Thompson,BN Cooper,2,0,2
Netherlands,15,PM Seelaar,SR Thompson,BN Cooper,0,0,0
Netherlands,15,PM Seelaar,SR Thompson,BN Cooper,0,0,0
Netherlands,15,PM Seelaar,SR Thompson,BN Cooper,1,0,1
Netherlands,15,BN Cooper,SR Thompson,PM Seelaar,1,0,1
Netherlands,15,PM Seelaar,SR Thompson,BN Cooper,1,0,1
Netherlands,16,PM Seelaar,WB Rankin,BN Cooper,0,0,0
Netherlands,16,PM Seelaar,WB Rankin,BN Cooper,1,0,1
Netherlands,16,BN Cooper,WB Rankin,PM Seelaar,1,0,1
Netherlands,16,PM Seelaar,WB Rankin,BN Cooper,0,0,0
Netherlands,16,BN Cooper,WB Rankin,T van der Gugten,1,0,1
Netherlands,16,T van der Gugten,WB Rankin,BN Cooper,1,0,1
Netherlands,17,T van der Gugten,J Little,BN Cooper,0,0,0
Netherlands,17,T van der Gugten,J Little,BN Cooper,0,0,0
Netherlands,17,T van der Gugten,J Little,BN Cooper,4,0,4
Netherlands,17,T van der Gugten,J Little,BN Cooper,4,0,4
Netherlands,17,T van der Gugten,J Little,BN Cooper,1,0,1
Netherlands,17,BN Cooper,J Little,T van der Gugten,1,0,1
Netherlands,18,BN Cooper,WB Rankin,T van der Gugten,4,0,4
Netherlands,18,BN Cooper,WB Rankin,T van der Gugten,0,0,0
Netherlands,18,BN Cooper,WB Rankin,T van der Gugten,1,0,1
Netherlands,18,T van der Gugten,WB Rankin,BN Cooper,1,0,1
Netherlands,18,BN Cooper,WB Rankin,T van der Gugten,1,0,1
Netherlands,18,T van der Gugten,WB Rankin,BN Cooper,0,0,0
Netherlands,19,BN Cooper,J Little,FJ Klaassen,1,0,1
Netherlands,19,FJ Klaassen,J Little,BN Cooper,1,0,1
Netherlands,19,BN Cooper,J Little,FJ Klaassen,1,0,1
Netherlands,19,FJ Klaassen,J Little,BN Cooper,4,0,4
Netherlands,19,FJ Klaassen,J Little,BN Cooper,4,0,4
Netherlands,19,FJ Klaassen,J Little,BN Cooper,0,0,0
Ireland,0,PR Stirling,FJ Klaassen,KJ O'Brien,0,1,1
Ireland,0,KJ O'Brien,FJ Klaassen,PR Stirling,0,0,0
Ireland,0,KJ O'Brien,FJ Klaassen,PR Stirling,0,0,0
Ireland,0,KJ O'Brien,FJ Klaassen,PR Stirling,6,0,6
Ireland,0,KJ O'Brien,FJ Klaassen,PR Stirling,4,0,4
Ireland,0,KJ O'Brien,FJ Klaassen,PR Stirling,0,0,0
Ireland,1,PR Stirling,PA van Meekeren,KJ O'Brien,0,0,0
Ireland,1,PR Stirling,PA van Meekeren,KJ O'Brien,1,0,1
Ireland,1,KJ O'Brien,PA van Meekeren,PR Stirling,1,0,1
Ireland,1,PR Stirling,PA van Meekeren,KJ O'Brien,0,0,0
Ireland,1,A Balbirnie,PA van Meekeren,KJ O'Brien,0,0,0
Ireland,1,A Balbirnie,PA van Meekeren,KJ O'Brien,3,0,3
Ireland,2,A Balbirnie,FJ Klaassen,KJ O'Brien,0,0,0
Ireland,2,A Balbirnie,FJ Klaassen,KJ O'Brien,1,0,1
Ireland,2,KJ O'Brien,FJ Klaassen,A Balbirnie,0,0,0
Ireland,2,KJ O'Brien,FJ Klaassen,A Balbirnie,4,0,4
Ireland,2,KJ O'Brien,FJ Klaassen,A Balbirnie,4,0,4
Ireland,2,KJ O'Brien,FJ Klaassen,A Balbirnie,0,0,0
Ireland,3,A Balbirnie,T van der Gugten,KJ O'Brien,0,0,0
Ireland,3,A Balbirnie,T van der Gugten,KJ O'Brien,4,0,4
Ireland,3,A Balbirnie,T van der Gugten,KJ O'Brien,4,0,4
Ireland,3,A Balbirnie,T van der Gugten,KJ O'Brien,0,0,0
Ireland,3,A Balbirnie,T van der Gugten,KJ O'Brien,1,0,1
Ireland,3,KJ O'Brien,T van der Gugten,A Balbirnie,0,0,0
Ireland,4,A Balbirnie,RE van der Merwe,KJ O'Brien,0,0,0
Ireland,4,A Balbirnie,RE van der Merwe,KJ O'Brien,4,0,4
Ireland,4,A Balbirnie,RE van der Merwe,KJ O'Brien,4,0,4
Ireland,4,A Balbirnie,RE van der Merwe,KJ O'Brien,4,0,4
Ireland,4,A Balbirnie,RE van der Merwe,KJ O'Brien,2,0,2
Ireland,4,A Balbirnie,RE van der Merwe,KJ O'Brien,0,0,0
Ireland,5,KJ O'Brien,PA van Meekeren,A Balbirnie,1,0,1
Ireland,5,A Balbirnie,PA van Meekeren,KJ O'Brien,0,0,0
Ireland,5,A Balbirnie,PA van Meekeren,KJ O'Brien,4,0,4
Ireland,5,A Balbirnie,PA van Meekeren,KJ O'Brien,1,0,1
Ireland,5,KJ O'Brien,PA van Meekeren,A Balbirnie,1,0,1
Ireland,5,A Balbirnie,PA van Meekeren,KJ O'Brien,4,0,4
Ireland,6,KJ O'Brien,PM Seelaar,A Balbirnie,6,0,6
Ireland,6,KJ O'Brien,PM Seelaar,A Balbirnie,0,0,0
Ireland,6,KJ O'Brien,PM Seelaar,A Balbirnie,6,0,6
Ireland,6,KJ O'Brien,PM Seelaar,A Balbirnie,4,0,4
Ireland,6,KJ O'Brien,PM Seelaar,A Balbirnie,0,0,0
Ireland,6,KJ O'Brien,PM Seelaar,A Balbirnie,1,0,1
Ireland,7,KJ O'Brien,RE van der Merwe,A Balbirnie,1,0,1
Ireland,7,A Balbirnie,RE van der Merwe,KJ O'Brien,0,0,0
Ireland,7,A Balbirnie,RE van der Merwe,KJ O'Brien,1,0,1
Ireland,7,KJ O'Brien,RE van der Merwe,A Balbirnie,0,0,0
Ireland,7,KJ O'Brien,RE van der Merwe,A Balbirnie,1,0,1
Ireland,7,A Balbirnie,RE van der Merwe,KJ O'Brien,1,0,1
Ireland,8,A Balbirnie,T van der Gugten,KJ O'Brien,2,0,2
Ireland,8,A Balbirnie,T van der Gugten,KJ O'Brien,1,0,1
Ireland,8,KJ O'Brien,T van der Gugten,A Balbirnie,1,0,1
Ireland,8,A Balbirnie,T van der Gugten,KJ O'Brien,1,0,1
Ireland,8,KJ O'Brien,T van der Gugten,A Balbirnie,1,0,1
Ireland,8,A Balbirnie,T van der Gugten,KJ O'Brien,2,0,2
Ireland,9,KJ O'Brien,RE van der Merwe,A Balbirnie,1,0,1
Ireland,9,A Balbirnie,RE van der Merwe,KJ O'Brien,1,0,1
Ireland,9,KJ O'Brien,RE van der Merwe,A Balbirnie,1,0,1
Ireland,9,A Balbirnie,RE van der Merwe,KJ O'Brien,1,0,1
Ireland,9,KJ O'Brien,RE van der Merwe,A Balbirnie,1,0,1
Ireland,9,A Balbirnie,RE van der Merwe,KJ O'Brien,0,0,0
Ireland,10,KJ O'Brien,FJ Klaassen,A Balbirnie,0,0,0
Ireland,10,KJ O'Brien,FJ Klaassen,A Balbirnie,1,0,1
Ireland,10,A Balbirnie,FJ Klaassen,KJ O'Brien,0,0,0
Ireland,10,A Balbirnie,FJ Klaassen,KJ O'Brien,4,0,4
Ireland,10,A Balbirnie,FJ Klaassen,KJ O'Brien,1,0,1
Ireland,10,KJ O'Brien,FJ Klaassen,A Balbirnie,0,0,0
Ireland,11,A Balbirnie,PM Seelaar,SR Thompson,4,0,4
Ireland,11,A Balbirnie,PM Seelaar,SR Thompson,0,0,0
Ireland,11,A Balbirnie,PM Seelaar,SR Thompson,1,0,1
Ireland,11,SR Thompson,PM Seelaar,A Balbirnie,0,0,0
Ireland,11,SR Thompson,PM Seelaar,A Balbirnie,0,0,0
Ireland,11,SR Thompson,PM Seelaar,A Balbirnie,1,0,1
Ireland,12,SR Thompson,T van der Gugten,A Balbirnie,0,1,1
Ireland,12,A Balbirnie,T van der Gugten,SR Thompson,1,0,1
Ireland,12,SR Thompson,T van der Gugten,A Balbirnie,1,0,1
Ireland,12,A Balbirnie,T van der Gugten,SR Thompson,2,0,2
Ireland,12,A Balbirnie,T van der Gugten,SR Thompson,1,0,1
Ireland,12,SR Thompson,T van der Gugten,A Balbirnie,2,0,2
Ireland,13,A Balbirnie,Sikander Zulfiqar,SR Thompson,1,0,1
Ireland,13,SR Thompson,Sikander Zulfiqar,A Balbirnie,0,0,0
Ireland,13,SR Thompson,Sikander Zulfiqar,A Balbirnie,6,0,6
Ireland,13,SR Thompson,Sikander Zulfiqar,A Balbirnie,1,0,1
Ireland,13,A Balbirnie,Sikander Zulfiqar,SR Thompson,1,0,1
Ireland,13,SR Thompson,Sikander Zulfiqar,A Balbirnie,0,0,0
Ireland,14,A Balbirnie,PM Seelaar,SC Getkate,1,0,1
Ireland,14,SC Getkate,PM Seelaar,A Balbirnie,2,0,2
Ireland,14,SC Getkate,PM Seelaar,A Balbirnie,0,0,0
Ireland,14,SC Getkate,PM Seelaar,A Balbirnie,1,0,1
Ireland,14,A Balbirnie,PM Seelaar,SC Getkate,4,0,4
Ireland,14,A Balbirnie,PM Seelaar,SC Getkate,1,0,1
Ireland,15,A Balbirnie,RE van der Merwe,SC Getkate,0,0,0
Ireland,15,A Balbirnie,RE van der Merwe,SC Getkate,6,0,6
Ireland,15,A Balbirnie,RE van der Merwe,SC Getkate,4,0,4
Ireland,15,A Balbirnie,RE van der Merwe,SC Getkate,0,0,0
Ireland,15,A Balbirnie,RE van der Merwe,SC Getkate,1,0,1
Ireland,15,SC Getkate,RE van der Merwe,A Balbirnie,1,0,1
Ireland,16,SC Getkate,PA van Meekeren,A Balbirnie,0,1,1
Ireland,16,SC Getkate,PA van Meekeren,A Balbirnie,0,0,0
Ireland,16,A Balbirnie,PA van Meekeren,GH Dockrell,4,0,4
Ireland,16,A Balbirnie,PA van Meekeren,GH Dockrell,0,0,0
Ireland,16,GH Dockrell,PA van Meekeren,Simi Singh,4,0,4
Ireland,16,GH Dockrell,PA van Meekeren,Simi Singh,1,0,1
Ireland,16,Simi Singh,PA van Meekeren,GH Dockrell,0,0,0
Ireland,17,GH Dockrell,T van der Gugten,Simi Singh,1,0,1
Ireland,17,Simi Singh,T van der Gugten,GH Dockrell,4,0,4
Ireland,17,Simi Singh,T van der Gugten,GH Dockrell,1,0,1
Ireland,17,GH Dockrell,T van der Gugten,Simi Singh,1,0,1
Ireland,17,Simi Singh,T van der Gugten,GH Dockrell,1,0,1
Ireland,17,GH Dockrell,T van der Gugten,Simi Singh,4,0,4
Ireland,18,Simi Singh,FJ Klaassen,GH Dockrell,2,0,2
Ireland,18,Simi Singh,FJ Klaassen,GH Dockrell,0,0,0
Ireland,18,GH Dockrell,FJ Klaassen,SW Poynter,1,0,1
Ireland,18,SW Poynter,FJ Klaassen,GH Dockrell,1,0,1
Ireland,18,GH Dockrell,FJ Klaassen,SW Poynter,0,0,0
Ireland,18,J Little,FJ Klaassen,SW Poynter,2,0,2
Ireland,19,SW Poynter,PA van Meekeren,J Little,1,0,1
Ireland,19,J Little,PA van Meekeren,SW Poynter,4,0,4
Ireland,19,J Little,PA van Meekeren,SW Poynter,1,0,1
Ireland,19,WB Rankin,PA van Meekeren,SW Poynter,0,0,0
Ireland,19,SW Poynter,PA van Meekeren,PKD Chase,0,0,0
Ireland,19,SW Poynter,PA van Meekeren,PKD Chase,6,0,6
