Team,Over,Batter,Bowler,Non_Striker,Batter_Runs,Extras,Total_Runs
Oman,0,Naseem Khushi,AC Evans,Jatinder Singh,0,0,0
Oman,0,Naseem Khushi,AC Evans,Jatinder Singh,0,0,0
Oman,0,Naseem Khushi,AC Evans,Jatinder Singh,0,0,0
Oman,0,Naseem Khushi,AC Evans,Jatinder Singh,0,0,0
Oman,0,Naseem Khushi,AC Evans,Jatinder Singh,0,0,0
Oman,0,Naseem Khushi,AC Evans,Jatinder Singh,0,0,0
Oman,1,Jatinder Singh,SM Sharif,Wasim Ali,1,0,1
Oman,1,Wasim Ali,SM Sharif,Jatinder Singh,0,0,0
Oman,1,Wasim Ali,SM Sharif,Jatinder Singh,0,0,0
Oman,1,Wasim Ali,SM Sharif,Jatinder Singh,0,0,0
Oman,1,Wasim Ali,SM Sharif,Jatinder Singh,1,0,1
Oman,1,Jatinder Singh,SM Sharif,Wasim Ali,0,0,0
Oman,2,Jatinder Singh,AC Evans,Khurram Nawaz,0,0,0
Oman,2,Jatinder Singh,AC Evans,Khurram Nawaz,0,0,0
Oman,2,Jatinder Singh,AC Evans,Khurram Nawaz,0,0,0
Oman,2,Jatinder Singh,AC Evans,Khurram Nawaz,0,0,0
Oman,2,Jatinder Singh,AC Evans,Khurram Nawaz,1,0,1
Oman,2,Khurram Nawaz,AC Evans,Jatinder Singh,1,0,1
Oman,3,Khurram Nawaz,A Neill,Jatinder Singh,1,0,1
Oman,3,Jatinder Singh,A Neill,Khurram Nawaz,0,1,1
Oman,3,Jatinder Singh,A Neill,Khurram Nawaz,0,0,0
Oman,3,Mohammad Nadeem,A Neill,Khurram Nawaz,1,0,1
Oman,3,Khurram Nawaz,A Neill,Mohammad Nadeem,1,0,1
Oman,3,Mohammad Nadeem,A Neill,Khurram Nawaz,0,0,0
Oman,3,Mohammad Nadeem,A Neill,Khurram Nawaz,0,0,0
Oman,4,Khurram Nawaz,SM Sharif,Mohammad Nadeem,0,0,0
Oman,4,Khurram Nawaz,SM Sharif,Mohammad Nadeem,0,0,0
Oman,4,Khurram Nawaz,SM Sharif,Mohammad Nadeem,1,0,1
Oman,4,Mohammad Nadeem,SM Sharif,Khurram Nawaz,0,0,0
Oman,4,Mohammad Nadeem,SM Sharif,Khurram Nawaz,0,0,0
Oman,4,Mohammad Nadeem,SM Sharif,Khurram Nawaz,0,0,0
Oman,5,Khurram Nawaz,A Neill,Mohammad Nadeem,0,0,0
Oman,5,Khurram Nawaz,A Neill,Mohammad Nadeem,4,0,4
Oman,5,Khurram Nawaz,A Neill,Mohammad Nadeem,0,0,0
Oman,5,Khurram Nawaz,A Neill,Mohammad Nadeem,0,0,0
Oman,5,Mohammad Nadeem,A Neill,AV Lalcheta,0,0,0
Oman,5,Mohammad Nadeem,A Neill,AV Lalcheta,4,0,4
Oman,6,AV Lalcheta,RD Berrington,Mohammad Nadeem,0,0,0
Oman,6,AV Lalcheta,RD Berrington,Mohammad Nadeem,0,1,1
Oman,6,AV Lalcheta,RD Berrington,Mohammad Nadeem,0,0,0
Oman,6,AV Lalcheta,RD Berrington,Mohammad Nadeem,0,1,1
Oman,6,AV Lalcheta,RD Berrington,Mohammad Nadeem,0,1,1
Oman,6,AV Lalcheta,RD Berrington,Mohammad Nadeem,0,0,0
Oman,6,AV Lalcheta,RD Berrington,Mohammad Nadeem,0,0,0
Oman,6,AV Lalcheta,RD Berrington,Mohammad Nadeem,2,0,2
Oman,6,AV Lalcheta,RD Berrington,Mohammad Nadeem,1,0,1
Oman,7,AV Lalcheta,A Neill,Mohammad Nadeem,1,0,1
Oman,7,Mohammad Nadeem,A Neill,AV Lalcheta,1,0,1
Oman,7,AV Lalcheta,A Neill,Mohammad Nadeem,1,0,1
Oman,7,Mohammad Nadeem,A Neill,AV Lalcheta,0,0,0
Oman,7,Mohammad Nadeem,A Neill,AV Lalcheta,0,1,1
Oman,7,Mohammad Nadeem,A Neill,AV Lalcheta,1,0,1
Oman,7,AV Lalcheta,A Neill,Mohammad Nadeem,0,0,0
Oman,8,Mohammad Nadeem,RD Berrington,AV Lalcheta,1,0,1
Oman,8,AV Lalcheta,RD Berrington,Mohammad Nadeem,1,0,1
Oman,8,Mohammad Nadeem,RD Berrington,AV Lalcheta,1,0,1
Oman,8,AV Lalcheta,RD Berrington,Mohammad Nadeem,6,0,6
Oman,8,AV Lalcheta,RD Berrington,Mohammad Nadeem,0,0,0
Oman,8,AV Lalcheta,RD Berrington,Mohammad Nadeem,1,0,1
Oman,9,AV Lalcheta,MRJ Watt,Mohammad Nadeem,0,0,0
Oman,9,Mohammad Nadeem,MRJ Watt,Sufyan Mehmood,1,0,1
Oman,9,Sufyan Mehmood,MRJ Watt,Mohammad Nadeem,1,0,1
Oman,9,Mohammad Nadeem,MRJ Watt,Sufyan Mehmood,0,0,0
Oman,9,Mohammad Nadeem,MRJ Watt,Sufyan Mehmood,1,0,1
Oman,9,Sufyan Mehmood,MRJ Watt,Mohammad Nadeem,1,0,1
Oman,10,Sufyan Mehmood,AC Evans,Mohammad Nadeem,1,0,1
Oman,10,Mohammad Nadeem,AC Evans,Sufyan Mehmood,0,0,0
Oman,10,Mohammad Nadeem,AC Evans,Sufyan Mehmood,0,0,0
Oman,10,Mohammad Nadeem,AC Evans,Sufyan Mehmood,2,0,2
Oman,10,Mohammad Nadeem,AC Evans,Sufyan Mehmood,0,0,0
Oman,10,Mohammad Nadeem,AC Evans,Sufyan Mehmood,1,0,1
Oman,11,Mohammad Nadeem,MRJ Watt,Sufyan Mehmood,1,0,1
Oman,11,Sufyan Mehmood,MRJ Watt,Mohammad Nadeem,1,0,1
Oman,11,Mohammad Nadeem,MRJ Watt,Sufyan Mehmood,4,0,4
Oman,11,Mohammad Nadeem,MRJ Watt,Sufyan Mehmood,0,0,0
Oman,11,Mohammad Nadeem,MRJ Watt,Sufyan Mehmood,0,0,0
Oman,11,Mohammad Nadeem,MRJ Watt,Sufyan Mehmood,1,0,1
Oman,12,Mohammad Nadeem,RD Berrington,Sufyan Mehmood,1,0,1
Oman,12,Sufyan Mehmood,RD Berrington,Mohammad Nadeem,0,0,0
Oman,12,Sufyan Mehmood,RD Berrington,Mohammad Nadeem,1,0,1
Oman,12,Mohammad Nadeem,RD Berrington,Sufyan Mehmood,1,0,1
Oman,12,Sufyan Mehmood,RD Berrington,Mohammad Nadeem,1,0,1
Oman,12,Mohammad Nadeem,RD Berrington,Sufyan Mehmood,0,0,0
Oman,13,Sufyan Mehmood,MRJ Watt,Mohammad Nadeem,0,0,0
Oman,13,Sufyan Mehmood,MRJ Watt,Mohammad Nadeem,0,0,0
Oman,13,Sandeep Goud,MRJ Watt,Mohammad Nadeem,1,0,1
Oman,13,Mohammad Nadeem,MRJ Watt,Sandeep Goud,2,0,2
Oman,13,Mohammad Nadeem,MRJ Watt,Sandeep Goud,1,0,1
Oman,13,Sandeep Goud,MRJ Watt,Mohammad Nadeem,1,0,1
Oman,14,Sandeep Goud,RD Berrington,Mohammad Nadeem,1,0,1
Oman,14,Mohammad Nadeem,RD Berrington,Sandeep Goud,0,0,0
Oman,14,Mohammad Nadeem,RD Berrington,Sandeep Goud,1,0,1
Oman,14,Sandeep Goud,RD Berrington,Mohammad Nadeem,1,0,1
Oman,14,Mohammad Nadeem,RD Berrington,Sandeep Goud,1,0,1
Oman,14,Sandeep Goud,RD Berrington,Mohammad Nadeem,6,0,6
Oman,15,Mohammad Nadeem,MRJ Watt,Sandeep Goud,1,0,1
Oman,15,Sandeep Goud,MRJ Watt,Mohammad Nadeem,1,0,1
Oman,15,Mohammad Nadeem,MRJ Watt,Sandeep Goud,0,0,0
Oman,15,Mohammad Nadeem,MRJ Watt,Sandeep Goud,1,0,1
Oman,15,Sandeep Goud,MRJ Watt,Mohammad Nadeem,1,0,1
Oman,15,Mohammad Nadeem,MRJ Watt,Sandeep Goud,0,0,0
Oman,16,Sandeep Goud,SM Sharif,Mehran Khan,4,0,4
Oman,16,Sandeep Goud,SM Sharif,Mehran Khan,1,0,1
Oman,16,Mehran Khan,SM Sharif,Sandeep Goud,2,0,2
Oman,16,Mehran Khan,SM Sharif,Sandeep Goud,0,0,0
Oman,16,Mehran Khan,SM Sharif,Sandeep Goud,6,0,6
Oman,16,Mehran Khan,SM Sharif,Sandeep Goud,0,1,1
Oman,17,Mehran Khan,A Neill,Sandeep Goud,0,0,0
Oman,17,Fayyaz Butt,A Neill,Sandeep Goud,1,0,1
Oman,17,Sandeep Goud,A Neill,Fayyaz Butt,1,0,1
Oman,17,Fayyaz Butt,A Neill,Sandeep Goud,0,0,0
Oman,17,Fayyaz Butt,A Neill,Sandeep Goud,1,0,1
Oman,17,Sandeep Goud,A Neill,Fayyaz Butt,1,0,1
Oman,18,Sandeep Goud,SM Sharif,Fayyaz Butt,0,0,0
Oman,18,Sandeep Goud,SM Sharif,Fayyaz Butt,6,0,6
Oman,18,Sandeep Goud,SM Sharif,Fayyaz Butt,1,0,1
Oman,18,Fayyaz Butt,SM Sharif,Sandeep Goud,0,1,1
Oman,18,Fayyaz Butt,SM Sharif,Sandeep Goud,1,0,1
Oman,18,Sandeep Goud,SM Sharif,Fayyaz Butt,4,0,4
Oman,18,Sandeep Goud,SM Sharif,Fayyaz Butt,0,0,0
Oman,19,Fayyaz Butt,AC Evans,Sandeep Goud,0,0,0
Oman,19,Sandeep Goud,AC Evans,Bilal Khan,0,0,0
Oman,19,Sandeep Goud,AC Evans,Bilal Khan,0,1,1
Oman,19,Sandeep Goud,AC Evans,Bilal Khan,0,1,1
Oman,19,Sandeep Goud,AC Evans,Bilal Khan,0,1,1
Oman,19,Sandeep Goud,AC Evans,Bilal Khan,1,0,1
Scotland,0,HG Munsey,Bilal Khan,KJ Coetzer,0,0,0
Scotland,0,HG Munsey,Bilal Khan,KJ Coetzer,0,0,0
Scotland,0,HG Munsey,Bilal Khan,KJ Coetzer,4,0,4
Scotland,0,HG Munsey,Bilal Khan,KJ Coetzer,0,1,1
Scotland,0,HG Munsey,Bilal Khan,KJ Coetzer,4,0,4
Scotland,0,HG Munsey,Bilal Khan,KJ Coetzer,6,0,6
Scotland,0,HG Munsey,Bilal Khan,KJ Coetzer,0,0,0
Scotland,1,KJ Coetzer,Fayyaz Butt,HG Munsey,0,1,1
Scotland,1,KJ Coetzer,Fayyaz Butt,HG Munsey,1,0,1
Scotland,1,HG Munsey,Fayyaz Butt,KJ Coetzer,1,0,1
Scotland,1,KJ Coetzer,Fayyaz Butt,HG Munsey,0,1,1
Scotland,1,KJ Coetzer,Fayyaz Butt,HG Munsey,0,4,4
Scotland,1,KJ Coetzer,Fayyaz Butt,HG Munsey,0,0,0
Scotland,1,KJ Coetzer,Fayyaz Butt,HG Munsey,0,0,0
Scotland,1,KJ Coetzer,Fayyaz Butt,HG Munsey,0,0,0
Scotland,2,HG Munsey,Mohammad Nadeem,KJ Coetzer,1,0,1
Scotland,2,KJ Coetzer,Mohammad Nadeem,HG Munsey,0,1,1
Scotland,2,HG Munsey,Mohammad Nadeem,KJ Coetzer,0,0,0
Scotland,2,MH Cross,Mohammad Nadeem,KJ Coetzer,0,0,0
Scotland,2,MH Cross,Mohammad Nadeem,KJ Coetzer,1,0,1
Scotland,2,KJ Coetzer,Mohammad Nadeem,MH Cross,0,0,0
Scotland,3,MH Cross,Fayyaz Butt,KJ Coetzer,1,0,1
Scotland,3,KJ Coetzer,Fayyaz Butt,MH Cross,0,0,0
Scotland,3,KJ Coetzer,Fayyaz Butt,MH Cross,1,0,1
Scotland,3,MH Cross,Fayyaz Butt,KJ Coetzer,0,0,0
Scotland,3,MH Cross,Fayyaz Butt,KJ Coetzer,1,0,1
Scotland,3,KJ Coetzer,Fayyaz Butt,MH Cross,1,0,1
Scotland,4,KJ Coetzer,Mohammad Nadeem,MH Cross,0,0,0
Scotland,4,KJ Coetzer,Mohammad Nadeem,MH Cross,0,0,0
Scotland,4,KJ Coetzer,Mohammad Nadeem,MH Cross,0,0,0
Scotland,4,CS MacLeod,Mohammad Nadeem,MH Cross,4,0,4
Scotland,4,CS MacLeod,Mohammad Nadeem,MH Cross,0,0,0
Scotland,4,CS MacLeod,Mohammad Nadeem,MH Cross,0,0,0
Scotland,5,MH Cross,Bilal Khan,CS MacLeod,0,0,0
Scotland,5,MH Cross,Bilal Khan,CS MacLeod,1,0,1
Scotland,5,CS MacLeod,Bilal Khan,MH Cross,0,0,0
Scotland,5,CS MacLeod,Bilal Khan,MH Cross,0,0,0
Scotland,5,CS MacLeod,Bilal Khan,MH Cross,0,0,0
Scotland,5,CS MacLeod,Bilal Khan,MH Cross,0,0,0
Scotland,6,MH Cross,Mohammad Nadeem,CS MacLeod,0,0,0
Scotland,6,MH Cross,Mohammad Nadeem,CS MacLeod,1,0,1
Scotland,6,CS MacLeod,Mohammad Nadeem,MH Cross,1,0,1
Scotland,6,MH Cross,Mohammad Nadeem,CS MacLeod,0,0,0
Scotland,6,MH Cross,Mohammad Nadeem,CS MacLeod,4,0,4
Scotland,6,MH Cross,Mohammad Nadeem,CS MacLeod,1,0,1
Scotland,7,MH Cross,Bilal Khan,CS MacLeod,0,0,0
Scotland,7,RD Berrington,Bilal Khan,CS MacLeod,0,0,0
Scotland,7,RD Berrington,Bilal Khan,CS MacLeod,1,0,1
Scotland,7,CS MacLeod,Bilal Khan,RD Berrington,0,0,0
Scotland,7,CS MacLeod,Bilal Khan,RD Berrington,4,0,4
Scotland,7,CS MacLeod,Bilal Khan,RD Berrington,0,0,0
Scotland,8,RD Berrington,Sandeep Goud,CS MacLeod,0,0,0
Scotland,8,RD Berrington,Sandeep Goud,CS MacLeod,0,0,0
Scotland,8,RD Berrington,Sandeep Goud,CS MacLeod,0,0,0
Scotland,8,RD Berrington,Sandeep Goud,CS MacLeod,4,0,4
Scotland,8,RD Berrington,Sandeep Goud,CS MacLeod,0,0,0
Scotland,8,RD Berrington,Sandeep Goud,CS MacLeod,0,0,0
Scotland,9,CS MacLeod,Bilal Khan,RD Berrington,4,0,4
Scotland,9,CS MacLeod,Bilal Khan,RD Berrington,0,0,0
Scotland,9,CS MacLeod,Bilal Khan,RD Berrington,4,0,4
Scotland,9,CS MacLeod,Bilal Khan,RD Berrington,1,0,1
Scotland,9,RD Berrington,Bilal Khan,CS MacLeod,0,1,1
Scotland,9,RD Berrington,Bilal Khan,CS MacLeod,0,0,0
Scotland,9,RD Berrington,Bilal Khan,CS MacLeod,4,0,4
Scotland,10,CS MacLeod,Sandeep Goud,RD Berrington,0,0,0
Scotland,10,CS MacLeod,Sandeep Goud,RD Berrington,1,0,1
Scotland,10,RD Berrington,Sandeep Goud,CS MacLeod,4,0,4
Scotland,10,RD Berrington,Sandeep Goud,CS MacLeod,1,0,1
Scotland,10,CS MacLeod,Sandeep Goud,RD Berrington,1,0,1
Scotland,10,RD Berrington,Sandeep Goud,CS MacLeod,1,0,1
Scotland,11,RD Berrington,Wasim Ali,CS MacLeod,1,0,1
Scotland,11,CS MacLeod,Wasim Ali,RD Berrington,1,0,1
Scotland,11,RD Berrington,Wasim Ali,CS MacLeod,0,0,0
Scotland,11,RD Berrington,Wasim Ali,CS MacLeod,1,0,1
Scotland,11,CS MacLeod,Wasim Ali,RD Berrington,1,0,1
Scotland,11,RD Berrington,Wasim Ali,CS MacLeod,1,0,1
Scotland,12,RD Berrington,Sufyan Mehmood,CS MacLeod,1,0,1
Scotland,12,CS MacLeod,Sufyan Mehmood,RD Berrington,1,0,1
Scotland,12,RD Berrington,Sufyan Mehmood,CS MacLeod,1,0,1
Scotland,12,CS MacLeod,Sufyan Mehmood,RD Berrington,1,0,1
Scotland,12,RD Berrington,Sufyan Mehmood,CS MacLeod,4,0,4
Scotland,12,RD Berrington,Sufyan Mehmood,CS MacLeod,1,0,1
Scotland,13,RD Berrington,Wasim Ali,CS MacLeod,6,0,6
Scotland,13,RD Berrington,Wasim Ali,CS MacLeod,0,0,0
Scotland,13,RD Berrington,Wasim Ali,CS MacLeod,4,0,4
Scotland,13,RD Berrington,Wasim Ali,CS MacLeod,1,0,1
Scotland,13,CS MacLeod,Wasim Ali,RD Berrington,0,0,0
Scotland,13,CS MacLeod,Wasim Ali,RD Berrington,0,0,0
Scotland,14,RD Berrington,Mohammad Nadeem,CS MacLeod,1,0,1
Scotland,14,CS MacLeod,Mohammad Nadeem,RD Berrington,0,0,0
Scotland,14,CS MacLeod,Mohammad Nadeem,RD Berrington,4,0,4
Scotland,14,CS MacLeod,Mohammad Nadeem,RD Berrington,1,0,1
Scotland,14,RD Berrington,Mohammad Nadeem,CS MacLeod,0,0,0
Scotland,14,RD Berrington,Mohammad Nadeem,CS MacLeod,6,0,6
Scotland,15,CS MacLeod,Fayyaz Butt,RD Berrington,0,0,0
Scotland,15,CS MacLeod,Fayyaz Butt,RD Berrington,0,1,1
Scotland,15,RD Berrington,Fayyaz Butt,CS MacLeod,4,0,4
