Team,Over,Batter,Bowler,Non_Striker,Batter_Runs,Extras,Total_Runs
Australia,0,AJ Healy,LM Kasperek,BL Mooney,1,0,1
Australia,0,BL Mooney,LM Kasperek,AJ Healy,1,0,1
Australia,0,AJ Healy,LM Kasperek,BL Mooney,2,0,2
Australia,0,AJ Healy,LM Kasperek,BL Mooney,0,0,0
Australia,0,AJ Healy,LM Kasperek,BL Mooney,1,0,1
Australia,0,BL Mooney,LM Kasperek,AJ Healy,1,0,1
Australia,1,BL Mooney,LMM Tahuhu,AJ Healy,0,0,0
Australia,1,BL Mooney,LMM Tahuhu,AJ Healy,4,0,4
Australia,1,BL Mooney,LMM Tahuhu,AJ Healy,0,0,0
Australia,1,BL Mooney,LMM Tahuhu,AJ Healy,0,0,0
Australia,1,BL Mooney,LMM Tahuhu,AJ Healy,4,0,4
Australia,1,BL Mooney,LMM Tahuhu,AJ Healy,0,0,0
Australia,2,AJ Healy,HNK Jensen,BL Mooney,1,0,1
Australia,2,BL Mooney,HNK Jensen,AJ Healy,1,0,1
Australia,2,AJ Healy,HNK Jensen,BL Mooney,0,0,0
Australia,2,AJ Healy,HNK Jensen,BL Mooney,4,0,4
Australia,2,AJ Healy,HNK Jensen,BL Mooney,0,0,0
Australia,2,AJ Healy,HNK Jensen,BL Mooney,0,0,0
Australia,3,BL Mooney,RA Mair,MM Lanning,0,0,0
Australia,3,BL Mooney,RA Mair,MM Lanning,0,0,0
Australia,3,BL Mooney,RA Mair,MM Lanning,1,0,1
Australia,3,MM Lanning,RA Mair,BL Mooney,0,0,0
Australia,3,MM Lanning,RA Mair,BL Mooney,0,0,0
Australia,3,MM Lanning,RA Mair,BL Mooney,1,0,1
Australia,4,MM Lanning,SFM Devine,BL Mooney,0,0,0
Australia,4,MM Lanning,SFM Devine,BL Mooney,0,1,1
Australia,4,MM Lanning,SFM Devine,BL Mooney,4,0,4
Australia,4,MM Lanning,SFM Devine,BL Mooney,1,0,1
Australia,4,BL Mooney,SFM Devine,MM Lanning,0,0,0
Australia,4,BL Mooney,SFM Devine,MM Lanning,4,0,4
Australia,4,BL Mooney,SFM Devine,MM Lanning,1,0,1
Australia,5,BL Mooney,AC Kerr,MM Lanning,1,0,1
Australia,5,MM Lanning,AC Kerr,BL Mooney,0,0,0
Australia,5,MM Lanning,AC Kerr,BL Mooney,0,0,0
Australia,5,MM Lanning,AC Kerr,BL Mooney,0,0,0
Australia,5,MM Lanning,AC Kerr,BL Mooney,4,0,4
Australia,5,MM Lanning,AC Kerr,BL Mooney,0,0,0
Australia,6,BL Mooney,HNK Jensen,MM Lanning,1,0,1
Australia,6,MM Lanning,HNK Jensen,BL Mooney,1,0,1
Australia,6,BL Mooney,HNK Jensen,MM Lanning,1,0,1
Australia,6,MM Lanning,HNK Jensen,BL Mooney,1,0,1
Australia,6,BL Mooney,HNK Jensen,MM Lanning,1,0,1
Australia,6,MM Lanning,HNK Jensen,BL Mooney,1,0,1
Australia,7,MM Lanning,AM Peterson,BL Mooney,4,0,4
Australia,7,MM Lanning,AM Peterson,BL Mooney,4,0,4
Australia,7,MM Lanning,AM Peterson,BL Mooney,0,0,0
Australia,7,A Gardner,AM Peterson,BL Mooney,1,0,1
Australia,7,BL Mooney,AM Peterson,A Gardner,0,0,0
Australia,7,BL Mooney,AM Peterson,A Gardner,0,0,0
Australia,8,A Gardner,RA Mair,BL Mooney,1,0,1
Australia,8,BL Mooney,RA Mair,A Gardner,6,0,6
Australia,8,BL Mooney,RA Mair,A Gardner,1,0,1
Australia,8,A Gardner,RA Mair,BL Mooney,4,0,4
Australia,8,A Gardner,RA Mair,BL Mooney,1,0,1
Australia,8,BL Mooney,RA Mair,A Gardner,0,1,1
Australia,8,BL Mooney,RA Mair,A Gardner,1,0,1
Australia,9,BL Mooney,AM Peterson,A Gardner,0,0,0
Australia,9,BL Mooney,AM Peterson,A Gardner,6,0,6
Australia,9,BL Mooney,AM Peterson,A Gardner,1,0,1
Australia,9,A Gardner,AM Peterson,BL Mooney,1,0,1
Australia,9,BL Mooney,AM Peterson,A Gardner,0,0,0
Australia,9,BL Mooney,AM Peterson,A Gardner,1,0,1
Australia,10,BL Mooney,LM Kasperek,A Gardner,0,0,0
Australia,10,BL Mooney,LM Kasperek,A Gardner,0,0,0
Australia,10,BL Mooney,LM Kasperek,A Gardner,0,0,0
Australia,10,BL Mooney,LM Kasperek,A Gardner,1,0,1
Australia,10,A Gardner,LM Kasperek,BL Mooney,4,0,4
Australia,10,A Gardner,LM Kasperek,BL Mooney,1,0,1
Australia,11,A Gardner,AC Kerr,BL Mooney,0,1,1
Australia,11,A Gardner,AC Kerr,BL Mooney,0,0,0
Australia,11,A Gardner,AC Kerr,BL Mooney,1,0,1
Australia,11,BL Mooney,AC Kerr,A Gardner,0,0,0
Australia,11,BL Mooney,AC Kerr,A Gardner,1,0,1
Australia,11,A Gardner,AC Kerr,BL Mooney,0,0,0
Australia,11,A Gardner,AC Kerr,BL Mooney,0,0,0
Australia,12,BL Mooney,SFM Devine,A Gardner,1,0,1
Australia,12,A Gardner,SFM Devine,BL Mooney,0,0,0
Australia,12,A Gardner,SFM Devine,BL Mooney,1,0,1
Australia,12,BL Mooney,SFM Devine,A Gardner,0,0,0
Australia,12,BL Mooney,SFM Devine,A Gardner,0,1,1
Australia,12,BL Mooney,SFM Devine,A Gardner,4,0,4
Australia,12,BL Mooney,SFM Devine,A Gardner,4,0,4
Australia,13,A Gardner,AC Kerr,BL Mooney,1,0,1
Australia,13,BL Mooney,AC Kerr,A Gardner,1,0,1
Australia,13,A Gardner,AC Kerr,BL Mooney,0,0,0
Australia,13,A Gardner,AC Kerr,BL Mooney,0,0,0
Australia,13,A Gardner,AC Kerr,BL Mooney,1,0,1
Australia,13,BL Mooney,AC Kerr,A Gardner,0,0,0
Australia,14,A Gardner,LM Kasperek,BL Mooney,2,0,2
Australia,14,A Gardner,LM Kasperek,BL Mooney,1,0,1
Australia,14,BL Mooney,LM Kasperek,A Gardner,1,0,1
Australia,14,A Gardner,LM Kasperek,BL Mooney,0,0,0
Australia,14,EA Perry,LM Kasperek,BL Mooney,1,0,1
Australia,14,BL Mooney,LM Kasperek,EA Perry,4,0,4
Australia,15,EA Perry,AM Peterson,BL Mooney,0,0,0
Australia,15,EA Perry,AM Peterson,BL Mooney,1,0,1
Australia,15,BL Mooney,AM Peterson,EA Perry,1,0,1
Australia,15,EA Perry,AM Peterson,BL Mooney,1,0,1
Australia,15,BL Mooney,AM Peterson,EA Perry,1,0,1
Australia,15,EA Perry,AM Peterson,BL Mooney,1,0,1
Australia,16,EA Perry,LM Kasperek,BL Mooney,1,0,1
Australia,16,BL Mooney,LM Kasperek,EA Perry,2,0,2
Australia,16,BL Mooney,LM Kasperek,EA Perry,0,0,0
Australia,16,BL Mooney,LM Kasperek,EA Perry,1,0,1
Australia,16,EA Perry,LM Kasperek,BL Mooney,3,0,3
Australia,16,BL Mooney,LM Kasperek,EA Perry,1,0,1
Australia,17,BL Mooney,AM Peterson,EA Perry,0,0,0
Australia,17,EA Perry,AM Peterson,RL Haynes,1,0,1
Australia,17,RL Haynes,AM Peterson,EA Perry,1,0,1
Australia,17,EA Perry,AM Peterson,RL Haynes,4,0,4
Australia,17,EA Perry,AM Peterson,RL Haynes,1,0,1
Australia,17,RL Haynes,AM Peterson,EA Perry,1,0,1
Australia,18,RL Haynes,HNK Jensen,EA Perry,1,0,1
Australia,18,EA Perry,HNK Jensen,RL Haynes,1,0,1
Australia,18,RL Haynes,HNK Jensen,EA Perry,4,0,4
Australia,18,RL Haynes,HNK Jensen,EA Perry,1,0,1
Australia,18,EA Perry,HNK Jensen,RL Haynes,1,0,1
Australia,18,RL Haynes,HNK Jensen,EA Perry,6,0,6
Australia,19,EA Perry,AC Kerr,RL Haynes,4,0,4
Australia,19,EA Perry,AC Kerr,RL Haynes,1,0,1
Australia,19,RL Haynes,AC Kerr,EA Perry,4,0,4
Australia,19,RL Haynes,AC Kerr,EA Perry,1,0,1
Australia,19,EA Perry,AC Kerr,RL Haynes,0,0,0
Australia,19,NJ Carey,AC Kerr,RL Haynes,1,0,1
New Zealand,0,RH Priest,ML Schutt,SFM Devine,0,1,1
New Zealand,0,RH Priest,ML Schutt,SFM Devine,2,0,2
New Zealand,0,RH Priest,ML Schutt,SFM Devine,1,0,1
New Zealand,0,SFM Devine,ML Schutt,RH Priest,0,0,0
New Zealand,0,SFM Devine,ML Schutt,RH Priest,0,0,0
New Zealand,0,SFM Devine,ML Schutt,RH Priest,0,0,0
New Zealand,0,SFM Devine,ML Schutt,RH Priest,0,0,0
New Zealand,1,RH Priest,EA Perry,SFM Devine,0,0,0
New Zealand,1,RH Priest,EA Perry,SFM Devine,0,1,1
New Zealand,1,RH Priest,EA Perry,SFM Devine,4,0,4
New Zealand,1,RH Priest,EA Perry,SFM Devine,0,0,0
New Zealand,1,RH Priest,EA Perry,SFM Devine,0,0,0
New Zealand,1,RH Priest,EA Perry,SFM Devine,4,0,4
New Zealand,1,RH Priest,EA Perry,SFM Devine,0,0,0
New Zealand,2,SFM Devine,ML Schutt,RH Priest,1,0,1
New Zealand,2,RH Priest,ML Schutt,SFM Devine,0,0,0
New Zealand,2,RH Priest,ML Schutt,SFM Devine,0,0,0
New Zealand,2,RH Priest,ML Schutt,SFM Devine,4,0,4
New Zealand,2,RH Priest,ML Schutt,SFM Devine,1,0,1
New Zealand,2,SFM Devine,ML Schutt,RH Priest,4,0,4
New Zealand,3,RH Priest,JL Jonassen,SFM Devine,1,0,1
New Zealand,3,SFM Devine,JL Jonassen,RH Priest,0,0,0
New Zealand,3,SFM Devine,JL Jonassen,RH Priest,0,0,0
New Zealand,3,SFM Devine,JL Jonassen,RH Priest,1,0,1
New Zealand,3,RH Priest,JL Jonassen,SFM Devine,0,0,0
New Zealand,3,SW Bates,JL Jonassen,SFM Devine,0,0,0
New Zealand,4,SFM Devine,EA Perry,SW Bates,1,0,1
New Zealand,4,SW Bates,EA Perry,SFM Devine,0,0,0
New Zealand,4,SW Bates,EA Perry,SFM Devine,0,0,0
New Zealand,4,SW Bates,EA Perry,SFM Devine,4,0,4
New Zealand,4,SW Bates,EA Perry,SFM Devine,1,0,1
New Zealand,4,SFM Devine,EA Perry,SW Bates,0,0,0
New Zealand,5,SW Bates,JL Jonassen,SFM Devine,1,0,1
New Zealand,5,SFM Devine,JL Jonassen,SW Bates,0,0,0
New Zealand,5,SFM Devine,JL Jonassen,SW Bates,0,0,0
New Zealand,5,SFM Devine,JL Jonassen,SW Bates,2,0,2
New Zealand,5,SFM Devine,JL Jonassen,SW Bates,4,0,4
New Zealand,5,SFM Devine,JL Jonassen,SW Bates,1,0,1
New Zealand,6,SFM Devine,NJ Carey,SW Bates,1,0,1
New Zealand,6,SW Bates,NJ Carey,SFM Devine,0,0,0
New Zealand,6,SW Bates,NJ Carey,SFM Devine,0,0,0
New Zealand,6,SW Bates,NJ Carey,SFM Devine,4,0,4
New Zealand,6,SW Bates,NJ Carey,SFM Devine,1,0,1
New Zealand,6,SFM Devine,NJ Carey,SW Bates,0,0,0
New Zealand,7,SW Bates,G Wareham,SFM Devine,2,0,2
New Zealand,7,SW Bates,G Wareham,SFM Devine,0,4,4
New Zealand,7,SW Bates,G Wareham,SFM Devine,0,0,0
New Zealand,7,SW Bates,G Wareham,SFM Devine,1,0,1
New Zealand,7,SFM Devine,G Wareham,SW Bates,1,0,1
New Zealand,7,SW Bates,G Wareham,SFM Devine,0,0,0
New Zealand,8,SFM Devine,NJ Carey,ML Green,0,0,0
New Zealand,8,SFM Devine,NJ Carey,ML Green,1,0,1
New Zealand,8,ML Green,NJ Carey,SFM Devine,0,0,0
New Zealand,8,ML Green,NJ Carey,SFM Devine,0,0,0
New Zealand,8,ML Green,NJ Carey,SFM Devine,0,0,0
New Zealand,8,ML Green,NJ Carey,SFM Devine,0,0,0
New Zealand,9,SFM Devine,G Wareham,ML Green,0,0,0
New Zealand,9,SFM Devine,G Wareham,ML Green,0,0,0
New Zealand,9,SFM Devine,G Wareham,ML Green,0,0,0
New Zealand,9,SFM Devine,G Wareham,ML Green,1,0,1
New Zealand,9,ML Green,G Wareham,SFM Devine,0,0,0
New Zealand,9,ML Green,G Wareham,SFM Devine,0,0,0
New Zealand,10,SFM Devine,NJ Carey,ML Green,1,0,1
New Zealand,10,ML Green,NJ Carey,SFM Devine,6,0,6
New Zealand,10,ML Green,NJ Carey,SFM Devine,0,0,0
New Zealand,10,ML Green,NJ Carey,SFM Devine,1,0,1
New Zealand,10,SFM Devine,NJ Carey,ML Green,0,0,0
New Zealand,10,SFM Devine,NJ Carey,ML Green,1,0,1
New Zealand,11,SFM Devine,A Gardner,ML Green,6,0,6
New Zealand,11,SFM Devine,A Gardner,ML Green,1,0,1
New Zealand,11,ML Green,A Gardner,SFM Devine,1,0,1
New Zealand,11,SFM Devine,A Gardner,ML Green,1,0,1
New Zealand,11,ML Green,A Gardner,SFM Devine,1,0,1
New Zealand,11,SFM Devine,A Gardner,ML Green,1,0,1
New Zealand,12,SFM Devine,JL Jonassen,ML Green,1,0,1
New Zealand,12,ML Green,JL Jonassen,SFM Devine,1,0,1
New Zealand,12,SFM Devine,JL Jonassen,ML Green,0,0,0
New Zealand,12,SFM Devine,JL Jonassen,ML Green,0,2,2
New Zealand,12,ML Green,JL Jonassen,SFM Devine,1,0,1
New Zealand,12,SFM Devine,JL Jonassen,ML Green,1,0,1
New Zealand,12,ML Green,JL Jonassen,SFM Devine,0,0,0
New Zealand,13,SFM Devine,G Wareham,ML Green,0,0,0
New Zealand,13,KJ Martin,G Wareham,ML Green,2,0,2
New Zealand,13,KJ Martin,G Wareham,ML Green,1,0,1
New Zealand,13,ML Green,G Wareham,KJ Martin,1,0,1
New Zealand,13,KJ Martin,G Wareham,ML Green,1,0,1
New Zealand,13,ML Green,G Wareham,KJ Martin,1,0,1
New Zealand,14,ML Green,NJ Carey,KJ Martin,4,0,4
New Zealand,14,ML Green,NJ Carey,KJ Martin,6,0,6
New Zealand,14,ML Green,NJ Carey,KJ Martin,0,0,0
New Zealand,14,ML Green,NJ Carey,KJ Martin,1,0,1
New Zealand,14,KJ Martin,NJ Carey,ML Green,4,0,4
New Zealand,14,KJ Martin,NJ Carey,ML Green,1,0,1
New Zealand,15,KJ Martin,G Wareham,ML Green,1,0,1
New Zealand,15,ML Green,G Wareham,KJ Martin,0,0,0
New Zealand,15,ML Green,G Wareham,KJ Martin,4,0,4
New Zealand,15,ML Green,G Wareham,KJ Martin,0,0,0
New Zealand,15,AC Kerr,G Wareham,KJ Martin,0,0,0
New Zealand,15,AC Kerr,G Wareham,KJ Martin,1,0,1
New Zealand,16,AC Kerr,ML Schutt,KJ Martin,1,0,1
New Zealand,16,KJ Martin,ML Schutt,AC Kerr,4,0,4
New Zealand,16,KJ Martin,ML Schutt,AC Kerr,1,0,1
New Zealand,16,AC Kerr,ML Schutt,KJ Martin,0,0,0
New Zealand,16,HNK Jensen,ML Schutt,KJ Martin,0,0,0
New Zealand,16,KJ Martin,ML Schutt,AM Peterson,1,0,1
New Zealand,17,KJ Martin,JL Jonassen,AM Peterson,1,0,1
New Zealand,17,AM Peterson,JL Jonassen,KJ Martin,1,0,1
New Zealand,17,KJ Martin,JL Jonassen,AM Peterson,0,1,1
New Zealand,17,KJ Martin,JL Jonassen,AM Peterson,1,0,1
New Zealand,17,AM Peterson,JL Jonassen,KJ Martin,2,0,2
New Zealand,17,AM Peterson,JL Jonassen,KJ Martin,4,0,4
New Zealand,17,AM Peterson,JL Jonassen,KJ Martin,2,0,2
New Zealand,18,KJ Martin,ML Schutt,AM Peterson,1,0,1
New Zealand,18,AM Peterson,ML Schutt,KJ Martin,0,0,0
New Zealand,18,LM Kasperek,ML Schutt,KJ Martin,1,0,1
New Zealand,18,KJ Martin,ML Schutt,LM Kasperek,4,0,4
New Zealand,18,KJ Martin,ML Schutt,LM Kasperek,1,0,1
New Zealand,18,LM Kasperek,ML Schutt,KJ Martin,0,1,1
New Zealand,19,LM Kasperek,A Gardner,KJ Martin,1,0,1
New Zealand,19,KJ Martin,A Gardner,LM Kasperek,1,0,1
New Zealand,19,LM Kasperek,A Gardner,KJ Martin,1,0,1
New Zealand,19,KJ Martin,A Gardner,LM Kasperek,2,0,2
New Zealand,19,KJ Martin,A Gardner,LM Kasperek,4,0,4
New Zealand,19,KJ Martin,A Gardner,LM Kasperek,6,0,6
