Team,Over,Batter,Bowler,Non_Striker,Batter_Runs,Extras,Total_Runs
New Zealand,0,SFM Devine,Panna Ghosh,RH Priest,1,0,1
New Zealand,0,RH Priest,Panna Ghosh,SFM Devine,1,0,1
New Zealand,0,SFM Devine,Panna Ghosh,RH Priest,1,0,1
New Zealand,0,RH Priest,Panna Ghosh,SFM Devine,0,0,0
New Zealand,0,RH Priest,Panna Ghosh,SFM Devine,2,0,2
New Zealand,0,RH Priest,Panna Ghosh,SFM Devine,0,0,0
New Zealand,1,SFM Devine,Fahima Khatun,RH Priest,1,0,1
New Zealand,1,RH Priest,Fahima Khatun,SFM Devine,0,0,0
New Zealand,1,RH Priest,Fahima Khatun,SFM Devine,1,0,1
New Zealand,1,SFM Devine,Fahima Khatun,RH Priest,0,0,0
New Zealand,1,SFM Devine,Fahima Khatun,RH Priest,1,0,1
New Zealand,1,RH Priest,Fahima Khatun,SFM Devine,1,0,1
New Zealand,2,RH Priest,Panna Ghosh,SFM Devine,0,0,0
New Zealand,2,RH Priest,Panna Ghosh,SFM Devine,0,0,0
New Zealand,2,RH Priest,Panna Ghosh,SFM Devine,0,0,0
New Zealand,2,RH Priest,Panna Ghosh,SFM Devine,0,0,0
New Zealand,2,RH Priest,Panna Ghosh,SFM Devine,2,0,2
New Zealand,2,RH Priest,Panna Ghosh,SFM Devine,0,0,0
New Zealand,3,SFM Devine,Fahima Khatun,RH Priest,0,0,0
New Zealand,3,SFM Devine,Fahima Khatun,RH Priest,1,0,1
New Zealand,3,RH Priest,Fahima Khatun,SFM Devine,0,0,0
New Zealand,3,RH Priest,Fahima Khatun,SFM Devine,0,0,0
New Zealand,3,RH Priest,Fahima Khatun,SFM Devine,2,0,2
New Zealand,3,RH Priest,Fahima Khatun,SFM Devine,0,0,0
New Zealand,4,SFM Devine,Panna Ghosh,RH Priest,0,0,0
New Zealand,4,SFM Devine,Panna Ghosh,RH Priest,0,0,0
New Zealand,4,SFM Devine,Panna Ghosh,RH Priest,1,0,1
New Zealand,4,RH Priest,Panna Ghosh,SFM Devine,4,0,4
New Zealand,4,RH Priest,Panna Ghosh,SFM Devine,0,0,0
New Zealand,4,RH Priest,Panna Ghosh,SFM Devine,4,0,4
New Zealand,5,SFM Devine,Fahima Khatun,RH Priest,1,0,1
New Zealand,5,RH Priest,Fahima Khatun,SFM Devine,4,0,4
New Zealand,5,RH Priest,Fahima Khatun,SFM Devine,0,0,0
New Zealand,5,RH Priest,Fahima Khatun,SFM Devine,0,0,0
New Zealand,5,RH Priest,Fahima Khatun,SFM Devine,0,1,1
New Zealand,5,SFM Devine,Fahima Khatun,RH Priest,4,0,4
New Zealand,6,RH Priest,Salma Khatun,SFM Devine,1,0,1
New Zealand,6,SFM Devine,Salma Khatun,RH Priest,1,0,1
New Zealand,6,RH Priest,Salma Khatun,SFM Devine,1,0,1
New Zealand,6,SFM Devine,Salma Khatun,RH Priest,0,0,0
New Zealand,6,SFM Devine,Salma Khatun,RH Priest,0,0,0
New Zealand,6,SW Bates,Salma Khatun,RH Priest,0,0,0
New Zealand,7,RH Priest,Jahanara Alam,SW Bates,0,0,0
New Zealand,7,RH Priest,Jahanara Alam,SW Bates,1,0,1
New Zealand,7,SW Bates,Jahanara Alam,RH Priest,1,0,1
New Zealand,7,RH Priest,Jahanara Alam,SW Bates,0,1,1
New Zealand,7,RH Priest,Jahanara Alam,SW Bates,0,0,0
New Zealand,7,RH Priest,Jahanara Alam,SW Bates,0,0,0
New Zealand,7,RH Priest,Jahanara Alam,SW Bates,1,0,1
New Zealand,8,RH Priest,Salma Khatun,SW Bates,0,0,0
New Zealand,8,ML Green,Salma Khatun,SW Bates,0,0,0
New Zealand,8,ML Green,Salma Khatun,SW Bates,1,0,1
New Zealand,8,SW Bates,Salma Khatun,ML Green,0,0,0
New Zealand,8,SW Bates,Salma Khatun,ML Green,1,0,1
New Zealand,8,ML Green,Salma Khatun,SW Bates,1,0,1
New Zealand,9,ML Green,Jahanara Alam,SW Bates,1,0,1
New Zealand,9,SW Bates,Jahanara Alam,ML Green,4,1,5
New Zealand,9,SW Bates,Jahanara Alam,ML Green,4,0,4
New Zealand,9,SW Bates,Jahanara Alam,ML Green,0,0,0
New Zealand,9,SW Bates,Jahanara Alam,ML Green,1,0,1
New Zealand,9,ML Green,Jahanara Alam,SW Bates,1,0,1
New Zealand,9,SW Bates,Jahanara Alam,ML Green,0,0,0
New Zealand,10,ML Green,Ritu Moni,SW Bates,0,0,0
New Zealand,10,ML Green,Ritu Moni,SW Bates,0,0,0
New Zealand,10,ML Green,Ritu Moni,SW Bates,2,0,2
New Zealand,10,ML Green,Ritu Moni,SW Bates,1,0,1
New Zealand,10,SW Bates,Ritu Moni,ML Green,0,0,0
New Zealand,10,SW Bates,Ritu Moni,ML Green,2,0,2
New Zealand,11,ML Green,Rumana Ahmed,SW Bates,1,0,1
New Zealand,11,SW Bates,Rumana Ahmed,ML Green,1,0,1
New Zealand,11,ML Green,Rumana Ahmed,SW Bates,0,0,0
New Zealand,11,ML Green,Rumana Ahmed,SW Bates,1,0,1
New Zealand,11,SW Bates,Rumana Ahmed,ML Green,1,0,1
New Zealand,11,ML Green,Rumana Ahmed,SW Bates,1,0,1
New Zealand,12,ML Green,Ritu Moni,SW Bates,0,0,0
New Zealand,12,ML Green,Ritu Moni,SW Bates,1,0,1
New Zealand,12,SW Bates,Ritu Moni,ML Green,0,0,0
New Zealand,12,HNK Jensen,Ritu Moni,ML Green,0,0,0
New Zealand,12,HNK Jensen,Ritu Moni,ML Green,0,0,0
New Zealand,12,HNK Jensen,Ritu Moni,ML Green,1,0,1
New Zealand,13,HNK Jensen,Rumana Ahmed,ML Green,1,0,1
New Zealand,13,ML Green,Rumana Ahmed,HNK Jensen,0,0,0
New Zealand,13,KJ Martin,Rumana Ahmed,HNK Jensen,0,0,0
New Zealand,13,KJ Martin,Rumana Ahmed,AC Kerr,0,0,0
New Zealand,13,KJ Martin,Rumana Ahmed,AC Kerr,1,0,1
New Zealand,13,AC Kerr,Rumana Ahmed,KJ Martin,0,0,0
New Zealand,14,KJ Martin,Ritu Moni,AC Kerr,1,0,1
New Zealand,14,AC Kerr,Ritu Moni,KJ Martin,1,0,1
New Zealand,14,KJ Martin,Ritu Moni,AC Kerr,0,0,0
New Zealand,14,KJ Martin,Ritu Moni,AC Kerr,4,0,4
New Zealand,14,KJ Martin,Ritu Moni,AC Kerr,0,0,0
New Zealand,14,AM Peterson,Ritu Moni,AC Kerr,0,0,0
New Zealand,15,AC Kerr,Rumana Ahmed,AM Peterson,1,0,1
New Zealand,15,AM Peterson,Rumana Ahmed,AC Kerr,0,0,0
New Zealand,15,AM Peterson,Rumana Ahmed,AC Kerr,0,0,0
New Zealand,15,AM Peterson,Rumana Ahmed,AC Kerr,4,0,4
New Zealand,15,AM Peterson,Rumana Ahmed,AC Kerr,1,0,1
New Zealand,15,AC Kerr,Rumana Ahmed,AM Peterson,0,0,0
New Zealand,16,AM Peterson,Ritu Moni,AC Kerr,0,0,0
New Zealand,16,AC Kerr,Ritu Moni,LM Kasperek,1,0,1
New Zealand,16,LM Kasperek,Ritu Moni,AC Kerr,1,0,1
New Zealand,16,AC Kerr,Ritu Moni,LM Kasperek,2,0,2
New Zealand,16,AC Kerr,Ritu Moni,LM Kasperek,0,0,0
New Zealand,16,LMM Tahuhu,Ritu Moni,LM Kasperek,1,0,1
New Zealand,17,LMM Tahuhu,Rumana Ahmed,LM Kasperek,1,0,1
New Zealand,17,LM Kasperek,Rumana Ahmed,LMM Tahuhu,1,0,1
New Zealand,17,LMM Tahuhu,Rumana Ahmed,LM Kasperek,1,0,1
New Zealand,17,LM Kasperek,Rumana Ahmed,LMM Tahuhu,0,0,0
New Zealand,17,RA Mair,Rumana Ahmed,LMM Tahuhu,1,0,1
New Zealand,17,LMM Tahuhu,Rumana Ahmed,RA Mair,0,0,0
New Zealand,18,RA Mair,Salma Khatun,LMM Tahuhu,1,0,1
New Zealand,18,LMM Tahuhu,Salma Khatun,RA Mair,0,0,0
Bangladesh,0,Murshida Khatun,LM Kasperek,Ayasha Rahman,0,0,0
Bangladesh,0,Murshida Khatun,LM Kasperek,Ayasha Rahman,0,0,0
Bangladesh,0,Murshida Khatun,LM Kasperek,Ayasha Rahman,4,0,4
Bangladesh,0,Murshida Khatun,LM Kasperek,Ayasha Rahman,0,0,0
Bangladesh,0,Murshida Khatun,LM Kasperek,Ayasha Rahman,1,0,1
Bangladesh,0,Ayasha Rahman,LM Kasperek,Murshida Khatun,0,0,0
Bangladesh,1,Murshida Khatun,LMM Tahuhu,Ayasha Rahman,0,1,1
Bangladesh,1,Murshida Khatun,LMM Tahuhu,Ayasha Rahman,0,1,1
Bangladesh,1,Murshida Khatun,LMM Tahuhu,Ayasha Rahman,0,0,0
Bangladesh,1,Murshida Khatun,LMM Tahuhu,Ayasha Rahman,0,0,0
Bangladesh,1,Murshida Khatun,LMM Tahuhu,Ayasha Rahman,0,0,0
Bangladesh,1,Murshida Khatun,LMM Tahuhu,Ayasha Rahman,1,0,1
Bangladesh,1,Ayasha Rahman,LMM Tahuhu,Murshida Khatun,0,1,1
Bangladesh,1,Ayasha Rahman,LMM Tahuhu,Murshida Khatun,0,1,1
Bangladesh,1,Ayasha Rahman,LMM Tahuhu,Murshida Khatun,0,0,0
Bangladesh,1,Ayasha Rahman,LMM Tahuhu,Murshida Khatun,0,0,0
Bangladesh,2,Murshida Khatun,LM Kasperek,Ayasha Rahman,0,0,0
Bangladesh,2,Murshida Khatun,LM Kasperek,Ayasha Rahman,4,0,4
Bangladesh,2,Murshida Khatun,LM Kasperek,Ayasha Rahman,1,0,1
Bangladesh,2,Ayasha Rahman,LM Kasperek,Murshida Khatun,0,1,1
Bangladesh,2,Ayasha Rahman,LM Kasperek,Murshida Khatun,1,0,1
Bangladesh,2,Murshida Khatun,LM Kasperek,Ayasha Rahman,0,0,0
Bangladesh,2,Murshida Khatun,LM Kasperek,Ayasha Rahman,0,0,0
Bangladesh,3,Ritu Moni,AC Kerr,Ayasha Rahman,0,0,0
Bangladesh,3,Ritu Moni,AC Kerr,Ayasha Rahman,0,0,0
Bangladesh,3,Ritu Moni,AC Kerr,Ayasha Rahman,1,0,1
Bangladesh,3,Ayasha Rahman,AC Kerr,Ritu Moni,0,0,0
Bangladesh,3,Ayasha Rahman,AC Kerr,Ritu Moni,0,0,0
Bangladesh,3,Ayasha Rahman,AC Kerr,Ritu Moni,0,0,0
Bangladesh,4,Ritu Moni,HNK Jensen,Ayasha Rahman,0,0,0
Bangladesh,4,Ritu Moni,HNK Jensen,Ayasha Rahman,0,0,0
Bangladesh,4,Ritu Moni,HNK Jensen,Ayasha Rahman,0,0,0
Bangladesh,4,Ritu Moni,HNK Jensen,Ayasha Rahman,0,0,0
Bangladesh,4,Ritu Moni,HNK Jensen,Ayasha Rahman,1,0,1
Bangladesh,4,Ayasha Rahman,HNK Jensen,Ritu Moni,0,0,0
Bangladesh,5,Nigar Sultana,AC Kerr,Ritu Moni,0,0,0
Bangladesh,5,Nigar Sultana,AC Kerr,Ritu Moni,0,0,0
Bangladesh,5,Nigar Sultana,AC Kerr,Ritu Moni,0,0,0
Bangladesh,5,Nigar Sultana,AC Kerr,Ritu Moni,0,0,0
Bangladesh,5,Nigar Sultana,AC Kerr,Ritu Moni,4,0,4
Bangladesh,5,Nigar Sultana,AC Kerr,Ritu Moni,0,0,0
Bangladesh,6,Ritu Moni,HNK Jensen,Nigar Sultana,0,0,0
Bangladesh,6,Ritu Moni,HNK Jensen,Nigar Sultana,1,0,1
Bangladesh,6,Nigar Sultana,HNK Jensen,Ritu Moni,2,0,2
Bangladesh,6,Nigar Sultana,HNK Jensen,Ritu Moni,0,0,0
Bangladesh,6,Nigar Sultana,HNK Jensen,Ritu Moni,0,0,0
Bangladesh,6,Nigar Sultana,HNK Jensen,Ritu Moni,0,0,0
Bangladesh,7,Ritu Moni,AC Kerr,Nigar Sultana,2,0,2
Bangladesh,7,Ritu Moni,AC Kerr,Nigar Sultana,0,0,0
Bangladesh,7,Ritu Moni,AC Kerr,Nigar Sultana,0,0,0
Bangladesh,7,Ritu Moni,AC Kerr,Nigar Sultana,0,0,0
Bangladesh,7,Ritu Moni,AC Kerr,Nigar Sultana,0,0,0
Bangladesh,7,Ritu Moni,AC Kerr,Nigar Sultana,0,0,0
Bangladesh,8,Nigar Sultana,SFM Devine,Ritu Moni,0,0,0
Bangladesh,8,Nigar Sultana,SFM Devine,Ritu Moni,0,0,0
Bangladesh,8,Nigar Sultana,SFM Devine,Ritu Moni,0,0,0
Bangladesh,8,Nigar Sultana,SFM Devine,Ritu Moni,0,0,0
Bangladesh,8,Nigar Sultana,SFM Devine,Ritu Moni,1,0,1
Bangladesh,8,Ritu Moni,SFM Devine,Nigar Sultana,0,0,0
Bangladesh,9,Nigar Sultana,AM Peterson,Ritu Moni,2,0,2
Bangladesh,9,Nigar Sultana,AM Peterson,Ritu Moni,0,0,0
Bangladesh,9,Fargana Hoque,AM Peterson,Ritu Moni,0,0,0
Bangladesh,9,Fargana Hoque,AM Peterson,Ritu Moni,0,0,0
Bangladesh,9,Fargana Hoque,AM Peterson,Ritu Moni,0,0,0
Bangladesh,9,Rumana Ahmed,AM Peterson,Ritu Moni,0,0,0
Bangladesh,10,Ritu Moni,SFM Devine,Rumana Ahmed,1,0,1
Bangladesh,10,Rumana Ahmed,SFM Devine,Ritu Moni,1,0,1
Bangladesh,10,Ritu Moni,SFM Devine,Rumana Ahmed,0,0,0
Bangladesh,10,Ritu Moni,SFM Devine,Rumana Ahmed,4,0,4
Bangladesh,10,Ritu Moni,SFM Devine,Rumana Ahmed,0,0,0
Bangladesh,10,Ritu Moni,SFM Devine,Rumana Ahmed,0,0,0
Bangladesh,11,Rumana Ahmed,AM Peterson,Ritu Moni,0,0,0
Bangladesh,11,Rumana Ahmed,AM Peterson,Ritu Moni,0,0,0
Bangladesh,11,Rumana Ahmed,AM Peterson,Fahima Khatun,1,0,1
Bangladesh,11,Fahima Khatun,AM Peterson,Rumana Ahmed,1,0,1
Bangladesh,11,Rumana Ahmed,AM Peterson,Fahima Khatun,0,0,0
Bangladesh,11,Rumana Ahmed,AM Peterson,Fahima Khatun,0,1,1
Bangladesh,12,Rumana Ahmed,HNK Jensen,Fahima Khatun,0,0,0
Bangladesh,12,S Mostary,HNK Jensen,Fahima Khatun,0,0,0
Bangladesh,12,S Mostary,HNK Jensen,Fahima Khatun,0,0,0
Bangladesh,12,S Mostary,HNK Jensen,Fahima Khatun,1,0,1
Bangladesh,12,Fahima Khatun,HNK Jensen,S Mostary,0,1,1
Bangladesh,12,Fahima Khatun,HNK Jensen,S Mostary,0,0,0
Bangladesh,12,Fahima Khatun,HNK Jensen,S Mostary,1,0,1
Bangladesh,13,Fahima Khatun,AM Peterson,S Mostary,1,0,1
Bangladesh,13,S Mostary,AM Peterson,Fahima Khatun,4,0,4
Bangladesh,13,S Mostary,AM Peterson,Fahima Khatun,0,0,0
Bangladesh,13,S Mostary,AM Peterson,Fahima Khatun,0,0,0
Bangladesh,13,S Mostary,AM Peterson,Fahima Khatun,0,0,0
Bangladesh,13,S Mostary,AM Peterson,Fahima Khatun,1,0,1
Bangladesh,14,S Mostary,SFM Devine,Fahima Khatun,0,0,0
Bangladesh,14,S Mostary,SFM Devine,Fahima Khatun,1,0,1
Bangladesh,14,Fahima Khatun,SFM Devine,S Mostary,0,0,0
Bangladesh,14,Fahima Khatun,SFM Devine,S Mostary,0,0,0
Bangladesh,14,Fahima Khatun,SFM Devine,S Mostary,1,0,1
Bangladesh,14,S Mostary,SFM Devine,Fahima Khatun,0,0,0
Bangladesh,15,Jahanara Alam,AC Kerr,Fahima Khatun,0,0,0
Bangladesh,15,Salma Khatun,AC Kerr,Fahima Khatun,0,0,0
Bangladesh,15,Salma Khatun,AC Kerr,Fahima Khatun,1,0,1
Bangladesh,15,Fahima Khatun,AC Kerr,Salma Khatun,0,0,0
Bangladesh,15,Fahima Khatun,AC Kerr,Salma Khatun,1,0,1
Bangladesh,15,Salma Khatun,AC Kerr,Fahima Khatun,1,0,1
Bangladesh,16,Salma Khatun,HNK Jensen,Fahima Khatun,1,0,1
Bangladesh,16,Fahima Khatun,HNK Jensen,Salma Khatun,1,0,1
Bangladesh,16,Salma Khatun,HNK Jensen,Fahima Khatun,1,0,1
Bangladesh,16,Fahima Khatun,HNK Jensen,Salma Khatun,0,0,0
Bangladesh,16,Nigar Sultana,HNK Jensen,Salma Khatun,1,0,1
Bangladesh,16,Salma Khatun,HNK Jensen,Nigar Sultana,0,0,0
Bangladesh,17,Nigar Sultana,LM Kasperek,Salma Khatun,1,0,1
Bangladesh,17,Salma Khatun,LM Kasperek,Nigar Sultana,0,0,0
Bangladesh,17,Panna Ghosh,LM Kasperek,Nigar Sultana,1,0,1
Bangladesh,17,Nigar Sultana,LM Kasperek,Panna Ghosh,0,0,0
Bangladesh,17,Nigar Sultana,LM Kasperek,Panna Ghosh,1,0,1
Bangladesh,17,Panna Ghosh,LM Kasperek,Nigar Sultana,1,0,1
Bangladesh,18,Panna Ghosh,SFM Devine,Nigar Sultana,0,0,0
Bangladesh,18,Panna Ghosh,SFM Devine,Nigar Sultana,0,0,0
Bangladesh,18,Panna Ghosh,SFM Devine,Nigar Sultana,0,0,0
Bangladesh,18,Panna Ghosh,SFM Devine,Nigar Sultana,1,0,1
Bangladesh,18,Nigar Sultana,SFM Devine,Panna Ghosh,0,0,0
Bangladesh,18,Nigar Sultana,SFM Devine,Panna Ghosh,4,0,4
Bangladesh,19,Panna Ghosh,LM Kasperek,Nigar Sultana,1,0,1
Bangladesh,19,Nigar Sultana,LM Kasperek,Panna Ghosh,4,0,4
Bangladesh,19,Nigar Sultana,LM Kasperek,Panna Ghosh,1,0,1
Bangladesh,19,Panna Ghosh,LM Kasperek,Nigar Sultana,1,0,1
Bangladesh,19,Nigar Sultana,LM Kasperek,Panna Ghosh,0,0,0
