Team,Over,Batter,Bowler,Non_Striker,Batter_Runs,Extras,Total_Runs
India,0,Shafali Verma,LMM Tahuhu,S Mandhana,0,0,0
India,0,Shafali Verma,LMM Tahuhu,S Mandhana,1,0,1
India,0,S Mandhana,LMM Tahuhu,Shafali Verma,0,0,0
India,0,S Mandhana,LMM Tahuhu,Shafali Verma,0,0,0
India,0,S Mandhana,LMM Tahuhu,Shafali Verma,4,0,4
India,0,S Mandhana,LMM Tahuhu,Shafali Verma,0,0,0
India,1,Shafali Verma,RA Mair,S Mandhana,1,0,1
India,1,S Mandhana,RA Mair,Shafali Verma,4,0,4
India,1,S Mandhana,RA Mair,Shafali Verma,1,0,1
India,1,Shafali Verma,RA Mair,S Mandhana,0,0,0
India,1,Shafali Verma,RA Mair,S Mandhana,0,0,0
India,1,Shafali Verma,RA Mair,S Mandhana,4,0,4
India,2,S Mandhana,LMM Tahuhu,Shafali Verma,2,0,2
India,2,S Mandhana,LMM Tahuhu,Shafali Verma,0,0,0
India,2,T Bhatia,LMM Tahuhu,Shafali Verma,1,0,1
India,2,Shafali Verma,LMM Tahuhu,T Bhatia,0,1,1
India,2,Shafali Verma,LMM Tahuhu,T Bhatia,0,0,0
India,2,Shafali Verma,LMM Tahuhu,T Bhatia,1,0,1
India,2,T Bhatia,LMM Tahuhu,Shafali Verma,4,0,4
India,3,Shafali Verma,SFM Devine,T Bhatia,1,0,1
India,3,T Bhatia,SFM Devine,Shafali Verma,0,1,1
India,3,T Bhatia,SFM Devine,Shafali Verma,2,0,2
India,3,T Bhatia,SFM Devine,Shafali Verma,0,0,0
India,3,T Bhatia,SFM Devine,Shafali Verma,0,0,0
India,3,T Bhatia,SFM Devine,Shafali Verma,1,0,1
India,3,Shafali Verma,SFM Devine,T Bhatia,4,0,4
India,4,T Bhatia,AM Peterson,Shafali Verma,0,0,0
India,4,T Bhatia,AM Peterson,Shafali Verma,0,0,0
India,4,T Bhatia,AM Peterson,Shafali Verma,1,0,1
India,4,Shafali Verma,AM Peterson,T Bhatia,0,0,0
India,4,Shafali Verma,AM Peterson,T Bhatia,6,0,6
India,4,Shafali Verma,AM Peterson,T Bhatia,6,0,6
India,5,T Bhatia,HNK Jensen,Shafali Verma,1,0,1
India,5,Shafali Verma,HNK Jensen,T Bhatia,1,0,1
India,5,T Bhatia,HNK Jensen,Shafali Verma,0,0,0
India,5,T Bhatia,HNK Jensen,Shafali Verma,0,0,0
India,5,T Bhatia,HNK Jensen,Shafali Verma,1,0,1
India,5,Shafali Verma,HNK Jensen,T Bhatia,0,0,0
India,6,T Bhatia,AC Kerr,Shafali Verma,0,0,0
India,6,T Bhatia,AC Kerr,Shafali Verma,0,0,0
India,6,T Bhatia,AC Kerr,Shafali Verma,0,0,0
India,6,T Bhatia,AC Kerr,Shafali Verma,4,0,4
India,6,T Bhatia,AC Kerr,Shafali Verma,1,0,1
India,6,Shafali Verma,AC Kerr,T Bhatia,0,0,0
India,7,T Bhatia,HNK Jensen,Shafali Verma,4,0,4
India,7,T Bhatia,HNK Jensen,Shafali Verma,0,0,0
India,7,T Bhatia,HNK Jensen,Shafali Verma,0,0,0
India,7,T Bhatia,HNK Jensen,Shafali Verma,1,0,1
India,7,Shafali Verma,HNK Jensen,T Bhatia,0,0,0
India,7,Shafali Verma,HNK Jensen,T Bhatia,1,0,1
India,8,Shafali Verma,AC Kerr,T Bhatia,1,0,1
India,8,T Bhatia,AC Kerr,Shafali Verma,1,0,1
India,8,Shafali Verma,AC Kerr,T Bhatia,1,0,1
India,8,T Bhatia,AC Kerr,Shafali Verma,1,0,1
India,8,Shafali Verma,AC Kerr,T Bhatia,4,0,4
India,8,Shafali Verma,AC Kerr,T Bhatia,0,0,0
India,9,T Bhatia,RA Mair,Shafali Verma,0,0,0
India,9,JI Rodrigues,RA Mair,Shafali Verma,0,0,0
India,9,JI Rodrigues,RA Mair,Shafali Verma,4,0,4
India,9,JI Rodrigues,RA Mair,Shafali Verma,2,0,2
India,9,JI Rodrigues,RA Mair,Shafali Verma,1,0,1
India,9,Shafali Verma,RA Mair,JI Rodrigues,0,0,0
India,10,JI Rodrigues,LM Kasperek,Shafali Verma,0,0,0
India,10,JI Rodrigues,LM Kasperek,Shafali Verma,1,0,1
India,10,Shafali Verma,LM Kasperek,JI Rodrigues,1,0,1
India,10,JI Rodrigues,LM Kasperek,Shafali Verma,1,0,1
India,10,Shafali Verma,LM Kasperek,JI Rodrigues,1,0,1
India,10,JI Rodrigues,LM Kasperek,Shafali Verma,1,0,1
India,11,JI Rodrigues,RA Mair,Shafali Verma,0,0,0
India,11,Shafali Verma,RA Mair,H Kaur,0,0,0
India,11,Shafali Verma,RA Mair,H Kaur,4,0,4
India,11,Shafali Verma,RA Mair,H Kaur,0,0,0
India,11,Shafali Verma,RA Mair,H Kaur,0,0,0
India,11,Shafali Verma,RA Mair,H Kaur,6,0,6
India,12,H Kaur,LM Kasperek,Shafali Verma,0,1,1
India,12,H Kaur,LM Kasperek,Shafali Verma,0,0,0
India,12,H Kaur,LM Kasperek,Shafali Verma,0,0,0
India,12,H Kaur,LM Kasperek,Shafali Verma,0,0,0
India,12,H Kaur,LM Kasperek,Shafali Verma,1,0,1
India,12,Shafali Verma,LM Kasperek,H Kaur,1,0,1
India,12,H Kaur,LM Kasperek,Shafali Verma,0,0,0
India,13,Shafali Verma,AC Kerr,DB Sharma,1,0,1
India,13,DB Sharma,AC Kerr,Shafali Verma,0,0,0
India,13,DB Sharma,AC Kerr,Shafali Verma,1,0,1
India,13,Shafali Verma,AC Kerr,DB Sharma,0,0,0
India,13,Shafali Verma,AC Kerr,DB Sharma,0,0,0
India,13,DB Sharma,AC Kerr,V Krishnamurthy,1,0,1
India,14,DB Sharma,LM Kasperek,V Krishnamurthy,0,0,0
India,14,DB Sharma,LM Kasperek,V Krishnamurthy,1,0,1
India,14,V Krishnamurthy,LM Kasperek,DB Sharma,1,0,1
India,14,DB Sharma,LM Kasperek,V Krishnamurthy,1,0,1
India,14,V Krishnamurthy,LM Kasperek,DB Sharma,1,0,1
India,14,DB Sharma,LM Kasperek,V Krishnamurthy,0,0,0
India,15,V Krishnamurthy,AC Kerr,DB Sharma,0,0,0
India,15,V Krishnamurthy,AC Kerr,DB Sharma,4,0,4
India,15,V Krishnamurthy,AC Kerr,DB Sharma,0,0,0
India,15,S Pandey,AC Kerr,DB Sharma,0,0,0
India,15,S Pandey,AC Kerr,DB Sharma,0,0,0
India,15,S Pandey,AC Kerr,DB Sharma,1,0,1
India,16,S Pandey,AM Peterson,DB Sharma,1,0,1
India,16,DB Sharma,AM Peterson,S Pandey,1,0,1
India,16,S Pandey,AM Peterson,DB Sharma,0,0,0
India,16,S Pandey,AM Peterson,DB Sharma,1,0,1
India,16,DB Sharma,AM Peterson,S Pandey,2,0,2
India,16,DB Sharma,AM Peterson,S Pandey,1,0,1
India,17,DB Sharma,SFM Devine,S Pandey,0,0,0
India,17,S Pandey,SFM Devine,RP Yadav,0,0,0
India,17,S Pandey,SFM Devine,RP Yadav,1,0,1
India,17,RP Yadav,SFM Devine,S Pandey,0,0,0
India,17,RP Yadav,SFM Devine,S Pandey,1,0,1
India,17,S Pandey,SFM Devine,RP Yadav,1,0,1
India,18,S Pandey,LM Kasperek,RP Yadav,1,0,1
India,18,RP Yadav,LM Kasperek,S Pandey,2,0,2
India,18,RP Yadav,LM Kasperek,S Pandey,1,0,1
India,18,S Pandey,LM Kasperek,RP Yadav,2,0,2
India,18,S Pandey,LM Kasperek,RP Yadav,1,0,1
India,18,RP Yadav,LM Kasperek,S Pandey,0,0,0
India,19,S Pandey,HNK Jensen,RP Yadav,1,0,1
India,19,RP Yadav,HNK Jensen,S Pandey,1,0,1
India,19,S Pandey,HNK Jensen,RP Yadav,0,1,1
India,19,RP Yadav,HNK Jensen,S Pandey,2,0,2
India,19,RP Yadav,HNK Jensen,S Pandey,6,0,6
India,19,RP Yadav,HNK Jensen,S Pandey,1,0,1
New Zealand,0,RH Priest,DB Sharma,SFM Devine,0,0,0
New Zealand,0,RH Priest,DB Sharma,SFM Devine,4,0,4
New Zealand,0,RH Priest,DB Sharma,SFM Devine,2,0,2
New Zealand,0,RH Priest,DB Sharma,SFM Devine,2,0,2
New Zealand,0,RH Priest,DB Sharma,SFM Devine,4,0,4
New Zealand,0,RH Priest,DB Sharma,SFM Devine,0,0,0
New Zealand,1,SFM Devine,S Pandey,RH Priest,1,0,1
New Zealand,1,RH Priest,S Pandey,SFM Devine,0,0,0
New Zealand,1,RH Priest,S Pandey,SFM Devine,0,0,0
New Zealand,1,RH Priest,S Pandey,SFM Devine,0,0,0
New Zealand,1,SFM Devine,S Pandey,SW Bates,0,0,0
New Zealand,1,SFM Devine,S Pandey,SW Bates,0,0,0
New Zealand,2,SW Bates,RS Gayakwad,SFM Devine,0,0,0
New Zealand,2,SW Bates,RS Gayakwad,SFM Devine,0,0,0
New Zealand,2,SW Bates,RS Gayakwad,SFM Devine,0,0,0
New Zealand,2,SW Bates,RS Gayakwad,SFM Devine,0,0,0
New Zealand,2,SW Bates,RS Gayakwad,SFM Devine,1,0,1
New Zealand,2,SFM Devine,RS Gayakwad,SW Bates,4,0,4
New Zealand,3,SW Bates,S Pandey,SFM Devine,1,0,1
New Zealand,3,SFM Devine,S Pandey,SW Bates,0,1,1
New Zealand,3,SW Bates,S Pandey,SFM Devine,0,0,0
New Zealand,3,SW Bates,S Pandey,SFM Devine,0,0,0
New Zealand,3,SW Bates,S Pandey,SFM Devine,0,0,0
New Zealand,3,SW Bates,S Pandey,SFM Devine,2,0,2
New Zealand,4,SFM Devine,RS Gayakwad,SW Bates,0,0,0
New Zealand,4,SFM Devine,RS Gayakwad,SW Bates,4,0,4
New Zealand,4,SFM Devine,RS Gayakwad,SW Bates,1,0,1
New Zealand,4,SW Bates,RS Gayakwad,SFM Devine,1,0,1
New Zealand,4,SFM Devine,RS Gayakwad,SW Bates,0,0,0
New Zealand,4,SFM Devine,RS Gayakwad,SW Bates,0,0,0
New Zealand,5,SW Bates,DB Sharma,SFM Devine,1,0,1
New Zealand,5,SFM Devine,DB Sharma,SW Bates,0,0,0
New Zealand,5,SFM Devine,DB Sharma,SW Bates,1,0,1
New Zealand,5,SW Bates,DB Sharma,SFM Devine,0,0,0
New Zealand,5,ML Green,DB Sharma,SFM Devine,0,0,0
New Zealand,5,ML Green,DB Sharma,SFM Devine,0,0,0
New Zealand,6,SFM Devine,Poonam Yadav,ML Green,1,0,1
New Zealand,6,ML Green,Poonam Yadav,SFM Devine,0,0,0
New Zealand,6,ML Green,Poonam Yadav,SFM Devine,1,0,1
New Zealand,6,SFM Devine,Poonam Yadav,ML Green,1,0,1
New Zealand,6,ML Green,Poonam Yadav,SFM Devine,0,0,0
New Zealand,6,ML Green,Poonam Yadav,SFM Devine,0,0,0
New Zealand,7,SFM Devine,RP Yadav,ML Green,0,0,0
New Zealand,7,SFM Devine,RP Yadav,ML Green,0,0,0
New Zealand,7,SFM Devine,RP Yadav,ML Green,0,0,0
New Zealand,7,SFM Devine,RP Yadav,ML Green,0,0,0
New Zealand,7,SFM Devine,RP Yadav,ML Green,0,0,0
New Zealand,7,SFM Devine,RP Yadav,ML Green,1,0,1
New Zealand,8,SFM Devine,Poonam Yadav,ML Green,0,0,0
New Zealand,8,ML Green,Poonam Yadav,KJ Martin,1,0,1
New Zealand,8,KJ Martin,Poonam Yadav,ML Green,1,0,1
New Zealand,8,ML Green,Poonam Yadav,KJ Martin,1,0,1
New Zealand,8,KJ Martin,Poonam Yadav,ML Green,1,0,1
New Zealand,8,ML Green,Poonam Yadav,KJ Martin,1,0,1
New Zealand,9,ML Green,RP Yadav,KJ Martin,0,1,1
New Zealand,9,ML Green,RP Yadav,KJ Martin,0,0,0
New Zealand,9,ML Green,RP Yadav,KJ Martin,1,0,1
New Zealand,9,KJ Martin,RP Yadav,ML Green,0,0,0
New Zealand,9,KJ Martin,RP Yadav,ML Green,1,0,1
New Zealand,9,ML Green,RP Yadav,KJ Martin,0,0,0
New Zealand,9,ML Green,RP Yadav,KJ Martin,4,0,4
New Zealand,10,KJ Martin,RS Gayakwad,ML Green,4,0,4
New Zealand,10,KJ Martin,RS Gayakwad,ML Green,0,0,0
New Zealand,10,KJ Martin,RS Gayakwad,ML Green,0,0,0
New Zealand,10,KJ Martin,RS Gayakwad,ML Green,0,0,0
New Zealand,10,KJ Martin,RS Gayakwad,ML Green,1,0,1
New Zealand,10,ML Green,RS Gayakwad,KJ Martin,4,0,4
New Zealand,11,KJ Martin,RP Yadav,ML Green,0,1,1
New Zealand,11,ML Green,RP Yadav,KJ Martin,0,0,0
New Zealand,11,ML Green,RP Yadav,KJ Martin,1,0,1
New Zealand,11,KJ Martin,RP Yadav,ML Green,1,0,1
New Zealand,11,ML Green,RP Yadav,KJ Martin,6,0,6
New Zealand,11,ML Green,RP Yadav,KJ Martin,1,0,1
New Zealand,12,ML Green,Poonam Yadav,KJ Martin,1,0,1
New Zealand,12,KJ Martin,Poonam Yadav,ML Green,0,0,0
New Zealand,12,KJ Martin,Poonam Yadav,ML Green,0,0,0
New Zealand,12,KJ Martin,Poonam Yadav,ML Green,0,0,0
New Zealand,12,KJ Martin,Poonam Yadav,ML Green,4,0,4
New Zealand,12,KJ Martin,Poonam Yadav,ML Green,1,0,1
New Zealand,13,KJ Martin,S Pandey,ML Green,0,0,0
New Zealand,13,KJ Martin,S Pandey,ML Green,1,0,1
New Zealand,13,ML Green,S Pandey,KJ Martin,1,0,1
New Zealand,13,KJ Martin,S Pandey,ML Green,1,0,1
New Zealand,13,ML Green,S Pandey,KJ Martin,1,0,1
New Zealand,13,KJ Martin,S Pandey,ML Green,2,0,2
New Zealand,14,ML Green,RS Gayakwad,KJ Martin,0,0,0
New Zealand,14,ML Green,RS Gayakwad,KJ Martin,0,0,0
New Zealand,14,AC Kerr,RS Gayakwad,KJ Martin,0,0,0
New Zealand,14,AC Kerr,RS Gayakwad,KJ Martin,1,0,1
New Zealand,14,KJ Martin,RS Gayakwad,AC Kerr,0,0,0
New Zealand,14,KJ Martin,RS Gayakwad,AC Kerr,1,0,1
New Zealand,15,KJ Martin,DB Sharma,AC Kerr,1,0,1
New Zealand,15,AC Kerr,DB Sharma,KJ Martin,0,0,0
New Zealand,15,AC Kerr,DB Sharma,KJ Martin,4,0,4
New Zealand,15,AC Kerr,DB Sharma,KJ Martin,1,0,1
New Zealand,15,KJ Martin,DB Sharma,AC Kerr,0,0,0
New Zealand,15,KJ Martin,DB Sharma,AC Kerr,1,0,1
New Zealand,16,KJ Martin,RP Yadav,AC Kerr,0,0,0
New Zealand,16,KJ Martin,RP Yadav,AC Kerr,4,0,4
New Zealand,16,KJ Martin,RP Yadav,AC Kerr,0,0,0
New Zealand,16,AC Kerr,RP Yadav,HNK Jensen,1,0,1
New Zealand,16,HNK Jensen,RP Yadav,AC Kerr,1,0,1
New Zealand,16,AC Kerr,RP Yadav,HNK Jensen,2,0,2
New Zealand,17,HNK Jensen,DB Sharma,AC Kerr,0,0,0
New Zealand,17,HNK Jensen,DB Sharma,AC Kerr,1,0,1
New Zealand,17,AC Kerr,DB Sharma,HNK Jensen,1,0,1
New Zealand,17,HNK Jensen,DB Sharma,AC Kerr,3,0,3
New Zealand,17,AC Kerr,DB Sharma,HNK Jensen,0,0,0
New Zealand,17,AC Kerr,DB Sharma,HNK Jensen,1,0,1
New Zealand,18,AC Kerr,Poonam Yadav,HNK Jensen,4,0,4
New Zealand,18,AC Kerr,Poonam Yadav,HNK Jensen,2,0,2
New Zealand,18,AC Kerr,Poonam Yadav,HNK Jensen,4,0,4
New Zealand,18,AC Kerr,Poonam Yadav,HNK Jensen,0,0,0
New Zealand,18,AC Kerr,Poonam Yadav,HNK Jensen,4,0,4
New Zealand,18,AC Kerr,Poonam Yadav,HNK Jensen,4,0,4
New Zealand,19,HNK Jensen,S Pandey,AC Kerr,4,0,4
New Zealand,19,HNK Jensen,S Pandey,AC Kerr,1,0,1
New Zealand,19,AC Kerr,S Pandey,HNK Jensen,1,0,1
New Zealand,19,HNK Jensen,S Pandey,AC Kerr,1,0,1
New Zealand,19,AC Kerr,S Pandey,HNK Jensen,4,0,4
New Zealand,19,AC Kerr,S Pandey,HNK Jensen,0,1,1
