Team,Over,Batter,Bowler,Non_Striker,Batter_Runs,Extras,Total_Runs
India,0,T Bhatia,Jahanara Alam,Shafali Verma,0,0,0
India,0,T Bhatia,Jahanara Alam,Shafali Verma,0,1,1
India,0,T Bhatia,Jahanara Alam,Shafali Verma,0,0,0
India,0,T Bhatia,Jahanara Alam,Shafali Verma,1,0,1
India,0,Shafali Verma,Jahanara Alam,T Bhatia,0,0,0
India,0,Shafali Verma,Jahanara Alam,T Bhatia,6,0,6
India,0,Shafali Verma,Jahanara Alam,T Bhatia,0,0,0
India,1,T Bhatia,Salma Khatun,Shafali Verma,1,0,1
India,1,Shafali Verma,Salma Khatun,T Bhatia,6,0,6
India,1,Shafali Verma,Salma Khatun,T Bhatia,0,0,0
India,1,Shafali Verma,Salma Khatun,T Bhatia,1,0,1
India,1,T Bhatia,Salma Khatun,Shafali Verma,0,0,0
India,1,JI Rodrigues,Salma Khatun,Shafali Verma,1,0,1
India,2,JI Rodrigues,Jahanara Alam,Shafali Verma,1,0,1
India,2,Shafali Verma,Jahanara Alam,JI Rodrigues,6,0,6
India,2,Shafali Verma,Jahanara Alam,JI Rodrigues,4,0,4
India,2,Shafali Verma,Jahanara Alam,JI Rodrigues,2,0,2
India,2,Shafali Verma,Jahanara Alam,JI Rodrigues,0,0,0
India,2,Shafali Verma,Jahanara Alam,JI Rodrigues,4,0,4
India,3,JI Rodrigues,Salma Khatun,Shafali Verma,0,0,0
India,3,JI Rodrigues,Salma Khatun,Shafali Verma,0,0,0
India,3,JI Rodrigues,Salma Khatun,Shafali Verma,1,0,1
India,3,Shafali Verma,Salma Khatun,JI Rodrigues,1,0,1
India,3,JI Rodrigues,Salma Khatun,Shafali Verma,1,0,1
India,3,Shafali Verma,Salma Khatun,JI Rodrigues,2,0,2
India,4,JI Rodrigues,Nahida Akter,Shafali Verma,0,0,0
India,4,JI Rodrigues,Nahida Akter,Shafali Verma,0,0,0
India,4,JI Rodrigues,Nahida Akter,Shafali Verma,1,0,1
India,4,Shafali Verma,Nahida Akter,JI Rodrigues,1,0,1
India,4,JI Rodrigues,Nahida Akter,Shafali Verma,6,0,6
India,4,JI Rodrigues,Nahida Akter,Shafali Verma,0,0,0
India,5,Shafali Verma,Panna Ghosh,JI Rodrigues,6,0,6
India,5,Shafali Verma,Panna Ghosh,JI Rodrigues,0,0,0
India,5,Shafali Verma,Panna Ghosh,JI Rodrigues,0,0,0
India,5,JI Rodrigues,Panna Ghosh,H Kaur,0,0,0
India,5,JI Rodrigues,Panna Ghosh,H Kaur,1,0,1
India,5,H Kaur,Panna Ghosh,JI Rodrigues,0,0,0
India,6,JI Rodrigues,Nahida Akter,H Kaur,1,0,1
India,6,H Kaur,Nahida Akter,JI Rodrigues,4,0,4
India,6,H Kaur,Nahida Akter,JI Rodrigues,1,0,1
India,6,JI Rodrigues,Nahida Akter,H Kaur,0,0,0
India,6,JI Rodrigues,Nahida Akter,H Kaur,1,0,1
India,6,H Kaur,Nahida Akter,JI Rodrigues,0,0,0
India,7,JI Rodrigues,Panna Ghosh,H Kaur,4,0,4
India,7,JI Rodrigues,Panna Ghosh,H Kaur,0,0,0
India,7,JI Rodrigues,Panna Ghosh,H Kaur,1,0,1
India,7,H Kaur,Panna Ghosh,JI Rodrigues,2,0,2
India,7,H Kaur,Panna Ghosh,JI Rodrigues,0,0,0
India,7,H Kaur,Panna Ghosh,JI Rodrigues,0,0,0
India,8,JI Rodrigues,Rumana Ahmed,H Kaur,1,0,1
India,8,H Kaur,Rumana Ahmed,JI Rodrigues,0,0,0
India,8,H Kaur,Rumana Ahmed,JI Rodrigues,1,0,1
India,8,JI Rodrigues,Rumana Ahmed,H Kaur,0,0,0
India,8,JI Rodrigues,Rumana Ahmed,H Kaur,0,0,0
India,8,JI Rodrigues,Rumana Ahmed,H Kaur,1,0,1
India,9,JI Rodrigues,Panna Ghosh,H Kaur,0,0,0
India,9,JI Rodrigues,Panna Ghosh,H Kaur,2,0,2
India,9,JI Rodrigues,Panna Ghosh,H Kaur,4,0,4
India,9,JI Rodrigues,Panna Ghosh,H Kaur,1,0,1
India,9,H Kaur,Panna Ghosh,JI Rodrigues,0,0,0
India,9,H Kaur,Panna Ghosh,JI Rodrigues,0,0,0
India,10,JI Rodrigues,Rumana Ahmed,DB Sharma,1,0,1
India,10,DB Sharma,Rumana Ahmed,JI Rodrigues,1,0,1
India,10,JI Rodrigues,Rumana Ahmed,DB Sharma,1,0,1
India,10,DB Sharma,Rumana Ahmed,JI Rodrigues,0,0,0
India,10,DB Sharma,Rumana Ahmed,JI Rodrigues,1,0,1
India,10,JI Rodrigues,Rumana Ahmed,DB Sharma,1,0,1
India,11,JI Rodrigues,Panna Ghosh,DB Sharma,1,0,1
India,11,DB Sharma,Panna Ghosh,JI Rodrigues,1,0,1
India,11,JI Rodrigues,Panna Ghosh,DB Sharma,0,0,0
India,11,JI Rodrigues,Panna Ghosh,DB Sharma,0,0,0
India,11,JI Rodrigues,Panna Ghosh,DB Sharma,1,0,1
India,11,DB Sharma,Panna Ghosh,JI Rodrigues,1,0,1
India,12,DB Sharma,Fahima Khatun,JI Rodrigues,0,0,0
India,12,DB Sharma,Fahima Khatun,JI Rodrigues,1,0,1
India,12,JI Rodrigues,Fahima Khatun,DB Sharma,0,0,0
India,12,JI Rodrigues,Fahima Khatun,DB Sharma,1,0,1
India,12,DB Sharma,Fahima Khatun,JI Rodrigues,0,0,0
India,12,DB Sharma,Fahima Khatun,JI Rodrigues,0,1,1
India,12,DB Sharma,Fahima Khatun,JI Rodrigues,1,0,1
India,13,DB Sharma,Jahanara Alam,JI Rodrigues,1,0,1
India,13,JI Rodrigues,Jahanara Alam,DB Sharma,0,0,0
India,13,RM Ghosh,Jahanara Alam,DB Sharma,0,1,1
India,13,RM Ghosh,Jahanara Alam,DB Sharma,0,0,0
India,13,RM Ghosh,Jahanara Alam,DB Sharma,0,0,0
India,13,RM Ghosh,Jahanara Alam,DB Sharma,2,0,2
India,13,RM Ghosh,Jahanara Alam,DB Sharma,0,0,0
India,14,DB Sharma,Fahima Khatun,RM Ghosh,1,0,1
India,14,RM Ghosh,Fahima Khatun,DB Sharma,1,0,1
India,14,DB Sharma,Fahima Khatun,RM Ghosh,0,1,1
India,14,DB Sharma,Fahima Khatun,RM Ghosh,1,0,1
India,14,RM Ghosh,Fahima Khatun,DB Sharma,0,0,0
India,14,RM Ghosh,Fahima Khatun,DB Sharma,4,0,4
India,14,RM Ghosh,Fahima Khatun,DB Sharma,4,0,4
India,15,DB Sharma,Nahida Akter,RM Ghosh,0,0,0
India,15,DB Sharma,Nahida Akter,RM Ghosh,1,0,1
India,15,RM Ghosh,Nahida Akter,DB Sharma,0,0,0
India,15,RM Ghosh,Nahida Akter,DB Sharma,2,0,2
India,15,RM Ghosh,Nahida Akter,DB Sharma,0,0,0
India,15,RM Ghosh,Nahida Akter,DB Sharma,1,0,1
India,16,RM Ghosh,Salma Khatun,DB Sharma,0,0,0
India,16,RM Ghosh,Salma Khatun,DB Sharma,0,0,0
India,16,V Krishnamurthy,Salma Khatun,DB Sharma,1,0,1
India,16,DB Sharma,Salma Khatun,V Krishnamurthy,0,0,0
India,16,DB Sharma,Salma Khatun,V Krishnamurthy,1,0,1
India,16,S Pandey,Salma Khatun,V Krishnamurthy,1,0,1
India,17,S Pandey,Nahida Akter,V Krishnamurthy,1,0,1
India,17,V Krishnamurthy,Nahida Akter,S Pandey,4,0,4
India,17,V Krishnamurthy,Nahida Akter,S Pandey,1,0,1
India,17,S Pandey,Nahida Akter,V Krishnamurthy,1,0,1
India,17,V Krishnamurthy,Nahida Akter,S Pandey,4,0,4
India,17,V Krishnamurthy,Nahida Akter,S Pandey,4,0,4
India,18,S Pandey,Salma Khatun,V Krishnamurthy,0,0,0
India,18,S Pandey,Salma Khatun,V Krishnamurthy,1,0,1
India,18,V Krishnamurthy,Salma Khatun,S Pandey,0,1,1
India,18,V Krishnamurthy,Salma Khatun,S Pandey,0,1,1
India,18,V Krishnamurthy,Salma Khatun,S Pandey,4,0,4
India,18,V Krishnamurthy,Salma Khatun,S Pandey,0,0,0
India,18,V Krishnamurthy,Salma Khatun,S Pandey,1,0,1
India,18,S Pandey,Salma Khatun,V Krishnamurthy,0,0,0
India,19,V Krishnamurthy,Jahanara Alam,S Pandey,0,0,0
India,19,V Krishnamurthy,Jahanara Alam,S Pandey,0,1,1
India,19,S Pandey,Jahanara Alam,V Krishnamurthy,2,0,2
India,19,S Pandey,Jahanara Alam,V Krishnamurthy,0,0,0
India,19,S Pandey,Jahanara Alam,V Krishnamurthy,1,0,1
India,19,V Krishnamurthy,Jahanara Alam,S Pandey,1,0,1
Bangladesh,0,Shamima Sultana,DB Sharma,Murshida Khatun,1,0,1
Bangladesh,0,Murshida Khatun,DB Sharma,Shamima Sultana,1,0,1
Bangladesh,0,Shamima Sultana,DB Sharma,Murshida Khatun,0,0,0
Bangladesh,0,Shamima Sultana,DB Sharma,Murshida Khatun,1,0,1
Bangladesh,0,Murshida Khatun,DB Sharma,Shamima Sultana,0,0,0
Bangladesh,0,Murshida Khatun,DB Sharma,Shamima Sultana,0,0,0
Bangladesh,1,Shamima Sultana,S Pandey,Murshida Khatun,0,0,0
Bangladesh,1,Shamima Sultana,S Pandey,Murshida Khatun,0,0,0
Bangladesh,1,Shamima Sultana,S Pandey,Murshida Khatun,0,0,0
Bangladesh,1,Shamima Sultana,S Pandey,Murshida Khatun,1,0,1
Bangladesh,1,Murshida Khatun,S Pandey,Shamima Sultana,1,0,1
Bangladesh,1,Shamima Sultana,S Pandey,Murshida Khatun,0,0,0
Bangladesh,2,Murshida Khatun,DB Sharma,Sanjida Islam,4,0,4
Bangladesh,2,Murshida Khatun,DB Sharma,Sanjida Islam,0,0,0
Bangladesh,2,Murshida Khatun,DB Sharma,Sanjida Islam,4,0,4
Bangladesh,2,Murshida Khatun,DB Sharma,Sanjida Islam,4,0,4
Bangladesh,2,Murshida Khatun,DB Sharma,Sanjida Islam,0,0,0
Bangladesh,2,Murshida Khatun,DB Sharma,Sanjida Islam,2,0,2
Bangladesh,3,Sanjida Islam,S Pandey,Murshida Khatun,1,0,1
Bangladesh,3,Murshida Khatun,S Pandey,Sanjida Islam,0,0,0
Bangladesh,3,Murshida Khatun,S Pandey,Sanjida Islam,1,0,1
Bangladesh,3,Sanjida Islam,S Pandey,Murshida Khatun,0,0,0
Bangladesh,3,Sanjida Islam,S Pandey,Murshida Khatun,1,0,1
Bangladesh,3,Murshida Khatun,S Pandey,Sanjida Islam,2,0,2
Bangladesh,4,Sanjida Islam,RS Gayakwad,Murshida Khatun,0,0,0
Bangladesh,4,Sanjida Islam,RS Gayakwad,Murshida Khatun,1,0,1
Bangladesh,4,Murshida Khatun,RS Gayakwad,Sanjida Islam,1,0,1
Bangladesh,4,Sanjida Islam,RS Gayakwad,Murshida Khatun,1,0,1
Bangladesh,4,Murshida Khatun,RS Gayakwad,Sanjida Islam,1,0,1
Bangladesh,4,Sanjida Islam,RS Gayakwad,Murshida Khatun,1,0,1
Bangladesh,5,Sanjida Islam,S Pandey,Murshida Khatun,0,0,0
Bangladesh,5,Sanjida Islam,S Pandey,Murshida Khatun,1,0,1
Bangladesh,5,Murshida Khatun,S Pandey,Sanjida Islam,1,0,1
Bangladesh,5,Sanjida Islam,S Pandey,Murshida Khatun,0,0,0
Bangladesh,5,Sanjida Islam,S Pandey,Murshida Khatun,2,0,2
Bangladesh,5,Sanjida Islam,S Pandey,Murshida Khatun,0,0,0
Bangladesh,6,Murshida Khatun,RS Gayakwad,Sanjida Islam,0,1,1
Bangladesh,6,Sanjida Islam,RS Gayakwad,Murshida Khatun,1,0,1
Bangladesh,6,Murshida Khatun,RS Gayakwad,Sanjida Islam,0,0,0
Bangladesh,6,Murshida Khatun,RS Gayakwad,Sanjida Islam,0,0,0
Bangladesh,6,Murshida Khatun,RS Gayakwad,Sanjida Islam,2,0,2
Bangladesh,6,Murshida Khatun,RS Gayakwad,Sanjida Islam,1,0,1
Bangladesh,7,Murshida Khatun,A Reddy,Sanjida Islam,0,0,0
Bangladesh,7,Murshida Khatun,A Reddy,Sanjida Islam,1,0,1
Bangladesh,7,Sanjida Islam,A Reddy,Murshida Khatun,1,0,1
Bangladesh,7,Murshida Khatun,A Reddy,Sanjida Islam,4,0,4
Bangladesh,7,Murshida Khatun,A Reddy,Sanjida Islam,0,0,0
Bangladesh,7,Murshida Khatun,A Reddy,Sanjida Islam,0,0,0
Bangladesh,8,Nigar Sultana,Poonam Yadav,Sanjida Islam,0,0,0
Bangladesh,8,Nigar Sultana,Poonam Yadav,Sanjida Islam,0,0,0
Bangladesh,8,Nigar Sultana,Poonam Yadav,Sanjida Islam,4,0,4
Bangladesh,8,Nigar Sultana,Poonam Yadav,Sanjida Islam,0,0,0
Bangladesh,8,Nigar Sultana,Poonam Yadav,Sanjida Islam,2,0,2
Bangladesh,8,Nigar Sultana,Poonam Yadav,Sanjida Islam,0,0,0
Bangladesh,9,Sanjida Islam,A Reddy,Nigar Sultana,0,1,1
Bangladesh,9,Nigar Sultana,A Reddy,Sanjida Islam,4,0,4
Bangladesh,9,Nigar Sultana,A Reddy,Sanjida Islam,0,0,0
Bangladesh,9,Nigar Sultana,A Reddy,Sanjida Islam,4,0,4
Bangladesh,9,Nigar Sultana,A Reddy,Sanjida Islam,1,0,1
Bangladesh,9,Sanjida Islam,A Reddy,Nigar Sultana,0,0,0
Bangladesh,10,Nigar Sultana,Poonam Yadav,Sanjida Islam,0,0,0
Bangladesh,10,Nigar Sultana,Poonam Yadav,Sanjida Islam,1,0,1
Bangladesh,10,Sanjida Islam,Poonam Yadav,Nigar Sultana,0,0,0
Bangladesh,10,Fargana Hoque,Poonam Yadav,Nigar Sultana,0,0,0
Bangladesh,10,Fargana Hoque,Poonam Yadav,Nigar Sultana,0,0,0
Bangladesh,10,Fargana Hoque,Poonam Yadav,Nigar Sultana,0,0,0
Bangladesh,11,Nigar Sultana,A Reddy,Fargana Hoque,4,0,4
Bangladesh,11,Nigar Sultana,A Reddy,Fargana Hoque,1,0,1
Bangladesh,11,Fargana Hoque,A Reddy,Nigar Sultana,0,0,0
Bangladesh,11,Fahima Khatun,A Reddy,Nigar Sultana,0,0,0
Bangladesh,11,Fahima Khatun,A Reddy,Nigar Sultana,1,0,1
Bangladesh,11,Nigar Sultana,A Reddy,Fahima Khatun,0,0,0
Bangladesh,12,Fahima Khatun,DB Sharma,Nigar Sultana,1,0,1
Bangladesh,12,Nigar Sultana,DB Sharma,Fahima Khatun,1,0,1
Bangladesh,12,Fahima Khatun,DB Sharma,Nigar Sultana,0,0,0
Bangladesh,12,Fahima Khatun,DB Sharma,Nigar Sultana,1,0,1
Bangladesh,12,Nigar Sultana,DB Sharma,Fahima Khatun,1,0,1
Bangladesh,12,Fahima Khatun,DB Sharma,Nigar Sultana,2,0,2
Bangladesh,13,Nigar Sultana,A Reddy,Fahima Khatun,0,0,0
Bangladesh,13,Nigar Sultana,A Reddy,Fahima Khatun,1,0,1
Bangladesh,13,Fahima Khatun,A Reddy,Nigar Sultana,4,0,4
Bangladesh,13,Fahima Khatun,A Reddy,Nigar Sultana,4,0,4
Bangladesh,13,Fahima Khatun,A Reddy,Nigar Sultana,1,0,1
Bangladesh,13,Nigar Sultana,A Reddy,Fahima Khatun,2,0,2
Bangladesh,14,Fahima Khatun,DB Sharma,Nigar Sultana,1,0,1
Bangladesh,14,Nigar Sultana,DB Sharma,Fahima Khatun,4,0,4
Bangladesh,14,Nigar Sultana,DB Sharma,Fahima Khatun,1,0,1
Bangladesh,14,Fahima Khatun,DB Sharma,Nigar Sultana,1,0,1
Bangladesh,14,Nigar Sultana,DB Sharma,Fahima Khatun,1,0,1
Bangladesh,14,Fahima Khatun,DB Sharma,Nigar Sultana,1,0,1
Bangladesh,15,Fahima Khatun,Poonam Yadav,Nigar Sultana,0,0,0
Bangladesh,15,Jahanara Alam,Poonam Yadav,Nigar Sultana,4,0,4
Bangladesh,15,Jahanara Alam,Poonam Yadav,Nigar Sultana,2,0,2
Bangladesh,15,Jahanara Alam,Poonam Yadav,Nigar Sultana,1,0,1
Bangladesh,15,Nigar Sultana,Poonam Yadav,Jahanara Alam,1,0,1
Bangladesh,15,Jahanara Alam,Poonam Yadav,Nigar Sultana,1,0,1
Bangladesh,16,Jahanara Alam,RS Gayakwad,Nigar Sultana,0,0,0
Bangladesh,16,Jahanara Alam,RS Gayakwad,Nigar Sultana,1,0,1
Bangladesh,16,Nigar Sultana,RS Gayakwad,Jahanara Alam,2,0,2
Bangladesh,16,Nigar Sultana,RS Gayakwad,Jahanara Alam,0,0,0
Bangladesh,16,Rumana Ahmed,RS Gayakwad,Jahanara Alam,1,0,1
Bangladesh,16,Jahanara Alam,RS Gayakwad,Rumana Ahmed,1,0,1
Bangladesh,17,Jahanara Alam,Poonam Yadav,Rumana Ahmed,0,0,0
Bangladesh,17,Jahanara Alam,Poonam Yadav,Rumana Ahmed,0,0,0
Bangladesh,17,Jahanara Alam,Poonam Yadav,Rumana Ahmed,0,0,0
Bangladesh,17,Salma Khatun,Poonam Yadav,Rumana Ahmed,1,0,1
Bangladesh,17,Rumana Ahmed,Poonam Yadav,Salma Khatun,1,0,1
Bangladesh,17,Salma Khatun,Poonam Yadav,Rumana Ahmed,0,0,0
Bangladesh,18,Rumana Ahmed,RS Gayakwad,Salma Khatun,4,0,4
Bangladesh,18,Rumana Ahmed,RS Gayakwad,Salma Khatun,4,0,4
Bangladesh,18,Rumana Ahmed,RS Gayakwad,Salma Khatun,0,0,0
Bangladesh,18,Rumana Ahmed,RS Gayakwad,Salma Khatun,2,0,2
Bangladesh,18,Rumana Ahmed,RS Gayakwad,Salma Khatun,1,0,1
Bangladesh,18,Salma Khatun,RS Gayakwad,Rumana Ahmed,0,0,0
Bangladesh,19,Rumana Ahmed,S Pandey,Salma Khatun,0,0,0
Bangladesh,19,Nahida Akter,S Pandey,Salma Khatun,0,0,0
Bangladesh,19,Nahida Akter,S Pandey,Salma Khatun,1,0,1
Bangladesh,19,Salma Khatun,S Pandey,Nahida Akter,0,0,0
Bangladesh,19,Salma Khatun,S Pandey,Nahida Akter,1,0,1
Bangladesh,19,Nahida Akter,S Pandey,Salma Khatun,1,0,1
