Team,Over,Batter,Bowler,Non_Striker,Batter_Runs,Extras,Total_Runs
Bangladesh,0,Murshida Khatun,KDU Prabodhani,Ayasha Rahman,0,0,0
Bangladesh,0,Murshida Khatun,KDU Prabodhani,Ayasha Rahman,0,0,0
Bangladesh,0,Murshida Khatun,KDU Prabodhani,Ayasha Rahman,1,0,1
Bangladesh,0,Ayasha Rahman,KDU Prabodhani,Murshida Khatun,1,0,1
Bangladesh,0,Murshida Khatun,KDU Prabodhani,Ayasha Rahman,0,0,0
Bangladesh,0,Murshida Khatun,KDU Prabodhani,Ayasha Rahman,1,0,1
Bangladesh,1,Murshida Khatun,HASD Siriwardene,Ayasha Rahman,1,0,1
Bangladesh,1,Ayasha Rahman,HASD Siriwardene,Murshida Khatun,0,0,0
Bangladesh,1,Ayasha Rahman,HASD Siriwardene,Murshida Khatun,0,1,1
Bangladesh,1,Murshida Khatun,HASD Siriwardene,Ayasha Rahman,0,0,0
Bangladesh,1,Ayasha Rahman,HASD Siriwardene,Sanjida Islam,0,0,0
Bangladesh,1,Ayasha Rahman,HASD Siriwardene,Sanjida Islam,0,0,0
Bangladesh,2,Sanjida Islam,KDU Prabodhani,Ayasha Rahman,1,0,1
Bangladesh,2,Ayasha Rahman,KDU Prabodhani,Sanjida Islam,0,0,0
Bangladesh,2,Ayasha Rahman,KDU Prabodhani,Sanjida Islam,1,0,1
Bangladesh,2,Sanjida Islam,KDU Prabodhani,Ayasha Rahman,0,0,0
Bangladesh,2,Sanjida Islam,KDU Prabodhani,Ayasha Rahman,0,0,0
Bangladesh,2,Sanjida Islam,KDU Prabodhani,Ayasha Rahman,0,0,0
Bangladesh,3,Ayasha Rahman,HASD Siriwardene,Sanjida Islam,1,0,1
Bangladesh,3,Sanjida Islam,HASD Siriwardene,Ayasha Rahman,4,0,4
Bangladesh,3,Sanjida Islam,HASD Siriwardene,Ayasha Rahman,0,0,0
Bangladesh,3,Sanjida Islam,HASD Siriwardene,Ayasha Rahman,4,0,4
Bangladesh,3,Sanjida Islam,HASD Siriwardene,Ayasha Rahman,0,1,1
Bangladesh,3,Ayasha Rahman,HASD Siriwardene,Sanjida Islam,1,0,1
Bangladesh,4,Ayasha Rahman,KDU Prabodhani,Sanjida Islam,1,0,1
Bangladesh,4,Sanjida Islam,KDU Prabodhani,Ayasha Rahman,2,0,2
Bangladesh,4,Sanjida Islam,KDU Prabodhani,Ayasha Rahman,1,0,1
Bangladesh,4,Ayasha Rahman,KDU Prabodhani,Sanjida Islam,1,0,1
Bangladesh,4,Sanjida Islam,KDU Prabodhani,Ayasha Rahman,1,0,1
Bangladesh,4,Ayasha Rahman,KDU Prabodhani,Sanjida Islam,0,0,0
Bangladesh,5,Sanjida Islam,WGAKK Kulasuriya,Ayasha Rahman,0,0,0
Bangladesh,5,Nigar Sultana,WGAKK Kulasuriya,Ayasha Rahman,0,0,0
Bangladesh,5,Nigar Sultana,WGAKK Kulasuriya,Ayasha Rahman,0,0,0
Bangladesh,5,Nigar Sultana,WGAKK Kulasuriya,Ayasha Rahman,1,0,1
Bangladesh,5,Ayasha Rahman,WGAKK Kulasuriya,Nigar Sultana,0,0,0
Bangladesh,5,Fargana Hoque,WGAKK Kulasuriya,Nigar Sultana,0,1,1
Bangladesh,5,Fargana Hoque,WGAKK Kulasuriya,Nigar Sultana,0,0,0
Bangladesh,6,Nigar Sultana,KDU Prabodhani,Fargana Hoque,0,0,0
Bangladesh,6,Nigar Sultana,KDU Prabodhani,Fargana Hoque,0,0,0
Bangladesh,6,Nigar Sultana,KDU Prabodhani,Fargana Hoque,0,0,0
Bangladesh,6,Nigar Sultana,KDU Prabodhani,Fargana Hoque,0,0,0
Bangladesh,6,Nigar Sultana,KDU Prabodhani,Fargana Hoque,1,0,1
Bangladesh,6,Fargana Hoque,KDU Prabodhani,Nigar Sultana,1,0,1
Bangladesh,7,Fargana Hoque,WGAKK Kulasuriya,Nigar Sultana,0,0,0
Bangladesh,7,Fargana Hoque,WGAKK Kulasuriya,Nigar Sultana,1,0,1
Bangladesh,7,Nigar Sultana,WGAKK Kulasuriya,Fargana Hoque,1,0,1
Bangladesh,7,Fargana Hoque,WGAKK Kulasuriya,Nigar Sultana,4,0,4
Bangladesh,7,Fargana Hoque,WGAKK Kulasuriya,Nigar Sultana,1,0,1
Bangladesh,7,Nigar Sultana,WGAKK Kulasuriya,Fargana Hoque,0,0,0
Bangladesh,8,Fargana Hoque,BMSM Kumari,Nigar Sultana,0,0,0
Bangladesh,8,Fargana Hoque,BMSM Kumari,Nigar Sultana,0,0,0
Bangladesh,8,Fargana Hoque,BMSM Kumari,Nigar Sultana,0,0,0
Bangladesh,8,Fargana Hoque,BMSM Kumari,Nigar Sultana,0,0,0
Bangladesh,8,Fargana Hoque,BMSM Kumari,Nigar Sultana,1,0,1
Bangladesh,8,Nigar Sultana,BMSM Kumari,Fargana Hoque,1,0,1
Bangladesh,9,Nigar Sultana,WK Dilhari,Fargana Hoque,0,0,0
Bangladesh,9,Nigar Sultana,WK Dilhari,Fargana Hoque,0,0,0
Bangladesh,9,Nigar Sultana,WK Dilhari,Fargana Hoque,1,0,1
Bangladesh,9,Fargana Hoque,WK Dilhari,Nigar Sultana,0,0,0
Bangladesh,9,Fargana Hoque,WK Dilhari,Nigar Sultana,1,0,1
Bangladesh,9,Nigar Sultana,WK Dilhari,Fargana Hoque,0,0,0
Bangladesh,10,Fargana Hoque,BMSM Kumari,Nigar Sultana,1,0,1
Bangladesh,10,Nigar Sultana,BMSM Kumari,Fargana Hoque,1,0,1
Bangladesh,10,Fargana Hoque,BMSM Kumari,Nigar Sultana,1,0,1
Bangladesh,10,Nigar Sultana,BMSM Kumari,Fargana Hoque,4,0,4
Bangladesh,10,Nigar Sultana,BMSM Kumari,Fargana Hoque,0,1,1
Bangladesh,10,Nigar Sultana,BMSM Kumari,Fargana Hoque,1,0,1
Bangladesh,10,Fargana Hoque,BMSM Kumari,Nigar Sultana,1,0,1
Bangladesh,11,Fargana Hoque,WK Dilhari,Nigar Sultana,0,0,0
Bangladesh,11,Fargana Hoque,WK Dilhari,Nigar Sultana,1,0,1
Bangladesh,11,Nigar Sultana,WK Dilhari,Fargana Hoque,0,0,0
Bangladesh,11,Nigar Sultana,WK Dilhari,Fargana Hoque,0,0,0
Bangladesh,11,Nigar Sultana,WK Dilhari,Fargana Hoque,4,0,4
Bangladesh,11,Nigar Sultana,WK Dilhari,Fargana Hoque,0,2,2
Bangladesh,11,Fargana Hoque,WK Dilhari,Nigar Sultana,0,0,0
Bangladesh,12,Nigar Sultana,HASD Siriwardene,Rumana Ahmed,1,0,1
Bangladesh,12,Rumana Ahmed,HASD Siriwardene,Nigar Sultana,0,0,0
Bangladesh,12,Rumana Ahmed,HASD Siriwardene,Nigar Sultana,0,0,0
Bangladesh,12,Rumana Ahmed,HASD Siriwardene,Nigar Sultana,0,0,0
Bangladesh,12,Rumana Ahmed,HASD Siriwardene,Nigar Sultana,0,0,0
Bangladesh,12,Rumana Ahmed,HASD Siriwardene,Nigar Sultana,0,0,0
Bangladesh,13,Nigar Sultana,WK Dilhari,Ritu Moni,0,0,0
Bangladesh,13,Nigar Sultana,WK Dilhari,Ritu Moni,0,0,0
Bangladesh,13,Nigar Sultana,WK Dilhari,Ritu Moni,1,0,1
Bangladesh,13,Ritu Moni,WK Dilhari,Nigar Sultana,1,0,1
Bangladesh,13,Nigar Sultana,WK Dilhari,Ritu Moni,0,0,0
Bangladesh,13,Nigar Sultana,WK Dilhari,Ritu Moni,1,0,1
Bangladesh,14,Nigar Sultana,AC Jayangani,Ritu Moni,1,0,1
Bangladesh,14,Ritu Moni,AC Jayangani,Nigar Sultana,0,0,0
Bangladesh,14,Ritu Moni,AC Jayangani,Nigar Sultana,1,0,1
Bangladesh,14,Nigar Sultana,AC Jayangani,Ritu Moni,1,0,1
Bangladesh,14,Ritu Moni,AC Jayangani,Nigar Sultana,0,0,0
Bangladesh,14,Ritu Moni,AC Jayangani,Nigar Sultana,1,0,1
Bangladesh,15,Ritu Moni,WK Dilhari,Nigar Sultana,0,0,0
Bangladesh,15,Ritu Moni,WK Dilhari,Nigar Sultana,0,0,0
Bangladesh,15,Ritu Moni,WK Dilhari,Nigar Sultana,1,0,1
Bangladesh,15,Nigar Sultana,WK Dilhari,Ritu Moni,0,0,0
Bangladesh,15,Nigar Sultana,WK Dilhari,Ritu Moni,0,0,0
Bangladesh,15,Nigar Sultana,WK Dilhari,Ritu Moni,0,0,0
Bangladesh,16,Ritu Moni,AC Jayangani,Nigar Sultana,0,0,0
Bangladesh,16,Ritu Moni,AC Jayangani,Nigar Sultana,2,0,2
Bangladesh,16,Ritu Moni,AC Jayangani,Nigar Sultana,1,0,1
Bangladesh,16,Nigar Sultana,AC Jayangani,Ritu Moni,1,0,1
Bangladesh,16,Ritu Moni,AC Jayangani,Nigar Sultana,0,0,0
Bangladesh,16,Ritu Moni,AC Jayangani,Nigar Sultana,0,0,0
Bangladesh,17,Nigar Sultana,WGAKK Kulasuriya,Ritu Moni,0,0,0
Bangladesh,17,Nigar Sultana,WGAKK Kulasuriya,Ritu Moni,1,0,1
Bangladesh,17,Ritu Moni,WGAKK Kulasuriya,Nigar Sultana,1,0,1
Bangladesh,17,Nigar Sultana,WGAKK Kulasuriya,Ritu Moni,0,0,0
Bangladesh,17,Nigar Sultana,WGAKK Kulasuriya,Ritu Moni,4,0,4
Bangladesh,17,Nigar Sultana,WGAKK Kulasuriya,Ritu Moni,4,0,4
Bangladesh,18,Ritu Moni,HASD Siriwardene,Nigar Sultana,0,0,0
Bangladesh,18,Nigar Sultana,HASD Siriwardene,Fahima Khatun,1,0,1
Bangladesh,18,Fahima Khatun,HASD Siriwardene,Nigar Sultana,1,0,1
Bangladesh,18,Nigar Sultana,HASD Siriwardene,Fahima Khatun,1,0,1
Bangladesh,18,Fahima Khatun,HASD Siriwardene,Nigar Sultana,0,0,0
Bangladesh,18,Nigar Sultana,HASD Siriwardene,Salma Khatun,1,0,1
Bangladesh,19,Nigar Sultana,AC Jayangani,Salma Khatun,1,0,1
Bangladesh,19,Salma Khatun,AC Jayangani,Nigar Sultana,1,0,1
Bangladesh,19,Nigar Sultana,AC Jayangani,Salma Khatun,4,0,4
Bangladesh,19,Nigar Sultana,AC Jayangani,Salma Khatun,0,0,0
Bangladesh,19,Nigar Sultana,AC Jayangani,Salma Khatun,1,0,1
Bangladesh,19,Salma Khatun,AC Jayangani,Nigar Sultana,1,0,1
Sri Lanka,0,GWHM Perera,Salma Khatun,AC Jayangani,0,0,0
Sri Lanka,0,GWHM Perera,Salma Khatun,AC Jayangani,0,0,0
Sri Lanka,0,GWHM Perera,Salma Khatun,AC Jayangani,0,0,0
Sri Lanka,0,GWHM Perera,Salma Khatun,AC Jayangani,0,0,0
Sri Lanka,0,GWHM Perera,Salma Khatun,AC Jayangani,0,0,0
Sri Lanka,0,GWHM Perera,Salma Khatun,AC Jayangani,0,0,0
Sri Lanka,1,AC Jayangani,Panna Ghosh,GWHM Perera,0,0,0
Sri Lanka,1,AC Jayangani,Panna Ghosh,GWHM Perera,0,0,0
Sri Lanka,1,AC Jayangani,Panna Ghosh,GWHM Perera,0,0,0
Sri Lanka,1,AC Jayangani,Panna Ghosh,GWHM Perera,2,0,2
Sri Lanka,1,AC Jayangani,Panna Ghosh,GWHM Perera,1,0,1
Sri Lanka,1,GWHM Perera,Panna Ghosh,AC Jayangani,4,0,4
Sri Lanka,2,AC Jayangani,Salma Khatun,GWHM Perera,6,0,6
Sri Lanka,2,AC Jayangani,Salma Khatun,GWHM Perera,0,0,0
Sri Lanka,2,AC Jayangani,Salma Khatun,GWHM Perera,1,0,1
Sri Lanka,2,GWHM Perera,Salma Khatun,AC Jayangani,0,0,0
Sri Lanka,2,GWHM Perera,Salma Khatun,AC Jayangani,4,0,4
Sri Lanka,2,GWHM Perera,Salma Khatun,AC Jayangani,1,0,1
Sri Lanka,3,GWHM Perera,Panna Ghosh,AC Jayangani,1,0,1
Sri Lanka,3,AC Jayangani,Panna Ghosh,GWHM Perera,0,0,0
Sri Lanka,3,AC Jayangani,Panna Ghosh,GWHM Perera,4,0,4
Sri Lanka,3,AC Jayangani,Panna Ghosh,GWHM Perera,4,0,4
Sri Lanka,3,AC Jayangani,Panna Ghosh,GWHM Perera,0,0,0
Sri Lanka,3,AC Jayangani,Panna Ghosh,GWHM Perera,2,0,2
Sri Lanka,4,GWHM Perera,Nahida Akter,AC Jayangani,0,0,0
Sri Lanka,4,GWHM Perera,Nahida Akter,AC Jayangani,0,0,0
Sri Lanka,4,GWHM Perera,Nahida Akter,AC Jayangani,1,0,1
Sri Lanka,4,AC Jayangani,Nahida Akter,GWHM Perera,1,0,1
Sri Lanka,4,GWHM Perera,Nahida Akter,AC Jayangani,0,0,0
Sri Lanka,4,GWHM Perera,Nahida Akter,AC Jayangani,0,0,0
Sri Lanka,5,AC Jayangani,Ritu Moni,GWHM Perera,0,0,0
Sri Lanka,5,AC Jayangani,Ritu Moni,GWHM Perera,1,0,1
Sri Lanka,5,GWHM Perera,Ritu Moni,AC Jayangani,1,0,1
Sri Lanka,5,AC Jayangani,Ritu Moni,GWHM Perera,0,1,1
Sri Lanka,5,GWHM Perera,Ritu Moni,AC Jayangani,0,0,0
Sri Lanka,5,GWHM Perera,Ritu Moni,AC Jayangani,0,0,0
Sri Lanka,6,AC Jayangani,Nahida Akter,GWHM Perera,1,0,1
Sri Lanka,6,GWHM Perera,Nahida Akter,AC Jayangani,0,0,0
Sri Lanka,6,GWHM Perera,Nahida Akter,AC Jayangani,0,0,0
Sri Lanka,6,GWHM Perera,Nahida Akter,AC Jayangani,0,1,1
Sri Lanka,6,AC Jayangani,Nahida Akter,GWHM Perera,1,0,1
Sri Lanka,6,GWHM Perera,Nahida Akter,AC Jayangani,1,0,1
Sri Lanka,7,GWHM Perera,Ritu Moni,AC Jayangani,0,0,0
Sri Lanka,7,GWHM Perera,Ritu Moni,AC Jayangani,4,0,4
Sri Lanka,7,GWHM Perera,Ritu Moni,AC Jayangani,0,0,0
Sri Lanka,7,GWHM Perera,Ritu Moni,AC Jayangani,0,0,0
Sri Lanka,7,GWHM Perera,Ritu Moni,AC Jayangani,0,0,0
Sri Lanka,7,GWHM Perera,Ritu Moni,AC Jayangani,1,0,1
Sri Lanka,8,GWHM Perera,Nahida Akter,AC Jayangani,0,0,0
Sri Lanka,8,GWHM Perera,Nahida Akter,AC Jayangani,1,0,1
Sri Lanka,8,AC Jayangani,Nahida Akter,GWHM Perera,0,0,0
Sri Lanka,8,AC Jayangani,Nahida Akter,GWHM Perera,6,0,6
Sri Lanka,8,AC Jayangani,Nahida Akter,GWHM Perera,0,0,0
Sri Lanka,8,MAA Sanjeewani,Nahida Akter,GWHM Perera,0,0,0
Sri Lanka,9,GWHM Perera,Ritu Moni,MAA Sanjeewani,1,0,1
Sri Lanka,9,MAA Sanjeewani,Ritu Moni,GWHM Perera,0,0,0
Sri Lanka,9,MAA Sanjeewani,Ritu Moni,GWHM Perera,0,0,0
Sri Lanka,9,MAA Sanjeewani,Ritu Moni,GWHM Perera,0,0,0
Sri Lanka,9,MAA Sanjeewani,Ritu Moni,GWHM Perera,0,0,0
Sri Lanka,9,MAA Sanjeewani,Ritu Moni,GWHM Perera,0,0,0
Sri Lanka,10,GWHM Perera,Rumana Ahmed,MAA Sanjeewani,0,0,0
Sri Lanka,10,GWHM Perera,Rumana Ahmed,MAA Sanjeewani,1,0,1
Sri Lanka,10,MAA Sanjeewani,Rumana Ahmed,GWHM Perera,2,0,2
Sri Lanka,10,MAA Sanjeewani,Rumana Ahmed,GWHM Perera,1,0,1
Sri Lanka,10,GWHM Perera,Rumana Ahmed,MAA Sanjeewani,0,0,0
Sri Lanka,10,GWHM Perera,Rumana Ahmed,MAA Sanjeewani,0,3,3
Sri Lanka,10,GWHM Perera,Rumana Ahmed,MAA Sanjeewani,0,0,0
Sri Lanka,11,MAA Sanjeewani,Ritu Moni,GWHM Perera,0,0,0
Sri Lanka,11,MAA Sanjeewani,Ritu Moni,GWHM Perera,4,0,4
Sri Lanka,11,MAA Sanjeewani,Ritu Moni,GWHM Perera,1,0,1
Sri Lanka,11,GWHM Perera,Ritu Moni,MAA Sanjeewani,0,0,0
Sri Lanka,11,GWHM Perera,Ritu Moni,MAA Sanjeewani,4,0,4
Sri Lanka,11,GWHM Perera,Ritu Moni,MAA Sanjeewani,1,0,1
Sri Lanka,12,GWHM Perera,Rumana Ahmed,MAA Sanjeewani,1,0,1
Sri Lanka,12,MAA Sanjeewani,Rumana Ahmed,GWHM Perera,0,0,0
Sri Lanka,12,MAA Sanjeewani,Rumana Ahmed,GWHM Perera,1,0,1
Sri Lanka,12,GWHM Perera,Rumana Ahmed,MAA Sanjeewani,2,0,2
Sri Lanka,12,GWHM Perera,Rumana Ahmed,MAA Sanjeewani,0,0,0
Sri Lanka,12,GWHM Perera,Rumana Ahmed,MAA Sanjeewani,1,0,1
Sri Lanka,13,GWHM Perera,Fahima Khatun,MAA Sanjeewani,1,0,1
Sri Lanka,13,MAA Sanjeewani,Fahima Khatun,GWHM Perera,4,0,4
Sri Lanka,13,MAA Sanjeewani,Fahima Khatun,GWHM Perera,1,0,1
Sri Lanka,13,GWHM Perera,Fahima Khatun,MAA Sanjeewani,0,0,0
Sri Lanka,13,GWHM Perera,Fahima Khatun,MAA Sanjeewani,1,0,1
Sri Lanka,13,MAA Sanjeewani,Fahima Khatun,GWHM Perera,0,0,0
Sri Lanka,14,GWHM Perera,Salma Khatun,MAA Sanjeewani,1,0,1
Sri Lanka,14,MAA Sanjeewani,Salma Khatun,GWHM Perera,1,0,1
Sri Lanka,14,GWHM Perera,Salma Khatun,MAA Sanjeewani,0,0,0
Sri Lanka,14,GWHM Perera,Salma Khatun,MAA Sanjeewani,0,2,2
Sri Lanka,14,GWHM Perera,Salma Khatun,MAA Sanjeewani,0,0,0
Sri Lanka,14,GWHM Perera,Salma Khatun,MAA Sanjeewani,1,0,1
Sri Lanka,15,GWHM Perera,Nahida Akter,MAA Sanjeewani,1,0,1
Sri Lanka,15,MAA Sanjeewani,Nahida Akter,GWHM Perera,1,0,1
Sri Lanka,15,GWHM Perera,Nahida Akter,MAA Sanjeewani,4,0,4
