Team,Over,Batter,Bowler,Non_Striker,Batter_Runs,Extras,Total_Runs
Vanuatu,0,J Rasu,J Kila,A Mansale,0,0,0
Vanuatu,0,J Rasu,J Kila,A Mansale,0,0,0
Vanuatu,0,J Rasu,J Kila,A Mansale,0,0,0
Vanuatu,0,J Rasu,J Kila,A Mansale,1,0,1
Vanuatu,0,A Mansale,J Kila,J Rasu,1,0,1
Vanuatu,0,J Rasu,J Kila,A Mansale,0,0,0
Vanuatu,1,A Mansale,N Pokana,J Rasu,0,0,0
Vanuatu,1,A Mansale,N Pokana,J Rasu,0,0,0
Vanuatu,1,A Mansale,N Pokana,J Rasu,0,0,0
Vanuatu,1,A Mansale,N Pokana,J Rasu,2,0,2
Vanuatu,1,A Mansale,N Pokana,J Rasu,1,0,1
Vanuatu,1,J Rasu,N Pokana,A Mansale,0,0,0
Vanuatu,2,A Mansale,N Vanua,J Rasu,0,0,0
Vanuatu,2,A Mansale,N Vanua,J Rasu,2,0,2
Vanuatu,2,A Mansale,N Vanua,J Rasu,1,0,1
Vanuatu,2,J Rasu,N Vanua,A Mansale,1,0,1
Vanuatu,2,A Mansale,N Vanua,J Rasu,0,0,0
Vanuatu,2,A Mansale,N Vanua,J Rasu,4,0,4
Vanuatu,3,J Rasu,D Ravu,A Mansale,1,0,1
Vanuatu,3,A Mansale,D Ravu,J Rasu,4,0,4
Vanuatu,3,A Mansale,D Ravu,J Rasu,0,0,0
Vanuatu,3,J Rasu,D Ravu,N Nipiko,0,0,0
Vanuatu,3,J Rasu,D Ravu,N Nipiko,0,0,0
Vanuatu,3,J Rasu,D Ravu,N Nipiko,0,0,0
Vanuatu,4,N Nipiko,N Pokana,J Rasu,0,0,0
Vanuatu,4,N Nipiko,N Pokana,J Rasu,0,0,0
Vanuatu,4,N Nipiko,N Pokana,J Rasu,0,0,0
Vanuatu,4,N Nipiko,N Pokana,J Rasu,1,0,1
Vanuatu,4,J Rasu,N Pokana,N Nipiko,4,0,4
Vanuatu,4,J Rasu,N Pokana,N Nipiko,0,0,0
Vanuatu,5,N Nipiko,N Vanua,J Rasu,0,1,1
Vanuatu,5,N Nipiko,N Vanua,J Rasu,1,0,1
Vanuatu,5,J Rasu,N Vanua,N Nipiko,1,0,1
Vanuatu,5,N Nipiko,N Vanua,J Rasu,0,0,0
Vanuatu,5,N Nipiko,N Vanua,J Rasu,4,0,4
Vanuatu,5,N Nipiko,N Vanua,J Rasu,4,0,4
Vanuatu,5,N Nipiko,N Vanua,J Rasu,1,0,1
Vanuatu,6,N Nipiko,J Kila,J Rasu,0,0,0
Vanuatu,6,N Nipiko,J Kila,J Rasu,1,0,1
Vanuatu,6,J Rasu,J Kila,N Nipiko,0,0,0
Vanuatu,6,J Rasu,J Kila,N Nipiko,0,0,0
Vanuatu,6,J Rasu,J Kila,N Nipiko,2,0,2
Vanuatu,6,J Rasu,J Kila,N Nipiko,6,0,6
Vanuatu,7,N Nipiko,CJA Amini,J Rasu,0,0,0
Vanuatu,7,N Nipiko,CJA Amini,J Rasu,1,0,1
Vanuatu,7,J Rasu,CJA Amini,N Nipiko,1,0,1
Vanuatu,7,N Nipiko,CJA Amini,J Rasu,4,0,4
Vanuatu,7,N Nipiko,CJA Amini,J Rasu,0,0,0
Vanuatu,7,N Nipiko,CJA Amini,J Rasu,1,0,1
Vanuatu,8,N Nipiko,JB Reva,J Rasu,2,0,2
Vanuatu,8,N Nipiko,JB Reva,J Rasu,0,0,0
Vanuatu,8,N Nipiko,JB Reva,J Rasu,1,0,1
Vanuatu,8,J Rasu,JB Reva,N Nipiko,1,0,1
Vanuatu,8,N Nipiko,JB Reva,J Rasu,2,0,2
Vanuatu,8,N Nipiko,JB Reva,J Rasu,1,0,1
Vanuatu,9,N Nipiko,L Siaka,J Rasu,0,0,0
Vanuatu,9,N Nipiko,L Siaka,J Rasu,1,0,1
Vanuatu,9,J Rasu,L Siaka,N Nipiko,1,0,1
Vanuatu,9,N Nipiko,L Siaka,J Rasu,0,0,0
Vanuatu,9,N Nipiko,L Siaka,J Rasu,1,0,1
Vanuatu,9,J Rasu,L Siaka,N Nipiko,0,0,0
Vanuatu,10,N Nipiko,D Ravu,J Rasu,1,0,1
Vanuatu,10,J Rasu,D Ravu,N Nipiko,0,0,0
Vanuatu,10,J Rasu,D Ravu,N Nipiko,1,0,1
Vanuatu,10,N Nipiko,D Ravu,J Rasu,0,0,0
Vanuatu,10,N Nipiko,D Ravu,J Rasu,0,0,0
Vanuatu,10,N Nipiko,D Ravu,J Rasu,1,0,1
Vanuatu,11,N Nipiko,L Siaka,J Rasu,2,0,2
Vanuatu,11,N Nipiko,L Siaka,J Rasu,0,0,0
Vanuatu,11,N Nipiko,L Siaka,J Rasu,1,0,1
Vanuatu,11,J Rasu,L Siaka,N Nipiko,0,0,0
Vanuatu,11,N Nipiko,L Siaka,G Kaltongga,1,0,1
Vanuatu,11,G Kaltongga,L Siaka,N Nipiko,0,0,0
Vanuatu,12,N Nipiko,N Pokana,J Dunn,0,1,1
Vanuatu,12,N Nipiko,N Pokana,J Dunn,0,0,0
Vanuatu,12,N Nipiko,N Pokana,J Dunn,0,0,0
Vanuatu,12,N Nipiko,N Pokana,J Dunn,6,0,6
Vanuatu,12,N Nipiko,N Pokana,J Dunn,0,0,0
Vanuatu,12,N Nipiko,N Pokana,J Dunn,0,0,0
Vanuatu,12,N Nipiko,N Pokana,J Dunn,2,0,2
Vanuatu,13,J Dunn,CJA Amini,N Nipiko,1,0,1
Vanuatu,13,N Nipiko,CJA Amini,J Dunn,1,0,1
Vanuatu,13,J Dunn,CJA Amini,N Nipiko,2,0,2
Vanuatu,13,J Dunn,CJA Amini,N Nipiko,0,0,0
Vanuatu,13,J Dunn,CJA Amini,N Nipiko,1,0,1
Vanuatu,13,N Nipiko,CJA Amini,J Dunn,1,0,1
Vanuatu,14,N Nipiko,N Vanua,J Dunn,1,0,1
Vanuatu,14,J Dunn,N Vanua,N Nipiko,0,0,0
Vanuatu,14,J Dunn,N Vanua,N Nipiko,1,0,1
Vanuatu,14,N Nipiko,N Vanua,J Dunn,0,0,0
Vanuatu,14,N Nipiko,N Vanua,J Dunn,0,0,0
Vanuatu,14,N Nipiko,N Vanua,J Dunn,1,0,1
Vanuatu,15,N Nipiko,CJA Amini,J Dunn,0,0,0
Vanuatu,15,N Nipiko,CJA Amini,J Dunn,2,0,2
Vanuatu,15,N Nipiko,CJA Amini,J Dunn,0,0,0
Vanuatu,15,N Nipiko,CJA Amini,J Dunn,0,0,0
Vanuatu,15,N Nipiko,CJA Amini,J Dunn,4,0,4
Vanuatu,15,N Nipiko,CJA Amini,J Dunn,1,0,1
Vanuatu,16,N Nipiko,N Pokana,J Dunn,0,1,1
Vanuatu,16,N Nipiko,N Pokana,J Dunn,1,0,1
Vanuatu,16,J Dunn,N Pokana,N Nipiko,0,0,0
Vanuatu,16,J Dunn,N Pokana,N Nipiko,0,0,0
Vanuatu,16,J Dunn,N Pokana,N Nipiko,0,0,0
Vanuatu,16,J Dunn,N Pokana,N Nipiko,0,0,0
Vanuatu,16,N Nipiko,N Pokana,R Tari,1,0,1
Vanuatu,17,N Nipiko,CJA Amini,R Tari,0,0,0
Vanuatu,17,N Nipiko,CJA Amini,R Tari,0,0,0
Vanuatu,17,J Vira,CJA Amini,R Tari,1,0,1
Vanuatu,17,R Tari,CJA Amini,J Vira,2,0,2
Vanuatu,17,R Tari,CJA Amini,J Vira,0,0,0
Vanuatu,17,R Tari,CJA Amini,J Vira,1,0,1
Vanuatu,18,R Tari,N Vanua,J Vira,1,0,1
Vanuatu,18,J Vira,N Vanua,R Tari,1,0,1
Vanuatu,18,R Tari,N Vanua,J Vira,0,0,0
Vanuatu,18,R Tari,N Vanua,J Vira,4,0,4
Vanuatu,18,R Tari,N Vanua,J Vira,2,0,2
Vanuatu,18,R Tari,N Vanua,J Vira,1,0,1
Vanuatu,19,R Tari,JB Reva,J Vira,0,1,1
Vanuatu,19,R Tari,JB Reva,J Vira,2,0,2
Vanuatu,19,R Tari,JB Reva,J Vira,4,0,4
Vanuatu,19,R Tari,JB Reva,J Vira,2,0,2
Vanuatu,19,R Tari,JB Reva,J Vira,2,0,2
Vanuatu,19,R Tari,JB Reva,J Vira,0,0,0
Vanuatu,19,J Vira,JB Reva,SH Obed,4,0,4
Papua New Guinea,0,TP Ura,SH Obed,N Vanua,0,0,0
Papua New Guinea,0,TP Ura,SH Obed,N Vanua,1,0,1
Papua New Guinea,0,N Vanua,SH Obed,TP Ura,2,0,2
Papua New Guinea,0,N Vanua,SH Obed,TP Ura,1,0,1
Papua New Guinea,0,TP Ura,SH Obed,N Vanua,3,0,3
Papua New Guinea,0,N Vanua,SH Obed,TP Ura,0,0,0
Papua New Guinea,1,TP Ura,CC Blake,N Vanua,0,1,1
Papua New Guinea,1,TP Ura,CC Blake,N Vanua,2,0,2
Papua New Guinea,1,TP Ura,CC Blake,N Vanua,6,0,6
Papua New Guinea,1,TP Ura,CC Blake,N Vanua,0,0,0
Papua New Guinea,1,TP Ura,CC Blake,N Vanua,0,0,0
Papua New Guinea,1,TP Ura,CC Blake,N Vanua,4,0,4
Papua New Guinea,1,TP Ura,CC Blake,N Vanua,0,1,1
Papua New Guinea,2,TP Ura,N Nipiko,N Vanua,0,0,0
Papua New Guinea,2,TP Ura,N Nipiko,N Vanua,0,0,0
Papua New Guinea,2,TP Ura,N Nipiko,N Vanua,0,0,0
Papua New Guinea,2,TP Ura,N Nipiko,N Vanua,1,0,1
Papua New Guinea,2,N Vanua,N Nipiko,TP Ura,0,0,0
Papua New Guinea,2,N Vanua,N Nipiko,TP Ura,0,0,0
Papua New Guinea,3,TP Ura,JW Chilia,N Vanua,0,0,0
Papua New Guinea,3,TP Ura,JW Chilia,N Vanua,1,0,1
Papua New Guinea,3,N Vanua,JW Chilia,TP Ura,1,0,1
Papua New Guinea,3,TP Ura,JW Chilia,N Vanua,1,0,1
Papua New Guinea,3,N Vanua,JW Chilia,TP Ura,1,0,1
Papua New Guinea,3,TP Ura,JW Chilia,N Vanua,1,0,1
Papua New Guinea,4,TP Ura,N Nipiko,N Vanua,0,0,0
Papua New Guinea,4,TP Ura,N Nipiko,N Vanua,0,1,1
Papua New Guinea,4,TP Ura,N Nipiko,N Vanua,0,0,0
Papua New Guinea,4,TP Ura,N Nipiko,N Vanua,4,0,4
Papua New Guinea,4,TP Ura,N Nipiko,N Vanua,6,0,6
Papua New Guinea,4,TP Ura,N Nipiko,N Vanua,4,0,4
Papua New Guinea,4,TP Ura,N Nipiko,N Vanua,6,0,6
Papua New Guinea,5,N Vanua,JW Chilia,TP Ura,1,0,1
Papua New Guinea,5,TP Ura,JW Chilia,N Vanua,0,0,0
Papua New Guinea,5,TP Ura,JW Chilia,N Vanua,2,0,2
Papua New Guinea,5,TP Ura,JW Chilia,N Vanua,0,0,0
Papua New Guinea,5,TP Ura,JW Chilia,N Vanua,4,0,4
Papua New Guinea,5,TP Ura,JW Chilia,N Vanua,4,0,4
Papua New Guinea,6,N Vanua,W Nalisa,TP Ura,1,0,1
Papua New Guinea,6,TP Ura,W Nalisa,N Vanua,1,0,1
Papua New Guinea,6,N Vanua,W Nalisa,TP Ura,1,0,1
Papua New Guinea,6,TP Ura,W Nalisa,N Vanua,1,0,1
Papua New Guinea,6,N Vanua,W Nalisa,TP Ura,1,0,1
Papua New Guinea,6,TP Ura,W Nalisa,N Vanua,6,0,6
Papua New Guinea,7,N Vanua,JW Chilia,TP Ura,1,0,1
Papua New Guinea,7,TP Ura,JW Chilia,N Vanua,0,0,0
Papua New Guinea,7,TP Ura,JW Chilia,N Vanua,0,0,0
Papua New Guinea,7,TP Ura,JW Chilia,N Vanua,1,0,1
Papua New Guinea,7,N Vanua,JW Chilia,TP Ura,0,0,0
Papua New Guinea,7,N Vanua,JW Chilia,TP Ura,4,0,4
Papua New Guinea,8,TP Ura,W Nalisa,N Vanua,6,0,6
Papua New Guinea,8,TP Ura,W Nalisa,N Vanua,0,0,0
Papua New Guinea,8,N Vanua,W Nalisa,A Vala,0,1,1
Papua New Guinea,8,N Vanua,W Nalisa,A Vala,1,0,1
Papua New Guinea,8,A Vala,W Nalisa,N Vanua,0,0,0
Papua New Guinea,8,A Vala,W Nalisa,N Vanua,0,0,0
Papua New Guinea,8,A Vala,W Nalisa,N Vanua,0,0,0
Papua New Guinea,9,N Vanua,SH Obed,A Vala,1,0,1
Papua New Guinea,9,A Vala,SH Obed,N Vanua,0,0,0
Papua New Guinea,9,A Vala,SH Obed,N Vanua,1,0,1
Papua New Guinea,9,N Vanua,SH Obed,A Vala,0,0,0
Papua New Guinea,9,CJA Amini,SH Obed,A Vala,1,0,1
Papua New Guinea,9,A Vala,SH Obed,CJA Amini,1,0,1
Papua New Guinea,10,A Vala,W Nalisa,CJA Amini,1,0,1
Papua New Guinea,10,CJA Amini,W Nalisa,A Vala,1,0,1
Papua New Guinea,10,A Vala,W Nalisa,CJA Amini,0,0,0
Papua New Guinea,10,A Vala,W Nalisa,CJA Amini,1,0,1
Papua New Guinea,10,CJA Amini,W Nalisa,A Vala,1,0,1
Papua New Guinea,10,A Vala,W Nalisa,CJA Amini,1,0,1
Papua New Guinea,11,A Vala,SH Obed,CJA Amini,1,0,1
Papua New Guinea,11,CJA Amini,SH Obed,A Vala,1,0,1
Papua New Guinea,11,A Vala,SH Obed,CJA Amini,1,0,1
Papua New Guinea,11,CJA Amini,SH Obed,A Vala,0,0,0
Papua New Guinea,11,CJA Amini,SH Obed,A Vala,2,0,2
Papua New Guinea,11,CJA Amini,SH Obed,A Vala,0,0,0
Papua New Guinea,12,A Vala,W Nalisa,CJA Amini,2,0,2
Papua New Guinea,12,A Vala,W Nalisa,CJA Amini,0,0,0
Papua New Guinea,12,A Vala,W Nalisa,CJA Amini,1,0,1
Papua New Guinea,12,CJA Amini,W Nalisa,A Vala,1,0,1
Papua New Guinea,12,A Vala,W Nalisa,CJA Amini,1,0,1
Papua New Guinea,12,CJA Amini,W Nalisa,A Vala,0,0,0
Papua New Guinea,13,A Vala,SH Obed,CJA Amini,1,0,1
Papua New Guinea,13,CJA Amini,SH Obed,A Vala,6,0,6
Papua New Guinea,13,CJA Amini,SH Obed,A Vala,2,0,2
Papua New Guinea,13,CJA Amini,SH Obed,A Vala,1,0,1
Papua New Guinea,13,A Vala,SH Obed,CJA Amini,6,0,6
Papua New Guinea,13,A Vala,SH Obed,CJA Amini,0,0,0
Papua New Guinea,14,CJA Amini,CC Blake,A Vala,0,0,0
Papua New Guinea,14,CJA Amini,CC Blake,A Vala,0,1,1
Papua New Guinea,14,CJA Amini,CC Blake,A Vala,0,0,0
Papua New Guinea,14,CJA Amini,CC Blake,A Vala,1,0,1
Papua New Guinea,14,A Vala,CC Blake,CJA Amini,1,0,1
Papua New Guinea,14,CJA Amini,CC Blake,A Vala,0,0,0
Papua New Guinea,14,CJA Amini,CC Blake,A Vala,0,0,0
Papua New Guinea,15,A Vala,JW Chilia,CJA Amini,1,0,1
Papua New Guinea,15,CJA Amini,JW Chilia,A Vala,2,0,2
