Team,Over,Batter,Bowler,Non_Striker,Batter_Runs,Extras,Total_Runs
England,0,DN Wyatt,WGAKK Kulasuriya,AE Jones,1,0,1
England,0,AE Jones,WGAKK Kulasuriya,DN Wyatt,1,0,1
England,0,DN Wyatt,WGAKK Kulasuriya,AE Jones,0,0,0
England,0,DN Wyatt,WGAKK Kulasuriya,AE Jones,4,0,4
England,0,DN Wyatt,WGAKK Kulasuriya,AE Jones,1,0,1
England,0,AE Jones,WGAKK Kulasuriya,DN Wyatt,0,0,0
England,1,DN Wyatt,M Methtananda,AE Jones,0,0,0
England,1,DN Wyatt,M Methtananda,AE Jones,4,0,4
England,1,DN Wyatt,M Methtananda,AE Jones,1,0,1
England,1,AE Jones,M Methtananda,DN Wyatt,0,0,0
England,1,AE Jones,M Methtananda,DN Wyatt,1,0,1
England,1,DN Wyatt,M Methtananda,AE Jones,1,0,1
England,2,DN Wyatt,WGAKK Kulasuriya,AE Jones,0,0,0
England,2,DN Wyatt,WGAKK Kulasuriya,AE Jones,1,0,1
England,2,AE Jones,WGAKK Kulasuriya,DN Wyatt,2,0,2
England,2,AE Jones,WGAKK Kulasuriya,DN Wyatt,0,0,0
England,2,AE Jones,WGAKK Kulasuriya,DN Wyatt,0,0,0
England,2,AE Jones,WGAKK Kulasuriya,DN Wyatt,6,0,6
England,3,DN Wyatt,M Methtananda,AE Jones,2,0,2
England,3,DN Wyatt,M Methtananda,AE Jones,1,0,1
England,3,AE Jones,M Methtananda,DN Wyatt,4,0,4
England,3,AE Jones,M Methtananda,DN Wyatt,4,0,4
England,3,AE Jones,M Methtananda,DN Wyatt,4,0,4
England,3,AE Jones,M Methtananda,DN Wyatt,1,0,1
England,4,AE Jones,BMSM Kumari,DN Wyatt,4,0,4
England,4,AE Jones,BMSM Kumari,DN Wyatt,0,0,0
England,4,AE Jones,BMSM Kumari,DN Wyatt,0,0,0
England,4,AE Jones,BMSM Kumari,DN Wyatt,0,0,0
England,4,AE Jones,BMSM Kumari,DN Wyatt,1,0,1
England,4,DN Wyatt,BMSM Kumari,AE Jones,6,0,6
England,5,AE Jones,AC Jayangani,DN Wyatt,1,0,1
England,5,DN Wyatt,AC Jayangani,AE Jones,0,0,0
England,5,DN Wyatt,AC Jayangani,AE Jones,4,0,4
England,5,DN Wyatt,AC Jayangani,AE Jones,1,0,1
England,5,AE Jones,AC Jayangani,DN Wyatt,1,0,1
England,5,DN Wyatt,AC Jayangani,AE Jones,4,0,4
England,6,AE Jones,OU Ranasinghe,DN Wyatt,1,0,1
England,6,DN Wyatt,OU Ranasinghe,AE Jones,1,0,1
England,6,AE Jones,OU Ranasinghe,DN Wyatt,4,0,4
England,6,AE Jones,OU Ranasinghe,DN Wyatt,1,0,1
England,6,DN Wyatt,OU Ranasinghe,AE Jones,4,0,4
England,6,DN Wyatt,OU Ranasinghe,AE Jones,1,0,1
England,7,DN Wyatt,HASD Siriwardene,AE Jones,2,0,2
England,7,DN Wyatt,HASD Siriwardene,AE Jones,0,0,0
England,7,DN Wyatt,HASD Siriwardene,AE Jones,1,0,1
England,7,AE Jones,HASD Siriwardene,DN Wyatt,1,0,1
England,7,DN Wyatt,HASD Siriwardene,AE Jones,2,0,2
England,7,DN Wyatt,HASD Siriwardene,AE Jones,1,0,1
England,8,DN Wyatt,BMSM Kumari,AE Jones,4,0,4
England,8,DN Wyatt,BMSM Kumari,AE Jones,0,0,0
England,8,DN Wyatt,BMSM Kumari,AE Jones,1,0,1
England,8,AE Jones,BMSM Kumari,DN Wyatt,4,0,4
England,8,AE Jones,BMSM Kumari,DN Wyatt,1,0,1
England,8,DN Wyatt,BMSM Kumari,AE Jones,1,0,1
England,9,DN Wyatt,HASD Siriwardene,AE Jones,1,0,1
England,9,AE Jones,HASD Siriwardene,DN Wyatt,1,0,1
England,9,DN Wyatt,HASD Siriwardene,AE Jones,1,0,1
England,9,AE Jones,HASD Siriwardene,DN Wyatt,0,0,0
England,9,AE Jones,HASD Siriwardene,DN Wyatt,1,0,1
England,9,DN Wyatt,HASD Siriwardene,AE Jones,0,0,0
England,10,AE Jones,OU Ranasinghe,DN Wyatt,1,0,1
England,10,DN Wyatt,OU Ranasinghe,AE Jones,0,0,0
England,10,AE Jones,OU Ranasinghe,TT Beaumont,1,0,1
England,10,TT Beaumont,OU Ranasinghe,AE Jones,0,0,0
England,10,TT Beaumont,OU Ranasinghe,AE Jones,1,0,1
England,10,AE Jones,OU Ranasinghe,TT Beaumont,1,0,1
England,11,AE Jones,HASD Siriwardene,TT Beaumont,1,0,1
England,11,TT Beaumont,HASD Siriwardene,AE Jones,1,0,1
England,11,AE Jones,HASD Siriwardene,TT Beaumont,1,0,1
England,11,TT Beaumont,HASD Siriwardene,AE Jones,1,0,1
England,11,AE Jones,HASD Siriwardene,TT Beaumont,6,0,6
England,11,AE Jones,HASD Siriwardene,TT Beaumont,1,0,1
England,12,AE Jones,OU Ranasinghe,TT Beaumont,1,0,1
England,12,TT Beaumont,OU Ranasinghe,AE Jones,1,0,1
England,12,AE Jones,OU Ranasinghe,TT Beaumont,0,1,1
England,12,TT Beaumont,OU Ranasinghe,AE Jones,2,0,2
England,12,TT Beaumont,OU Ranasinghe,AE Jones,1,0,1
England,12,AE Jones,OU Ranasinghe,TT Beaumont,0,0,0
England,13,NR Sciver,H Karunaratne,TT Beaumont,4,0,4
England,13,NR Sciver,H Karunaratne,TT Beaumont,4,0,4
England,13,NR Sciver,H Karunaratne,TT Beaumont,4,0,4
England,13,NR Sciver,H Karunaratne,TT Beaumont,1,0,1
England,13,TT Beaumont,H Karunaratne,NR Sciver,1,0,1
England,13,NR Sciver,H Karunaratne,TT Beaumont,1,0,1
England,14,NR Sciver,OU Ranasinghe,TT Beaumont,0,0,0
England,14,NR Sciver,OU Ranasinghe,TT Beaumont,0,1,1
England,14,NR Sciver,OU Ranasinghe,TT Beaumont,1,0,1
England,14,TT Beaumont,OU Ranasinghe,NR Sciver,2,0,2
England,14,TT Beaumont,OU Ranasinghe,NR Sciver,1,0,1
England,14,NR Sciver,OU Ranasinghe,TT Beaumont,1,0,1
England,14,TT Beaumont,OU Ranasinghe,NR Sciver,1,0,1
England,15,TT Beaumont,BMSM Kumari,NR Sciver,2,0,2
England,15,TT Beaumont,BMSM Kumari,NR Sciver,4,0,4
England,15,TT Beaumont,BMSM Kumari,NR Sciver,1,0,1
England,15,NR Sciver,BMSM Kumari,TT Beaumont,4,0,4
England,15,NR Sciver,BMSM Kumari,TT Beaumont,0,0,0
England,15,NR Sciver,BMSM Kumari,TT Beaumont,1,0,1
England,16,NR Sciver,HASD Siriwardene,TT Beaumont,0,1,1
England,16,TT Beaumont,HASD Siriwardene,NR Sciver,2,0,2
England,16,TT Beaumont,HASD Siriwardene,NR Sciver,1,0,1
England,16,NR Sciver,HASD Siriwardene,TT Beaumont,4,0,4
England,16,NR Sciver,HASD Siriwardene,TT Beaumont,4,0,4
England,16,NR Sciver,HASD Siriwardene,TT Beaumont,1,0,1
England,17,NR Sciver,AC Jayangani,TT Beaumont,0,0,0
England,17,NR Sciver,AC Jayangani,TT Beaumont,1,0,1
England,17,TT Beaumont,AC Jayangani,NR Sciver,4,0,4
England,17,TT Beaumont,AC Jayangani,NR Sciver,4,0,4
England,17,TT Beaumont,AC Jayangani,NR Sciver,1,0,1
England,17,NR Sciver,AC Jayangani,TT Beaumont,1,0,1
England,18,NR Sciver,WGAKK Kulasuriya,TT Beaumont,4,0,4
England,18,NR Sciver,WGAKK Kulasuriya,TT Beaumont,4,0,4
England,18,NR Sciver,WGAKK Kulasuriya,TT Beaumont,4,0,4
England,18,NR Sciver,WGAKK Kulasuriya,TT Beaumont,4,0,4
England,18,NR Sciver,WGAKK Kulasuriya,TT Beaumont,1,0,1
England,18,TT Beaumont,WGAKK Kulasuriya,NR Sciver,1,0,1
England,19,TT Beaumont,AC Jayangani,NR Sciver,2,0,2
England,19,TT Beaumont,AC Jayangani,NR Sciver,1,0,1
England,19,NR Sciver,AC Jayangani,TT Beaumont,0,0,0
England,19,NR Sciver,AC Jayangani,TT Beaumont,0,2,2
England,19,TT Beaumont,AC Jayangani,NR Sciver,4,0,4
England,19,TT Beaumont,AC Jayangani,NR Sciver,2,0,2
England,19,TT Beaumont,AC Jayangani,NR Sciver,1,0,1
Sri Lanka,0,AC Jayangani,FR Davies,U Thimashini,0,0,0
Sri Lanka,0,AC Jayangani,FR Davies,U Thimashini,0,1,1
Sri Lanka,0,U Thimashini,FR Davies,AC Jayangani,0,0,0
Sri Lanka,0,U Thimashini,FR Davies,AC Jayangani,1,0,1
Sri Lanka,0,AC Jayangani,FR Davies,U Thimashini,0,0,0
Sri Lanka,0,AC Jayangani,FR Davies,U Thimashini,0,0,0
Sri Lanka,1,U Thimashini,LCN Smith,AC Jayangani,0,0,0
Sri Lanka,1,H Karunaratne,LCN Smith,AC Jayangani,1,0,1
Sri Lanka,1,AC Jayangani,LCN Smith,H Karunaratne,4,0,4
Sri Lanka,1,AC Jayangani,LCN Smith,H Karunaratne,4,0,4
Sri Lanka,1,AC Jayangani,LCN Smith,H Karunaratne,2,0,2
Sri Lanka,1,AC Jayangani,LCN Smith,H Karunaratne,0,1,1
Sri Lanka,1,AC Jayangani,LCN Smith,H Karunaratne,0,1,1
Sri Lanka,2,AC Jayangani,FR Davies,H Karunaratne,0,0,0
Sri Lanka,2,HASD Siriwardene,FR Davies,H Karunaratne,0,0,0
Sri Lanka,2,HASD Siriwardene,FR Davies,H Karunaratne,0,0,0
Sri Lanka,2,HASD Siriwardene,FR Davies,H Karunaratne,1,0,1
Sri Lanka,2,H Karunaratne,FR Davies,HASD Siriwardene,0,0,0
Sri Lanka,2,H Karunaratne,FR Davies,HASD Siriwardene,0,0,0
Sri Lanka,3,HASD Siriwardene,KL Cross,H Karunaratne,2,1,3
Sri Lanka,3,HASD Siriwardene,KL Cross,H Karunaratne,2,0,2
Sri Lanka,3,HASD Siriwardene,KL Cross,H Karunaratne,0,0,0
Sri Lanka,3,HASD Siriwardene,KL Cross,H Karunaratne,0,0,0
Sri Lanka,3,OU Ranasinghe,KL Cross,H Karunaratne,0,0,0
Sri Lanka,3,OU Ranasinghe,KL Cross,H Karunaratne,0,0,0
Sri Lanka,3,OU Ranasinghe,KL Cross,H Karunaratne,0,0,0
Sri Lanka,4,H Karunaratne,FR Davies,OU Ranasinghe,1,0,1
Sri Lanka,4,OU Ranasinghe,FR Davies,H Karunaratne,0,0,0
Sri Lanka,4,OU Ranasinghe,FR Davies,H Karunaratne,1,0,1
Sri Lanka,4,H Karunaratne,FR Davies,OU Ranasinghe,1,0,1
Sri Lanka,4,OU Ranasinghe,FR Davies,H Karunaratne,0,0,0
Sri Lanka,4,OU Ranasinghe,FR Davies,H Karunaratne,4,0,4
Sri Lanka,5,H Karunaratne,KL Cross,OU Ranasinghe,0,2,2
Sri Lanka,5,OU Ranasinghe,KL Cross,H Karunaratne,0,0,0
Sri Lanka,5,OU Ranasinghe,KL Cross,H Karunaratne,0,0,0
Sri Lanka,5,OU Ranasinghe,KL Cross,H Karunaratne,0,0,0
Sri Lanka,5,OU Ranasinghe,KL Cross,H Karunaratne,1,0,1
Sri Lanka,5,H Karunaratne,KL Cross,OU Ranasinghe,1,0,1
Sri Lanka,5,OU Ranasinghe,KL Cross,H Karunaratne,2,0,2
Sri Lanka,6,H Karunaratne,LA Marsh,OU Ranasinghe,0,0,0
Sri Lanka,6,H Karunaratne,LA Marsh,OU Ranasinghe,1,0,1
Sri Lanka,6,OU Ranasinghe,LA Marsh,H Karunaratne,1,0,1
Sri Lanka,6,H Karunaratne,LA Marsh,OU Ranasinghe,1,0,1
Sri Lanka,6,OU Ranasinghe,LA Marsh,H Karunaratne,0,0,0
Sri Lanka,6,H Madavi,LA Marsh,H Karunaratne,1,0,1
Sri Lanka,7,H Madavi,LCN Smith,H Karunaratne,1,0,1
Sri Lanka,7,H Karunaratne,LCN Smith,H Madavi,1,0,1
Sri Lanka,7,H Madavi,LCN Smith,H Karunaratne,0,0,0
Sri Lanka,7,H Madavi,LCN Smith,H Karunaratne,1,0,1
Sri Lanka,7,H Karunaratne,LCN Smith,H Madavi,0,0,0
Sri Lanka,7,H Karunaratne,LCN Smith,H Madavi,1,0,1
Sri Lanka,8,H Karunaratne,LA Marsh,H Madavi,1,0,1
Sri Lanka,8,H Madavi,LA Marsh,H Karunaratne,0,0,0
Sri Lanka,8,H Madavi,LA Marsh,H Karunaratne,1,0,1
Sri Lanka,8,H Karunaratne,LA Marsh,H Madavi,0,0,0
Sri Lanka,8,H Karunaratne,LA Marsh,H Madavi,1,0,1
Sri Lanka,8,H Madavi,LA Marsh,H Karunaratne,1,0,1
Sri Lanka,9,H Madavi,HC Knight,H Karunaratne,0,0,0
Sri Lanka,9,H Madavi,HC Knight,H Karunaratne,0,0,0
Sri Lanka,9,MADD Surangika,HC Knight,H Karunaratne,0,0,0
Sri Lanka,9,MADD Surangika,HC Knight,H Karunaratne,0,0,0
Sri Lanka,9,MADD Surangika,HC Knight,H Karunaratne,1,0,1
Sri Lanka,9,H Karunaratne,HC Knight,MADD Surangika,0,0,0
Sri Lanka,10,MADD Surangika,DN Wyatt,H Karunaratne,1,0,1
Sri Lanka,10,H Karunaratne,DN Wyatt,MADD Surangika,1,0,1
Sri Lanka,10,MADD Surangika,DN Wyatt,H Karunaratne,0,0,0
Sri Lanka,10,MADD Surangika,DN Wyatt,H Karunaratne,1,0,1
Sri Lanka,10,H Karunaratne,DN Wyatt,MADD Surangika,1,0,1
Sri Lanka,10,MADD Surangika,DN Wyatt,H Karunaratne,0,0,0
Sri Lanka,11,H Karunaratne,HC Knight,MADD Surangika,1,0,1
Sri Lanka,11,MADD Surangika,HC Knight,H Karunaratne,2,0,2
Sri Lanka,11,MADD Surangika,HC Knight,H Karunaratne,1,0,1
Sri Lanka,11,H Karunaratne,HC Knight,MADD Surangika,0,0,0
Sri Lanka,11,H Karunaratne,HC Knight,MADD Surangika,1,0,1
Sri Lanka,11,MADD Surangika,HC Knight,H Karunaratne,0,0,0
Sri Lanka,12,H Karunaratne,DN Wyatt,MADD Surangika,1,0,1
Sri Lanka,12,MADD Surangika,DN Wyatt,H Karunaratne,1,0,1
Sri Lanka,12,H Karunaratne,DN Wyatt,MADD Surangika,0,0,0
Sri Lanka,12,H Karunaratne,DN Wyatt,MADD Surangika,1,0,1
Sri Lanka,12,MADD Surangika,DN Wyatt,H Karunaratne,0,0,0
Sri Lanka,12,MADD Surangika,DN Wyatt,H Karunaratne,0,0,0
Sri Lanka,13,H Karunaratne,LCN Smith,MADD Surangika,0,0,0
Sri Lanka,13,H Karunaratne,LCN Smith,MADD Surangika,1,0,1
Sri Lanka,13,MADD Surangika,LCN Smith,H Karunaratne,2,0,2
Sri Lanka,13,MADD Surangika,LCN Smith,H Karunaratne,1,0,1
Sri Lanka,13,H Karunaratne,LCN Smith,MADD Surangika,0,0,0
Sri Lanka,13,H Karunaratne,LCN Smith,MADD Surangika,1,0,1
Sri Lanka,14,H Karunaratne,LA Marsh,MADD Surangika,0,0,0
Sri Lanka,14,H Karunaratne,LA Marsh,MADD Surangika,0,0,0
Sri Lanka,14,H Karunaratne,LA Marsh,MADD Surangika,0,0,0
Sri Lanka,14,H Karunaratne,LA Marsh,MADD Surangika,4,0,4
Sri Lanka,14,H Karunaratne,LA Marsh,MADD Surangika,1,0,1
Sri Lanka,14,MADD Surangika,LA Marsh,H Karunaratne,4,0,4
Sri Lanka,15,H Karunaratne,KL Cross,MADD Surangika,0,0,0
Sri Lanka,15,H Karunaratne,KL Cross,MADD Surangika,0,0,0
Sri Lanka,15,H Karunaratne,KL Cross,MADD Surangika,1,0,1
Sri Lanka,15,MADD Surangika,KL Cross,H Karunaratne,1,0,1
Sri Lanka,15,H Karunaratne,KL Cross,MADD Surangika,0,0,0
Sri Lanka,15,H Karunaratne,KL Cross,MADD Surangika,0,0,0
Sri Lanka,16,MADD Surangika,HC Knight,H Karunaratne,1,0,1
Sri Lanka,16,H Karunaratne,HC Knight,MADD Surangika,0,0,0
Sri Lanka,16,H Karunaratne,HC Knight,MADD Surangika,4,0,4
Sri Lanka,16,H Karunaratne,HC Knight,MADD Surangika,0,0,0
Sri Lanka,16,H Karunaratne,HC Knight,MADD Surangika,1,0,1
Sri Lanka,16,MADD Surangika,HC Knight,H Karunaratne,1,0,1
Sri Lanka,17,MADD Surangika,KL Cross,H Karunaratne,0,0,0
Sri Lanka,17,NND de Silva,KL Cross,H Karunaratne,1,0,1
Sri Lanka,17,H Karunaratne,KL Cross,NND de Silva,0,0,0
Sri Lanka,17,H Karunaratne,KL Cross,NND de Silva,4,0,4
Sri Lanka,17,H Karunaratne,KL Cross,NND de Silva,0,1,1
Sri Lanka,17,H Karunaratne,KL Cross,NND de Silva,1,0,1
Sri Lanka,17,NND de Silva,KL Cross,H Karunaratne,0,0,0
Sri Lanka,18,H Karunaratne,FR Davies,NND de Silva,0,1,1
Sri Lanka,18,H Karunaratne,FR Davies,NND de Silva,1,0,1
Sri Lanka,18,NND de Silva,FR Davies,H Karunaratne,0,0,0
Sri Lanka,18,NND de Silva,FR Davies,H Karunaratne,1,0,1
Sri Lanka,18,H Karunaratne,FR Davies,NND de Silva,0,0,0
Sri Lanka,18,H Karunaratne,FR Davies,NND de Silva,0,0,0
Sri Lanka,18,H Karunaratne,FR Davies,NND de Silva,0,4,4
Sri Lanka,19,NND de Silva,LCN Smith,H Karunaratne,1,0,1
Sri Lanka,19,H Karunaratne,LCN Smith,NND de Silva,4,0,4
Sri Lanka,19,H Karunaratne,LCN Smith,NND de Silva,0,0,0
Sri Lanka,19,H Karunaratne,LCN Smith,NND de Silva,4,0,4
Sri Lanka,19,H Karunaratne,LCN Smith,NND de Silva,1,0,1
Sri Lanka,19,NND de Silva,LCN Smith,H Karunaratne,2,0,2
