Team,Over,Batter,Bowler,Non_Striker,Batter_Runs,Extras,Total_Runs
Papua New Guinea,0,TP Ura,Vimal Kumar,S Bau,0,0,0
Papua New Guinea,0,TP Ura,Vimal Kumar,S Bau,0,0,0
Papua New Guinea,0,TP Ura,Vimal Kumar,S Bau,3,0,3
Papua New Guinea,0,S Bau,Vimal Kumar,TP Ura,3,0,3
Papua New Guinea,0,TP Ura,Vimal Kumar,S Bau,1,0,1
Papua New Guinea,0,S Bau,Vimal Kumar,TP Ura,4,0,4
Papua New Guinea,1,TP Ura,Surinder Singh,S Bau,1,0,1
Papua New Guinea,1,S Bau,Surinder Singh,TP Ura,0,0,0
Papua New Guinea,1,S Bau,Surinder Singh,TP Ura,0,0,0
Papua New Guinea,1,S Bau,Surinder Singh,TP Ura,0,0,0
Papua New Guinea,1,S Bau,Surinder Singh,TP Ura,0,1,1
Papua New Guinea,1,S Bau,Surinder Singh,TP Ura,0,0,0
Papua New Guinea,1,S Bau,Surinder Singh,TP Ura,1,0,1
Papua New Guinea,2,S Bau,DC Smith,TP Ura,4,0,4
Papua New Guinea,2,S Bau,DC Smith,TP Ura,4,0,4
Papua New Guinea,2,S Bau,DC Smith,TP Ura,5,0,5
Papua New Guinea,2,S Bau,DC Smith,TP Ura,0,0,0
Papua New Guinea,2,S Bau,DC Smith,TP Ura,0,1,1
Papua New Guinea,2,S Bau,DC Smith,TP Ura,1,0,1
Papua New Guinea,2,TP Ura,DC Smith,S Bau,0,0,0
Papua New Guinea,3,S Bau,Surinder Singh,TP Ura,4,0,4
Papua New Guinea,3,S Bau,Surinder Singh,TP Ura,0,0,0
Papua New Guinea,3,S Bau,Surinder Singh,TP Ura,1,0,1
Papua New Guinea,3,TP Ura,Surinder Singh,S Bau,4,0,4
Papua New Guinea,3,TP Ura,Surinder Singh,S Bau,1,0,1
Papua New Guinea,3,S Bau,Surinder Singh,TP Ura,1,0,1
Papua New Guinea,4,S Bau,JH Kiani,TP Ura,1,0,1
Papua New Guinea,4,TP Ura,JH Kiani,S Bau,4,0,4
Papua New Guinea,4,TP Ura,JH Kiani,S Bau,2,0,2
Papua New Guinea,4,TP Ura,JH Kiani,S Bau,1,0,1
Papua New Guinea,4,S Bau,JH Kiani,TP Ura,0,2,2
Papua New Guinea,4,TP Ura,JH Kiani,S Bau,0,0,0
Papua New Guinea,4,TP Ura,JH Kiani,S Bau,0,0,0
Papua New Guinea,5,S Bau,Karweng NG,TP Ura,0,0,0
Papua New Guinea,5,S Bau,Karweng NG,TP Ura,0,0,0
Papua New Guinea,5,S Bau,Karweng NG,TP Ura,1,0,1
Papua New Guinea,5,TP Ura,Karweng NG,S Bau,6,0,6
Papua New Guinea,5,TP Ura,Karweng NG,S Bau,2,0,2
Papua New Guinea,5,TP Ura,Karweng NG,S Bau,1,0,1
Papua New Guinea,6,TP Ura,JH Kiani,S Bau,0,1,1
Papua New Guinea,6,S Bau,JH Kiani,TP Ura,1,0,1
Papua New Guinea,6,TP Ura,JH Kiani,S Bau,0,0,0
Papua New Guinea,6,TP Ura,JH Kiani,S Bau,1,0,1
Papua New Guinea,6,S Bau,JH Kiani,TP Ura,2,0,2
Papua New Guinea,6,S Bau,JH Kiani,TP Ura,0,0,0
Papua New Guinea,7,TP Ura,Karweng NG,S Bau,2,0,2
Papua New Guinea,7,TP Ura,Karweng NG,S Bau,0,0,0
Papua New Guinea,7,TP Ura,Karweng NG,S Bau,6,0,6
Papua New Guinea,7,TP Ura,Karweng NG,S Bau,0,0,0
Papua New Guinea,7,TP Ura,Karweng NG,S Bau,2,0,2
Papua New Guinea,7,TP Ura,Karweng NG,S Bau,1,0,1
Papua New Guinea,8,TP Ura,JH Kiani,S Bau,0,0,0
Papua New Guinea,8,TP Ura,JH Kiani,S Bau,0,0,0
Papua New Guinea,8,TP Ura,JH Kiani,S Bau,1,0,1
Papua New Guinea,8,S Bau,JH Kiani,TP Ura,0,0,0
Papua New Guinea,8,K Doriga,JH Kiani,TP Ura,3,0,3
Papua New Guinea,8,TP Ura,JH Kiani,K Doriga,1,0,1
Papua New Guinea,9,TP Ura,Karweng NG,K Doriga,6,0,6
Papua New Guinea,9,TP Ura,Karweng NG,K Doriga,2,1,3
Papua New Guinea,9,TP Ura,Karweng NG,K Doriga,6,0,6
Papua New Guinea,9,TP Ura,Karweng NG,K Doriga,1,0,1
Papua New Guinea,9,K Doriga,Karweng NG,TP Ura,0,0,0
Papua New Guinea,9,K Doriga,Karweng NG,TP Ura,1,0,1
Papua New Guinea,9,TP Ura,Karweng NG,K Doriga,1,0,1
Papua New Guinea,10,TP Ura,JH Kiani,K Doriga,0,1,1
Papua New Guinea,10,TP Ura,JH Kiani,K Doriga,3,0,3
Papua New Guinea,10,K Doriga,JH Kiani,TP Ura,1,0,1
Papua New Guinea,10,TP Ura,JH Kiani,K Doriga,1,0,1
Papua New Guinea,10,K Doriga,JH Kiani,TP Ura,0,0,0
Papua New Guinea,10,K Doriga,JH Kiani,TP Ura,0,0,0
Papua New Guinea,10,K Doriga,JH Kiani,TP Ura,1,0,1
Papua New Guinea,11,K Doriga,Vimal Kumar,TP Ura,0,0,0
Papua New Guinea,11,K Doriga,Vimal Kumar,TP Ura,0,0,0
Papua New Guinea,11,K Doriga,Vimal Kumar,TP Ura,1,0,1
Papua New Guinea,11,TP Ura,Vimal Kumar,K Doriga,1,0,1
Papua New Guinea,11,K Doriga,Vimal Kumar,TP Ura,1,0,1
Papua New Guinea,11,TP Ura,Vimal Kumar,K Doriga,6,0,6
Papua New Guinea,12,K Doriga,R Mahajan,TP Ura,1,0,1
Papua New Guinea,12,TP Ura,R Mahajan,K Doriga,0,0,0
Papua New Guinea,12,TP Ura,R Mahajan,K Doriga,1,0,1
Papua New Guinea,12,K Doriga,R Mahajan,TP Ura,1,0,1
Papua New Guinea,12,TP Ura,R Mahajan,K Doriga,0,0,0
Papua New Guinea,12,TP Ura,R Mahajan,K Doriga,0,1,1
Papua New Guinea,12,TP Ura,R Mahajan,K Doriga,1,0,1
Papua New Guinea,13,TP Ura,Vimal Kumar,K Doriga,4,0,4
Papua New Guinea,13,TP Ura,Vimal Kumar,K Doriga,1,0,1
Papua New Guinea,13,K Doriga,Vimal Kumar,TP Ura,2,0,2
Papua New Guinea,13,K Doriga,Vimal Kumar,TP Ura,2,0,2
Papua New Guinea,13,K Doriga,Vimal Kumar,TP Ura,2,0,2
Papua New Guinea,13,K Doriga,Vimal Kumar,TP Ura,1,0,1
Papua New Guinea,14,K Doriga,R Mahajan,TP Ura,0,0,0
Papua New Guinea,14,K Doriga,R Mahajan,TP Ura,2,0,2
Papua New Guinea,14,K Doriga,R Mahajan,TP Ura,2,0,2
Papua New Guinea,14,K Doriga,R Mahajan,TP Ura,1,0,1
Papua New Guinea,14,TP Ura,R Mahajan,K Doriga,2,0,2
Papua New Guinea,14,TP Ura,R Mahajan,K Doriga,4,0,4
Papua New Guinea,15,K Doriga,J Long,TP Ura,2,0,2
Papua New Guinea,15,K Doriga,J Long,TP Ura,0,0,0
Papua New Guinea,15,K Doriga,J Long,TP Ura,0,0,0
Papua New Guinea,15,TP Ura,J Long,L Siaka,2,0,2
Papua New Guinea,15,TP Ura,J Long,L Siaka,0,3,3
Papua New Guinea,15,TP Ura,J Long,L Siaka,2,0,2
Papua New Guinea,15,TP Ura,J Long,L Siaka,2,0,2
Papua New Guinea,16,L Siaka,R Mahajan,TP Ura,0,0,0
Papua New Guinea,16,L Siaka,R Mahajan,TP Ura,2,0,2
Papua New Guinea,16,L Siaka,R Mahajan,TP Ura,0,0,0
Papua New Guinea,16,L Siaka,R Mahajan,TP Ura,1,0,1
Papua New Guinea,16,TP Ura,R Mahajan,L Siaka,1,0,1
Papua New Guinea,16,L Siaka,R Mahajan,TP Ura,2,0,2
Papua New Guinea,17,TP Ura,J Long,L Siaka,2,0,2
Papua New Guinea,17,TP Ura,J Long,L Siaka,3,0,3
Papua New Guinea,17,L Siaka,J Long,TP Ura,6,0,6
Papua New Guinea,17,L Siaka,J Long,TP Ura,1,0,1
Papua New Guinea,17,TP Ura,J Long,L Siaka,2,0,2
Papua New Guinea,17,TP Ura,J Long,L Siaka,1,0,1
Papua New Guinea,18,TP Ura,R Mahajan,L Siaka,1,0,1
Papua New Guinea,18,L Siaka,R Mahajan,TP Ura,4,0,4
Papua New Guinea,18,L Siaka,R Mahajan,TP Ura,0,1,1
Papua New Guinea,18,TP Ura,R Mahajan,L Siaka,1,0,1
Papua New Guinea,18,L Siaka,R Mahajan,TP Ura,1,0,1
Papua New Guinea,18,TP Ura,R Mahajan,L Siaka,1,0,1
Papua New Guinea,19,TP Ura,DC Smith,L Siaka,2,0,2
Papua New Guinea,19,TP Ura,DC Smith,L Siaka,6,0,6
Papua New Guinea,19,TP Ura,DC Smith,L Siaka,1,0,1
Papua New Guinea,19,L Siaka,DC Smith,TP Ura,2,0,2
Papua New Guinea,19,L Siaka,DC Smith,TP Ura,4,0,4
Papua New Guinea,19,L Siaka,DC Smith,TP Ura,6,0,6
Philippines,0,R Goodwin,A Vala,DC Smith,2,0,2
Philippines,0,R Goodwin,A Vala,DC Smith,0,0,0
Philippines,0,R Goodwin,A Vala,DC Smith,0,0,0
Philippines,0,R Goodwin,A Vala,DC Smith,1,0,1
Philippines,0,DC Smith,A Vala,R Goodwin,4,0,4
Philippines,0,DC Smith,A Vala,R Goodwin,0,0,0
Philippines,1,R Goodwin,S Bau,DC Smith,2,0,2
Philippines,1,R Goodwin,S Bau,DC Smith,0,0,0
Philippines,1,Kuldeep Singh,S Bau,DC Smith,1,0,1
Philippines,1,DC Smith,S Bau,Kuldeep Singh,1,0,1
Philippines,1,Kuldeep Singh,S Bau,DC Smith,0,0,0
Philippines,1,DC Smith,S Bau,JH Kiani,0,0,0
