Team,Over,Batter,Bowler,Non_Striker,Batter_Runs,Extras,Total_Runs
Pakistan,0,Javeria Khan,M Daniels,Sidra Ameen,0,0,0
Pakistan,0,Javeria Khan,M Daniels,Sidra Ameen,0,0,0
Pakistan,0,Javeria Khan,M Daniels,Sidra Ameen,0,0,0
Pakistan,0,Javeria Khan,M Daniels,Sidra Ameen,0,0,0
Pakistan,0,Javeria Khan,M Daniels,Sidra Ameen,0,0,0
Pakistan,0,Javeria Khan,M Daniels,Sidra Ameen,1,0,1
Pakistan,1,Javeria Khan,S Ismail,Sidra Ameen,0,0,0
Pakistan,1,Javeria Khan,S Ismail,Sidra Ameen,1,0,1
Pakistan,1,Sidra Ameen,S Ismail,Javeria Khan,0,0,0
Pakistan,1,Sidra Ameen,S Ismail,Javeria Khan,0,0,0
Pakistan,1,Sidra Ameen,S Ismail,Javeria Khan,0,0,0
Pakistan,1,Sidra Ameen,S Ismail,Javeria Khan,1,0,1
Pakistan,2,Sidra Ameen,M Daniels,Javeria Khan,0,0,0
Pakistan,2,Sidra Ameen,M Daniels,Javeria Khan,0,0,0
Pakistan,2,Sidra Ameen,M Daniels,Javeria Khan,1,0,1
Pakistan,2,Javeria Khan,M Daniels,Sidra Ameen,0,0,0
Pakistan,2,Javeria Khan,M Daniels,Sidra Ameen,1,0,1
Pakistan,2,Sidra Ameen,M Daniels,Javeria Khan,4,0,4
Pakistan,3,Javeria Khan,S Ismail,Sidra Ameen,0,0,0
Pakistan,3,Javeria Khan,S Ismail,Sidra Ameen,0,0,0
Pakistan,3,Javeria Khan,S Ismail,Sidra Ameen,0,0,0
Pakistan,3,Javeria Khan,S Ismail,Sidra Ameen,1,0,1
Pakistan,3,Sidra Ameen,S Ismail,Javeria Khan,0,0,0
Pakistan,3,Sidra Ameen,S Ismail,Javeria Khan,0,0,0
Pakistan,4,Javeria Khan,N de Klerk,Bismah Maroof,0,0,0
Pakistan,4,Nida Dar,N de Klerk,Bismah Maroof,0,1,1
Pakistan,4,Nida Dar,N de Klerk,Bismah Maroof,0,2,2
Pakistan,4,Bismah Maroof,N de Klerk,Nida Dar,0,1,1
Pakistan,4,Bismah Maroof,N de Klerk,Nida Dar,0,0,0
Pakistan,4,Bismah Maroof,N de Klerk,Nida Dar,2,0,2
Pakistan,4,Bismah Maroof,N de Klerk,Nida Dar,0,0,0
Pakistan,4,Bismah Maroof,N de Klerk,Nida Dar,0,0,0
Pakistan,4,Bismah Maroof,N de Klerk,Nida Dar,0,0,0
Pakistan,5,Nida Dar,M Klaas,Bismah Maroof,1,0,1
Pakistan,5,Bismah Maroof,M Klaas,Nida Dar,1,0,1
Pakistan,5,Nida Dar,M Klaas,Bismah Maroof,1,0,1
Pakistan,5,Bismah Maroof,M Klaas,Nida Dar,0,0,0
Pakistan,5,Bismah Maroof,M Klaas,Nida Dar,0,0,0
Pakistan,5,Bismah Maroof,M Klaas,Nida Dar,0,0,0
Pakistan,6,Nida Dar,N de Klerk,Bismah Maroof,1,0,1
Pakistan,6,Bismah Maroof,N de Klerk,Nida Dar,0,1,1
Pakistan,6,Bismah Maroof,N de Klerk,Nida Dar,0,0,0
Pakistan,6,Bismah Maroof,N de Klerk,Nida Dar,0,0,0
Pakistan,6,Bismah Maroof,N de Klerk,Nida Dar,0,0,0
Pakistan,6,Bismah Maroof,N de Klerk,Nida Dar,0,0,0
Pakistan,6,Bismah Maroof,N de Klerk,Nida Dar,0,0,0
Pakistan,7,Nida Dar,M Klaas,Bismah Maroof,2,0,2
Pakistan,7,Nida Dar,M Klaas,Bismah Maroof,4,0,4
Pakistan,7,Nida Dar,M Klaas,Bismah Maroof,1,0,1
Pakistan,7,Bismah Maroof,M Klaas,Nida Dar,0,0,0
Pakistan,7,Bismah Maroof,M Klaas,Nida Dar,1,0,1
Pakistan,7,Nida Dar,M Klaas,Bismah Maroof,2,0,2
Pakistan,8,Bismah Maroof,N de Klerk,Nida Dar,1,0,1
Pakistan,8,Nida Dar,N de Klerk,Bismah Maroof,6,0,6
Pakistan,8,Nida Dar,N de Klerk,Bismah Maroof,4,0,4
Pakistan,8,Nida Dar,N de Klerk,Bismah Maroof,1,0,1
Pakistan,8,Bismah Maroof,N de Klerk,Nida Dar,1,0,1
Pakistan,8,Nida Dar,N de Klerk,Bismah Maroof,1,0,1
Pakistan,9,Nida Dar,S Luus,Bismah Maroof,6,0,6
Pakistan,9,Nida Dar,S Luus,Bismah Maroof,1,0,1
Pakistan,9,Bismah Maroof,S Luus,Nida Dar,1,0,1
Pakistan,9,Nida Dar,S Luus,Bismah Maroof,1,0,1
Pakistan,9,Bismah Maroof,S Luus,Nida Dar,1,0,1
Pakistan,9,Nida Dar,S Luus,Bismah Maroof,1,0,1
Pakistan,10,Nida Dar,N Shangase,Bismah Maroof,1,0,1
Pakistan,10,Bismah Maroof,N Shangase,Nida Dar,1,0,1
Pakistan,10,Nida Dar,N Shangase,Bismah Maroof,4,0,4
Pakistan,10,Nida Dar,N Shangase,Bismah Maroof,6,0,6
Pakistan,10,Nida Dar,N Shangase,Bismah Maroof,4,0,4
Pakistan,10,Nida Dar,N Shangase,Bismah Maroof,4,0,4
Pakistan,11,Bismah Maroof,M Klaas,Nida Dar,0,0,0
Pakistan,11,Bismah Maroof,M Klaas,Nida Dar,1,0,1
Pakistan,11,Nida Dar,M Klaas,Bismah Maroof,0,0,0
Pakistan,11,Nida Dar,M Klaas,Bismah Maroof,1,0,1
Pakistan,11,Bismah Maroof,M Klaas,Nida Dar,0,1,1
Pakistan,11,Nida Dar,M Klaas,Bismah Maroof,1,0,1
Pakistan,12,Nida Dar,S Ismail,Bismah Maroof,0,0,0
Pakistan,12,Nida Dar,S Ismail,Bismah Maroof,1,0,1
Pakistan,12,Bismah Maroof,S Ismail,Nida Dar,1,0,1
Pakistan,12,Nida Dar,S Ismail,Bismah Maroof,1,0,1
Pakistan,12,Bismah Maroof,S Ismail,Nida Dar,4,0,4
Pakistan,12,Bismah Maroof,S Ismail,Nida Dar,0,0,0
Pakistan,13,Nida Dar,S Luus,Bismah Maroof,4,0,4
Pakistan,13,Nida Dar,S Luus,Bismah Maroof,1,0,1
Pakistan,13,Bismah Maroof,S Luus,Nida Dar,0,0,0
Pakistan,13,Bismah Maroof,S Luus,Nida Dar,4,0,4
Pakistan,13,Bismah Maroof,S Luus,Nida Dar,1,0,1
Pakistan,13,Nida Dar,S Luus,Bismah Maroof,0,0,0
Pakistan,14,Bismah Maroof,N de Klerk,Nida Dar,4,0,4
Pakistan,14,Bismah Maroof,N de Klerk,Nida Dar,4,0,4
Pakistan,14,Bismah Maroof,N de Klerk,Nida Dar,4,0,4
Pakistan,14,Bismah Maroof,N de Klerk,Nida Dar,4,0,4
Pakistan,14,Bismah Maroof,N de Klerk,Nida Dar,1,0,1
Pakistan,14,Nida Dar,N de Klerk,Bismah Maroof,1,0,1
Pakistan,15,Nida Dar,M Daniels,Bismah Maroof,1,0,1
Pakistan,15,Bismah Maroof,M Daniels,Nida Dar,0,0,0
Pakistan,15,Bismah Maroof,M Daniels,Nida Dar,0,0,0
Pakistan,15,Aliya Riaz,M Daniels,Nida Dar,0,0,0
Pakistan,15,Aliya Riaz,M Daniels,Nida Dar,4,0,4
Pakistan,15,Aliya Riaz,M Daniels,Nida Dar,0,1,1
Pakistan,15,Aliya Riaz,M Daniels,Nida Dar,0,1,1
Pakistan,15,Aliya Riaz,M Daniels,Nida Dar,1,0,1
Pakistan,16,Aliya Riaz,M Klaas,Nida Dar,4,0,4
Pakistan,16,Aliya Riaz,M Klaas,Nida Dar,0,0,0
Pakistan,16,Aliya Riaz,M Klaas,Nida Dar,1,0,1
Pakistan,16,Nida Dar,M Klaas,Aliya Riaz,4,0,4
Pakistan,16,Nida Dar,M Klaas,Aliya Riaz,1,0,1
Pakistan,16,Aliya Riaz,M Klaas,Nida Dar,0,0,0
Pakistan,17,Nida Dar,S Luus,Aliya Riaz,2,0,2
Pakistan,17,Nida Dar,S Luus,Aliya Riaz,1,0,1
Pakistan,17,Aliya Riaz,S Luus,Nida Dar,1,0,1
Pakistan,17,Nida Dar,S Luus,Aliya Riaz,4,0,4
Pakistan,17,Nida Dar,S Luus,Aliya Riaz,0,0,0
Pakistan,17,Iram Javed,S Luus,Aliya Riaz,4,0,4
Pakistan,18,Aliya Riaz,M Daniels,Iram Javed,2,0,2
Pakistan,18,Aliya Riaz,M Daniels,Iram Javed,6,0,6
Pakistan,18,Aliya Riaz,M Daniels,Iram Javed,4,0,4
Pakistan,18,Aliya Riaz,M Daniels,Iram Javed,0,2,2
Pakistan,18,Aliya Riaz,M Daniels,Iram Javed,1,0,1
Pakistan,18,Iram Javed,M Daniels,Aliya Riaz,0,0,0
Pakistan,19,Aliya Riaz,S Ismail,Iram Javed,2,0,2
Pakistan,19,Aliya Riaz,S Ismail,Iram Javed,4,0,4
Pakistan,19,Aliya Riaz,S Ismail,Iram Javed,3,0,3
Pakistan,19,Iram Javed,S Ismail,Aliya Riaz,0,0,0
Pakistan,19,Kainat Imtiaz,S Ismail,Aliya Riaz,1,0,1
Pakistan,19,Aliya Riaz,S Ismail,Kainat Imtiaz,2,0,2
South Africa,0,L Lee,Rameen Shamim,T Brits,1,0,1
South Africa,0,T Brits,Rameen Shamim,L Lee,0,0,0
South Africa,0,T Brits,Rameen Shamim,L Lee,1,0,1
South Africa,0,L Lee,Rameen Shamim,T Brits,4,0,4
South Africa,0,L Lee,Rameen Shamim,T Brits,1,0,1
South Africa,0,T Brits,Rameen Shamim,L Lee,0,0,0
South Africa,1,L Lee,Aliya Riaz,T Brits,0,1,1
South Africa,1,L Lee,Aliya Riaz,T Brits,0,0,0
South Africa,1,L Lee,Aliya Riaz,T Brits,4,0,4
South Africa,1,L Lee,Aliya Riaz,T Brits,2,0,2
South Africa,1,L Lee,Aliya Riaz,T Brits,0,0,0
South Africa,1,L Lee,Aliya Riaz,T Brits,0,0,0
South Africa,1,L Lee,Aliya Riaz,T Brits,2,0,2
South Africa,2,T Brits,Sana Mir,L Lee,1,0,1
South Africa,2,L Lee,Sana Mir,T Brits,2,0,2
South Africa,2,L Lee,Sana Mir,T Brits,1,0,1
South Africa,2,T Brits,Sana Mir,L Lee,0,0,0
South Africa,2,T Brits,Sana Mir,L Lee,4,0,4
South Africa,2,T Brits,Sana Mir,L Lee,0,0,0
South Africa,3,L Lee,Nida Dar,T Brits,0,0,0
South Africa,3,L Lee,Nida Dar,T Brits,0,0,0
South Africa,3,L Lee,Nida Dar,T Brits,4,0,4
South Africa,3,L Lee,Nida Dar,T Brits,1,0,1
South Africa,3,T Brits,Nida Dar,L Lee,1,0,1
South Africa,3,L Lee,Nida Dar,T Brits,1,0,1
South Africa,4,L Lee,Rameen Shamim,T Brits,4,0,4
South Africa,4,L Lee,Rameen Shamim,T Brits,1,0,1
South Africa,4,T Brits,Rameen Shamim,L Lee,1,0,1
South Africa,4,L Lee,Rameen Shamim,T Brits,0,0,0
South Africa,4,L Lee,Rameen Shamim,T Brits,2,0,2
South Africa,4,L Lee,Rameen Shamim,T Brits,4,0,4
South Africa,5,T Brits,Aliya Riaz,L Lee,1,0,1
South Africa,5,L Lee,Aliya Riaz,T Brits,0,0,0
South Africa,5,L Lee,Aliya Riaz,T Brits,4,0,4
South Africa,5,L Lee,Aliya Riaz,T Brits,4,0,4
South Africa,5,L Lee,Aliya Riaz,T Brits,4,0,4
South Africa,5,L Lee,Aliya Riaz,T Brits,4,0,4
South Africa,6,T Brits,Sana Mir,L Lee,1,0,1
South Africa,6,L Lee,Sana Mir,T Brits,4,0,4
South Africa,6,L Lee,Sana Mir,T Brits,4,0,4
South Africa,6,L Lee,Sana Mir,T Brits,1,0,1
South Africa,6,T Brits,Sana Mir,L Lee,0,0,0
South Africa,6,T Brits,Sana Mir,L Lee,1,0,1
South Africa,7,T Brits,Kainat Imtiaz,L Lee,1,0,1
South Africa,7,L Lee,Kainat Imtiaz,T Brits,1,0,1
South Africa,7,T Brits,Kainat Imtiaz,L Lee,0,0,0
South Africa,7,T Brits,Kainat Imtiaz,L Lee,1,0,1
South Africa,7,L Lee,Kainat Imtiaz,T Brits,0,0,0
South Africa,7,N de Klerk,Kainat Imtiaz,T Brits,1,0,1
South Africa,8,N de Klerk,Nida Dar,T Brits,0,0,0
South Africa,8,N de Klerk,Nida Dar,T Brits,1,0,1
South Africa,8,T Brits,Nida Dar,N de Klerk,1,0,1
South Africa,8,N de Klerk,Nida Dar,T Brits,0,0,0
South Africa,8,N de Klerk,Nida Dar,T Brits,1,0,1
South Africa,8,T Brits,Nida Dar,N de Klerk,1,0,1
South Africa,9,T Brits,Kainat Imtiaz,N de Klerk,1,0,1
South Africa,9,N de Klerk,Kainat Imtiaz,T Brits,4,0,4
South Africa,9,N de Klerk,Kainat Imtiaz,T Brits,1,0,1
South Africa,9,T Brits,Kainat Imtiaz,N de Klerk,1,0,1
South Africa,9,N de Klerk,Kainat Imtiaz,T Brits,0,1,1
South Africa,9,N de Klerk,Kainat Imtiaz,T Brits,1,0,1
South Africa,9,T Brits,Kainat Imtiaz,N de Klerk,1,0,1
South Africa,10,T Brits,Nida Dar,N de Klerk,0,0,0
South Africa,10,S Luus,Nida Dar,N de Klerk,1,0,1
South Africa,10,N de Klerk,Nida Dar,S Luus,1,0,1
South Africa,10,S Luus,Nida Dar,N de Klerk,0,0,0
South Africa,10,S Luus,Nida Dar,N de Klerk,1,0,1
South Africa,10,N de Klerk,Nida Dar,S Luus,0,0,0
South Africa,11,S Luus,Fatima Sana,N de Klerk,1,0,1
South Africa,11,N de Klerk,Fatima Sana,S Luus,0,0,0
South Africa,11,N de Klerk,Fatima Sana,S Luus,0,0,0
South Africa,11,N de Klerk,Fatima Sana,S Luus,1,0,1
South Africa,11,S Luus,Fatima Sana,N de Klerk,1,0,1
South Africa,11,N de Klerk,Fatima Sana,S Luus,1,0,1
South Africa,12,N de Klerk,Rameen Shamim,S Luus,1,0,1
South Africa,12,S Luus,Rameen Shamim,N de Klerk,6,0,6
South Africa,12,S Luus,Rameen Shamim,N de Klerk,1,0,1
South Africa,12,N de Klerk,Rameen Shamim,S Luus,2,0,2
South Africa,12,N de Klerk,Rameen Shamim,S Luus,2,0,2
South Africa,12,N de Klerk,Rameen Shamim,S Luus,1,0,1
South Africa,13,N de Klerk,Fatima Sana,S Luus,0,0,0
South Africa,13,N de Klerk,Fatima Sana,S Luus,4,0,4
South Africa,13,N de Klerk,Fatima Sana,S Luus,0,0,0
South Africa,13,CL Tryon,Fatima Sana,S Luus,1,0,1
South Africa,13,S Luus,Fatima Sana,CL Tryon,6,0,6
South Africa,13,S Luus,Fatima Sana,CL Tryon,0,0,0
South Africa,14,M du Preez,Sana Mir,CL Tryon,4,0,4
South Africa,14,M du Preez,Sana Mir,CL Tryon,2,0,2
South Africa,14,M du Preez,Sana Mir,CL Tryon,0,0,0
South Africa,14,M du Preez,Sana Mir,CL Tryon,1,0,1
South Africa,14,CL Tryon,Sana Mir,M du Preez,4,0,4
South Africa,14,CL Tryon,Sana Mir,M du Preez,0,0,0
South Africa,15,M du Preez,Fatima Sana,CL Tryon,0,0,0
South Africa,15,S Jafta,Fatima Sana,CL Tryon,0,0,0
South Africa,15,S Jafta,Fatima Sana,CL Tryon,4,0,4
South Africa,15,S Jafta,Fatima Sana,CL Tryon,2,1,3
South Africa,15,S Jafta,Fatima Sana,CL Tryon,0,0,0
South Africa,15,S Jafta,Fatima Sana,CL Tryon,1,0,1
South Africa,15,CL Tryon,Fatima Sana,S Jafta,4,0,4
South Africa,16,S Jafta,Nida Dar,CL Tryon,0,1,1
South Africa,16,S Jafta,Nida Dar,CL Tryon,0,0,0
South Africa,16,S Jafta,Nida Dar,CL Tryon,1,0,1
South Africa,16,CL Tryon,Nida Dar,S Jafta,4,0,4
South Africa,16,CL Tryon,Nida Dar,S Jafta,0,0,0
South Africa,16,CL Tryon,Nida Dar,S Jafta,0,0,0
South Africa,16,CL Tryon,Nida Dar,S Jafta,1,0,1
South Africa,17,CL Tryon,Aliya Riaz,S Jafta,2,0,2
South Africa,17,CL Tryon,Aliya Riaz,S Jafta,4,0,4
South Africa,17,CL Tryon,Aliya Riaz,S Jafta,0,1,1
South Africa,17,CL Tryon,Aliya Riaz,S Jafta,1,0,1
South Africa,17,S Jafta,Aliya Riaz,CL Tryon,1,0,1
South Africa,17,CL Tryon,Aliya Riaz,S Jafta,0,0,0
South Africa,17,S Jafta,Aliya Riaz,S Ismail,4,0,4
South Africa,18,S Ismail,Sana Mir,S Jafta,1,0,1
South Africa,18,S Jafta,Sana Mir,S Ismail,1,0,1
South Africa,18,S Ismail,Sana Mir,S Jafta,0,0,0
South Africa,18,S Ismail,Sana Mir,S Jafta,0,0,0
South Africa,18,S Ismail,Sana Mir,S Jafta,4,0,4
South Africa,18,S Ismail,Sana Mir,S Jafta,1,0,1
South Africa,19,S Ismail,Rameen Shamim,S Jafta,4,0,4
