Team,Over,Batter,Bowler,Non_Striker,Batter_Runs,Extras,Total_Runs
Indonesia,0,Y Anggraeni,M Tom,K Winda Prastini,1,0,1
Indonesia,0,K Winda Prastini,M Tom,Y Anggraeni,0,0,0
Indonesia,0,K Winda Prastini,M Tom,Y Anggraeni,0,0,0
Indonesia,0,K Winda Prastini,M Tom,Y Anggraeni,0,0,0
Indonesia,0,K Winda Prastini,M Tom,Y Anggraeni,0,0,0
Indonesia,0,K Winda Prastini,M Tom,Y Anggraeni,0,0,0
Indonesia,1,Y Anggraeni,S Jimmy,K Winda Prastini,0,0,0
Indonesia,1,Y Anggraeni,S Jimmy,K Winda Prastini,1,0,1
Indonesia,1,K Winda Prastini,S Jimmy,Y Anggraeni,0,1,1
Indonesia,1,K Winda Prastini,S Jimmy,Y Anggraeni,0,0,0
Indonesia,1,K Winda Prastini,S Jimmy,Y Anggraeni,2,0,2
Indonesia,1,K Winda Prastini,S Jimmy,Y Anggraeni,0,0,0
Indonesia,1,K Winda Prastini,S Jimmy,Y Anggraeni,0,0,0
Indonesia,2,Y Anggraeni,M Tom,K Winda Prastini,0,0,0
Indonesia,2,Y Anggraeni,M Tom,K Winda Prastini,0,0,0
Indonesia,2,Y Anggraeni,M Tom,K Winda Prastini,0,0,0
Indonesia,2,Y Anggraeni,M Tom,K Winda Prastini,1,0,1
Indonesia,2,K Winda Prastini,M Tom,Y Anggraeni,0,0,0
Indonesia,2,K Winda Prastini,M Tom,Y Anggraeni,0,0,0
Indonesia,3,Y Anggraeni,S Jimmy,K Winda Prastini,0,0,0
Indonesia,3,Y Anggraeni,S Jimmy,K Winda Prastini,0,0,0
Indonesia,3,Y Anggraeni,S Jimmy,K Winda Prastini,0,0,0
Indonesia,3,Y Anggraeni,S Jimmy,K Winda Prastini,0,0,0
Indonesia,3,Y Anggraeni,S Jimmy,K Winda Prastini,4,0,4
Indonesia,3,Y Anggraeni,S Jimmy,K Winda Prastini,0,0,0
Indonesia,4,K Winda Prastini,R Oa,Y Anggraeni,1,0,1
Indonesia,4,Y Anggraeni,R Oa,K Winda Prastini,1,0,1
Indonesia,4,K Winda Prastini,R Oa,Y Anggraeni,1,0,1
Indonesia,4,Y Anggraeni,R Oa,K Winda Prastini,0,0,0
Indonesia,4,Y Anggraeni,R Oa,K Winda Prastini,4,0,4
Indonesia,4,Y Anggraeni,R Oa,K Winda Prastini,1,0,1
Indonesia,5,Y Anggraeni,NM Ambo,K Winda Prastini,1,0,1
Indonesia,5,K Winda Prastini,NM Ambo,Y Anggraeni,0,0,0
Indonesia,5,K Winda Prastini,NM Ambo,Y Anggraeni,0,0,0
Indonesia,5,K Winda Prastini,NM Ambo,Y Anggraeni,0,0,0
Indonesia,5,T Wigradianti,NM Ambo,Y Anggraeni,0,0,0
Indonesia,5,T Wigradianti,NM Ambo,Y Anggraeni,1,0,1
Indonesia,6,T Wigradianti,K Arua,Y Anggraeni,1,0,1
Indonesia,6,Y Anggraeni,K Arua,T Wigradianti,0,0,0
Indonesia,6,Y Anggraeni,K Arua,T Wigradianti,0,0,0
Indonesia,6,NPAN Sakarini,K Arua,T Wigradianti,0,0,0
Indonesia,6,NPAN Sakarini,K Arua,T Wigradianti,0,0,0
Indonesia,6,NPAN Sakarini,K Arua,T Wigradianti,0,0,0
Indonesia,7,T Wigradianti,NM Ambo,NPAN Sakarini,1,0,1
Indonesia,7,NPAN Sakarini,NM Ambo,T Wigradianti,0,1,1
Indonesia,7,NPAN Sakarini,NM Ambo,T Wigradianti,0,0,0
Indonesia,7,NPAN Sakarini,NM Ambo,T Wigradianti,1,0,1
Indonesia,7,T Wigradianti,NM Ambo,NPAN Sakarini,0,0,0
Indonesia,7,T Wigradianti,NM Ambo,NPAN Sakarini,0,0,0
Indonesia,7,Yuliana,NM Ambo,NPAN Sakarini,0,0,0
Indonesia,8,NPAN Sakarini,R Oa,P Haryanti,0,0,0
Indonesia,8,NPAN Sakarini,R Oa,P Haryanti,0,0,0
Indonesia,8,NPAN Sakarini,R Oa,P Haryanti,0,0,0
Indonesia,8,NPAN Sakarini,R Oa,P Haryanti,0,0,0
Indonesia,8,NPAN Sakarini,R Oa,P Haryanti,1,0,1
Indonesia,8,P Haryanti,R Oa,NPAN Sakarini,0,0,0
Indonesia,9,NPAN Sakarini,NM Ambo,P Haryanti,1,0,1
Indonesia,9,P Haryanti,NM Ambo,NPAN Sakarini,0,0,0
Indonesia,9,NKF Rada Rani,NM Ambo,NPAN Sakarini,0,0,0
Indonesia,9,NKF Rada Rani,NM Ambo,NPAN Sakarini,0,0,0
Indonesia,9,NKF Rada Rani,NM Ambo,NPAN Sakarini,0,0,0
Indonesia,9,NKF Rada Rani,NM Ambo,NPAN Sakarini,0,0,0
Indonesia,10,NPAN Sakarini,K Arua,NKF Rada Rani,0,0,0
Indonesia,10,NPAN Sakarini,K Arua,NKF Rada Rani,1,0,1
Indonesia,10,NKF Rada Rani,K Arua,NPAN Sakarini,0,0,0
Indonesia,10,NKF Rada Rani,K Arua,NPAN Sakarini,1,0,1
Indonesia,10,NPAN Sakarini,K Arua,NKF Rada Rani,0,0,0
Indonesia,10,NPAN Sakarini,K Arua,NKF Rada Rani,2,0,2
Indonesia,11,NKF Rada Rani,NM Ambo,NPAN Sakarini,1,0,1
Indonesia,11,NPAN Sakarini,NM Ambo,NKF Rada Rani,1,0,1
Indonesia,11,NKF Rada Rani,NM Ambo,NPAN Sakarini,0,0,0
Indonesia,11,NMP Suwandewi,NM Ambo,NPAN Sakarini,0,0,0
Indonesia,11,NMP Suwandewi,NM Ambo,NPAN Sakarini,1,0,1
Indonesia,11,NPAN Sakarini,NM Ambo,NMP Suwandewi,1,0,1
Indonesia,12,NPAN Sakarini,K Arua,NMP Suwandewi,1,0,1
Indonesia,12,NMP Suwandewi,K Arua,NPAN Sakarini,1,0,1
Indonesia,12,NPAN Sakarini,K Arua,NMP Suwandewi,0,0,0
Indonesia,12,NPAN Sakarini,K Arua,NMP Suwandewi,0,0,0
Indonesia,12,NPAN Sakarini,K Arua,NMP Suwandewi,1,0,1
Indonesia,12,NMP Suwandewi,K Arua,NPAN Sakarini,0,0,0
Indonesia,13,NPAN Sakarini,V Araa,NMP Suwandewi,1,0,1
Indonesia,13,NMP Suwandewi,V Araa,NPAN Sakarini,1,0,1
Indonesia,13,NPAN Sakarini,V Araa,NMP Suwandewi,0,0,0
Indonesia,13,NPAN Sakarini,V Araa,NMP Suwandewi,1,0,1
Indonesia,13,NMP Suwandewi,V Araa,NPAN Sakarini,0,0,0
Indonesia,13,NMP Suwandewi,V Araa,NPAN Sakarini,0,0,0
Indonesia,14,NPAN Sakarini,S Jimmy,NMP Suwandewi,0,0,0
Indonesia,14,NPAN Sakarini,S Jimmy,NMP Suwandewi,1,0,1
Indonesia,14,NMP Suwandewi,S Jimmy,NPAN Sakarini,0,0,0
Indonesia,14,NMP Suwandewi,S Jimmy,NPAN Sakarini,0,0,0
Indonesia,14,NMP Suwandewi,S Jimmy,NPAN Sakarini,1,0,1
Indonesia,14,NPAN Sakarini,S Jimmy,NMP Suwandewi,0,0,0
Indonesia,15,NMP Suwandewi,M Tom,NPAN Sakarini,0,0,0
Indonesia,15,NMP Suwandewi,M Tom,NPAN Sakarini,1,0,1
Indonesia,15,NPAN Sakarini,M Tom,NMP Suwandewi,1,0,1
Indonesia,15,NMP Suwandewi,M Tom,NPAN Sakarini,1,0,1
Indonesia,15,NPAN Sakarini,M Tom,NMP Suwandewi,1,0,1
Indonesia,15,NMP Suwandewi,M Tom,NPAN Sakarini,0,0,0
Indonesia,16,NPAN Sakarini,K Arua,NMP Suwandewi,1,0,1
Indonesia,16,NMP Suwandewi,K Arua,NPAN Sakarini,0,0,0
Indonesia,16,NMP Suwandewi,K Arua,NPAN Sakarini,1,0,1
Indonesia,16,NPAN Sakarini,K Arua,NMP Suwandewi,0,0,0
Indonesia,16,NPAN Sakarini,K Arua,NMP Suwandewi,1,0,1
Indonesia,16,NMP Suwandewi,K Arua,NPAN Sakarini,0,0,0
Indonesia,17,NPAN Sakarini,S Jimmy,NMP Suwandewi,1,0,1
Indonesia,17,NMP Suwandewi,S Jimmy,NPAN Sakarini,1,0,1
Indonesia,17,NPAN Sakarini,S Jimmy,NMP Suwandewi,1,0,1
Indonesia,17,NMP Suwandewi,S Jimmy,NPAN Sakarini,0,0,0
Indonesia,17,NMP Suwandewi,S Jimmy,NPAN Sakarini,0,0,0
Indonesia,17,NMP Suwandewi,S Jimmy,NPAN Sakarini,1,0,1
Indonesia,18,NMP Suwandewi,R Oa,NPAN Sakarini,1,0,1
Indonesia,18,NPAN Sakarini,R Oa,NMP Suwandewi,2,0,2
Indonesia,18,NPAN Sakarini,R Oa,NMP Suwandewi,0,0,0
Indonesia,18,NPAN Sakarini,R Oa,NMP Suwandewi,2,0,2
Indonesia,18,NPAN Sakarini,R Oa,NMP Suwandewi,4,0,4
Indonesia,18,NPAN Sakarini,R Oa,NMP Suwandewi,1,0,1
Indonesia,19,NPAN Sakarini,M Tom,NMP Suwandewi,1,0,1
Indonesia,19,NMP Suwandewi,M Tom,NPAN Sakarini,1,0,1
Indonesia,19,NPAN Sakarini,M Tom,NMP Suwandewi,1,0,1
Indonesia,19,NMP Suwandewi,M Tom,NPAN Sakarini,0,2,2
Indonesia,19,NPAN Sakarini,M Tom,NMP Suwandewi,0,1,1
Indonesia,19,NMP Suwandewi,M Tom,NPAN Sakarini,0,0,0
Indonesia,19,NPAN Sakarini,M Tom,E Eduard,0,0,0
Papua New Guinea,0,S Jimmy,NMP Suwandewi,K Arua,0,0,0
Papua New Guinea,0,S Jimmy,NMP Suwandewi,K Arua,0,0,0
Papua New Guinea,0,S Jimmy,NMP Suwandewi,K Arua,1,0,1
Papua New Guinea,0,K Arua,NMP Suwandewi,S Jimmy,0,0,0
Papua New Guinea,0,K Arua,NMP Suwandewi,S Jimmy,0,0,0
Papua New Guinea,0,K Arua,NMP Suwandewi,S Jimmy,0,0,0
Papua New Guinea,1,S Jimmy,N Sitompul,K Arua,0,1,1
Papua New Guinea,1,S Jimmy,N Sitompul,K Arua,0,1,1
Papua New Guinea,1,S Jimmy,N Sitompul,K Arua,0,0,0
Papua New Guinea,1,S Jimmy,N Sitompul,K Arua,1,0,1
Papua New Guinea,1,K Arua,N Sitompul,S Jimmy,0,0,0
Papua New Guinea,1,K Arua,N Sitompul,S Jimmy,0,1,1
Papua New Guinea,1,K Arua,N Sitompul,S Jimmy,0,0,0
Papua New Guinea,1,K Arua,N Sitompul,S Jimmy,1,0,1
Papua New Guinea,1,S Jimmy,N Sitompul,K Arua,1,0,1
Papua New Guinea,2,S Jimmy,NMP Suwandewi,K Arua,1,0,1
Papua New Guinea,2,K Arua,NMP Suwandewi,S Jimmy,1,0,1
Papua New Guinea,2,S Jimmy,NMP Suwandewi,K Arua,0,0,0
Papua New Guinea,2,T Ruma,NMP Suwandewi,K Arua,0,0,0
Papua New Guinea,2,T Ruma,NMP Suwandewi,K Arua,0,0,0
Papua New Guinea,2,T Ruma,NMP Suwandewi,K Arua,0,0,0
Papua New Guinea,3,K Arua,N Sitompul,T Ruma,1,0,1
Papua New Guinea,3,T Ruma,N Sitompul,K Arua,2,0,2
Papua New Guinea,3,T Ruma,N Sitompul,K Arua,0,0,0
Papua New Guinea,3,T Ruma,N Sitompul,K Arua,0,0,0
Papua New Guinea,3,B Tau,N Sitompul,K Arua,0,1,1
Papua New Guinea,3,B Tau,N Sitompul,K Arua,0,1,1
Papua New Guinea,3,B Tau,N Sitompul,K Arua,0,0,0
Papua New Guinea,3,B Tau,N Sitompul,K Arua,0,0,0
Papua New Guinea,4,K Arua,NMP Suwandewi,B Tau,0,0,0
Papua New Guinea,4,K Arua,NMP Suwandewi,B Tau,0,0,0
Papua New Guinea,4,K Arua,NMP Suwandewi,B Tau,0,0,0
Papua New Guinea,4,K Arua,NMP Suwandewi,B Tau,0,0,0
Papua New Guinea,4,K Arua,NMP Suwandewi,B Tau,0,0,0
Papua New Guinea,4,K Arua,NMP Suwandewi,B Tau,0,0,0
Papua New Guinea,5,B Tau,N Sitompul,K Arua,1,0,1
Papua New Guinea,5,K Arua,N Sitompul,B Tau,1,0,1
Papua New Guinea,5,B Tau,N Sitompul,K Arua,0,0,0
Papua New Guinea,5,B Tau,N Sitompul,K Arua,0,0,0
Papua New Guinea,5,B Tau,N Sitompul,K Arua,1,0,1
Papua New Guinea,5,K Arua,N Sitompul,B Tau,0,0,0
Papua New Guinea,6,B Tau,NMP Suwandewi,K Arua,0,0,0
Papua New Guinea,6,B Tau,NMP Suwandewi,K Arua,1,0,1
Papua New Guinea,6,K Arua,NMP Suwandewi,B Tau,0,0,0
Papua New Guinea,6,K Arua,NMP Suwandewi,B Tau,1,0,1
Papua New Guinea,6,B Tau,NMP Suwandewi,K Arua,0,0,0
Papua New Guinea,6,B Tau,NMP Suwandewi,K Arua,1,0,1
Papua New Guinea,7,B Tau,N Sitompul,K Arua,1,0,1
Papua New Guinea,7,K Arua,N Sitompul,B Tau,0,0,0
Papua New Guinea,7,K Arua,N Sitompul,B Tau,0,0,0
Papua New Guinea,7,K Arua,N Sitompul,B Tau,1,0,1
Papua New Guinea,7,B Tau,N Sitompul,K Arua,1,0,1
Papua New Guinea,7,K Arua,N Sitompul,B Tau,0,0,0
Papua New Guinea,8,B Tau,NKF Rada Rani,K Arua,1,0,1
Papua New Guinea,8,K Arua,NKF Rada Rani,B Tau,0,0,0
Papua New Guinea,8,K Arua,NKF Rada Rani,B Tau,0,0,0
Papua New Guinea,8,K Arua,NKF Rada Rani,B Tau,0,0,0
Papua New Guinea,8,K Arua,NKF Rada Rani,B Tau,0,0,0
Papua New Guinea,8,K Arua,NKF Rada Rani,B Tau,1,0,1
Papua New Guinea,9,K Arua,E Eduard,B Tau,0,1,1
Papua New Guinea,9,K Arua,E Eduard,B Tau,0,0,0
Papua New Guinea,9,K Arua,E Eduard,B Tau,2,0,2
Papua New Guinea,9,K Arua,E Eduard,B Tau,0,0,0
Papua New Guinea,9,K Arua,E Eduard,B Tau,1,0,1
Papua New Guinea,9,B Tau,E Eduard,K Arua,1,0,1
Papua New Guinea,9,K Arua,E Eduard,B Tau,0,0,0
Papua New Guinea,10,B Tau,NKF Rada Rani,K Arua,0,0,0
Papua New Guinea,10,B Tau,NKF Rada Rani,K Arua,1,0,1
Papua New Guinea,10,K Arua,NKF Rada Rani,B Tau,0,1,1
Papua New Guinea,10,K Arua,NKF Rada Rani,B Tau,0,0,0
Papua New Guinea,10,K Arua,NKF Rada Rani,B Tau,0,0,0
Papua New Guinea,10,K Arua,NKF Rada Rani,B Tau,2,0,2
Papua New Guinea,10,K Arua,NKF Rada Rani,B Tau,0,0,0
Papua New Guinea,11,B Tau,T Hanum,K Arua,0,0,0
Papua New Guinea,11,B Tau,T Hanum,K Arua,4,0,4
Papua New Guinea,11,B Tau,T Hanum,K Arua,0,0,0
Papua New Guinea,11,B Tau,T Hanum,K Arua,1,0,1
Papua New Guinea,11,K Arua,T Hanum,B Tau,1,0,1
Papua New Guinea,11,B Tau,T Hanum,K Arua,1,0,1
Papua New Guinea,12,B Tau,NKF Rada Rani,K Arua,1,0,1
Papua New Guinea,12,K Arua,NKF Rada Rani,B Tau,0,0,0
Papua New Guinea,12,K Arua,NKF Rada Rani,B Tau,2,0,2
Papua New Guinea,12,K Arua,NKF Rada Rani,B Tau,0,0,0
Papua New Guinea,12,K Arua,NKF Rada Rani,B Tau,4,0,4
Papua New Guinea,12,K Arua,NKF Rada Rani,B Tau,0,0,0
Papua New Guinea,13,B Tau,E Eduard,K Arua,1,0,1
Papua New Guinea,13,K Arua,E Eduard,B Tau,2,0,2
Papua New Guinea,13,K Arua,E Eduard,B Tau,1,0,1
Papua New Guinea,13,B Tau,E Eduard,K Arua,4,0,4
Papua New Guinea,13,B Tau,E Eduard,K Arua,4,0,4
Papua New Guinea,13,B Tau,E Eduard,K Arua,4,0,4
Papua New Guinea,14,K Arua,T Hanum,B Tau,0,0,0
Papua New Guinea,14,N Vare,T Hanum,B Tau,0,0,0
Papua New Guinea,14,N Vare,T Hanum,B Tau,4,0,4
Papua New Guinea,14,N Vare,T Hanum,B Tau,1,0,1
Papua New Guinea,14,B Tau,T Hanum,N Vare,1,0,1
