Team,Over,Batter,Bowler,Non_Striker,Batter_Runs,Extras,Total_Runs
Mozambique,0,M Matine,MD Bimenyimana,E Moiane,1,0,1
Mozambique,0,E Moiane,MD Bimenyimana,M Matine,0,0,0
Mozambique,0,E Moiane,MD Bimenyimana,M Matine,0,0,0
Mozambique,0,E Moiane,MD Bimenyimana,M Matine,2,0,2
Mozambique,0,E Moiane,MD Bimenyimana,M Matine,2,0,2
Mozambique,0,E Moiane,MD Bimenyimana,M Matine,1,0,1
Mozambique,1,E Moiane,M Vumiliya,M Matine,4,0,4
Mozambique,1,E Moiane,M Vumiliya,M Matine,0,0,0
Mozambique,1,E Moiane,M Vumiliya,M Matine,1,0,1
Mozambique,1,M Matine,M Vumiliya,E Moiane,1,0,1
Mozambique,1,E Moiane,M Vumiliya,M Matine,2,0,2
Mozambique,1,E Moiane,M Vumiliya,M Matine,0,0,0
Mozambique,2,M Matine,MD Bimenyimana,E Moiane,1,0,1
Mozambique,2,E Moiane,MD Bimenyimana,P Cuinica,0,0,0
Mozambique,2,E Moiane,MD Bimenyimana,P Cuinica,0,0,0
Mozambique,2,E Moiane,MD Bimenyimana,P Cuinica,1,0,1
Mozambique,2,P Cuinica,MD Bimenyimana,E Moiane,1,0,1
Mozambique,2,E Moiane,MD Bimenyimana,P Cuinica,4,0,4
Mozambique,3,P Cuinica,M Vumiliya,E Moiane,0,1,1
Mozambique,3,P Cuinica,M Vumiliya,E Moiane,0,0,0
Mozambique,3,P Cuinica,M Vumiliya,E Moiane,0,0,0
Mozambique,3,P Cuinica,M Vumiliya,E Moiane,1,0,1
Mozambique,3,E Moiane,M Vumiliya,P Cuinica,1,0,1
Mozambique,3,P Cuinica,M Vumiliya,E Moiane,0,0,0
Mozambique,3,P Cuinica,M Vumiliya,E Moiane,0,0,0
Mozambique,4,E Moiane,G Ishimwe,P Cuinica,1,0,1
Mozambique,4,P Cuinica,G Ishimwe,E Moiane,1,0,1
Mozambique,4,E Moiane,G Ishimwe,P Cuinica,4,0,4
Mozambique,4,E Moiane,G Ishimwe,P Cuinica,0,0,0
Mozambique,4,E Moiane,G Ishimwe,P Cuinica,0,0,0
Mozambique,4,E Moiane,G Ishimwe,P Cuinica,4,0,4
Mozambique,5,P Cuinica,V Iriho,E Moiane,0,0,0
Mozambique,5,P Cuinica,V Iriho,E Moiane,0,0,0
Mozambique,5,P Cuinica,V Iriho,E Moiane,0,0,0
Mozambique,5,P Cuinica,V Iriho,E Moiane,1,0,1
Mozambique,5,E Moiane,V Iriho,P Cuinica,6,0,6
Mozambique,5,E Moiane,V Iriho,P Cuinica,1,0,1
Mozambique,6,E Moiane,J Nyirankundineza,P Cuinica,1,0,1
Mozambique,6,P Cuinica,J Nyirankundineza,E Moiane,0,0,0
Mozambique,6,P Cuinica,J Nyirankundineza,E Moiane,4,0,4
Mozambique,6,P Cuinica,J Nyirankundineza,E Moiane,0,0,0
Mozambique,6,P Cuinica,J Nyirankundineza,E Moiane,0,0,0
Mozambique,6,P Cuinica,J Nyirankundineza,E Moiane,1,0,1
Mozambique,7,P Cuinica,V Iriho,E Moiane,0,0,0
Mozambique,7,P Cuinica,V Iriho,E Moiane,0,0,0
Mozambique,7,P Cuinica,V Iriho,E Moiane,0,0,0
Mozambique,7,P Cuinica,V Iriho,E Moiane,0,0,0
Mozambique,7,P Cuinica,V Iriho,E Moiane,0,0,0
Mozambique,7,P Cuinica,V Iriho,E Moiane,0,0,0
Mozambique,8,E Moiane,J Nyirankundineza,P Cuinica,0,0,0
Mozambique,8,E Moiane,J Nyirankundineza,P Cuinica,1,0,1
Mozambique,8,P Cuinica,J Nyirankundineza,E Moiane,1,0,1
Mozambique,8,E Moiane,J Nyirankundineza,P Cuinica,2,0,2
Mozambique,8,E Moiane,J Nyirankundineza,P Cuinica,1,0,1
Mozambique,8,P Cuinica,J Nyirankundineza,E Moiane,0,0,0
Mozambique,9,E Moiane,V Iriho,P Cuinica,0,0,0
Mozambique,9,E Moiane,V Iriho,P Cuinica,6,0,6
Mozambique,9,E Moiane,V Iriho,P Cuinica,1,0,1
Mozambique,9,P Cuinica,V Iriho,E Moiane,0,0,0
Mozambique,9,P Cuinica,V Iriho,E Moiane,1,0,1
Mozambique,9,E Moiane,V Iriho,P Cuinica,2,0,2
Mozambique,10,P Cuinica,J Nyirankundineza,E Moiane,2,0,2
Mozambique,10,P Cuinica,J Nyirankundineza,E Moiane,4,0,4
Mozambique,10,P Cuinica,J Nyirankundineza,E Moiane,1,0,1
Mozambique,10,E Moiane,J Nyirankundineza,P Cuinica,0,0,0
Mozambique,10,P Cuinica,J Nyirankundineza,O Mondlane,1,0,1
Mozambique,10,O Mondlane,J Nyirankundineza,P Cuinica,0,0,0
Mozambique,11,P Cuinica,MD Bimenyimana,O Mondlane,3,0,3
Mozambique,11,O Mondlane,MD Bimenyimana,P Cuinica,0,0,0
Mozambique,11,O Mondlane,MD Bimenyimana,P Cuinica,0,0,0
Mozambique,11,P Cuinica,MD Bimenyimana,C Magaia,1,0,1
Mozambique,11,C Magaia,MD Bimenyimana,P Cuinica,1,0,1
Mozambique,11,P Cuinica,MD Bimenyimana,C Magaia,0,0,0
Mozambique,12,C Magaia,J Nyirankundineza,P Cuinica,0,0,0
Mozambique,12,C Magaia,J Nyirankundineza,P Cuinica,0,0,0
Mozambique,12,C Magaia,J Nyirankundineza,P Cuinica,0,1,1
Mozambique,12,C Magaia,J Nyirankundineza,P Cuinica,1,0,1
Mozambique,12,P Cuinica,J Nyirankundineza,C Magaia,0,0,0
Mozambique,12,P Cuinica,J Nyirankundineza,C Magaia,0,0,0
Mozambique,12,P Cuinica,J Nyirankundineza,C Magaia,0,1,1
Mozambique,12,P Cuinica,J Nyirankundineza,C Magaia,4,0,4
Mozambique,13,C Magaia,G Ishimwe,P Cuinica,1,0,1
Mozambique,13,P Cuinica,G Ishimwe,C Magaia,1,0,1
Mozambique,13,C Magaia,G Ishimwe,P Cuinica,1,0,1
Mozambique,13,P Cuinica,G Ishimwe,C Magaia,1,0,1
Mozambique,13,C Magaia,G Ishimwe,P Cuinica,0,0,0
Mozambique,13,C Magaia,G Ishimwe,P Cuinica,4,1,5
Mozambique,13,C Magaia,G Ishimwe,P Cuinica,1,0,1
Mozambique,14,C Magaia,M Vumiliya,P Cuinica,1,0,1
Mozambique,14,P Cuinica,M Vumiliya,C Magaia,1,0,1
Mozambique,14,C Magaia,M Vumiliya,P Cuinica,0,1,1
Mozambique,14,C Magaia,M Vumiliya,P Cuinica,1,0,1
Mozambique,14,P Cuinica,M Vumiliya,C Magaia,0,1,1
Mozambique,14,P Cuinica,M Vumiliya,C Magaia,0,0,0
Mozambique,14,P Cuinica,M Vumiliya,C Magaia,4,0,4
Mozambique,14,P Cuinica,M Vumiliya,C Magaia,2,0,2
Mozambique,15,C Magaia,H Ishimwe,P Cuinica,2,0,2
Mozambique,15,C Magaia,H Ishimwe,P Cuinica,0,0,0
Mozambique,15,C Magaia,H Ishimwe,P Cuinica,1,0,1
Mozambique,15,P Cuinica,H Ishimwe,C Magaia,1,0,1
Mozambique,15,C Magaia,H Ishimwe,P Cuinica,1,0,1
Mozambique,15,P Cuinica,H Ishimwe,C Magaia,0,0,0
Mozambique,16,C Magaia,M Vumiliya,P Cuinica,0,1,1
Mozambique,16,C Magaia,M Vumiliya,P Cuinica,0,2,2
Mozambique,16,P Cuinica,M Vumiliya,C Magaia,1,0,1
Mozambique,16,C Magaia,M Vumiliya,P Cuinica,0,0,0
Mozambique,16,C Magaia,M Vumiliya,P Cuinica,2,0,2
Mozambique,16,C Magaia,M Vumiliya,P Cuinica,1,0,1
Mozambique,16,P Cuinica,M Vumiliya,C Magaia,0,2,2
Mozambique,16,C Magaia,M Vumiliya,P Cuinica,1,0,1
Mozambique,16,P Cuinica,M Vumiliya,C Magaia,2,0,2
Mozambique,17,C Magaia,H Ishimwe,P Cuinica,1,0,1
Mozambique,17,P Cuinica,H Ishimwe,C Magaia,2,0,2
Mozambique,17,P Cuinica,H Ishimwe,C Magaia,0,0,0
Mozambique,17,P Cuinica,H Ishimwe,C Magaia,0,0,0
Mozambique,17,R Haiong,H Ishimwe,P Cuinica,0,0,0
Mozambique,17,R Haiong,H Ishimwe,P Cuinica,0,0,0
Mozambique,18,P Cuinica,V Iriho,R Haiong,1,0,1
Mozambique,18,R Haiong,V Iriho,P Cuinica,1,0,1
Mozambique,18,P Cuinica,V Iriho,R Haiong,1,0,1
Mozambique,18,R Haiong,V Iriho,P Cuinica,0,0,0
Mozambique,18,R Haiong,V Iriho,P Cuinica,1,0,1
Mozambique,18,P Cuinica,V Iriho,R Haiong,2,0,2
Mozambique,19,R Haiong,MD Bimenyimana,P Cuinica,1,0,1
Mozambique,19,P Cuinica,MD Bimenyimana,R Haiong,2,0,2
Mozambique,19,P Cuinica,MD Bimenyimana,R Haiong,0,4,4
Mozambique,19,P Cuinica,MD Bimenyimana,R Haiong,0,0,0
Mozambique,19,I Chuma,MD Bimenyimana,R Haiong,0,0,0
Mozambique,19,F Guirrugo,MD Bimenyimana,R Haiong,0,0,0
Rwanda,0,DI Dusabemungu,F Guirrugo,V Iriho,1,0,1
Rwanda,0,V Iriho,F Guirrugo,DI Dusabemungu,0,1,1
Rwanda,0,DI Dusabemungu,F Guirrugo,V Iriho,0,0,0
Rwanda,0,DI Dusabemungu,F Guirrugo,V Iriho,0,0,0
Rwanda,0,DI Dusabemungu,F Guirrugo,V Iriho,0,0,0
Rwanda,0,DI Dusabemungu,F Guirrugo,V Iriho,0,0,0
Rwanda,1,V Iriho,A Salomao,DI Dusabemungu,0,0,0
Rwanda,1,V Iriho,A Salomao,DI Dusabemungu,2,0,2
Rwanda,1,V Iriho,A Salomao,DI Dusabemungu,1,0,1
Rwanda,1,DI Dusabemungu,A Salomao,V Iriho,0,0,0
Rwanda,1,DI Dusabemungu,A Salomao,V Iriho,0,0,0
Rwanda,1,DI Dusabemungu,A Salomao,V Iriho,1,0,1
Rwanda,2,DI Dusabemungu,F Guirrugo,V Iriho,2,0,2
Rwanda,2,DI Dusabemungu,F Guirrugo,V Iriho,0,0,0
Rwanda,2,DI Dusabemungu,F Guirrugo,V Iriho,2,0,2
Rwanda,2,DI Dusabemungu,F Guirrugo,V Iriho,2,0,2
Rwanda,2,DI Dusabemungu,F Guirrugo,V Iriho,2,0,2
Rwanda,2,DI Dusabemungu,F Guirrugo,V Iriho,0,0,0
Rwanda,3,V Iriho,A Salomao,MD Bimenyimana,0,0,0
Rwanda,3,V Iriho,A Salomao,MD Bimenyimana,2,0,2
Rwanda,3,V Iriho,A Salomao,MD Bimenyimana,2,0,2
Rwanda,3,V Iriho,A Salomao,MD Bimenyimana,1,0,1
Rwanda,3,MD Bimenyimana,A Salomao,V Iriho,0,0,0
Rwanda,3,MD Bimenyimana,A Salomao,V Iriho,4,0,4
Rwanda,4,V Iriho,F Guirrugo,MD Bimenyimana,1,0,1
Rwanda,4,MD Bimenyimana,F Guirrugo,V Iriho,1,0,1
Rwanda,4,V Iriho,F Guirrugo,MD Bimenyimana,0,0,0
Rwanda,4,G Ishimwe,F Guirrugo,MD Bimenyimana,1,0,1
Rwanda,4,MD Bimenyimana,F Guirrugo,G Ishimwe,0,1,1
Rwanda,4,MD Bimenyimana,F Guirrugo,G Ishimwe,1,0,1
Rwanda,4,G Ishimwe,F Guirrugo,MD Bimenyimana,0,0,0
Rwanda,5,MD Bimenyimana,P Cuinica,G Ishimwe,0,4,4
Rwanda,5,G Ishimwe,P Cuinica,MD Bimenyimana,0,0,0
Rwanda,5,G Ishimwe,P Cuinica,MD Bimenyimana,0,0,0
Rwanda,5,G Ishimwe,P Cuinica,MD Bimenyimana,1,0,1
Rwanda,5,MD Bimenyimana,P Cuinica,G Ishimwe,4,0,4
Rwanda,5,MD Bimenyimana,P Cuinica,G Ishimwe,0,0,0
Rwanda,5,MD Bimenyimana,P Cuinica,G Ishimwe,0,1,1
Rwanda,6,MD Bimenyimana,I Chuma,G Ishimwe,1,0,1
Rwanda,6,G Ishimwe,I Chuma,MD Bimenyimana,0,0,0
Rwanda,6,H Ishimwe,I Chuma,MD Bimenyimana,1,0,1
Rwanda,6,MD Bimenyimana,I Chuma,H Ishimwe,0,0,0
Rwanda,6,MD Bimenyimana,I Chuma,H Ishimwe,2,0,2
Rwanda,6,MD Bimenyimana,I Chuma,H Ishimwe,0,1,1
Rwanda,6,MD Bimenyimana,I Chuma,H Ishimwe,0,1,1
Rwanda,6,MD Bimenyimana,I Chuma,H Ishimwe,1,0,1
Rwanda,7,MD Bimenyimana,P Cuinica,H Ishimwe,0,0,0
Rwanda,7,MD Bimenyimana,P Cuinica,H Ishimwe,4,0,4
Rwanda,7,MD Bimenyimana,P Cuinica,H Ishimwe,0,1,1
Rwanda,7,MD Bimenyimana,P Cuinica,H Ishimwe,1,0,1
Rwanda,7,H Ishimwe,P Cuinica,MD Bimenyimana,2,0,2
Rwanda,7,H Ishimwe,P Cuinica,MD Bimenyimana,1,0,1
Rwanda,7,MD Bimenyimana,P Cuinica,H Ishimwe,2,0,2
Rwanda,8,H Ishimwe,I Chuma,MD Bimenyimana,4,0,4
Rwanda,8,H Ishimwe,I Chuma,MD Bimenyimana,1,0,1
Rwanda,8,MD Bimenyimana,I Chuma,H Ishimwe,1,0,1
Rwanda,8,H Ishimwe,I Chuma,MD Bimenyimana,0,0,0
Rwanda,8,H Ishimwe,I Chuma,MD Bimenyimana,2,0,2
Rwanda,8,H Ishimwe,I Chuma,MD Bimenyimana,0,0,0
Rwanda,9,MD Bimenyimana,C Murrombe,H Ishimwe,1,0,1
Rwanda,9,H Ishimwe,C Murrombe,MD Bimenyimana,0,0,0
Rwanda,9,H Ishimwe,C Murrombe,MD Bimenyimana,0,1,1
Rwanda,9,H Ishimwe,C Murrombe,MD Bimenyimana,0,1,1
Rwanda,9,MD Bimenyimana,C Murrombe,H Ishimwe,0,1,1
Rwanda,9,MD Bimenyimana,C Murrombe,H Ishimwe,0,0,0
Rwanda,9,S Uwera,C Murrombe,H Ishimwe,1,0,1
Rwanda,9,H Ishimwe,C Murrombe,S Uwera,2,0,2
Rwanda,10,S Uwera,C Magaia,H Ishimwe,0,0,0
Rwanda,10,C Uwamahoro,C Magaia,H Ishimwe,0,0,0
Rwanda,10,C Uwamahoro,C Magaia,H Ishimwe,0,1,1
Rwanda,10,C Uwamahoro,C Magaia,H Ishimwe,0,0,0
Rwanda,10,C Uwamahoro,C Magaia,H Ishimwe,0,0,0
Rwanda,10,C Uwamahoro,C Magaia,H Ishimwe,1,0,1
Rwanda,10,H Ishimwe,C Magaia,C Uwamahoro,0,0,0
Rwanda,11,C Uwamahoro,C Murrombe,H Ishimwe,0,1,1
Rwanda,11,H Ishimwe,C Murrombe,C Uwamahoro,1,0,1
Rwanda,11,C Uwamahoro,C Murrombe,H Ishimwe,0,0,0
Rwanda,11,C Uwamahoro,C Murrombe,H Ishimwe,1,0,1
Rwanda,11,H Ishimwe,C Murrombe,C Uwamahoro,1,0,1
Rwanda,11,C Uwamahoro,C Murrombe,H Ishimwe,1,0,1
Rwanda,12,C Uwamahoro,C Magaia,H Ishimwe,1,0,1
Rwanda,12,H Ishimwe,C Magaia,C Uwamahoro,1,0,1
Rwanda,12,C Uwamahoro,C Magaia,H Ishimwe,1,0,1
Rwanda,12,H Ishimwe,C Magaia,C Uwamahoro,0,2,2
Rwanda,12,C Uwamahoro,C Magaia,H Ishimwe,1,0,1
Rwanda,12,H Ishimwe,C Magaia,C Uwamahoro,1,0,1
Rwanda,12,C Uwamahoro,C Magaia,H Ishimwe,0,1,1
Rwanda,12,C Uwamahoro,C Magaia,H Ishimwe,0,1,1
Rwanda,12,C Uwamahoro,C Magaia,H Ishimwe,1,0,1
Rwanda,13,C Uwamahoro,C Murrombe,H Ishimwe,0,0,0
Rwanda,13,C Uwamahoro,C Murrombe,H Ishimwe,0,0,0
Rwanda,13,D Mukarurangwa,C Murrombe,H Ishimwe,0,2,2
Rwanda,13,H Ishimwe,C Murrombe,D Mukarurangwa,1,0,1
Rwanda,13,D Mukarurangwa,C Murrombe,H Ishimwe,2,0,2
Rwanda,13,D Mukarurangwa,C Murrombe,H Ishimwe,1,0,1
Rwanda,13,H Ishimwe,C Murrombe,D Mukarurangwa,1,0,1
Rwanda,14,H Ishimwe,E Moiane,D Mukarurangwa,0,1,1
Rwanda,14,H Ishimwe,E Moiane,D Mukarurangwa,1,0,1
Rwanda,14,D Mukarurangwa,E Moiane,H Ishimwe,1,0,1
Rwanda,14,H Ishimwe,E Moiane,D Mukarurangwa,0,0,0
Rwanda,14,H Ishimwe,E Moiane,D Mukarurangwa,2,0,2
Rwanda,14,H Ishimwe,E Moiane,D Mukarurangwa,1,0,1
Rwanda,14,D Mukarurangwa,E Moiane,H Ishimwe,0,0,0
Rwanda,15,H Ishimwe,C Murrombe,D Mukarurangwa,2,0,2
Rwanda,15,H Ishimwe,C Murrombe,D Mukarurangwa,2,0,2
Rwanda,15,H Ishimwe,C Murrombe,D Mukarurangwa,0,1,1
Rwanda,15,H Ishimwe,C Murrombe,D Mukarurangwa,1,0,1
Rwanda,15,D Mukarurangwa,C Murrombe,H Ishimwe,0,0,0
Rwanda,15,H Ishimwe,C Murrombe,A Uwimbabazi,2,0,2
Rwanda,15,H Ishimwe,C Murrombe,A Uwimbabazi,2,0,2
Rwanda,16,A Uwimbabazi,P Cuinica,H Ishimwe,1,0,1
Rwanda,16,H Ishimwe,P Cuinica,A Uwimbabazi,0,0,0
Rwanda,16,H Ishimwe,P Cuinica,A Uwimbabazi,0,0,0
Rwanda,16,H Ishimwe,P Cuinica,A Uwimbabazi,1,0,1
Rwanda,16,A Uwimbabazi,P Cuinica,H Ishimwe,3,0,3
Rwanda,16,H Ishimwe,P Cuinica,A Uwimbabazi,2,0,2
Rwanda,17,A Uwimbabazi,F Guirrugo,H Ishimwe,0,0,0
Rwanda,17,A Uwimbabazi,F Guirrugo,H Ishimwe,1,0,1
Rwanda,17,H Ishimwe,F Guirrugo,A Uwimbabazi,0,0,0
Rwanda,17,H Ishimwe,F Guirrugo,A Uwimbabazi,2,0,2
Rwanda,17,H Ishimwe,F Guirrugo,A Uwimbabazi,1,0,1
Rwanda,17,A Uwimbabazi,F Guirrugo,H Ishimwe,2,0,2
Rwanda,18,H Ishimwe,P Cuinica,A Uwimbabazi,1,0,1
Rwanda,18,A Uwimbabazi,P Cuinica,H Ishimwe,0,0,0
Rwanda,18,M Vumiliya,P Cuinica,H Ishimwe,1,0,1
Rwanda,18,H Ishimwe,P Cuinica,M Vumiliya,4,0,4
Rwanda,18,H Ishimwe,P Cuinica,M Vumiliya,2,0,2
Rwanda,18,H Ishimwe,P Cuinica,M Vumiliya,1,0,1
Rwanda,19,H Ishimwe,A Salomao,M Vumiliya,2,0,2
Rwanda,19,M Vumiliya,A Salomao,J Nyirankundineza,1,0,1
Rwanda,19,J Nyirankundineza,A Salomao,M Vumiliya,2,0,2
