Team,Over,Batter,Bowler,Non_Striker,Batter_Runs,Extras,Total_Runs
Zimbabwe,0,M Mupachikwa,MD Bimenyimana,SM Mayers,0,0,0
Zimbabwe,0,M Mupachikwa,MD Bimenyimana,SM Mayers,0,0,0
Zimbabwe,0,M Mupachikwa,MD Bimenyimana,SM Mayers,0,0,0
Zimbabwe,0,M Mupachikwa,MD Bimenyimana,SM Mayers,0,0,0
Zimbabwe,0,M Mupachikwa,MD Bimenyimana,SM Mayers,0,0,0
Zimbabwe,0,M Mupachikwa,MD Bimenyimana,SM Mayers,3,0,3
Zimbabwe,1,M Mupachikwa,M Vumiliya,SM Mayers,0,0,0
Zimbabwe,1,M Mupachikwa,M Vumiliya,SM Mayers,4,0,4
Zimbabwe,1,M Mupachikwa,M Vumiliya,SM Mayers,0,0,0
Zimbabwe,1,M Mupachikwa,M Vumiliya,SM Mayers,1,0,1
Zimbabwe,1,SM Mayers,M Vumiliya,M Mupachikwa,0,0,0
Zimbabwe,1,SM Mayers,M Vumiliya,M Mupachikwa,0,0,0
Zimbabwe,2,M Mupachikwa,MD Bimenyimana,SM Mayers,0,0,0
Zimbabwe,2,M Mupachikwa,MD Bimenyimana,SM Mayers,0,0,0
Zimbabwe,2,M Mupachikwa,MD Bimenyimana,SM Mayers,1,0,1
Zimbabwe,2,SM Mayers,MD Bimenyimana,M Mupachikwa,0,0,0
Zimbabwe,2,SM Mayers,MD Bimenyimana,M Mupachikwa,0,0,0
Zimbabwe,2,SM Mayers,MD Bimenyimana,M Mupachikwa,0,0,0
Zimbabwe,3,M Mupachikwa,M Vumiliya,SM Mayers,1,0,1
Zimbabwe,3,SM Mayers,M Vumiliya,M Mupachikwa,0,0,0
Zimbabwe,3,SM Mayers,M Vumiliya,M Mupachikwa,0,0,0
Zimbabwe,3,SM Mayers,M Vumiliya,M Mupachikwa,2,0,2
Zimbabwe,3,SM Mayers,M Vumiliya,M Mupachikwa,0,0,0
Zimbabwe,3,SM Mayers,M Vumiliya,M Mupachikwa,0,0,0
Zimbabwe,4,M Mupachikwa,MD Bimenyimana,SM Mayers,2,0,2
Zimbabwe,4,M Mupachikwa,MD Bimenyimana,SM Mayers,0,0,0
Zimbabwe,4,M Mupachikwa,MD Bimenyimana,SM Mayers,4,0,4
Zimbabwe,4,M Mupachikwa,MD Bimenyimana,SM Mayers,0,0,0
Zimbabwe,4,M Mupachikwa,MD Bimenyimana,SM Mayers,0,0,0
Zimbabwe,4,M Mupachikwa,MD Bimenyimana,SM Mayers,0,0,0
Zimbabwe,5,SM Mayers,M Vumiliya,M Mupachikwa,2,0,2
Zimbabwe,5,SM Mayers,M Vumiliya,M Mupachikwa,0,1,1
Zimbabwe,5,M Mupachikwa,M Vumiliya,SM Mayers,0,1,1
Zimbabwe,5,M Mupachikwa,M Vumiliya,SM Mayers,1,0,1
Zimbabwe,5,SM Mayers,M Vumiliya,M Mupachikwa,2,0,2
Zimbabwe,5,SM Mayers,M Vumiliya,M Mupachikwa,1,0,1
Zimbabwe,5,M Mupachikwa,M Vumiliya,SM Mayers,3,0,3
Zimbabwe,6,M Mupachikwa,J Nyirankundineza,SM Mayers,0,0,0
Zimbabwe,6,M Mupachikwa,J Nyirankundineza,SM Mayers,3,0,3
Zimbabwe,6,SM Mayers,J Nyirankundineza,M Mupachikwa,0,0,0
Zimbabwe,6,SM Mayers,J Nyirankundineza,M Mupachikwa,1,0,1
Zimbabwe,6,M Mupachikwa,J Nyirankundineza,SM Mayers,0,0,0
Zimbabwe,6,M Mupachikwa,J Nyirankundineza,SM Mayers,0,0,0
Zimbabwe,7,SM Mayers,V Iriho,M Mupachikwa,0,0,0
Zimbabwe,7,SM Mayers,V Iriho,M Mupachikwa,4,0,4
Zimbabwe,7,SM Mayers,V Iriho,M Mupachikwa,4,0,4
Zimbabwe,7,SM Mayers,V Iriho,M Mupachikwa,1,0,1
Zimbabwe,7,M Mupachikwa,V Iriho,SM Mayers,0,0,0
Zimbabwe,7,M Mupachikwa,V Iriho,SM Mayers,2,0,2
Zimbabwe,8,SM Mayers,J Nyirankundineza,M Mupachikwa,0,0,0
Zimbabwe,8,SM Mayers,J Nyirankundineza,M Mupachikwa,4,0,4
Zimbabwe,8,SM Mayers,J Nyirankundineza,M Mupachikwa,0,0,0
Zimbabwe,8,SM Mayers,J Nyirankundineza,M Mupachikwa,0,0,0
Zimbabwe,8,SM Mayers,J Nyirankundineza,M Mupachikwa,1,0,1
Zimbabwe,8,M Mupachikwa,J Nyirankundineza,SM Mayers,1,0,1
Zimbabwe,9,M Mupachikwa,V Iriho,SM Mayers,1,0,1
Zimbabwe,9,SM Mayers,V Iriho,M Mupachikwa,1,0,1
Zimbabwe,9,M Mupachikwa,V Iriho,SM Mayers,0,0,0
Zimbabwe,9,M Mupachikwa,V Iriho,SM Mayers,1,0,1
Zimbabwe,9,SM Mayers,V Iriho,M Mupachikwa,4,0,4
Zimbabwe,9,SM Mayers,V Iriho,M Mupachikwa,2,0,2
Zimbabwe,10,M Mupachikwa,J Nyirankundineza,SM Mayers,1,0,1
Zimbabwe,10,SM Mayers,J Nyirankundineza,M Mupachikwa,1,0,1
Zimbabwe,10,M Mupachikwa,J Nyirankundineza,SM Mayers,0,0,0
Zimbabwe,10,M Mupachikwa,J Nyirankundineza,SM Mayers,1,0,1
Zimbabwe,10,SM Mayers,J Nyirankundineza,M Mupachikwa,1,0,1
Zimbabwe,10,M Mupachikwa,J Nyirankundineza,SM Mayers,2,0,2
Zimbabwe,11,SM Mayers,G Ishimwe,M Mupachikwa,1,0,1
Zimbabwe,11,M Mupachikwa,G Ishimwe,SM Mayers,0,0,0
Zimbabwe,11,M Mupachikwa,G Ishimwe,SM Mayers,2,0,2
Zimbabwe,11,M Mupachikwa,G Ishimwe,SM Mayers,1,0,1
Zimbabwe,11,SM Mayers,G Ishimwe,M Mupachikwa,2,0,2
Zimbabwe,11,SM Mayers,G Ishimwe,M Mupachikwa,0,0,0
Zimbabwe,12,M Mupachikwa,J Nyirankundineza,SM Mayers,4,0,4
Zimbabwe,12,M Mupachikwa,J Nyirankundineza,SM Mayers,1,0,1
Zimbabwe,12,SM Mayers,J Nyirankundineza,M Mupachikwa,4,0,4
Zimbabwe,12,SM Mayers,J Nyirankundineza,M Mupachikwa,2,0,2
Zimbabwe,12,SM Mayers,J Nyirankundineza,M Mupachikwa,0,0,0
Zimbabwe,12,M Mupachikwa,J Nyirankundineza,CS Mugeri,1,0,1
Zimbabwe,13,M Mupachikwa,G Ishimwe,CS Mugeri,1,0,1
Zimbabwe,13,CS Mugeri,G Ishimwe,M Mupachikwa,0,2,2
Zimbabwe,13,M Mupachikwa,G Ishimwe,CS Mugeri,4,0,4
Zimbabwe,13,M Mupachikwa,G Ishimwe,CS Mugeri,2,0,2
Zimbabwe,13,M Mupachikwa,G Ishimwe,CS Mugeri,0,0,0
Zimbabwe,13,M Mupachikwa,G Ishimwe,CS Mugeri,0,0,0
Zimbabwe,13,M Mupachikwa,G Ishimwe,CS Mugeri,2,0,2
Zimbabwe,14,CS Mugeri,I Muhawenimana,M Mupachikwa,0,0,0
Zimbabwe,14,CS Mugeri,I Muhawenimana,M Mupachikwa,1,0,1
Zimbabwe,14,M Mupachikwa,I Muhawenimana,CS Mugeri,4,0,4
Zimbabwe,14,M Mupachikwa,I Muhawenimana,CS Mugeri,4,0,4
Zimbabwe,14,M Mupachikwa,I Muhawenimana,CS Mugeri,1,0,1
Zimbabwe,14,CS Mugeri,I Muhawenimana,M Mupachikwa,1,0,1
Zimbabwe,15,CS Mugeri,G Ishimwe,M Mupachikwa,6,0,6
Zimbabwe,15,CS Mugeri,G Ishimwe,M Mupachikwa,1,0,1
Zimbabwe,15,M Mupachikwa,G Ishimwe,CS Mugeri,0,0,0
Zimbabwe,15,M Mupachikwa,G Ishimwe,CS Mugeri,1,0,1
Zimbabwe,15,CS Mugeri,G Ishimwe,M Mupachikwa,1,0,1
Zimbabwe,15,M Mupachikwa,G Ishimwe,CS Mugeri,1,0,1
Zimbabwe,16,M Mupachikwa,H Ishimwe,CS Mugeri,1,0,1
Zimbabwe,16,CS Mugeri,H Ishimwe,M Mupachikwa,2,0,2
Zimbabwe,16,CS Mugeri,H Ishimwe,M Mupachikwa,4,0,4
Zimbabwe,16,CS Mugeri,H Ishimwe,M Mupachikwa,2,0,2
Zimbabwe,16,CS Mugeri,H Ishimwe,M Mupachikwa,0,0,0
Zimbabwe,16,CS Mugeri,H Ishimwe,M Mupachikwa,1,0,1
Zimbabwe,17,CS Mugeri,V Iriho,M Mupachikwa,0,0,0
Zimbabwe,17,CS Mugeri,V Iriho,M Mupachikwa,0,1,1
Zimbabwe,17,CS Mugeri,V Iriho,M Mupachikwa,2,0,2
Zimbabwe,17,CS Mugeri,V Iriho,M Mupachikwa,2,0,2
Zimbabwe,17,CS Mugeri,V Iriho,M Mupachikwa,1,0,1
Zimbabwe,17,M Mupachikwa,V Iriho,CS Mugeri,0,0,0
Zimbabwe,17,M Mupachikwa,V Iriho,CS Mugeri,0,0,0
Zimbabwe,18,CS Mugeri,H Ishimwe,M Mupachikwa,0,0,0
Zimbabwe,18,CS Mugeri,H Ishimwe,M Mupachikwa,0,2,2
Zimbabwe,18,M Mupachikwa,H Ishimwe,CS Mugeri,0,0,0
Zimbabwe,18,M Musonda,H Ishimwe,CS Mugeri,0,0,0
Zimbabwe,18,M Musonda,H Ishimwe,CS Mugeri,1,0,1
Zimbabwe,18,CS Mugeri,H Ishimwe,M Musonda,1,0,1
Zimbabwe,18,M Musonda,H Ishimwe,CS Mugeri,2,0,2
Zimbabwe,19,CS Mugeri,MD Bimenyimana,M Musonda,0,0,0
Zimbabwe,19,CS Mugeri,MD Bimenyimana,M Musonda,2,0,2
Zimbabwe,19,CS Mugeri,MD Bimenyimana,M Musonda,2,0,2
Zimbabwe,19,CS Mugeri,MD Bimenyimana,M Musonda,2,0,2
Zimbabwe,19,CS Mugeri,MD Bimenyimana,M Musonda,0,1,1
Zimbabwe,19,M Musonda,MD Bimenyimana,CS Mugeri,1,0,1
Rwanda,0,DI Dusabemungu,J Nkomo,V Iriho,0,0,0
Rwanda,0,DI Dusabemungu,J Nkomo,V Iriho,0,1,1
Rwanda,0,V Iriho,J Nkomo,DI Dusabemungu,2,0,2
Rwanda,0,V Iriho,J Nkomo,DI Dusabemungu,0,0,0
Rwanda,0,V Iriho,J Nkomo,DI Dusabemungu,0,0,0
Rwanda,0,V Iriho,J Nkomo,DI Dusabemungu,0,0,0
Rwanda,1,DI Dusabemungu,T Granger,V Iriho,2,0,2
Rwanda,1,DI Dusabemungu,T Granger,V Iriho,0,0,0
Rwanda,1,DI Dusabemungu,T Granger,V Iriho,0,0,0
Rwanda,1,DI Dusabemungu,T Granger,V Iriho,1,0,1
Rwanda,1,V Iriho,T Granger,DI Dusabemungu,0,0,0
Rwanda,1,MD Bimenyimana,T Granger,DI Dusabemungu,0,0,0
Rwanda,2,DI Dusabemungu,J Nkomo,MD Bimenyimana,0,0,0
Rwanda,2,DI Dusabemungu,J Nkomo,MD Bimenyimana,0,0,0
Rwanda,2,DI Dusabemungu,J Nkomo,MD Bimenyimana,0,0,0
Rwanda,2,DI Dusabemungu,J Nkomo,MD Bimenyimana,0,0,0
Rwanda,2,DI Dusabemungu,J Nkomo,MD Bimenyimana,0,0,0
Rwanda,2,DI Dusabemungu,J Nkomo,MD Bimenyimana,1,0,1
Rwanda,3,DI Dusabemungu,T Granger,MD Bimenyimana,2,0,2
Rwanda,3,DI Dusabemungu,T Granger,MD Bimenyimana,0,0,0
Rwanda,3,DI Dusabemungu,T Granger,MD Bimenyimana,0,0,0
Rwanda,3,MD Bimenyimana,T Granger,G Ishimwe,0,0,0
Rwanda,3,G Ishimwe,T Granger,H Ishimwe,0,0,0
Rwanda,3,G Ishimwe,T Granger,H Ishimwe,0,0,0
Rwanda,4,H Ishimwe,AC Mushangwe,G Ishimwe,0,0,0
Rwanda,4,H Ishimwe,AC Mushangwe,G Ishimwe,1,0,1
Rwanda,4,G Ishimwe,AC Mushangwe,H Ishimwe,0,0,0
Rwanda,4,G Ishimwe,AC Mushangwe,H Ishimwe,0,0,0
Rwanda,4,G Ishimwe,AC Mushangwe,H Ishimwe,0,0,0
Rwanda,4,G Ishimwe,AC Mushangwe,H Ishimwe,0,0,0
Rwanda,5,H Ishimwe,T Granger,G Ishimwe,4,0,4
Rwanda,5,H Ishimwe,T Granger,G Ishimwe,0,0,0
Rwanda,5,H Ishimwe,T Granger,G Ishimwe,1,0,1
Rwanda,5,G Ishimwe,T Granger,H Ishimwe,1,0,1
Rwanda,5,H Ishimwe,T Granger,G Ishimwe,0,0,0
Rwanda,5,H Ishimwe,T Granger,G Ishimwe,0,0,0
Rwanda,6,G Ishimwe,AC Mushangwe,H Ishimwe,0,0,0
Rwanda,6,G Ishimwe,AC Mushangwe,H Ishimwe,4,0,4
Rwanda,6,G Ishimwe,AC Mushangwe,H Ishimwe,1,0,1
Rwanda,6,H Ishimwe,AC Mushangwe,G Ishimwe,0,0,0
Rwanda,6,H Ishimwe,AC Mushangwe,G Ishimwe,0,0,0
Rwanda,6,H Ishimwe,AC Mushangwe,G Ishimwe,0,0,0
Rwanda,7,G Ishimwe,P Marange,H Ishimwe,0,0,0
Rwanda,7,G Ishimwe,P Marange,H Ishimwe,2,0,2
Rwanda,7,G Ishimwe,P Marange,H Ishimwe,0,0,0
Rwanda,7,G Ishimwe,P Marange,H Ishimwe,0,0,0
Rwanda,7,G Ishimwe,P Marange,H Ishimwe,1,0,1
Rwanda,7,H Ishimwe,P Marange,G Ishimwe,0,0,0
Rwanda,8,G Ishimwe,A Mazvishaya,H Ishimwe,0,0,0
Rwanda,8,G Ishimwe,A Mazvishaya,H Ishimwe,0,0,0
Rwanda,8,G Ishimwe,A Mazvishaya,H Ishimwe,1,0,1
Rwanda,8,H Ishimwe,A Mazvishaya,G Ishimwe,4,0,4
Rwanda,8,H Ishimwe,A Mazvishaya,G Ishimwe,0,0,0
Rwanda,8,H Ishimwe,A Mazvishaya,G Ishimwe,1,0,1
Rwanda,9,H Ishimwe,P Marange,G Ishimwe,1,0,1
Rwanda,9,G Ishimwe,P Marange,H Ishimwe,0,0,0
Rwanda,9,G Ishimwe,P Marange,H Ishimwe,1,0,1
Rwanda,9,H Ishimwe,P Marange,G Ishimwe,0,0,0
Rwanda,9,H Ishimwe,P Marange,G Ishimwe,1,0,1
Rwanda,9,G Ishimwe,P Marange,H Ishimwe,0,0,0
Rwanda,10,H Ishimwe,A Mazvishaya,G Ishimwe,0,0,0
Rwanda,10,H Ishimwe,A Mazvishaya,G Ishimwe,1,0,1
Rwanda,10,G Ishimwe,A Mazvishaya,H Ishimwe,1,0,1
Rwanda,10,H Ishimwe,A Mazvishaya,G Ishimwe,0,0,0
Rwanda,10,G Ishimwe,A Mazvishaya,S Uwera,4,0,4
Rwanda,10,G Ishimwe,A Mazvishaya,S Uwera,0,0,0
Rwanda,11,S Uwera,P Marange,G Ishimwe,0,0,0
Rwanda,11,S Uwera,P Marange,G Ishimwe,0,0,0
Rwanda,11,S Uwera,P Marange,G Ishimwe,0,0,0
Rwanda,11,S Uwera,P Marange,G Ishimwe,1,0,1
Rwanda,11,G Ishimwe,P Marange,S Uwera,0,0,0
Rwanda,11,G Ishimwe,P Marange,S Uwera,0,0,0
Rwanda,12,S Uwera,A Mazvishaya,G Ishimwe,0,0,0
Rwanda,12,S Uwera,A Mazvishaya,G Ishimwe,0,0,0
Rwanda,12,S Uwera,A Mazvishaya,G Ishimwe,1,0,1
Rwanda,12,G Ishimwe,A Mazvishaya,S Uwera,1,0,1
Rwanda,12,S Uwera,A Mazvishaya,G Ishimwe,2,0,2
Rwanda,12,S Uwera,A Mazvishaya,G Ishimwe,0,0,0
Rwanda,13,G Ishimwe,AC Mushangwe,S Uwera,1,0,1
Rwanda,13,S Uwera,AC Mushangwe,G Ishimwe,0,0,0
Rwanda,13,S Uwera,AC Mushangwe,G Ishimwe,0,0,0
Rwanda,13,S Uwera,AC Mushangwe,G Ishimwe,0,0,0
Rwanda,13,S Uwera,AC Mushangwe,G Ishimwe,0,0,0
Rwanda,13,D Mukarurangwa,AC Mushangwe,G Ishimwe,0,0,0
Rwanda,14,G Ishimwe,N Mutasa,D Mukarurangwa,0,0,0
Rwanda,14,G Ishimwe,N Mutasa,D Mukarurangwa,1,0,1
Rwanda,14,D Mukarurangwa,N Mutasa,G Ishimwe,0,0,0
Rwanda,14,D Mukarurangwa,N Mutasa,G Ishimwe,0,1,1
Rwanda,14,D Mukarurangwa,N Mutasa,G Ishimwe,1,0,1
Rwanda,14,G Ishimwe,N Mutasa,D Mukarurangwa,0,0,0
Rwanda,14,G Ishimwe,N Mutasa,D Mukarurangwa,0,0,0
Rwanda,15,D Mukarurangwa,AC Mushangwe,A Uwimbabazi,1,0,1
Rwanda,15,A Uwimbabazi,AC Mushangwe,D Mukarurangwa,1,0,1
Rwanda,15,D Mukarurangwa,AC Mushangwe,A Uwimbabazi,0,0,0
Rwanda,15,D Mukarurangwa,AC Mushangwe,A Uwimbabazi,0,0,0
Rwanda,15,D Mukarurangwa,AC Mushangwe,A Uwimbabazi,0,0,0
Rwanda,15,M Vumiliya,AC Mushangwe,A Uwimbabazi,1,0,1
Rwanda,16,M Vumiliya,N Mutasa,A Uwimbabazi,1,0,1
Rwanda,16,A Uwimbabazi,N Mutasa,M Vumiliya,0,0,0
Rwanda,16,A Uwimbabazi,N Mutasa,M Vumiliya,0,0,0
Rwanda,16,A Uwimbabazi,N Mutasa,M Vumiliya,0,0,0
Rwanda,16,A Uwimbabazi,N Mutasa,M Vumiliya,0,0,0
Rwanda,16,A Uwimbabazi,N Mutasa,M Vumiliya,2,0,2
Rwanda,17,M Vumiliya,J Nkomo,A Uwimbabazi,0,1,1
Rwanda,17,M Vumiliya,J Nkomo,A Uwimbabazi,1,0,1
Rwanda,17,A Uwimbabazi,J Nkomo,M Vumiliya,0,0,0
Rwanda,17,A Uwimbabazi,J Nkomo,M Vumiliya,0,0,0
Rwanda,17,A Uwimbabazi,J Nkomo,M Vumiliya,0,1,1
Rwanda,17,A Uwimbabazi,J Nkomo,M Vumiliya,1,0,1
Rwanda,17,M Vumiliya,J Nkomo,A Uwimbabazi,0,0,0
Rwanda,17,M Vumiliya,J Nkomo,A Uwimbabazi,0,0,0
Rwanda,18,A Uwimbabazi,N Mutasa,M Vumiliya,0,0,0
Rwanda,18,A Uwimbabazi,N Mutasa,M Vumiliya,0,0,0
Rwanda,18,J Nyirankundineza,N Mutasa,M Vumiliya,0,0,0
Rwanda,18,J Nyirankundineza,N Mutasa,M Vumiliya,0,1,1
Rwanda,18,J Nyirankundineza,N Mutasa,M Vumiliya,0,0,0
Rwanda,18,J Nyirankundineza,N Mutasa,M Vumiliya,0,0,0
Rwanda,18,J Nyirankundineza,N Mutasa,M Vumiliya,0,0,0
Rwanda,19,M Vumiliya,J Nkomo,J Nyirankundineza,4,0,4
Rwanda,19,M Vumiliya,J Nkomo,J Nyirankundineza,0,0,0
Rwanda,19,M Vumiliya,J Nkomo,J Nyirankundineza,0,0,0
Rwanda,19,M Vumiliya,J Nkomo,J Nyirankundineza,0,0,0
Rwanda,19,M Vumiliya,J Nkomo,J Nyirankundineza,0,0,0
Rwanda,19,M Vumiliya,J Nkomo,J Nyirankundineza,0,0,0
