Team,Over,Batter,Bowler,Non_Striker,Batter_Runs,Extras,Total_Runs
Zimbabwe,0,M Mupachikwa,F Guirrugo,SM Mayers,0,0,0
Zimbabwe,0,M Mupachikwa,F Guirrugo,SM Mayers,1,0,1
Zimbabwe,0,SM Mayers,F Guirrugo,M Mupachikwa,0,0,0
Zimbabwe,0,SM Mayers,F Guirrugo,M Mupachikwa,1,0,1
Zimbabwe,0,M Mupachikwa,F Guirrugo,SM Mayers,0,2,2
Zimbabwe,0,SM Mayers,F Guirrugo,M Mupachikwa,0,1,1
Zimbabwe,0,SM Mayers,F Guirrugo,M Mupachikwa,0,0,0
Zimbabwe,0,SM Mayers,F Guirrugo,M Mupachikwa,0,0,0
Zimbabwe,1,M Mupachikwa,P Cuinica,SM Mayers,0,5,5
Zimbabwe,1,M Mupachikwa,P Cuinica,SM Mayers,3,0,3
Zimbabwe,1,SM Mayers,P Cuinica,M Mupachikwa,3,0,3
Zimbabwe,1,M Mupachikwa,P Cuinica,SM Mayers,1,0,1
Zimbabwe,1,SM Mayers,P Cuinica,M Mupachikwa,1,0,1
Zimbabwe,1,M Mupachikwa,P Cuinica,SM Mayers,0,0,0
Zimbabwe,1,M Mupachikwa,P Cuinica,SM Mayers,1,0,1
Zimbabwe,2,M Mupachikwa,F Guirrugo,SM Mayers,1,0,1
Zimbabwe,2,SM Mayers,F Guirrugo,M Mupachikwa,1,0,1
Zimbabwe,2,M Mupachikwa,F Guirrugo,SM Mayers,2,0,2
Zimbabwe,2,M Mupachikwa,F Guirrugo,SM Mayers,3,0,3
Zimbabwe,2,SM Mayers,F Guirrugo,M Mupachikwa,0,0,0
Zimbabwe,2,SM Mayers,F Guirrugo,M Mupachikwa,6,0,6
Zimbabwe,3,M Mupachikwa,P Cuinica,SM Mayers,0,0,0
Zimbabwe,3,M Mupachikwa,P Cuinica,SM Mayers,1,0,1
Zimbabwe,3,SM Mayers,P Cuinica,M Mupachikwa,2,0,2
Zimbabwe,3,SM Mayers,P Cuinica,M Mupachikwa,1,0,1
Zimbabwe,3,M Mupachikwa,P Cuinica,SM Mayers,0,2,2
Zimbabwe,3,SM Mayers,P Cuinica,M Mupachikwa,1,0,1
Zimbabwe,3,M Mupachikwa,P Cuinica,SM Mayers,1,0,1
Zimbabwe,4,M Mupachikwa,F Guirrugo,SM Mayers,4,0,4
Zimbabwe,4,M Mupachikwa,F Guirrugo,SM Mayers,3,0,3
Zimbabwe,4,SM Mayers,F Guirrugo,M Mupachikwa,1,0,1
Zimbabwe,4,M Mupachikwa,F Guirrugo,SM Mayers,0,0,0
Zimbabwe,4,M Mupachikwa,F Guirrugo,SM Mayers,0,1,1
Zimbabwe,4,M Mupachikwa,F Guirrugo,SM Mayers,1,0,1
Zimbabwe,4,SM Mayers,F Guirrugo,M Mupachikwa,1,0,1
Zimbabwe,5,SM Mayers,P Cuinica,M Mupachikwa,1,0,1
Zimbabwe,5,M Mupachikwa,P Cuinica,SM Mayers,0,1,1
Zimbabwe,5,M Mupachikwa,P Cuinica,SM Mayers,1,0,1
Zimbabwe,5,SM Mayers,P Cuinica,M Mupachikwa,4,0,4
Zimbabwe,5,SM Mayers,P Cuinica,M Mupachikwa,1,0,1
Zimbabwe,5,M Mupachikwa,P Cuinica,SM Mayers,0,1,1
Zimbabwe,5,M Mupachikwa,P Cuinica,SM Mayers,2,0,2
Zimbabwe,5,M Mupachikwa,P Cuinica,SM Mayers,0,0,0
Zimbabwe,6,SM Mayers,I Chuma,M Mupachikwa,1,0,1
Zimbabwe,6,M Mupachikwa,I Chuma,SM Mayers,0,0,0
Zimbabwe,6,M Mupachikwa,I Chuma,SM Mayers,0,0,0
Zimbabwe,6,M Mupachikwa,I Chuma,SM Mayers,1,0,1
Zimbabwe,6,SM Mayers,I Chuma,M Mupachikwa,1,0,1
Zimbabwe,6,M Mupachikwa,I Chuma,SM Mayers,1,0,1
Zimbabwe,7,M Mupachikwa,O Matsolo,SM Mayers,0,1,1
Zimbabwe,7,M Mupachikwa,O Matsolo,SM Mayers,2,0,2
Zimbabwe,7,M Mupachikwa,O Matsolo,SM Mayers,0,0,0
Zimbabwe,7,M Mupachikwa,O Matsolo,SM Mayers,0,0,0
Zimbabwe,7,CS Mugeri,O Matsolo,SM Mayers,0,1,1
Zimbabwe,7,CS Mugeri,O Matsolo,SM Mayers,1,0,1
Zimbabwe,7,SM Mayers,O Matsolo,CS Mugeri,0,0,0
Zimbabwe,7,SM Mayers,O Matsolo,CS Mugeri,0,0,0
Zimbabwe,8,CS Mugeri,I Chuma,SM Mayers,1,0,1
Zimbabwe,8,SM Mayers,I Chuma,CS Mugeri,4,0,4
Zimbabwe,8,SM Mayers,I Chuma,CS Mugeri,2,0,2
Zimbabwe,8,SM Mayers,I Chuma,CS Mugeri,2,0,2
Zimbabwe,8,SM Mayers,I Chuma,CS Mugeri,1,0,1
Zimbabwe,8,CS Mugeri,I Chuma,SM Mayers,1,0,1
Zimbabwe,9,CS Mugeri,O Matsolo,SM Mayers,0,0,0
Zimbabwe,9,CS Mugeri,O Matsolo,SM Mayers,2,0,2
Zimbabwe,9,CS Mugeri,O Matsolo,SM Mayers,0,0,0
Zimbabwe,9,CS Mugeri,O Matsolo,SM Mayers,1,0,1
Zimbabwe,9,SM Mayers,O Matsolo,CS Mugeri,0,0,0
Zimbabwe,9,SM Mayers,O Matsolo,CS Mugeri,1,0,1
Zimbabwe,10,SM Mayers,C Magaia,CS Mugeri,0,0,0
Zimbabwe,10,SM Mayers,C Magaia,CS Mugeri,0,1,1
Zimbabwe,10,SM Mayers,C Magaia,CS Mugeri,2,0,2
Zimbabwe,10,SM Mayers,C Magaia,CS Mugeri,1,0,1
Zimbabwe,10,CS Mugeri,C Magaia,SM Mayers,0,1,1
Zimbabwe,10,CS Mugeri,C Magaia,SM Mayers,0,0,0
Zimbabwe,10,CS Mugeri,C Magaia,SM Mayers,1,0,1
Zimbabwe,10,SM Mayers,C Magaia,CS Mugeri,2,0,2
Zimbabwe,11,CS Mugeri,O Matsolo,SM Mayers,0,1,1
Zimbabwe,11,CS Mugeri,O Matsolo,SM Mayers,0,1,1
Zimbabwe,11,CS Mugeri,O Matsolo,SM Mayers,0,1,1
Zimbabwe,11,CS Mugeri,O Matsolo,SM Mayers,6,0,6
Zimbabwe,11,CS Mugeri,O Matsolo,SM Mayers,4,0,4
Zimbabwe,11,CS Mugeri,O Matsolo,SM Mayers,2,0,2
Zimbabwe,11,CS Mugeri,O Matsolo,SM Mayers,0,4,4
Zimbabwe,11,CS Mugeri,O Matsolo,SM Mayers,0,1,1
Zimbabwe,11,CS Mugeri,O Matsolo,SM Mayers,2,0,2
Zimbabwe,11,CS Mugeri,O Matsolo,SM Mayers,4,0,4
Zimbabwe,12,SM Mayers,I Chuma,CS Mugeri,0,5,5
Zimbabwe,12,SM Mayers,I Chuma,CS Mugeri,2,0,2
Zimbabwe,12,SM Mayers,I Chuma,CS Mugeri,1,0,1
Zimbabwe,12,CS Mugeri,I Chuma,SM Mayers,1,0,1
Zimbabwe,12,SM Mayers,I Chuma,CS Mugeri,1,0,1
Zimbabwe,12,CS Mugeri,I Chuma,SM Mayers,1,0,1
Zimbabwe,12,SM Mayers,I Chuma,CS Mugeri,0,2,2
Zimbabwe,12,CS Mugeri,I Chuma,SM Mayers,0,0,0
Zimbabwe,13,SM Mayers,C Murrombe,CS Mugeri,2,0,2
Zimbabwe,13,SM Mayers,C Murrombe,CS Mugeri,2,0,2
Zimbabwe,13,SM Mayers,C Murrombe,CS Mugeri,2,0,2
Zimbabwe,13,SM Mayers,C Murrombe,CS Mugeri,1,0,1
Zimbabwe,13,CS Mugeri,C Murrombe,SM Mayers,2,0,2
Zimbabwe,13,CS Mugeri,C Murrombe,SM Mayers,1,0,1
Zimbabwe,14,CS Mugeri,F Guirrugo,SM Mayers,0,1,1
Zimbabwe,14,CS Mugeri,F Guirrugo,SM Mayers,1,0,1
Zimbabwe,14,SM Mayers,F Guirrugo,CS Mugeri,3,0,3
Zimbabwe,14,CS Mugeri,F Guirrugo,SM Mayers,0,0,0
Zimbabwe,14,CS Mugeri,F Guirrugo,SM Mayers,2,0,2
Zimbabwe,14,CS Mugeri,F Guirrugo,SM Mayers,0,1,1
Zimbabwe,14,CS Mugeri,F Guirrugo,SM Mayers,1,0,1
Zimbabwe,14,SM Mayers,F Guirrugo,CS Mugeri,1,0,1
Zimbabwe,15,SM Mayers,C Murrombe,CS Mugeri,4,0,4
Zimbabwe,15,SM Mayers,C Murrombe,CS Mugeri,1,0,1
Zimbabwe,15,CS Mugeri,C Murrombe,SM Mayers,2,0,2
Zimbabwe,15,CS Mugeri,C Murrombe,SM Mayers,1,0,1
Zimbabwe,15,SM Mayers,C Murrombe,CS Mugeri,0,0,0
Zimbabwe,15,SM Mayers,C Murrombe,CS Mugeri,1,0,1
Zimbabwe,16,SM Mayers,I Chuma,CS Mugeri,0,0,0
Zimbabwe,16,M Musonda,I Chuma,CS Mugeri,1,0,1
Zimbabwe,16,CS Mugeri,I Chuma,M Musonda,0,0,0
Zimbabwe,16,J Nkomo,I Chuma,M Musonda,1,0,1
Zimbabwe,16,M Musonda,I Chuma,J Nkomo,1,0,1
Zimbabwe,16,J Nkomo,I Chuma,M Musonda,1,0,1
Zimbabwe,17,J Nkomo,C Murrombe,M Musonda,2,0,2
Zimbabwe,17,J Nkomo,C Murrombe,M Musonda,1,0,1
Zimbabwe,17,M Musonda,C Murrombe,J Nkomo,2,0,2
Zimbabwe,17,M Musonda,C Murrombe,J Nkomo,4,0,4
Zimbabwe,17,M Musonda,C Murrombe,J Nkomo,2,0,2
Zimbabwe,17,M Musonda,C Murrombe,J Nkomo,1,0,1
Zimbabwe,18,M Musonda,P Cuinica,J Nkomo,2,0,2
Zimbabwe,18,M Musonda,P Cuinica,J Nkomo,0,1,1
Zimbabwe,18,M Musonda,P Cuinica,J Nkomo,0,0,0
Zimbabwe,18,M Musonda,P Cuinica,J Nkomo,0,1,1
Zimbabwe,18,M Musonda,P Cuinica,J Nkomo,2,0,2
Zimbabwe,18,M Musonda,P Cuinica,J Nkomo,0,0,0
Zimbabwe,18,M Musonda,P Cuinica,J Nkomo,1,0,1
Zimbabwe,18,J Nkomo,P Cuinica,M Musonda,0,3,3
Zimbabwe,18,J Nkomo,P Cuinica,M Musonda,2,0,2
Zimbabwe,19,M Musonda,C Murrombe,J Nkomo,1,0,1
Zimbabwe,19,J Nkomo,C Murrombe,M Musonda,4,0,4
Zimbabwe,19,J Nkomo,C Murrombe,M Musonda,0,0,0
Zimbabwe,19,J Nkomo,C Murrombe,M Musonda,1,0,1
Zimbabwe,19,M Musonda,C Murrombe,J Nkomo,0,0,0
Zimbabwe,19,M Musonda,C Murrombe,J Nkomo,2,0,2
Mozambique,0,O Mondlane,J Nkomo,M Matine,0,0,0
Mozambique,0,O Mondlane,J Nkomo,M Matine,0,0,0
Mozambique,0,O Mondlane,J Nkomo,M Matine,0,0,0
Mozambique,0,O Mondlane,J Nkomo,M Matine,0,0,0
Mozambique,0,O Mondlane,J Nkomo,M Matine,0,0,0
Mozambique,0,R Haiong,J Nkomo,M Matine,0,0,0
Mozambique,1,M Matine,T Granger,R Haiong,1,0,1
Mozambique,1,R Haiong,T Granger,M Matine,0,0,0
Mozambique,1,R Haiong,T Granger,M Matine,0,0,0
Mozambique,1,R Haiong,T Granger,M Matine,0,0,0
Mozambique,1,R Haiong,T Granger,M Matine,0,0,0
Mozambique,1,R Haiong,T Granger,M Matine,0,1,1
Mozambique,1,R Haiong,T Granger,M Matine,1,0,1
Mozambique,2,R Haiong,J Nkomo,M Matine,0,0,0
Mozambique,2,R Haiong,J Nkomo,M Matine,1,0,1
Mozambique,2,R Haiong,J Nkomo,C Murrombe,0,0,0
Mozambique,2,R Haiong,J Nkomo,C Murrombe,1,0,1
Mozambique,2,C Murrombe,J Nkomo,R Haiong,0,0,0
Mozambique,2,C Murrombe,J Nkomo,R Haiong,0,0,0
Mozambique,3,R Haiong,T Granger,C Murrombe,0,0,0
Mozambique,3,R Haiong,T Granger,C Murrombe,0,0,0
Mozambique,3,R Haiong,T Granger,C Murrombe,0,0,0
Mozambique,3,R Haiong,T Granger,C Murrombe,0,0,0
Mozambique,3,R Haiong,T Granger,C Murrombe,0,0,0
Mozambique,3,R Haiong,T Granger,C Murrombe,1,0,1
Mozambique,4,R Haiong,A Mazvishaya,C Murrombe,0,1,1
Mozambique,4,R Haiong,A Mazvishaya,C Murrombe,0,0,0
Mozambique,4,P Cuinica,A Mazvishaya,C Murrombe,1,0,1
Mozambique,4,C Murrombe,A Mazvishaya,P Cuinica,0,0,0
Mozambique,4,C Murrombe,A Mazvishaya,P Cuinica,0,0,0
Mozambique,4,C Murrombe,A Mazvishaya,P Cuinica,0,0,0
Mozambique,4,C Murrombe,A Mazvishaya,P Cuinica,0,0,0
Mozambique,5,P Cuinica,AC Mushangwe,C Murrombe,1,0,1
Mozambique,5,C Murrombe,AC Mushangwe,P Cuinica,0,0,0
Mozambique,5,C Murrombe,AC Mushangwe,P Cuinica,1,0,1
Mozambique,5,P Cuinica,AC Mushangwe,C Murrombe,0,0,0
Mozambique,5,P Cuinica,AC Mushangwe,C Murrombe,0,0,0
Mozambique,5,P Cuinica,AC Mushangwe,C Murrombe,2,0,2
Mozambique,6,C Murrombe,A Mazvishaya,P Cuinica,0,0,0
Mozambique,6,C Murrombe,A Mazvishaya,P Cuinica,0,0,0
Mozambique,6,C Murrombe,A Mazvishaya,P Cuinica,1,0,1
Mozambique,6,P Cuinica,A Mazvishaya,C Murrombe,0,0,0
Mozambique,6,P Cuinica,A Mazvishaya,C Murrombe,1,0,1
Mozambique,6,C Murrombe,A Mazvishaya,P Cuinica,0,0,0
Mozambique,7,P Cuinica,AC Mushangwe,C Murrombe,0,0,0
Mozambique,7,P Cuinica,AC Mushangwe,C Murrombe,1,0,1
Mozambique,7,C Murrombe,AC Mushangwe,P Cuinica,1,0,1
Mozambique,7,P Cuinica,AC Mushangwe,C Murrombe,0,0,0
Mozambique,7,P Cuinica,AC Mushangwe,C Murrombe,0,0,0
Mozambique,7,P Cuinica,AC Mushangwe,C Murrombe,0,0,0
Mozambique,8,C Murrombe,P Marange,P Cuinica,0,0,0
Mozambique,8,C Murrombe,P Marange,P Cuinica,0,0,0
Mozambique,8,C Murrombe,P Marange,P Cuinica,0,0,0
Mozambique,8,C Murrombe,P Marange,F Guirrugo,0,0,0
Mozambique,8,C Murrombe,P Marange,F Guirrugo,0,0,0
Mozambique,8,C Murrombe,P Marange,F Guirrugo,0,0,0
Mozambique,9,F Guirrugo,L Phiri,C Murrombe,0,0,0
Mozambique,9,F Guirrugo,L Phiri,C Murrombe,0,0,0
Mozambique,9,F Guirrugo,L Phiri,C Murrombe,0,0,0
Mozambique,9,F Guirrugo,L Phiri,C Murrombe,0,0,0
Mozambique,9,F Guirrugo,L Phiri,C Murrombe,0,0,0
Mozambique,9,F Guirrugo,L Phiri,C Murrombe,0,0,0
Mozambique,10,C Murrombe,P Marange,F Guirrugo,0,0,0
Mozambique,10,C Murrombe,P Marange,F Guirrugo,0,0,0
Mozambique,10,C Murrombe,P Marange,F Guirrugo,0,0,0
Mozambique,10,J Sainda,P Marange,F Guirrugo,0,0,0
Mozambique,10,J Sainda,P Marange,F Guirrugo,0,0,0
Mozambique,10,J Sainda,P Marange,F Guirrugo,0,0,0
Mozambique,11,F Guirrugo,L Phiri,J Sainda,4,0,4
Mozambique,11,F Guirrugo,L Phiri,J Sainda,0,0,0
Mozambique,11,F Guirrugo,L Phiri,J Sainda,0,1,1
Mozambique,11,F Guirrugo,L Phiri,J Sainda,1,0,1
Mozambique,11,J Sainda,L Phiri,F Guirrugo,0,0,0
Mozambique,11,J Sainda,L Phiri,F Guirrugo,0,0,0
Mozambique,11,J Sainda,L Phiri,F Guirrugo,0,0,0
Mozambique,12,F Guirrugo,P Marange,J Sainda,0,0,0
Mozambique,12,F Guirrugo,P Marange,J Sainda,2,0,2
Mozambique,12,F Guirrugo,P Marange,J Sainda,0,0,0
Mozambique,12,F Guirrugo,P Marange,J Sainda,0,0,0
Mozambique,12,F Guirrugo,P Marange,J Sainda,0,0,0
Mozambique,12,F Guirrugo,P Marange,J Sainda,0,0,0
Mozambique,13,J Sainda,AC Mushangwe,F Guirrugo,0,0,0
Mozambique,13,J Sainda,AC Mushangwe,F Guirrugo,0,0,0
Mozambique,13,J Sainda,AC Mushangwe,F Guirrugo,0,0,0
Mozambique,13,J Sainda,AC Mushangwe,F Guirrugo,0,0,0
Mozambique,13,J Sainda,AC Mushangwe,F Guirrugo,0,0,0
Mozambique,13,J Sainda,AC Mushangwe,F Guirrugo,0,0,0
Mozambique,14,F Guirrugo,P Marange,J Sainda,0,0,0
Mozambique,14,F Guirrugo,P Marange,J Sainda,0,0,0
Mozambique,14,F Guirrugo,P Marange,J Sainda,0,0,0
Mozambique,14,C Magaia,P Marange,J Sainda,0,0,0
Mozambique,14,C Magaia,P Marange,J Sainda,2,0,2
Mozambique,14,C Magaia,P Marange,J Sainda,1,0,1
Mozambique,15,C Magaia,AC Mushangwe,J Sainda,2,0,2
Mozambique,15,C Magaia,AC Mushangwe,J Sainda,0,0,0
Mozambique,15,C Magaia,AC Mushangwe,J Sainda,0,0,0
Mozambique,15,C Magaia,AC Mushangwe,J Sainda,0,0,0
Mozambique,15,C Magaia,AC Mushangwe,J Sainda,0,0,0
Mozambique,15,C Magaia,AC Mushangwe,J Sainda,0,0,0
Mozambique,16,I Chuma,A Mazvishaya,J Sainda,0,0,0
Mozambique,16,I Chuma,A Mazvishaya,J Sainda,0,0,0
Mozambique,16,O Matsolo,A Mazvishaya,J Sainda,0,0,0
Mozambique,16,O Matsolo,A Mazvishaya,J Sainda,0,0,0
Mozambique,16,O Matsolo,A Mazvishaya,J Sainda,0,0,0
Mozambique,16,O Matsolo,A Mazvishaya,J Sainda,0,0,0
Mozambique,17,J Sainda,J Nkomo,O Matsolo,0,1,1
Mozambique,17,J Sainda,J Nkomo,O Matsolo,0,1,1
Mozambique,17,J Sainda,J Nkomo,O Matsolo,0,0,0
Mozambique,17,J Sainda,J Nkomo,O Matsolo,0,0,0
Mozambique,17,J Sainda,J Nkomo,O Matsolo,0,2,2
Mozambique,17,O Matsolo,J Nkomo,J Sainda,0,0,0
Mozambique,17,O Matsolo,J Nkomo,J Sainda,0,0,0
Mozambique,17,O Matsolo,J Nkomo,J Sainda,0,0,0
Mozambique,17,O Matsolo,J Nkomo,J Sainda,0,0,0
Mozambique,18,J Sainda,A Mazvishaya,O Matsolo,0,0,0
Mozambique,18,J Sainda,A Mazvishaya,O Matsolo,0,0,0
Mozambique,18,J Sainda,A Mazvishaya,O Matsolo,0,0,0
Mozambique,18,J Sainda,A Mazvishaya,O Matsolo,0,0,0
Mozambique,18,J Sainda,A Mazvishaya,O Matsolo,0,0,0
Mozambique,18,J Sainda,A Mazvishaya,O Matsolo,0,1,1
Mozambique,18,J Sainda,A Mazvishaya,O Matsolo,0,0,0
Mozambique,19,O Matsolo,J Nkomo,J Sainda,1,0,1
Mozambique,19,J Sainda,J Nkomo,O Matsolo,0,0,0
