Team,Over,Batter,Bowler,Non_Striker,Batter_Runs,Extras,Total_Runs
Vanuatu,0,A Chilia,LS Mulivai,V Langiatu,0,0,0
Vanuatu,0,A Chilia,LS Mulivai,V Langiatu,0,0,0
Vanuatu,0,A Chilia,LS Mulivai,V Langiatu,0,0,0
Vanuatu,0,A Chilia,LS Mulivai,V Langiatu,4,0,4
Vanuatu,0,A Chilia,LS Mulivai,V Langiatu,0,0,0
Vanuatu,0,A Chilia,LS Mulivai,V Langiatu,0,0,0
Vanuatu,1,V Langiatu,LO Telea,A Chilia,0,0,0
Vanuatu,1,R Andrew,LO Telea,A Chilia,0,0,0
Vanuatu,1,R Andrew,LO Telea,A Chilia,0,0,0
Vanuatu,1,R Andrew,LO Telea,A Chilia,0,0,0
Vanuatu,1,R Andrew,LO Telea,A Chilia,0,0,0
Vanuatu,1,R Andrew,LO Telea,A Chilia,0,0,0
Vanuatu,2,A Chilia,LS Mulivai,R Andrew,0,0,0
Vanuatu,2,A Chilia,LS Mulivai,R Andrew,0,1,1
Vanuatu,2,A Chilia,LS Mulivai,R Andrew,2,0,2
Vanuatu,2,A Chilia,LS Mulivai,R Andrew,1,0,1
Vanuatu,2,R Andrew,LS Mulivai,A Chilia,0,1,1
Vanuatu,2,R Andrew,LS Mulivai,A Chilia,0,0,0
Vanuatu,2,R Andrew,LS Mulivai,A Chilia,0,0,0
Vanuatu,2,R Andrew,LS Mulivai,A Chilia,2,0,2
Vanuatu,3,A Chilia,LO Telea,R Andrew,0,0,0
Vanuatu,3,A Chilia,LO Telea,R Andrew,0,0,0
Vanuatu,3,A Chilia,LO Telea,R Andrew,0,0,0
Vanuatu,3,A Chilia,LO Telea,R Andrew,4,0,4
Vanuatu,3,A Chilia,LO Telea,R Andrew,0,0,0
Vanuatu,3,A Chilia,LO Telea,R Andrew,1,0,1
Vanuatu,4,A Chilia,T Lafai,R Andrew,0,0,0
Vanuatu,4,A Chilia,T Lafai,R Andrew,1,0,1
Vanuatu,4,R Andrew,T Lafai,A Chilia,0,0,0
Vanuatu,4,R Andrew,T Lafai,A Chilia,0,0,0
Vanuatu,4,R Andrew,T Lafai,A Chilia,0,1,1
Vanuatu,4,R Andrew,T Lafai,A Chilia,0,0,0
Vanuatu,4,R Andrew,T Lafai,A Chilia,4,0,4
Vanuatu,5,A Chilia,MI Tato,R Andrew,0,2,2
Vanuatu,5,R Andrew,MI Tato,A Chilia,0,0,0
Vanuatu,5,R Andrew,MI Tato,A Chilia,1,0,1
Vanuatu,5,A Chilia,MI Tato,R Andrew,0,0,0
Vanuatu,5,S Solman,MI Tato,R Andrew,0,0,0
Vanuatu,5,S Solman,MI Tato,R Andrew,0,0,0
Vanuatu,5,S Solman,MI Tato,R Andrew,0,0,0
Vanuatu,6,R Andrew,T Lafai,S Solman,0,0,0
Vanuatu,6,R Andrew,T Lafai,S Solman,0,0,0
Vanuatu,6,R Andrew,T Lafai,S Solman,1,0,1
Vanuatu,6,S Solman,T Lafai,R Andrew,0,0,0
Vanuatu,6,S Solman,T Lafai,R Andrew,0,0,0
Vanuatu,6,S Solman,T Lafai,R Andrew,0,0,0
Vanuatu,7,R Andrew,MI Tato,S Solman,0,0,0
Vanuatu,7,R Andrew,MI Tato,S Solman,0,0,0
Vanuatu,7,R Andrew,MI Tato,S Solman,0,0,0
Vanuatu,7,R Andrew,MI Tato,S Solman,0,0,0
Vanuatu,7,R Andrew,MI Tato,S Solman,1,0,1
Vanuatu,7,S Solman,MI Tato,R Andrew,0,0,0
Vanuatu,8,R Andrew,T Lafai,L Tastuki,0,0,0
Vanuatu,8,R Andrew,T Lafai,L Tastuki,0,0,0
Vanuatu,8,R Andrew,T Lafai,L Tastuki,1,0,1
Vanuatu,8,L Tastuki,T Lafai,R Andrew,0,0,0
Vanuatu,8,L Tastuki,T Lafai,R Andrew,2,0,2
Vanuatu,8,L Tastuki,T Lafai,R Andrew,0,0,0
Vanuatu,9,R Andrew,MI Tato,L Tastuki,0,0,0
Vanuatu,9,R Andrew,MI Tato,L Tastuki,1,0,1
Vanuatu,9,L Tastuki,MI Tato,R Andrew,0,1,1
Vanuatu,9,L Tastuki,MI Tato,R Andrew,0,0,0
Vanuatu,9,L Tastuki,MI Tato,R Andrew,1,0,1
Vanuatu,9,R Andrew,MI Tato,L Tastuki,0,0,0
Vanuatu,9,R Andrew,MI Tato,L Tastuki,1,0,1
Vanuatu,10,R Andrew,T Lafai,L Tastuki,1,0,1
Vanuatu,10,L Tastuki,T Lafai,R Andrew,0,0,0
Vanuatu,10,N Navaika,T Lafai,R Andrew,0,0,0
Vanuatu,10,N Navaika,T Lafai,R Andrew,2,0,2
Vanuatu,10,N Navaika,T Lafai,R Andrew,0,0,0
Vanuatu,10,N Navaika,T Lafai,R Andrew,2,0,2
Vanuatu,11,R Andrew,MI Tato,N Navaika,0,0,0
Vanuatu,11,V Tari,MI Tato,R Andrew,0,0,0
Vanuatu,11,V Tari,MI Tato,R Andrew,0,0,0
Vanuatu,11,V Tari,MI Tato,R Andrew,0,0,0
Vanuatu,11,V Tari,MI Tato,R Andrew,0,0,0
Vanuatu,11,V Tari,MI Tato,R Andrew,0,0,0
Vanuatu,12,R Andrew,LS Mulivai,V Tari,1,0,1
Vanuatu,12,V Tari,LS Mulivai,R Andrew,0,0,0
Vanuatu,12,V Tari,LS Mulivai,R Andrew,0,0,0
Vanuatu,12,V Tari,LS Mulivai,R Andrew,0,0,0
Vanuatu,12,V Tari,LS Mulivai,R Andrew,2,0,2
Vanuatu,12,V Tari,LS Mulivai,R Andrew,0,0,0
Vanuatu,13,R Andrew,T Iosefo,V Tari,1,0,1
Vanuatu,13,V Tari,T Iosefo,R Andrew,0,0,0
Vanuatu,13,V Tari,T Iosefo,R Andrew,1,0,1
Vanuatu,13,R Andrew,T Iosefo,V Tari,0,0,0
Vanuatu,13,R Andrew,T Iosefo,V Tari,0,0,0
Vanuatu,13,R Andrew,T Iosefo,V Tari,0,1,1
Vanuatu,13,R Andrew,T Iosefo,V Tari,1,0,1
Vanuatu,14,R Andrew,LO Telea,V Tari,1,0,1
Vanuatu,14,V Tari,LO Telea,R Andrew,0,0,0
Vanuatu,14,V Tari,LO Telea,R Andrew,0,0,0
Vanuatu,14,M Tarimiala,LO Telea,R Andrew,0,0,0
Vanuatu,14,M Tarimiala,LO Telea,R Andrew,0,0,0
Vanuatu,14,M Tarimiala,LO Telea,R Andrew,0,0,0
Vanuatu,15,R Andrew,T Iosefo,M Tarimiala,0,0,0
Vanuatu,15,R Andrew,T Iosefo,M Tarimiala,1,0,1
Vanuatu,15,M Tarimiala,T Iosefo,R Andrew,0,3,3
Vanuatu,15,M Tarimiala,T Iosefo,R Andrew,0,0,0
Vanuatu,15,M Tarimiala,T Iosefo,R Andrew,1,0,1
Vanuatu,15,R Andrew,T Iosefo,M Tarimiala,1,0,1
Vanuatu,15,M Tarimiala,T Iosefo,R Andrew,1,0,1
Vanuatu,16,M Tarimiala,LO Telea,R Andrew,1,0,1
Vanuatu,16,R Andrew,LO Telea,M Tarimiala,0,0,0
Vanuatu,16,JC Sokomanu,LO Telea,M Tarimiala,0,0,0
Vanuatu,16,JC Sokomanu,LO Telea,M Tarimiala,0,0,0
Vanuatu,16,MV Fare,LO Telea,JC Sokomanu,1,0,1
Vanuatu,16,JC Sokomanu,LO Telea,MV Fare,1,0,1
Vanuatu,17,JC Sokomanu,T Iosefo,MV Fare,0,1,1
Vanuatu,17,JC Sokomanu,T Iosefo,MV Fare,0,0,0
Vanuatu,17,JC Sokomanu,T Iosefo,MV Fare,0,0,0
Vanuatu,17,M Mete,T Iosefo,MV Fare,0,0,0
Samoa,0,RSM Lili'i,L Tastuki,LA Bourne,1,0,1
Samoa,0,LA Bourne,L Tastuki,RSM Lili'i,0,0,0
Samoa,0,LA Bourne,L Tastuki,RSM Lili'i,0,0,0
Samoa,0,LA Bourne,L Tastuki,RSM Lili'i,0,0,0
Samoa,0,LA Bourne,L Tastuki,RSM Lili'i,0,0,0
Samoa,0,LA Bourne,L Tastuki,RSM Lili'i,0,0,0
Samoa,1,RSM Lili'i,S Solman,LA Bourne,0,0,0
Samoa,1,RSM Lili'i,S Solman,LA Bourne,1,0,1
Samoa,1,LA Bourne,S Solman,RSM Lili'i,0,0,0
Samoa,1,LA Bourne,S Solman,RSM Lili'i,1,0,1
Samoa,1,RSM Lili'i,S Solman,LA Bourne,2,0,2
Samoa,1,RSM Lili'i,S Solman,LA Bourne,0,0,0
Samoa,2,LA Bourne,L Tastuki,RSM Lili'i,1,0,1
Samoa,2,RSM Lili'i,L Tastuki,LA Bourne,0,0,0
Samoa,2,RSM Lili'i,L Tastuki,LA Bourne,0,0,0
Samoa,2,RSM Lili'i,L Tastuki,LA Bourne,4,0,4
Samoa,2,RSM Lili'i,L Tastuki,LA Bourne,0,0,0
Samoa,2,RSM Lili'i,L Tastuki,LA Bourne,0,0,0
Samoa,3,LA Bourne,S Solman,RSM Lili'i,1,0,1
Samoa,3,RSM Lili'i,S Solman,LA Bourne,1,0,1
Samoa,3,LA Bourne,S Solman,RSM Lili'i,0,0,0
Samoa,3,LA Bourne,S Solman,RSM Lili'i,0,0,0
Samoa,3,LA Bourne,S Solman,RSM Lili'i,0,0,0
Samoa,3,LS Mulivai,S Solman,RSM Lili'i,0,0,0
Samoa,4,RSM Lili'i,R Andrew,LS Mulivai,4,0,4
Samoa,4,RSM Lili'i,R Andrew,LS Mulivai,2,0,2
Samoa,4,RSM Lili'i,R Andrew,LS Mulivai,0,0,0
Samoa,4,RSM Lili'i,R Andrew,LS Mulivai,0,0,0
Samoa,4,RSM Lili'i,R Andrew,LS Mulivai,1,0,1
Samoa,4,LS Mulivai,R Andrew,RSM Lili'i,0,0,0
Samoa,5,RSM Lili'i,A Chilia,LS Mulivai,0,1,1
Samoa,5,RSM Lili'i,A Chilia,LS Mulivai,0,0,0
Samoa,5,RSM Lili'i,A Chilia,LS Mulivai,0,1,1
Samoa,5,RSM Lili'i,A Chilia,LS Mulivai,0,0,0
Samoa,5,RSM Lili'i,A Chilia,LS Mulivai,2,0,2
Samoa,5,RSM Lili'i,A Chilia,LS Mulivai,0,0,0
Samoa,5,RSM Lili'i,A Chilia,LS Mulivai,0,0,0
Samoa,5,RSM Lili'i,A Chilia,LS Mulivai,0,0,0
Samoa,6,LS Mulivai,N Navaika,RSM Lili'i,0,0,0
Samoa,6,LS Mulivai,N Navaika,RSM Lili'i,0,1,1
Samoa,6,LS Mulivai,N Navaika,RSM Lili'i,0,0,0
Samoa,6,LS Mulivai,N Navaika,RSM Lili'i,0,0,0
Samoa,6,LS Mulivai,N Navaika,RSM Lili'i,0,1,1
Samoa,6,LS Mulivai,N Navaika,RSM Lili'i,0,0,0
Samoa,6,LS Mulivai,N Navaika,RSM Lili'i,0,0,0
Samoa,6,LS Mulivai,N Navaika,RSM Lili'i,0,0,0
Samoa,7,RSM Lili'i,A Chilia,LS Mulivai,0,1,1
Samoa,7,RSM Lili'i,A Chilia,LS Mulivai,1,0,1
Samoa,7,LS Mulivai,A Chilia,RSM Lili'i,0,0,0
Samoa,7,LS Mulivai,A Chilia,RSM Lili'i,1,0,1
Samoa,7,RSM Lili'i,A Chilia,LS Mulivai,1,0,1
Samoa,7,LS Mulivai,A Chilia,RSM Lili'i,0,0,0
Samoa,7,LS Mulivai,A Chilia,RSM Lili'i,0,0,0
Samoa,8,RSM Lili'i,N Navaika,LS Mulivai,1,0,1
Samoa,8,LS Mulivai,N Navaika,RSM Lili'i,0,0,0
Samoa,8,LS Mulivai,N Navaika,RSM Lili'i,1,0,1
Samoa,8,RSM Lili'i,N Navaika,LS Mulivai,1,0,1
Samoa,8,LS Mulivai,N Navaika,RSM Lili'i,1,0,1
Samoa,8,RSM Lili'i,N Navaika,LS Mulivai,0,0,0
Samoa,9,LS Mulivai,A Chilia,RSM Lili'i,0,0,0
Samoa,9,LS Mulivai,A Chilia,RSM Lili'i,1,0,1
Samoa,9,RSM Lili'i,A Chilia,LS Mulivai,2,0,2
Samoa,9,RSM Lili'i,A Chilia,LS Mulivai,0,1,1
Samoa,9,RSM Lili'i,A Chilia,LS Mulivai,4,0,4
Samoa,9,RSM Lili'i,A Chilia,LS Mulivai,0,0,0
Samoa,9,RSM Lili'i,A Chilia,LS Mulivai,1,0,1
Samoa,10,RSM Lili'i,N Navaika,LS Mulivai,0,0,0
Samoa,10,RSM Lili'i,N Navaika,LS Mulivai,1,0,1
Samoa,10,LS Mulivai,N Navaika,RSM Lili'i,1,0,1
Samoa,10,RSM Lili'i,N Navaika,LS Mulivai,0,1,1
Samoa,10,RSM Lili'i,N Navaika,LS Mulivai,1,0,1
Samoa,10,LS Mulivai,N Navaika,RSM Lili'i,0,0,0
Samoa,10,LS Mulivai,N Navaika,RSM Lili'i,0,0,0
Samoa,11,RSM Lili'i,L Tastuki,LS Mulivai,0,1,1
Samoa,11,LS Mulivai,L Tastuki,RSM Lili'i,1,0,1
Samoa,11,RSM Lili'i,L Tastuki,LS Mulivai,1,0,1
Samoa,11,LS Mulivai,L Tastuki,RSM Lili'i,0,0,0
Samoa,11,LS Mulivai,L Tastuki,RSM Lili'i,0,0,0
Samoa,11,LS Mulivai,L Tastuki,RSM Lili'i,1,0,1
Samoa,12,LS Mulivai,N Navaika,RSM Lili'i,1,0,1
Samoa,12,RSM Lili'i,N Navaika,LS Mulivai,1,0,1
Samoa,12,LS Mulivai,N Navaika,RSM Lili'i,0,0,0
Samoa,12,RSM Lili'i,N Navaika,FLV Pula,1,0,1
Samoa,12,FLV Pula,N Navaika,RSM Lili'i,0,0,0
Samoa,12,FLV Pula,N Navaika,RSM Lili'i,0,0,0
Samoa,13,RSM Lili'i,L Tastuki,FLV Pula,1,0,1
Samoa,13,FLV Pula,L Tastuki,RSM Lili'i,0,0,0
Samoa,13,FLV Pula,L Tastuki,RSM Lili'i,1,0,1
Samoa,13,RSM Lili'i,L Tastuki,FLV Pula,0,1,1
Samoa,13,RSM Lili'i,L Tastuki,FLV Pula,0,0,0
Samoa,13,RSM Lili'i,L Tastuki,FLV Pula,0,0,0
Samoa,13,RSM Lili'i,L Tastuki,FLV Pula,1,0,1
Samoa,14,RSM Lili'i,S Solman,FLV Pula,0,0,0
Samoa,14,RSM Lili'i,S Solman,FLV Pula,1,0,1
Samoa,14,FLV Pula,S Solman,RSM Lili'i,0,0,0
Samoa,14,FLV Pula,S Solman,RSM Lili'i,0,0,0
Samoa,14,FLV Pula,S Solman,RSM Lili'i,0,0,0
Samoa,14,FLV Pula,S Solman,RSM Lili'i,1,0,1
