Team,Over,Batter,Bowler,Non_Striker,Batter_Runs,Extras,Total_Runs
Uganda,0,R Ntono,M Ochieng,D Busingye,0,0,0
Uganda,0,R Ntono,M Ochieng,D Busingye,0,0,0
Uganda,0,R Ntono,M Ochieng,D Busingye,0,0,0
Uganda,0,R Ntono,M Ochieng,D Busingye,1,0,1
Uganda,0,D Busingye,M Ochieng,R Ntono,0,0,0
Uganda,0,D Busingye,M Ochieng,R Ntono,0,0,0
Uganda,1,R Ntono,E Waithaka,D Busingye,0,1,1
Uganda,1,R Ntono,E Waithaka,D Busingye,2,0,2
Uganda,1,R Ntono,E Waithaka,D Busingye,0,0,0
Uganda,1,R Ntono,E Waithaka,D Busingye,1,0,1
Uganda,1,D Busingye,E Waithaka,R Ntono,0,0,0
Uganda,1,D Busingye,E Waithaka,R Ntono,0,0,0
Uganda,1,D Busingye,E Waithaka,R Ntono,0,0,0
Uganda,2,R Ntono,M Ochieng,D Busingye,0,0,0
Uganda,2,R Ntono,M Ochieng,D Busingye,1,0,1
Uganda,2,D Busingye,M Ochieng,R Ntono,0,1,1
Uganda,2,R Ntono,M Ochieng,D Busingye,2,0,2
Uganda,2,R Ntono,M Ochieng,D Busingye,0,0,0
Uganda,2,NK Bagenda,M Ochieng,D Busingye,0,0,0
Uganda,3,D Busingye,E Waithaka,NK Bagenda,0,0,0
Uganda,3,D Busingye,E Waithaka,NK Bagenda,0,2,2
Uganda,3,NK Bagenda,E Waithaka,D Busingye,0,0,0
Uganda,3,J Mbabazi,E Waithaka,D Busingye,0,0,0
Uganda,3,J Mbabazi,E Waithaka,D Busingye,0,0,0
Uganda,3,J Mbabazi,E Waithaka,D Busingye,0,0,0
Uganda,3,J Mbabazi,E Waithaka,D Busingye,0,0,0
Uganda,4,D Busingye,M Ochieng,J Mbabazi,0,0,0
Uganda,4,D Busingye,M Ochieng,J Mbabazi,1,0,1
Uganda,4,J Mbabazi,M Ochieng,D Busingye,0,0,0
Uganda,4,J Mbabazi,M Ochieng,D Busingye,0,0,0
Uganda,4,J Mbabazi,M Ochieng,D Busingye,0,0,0
Uganda,4,J Mbabazi,M Ochieng,D Busingye,0,0,0
Uganda,5,D Busingye,E Waithaka,J Mbabazi,0,0,0
Uganda,5,D Busingye,E Waithaka,J Mbabazi,0,0,0
Uganda,5,D Busingye,E Waithaka,J Mbabazi,2,0,2
Uganda,5,D Busingye,E Waithaka,J Mbabazi,0,0,0
Uganda,5,D Busingye,E Waithaka,J Mbabazi,1,0,1
Uganda,5,J Mbabazi,E Waithaka,D Busingye,1,0,1
Uganda,6,J Mbabazi,M Ochieng,D Busingye,1,0,1
Uganda,6,D Busingye,M Ochieng,J Mbabazi,1,0,1
Uganda,6,J Mbabazi,M Ochieng,D Busingye,0,0,0
Uganda,6,J Mbabazi,M Ochieng,D Busingye,1,0,1
Uganda,6,D Busingye,M Ochieng,J Mbabazi,0,0,0
Uganda,6,D Busingye,M Ochieng,J Mbabazi,0,0,0
Uganda,7,J Mbabazi,E Waithaka,D Busingye,0,0,0
Uganda,7,J Mbabazi,E Waithaka,D Busingye,0,0,0
Uganda,7,J Mbabazi,E Waithaka,D Busingye,1,0,1
Uganda,7,D Busingye,E Waithaka,J Mbabazi,1,0,1
Uganda,7,J Mbabazi,E Waithaka,D Busingye,0,0,0
Uganda,7,J Mbabazi,E Waithaka,D Busingye,1,0,1
Uganda,8,J Mbabazi,M Mwangi,D Busingye,3,0,3
Uganda,8,D Busingye,M Mwangi,J Mbabazi,1,0,1
Uganda,8,J Mbabazi,M Mwangi,D Busingye,0,0,0
Uganda,8,J Mbabazi,M Mwangi,D Busingye,0,0,0
Uganda,8,J Mbabazi,M Mwangi,D Busingye,0,0,0
Uganda,8,J Mbabazi,M Mwangi,D Busingye,0,0,0
Uganda,9,D Busingye,E Wachira,J Mbabazi,1,0,1
Uganda,9,J Mbabazi,E Wachira,D Busingye,0,0,0
Uganda,9,J Mbabazi,E Wachira,D Busingye,1,0,1
Uganda,9,D Busingye,E Wachira,J Mbabazi,0,0,0
Uganda,9,D Busingye,E Wachira,J Mbabazi,1,0,1
Uganda,9,J Mbabazi,E Wachira,D Busingye,0,0,0
Uganda,10,D Busingye,M Mwangi,I Nakisuuyi,1,0,1
Uganda,10,I Nakisuuyi,M Mwangi,D Busingye,1,0,1
Uganda,10,D Busingye,M Mwangi,I Nakisuuyi,1,0,1
Uganda,10,I Nakisuuyi,M Mwangi,D Busingye,0,0,0
Uganda,10,I Nakisuuyi,M Mwangi,D Busingye,0,0,0
Uganda,10,I Nakisuuyi,M Mwangi,D Busingye,0,0,0
Uganda,11,D Busingye,E Wachira,I Nakisuuyi,1,0,1
Uganda,11,I Nakisuuyi,E Wachira,D Busingye,1,0,1
Uganda,11,D Busingye,E Wachira,I Nakisuuyi,0,0,0
Uganda,11,D Busingye,E Wachira,I Nakisuuyi,1,0,1
Uganda,11,I Nakisuuyi,E Wachira,D Busingye,0,0,0
Uganda,11,I Nakisuuyi,E Wachira,D Busingye,1,0,1
Uganda,12,I Nakisuuyi,M Mwangi,D Busingye,0,0,0
Uganda,12,I Nakisuuyi,M Mwangi,D Busingye,6,0,6
Uganda,12,I Nakisuuyi,M Mwangi,D Busingye,0,0,0
Uganda,12,I Nakisuuyi,M Mwangi,D Busingye,2,0,2
Uganda,12,I Nakisuuyi,M Mwangi,D Busingye,0,0,0
Uganda,12,I Nakisuuyi,M Mwangi,D Busingye,4,0,4
Uganda,13,D Busingye,E Wachira,I Nakisuuyi,0,0,0
Uganda,13,D Busingye,E Wachira,I Nakisuuyi,1,0,1
Uganda,13,I Nakisuuyi,E Wachira,D Busingye,0,0,0
Uganda,13,I Nakisuuyi,E Wachira,D Busingye,0,0,0
Uganda,13,I Nakisuuyi,E Wachira,D Busingye,2,0,2
Uganda,13,I Nakisuuyi,E Wachira,D Busingye,4,0,4
Uganda,14,D Busingye,M Ndhambi,I Nakisuuyi,2,0,2
Uganda,14,D Busingye,M Ndhambi,I Nakisuuyi,2,0,2
Uganda,14,D Busingye,M Ndhambi,I Nakisuuyi,0,1,1
Uganda,14,D Busingye,M Ndhambi,I Nakisuuyi,1,0,1
Uganda,14,I Nakisuuyi,M Ndhambi,D Busingye,0,0,0
Uganda,14,R Musamali,M Ndhambi,I Nakisuuyi,1,0,1
Uganda,14,I Nakisuuyi,M Ndhambi,R Musamali,1,0,1
Uganda,15,I Nakisuuyi,E Wachira,R Musamali,0,0,0
Uganda,15,I Nakisuuyi,E Wachira,R Musamali,4,0,4
Uganda,15,I Nakisuuyi,E Wachira,R Musamali,0,0,0
Uganda,15,I Nakisuuyi,E Wachira,R Musamali,0,0,0
Uganda,15,I Nakisuuyi,E Wachira,R Musamali,4,0,4
Uganda,15,I Nakisuuyi,E Wachira,R Musamali,0,0,0
Uganda,16,R Musamali,M Ndhambi,S Nampiina,0,0,0
Uganda,16,R Musamali,M Ndhambi,S Nampiina,1,0,1
Uganda,16,S Nampiina,M Ndhambi,R Musamali,0,0,0
Uganda,16,S Nampiina,M Ndhambi,R Musamali,1,0,1
Uganda,16,R Musamali,M Ndhambi,S Nampiina,0,0,0
Uganda,16,R Musamali,M Ndhambi,S Nampiina,1,0,1
Uganda,17,R Musamali,M Mwangi,S Nampiina,0,0,0
Uganda,17,R Musamali,M Mwangi,S Nampiina,0,0,0
Uganda,17,R Musamali,M Mwangi,S Nampiina,1,0,1
Uganda,17,S Nampiina,M Mwangi,R Musamali,0,0,0
Uganda,17,S Nampiina,M Mwangi,R Musamali,2,0,2
Uganda,17,S Nampiina,M Mwangi,R Musamali,0,0,0
Uganda,18,R Musamali,M Ndhambi,S Nampiina,4,0,4
Uganda,18,R Musamali,M Ndhambi,S Nampiina,1,0,1
Uganda,18,S Nampiina,M Ndhambi,R Musamali,1,0,1
Uganda,18,R Musamali,M Ndhambi,S Nampiina,1,0,1
Uganda,18,S Nampiina,M Ndhambi,R Musamali,2,0,2
Uganda,18,S Nampiina,M Ndhambi,R Musamali,1,0,1
Uganda,19,S Nampiina,D Njoroge,R Musamali,4,0,4
Uganda,19,S Nampiina,D Njoroge,R Musamali,1,0,1
Uganda,19,R Musamali,D Njoroge,S Nampiina,2,0,2
Uganda,19,R Musamali,D Njoroge,S Nampiina,4,0,4
Uganda,19,R Musamali,D Njoroge,S Nampiina,0,0,0
Uganda,19,R Musamali,D Njoroge,S Nampiina,2,0,2
Kenya,0,SW Kinyua,C Aweko,V Abuga,0,1,1
Kenya,0,SW Kinyua,C Aweko,V Abuga,0,0,0
Kenya,0,SW Kinyua,C Aweko,V Abuga,0,0,0
Kenya,0,SW Kinyua,C Aweko,V Abuga,1,0,1
Kenya,0,V Abuga,C Aweko,SW Kinyua,0,0,0
Kenya,0,V Abuga,C Aweko,SW Kinyua,0,0,0
Kenya,0,V Abuga,C Aweko,SW Kinyua,0,0,0
Kenya,1,SW Kinyua,F Najjumba,V Abuga,0,0,0
Kenya,1,SW Kinyua,F Najjumba,V Abuga,0,0,0
Kenya,1,SW Kinyua,F Najjumba,V Abuga,0,0,0
Kenya,1,SW Kinyua,F Najjumba,V Abuga,0,0,0
Kenya,1,SW Kinyua,F Najjumba,V Abuga,0,0,0
Kenya,1,SW Kinyua,F Najjumba,V Abuga,0,0,0
Kenya,2,V Abuga,C Aweko,SW Kinyua,0,0,0
Kenya,2,V Abuga,C Aweko,SW Kinyua,1,0,1
Kenya,2,SW Kinyua,C Aweko,V Abuga,2,0,2
Kenya,2,SW Kinyua,C Aweko,V Abuga,0,0,0
Kenya,2,SW Kinyua,C Aweko,V Abuga,0,0,0
Kenya,2,SW Kinyua,C Aweko,V Abuga,0,0,0
Kenya,3,V Abuga,F Najjumba,SW Kinyua,0,0,0
Kenya,3,V Abuga,F Najjumba,SW Kinyua,1,0,1
Kenya,3,SW Kinyua,F Najjumba,V Abuga,0,0,0
Kenya,3,SW Kinyua,F Najjumba,V Abuga,2,0,2
Kenya,3,SW Kinyua,F Najjumba,V Abuga,0,0,0
Kenya,3,SW Kinyua,F Najjumba,V Abuga,2,0,2
Kenya,4,V Abuga,I Nakisuuyi,SW Kinyua,0,0,0
Kenya,4,V Abuga,I Nakisuuyi,SW Kinyua,1,0,1
Kenya,4,SW Kinyua,I Nakisuuyi,V Abuga,1,0,1
Kenya,4,V Abuga,I Nakisuuyi,SW Kinyua,1,0,1
Kenya,4,SW Kinyua,I Nakisuuyi,V Abuga,0,0,0
Kenya,4,SW Kinyua,I Nakisuuyi,V Abuga,1,0,1
Kenya,5,SW Kinyua,J Mbabazi,V Abuga,0,0,0
Kenya,5,SW Kinyua,J Mbabazi,V Abuga,1,0,1
Kenya,5,V Abuga,J Mbabazi,SW Kinyua,0,0,0
Kenya,5,V Abuga,J Mbabazi,SW Kinyua,0,0,0
Kenya,5,V Abuga,J Mbabazi,SW Kinyua,0,0,0
Kenya,5,V Abuga,J Mbabazi,SW Kinyua,1,0,1
Kenya,6,V Abuga,I Nakisuuyi,SW Kinyua,0,0,0
Kenya,6,V Abuga,I Nakisuuyi,SW Kinyua,1,0,1
Kenya,6,SW Kinyua,I Nakisuuyi,V Abuga,1,0,1
Kenya,6,V Abuga,I Nakisuuyi,SW Kinyua,1,0,1
Kenya,6,SW Kinyua,I Nakisuuyi,V Abuga,1,0,1
Kenya,6,V Abuga,I Nakisuuyi,SW Kinyua,1,0,1
Kenya,7,V Abuga,J Mbabazi,SW Kinyua,1,0,1
Kenya,7,SW Kinyua,J Mbabazi,V Abuga,0,0,0
Kenya,7,SW Kinyua,J Mbabazi,V Abuga,0,1,1
Kenya,7,V Abuga,J Mbabazi,SW Kinyua,0,0,0
Kenya,7,V Abuga,J Mbabazi,SW Kinyua,2,0,2
Kenya,7,V Abuga,J Mbabazi,SW Kinyua,0,0,0
Kenya,8,SW Kinyua,I Nakisuuyi,V Abuga,1,0,1
Kenya,8,V Abuga,I Nakisuuyi,SW Kinyua,0,0,0
Kenya,8,V Abuga,I Nakisuuyi,SW Kinyua,6,0,6
Kenya,8,V Abuga,I Nakisuuyi,SW Kinyua,4,0,4
Kenya,8,V Abuga,I Nakisuuyi,SW Kinyua,1,0,1
Kenya,8,SW Kinyua,I Nakisuuyi,V Abuga,1,0,1
Kenya,9,SW Kinyua,J Mbabazi,V Abuga,1,0,1
Kenya,9,V Abuga,J Mbabazi,SW Kinyua,0,0,0
Kenya,9,V Abuga,J Mbabazi,SW Kinyua,4,0,4
Kenya,9,V Abuga,J Mbabazi,SW Kinyua,1,0,1
Kenya,9,SW Kinyua,J Mbabazi,V Abuga,0,1,1
Kenya,9,SW Kinyua,J Mbabazi,V Abuga,0,0,0
Kenya,9,SW Kinyua,J Mbabazi,V Abuga,1,0,1
Kenya,10,SW Kinyua,D Busingye,V Abuga,0,1,1
Kenya,10,SW Kinyua,D Busingye,V Abuga,1,0,1
Kenya,10,V Abuga,D Busingye,SW Kinyua,0,0,0
Kenya,10,M Ngoche,D Busingye,SW Kinyua,1,0,1
Kenya,10,SW Kinyua,D Busingye,M Ngoche,1,0,1
Kenya,10,M Ngoche,D Busingye,SW Kinyua,0,1,1
Kenya,10,M Ngoche,D Busingye,SW Kinyua,1,0,1
Kenya,10,SW Kinyua,D Busingye,M Ngoche,0,0,0
Kenya,11,M Ngoche,S Walaza,SW Kinyua,0,0,0
Kenya,11,M Ngoche,S Walaza,SW Kinyua,1,0,1
Kenya,11,SW Kinyua,S Walaza,M Ngoche,2,0,2
Kenya,11,SW Kinyua,S Walaza,M Ngoche,0,0,0
Kenya,11,SW Kinyua,S Walaza,M Ngoche,4,0,4
Kenya,11,SW Kinyua,S Walaza,M Ngoche,1,0,1
Kenya,12,SW Kinyua,F Najjumba,M Ngoche,1,0,1
Kenya,12,M Ngoche,F Najjumba,SW Kinyua,1,0,1
Kenya,12,SW Kinyua,F Najjumba,M Ngoche,2,0,2
Kenya,12,SW Kinyua,F Najjumba,M Ngoche,0,0,0
Kenya,12,SW Kinyua,F Najjumba,M Ngoche,1,0,1
Kenya,12,M Ngoche,F Najjumba,SW Kinyua,1,0,1
Kenya,13,M Ngoche,C Aweko,SW Kinyua,1,0,1
Kenya,13,SW Kinyua,C Aweko,M Ngoche,1,0,1
Kenya,13,M Ngoche,C Aweko,SW Kinyua,1,0,1
Kenya,13,SW Kinyua,C Aweko,M Ngoche,0,0,0
Kenya,13,SW Kinyua,C Aweko,M Ngoche,1,0,1
Kenya,13,M Ngoche,C Aweko,SW Kinyua,1,0,1
Kenya,14,M Ngoche,F Najjumba,SW Kinyua,0,0,0
Kenya,14,M Ngoche,F Najjumba,SW Kinyua,1,0,1
Kenya,14,SW Kinyua,F Najjumba,M Ngoche,0,0,0
Kenya,14,SW Kinyua,F Najjumba,M Ngoche,1,0,1
Kenya,14,M Ngoche,F Najjumba,SW Kinyua,0,0,0
Kenya,14,M Ngoche,F Najjumba,SW Kinyua,0,0,0
Kenya,15,SW Kinyua,J Mbabazi,S Juma,1,0,1
Kenya,15,S Juma,J Mbabazi,SW Kinyua,0,0,0
Kenya,15,S Juma,J Mbabazi,SW Kinyua,0,0,0
Kenya,15,S Juma,J Mbabazi,SW Kinyua,1,0,1
Kenya,15,SW Kinyua,J Mbabazi,S Juma,1,0,1
Kenya,15,S Juma,J Mbabazi,SW Kinyua,2,0,2
Kenya,16,SW Kinyua,D Busingye,S Juma,1,0,1
Kenya,16,S Juma,D Busingye,SW Kinyua,0,0,0
Kenya,16,S Juma,D Busingye,SW Kinyua,0,0,0
Kenya,16,S Juma,D Busingye,SW Kinyua,4,0,4
Kenya,16,S Juma,D Busingye,SW Kinyua,0,0,0
Kenya,16,S Juma,D Busingye,SW Kinyua,1,0,1
Kenya,17,S Juma,I Nakisuuyi,SW Kinyua,0,0,0
Kenya,17,D Njoroge,I Nakisuuyi,SW Kinyua,1,0,1
Kenya,17,SW Kinyua,I Nakisuuyi,D Njoroge,0,0,0
Kenya,17,SW Kinyua,I Nakisuuyi,D Njoroge,1,0,1
Kenya,17,D Njoroge,I Nakisuuyi,SW Kinyua,1,0,1
Kenya,17,SW Kinyua,I Nakisuuyi,D Njoroge,0,0,0
Kenya,18,D Njoroge,D Busingye,SW Kinyua,1,0,1
Kenya,18,SW Kinyua,D Busingye,D Njoroge,1,0,1
Kenya,18,D Njoroge,D Busingye,SW Kinyua,1,0,1
Kenya,18,SW Kinyua,D Busingye,D Njoroge,1,0,1
Kenya,18,D Njoroge,D Busingye,SW Kinyua,1,0,1
Kenya,18,SW Kinyua,D Busingye,D Njoroge,2,0,2
Kenya,19,D Njoroge,C Aweko,SW Kinyua,1,0,1
Kenya,19,SW Kinyua,C Aweko,D Njoroge,0,0,0
Kenya,19,D Njoroge,C Aweko,V Ooko,1,0,1
Kenya,19,V Ooko,C Aweko,D Njoroge,0,0,0
Kenya,19,E Wachira,C Aweko,D Njoroge,0,0,0
Kenya,19,M Ochieng,C Aweko,D Njoroge,0,0,0
