Team,Over,Batter,Bowler,Non_Striker,Batter_Runs,Extras,Total_Runs
Japan,0,A Kitayama,M Tom,Erika Oda,1,0,1
Japan,0,Erika Oda,M Tom,A Kitayama,0,0,0
Japan,0,Erika Oda,M Tom,A Kitayama,0,0,0
Japan,0,Erika Oda,M Tom,A Kitayama,1,0,1
Japan,0,A Kitayama,M Tom,Erika Oda,0,0,0
Japan,0,A Kitayama,M Tom,Erika Oda,0,0,0
Japan,1,Erika Oda,R Oa,A Kitayama,0,0,0
Japan,1,Erika Oda,R Oa,A Kitayama,1,0,1
Japan,1,A Kitayama,R Oa,Erika Oda,0,1,1
Japan,1,A Kitayama,R Oa,Erika Oda,4,0,4
Japan,1,A Kitayama,R Oa,Erika Oda,0,0,0
Japan,1,A Kitayama,R Oa,Erika Oda,1,0,1
Japan,1,Erika Oda,R Oa,A Kitayama,0,0,0
Japan,2,A Kitayama,M Tom,M Kanno,0,0,0
Japan,2,A Kitayama,M Tom,M Kanno,0,0,0
Japan,2,N Tokizawa,M Tom,M Kanno,0,0,0
Japan,2,N Tokizawa,M Tom,M Kanno,0,0,0
Japan,2,N Tokizawa,M Tom,M Kanno,1,0,1
Japan,2,M Kanno,M Tom,N Tokizawa,0,0,0
Japan,3,N Tokizawa,R Oa,M Kanno,1,0,1
Japan,3,M Kanno,R Oa,N Tokizawa,0,0,0
Japan,3,M Kanno,R Oa,N Tokizawa,1,0,1
Japan,3,N Tokizawa,R Oa,M Kanno,0,0,0
Japan,3,N Tokizawa,R Oa,M Kanno,0,0,0
Japan,3,N Tokizawa,R Oa,M Kanno,0,0,0
Japan,4,M Kanno,M Tom,N Tokizawa,0,0,0
Japan,4,M Kanno,M Tom,N Tokizawa,0,0,0
Japan,4,M Yanagida,M Tom,M Kanno,0,0,0
Japan,4,M Yanagida,M Tom,M Kanno,0,0,0
Japan,4,M Yanagida,M Tom,M Kanno,0,0,0
Japan,4,M Yanagida,M Tom,M Kanno,0,0,0
Japan,5,M Kanno,NM Ambo,M Yanagida,0,0,0
Japan,5,M Kanno,NM Ambo,M Yanagida,0,0,0
Japan,5,M Kanno,NM Ambo,M Yanagida,0,0,0
Japan,5,M Kanno,NM Ambo,M Yanagida,1,0,1
Japan,5,M Yanagida,NM Ambo,M Kanno,0,1,1
Japan,5,M Yanagida,NM Ambo,M Kanno,0,0,0
Japan,5,M Yanagida,NM Ambo,M Kanno,0,0,0
Japan,6,M Kanno,K Arua,M Yanagida,0,0,0
Japan,6,M Yanagida,K Arua,K Taniguchi,0,0,0
Japan,6,R Endo,K Arua,K Taniguchi,0,0,0
Japan,6,R Endo,K Arua,K Taniguchi,1,0,1
Japan,6,K Taniguchi,K Arua,R Endo,0,0,0
Japan,6,K Taniguchi,K Arua,R Endo,0,0,0
Japan,7,R Endo,NM Ambo,K Taniguchi,0,0,0
Japan,7,A Kanada,NM Ambo,K Taniguchi,1,0,1
Japan,7,K Taniguchi,NM Ambo,A Kanada,0,0,0
Japan,7,K Taniguchi,NM Ambo,A Kanada,0,0,0
Japan,7,K Taniguchi,NM Ambo,A Kanada,0,0,0
Japan,7,K Taniguchi,NM Ambo,A Kanada,0,0,0
Japan,8,A Kanada,K Arua,K Taniguchi,0,0,0
Japan,8,A Kanada,K Arua,K Taniguchi,0,1,1
Japan,8,K Taniguchi,K Arua,A Kanada,0,0,0
Japan,8,K Taniguchi,K Arua,A Kanada,1,0,1
Japan,8,A Kanada,K Arua,K Taniguchi,1,0,1
Japan,8,K Taniguchi,K Arua,A Kanada,0,0,0
Japan,9,A Kanada,NM Ambo,K Taniguchi,0,0,0
Japan,9,A Kanada,NM Ambo,K Taniguchi,0,0,0
Japan,9,A Kanada,NM Ambo,K Taniguchi,1,0,1
Japan,9,K Taniguchi,NM Ambo,A Kanada,0,0,0
Japan,9,K Taniguchi,NM Ambo,A Kanada,0,0,0
Japan,9,K Taniguchi,NM Ambo,A Kanada,0,0,0
Japan,10,A Kanada,K Arua,K Taniguchi,1,0,1
Japan,10,K Taniguchi,K Arua,A Kanada,1,0,1
Japan,10,A Kanada,K Arua,K Taniguchi,1,0,1
Japan,10,K Taniguchi,K Arua,A Kanada,1,0,1
Japan,10,A Kanada,K Arua,K Taniguchi,0,0,0
Japan,10,K Taniguchi,K Arua,S Miyaji,0,0,0
Japan,11,S Miyaji,NM Ambo,K Taniguchi,0,0,0
Japan,11,S Miyaji,NM Ambo,K Taniguchi,0,0,0
Japan,11,S Miyaji,NM Ambo,K Taniguchi,0,0,0
Japan,11,S Miyaji,NM Ambo,K Taniguchi,1,0,1
Japan,11,K Taniguchi,NM Ambo,S Miyaji,0,0,0
Japan,11,K Taniguchi,NM Ambo,S Miyaji,0,0,0
Japan,12,S Miyaji,K Arua,K Taniguchi,0,0,0
Japan,12,K Taniguchi,K Arua,M Shiraishi,0,0,0
Japan,12,K Nanno,K Arua,M Shiraishi,0,0,0
Japan,12,K Nanno,K Arua,M Shiraishi,0,0,0
Japan,12,K Nanno,K Arua,M Shiraishi,0,0,0
Japan,12,K Nanno,K Arua,M Shiraishi,0,0,0
Japan,13,M Shiraishi,R Oa,K Nanno,0,0,0
Japan,13,M Shiraishi,R Oa,K Nanno,0,0,0
Japan,13,M Shiraishi,R Oa,K Nanno,0,0,0
Japan,13,M Shiraishi,R Oa,K Nanno,0,0,0
Japan,13,M Shiraishi,R Oa,K Nanno,0,0,0
Japan,13,M Shiraishi,R Oa,K Nanno,0,0,0
Japan,14,K Nanno,S Jimmy,M Shiraishi,0,0,0
Japan,14,K Nanno,S Jimmy,M Shiraishi,0,0,0
Japan,14,K Nanno,S Jimmy,M Shiraishi,0,0,0
Japan,14,K Nanno,S Jimmy,M Shiraishi,1,0,1
Japan,14,M Shiraishi,S Jimmy,K Nanno,0,0,0
Japan,14,M Shiraishi,S Jimmy,K Nanno,0,0,0
Japan,15,K Nanno,R Oa,M Shiraishi,1,0,1
Japan,15,M Shiraishi,R Oa,K Nanno,0,0,0
Japan,15,M Shiraishi,R Oa,K Nanno,0,0,0
Japan,15,M Shiraishi,R Oa,K Nanno,1,0,1
Japan,15,K Nanno,R Oa,M Shiraishi,1,0,1
Japan,15,M Shiraishi,R Oa,K Nanno,0,0,0
Japan,16,K Nanno,S Jimmy,M Shiraishi,0,0,0
Japan,16,K Nanno,S Jimmy,M Shiraishi,1,0,1
Japan,16,M Shiraishi,S Jimmy,K Nanno,0,0,0
Japan,16,M Shiraishi,S Jimmy,K Nanno,0,0,0
Japan,16,M Shiraishi,S Jimmy,K Nanno,1,0,1
Japan,16,K Nanno,S Jimmy,M Shiraishi,0,0,0
Japan,17,M Shiraishi,V Araa,K Nanno,0,0,0
Japan,17,M Shiraishi,V Araa,K Nanno,4,0,4
Japan,17,M Shiraishi,V Araa,K Nanno,0,0,0
Japan,17,M Shiraishi,V Araa,K Nanno,1,0,1
Japan,17,K Nanno,V Araa,M Shiraishi,1,0,1
Japan,17,M Shiraishi,V Araa,K Nanno,0,0,0
Japan,18,K Nanno,S Jimmy,M Shiraishi,0,0,0
Japan,18,K Nanno,S Jimmy,M Shiraishi,0,0,0
Japan,18,K Nanno,S Jimmy,M Shiraishi,0,0,0
Japan,18,K Nanno,S Jimmy,M Shiraishi,0,0,0
Japan,18,K Nanno,S Jimmy,M Shiraishi,0,0,0
Japan,18,K Nanno,S Jimmy,M Shiraishi,0,0,0
Japan,19,M Shiraishi,M Tom,K Nanno,0,0,0
Japan,19,M Shiraishi,M Tom,K Nanno,0,0,0
Japan,19,M Shiraishi,M Tom,K Nanno,0,0,0
Papua New Guinea,0,S Jimmy,N Tokizawa,T Ruma,0,0,0
Papua New Guinea,0,S Jimmy,N Tokizawa,T Ruma,0,0,0
Papua New Guinea,0,S Jimmy,N Tokizawa,T Ruma,1,0,1
Papua New Guinea,0,T Ruma,N Tokizawa,S Jimmy,0,0,0
Papua New Guinea,0,T Ruma,N Tokizawa,S Jimmy,1,0,1
Papua New Guinea,0,S Jimmy,N Tokizawa,T Ruma,0,0,0
Papua New Guinea,1,T Ruma,K Nanno,S Jimmy,1,0,1
Papua New Guinea,1,S Jimmy,K Nanno,T Ruma,0,0,0
Papua New Guinea,1,S Jimmy,K Nanno,T Ruma,0,0,0
Papua New Guinea,1,S Jimmy,K Nanno,T Ruma,2,0,2
Papua New Guinea,1,S Jimmy,K Nanno,T Ruma,1,0,1
Papua New Guinea,1,T Ruma,K Nanno,S Jimmy,1,0,1
Papua New Guinea,2,T Ruma,N Tokizawa,S Jimmy,0,0,0
Papua New Guinea,2,T Ruma,N Tokizawa,S Jimmy,0,0,0
Papua New Guinea,2,T Ruma,N Tokizawa,S Jimmy,0,1,1
Papua New Guinea,2,T Ruma,N Tokizawa,S Jimmy,0,0,0
Papua New Guinea,2,T Ruma,N Tokizawa,S Jimmy,1,0,1
Papua New Guinea,2,S Jimmy,N Tokizawa,T Ruma,0,0,0
Papua New Guinea,2,S Jimmy,N Tokizawa,T Ruma,1,0,1
Papua New Guinea,3,S Jimmy,K Nanno,T Ruma,1,0,1
Papua New Guinea,3,T Ruma,K Nanno,S Jimmy,0,0,0
Papua New Guinea,3,T Ruma,K Nanno,S Jimmy,6,0,6
Papua New Guinea,3,T Ruma,K Nanno,S Jimmy,1,0,1
Papua New Guinea,3,S Jimmy,K Nanno,T Ruma,1,0,1
Papua New Guinea,3,T Ruma,K Nanno,S Jimmy,0,0,0
Papua New Guinea,4,S Jimmy,S Miyaji,T Ruma,1,0,1
Papua New Guinea,4,T Ruma,S Miyaji,S Jimmy,1,0,1
Papua New Guinea,4,S Jimmy,S Miyaji,T Ruma,1,0,1
Papua New Guinea,4,T Ruma,S Miyaji,S Jimmy,0,0,0
Papua New Guinea,4,T Ruma,S Miyaji,S Jimmy,1,0,1
Papua New Guinea,4,S Jimmy,S Miyaji,T Ruma,1,0,1
Papua New Guinea,5,S Jimmy,M Kanno,T Ruma,4,0,4
Papua New Guinea,5,S Jimmy,M Kanno,T Ruma,2,0,2
Papua New Guinea,5,S Jimmy,M Kanno,T Ruma,1,0,1
Papua New Guinea,5,T Ruma,M Kanno,S Jimmy,0,0,0
Papua New Guinea,5,T Ruma,M Kanno,S Jimmy,4,0,4
Papua New Guinea,5,T Ruma,M Kanno,S Jimmy,1,0,1
Papua New Guinea,6,T Ruma,S Miyaji,S Jimmy,1,0,1
Papua New Guinea,6,S Jimmy,S Miyaji,T Ruma,1,0,1
