Team,Over,Batter,Bowler,Non_Striker,Batter_Runs,Extras,Total_Runs
United States of America,0,NT Gruny,Mahewish Khan,EH Rendler,1,0,1
United States of America,0,EH Rendler,Mahewish Khan,NT Gruny,0,0,0
United States of America,0,EH Rendler,Mahewish Khan,NT Gruny,0,0,0
United States of America,0,EH Rendler,Mahewish Khan,NT Gruny,0,0,0
United States of America,0,EH Rendler,Mahewish Khan,NT Gruny,0,0,0
United States of America,0,EH Rendler,Mahewish Khan,NT Gruny,4,0,4
United States of America,1,NT Gruny,A Perera,EH Rendler,0,0,0
United States of America,1,S Bhaskar,A Perera,EH Rendler,4,0,4
United States of America,1,S Bhaskar,A Perera,EH Rendler,1,0,1
United States of America,1,EH Rendler,A Perera,S Bhaskar,0,0,0
United States of America,1,EH Rendler,A Perera,S Bhaskar,1,0,1
United States of America,1,S Bhaskar,A Perera,EH Rendler,0,0,0
United States of America,2,EH Rendler,Mahewish Khan,S Bhaskar,1,0,1
United States of America,2,S Bhaskar,Mahewish Khan,EH Rendler,0,0,0
United States of America,2,S Bhaskar,Mahewish Khan,EH Rendler,0,0,0
United States of America,2,S Bhaskar,Mahewish Khan,EH Rendler,4,0,4
United States of America,2,S Bhaskar,Mahewish Khan,EH Rendler,0,0,0
United States of America,2,S Bhaskar,Mahewish Khan,EH Rendler,2,0,2
United States of America,3,EH Rendler,A Perera,S Bhaskar,0,0,0
United States of America,3,EH Rendler,A Perera,S Bhaskar,1,0,1
United States of America,3,S Bhaskar,A Perera,EH Rendler,4,0,4
United States of America,3,S Bhaskar,A Perera,EH Rendler,4,0,4
United States of America,3,S Bhaskar,A Perera,EH Rendler,1,0,1
United States of America,3,EH Rendler,A Perera,S Bhaskar,0,0,0
United States of America,4,S Bhaskar,Saniyah Zia,EH Rendler,1,0,1
United States of America,4,EH Rendler,Saniyah Zia,S Bhaskar,0,0,0
United States of America,4,EH Rendler,Saniyah Zia,S Bhaskar,0,1,1
United States of America,4,EH Rendler,Saniyah Zia,S Bhaskar,0,0,0
United States of America,4,S Bhaskar,Saniyah Zia,S Sriharsha,4,0,4
United States of America,4,S Bhaskar,Saniyah Zia,S Sriharsha,0,0,0
United States of America,4,S Bhaskar,Saniyah Zia,S Sriharsha,1,0,1
United States of America,5,S Bhaskar,Hiba Shamshad,S Sriharsha,0,0,0
United States of America,5,S Bhaskar,Hiba Shamshad,S Sriharsha,0,0,0
United States of America,5,S Bhaskar,Hiba Shamshad,S Sriharsha,4,0,4
United States of America,5,S Bhaskar,Hiba Shamshad,S Sriharsha,0,0,0
United States of America,5,S Sriharsha,Hiba Shamshad,C Atkins,1,0,1
United States of America,5,C Atkins,Hiba Shamshad,S Sriharsha,1,0,1
United States of America,6,C Atkins,Saniyah Zia,S Sriharsha,0,0,0
United States of America,6,OT Wallerson,Saniyah Zia,S Sriharsha,0,0,0
United States of America,6,OT Wallerson,Saniyah Zia,S Sriharsha,1,0,1
United States of America,6,S Sriharsha,Saniyah Zia,OT Wallerson,4,0,4
United States of America,6,S Sriharsha,Saniyah Zia,OT Wallerson,4,0,4
United States of America,6,S Sriharsha,Saniyah Zia,OT Wallerson,0,0,0
United States of America,7,OT Wallerson,Hiba Shamshad,S Sriharsha,0,0,0
United States of America,7,OT Wallerson,Hiba Shamshad,S Sriharsha,0,0,0
United States of America,7,OT Wallerson,Hiba Shamshad,S Sriharsha,0,0,0
United States of America,7,OT Wallerson,Hiba Shamshad,S Sriharsha,1,0,1
United States of America,7,S Sriharsha,Hiba Shamshad,OT Wallerson,1,0,1
United States of America,7,OT Wallerson,Hiba Shamshad,S Sriharsha,0,0,0
United States of America,8,S Sriharsha,KN Mirchandani,OT Wallerson,1,0,1
United States of America,8,OT Wallerson,KN Mirchandani,S Sriharsha,0,0,0
United States of America,8,OT Wallerson,KN Mirchandani,S Sriharsha,0,0,0
United States of America,8,OT Wallerson,KN Mirchandani,S Sriharsha,0,0,0
United States of America,8,OT Wallerson,KN Mirchandani,S Sriharsha,0,1,1
United States of America,8,OT Wallerson,KN Mirchandani,S Sriharsha,2,0,2
United States of America,8,OT Wallerson,KN Mirchandani,S Sriharsha,0,0,0
United States of America,9,S Sriharsha,Hiba Shamshad,OT Wallerson,1,0,1
United States of America,9,OT Wallerson,Hiba Shamshad,S Sriharsha,0,0,0
United States of America,9,OT Wallerson,Hiba Shamshad,S Sriharsha,0,0,0
United States of America,9,OT Wallerson,Hiba Shamshad,S Sriharsha,0,0,0
United States of America,9,OT Wallerson,Hiba Shamshad,S Sriharsha,0,0,0
United States of America,9,OT Wallerson,Hiba Shamshad,S Sriharsha,0,0,0
United States of America,10,S Sriharsha,KN Mirchandani,OT Wallerson,1,0,1
United States of America,10,OT Wallerson,KN Mirchandani,S Sriharsha,0,0,0
United States of America,10,OT Wallerson,KN Mirchandani,S Sriharsha,0,0,0
United States of America,10,OT Wallerson,KN Mirchandani,S Sriharsha,1,0,1
United States of America,10,S Sriharsha,KN Mirchandani,OT Wallerson,1,0,1
United States of America,10,OT Wallerson,KN Mirchandani,S Sriharsha,1,0,1
United States of America,11,OT Wallerson,Hiba Shamshad,S Sriharsha,1,0,1
United States of America,11,S Sriharsha,Hiba Shamshad,OT Wallerson,1,0,1
United States of America,11,OT Wallerson,Hiba Shamshad,S Sriharsha,1,0,1
United States of America,11,S Sriharsha,Hiba Shamshad,OT Wallerson,1,0,1
United States of America,11,OT Wallerson,Hiba Shamshad,S Sriharsha,1,0,1
United States of America,11,S Sriharsha,Hiba Shamshad,OT Wallerson,1,0,1
United States of America,12,S Sriharsha,KN Mirchandani,OT Wallerson,1,0,1
United States of America,12,OT Wallerson,KN Mirchandani,S Sriharsha,1,0,1
United States of America,12,S Sriharsha,KN Mirchandani,OT Wallerson,1,0,1
United States of America,12,OT Wallerson,KN Mirchandani,S Sriharsha,0,0,0
United States of America,12,OT Wallerson,KN Mirchandani,S Sriharsha,0,0,0
United States of America,12,OT Wallerson,KN Mirchandani,S Sriharsha,1,0,1
United States of America,13,OT Wallerson,Hala Azmat,S Sriharsha,2,0,2
United States of America,13,OT Wallerson,Hala Azmat,S Sriharsha,0,1,1
United States of America,13,OT Wallerson,Hala Azmat,S Sriharsha,0,0,0
United States of America,13,OT Wallerson,Hala Azmat,S Sriharsha,0,0,0
United States of America,13,OT Wallerson,Hala Azmat,S Sriharsha,0,0,0
United States of America,13,OT Wallerson,Hala Azmat,S Sriharsha,1,0,1
United States of America,13,S Sriharsha,Hala Azmat,OT Wallerson,6,0,6
United States of America,14,OT Wallerson,KN Mirchandani,S Sriharsha,0,0,0
United States of America,14,OT Wallerson,KN Mirchandani,S Sriharsha,1,0,1
United States of America,14,S Sriharsha,KN Mirchandani,OT Wallerson,2,0,2
United States of America,14,S Sriharsha,KN Mirchandani,OT Wallerson,1,0,1
United States of America,14,OT Wallerson,KN Mirchandani,S Sriharsha,0,0,0
United States of America,14,OT Wallerson,KN Mirchandani,S Sriharsha,2,0,2
United States of America,15,S Sriharsha,A Perera,OT Wallerson,1,0,1
United States of America,15,OT Wallerson,A Perera,S Sriharsha,1,0,1
United States of America,15,S Sriharsha,A Perera,OT Wallerson,2,0,2
United States of America,15,S Sriharsha,A Perera,OT Wallerson,0,0,0
United States of America,15,S Sriharsha,A Perera,OT Wallerson,1,0,1
United States of America,15,OT Wallerson,A Perera,S Sriharsha,0,0,0
United States of America,16,S Sriharsha,Saniyah Zia,OT Wallerson,0,1,1
United States of America,16,S Sriharsha,Saniyah Zia,OT Wallerson,0,0,0
United States of America,16,S Sriharsha,Saniyah Zia,OT Wallerson,0,0,0
United States of America,16,S Sriharsha,Saniyah Zia,OT Wallerson,0,0,0
United States of America,16,S Sriharsha,Saniyah Zia,OT Wallerson,2,0,2
United States of America,16,S Sriharsha,Saniyah Zia,OT Wallerson,1,0,1
United States of America,16,OT Wallerson,Saniyah Zia,S Sriharsha,0,0,0
United States of America,17,S Sriharsha,A Perera,OT Wallerson,0,0,0
United States of America,17,S Sriharsha,A Perera,OT Wallerson,1,0,1
United States of America,17,OT Wallerson,A Perera,S Sriharsha,4,0,4
United States of America,17,OT Wallerson,A Perera,S Sriharsha,1,0,1
United States of America,17,S Sriharsha,A Perera,OT Wallerson,0,0,0
United States of America,17,S Sriharsha,A Perera,OT Wallerson,4,0,4
United States of America,18,OT Wallerson,Saniyah Zia,S Sriharsha,0,0,0
United States of America,18,OT Wallerson,Saniyah Zia,S Sriharsha,0,0,0
United States of America,18,U Iftikhar,Saniyah Zia,S Sriharsha,1,0,1
United States of America,18,S Sriharsha,Saniyah Zia,U Iftikhar,1,0,1
United States of America,18,U Iftikhar,Saniyah Zia,S Sriharsha,0,0,0
United States of America,18,U Iftikhar,Saniyah Zia,S Sriharsha,0,0,0
United States of America,19,S Sriharsha,Mahewish Khan,U Iftikhar,1,0,1
United States of America,19,U Iftikhar,Mahewish Khan,S Sriharsha,6,0,6
United States of America,19,U Iftikhar,Mahewish Khan,S Sriharsha,0,0,0
United States of America,19,U Iftikhar,Mahewish Khan,S Sriharsha,0,0,0
United States of America,19,G Kodali,Mahewish Khan,S Sriharsha,1,0,1
United States of America,19,S Sriharsha,Mahewish Khan,G Kodali,0,0,0
Canada,0,M Patel,S Farooq,A Perera,0,0,0
Canada,0,M Patel,S Farooq,A Perera,0,0,0
Canada,0,M Patel,S Farooq,A Perera,0,0,0
Canada,0,M Patel,S Farooq,A Perera,0,1,1
Canada,0,M Patel,S Farooq,A Perera,0,0,0
Canada,0,M Patel,S Farooq,A Perera,0,0,0
Canada,0,M Patel,S Farooq,A Perera,0,0,0
Canada,1,A Perera,C Beckford,M Patel,0,0,0
Canada,1,A Perera,C Beckford,M Patel,1,0,1
Canada,1,M Patel,C Beckford,A Perera,0,0,0
Canada,1,M Patel,C Beckford,A Perera,0,0,0
Canada,1,M Patel,C Beckford,A Perera,0,0,0
Canada,1,M Patel,C Beckford,A Perera,0,0,0
Canada,2,A Perera,S Farooq,M Patel,0,0,0
Canada,2,A Perera,S Farooq,M Patel,4,0,4
Canada,2,A Perera,S Farooq,M Patel,0,0,0
Canada,2,A Perera,S Farooq,M Patel,0,0,0
Canada,2,A Perera,S Farooq,M Patel,0,0,0
Canada,2,A Perera,S Farooq,M Patel,2,0,2
Canada,3,M Patel,C Beckford,A Perera,0,0,0
Canada,3,M Patel,C Beckford,A Perera,4,0,4
Canada,3,M Patel,C Beckford,A Perera,0,0,0
Canada,3,M Patel,C Beckford,A Perera,0,0,0
Canada,3,M Patel,C Beckford,A Perera,0,0,0
Canada,3,M Patel,C Beckford,A Perera,1,0,1
Canada,4,M Patel,OT Wallerson,A Perera,0,0,0
Canada,4,M Patel,OT Wallerson,A Perera,1,0,1
Canada,4,A Perera,OT Wallerson,M Patel,1,0,1
Canada,4,M Patel,OT Wallerson,A Perera,4,0,4
Canada,4,M Patel,OT Wallerson,A Perera,2,0,2
Canada,4,M Patel,OT Wallerson,A Perera,0,0,0
Canada,5,A Perera,L Ramjit,M Patel,0,5,5
Canada,5,A Perera,L Ramjit,M Patel,0,0,0
Canada,5,A Perera,L Ramjit,M Patel,0,0,0
Canada,5,A Perera,L Ramjit,M Patel,0,0,0
Canada,5,A Perera,L Ramjit,M Patel,1,0,1
Canada,5,M Patel,L Ramjit,A Perera,0,0,0
Canada,5,M Patel,L Ramjit,A Perera,0,0,0
Canada,6,A Perera,OT Wallerson,M Patel,2,0,2
Canada,6,A Perera,OT Wallerson,M Patel,0,0,0
Canada,6,M Khokhar,OT Wallerson,M Patel,0,0,0
Canada,6,M Khokhar,OT Wallerson,M Patel,1,0,1
Canada,6,M Patel,OT Wallerson,M Khokhar,0,0,0
Canada,6,M Patel,OT Wallerson,M Khokhar,0,0,0
Canada,7,M Khokhar,L Ramjit,M Patel,0,0,0
Canada,7,M Khokhar,L Ramjit,M Patel,1,0,1
Canada,7,M Patel,L Ramjit,M Khokhar,0,0,0
Canada,7,M Patel,L Ramjit,M Khokhar,0,0,0
Canada,7,M Patel,L Ramjit,M Khokhar,0,0,0
Canada,7,M Patel,L Ramjit,M Khokhar,0,0,0
Canada,8,M Khokhar,G Kodali,KN Mirchandani,1,0,1
Canada,8,KN Mirchandani,G Kodali,M Khokhar,0,0,0
Canada,8,KN Mirchandani,G Kodali,M Khokhar,0,1,1
Canada,8,KN Mirchandani,G Kodali,M Khokhar,0,1,1
Canada,8,KN Mirchandani,G Kodali,M Khokhar,0,1,1
Canada,8,KN Mirchandani,G Kodali,M Khokhar,0,0,0
Canada,8,KN Mirchandani,G Kodali,M Khokhar,0,0,0
Canada,8,KN Mirchandani,G Kodali,M Khokhar,0,0,0
Canada,8,KN Mirchandani,G Kodali,M Khokhar,0,1,1
Canada,8,KN Mirchandani,G Kodali,M Khokhar,0,0,0
Canada,9,M Khokhar,U Iftikhar,KN Mirchandani,0,0,0
Canada,9,M Khokhar,U Iftikhar,KN Mirchandani,0,0,0
Canada,9,M Khokhar,U Iftikhar,KN Mirchandani,1,0,1
Canada,9,KN Mirchandani,U Iftikhar,M Khokhar,0,0,0
Canada,9,KN Mirchandani,U Iftikhar,M Khokhar,0,0,0
Canada,9,KN Mirchandani,U Iftikhar,M Khokhar,0,0,0
Canada,10,M Khokhar,G Kodali,KN Mirchandani,1,0,1
Canada,10,KN Mirchandani,G Kodali,M Khokhar,0,0,0
Canada,10,KN Mirchandani,G Kodali,M Khokhar,0,0,0
Canada,10,KN Mirchandani,G Kodali,M Khokhar,0,0,0
Canada,10,KN Mirchandani,G Kodali,M Khokhar,0,0,0
Canada,10,KN Mirchandani,G Kodali,M Khokhar,1,0,1
Canada,11,KN Mirchandani,U Iftikhar,M Khokhar,1,0,1
Canada,11,M Khokhar,U Iftikhar,KN Mirchandani,0,1,1
Canada,11,M Khokhar,U Iftikhar,KN Mirchandani,0,0,0
Canada,11,KN Mirchandani,U Iftikhar,Saniyah Zia,1,0,1
Canada,11,Saniyah Zia,U Iftikhar,KN Mirchandani,0,0,0
Canada,11,Saniyah Zia,U Iftikhar,KN Mirchandani,1,0,1
Canada,11,KN Mirchandani,U Iftikhar,Saniyah Zia,1,0,1
Canada,12,KN Mirchandani,OT Wallerson,Saniyah Zia,0,0,0
Canada,12,KN Mirchandani,OT Wallerson,Saniyah Zia,4,0,4
Canada,12,KN Mirchandani,OT Wallerson,Saniyah Zia,2,0,2
Canada,12,KN Mirchandani,OT Wallerson,Saniyah Zia,1,0,1
Canada,12,Saniyah Zia,OT Wallerson,KN Mirchandani,1,0,1
Canada,12,KN Mirchandani,OT Wallerson,Saniyah Zia,1,0,1
Canada,13,KN Mirchandani,L Ramjit,Saniyah Zia,1,0,1
Canada,13,Saniyah Zia,L Ramjit,KN Mirchandani,1,0,1
Canada,13,KN Mirchandani,L Ramjit,Saniyah Zia,0,0,0
Canada,13,C Martin,L Ramjit,Saniyah Zia,0,0,0
Canada,13,C Martin,L Ramjit,Saniyah Zia,0,0,0
Canada,13,C Martin,L Ramjit,Saniyah Zia,1,0,1
Canada,14,C Martin,U Iftikhar,Saniyah Zia,1,0,1
Canada,14,Saniyah Zia,U Iftikhar,C Martin,0,0,0
Canada,14,Saniyah Zia,U Iftikhar,C Martin,1,0,1
Canada,14,C Martin,U Iftikhar,Saniyah Zia,2,0,2
Canada,14,C Martin,U Iftikhar,Saniyah Zia,1,0,1
Canada,14,Saniyah Zia,U Iftikhar,C Martin,0,0,0
Canada,15,C Martin,L Ramjit,Saniyah Zia,0,0,0
Canada,15,C Martin,L Ramjit,Saniyah Zia,0,0,0
Canada,15,Mahewish Khan,L Ramjit,Saniyah Zia,0,0,0
Canada,15,Mahewish Khan,L Ramjit,Saniyah Zia,0,0,0
Canada,15,Mahewish Khan,L Ramjit,Saniyah Zia,1,0,1
Canada,15,Saniyah Zia,L Ramjit,Mahewish Khan,0,0,0
Canada,16,Mahewish Khan,U Iftikhar,Saniyah Zia,0,0,0
Canada,16,Mahewish Khan,U Iftikhar,Saniyah Zia,1,0,1
Canada,16,Saniyah Zia,U Iftikhar,Mahewish Khan,1,0,1
Canada,16,Mahewish Khan,U Iftikhar,Saniyah Zia,1,0,1
Canada,16,Saniyah Zia,U Iftikhar,Mahewish Khan,2,0,2
Canada,16,Saniyah Zia,U Iftikhar,Mahewish Khan,1,0,1
Canada,17,Saniyah Zia,C Beckford,Mahewish Khan,0,0,0
Canada,17,Saniyah Zia,C Beckford,Mahewish Khan,0,0,0
Canada,17,Saniyah Zia,C Beckford,Mahewish Khan,0,1,1
Canada,17,Saniyah Zia,C Beckford,Mahewish Khan,1,0,1
Canada,17,Mahewish Khan,C Beckford,Saniyah Zia,1,0,1
Canada,17,Saniyah Zia,C Beckford,Mahewish Khan,0,0,0
Canada,17,Saniyah Zia,C Beckford,Mahewish Khan,0,0,0
Canada,18,Mahewish Khan,G Kodali,Saniyah Zia,2,0,2
Canada,18,Mahewish Khan,G Kodali,Saniyah Zia,0,0,0
Canada,18,Hala Azmat,G Kodali,Saniyah Zia,0,0,0
Canada,18,Hala Azmat,G Kodali,Saniyah Zia,0,0,0
Canada,18,Hala Azmat,G Kodali,Saniyah Zia,0,0,0
Canada,18,Hala Azmat,G Kodali,Saniyah Zia,0,0,0
Canada,19,Saniyah Zia,C Beckford,Hala Azmat,1,1,2
Canada,19,Hala Azmat,C Beckford,Saniyah Zia,0,0,0
Canada,19,Hala Azmat,C Beckford,Saniyah Zia,0,0,0
Canada,19,Hala Azmat,C Beckford,Saniyah Zia,1,0,1
Canada,19,Saniyah Zia,C Beckford,Hala Azmat,2,0,2
Canada,19,Saniyah Zia,C Beckford,Hala Azmat,2,0,2
Canada,19,Saniyah Zia,C Beckford,Hala Azmat,1,0,1
