Team,Over,Batter,Bowler,Non_Striker,Batter_Runs,Extras,Total_Runs
India,0,Shafali Verma,ML Schutt,S Mandhana,4,0,4
India,0,Shafali Verma,ML Schutt,S Mandhana,1,0,1
India,0,S Mandhana,ML Schutt,Shafali Verma,4,0,4
India,0,S Mandhana,ML Schutt,Shafali Verma,0,0,0
India,0,S Mandhana,ML Schutt,Shafali Verma,6,0,6
India,0,S Mandhana,ML Schutt,Shafali Verma,0,0,0
India,1,Shafali Verma,EA Perry,S Mandhana,0,0,0
India,1,JI Rodrigues,EA Perry,S Mandhana,0,0,0
India,1,JI Rodrigues,EA Perry,S Mandhana,0,0,0
India,1,JI Rodrigues,EA Perry,S Mandhana,0,0,0
India,1,JI Rodrigues,EA Perry,S Mandhana,0,0,0
India,1,JI Rodrigues,EA Perry,S Mandhana,1,0,1
India,2,JI Rodrigues,TJ Vlaeminck,S Mandhana,0,0,0
India,2,JI Rodrigues,TJ Vlaeminck,S Mandhana,0,0,0
India,2,JI Rodrigues,TJ Vlaeminck,S Mandhana,0,0,0
India,2,JI Rodrigues,TJ Vlaeminck,S Mandhana,0,0,0
India,2,JI Rodrigues,TJ Vlaeminck,S Mandhana,0,0,0
India,2,JI Rodrigues,TJ Vlaeminck,S Mandhana,0,0,0
India,3,H Kaur,EA Perry,S Mandhana,4,0,4
India,3,H Kaur,EA Perry,S Mandhana,0,0,0
India,3,H Kaur,EA Perry,S Mandhana,0,0,0
India,3,H Kaur,EA Perry,S Mandhana,0,0,0
India,3,H Kaur,EA Perry,S Mandhana,0,0,0
India,3,H Kaur,EA Perry,S Mandhana,0,0,0
India,4,S Mandhana,TJ Vlaeminck,H Kaur,1,0,1
India,4,H Kaur,TJ Vlaeminck,S Mandhana,0,0,0
India,4,H Kaur,TJ Vlaeminck,S Mandhana,4,0,4
India,4,H Kaur,TJ Vlaeminck,S Mandhana,1,0,1
India,4,S Mandhana,TJ Vlaeminck,H Kaur,0,1,1
India,4,S Mandhana,TJ Vlaeminck,H Kaur,2,0,2
India,4,S Mandhana,TJ Vlaeminck,H Kaur,0,0,0
India,5,H Kaur,A Sutherland,S Mandhana,0,0,0
India,5,H Kaur,A Sutherland,S Mandhana,0,0,0
India,5,H Kaur,A Sutherland,S Mandhana,0,0,0
India,5,H Kaur,A Sutherland,S Mandhana,1,0,1
India,5,S Mandhana,A Sutherland,H Kaur,4,0,4
India,5,S Mandhana,A Sutherland,H Kaur,1,0,1
India,6,S Mandhana,JL Jonassen,H Kaur,0,0,0
India,6,S Mandhana,JL Jonassen,H Kaur,1,0,1
India,6,H Kaur,JL Jonassen,S Mandhana,0,0,0
India,6,H Kaur,JL Jonassen,S Mandhana,1,0,1
India,6,S Mandhana,JL Jonassen,H Kaur,1,0,1
India,6,H Kaur,JL Jonassen,S Mandhana,0,0,0
India,7,S Mandhana,NJ Carey,H Kaur,1,0,1
India,7,H Kaur,NJ Carey,S Mandhana,1,0,1
India,7,S Mandhana,NJ Carey,H Kaur,4,0,4
India,7,S Mandhana,NJ Carey,H Kaur,1,0,1
India,7,H Kaur,NJ Carey,S Mandhana,1,0,1
India,7,S Mandhana,NJ Carey,H Kaur,0,0,0
India,8,H Kaur,ML Schutt,S Mandhana,1,0,1
India,8,S Mandhana,ML Schutt,H Kaur,0,0,0
India,8,S Mandhana,ML Schutt,H Kaur,0,0,0
India,8,S Mandhana,ML Schutt,H Kaur,0,0,0
India,8,S Mandhana,ML Schutt,H Kaur,1,0,1
India,8,H Kaur,ML Schutt,S Mandhana,0,0,0
India,9,S Mandhana,JL Jonassen,H Kaur,6,0,6
India,9,S Mandhana,JL Jonassen,H Kaur,2,0,2
India,9,S Mandhana,JL Jonassen,H Kaur,0,0,0
India,9,H Kaur,JL Jonassen,V Krishnamurthy,1,0,1
India,9,V Krishnamurthy,JL Jonassen,H Kaur,1,0,1
India,9,H Kaur,JL Jonassen,V Krishnamurthy,0,0,0
India,10,V Krishnamurthy,TJ Vlaeminck,H Kaur,0,0,0
India,10,V Krishnamurthy,TJ Vlaeminck,H Kaur,0,0,0
India,10,V Krishnamurthy,TJ Vlaeminck,H Kaur,0,0,0
India,10,V Krishnamurthy,TJ Vlaeminck,H Kaur,1,0,1
India,10,H Kaur,TJ Vlaeminck,V Krishnamurthy,1,0,1
India,10,V Krishnamurthy,TJ Vlaeminck,H Kaur,1,0,1
India,11,V Krishnamurthy,G Wareham,H Kaur,1,0,1
India,11,H Kaur,G Wareham,V Krishnamurthy,4,0,4
India,11,H Kaur,G Wareham,V Krishnamurthy,4,0,4
India,11,H Kaur,G Wareham,V Krishnamurthy,0,0,0
India,11,H Kaur,G Wareham,V Krishnamurthy,2,0,2
India,11,H Kaur,G Wareham,V Krishnamurthy,1,0,1
India,12,H Kaur,ML Schutt,V Krishnamurthy,0,0,0
India,12,H Kaur,ML Schutt,V Krishnamurthy,0,0,0
India,12,H Kaur,ML Schutt,V Krishnamurthy,1,0,1
India,12,V Krishnamurthy,ML Schutt,H Kaur,0,0,0
India,12,V Krishnamurthy,ML Schutt,H Kaur,4,0,4
India,12,V Krishnamurthy,ML Schutt,H Kaur,0,0,0
India,13,H Kaur,EA Perry,V Krishnamurthy,0,0,0
India,13,T Bhatia,EA Perry,V Krishnamurthy,0,0,0
India,13,DB Sharma,EA Perry,V Krishnamurthy,0,0,0
India,13,DB Sharma,EA Perry,V Krishnamurthy,0,0,0
India,13,DB Sharma,EA Perry,V Krishnamurthy,0,0,0
India,13,A Reddy,EA Perry,V Krishnamurthy,4,0,4
India,14,V Krishnamurthy,TJ Vlaeminck,A Reddy,0,0,0
India,14,A Reddy,TJ Vlaeminck,S Pandey,0,0,0
India,14,A Reddy,TJ Vlaeminck,S Pandey,0,0,0
India,14,A Reddy,TJ Vlaeminck,S Pandey,0,0,0
India,14,RP Yadav,TJ Vlaeminck,S Pandey,1,0,1
India,14,S Pandey,TJ Vlaeminck,RP Yadav,0,0,0
India,15,RP Yadav,JL Jonassen,S Pandey,1,0,1
India,15,S Pandey,JL Jonassen,RP Yadav,0,0,0
India,15,S Pandey,JL Jonassen,RP Yadav,0,0,0
India,15,S Pandey,JL Jonassen,RP Yadav,0,0,0
India,15,S Pandey,JL Jonassen,RP Yadav,0,0,0
India,15,S Pandey,JL Jonassen,RP Yadav,0,0,0
India,16,RP Yadav,NJ Carey,S Pandey,0,0,0
India,16,RP Yadav,NJ Carey,S Pandey,0,0,0
India,16,RP Yadav,NJ Carey,S Pandey,1,0,1
India,16,S Pandey,NJ Carey,RP Yadav,0,0,0
India,16,S Pandey,NJ Carey,RP Yadav,1,0,1
India,16,RP Yadav,NJ Carey,S Pandey,4,0,4
India,17,S Pandey,JL Jonassen,RP Yadav,0,0,0
India,17,S Pandey,JL Jonassen,RP Yadav,0,0,0
India,17,S Pandey,JL Jonassen,RP Yadav,1,0,1
India,17,RP Yadav,JL Jonassen,S Pandey,1,0,1
India,17,S Pandey,JL Jonassen,RP Yadav,2,0,2
India,17,S Pandey,JL Jonassen,RP Yadav,1,0,1
India,18,S Pandey,EA Perry,RP Yadav,0,0,0
India,18,S Pandey,EA Perry,RP Yadav,0,0,0
India,18,S Pandey,EA Perry,RP Yadav,1,0,1
India,18,RP Yadav,EA Perry,S Pandey,2,0,2
India,18,RP Yadav,EA Perry,S Pandey,0,0,0
India,18,RP Yadav,EA Perry,S Pandey,1,0,1
India,19,RP Yadav,ML Schutt,S Pandey,0,0,0
India,19,S Pandey,ML Schutt,RS Gayakwad,1,0,1
India,19,RS Gayakwad,ML Schutt,S Pandey,1,0,1
India,19,S Pandey,ML Schutt,RS Gayakwad,0,0,0
India,19,S Pandey,ML Schutt,RS Gayakwad,1,0,1
India,19,RS Gayakwad,ML Schutt,S Pandey,1,0,1
Australia,0,AJ Healy,DB Sharma,BL Mooney,0,0,0
Australia,0,AJ Healy,DB Sharma,BL Mooney,0,0,0
Australia,0,AJ Healy,DB Sharma,BL Mooney,0,0,0
Australia,0,AJ Healy,DB Sharma,BL Mooney,1,0,1
Australia,0,BL Mooney,DB Sharma,AJ Healy,0,0,0
Australia,0,BL Mooney,DB Sharma,AJ Healy,0,0,0
Australia,1,AJ Healy,S Pandey,BL Mooney,0,0,0
Australia,1,A Gardner,S Pandey,BL Mooney,0,1,1
Australia,1,A Gardner,S Pandey,BL Mooney,0,0,0
Australia,1,A Gardner,S Pandey,BL Mooney,0,0,0
Australia,1,A Gardner,S Pandey,BL Mooney,6,0,6
Australia,1,A Gardner,S Pandey,BL Mooney,4,0,4
Australia,1,A Gardner,S Pandey,BL Mooney,0,0,0
Australia,2,BL Mooney,DB Sharma,A Gardner,1,0,1
Australia,2,A Gardner,DB Sharma,BL Mooney,1,0,1
Australia,2,BL Mooney,DB Sharma,A Gardner,0,0,0
Australia,2,BL Mooney,DB Sharma,A Gardner,0,0,0
Australia,2,BL Mooney,DB Sharma,A Gardner,0,0,0
Australia,2,BL Mooney,DB Sharma,A Gardner,0,0,0
Australia,3,A Gardner,RS Gayakwad,BL Mooney,4,0,4
Australia,3,A Gardner,RS Gayakwad,BL Mooney,1,0,1
Australia,3,BL Mooney,RS Gayakwad,A Gardner,0,0,0
Australia,3,BL Mooney,RS Gayakwad,A Gardner,0,0,0
Australia,3,BL Mooney,RS Gayakwad,A Gardner,1,0,1
Australia,3,A Gardner,RS Gayakwad,BL Mooney,1,0,1
Australia,4,A Gardner,DB Sharma,BL Mooney,4,0,4
Australia,4,A Gardner,DB Sharma,BL Mooney,0,0,0
Australia,4,A Gardner,DB Sharma,BL Mooney,1,0,1
Australia,4,BL Mooney,DB Sharma,A Gardner,4,0,4
Australia,4,BL Mooney,DB Sharma,A Gardner,0,0,0
Australia,4,BL Mooney,DB Sharma,A Gardner,0,0,0
Australia,5,A Gardner,RS Gayakwad,EA Perry,0,0,0
Australia,5,A Gardner,RS Gayakwad,EA Perry,0,0,0
Australia,5,RL Haynes,RS Gayakwad,EA Perry,0,0,0
Australia,5,RL Haynes,RS Gayakwad,EA Perry,1,0,1
Australia,5,EA Perry,RS Gayakwad,RL Haynes,0,0,0
Australia,5,EA Perry,RS Gayakwad,RL Haynes,0,0,0
Australia,6,RL Haynes,RP Yadav,EA Perry,4,0,4
Australia,6,RL Haynes,RP Yadav,EA Perry,1,0,1
Australia,6,EA Perry,RP Yadav,RL Haynes,0,0,0
Australia,6,EA Perry,RP Yadav,RL Haynes,4,0,4
Australia,6,EA Perry,RP Yadav,RL Haynes,0,0,0
Australia,6,EA Perry,RP Yadav,RL Haynes,1,0,1
Australia,7,EA Perry,A Reddy,RL Haynes,0,0,0
Australia,7,EA Perry,A Reddy,RL Haynes,1,0,1
Australia,7,RL Haynes,A Reddy,EA Perry,1,0,1
Australia,7,EA Perry,A Reddy,RL Haynes,1,0,1
Australia,7,RL Haynes,A Reddy,EA Perry,0,0,0
Australia,7,RL Haynes,A Reddy,EA Perry,0,0,0
Australia,8,EA Perry,S Pandey,RL Haynes,4,0,4
Australia,8,EA Perry,S Pandey,RL Haynes,0,0,0
Australia,8,EA Perry,S Pandey,RL Haynes,0,0,0
Australia,8,EA Perry,S Pandey,RL Haynes,1,0,1
Australia,8,RL Haynes,S Pandey,EA Perry,1,0,1
Australia,8,EA Perry,S Pandey,RL Haynes,0,0,0
Australia,9,RL Haynes,A Reddy,EA Perry,1,0,1
Australia,9,EA Perry,A Reddy,RL Haynes,1,0,1
Australia,9,RL Haynes,A Reddy,EA Perry,0,0,0
Australia,9,RL Haynes,A Reddy,EA Perry,0,0,0
Australia,9,RL Haynes,A Reddy,EA Perry,0,0,0
Australia,9,EA Perry,A Reddy,JL Jonassen,4,0,4
Australia,10,JL Jonassen,DB Sharma,EA Perry,1,0,1
Australia,10,EA Perry,DB Sharma,JL Jonassen,2,0,2
Australia,10,EA Perry,DB Sharma,JL Jonassen,0,0,0
Australia,10,EA Perry,DB Sharma,JL Jonassen,1,0,1
Australia,10,JL Jonassen,DB Sharma,EA Perry,0,0,0
Australia,10,JL Jonassen,DB Sharma,EA Perry,2,0,2
Australia,11,EA Perry,S Pandey,JL Jonassen,0,0,0
Australia,11,EA Perry,S Pandey,JL Jonassen,0,0,0
Australia,11,EA Perry,S Pandey,JL Jonassen,0,0,0
Australia,11,EA Perry,S Pandey,JL Jonassen,0,0,0
Australia,11,EA Perry,S Pandey,JL Jonassen,4,0,4
Australia,11,EA Perry,S Pandey,JL Jonassen,1,0,1
Australia,12,EA Perry,RP Yadav,JL Jonassen,0,0,0
Australia,12,EA Perry,RP Yadav,JL Jonassen,1,0,1
Australia,12,JL Jonassen,RP Yadav,EA Perry,0,0,0
Australia,12,JL Jonassen,RP Yadav,EA Perry,0,0,0
Australia,12,JL Jonassen,RP Yadav,EA Perry,1,0,1
Australia,12,EA Perry,RP Yadav,JL Jonassen,1,0,1
Australia,13,EA Perry,A Reddy,JL Jonassen,0,0,0
Australia,13,EA Perry,A Reddy,JL Jonassen,4,0,4
Australia,13,EA Perry,A Reddy,JL Jonassen,4,0,4
Australia,13,EA Perry,A Reddy,JL Jonassen,0,0,0
Australia,13,EA Perry,H Kaur,JL Jonassen,0,0,0
Australia,13,EA Perry,H Kaur,JL Jonassen,1,0,1
Australia,14,EA Perry,RS Gayakwad,JL Jonassen,1,0,1
Australia,14,JL Jonassen,RS Gayakwad,EA Perry,0,0,0
Australia,14,JL Jonassen,RS Gayakwad,EA Perry,2,0,2
Australia,14,JL Jonassen,RS Gayakwad,EA Perry,0,0,0
Australia,14,EA Perry,RS Gayakwad,NJ Carey,0,0,0
Australia,14,EA Perry,RS Gayakwad,NJ Carey,1,0,1
Australia,15,EA Perry,RP Yadav,NJ Carey,1,0,1
Australia,15,NJ Carey,RP Yadav,EA Perry,0,0,0
Australia,15,NJ Carey,RP Yadav,EA Perry,0,0,0
Australia,15,NJ Carey,RP Yadav,EA Perry,1,0,1
Australia,15,EA Perry,RP Yadav,NJ Carey,0,0,0
Australia,15,EA Perry,RP Yadav,NJ Carey,0,0,0
Australia,16,NJ Carey,RS Gayakwad,EA Perry,0,0,0
Australia,16,NJ Carey,RS Gayakwad,EA Perry,1,0,1
Australia,16,EA Perry,RS Gayakwad,NJ Carey,1,0,1
Australia,16,NJ Carey,RS Gayakwad,EA Perry,1,0,1
Australia,16,EA Perry,RS Gayakwad,NJ Carey,1,0,1
Australia,16,NJ Carey,RS Gayakwad,EA Perry,2,0,2
Australia,17,EA Perry,RP Yadav,NJ Carey,0,0,0
Australia,17,EA Perry,RP Yadav,NJ Carey,0,0,0
Australia,17,EA Perry,RP Yadav,NJ Carey,4,0,4
Australia,17,EA Perry,RP Yadav,NJ Carey,4,0,4
Australia,17,EA Perry,RP Yadav,NJ Carey,0,0,0
Australia,17,NJ Carey,RP Yadav,A Sutherland,0,0,0
Australia,18,A Sutherland,S Pandey,NJ Carey,1,0,1
Australia,18,NJ Carey,S Pandey,A Sutherland,0,0,0
Australia,18,NJ Carey,S Pandey,A Sutherland,0,0,0
Australia,18,NJ Carey,S Pandey,A Sutherland,0,0,0
Australia,18,NJ Carey,S Pandey,A Sutherland,4,0,4
