Team,Over,Batter,Bowler,Non_Striker,Batter_Runs,Extras,Total_Runs
England,0,AE Jones,RS Gayakwad,DN Wyatt,0,0,0
England,0,AE Jones,RS Gayakwad,DN Wyatt,0,0,0
England,0,AE Jones,RS Gayakwad,DN Wyatt,1,0,1
England,0,DN Wyatt,RS Gayakwad,AE Jones,3,0,3
England,0,AE Jones,RS Gayakwad,DN Wyatt,0,0,0
England,0,NR Sciver,RS Gayakwad,DN Wyatt,0,0,0
England,1,DN Wyatt,S Pandey,NR Sciver,0,0,0
England,1,DN Wyatt,S Pandey,NR Sciver,0,0,0
England,1,DN Wyatt,S Pandey,NR Sciver,1,0,1
England,1,NR Sciver,S Pandey,DN Wyatt,0,0,0
England,1,NR Sciver,S Pandey,DN Wyatt,4,0,4
England,1,NR Sciver,S Pandey,DN Wyatt,0,0,0
England,2,DN Wyatt,RS Gayakwad,NR Sciver,0,0,0
England,2,HC Knight,RS Gayakwad,NR Sciver,0,0,0
England,2,HC Knight,RS Gayakwad,NR Sciver,4,0,4
England,2,HC Knight,RS Gayakwad,NR Sciver,0,0,0
England,2,HC Knight,RS Gayakwad,NR Sciver,0,0,0
England,2,HC Knight,RS Gayakwad,NR Sciver,0,0,0
England,3,NR Sciver,S Pandey,HC Knight,0,0,0
England,3,NR Sciver,S Pandey,HC Knight,0,0,0
England,3,NR Sciver,S Pandey,HC Knight,4,0,4
England,3,NR Sciver,S Pandey,HC Knight,0,0,0
England,3,NR Sciver,S Pandey,HC Knight,4,0,4
England,3,NR Sciver,S Pandey,HC Knight,1,0,1
England,4,NR Sciver,RP Yadav,HC Knight,0,0,0
England,4,NR Sciver,RP Yadav,HC Knight,1,0,1
England,4,HC Knight,RP Yadav,NR Sciver,1,0,1
England,4,NR Sciver,RP Yadav,HC Knight,4,0,4
England,4,NR Sciver,RP Yadav,HC Knight,1,0,1
England,4,HC Knight,RP Yadav,NR Sciver,0,0,0
England,5,NR Sciver,DB Sharma,HC Knight,0,0,0
England,5,NR Sciver,DB Sharma,HC Knight,1,0,1
England,5,HC Knight,DB Sharma,NR Sciver,0,0,0
England,5,HC Knight,DB Sharma,NR Sciver,6,0,6
England,5,HC Knight,DB Sharma,NR Sciver,1,0,1
England,5,NR Sciver,DB Sharma,HC Knight,0,0,0
England,6,HC Knight,RP Yadav,NR Sciver,1,0,1
England,6,NR Sciver,RP Yadav,HC Knight,0,0,0
England,6,FC Wilson,RP Yadav,HC Knight,0,0,0
England,6,FC Wilson,RP Yadav,HC Knight,1,0,1
England,6,HC Knight,RP Yadav,FC Wilson,0,0,0
England,6,HC Knight,RP Yadav,FC Wilson,2,0,2
England,7,FC Wilson,DB Sharma,HC Knight,0,0,0
England,7,FC Wilson,DB Sharma,HC Knight,1,0,1
England,7,HC Knight,DB Sharma,FC Wilson,1,0,1
England,7,FC Wilson,DB Sharma,HC Knight,1,0,1
England,7,HC Knight,DB Sharma,FC Wilson,1,0,1
England,7,FC Wilson,DB Sharma,HC Knight,0,0,0
England,8,HC Knight,H Kaur,FC Wilson,1,0,1
England,8,FC Wilson,H Kaur,HC Knight,1,0,1
England,8,HC Knight,H Kaur,FC Wilson,4,0,4
England,8,HC Knight,H Kaur,FC Wilson,1,0,1
England,8,FC Wilson,H Kaur,HC Knight,1,0,1
England,8,HC Knight,H Kaur,FC Wilson,2,0,2
England,9,FC Wilson,S Pandey,HC Knight,1,0,1
England,9,HC Knight,S Pandey,FC Wilson,0,0,0
England,9,HC Knight,S Pandey,FC Wilson,1,0,1
England,9,FC Wilson,S Pandey,HC Knight,1,0,1
England,9,HC Knight,S Pandey,FC Wilson,1,0,1
England,9,FC Wilson,S Pandey,HC Knight,0,0,0
England,10,HC Knight,H Kaur,TT Beaumont,1,0,1
England,10,TT Beaumont,H Kaur,HC Knight,0,0,0
England,10,TT Beaumont,H Kaur,HC Knight,0,0,0
England,10,TT Beaumont,H Kaur,HC Knight,0,0,0
England,10,TT Beaumont,H Kaur,HC Knight,1,0,1
England,10,HC Knight,H Kaur,TT Beaumont,1,0,1
England,11,HC Knight,P Vastrakar,TT Beaumont,0,0,0
England,11,HC Knight,P Vastrakar,TT Beaumont,0,0,0
England,11,HC Knight,P Vastrakar,TT Beaumont,0,0,0
England,11,HC Knight,P Vastrakar,TT Beaumont,4,0,4
England,11,HC Knight,P Vastrakar,TT Beaumont,4,0,4
England,11,HC Knight,P Vastrakar,TT Beaumont,1,0,1
England,12,HC Knight,H Kaur,TT Beaumont,4,0,4
England,12,HC Knight,H Kaur,TT Beaumont,0,0,0
England,12,HC Knight,H Kaur,TT Beaumont,1,0,1
England,12,TT Beaumont,H Kaur,HC Knight,4,0,4
England,12,TT Beaumont,H Kaur,HC Knight,0,0,0
England,12,TT Beaumont,H Kaur,HC Knight,1,0,1
England,13,TT Beaumont,DB Sharma,HC Knight,1,0,1
England,13,HC Knight,DB Sharma,TT Beaumont,4,0,4
England,13,HC Knight,DB Sharma,TT Beaumont,1,0,1
England,13,TT Beaumont,DB Sharma,HC Knight,0,0,0
England,13,TT Beaumont,DB Sharma,HC Knight,2,0,2
England,13,TT Beaumont,DB Sharma,HC Knight,6,0,6
England,14,HC Knight,RP Yadav,TT Beaumont,1,0,1
England,14,TT Beaumont,RP Yadav,HC Knight,4,0,4
England,14,TT Beaumont,RP Yadav,HC Knight,0,0,0
England,14,TT Beaumont,RP Yadav,HC Knight,0,0,0
England,14,TT Beaumont,RP Yadav,HC Knight,4,0,4
England,14,TT Beaumont,RP Yadav,HC Knight,1,0,1
England,15,TT Beaumont,RS Gayakwad,HC Knight,2,0,2
England,15,TT Beaumont,RS Gayakwad,HC Knight,0,0,0
England,15,TT Beaumont,RS Gayakwad,HC Knight,0,0,0
England,15,TT Beaumont,RS Gayakwad,HC Knight,1,0,1
England,15,HC Knight,RS Gayakwad,TT Beaumont,0,0,0
England,15,HC Knight,RS Gayakwad,TT Beaumont,1,0,1
England,16,HC Knight,RP Yadav,TT Beaumont,4,0,4
England,16,HC Knight,RP Yadav,TT Beaumont,1,0,1
England,16,TT Beaumont,RP Yadav,HC Knight,0,0,0
England,16,TT Beaumont,RP Yadav,HC Knight,1,0,1
England,16,HC Knight,RP Yadav,TT Beaumont,4,0,4
England,16,HC Knight,RP Yadav,TT Beaumont,2,0,2
England,17,TT Beaumont,S Pandey,HC Knight,1,0,1
England,17,HC Knight,S Pandey,TT Beaumont,6,0,6
England,17,HC Knight,S Pandey,TT Beaumont,0,0,0
England,17,TT Beaumont,S Pandey,KH Brunt,4,0,4
England,17,TT Beaumont,S Pandey,KH Brunt,2,0,2
England,17,TT Beaumont,S Pandey,KH Brunt,2,0,2
England,18,KH Brunt,DB Sharma,TT Beaumont,1,0,1
England,18,TT Beaumont,DB Sharma,KH Brunt,0,0,0
England,18,L Winfield,DB Sharma,KH Brunt,1,0,1
England,18,KH Brunt,DB Sharma,L Winfield,1,0,1
England,18,L Winfield,DB Sharma,KH Brunt,1,0,1
England,18,KH Brunt,DB Sharma,L Winfield,0,0,0
England,19,A Shrubsole,RS Gayakwad,L Winfield,1,0,1
England,19,L Winfield,RS Gayakwad,A Shrubsole,0,0,0
England,19,L Winfield,RS Gayakwad,A Shrubsole,2,0,2
England,19,L Winfield,RS Gayakwad,A Shrubsole,2,0,2
England,19,L Winfield,RS Gayakwad,A Shrubsole,0,0,0
England,19,L Winfield,RS Gayakwad,A Shrubsole,2,0,2
India,0,Shafali Verma,S Ecclestone,S Mandhana,2,0,2
India,0,Shafali Verma,S Ecclestone,S Mandhana,0,0,0
India,0,Shafali Verma,S Ecclestone,S Mandhana,0,0,0
India,0,Shafali Verma,S Ecclestone,S Mandhana,0,0,0
India,0,Shafali Verma,S Ecclestone,S Mandhana,0,0,0
India,0,Shafali Verma,S Ecclestone,S Mandhana,4,0,4
India,1,S Mandhana,KH Brunt,Shafali Verma,0,0,0
India,1,S Mandhana,KH Brunt,Shafali Verma,4,0,4
India,1,S Mandhana,KH Brunt,Shafali Verma,4,0,4
India,1,S Mandhana,KH Brunt,Shafali Verma,1,1,2
India,1,Shafali Verma,KH Brunt,S Mandhana,1,0,1
India,1,S Mandhana,KH Brunt,Shafali Verma,4,0,4
India,1,S Mandhana,KH Brunt,Shafali Verma,1,0,1
India,2,S Mandhana,A Shrubsole,Shafali Verma,1,0,1
India,2,Shafali Verma,A Shrubsole,S Mandhana,0,0,0
India,2,Shafali Verma,A Shrubsole,S Mandhana,2,0,2
India,2,Shafali Verma,A Shrubsole,S Mandhana,1,0,1
India,2,S Mandhana,A Shrubsole,Shafali Verma,0,0,0
India,2,S Mandhana,A Shrubsole,Shafali Verma,0,0,0
India,3,Shafali Verma,NR Sciver,S Mandhana,1,0,1
India,3,S Mandhana,NR Sciver,Shafali Verma,0,0,0
India,3,Shafali Verma,NR Sciver,JI Rodrigues,2,0,2
India,3,Shafali Verma,NR Sciver,JI Rodrigues,4,0,4
India,3,Shafali Verma,NR Sciver,JI Rodrigues,0,0,0
India,3,Shafali Verma,NR Sciver,JI Rodrigues,4,0,4
India,4,JI Rodrigues,A Shrubsole,Shafali Verma,0,0,0
India,4,JI Rodrigues,A Shrubsole,Shafali Verma,1,0,1
India,4,Shafali Verma,A Shrubsole,JI Rodrigues,1,1,2
India,4,JI Rodrigues,A Shrubsole,Shafali Verma,1,0,1
India,4,Shafali Verma,A Shrubsole,JI Rodrigues,4,0,4
India,4,Shafali Verma,A Shrubsole,JI Rodrigues,0,0,0
India,4,Shafali Verma,A Shrubsole,JI Rodrigues,1,0,1
India,5,Shafali Verma,S Ecclestone,JI Rodrigues,1,0,1
India,5,JI Rodrigues,S Ecclestone,Shafali Verma,0,0,0
India,5,JI Rodrigues,S Ecclestone,Shafali Verma,4,0,4
India,5,JI Rodrigues,S Ecclestone,Shafali Verma,0,0,0
India,5,JI Rodrigues,S Ecclestone,Shafali Verma,1,0,1
India,5,Shafali Verma,S Ecclestone,JI Rodrigues,0,0,0
India,6,JI Rodrigues,S Glenn,Shafali Verma,0,0,0
India,6,JI Rodrigues,S Glenn,Shafali Verma,4,0,4
India,6,JI Rodrigues,S Glenn,Shafali Verma,4,0,4
India,6,JI Rodrigues,S Glenn,Shafali Verma,1,0,1
India,6,Shafali Verma,S Glenn,JI Rodrigues,0,0,0
India,6,Shafali Verma,S Glenn,JI Rodrigues,1,0,1
India,7,Shafali Verma,HC Knight,JI Rodrigues,1,0,1
India,7,JI Rodrigues,HC Knight,Shafali Verma,1,0,1
India,7,Shafali Verma,HC Knight,JI Rodrigues,0,0,0
India,7,JI Rodrigues,HC Knight,H Kaur,0,0,0
India,7,JI Rodrigues,HC Knight,H Kaur,1,0,1
India,7,H Kaur,HC Knight,JI Rodrigues,0,0,0
India,8,JI Rodrigues,S Glenn,H Kaur,1,0,1
India,8,H Kaur,S Glenn,JI Rodrigues,0,1,1
India,8,H Kaur,S Glenn,JI Rodrigues,0,0,0
India,8,H Kaur,S Glenn,JI Rodrigues,0,0,0
India,8,H Kaur,S Glenn,JI Rodrigues,0,0,0
India,8,H Kaur,S Glenn,JI Rodrigues,1,0,1
India,8,JI Rodrigues,S Glenn,H Kaur,4,0,4
India,9,H Kaur,HC Knight,JI Rodrigues,2,0,2
India,9,H Kaur,HC Knight,JI Rodrigues,0,0,0
India,9,H Kaur,HC Knight,JI Rodrigues,1,0,1
India,9,JI Rodrigues,HC Knight,H Kaur,1,0,1
India,9,H Kaur,HC Knight,JI Rodrigues,0,0,0
India,9,H Kaur,HC Knight,JI Rodrigues,4,0,4
India,10,JI Rodrigues,KH Brunt,H Kaur,2,0,2
India,10,JI Rodrigues,KH Brunt,H Kaur,0,0,0
India,10,JI Rodrigues,KH Brunt,H Kaur,0,0,0
India,10,V Krishnamurthy,KH Brunt,H Kaur,0,0,0
India,10,V Krishnamurthy,KH Brunt,H Kaur,0,1,1
India,10,V Krishnamurthy,KH Brunt,H Kaur,1,0,1
India,10,H Kaur,KH Brunt,V Krishnamurthy,1,0,1
India,11,H Kaur,NR Sciver,V Krishnamurthy,1,0,1
India,11,V Krishnamurthy,NR Sciver,H Kaur,0,0,0
India,11,V Krishnamurthy,NR Sciver,H Kaur,1,0,1
India,11,H Kaur,NR Sciver,V Krishnamurthy,1,0,1
India,11,V Krishnamurthy,NR Sciver,H Kaur,1,0,1
India,11,H Kaur,NR Sciver,V Krishnamurthy,0,0,0
India,12,V Krishnamurthy,S Glenn,H Kaur,1,0,1
India,12,H Kaur,S Glenn,V Krishnamurthy,0,0,0
India,12,H Kaur,S Glenn,V Krishnamurthy,4,0,4
India,12,H Kaur,S Glenn,V Krishnamurthy,0,0,0
India,12,H Kaur,S Glenn,V Krishnamurthy,0,0,0
India,12,H Kaur,S Glenn,V Krishnamurthy,4,0,4
India,13,V Krishnamurthy,HC Knight,H Kaur,1,0,1
India,13,H Kaur,HC Knight,V Krishnamurthy,1,0,1
India,13,V Krishnamurthy,HC Knight,H Kaur,1,0,1
India,13,H Kaur,HC Knight,V Krishnamurthy,1,0,1
India,13,V Krishnamurthy,HC Knight,H Kaur,1,0,1
India,13,H Kaur,HC Knight,V Krishnamurthy,4,0,4
India,14,V Krishnamurthy,S Ecclestone,H Kaur,0,0,0
India,14,T Bhatia,S Ecclestone,H Kaur,1,0,1
India,14,H Kaur,S Ecclestone,T Bhatia,0,0,0
India,14,H Kaur,S Ecclestone,T Bhatia,1,0,1
India,14,T Bhatia,S Ecclestone,H Kaur,1,0,1
India,14,H Kaur,S Ecclestone,T Bhatia,0,0,0
India,15,T Bhatia,NR Sciver,H Kaur,0,0,0
India,15,T Bhatia,NR Sciver,H Kaur,1,0,1
India,15,H Kaur,NR Sciver,T Bhatia,1,0,1
India,15,T Bhatia,NR Sciver,H Kaur,0,1,1
India,15,T Bhatia,NR Sciver,H Kaur,2,0,2
India,15,T Bhatia,NR Sciver,H Kaur,2,0,2
India,15,T Bhatia,NR Sciver,H Kaur,1,0,1
India,16,T Bhatia,KH Brunt,H Kaur,1,0,1
India,16,H Kaur,KH Brunt,T Bhatia,1,0,1
India,16,T Bhatia,KH Brunt,H Kaur,0,0,0
India,16,T Bhatia,KH Brunt,H Kaur,2,0,2
India,16,T Bhatia,KH Brunt,H Kaur,0,0,0
India,16,T Bhatia,KH Brunt,H Kaur,0,0,0
India,17,DB Sharma,S Ecclestone,H Kaur,1,0,1
India,17,H Kaur,S Ecclestone,DB Sharma,1,0,1
India,17,DB Sharma,S Ecclestone,H Kaur,0,0,0
India,17,DB Sharma,S Ecclestone,H Kaur,2,0,2
India,17,DB Sharma,S Ecclestone,H Kaur,4,0,4
India,17,DB Sharma,S Ecclestone,H Kaur,1,0,1
India,18,DB Sharma,NR Sciver,H Kaur,1,0,1
India,18,H Kaur,NR Sciver,DB Sharma,4,0,4
India,18,H Kaur,NR Sciver,DB Sharma,0,0,0
India,18,H Kaur,NR Sciver,DB Sharma,0,0,0
India,18,H Kaur,NR Sciver,DB Sharma,2,0,2
India,18,H Kaur,NR Sciver,DB Sharma,0,2,2
India,18,DB Sharma,NR Sciver,H Kaur,2,0,2
India,19,H Kaur,KH Brunt,DB Sharma,1,0,1
India,19,DB Sharma,KH Brunt,H Kaur,1,0,1
India,19,H Kaur,KH Brunt,DB Sharma,6,0,6
