Team,Over,Batter,Bowler,Non_Striker,Batter_Runs,Extras,Total_Runs
Australia,0,AJ Healy,KH Brunt,BL Mooney,0,0,0
Australia,0,AJ Healy,KH Brunt,BL Mooney,0,0,0
Australia,0,AJ Healy,KH Brunt,BL Mooney,1,0,1
Australia,0,BL Mooney,KH Brunt,AJ Healy,1,0,1
Australia,0,AJ Healy,KH Brunt,BL Mooney,0,0,0
Australia,0,BL Mooney,KH Brunt,A Gardner,0,0,0
Australia,1,A Gardner,NR Sciver,BL Mooney,1,0,1
Australia,1,BL Mooney,NR Sciver,A Gardner,0,0,0
Australia,1,BL Mooney,NR Sciver,A Gardner,1,0,1
Australia,1,A Gardner,NR Sciver,BL Mooney,4,0,4
Australia,1,A Gardner,NR Sciver,BL Mooney,0,0,0
Australia,1,A Gardner,NR Sciver,BL Mooney,1,0,1
Australia,2,A Gardner,KH Brunt,BL Mooney,1,0,1
Australia,2,BL Mooney,KH Brunt,A Gardner,1,0,1
Australia,2,A Gardner,KH Brunt,BL Mooney,0,0,0
Australia,2,A Gardner,KH Brunt,BL Mooney,0,0,0
Australia,2,A Gardner,KH Brunt,BL Mooney,0,0,0
Australia,2,A Gardner,KH Brunt,BL Mooney,1,0,1
Australia,3,A Gardner,S Ecclestone,BL Mooney,1,0,1
Australia,3,BL Mooney,S Ecclestone,A Gardner,1,0,1
Australia,3,A Gardner,S Ecclestone,BL Mooney,1,0,1
Australia,3,BL Mooney,S Ecclestone,A Gardner,1,0,1
Australia,3,A Gardner,S Ecclestone,BL Mooney,0,0,0
Australia,3,MM Lanning,S Ecclestone,BL Mooney,0,0,0
Australia,4,BL Mooney,A Shrubsole,MM Lanning,0,0,0
Australia,4,BL Mooney,A Shrubsole,MM Lanning,4,0,4
Australia,4,BL Mooney,A Shrubsole,MM Lanning,0,1,1
Australia,4,BL Mooney,A Shrubsole,MM Lanning,4,0,4
Australia,4,BL Mooney,A Shrubsole,MM Lanning,1,0,1
Australia,4,MM Lanning,A Shrubsole,BL Mooney,0,1,1
Australia,4,MM Lanning,A Shrubsole,BL Mooney,0,0,0
Australia,4,MM Lanning,A Shrubsole,BL Mooney,0,0,0
Australia,5,BL Mooney,S Ecclestone,MM Lanning,1,0,1
Australia,5,MM Lanning,S Ecclestone,BL Mooney,0,0,0
Australia,5,MM Lanning,S Ecclestone,BL Mooney,2,0,2
Australia,5,MM Lanning,S Ecclestone,BL Mooney,0,0,0
Australia,5,MM Lanning,S Ecclestone,BL Mooney,0,0,0
Australia,5,MM Lanning,S Ecclestone,BL Mooney,0,0,0
Australia,6,BL Mooney,NR Sciver,MM Lanning,1,0,1
Australia,6,MM Lanning,NR Sciver,BL Mooney,1,0,1
Australia,6,BL Mooney,NR Sciver,MM Lanning,0,0,0
Australia,6,BL Mooney,NR Sciver,MM Lanning,1,0,1
Australia,6,MM Lanning,NR Sciver,BL Mooney,1,0,1
Australia,6,BL Mooney,NR Sciver,MM Lanning,1,0,1
Australia,7,BL Mooney,S Glenn,MM Lanning,2,0,2
Australia,7,BL Mooney,S Glenn,MM Lanning,1,0,1
Australia,7,MM Lanning,S Glenn,BL Mooney,1,0,1
Australia,7,BL Mooney,S Glenn,MM Lanning,0,0,0
Australia,7,BL Mooney,S Glenn,MM Lanning,1,0,1
Australia,7,MM Lanning,S Glenn,BL Mooney,0,0,0
Australia,8,BL Mooney,A Shrubsole,MM Lanning,4,0,4
Australia,8,BL Mooney,A Shrubsole,MM Lanning,1,0,1
Australia,8,MM Lanning,A Shrubsole,BL Mooney,0,0,0
Australia,8,MM Lanning,A Shrubsole,BL Mooney,6,0,6
Australia,8,MM Lanning,A Shrubsole,BL Mooney,1,0,1
Australia,8,BL Mooney,A Shrubsole,MM Lanning,1,0,1
Australia,9,BL Mooney,S Glenn,MM Lanning,1,0,1
Australia,9,MM Lanning,S Glenn,BL Mooney,0,0,0
Australia,9,EA Perry,S Glenn,BL Mooney,0,0,0
Australia,9,EA Perry,S Glenn,BL Mooney,0,0,0
Australia,9,EA Perry,S Glenn,BL Mooney,0,0,0
Australia,9,EA Perry,S Glenn,BL Mooney,0,0,0
Australia,10,BL Mooney,KH Brunt,EA Perry,0,0,0
Australia,10,BL Mooney,KH Brunt,EA Perry,4,0,4
Australia,10,BL Mooney,KH Brunt,EA Perry,1,0,1
Australia,10,EA Perry,KH Brunt,BL Mooney,0,0,0
Australia,10,EA Perry,KH Brunt,BL Mooney,1,0,1
Australia,10,BL Mooney,KH Brunt,EA Perry,4,0,4
Australia,11,EA Perry,HC Knight,BL Mooney,4,0,4
Australia,11,EA Perry,HC Knight,BL Mooney,4,0,4
Australia,11,EA Perry,HC Knight,BL Mooney,1,0,1
Australia,11,BL Mooney,HC Knight,EA Perry,0,0,0
Australia,11,BL Mooney,HC Knight,EA Perry,4,0,4
Australia,11,BL Mooney,HC Knight,EA Perry,1,0,1
Australia,12,BL Mooney,S Ecclestone,EA Perry,0,0,0
Australia,12,BL Mooney,S Ecclestone,EA Perry,1,0,1
Australia,12,EA Perry,S Ecclestone,BL Mooney,0,0,0
Australia,12,EA Perry,S Ecclestone,BL Mooney,0,0,0
Australia,12,EA Perry,S Ecclestone,BL Mooney,0,0,0
Australia,12,RL Haynes,S Ecclestone,BL Mooney,1,0,1
Australia,13,RL Haynes,S Glenn,BL Mooney,1,0,1
Australia,13,BL Mooney,S Glenn,RL Haynes,1,0,1
Australia,13,RL Haynes,S Glenn,BL Mooney,0,0,0
Australia,13,RL Haynes,S Glenn,BL Mooney,2,0,2
Australia,13,RL Haynes,S Glenn,BL Mooney,0,2,2
Australia,13,BL Mooney,S Glenn,RL Haynes,1,0,1
Australia,13,RL Haynes,S Glenn,BL Mooney,1,0,1
Australia,14,RL Haynes,NR Sciver,BL Mooney,1,0,1
Australia,14,BL Mooney,NR Sciver,RL Haynes,1,0,1
Australia,14,RL Haynes,NR Sciver,BL Mooney,0,0,0
Australia,14,RL Haynes,NR Sciver,BL Mooney,1,0,1
Australia,14,BL Mooney,NR Sciver,RL Haynes,1,0,1
Australia,14,RL Haynes,NR Sciver,BL Mooney,0,0,0
Australia,15,BL Mooney,S Glenn,RL Haynes,1,0,1
Australia,15,RL Haynes,S Glenn,BL Mooney,0,0,0
Australia,15,RL Haynes,S Glenn,BL Mooney,1,0,1
Australia,15,BL Mooney,S Glenn,RL Haynes,1,0,1
Australia,15,RL Haynes,S Glenn,BL Mooney,1,0,1
Australia,15,BL Mooney,S Glenn,RL Haynes,0,0,0
Australia,16,RL Haynes,A Shrubsole,S Molineux,1,0,1
Australia,16,S Molineux,A Shrubsole,RL Haynes,0,0,0
Australia,16,S Molineux,A Shrubsole,RL Haynes,1,0,1
Australia,16,RL Haynes,A Shrubsole,S Molineux,0,1,1
Australia,16,RL Haynes,A Shrubsole,S Molineux,6,0,6
Australia,16,RL Haynes,A Shrubsole,S Molineux,1,0,1
Australia,16,S Molineux,A Shrubsole,RL Haynes,1,0,1
Australia,17,S Molineux,S Ecclestone,RL Haynes,1,0,1
Australia,17,RL Haynes,S Ecclestone,S Molineux,4,0,4
Australia,17,RL Haynes,S Ecclestone,S Molineux,0,0,0
Australia,17,RL Haynes,S Ecclestone,S Molineux,1,0,1
Australia,17,S Molineux,S Ecclestone,RL Haynes,4,0,4
Australia,17,S Molineux,S Ecclestone,RL Haynes,0,0,0
Australia,18,RL Haynes,NR Sciver,S Molineux,2,0,2
Australia,18,RL Haynes,NR Sciver,S Molineux,0,0,0
Australia,18,RL Haynes,NR Sciver,S Molineux,0,0,0
Australia,18,NJ Carey,NR Sciver,S Molineux,1,0,1
Australia,18,S Molineux,NR Sciver,NJ Carey,2,0,2
Australia,18,S Molineux,NR Sciver,NJ Carey,1,0,1
Australia,19,S Molineux,KH Brunt,NJ Carey,1,0,1
Australia,19,JL Jonassen,KH Brunt,NJ Carey,0,0,0
Australia,19,JL Jonassen,KH Brunt,NJ Carey,0,1,1
Australia,19,JL Jonassen,KH Brunt,NJ Carey,1,0,1
Australia,19,NJ Carey,KH Brunt,JL Jonassen,1,0,1
Australia,19,JL Jonassen,KH Brunt,NJ Carey,4,0,4
Australia,19,JL Jonassen,KH Brunt,NJ Carey,1,0,1
England,0,AE Jones,ML Schutt,DN Wyatt,1,0,1
England,0,DN Wyatt,ML Schutt,AE Jones,0,0,0
England,0,DN Wyatt,ML Schutt,AE Jones,0,1,1
England,0,DN Wyatt,ML Schutt,AE Jones,1,0,1
England,0,AE Jones,ML Schutt,DN Wyatt,0,0,0
England,0,AE Jones,ML Schutt,DN Wyatt,1,0,1
England,0,DN Wyatt,ML Schutt,AE Jones,0,0,0
England,1,AE Jones,EA Perry,DN Wyatt,0,0,0
England,1,AE Jones,EA Perry,DN Wyatt,1,0,1
England,1,DN Wyatt,EA Perry,AE Jones,4,0,4
England,1,DN Wyatt,EA Perry,AE Jones,0,0,0
England,1,DN Wyatt,EA Perry,AE Jones,1,0,1
England,1,AE Jones,EA Perry,DN Wyatt,0,0,0
England,2,DN Wyatt,ML Schutt,AE Jones,4,0,4
England,2,DN Wyatt,ML Schutt,AE Jones,0,0,0
England,2,DN Wyatt,ML Schutt,AE Jones,0,0,0
England,2,DN Wyatt,ML Schutt,AE Jones,1,0,1
England,2,AE Jones,ML Schutt,DN Wyatt,0,0,0
England,2,AE Jones,ML Schutt,DN Wyatt,0,4,4
England,3,DN Wyatt,TJ Vlaeminck,AE Jones,0,1,1
England,3,DN Wyatt,TJ Vlaeminck,AE Jones,0,0,0
England,3,DN Wyatt,TJ Vlaeminck,AE Jones,0,0,0
England,3,DN Wyatt,TJ Vlaeminck,AE Jones,0,0,0
England,3,DN Wyatt,TJ Vlaeminck,AE Jones,0,0,0
England,3,DN Wyatt,TJ Vlaeminck,AE Jones,0,1,1
England,3,DN Wyatt,TJ Vlaeminck,AE Jones,0,0,0
England,3,NR Sciver,TJ Vlaeminck,AE Jones,0,0,0
England,4,AE Jones,EA Perry,NR Sciver,0,0,0
England,4,AE Jones,EA Perry,NR Sciver,1,0,1
England,4,NR Sciver,EA Perry,AE Jones,4,0,4
England,4,NR Sciver,EA Perry,AE Jones,0,0,0
England,4,NR Sciver,EA Perry,AE Jones,4,0,4
England,4,NR Sciver,EA Perry,AE Jones,2,0,2
England,5,AE Jones,TJ Vlaeminck,NR Sciver,0,1,1
England,5,AE Jones,TJ Vlaeminck,NR Sciver,0,0,0
England,5,AE Jones,TJ Vlaeminck,NR Sciver,4,0,4
England,5,AE Jones,TJ Vlaeminck,NR Sciver,0,0,0
England,5,AE Jones,TJ Vlaeminck,NR Sciver,1,0,1
England,5,NR Sciver,TJ Vlaeminck,AE Jones,0,1,1
England,5,AE Jones,TJ Vlaeminck,NR Sciver,0,0,0
England,6,NR Sciver,NJ Carey,HC Knight,1,0,1
England,6,HC Knight,NJ Carey,NR Sciver,1,0,1
England,6,NR Sciver,NJ Carey,HC Knight,1,0,1
England,6,HC Knight,NJ Carey,NR Sciver,1,0,1
England,6,NR Sciver,NJ Carey,HC Knight,0,0,0
England,6,NR Sciver,NJ Carey,HC Knight,4,0,4
England,7,HC Knight,TJ Vlaeminck,NR Sciver,4,0,4
England,7,HC Knight,TJ Vlaeminck,NR Sciver,0,0,0
England,7,HC Knight,TJ Vlaeminck,NR Sciver,0,0,0
England,7,HC Knight,TJ Vlaeminck,NR Sciver,0,0,0
England,7,HC Knight,TJ Vlaeminck,NR Sciver,0,0,0
England,7,HC Knight,TJ Vlaeminck,NR Sciver,1,0,1
England,8,HC Knight,S Molineux,NR Sciver,1,0,1
England,8,NR Sciver,S Molineux,HC Knight,0,0,0
England,8,NR Sciver,S Molineux,HC Knight,0,0,0
England,8,HC Knight,S Molineux,FC Wilson,1,0,1
England,8,FC Wilson,S Molineux,HC Knight,0,0,0
England,8,FC Wilson,S Molineux,HC Knight,0,1,1
England,8,FC Wilson,S Molineux,HC Knight,0,0,0
England,9,HC Knight,TJ Vlaeminck,FC Wilson,1,0,1
England,9,FC Wilson,TJ Vlaeminck,HC Knight,1,0,1
England,9,HC Knight,TJ Vlaeminck,FC Wilson,0,0,0
England,9,HC Knight,TJ Vlaeminck,FC Wilson,2,0,2
England,9,HC Knight,TJ Vlaeminck,FC Wilson,0,0,0
England,9,HC Knight,TJ Vlaeminck,FC Wilson,1,0,1
England,10,HC Knight,S Molineux,FC Wilson,0,0,0
England,10,TT Beaumont,S Molineux,FC Wilson,1,0,1
England,10,FC Wilson,S Molineux,TT Beaumont,1,0,1
England,10,TT Beaumont,S Molineux,FC Wilson,1,0,1
England,10,FC Wilson,S Molineux,TT Beaumont,0,0,0
England,10,FC Wilson,S Molineux,TT Beaumont,0,0,0
England,11,TT Beaumont,JL Jonassen,FC Wilson,2,0,2
England,11,TT Beaumont,JL Jonassen,FC Wilson,0,0,0
England,11,TT Beaumont,JL Jonassen,FC Wilson,1,0,1
England,11,FC Wilson,JL Jonassen,TT Beaumont,0,0,0
England,11,KH Brunt,JL Jonassen,TT Beaumont,0,0,0
England,11,KH Brunt,JL Jonassen,TT Beaumont,2,0,2
England,12,TT Beaumont,S Molineux,KH Brunt,0,0,0
England,12,TT Beaumont,S Molineux,KH Brunt,0,0,0
England,12,TT Beaumont,S Molineux,KH Brunt,1,0,1
England,12,KH Brunt,S Molineux,TT Beaumont,1,0,1
England,12,TT Beaumont,S Molineux,KH Brunt,0,0,0
England,12,L Winfield,S Molineux,KH Brunt,0,0,0
England,13,KH Brunt,JL Jonassen,L Winfield,0,1,1
England,13,KH Brunt,JL Jonassen,L Winfield,1,0,1
England,13,L Winfield,JL Jonassen,KH Brunt,0,0,0
England,13,L Winfield,JL Jonassen,KH Brunt,0,0,0
England,13,L Winfield,JL Jonassen,KH Brunt,0,0,0
England,13,L Winfield,JL Jonassen,KH Brunt,0,0,0
England,13,L Winfield,JL Jonassen,KH Brunt,1,0,1
England,14,L Winfield,S Molineux,KH Brunt,1,0,1
England,14,KH Brunt,S Molineux,L Winfield,4,0,4
England,14,KH Brunt,S Molineux,L Winfield,1,0,1
England,14,L Winfield,S Molineux,KH Brunt,0,0,0
England,14,L Winfield,S Molineux,KH Brunt,4,0,4
England,14,L Winfield,S Molineux,KH Brunt,1,0,1
England,15,L Winfield,ML Schutt,KH Brunt,2,0,2
England,15,L Winfield,ML Schutt,KH Brunt,1,0,1
England,15,KH Brunt,ML Schutt,L Winfield,0,1,1
England,15,L Winfield,ML Schutt,KH Brunt,1,0,1
England,15,KH Brunt,ML Schutt,L Winfield,1,0,1
England,15,L Winfield,ML Schutt,KH Brunt,0,0,0
England,16,KH Brunt,NJ Carey,L Winfield,1,0,1
England,16,L Winfield,NJ Carey,KH Brunt,4,0,4
England,16,L Winfield,NJ Carey,KH Brunt,1,0,1
England,16,KH Brunt,NJ Carey,L Winfield,0,0,0
England,16,KH Brunt,NJ Carey,L Winfield,1,0,1
England,16,L Winfield,NJ Carey,KH Brunt,1,0,1
England,17,L Winfield,JL Jonassen,KH Brunt,1,0,1
England,17,KH Brunt,JL Jonassen,L Winfield,1,0,1
England,17,L Winfield,JL Jonassen,KH Brunt,1,0,1
England,17,KH Brunt,JL Jonassen,L Winfield,1,0,1
England,17,L Winfield,JL Jonassen,KH Brunt,0,0,0
England,17,L Winfield,JL Jonassen,KH Brunt,0,0,0
England,18,KH Brunt,ML Schutt,L Winfield,1,0,1
England,18,L Winfield,ML Schutt,KH Brunt,0,0,0
England,18,L Winfield,ML Schutt,KH Brunt,4,0,4
England,18,L Winfield,ML Schutt,KH Brunt,0,0,0
England,18,A Shrubsole,ML Schutt,KH Brunt,0,0,0
England,18,A Shrubsole,ML Schutt,KH Brunt,0,0,0
England,19,KH Brunt,JL Jonassen,A Shrubsole,0,0,0
England,19,KH Brunt,JL Jonassen,A Shrubsole,1,0,1
England,19,A Shrubsole,JL Jonassen,KH Brunt,1,0,1
England,19,KH Brunt,JL Jonassen,A Shrubsole,2,0,2
England,19,KH Brunt,JL Jonassen,A Shrubsole,4,0,4
England,19,KH Brunt,JL Jonassen,A Shrubsole,1,0,1
