Team,Over,Batter,Bowler,Non_Striker,Batter_Runs,Extras,Total_Runs
England,0,AE Jones,EA Perry,DN Wyatt,0,0,0
England,0,AE Jones,EA Perry,DN Wyatt,0,0,0
England,0,AE Jones,EA Perry,DN Wyatt,0,0,0
England,0,AE Jones,EA Perry,DN Wyatt,4,0,4
England,0,AE Jones,EA Perry,DN Wyatt,0,0,0
England,0,AE Jones,EA Perry,DN Wyatt,0,0,0
England,1,DN Wyatt,ML Schutt,AE Jones,0,0,0
England,1,DN Wyatt,ML Schutt,AE Jones,0,0,0
England,1,DN Wyatt,ML Schutt,AE Jones,4,0,4
England,1,DN Wyatt,ML Schutt,AE Jones,4,0,4
England,1,DN Wyatt,ML Schutt,AE Jones,0,0,0
England,1,DN Wyatt,ML Schutt,AE Jones,0,0,0
England,2,AE Jones,EA Perry,DN Wyatt,0,1,1
England,2,DN Wyatt,EA Perry,AE Jones,0,0,0
England,2,DN Wyatt,EA Perry,AE Jones,0,0,0
England,2,DN Wyatt,EA Perry,AE Jones,1,0,1
England,2,AE Jones,EA Perry,DN Wyatt,0,0,0
England,2,AE Jones,EA Perry,DN Wyatt,0,0,0
England,3,DN Wyatt,A Sutherland,AE Jones,0,1,1
England,3,AE Jones,A Sutherland,DN Wyatt,0,0,0
England,3,AE Jones,A Sutherland,DN Wyatt,1,0,1
England,3,DN Wyatt,A Sutherland,AE Jones,4,0,4
England,3,DN Wyatt,A Sutherland,AE Jones,4,0,4
England,3,DN Wyatt,A Sutherland,AE Jones,0,1,1
England,3,DN Wyatt,A Sutherland,AE Jones,0,0,0
England,4,AE Jones,EA Perry,DN Wyatt,0,0,0
England,4,AE Jones,EA Perry,DN Wyatt,0,0,0
England,4,AE Jones,EA Perry,DN Wyatt,0,0,0
England,4,AE Jones,EA Perry,DN Wyatt,0,0,0
England,4,AE Jones,EA Perry,DN Wyatt,1,0,1
England,4,DN Wyatt,EA Perry,AE Jones,0,0,0
England,5,AE Jones,ML Schutt,NR Sciver,0,0,0
England,5,AE Jones,ML Schutt,NR Sciver,1,0,1
England,5,NR Sciver,ML Schutt,AE Jones,0,0,0
England,5,NR Sciver,ML Schutt,AE Jones,1,0,1
England,5,AE Jones,ML Schutt,NR Sciver,0,0,0
England,5,AE Jones,ML Schutt,NR Sciver,1,0,1
England,6,AE Jones,EA Perry,NR Sciver,0,0,0
England,6,AE Jones,EA Perry,NR Sciver,1,0,1
England,6,NR Sciver,EA Perry,AE Jones,0,0,0
England,6,NR Sciver,EA Perry,AE Jones,1,0,1
England,6,AE Jones,EA Perry,NR Sciver,1,0,1
England,6,NR Sciver,EA Perry,AE Jones,0,0,0
England,7,AE Jones,DM Kimmince,NR Sciver,0,0,0
England,7,NR Sciver,DM Kimmince,HC Knight,1,0,1
England,7,HC Knight,DM Kimmince,NR Sciver,1,0,1
England,7,NR Sciver,DM Kimmince,HC Knight,1,0,1
England,7,HC Knight,DM Kimmince,NR Sciver,0,0,0
England,7,HC Knight,DM Kimmince,NR Sciver,1,0,1
England,8,HC Knight,G Wareham,NR Sciver,2,0,2
England,8,HC Knight,G Wareham,NR Sciver,0,0,0
England,8,HC Knight,G Wareham,NR Sciver,1,0,1
England,8,NR Sciver,G Wareham,HC Knight,0,0,0
England,8,NR Sciver,G Wareham,HC Knight,0,0,0
England,8,HC Knight,G Wareham,FC Wilson,0,0,0
England,9,FC Wilson,JL Jonassen,HC Knight,0,0,0
England,9,FC Wilson,JL Jonassen,HC Knight,0,0,0
England,9,FC Wilson,JL Jonassen,HC Knight,0,0,0
England,9,FC Wilson,JL Jonassen,HC Knight,1,0,1
England,9,HC Knight,JL Jonassen,FC Wilson,0,0,0
England,9,HC Knight,JL Jonassen,FC Wilson,1,0,1
England,10,HC Knight,G Wareham,FC Wilson,0,1,1
England,10,HC Knight,G Wareham,FC Wilson,4,0,4
England,10,HC Knight,G Wareham,FC Wilson,0,2,2
England,10,FC Wilson,G Wareham,HC Knight,1,0,1
England,10,HC Knight,G Wareham,FC Wilson,1,0,1
England,10,FC Wilson,G Wareham,HC Knight,1,0,1
England,10,HC Knight,G Wareham,FC Wilson,0,0,0
England,10,HC Knight,G Wareham,FC Wilson,0,1,1
England,10,HC Knight,G Wareham,FC Wilson,1,0,1
England,11,HC Knight,JL Jonassen,FC Wilson,0,0,0
England,11,HC Knight,JL Jonassen,FC Wilson,1,0,1
England,11,FC Wilson,JL Jonassen,HC Knight,1,0,1
England,11,HC Knight,JL Jonassen,FC Wilson,6,0,6
England,11,HC Knight,JL Jonassen,FC Wilson,0,0,0
England,11,HC Knight,JL Jonassen,FC Wilson,1,0,1
England,12,HC Knight,DM Kimmince,FC Wilson,4,0,4
England,12,HC Knight,DM Kimmince,FC Wilson,1,0,1
England,12,FC Wilson,DM Kimmince,HC Knight,1,0,1
England,12,HC Knight,DM Kimmince,FC Wilson,1,0,1
England,12,FC Wilson,DM Kimmince,HC Knight,0,0,0
England,12,FC Wilson,DM Kimmince,HC Knight,0,0,0
England,13,HC Knight,A Sutherland,FC Wilson,1,0,1
England,13,FC Wilson,A Sutherland,HC Knight,1,0,1
England,13,HC Knight,A Sutherland,FC Wilson,4,0,4
England,13,HC Knight,A Sutherland,FC Wilson,1,0,1
England,13,FC Wilson,A Sutherland,HC Knight,0,1,1
England,13,FC Wilson,A Sutherland,HC Knight,4,0,4
England,13,FC Wilson,A Sutherland,HC Knight,1,0,1
England,14,FC Wilson,JL Jonassen,HC Knight,1,0,1
England,14,HC Knight,JL Jonassen,FC Wilson,0,0,0
England,14,HC Knight,JL Jonassen,FC Wilson,1,0,1
England,14,FC Wilson,JL Jonassen,HC Knight,1,0,1
England,14,HC Knight,JL Jonassen,FC Wilson,4,0,4
England,14,HC Knight,JL Jonassen,FC Wilson,1,0,1
England,15,HC Knight,ML Schutt,FC Wilson,1,0,1
England,15,FC Wilson,ML Schutt,HC Knight,1,0,1
England,15,HC Knight,ML Schutt,FC Wilson,1,0,1
England,15,FC Wilson,ML Schutt,HC Knight,4,0,4
England,15,FC Wilson,ML Schutt,HC Knight,1,0,1
England,15,HC Knight,ML Schutt,FC Wilson,1,0,1
England,16,HC Knight,DM Kimmince,FC Wilson,1,0,1
England,16,FC Wilson,DM Kimmince,HC Knight,4,0,4
England,16,FC Wilson,DM Kimmince,HC Knight,6,0,6
England,16,FC Wilson,DM Kimmince,HC Knight,0,0,0
England,16,FC Wilson,DM Kimmince,HC Knight,1,0,1
England,16,HC Knight,DM Kimmince,FC Wilson,4,0,4
England,17,FC Wilson,JL Jonassen,HC Knight,0,0,0
England,17,FC Wilson,JL Jonassen,HC Knight,4,0,4
England,17,FC Wilson,JL Jonassen,HC Knight,1,0,1
England,17,HC Knight,JL Jonassen,FC Wilson,1,0,1
England,17,FC Wilson,JL Jonassen,HC Knight,1,0,1
England,17,HC Knight,JL Jonassen,FC Wilson,1,0,1
England,18,HC Knight,DM Kimmince,FC Wilson,4,0,4
England,18,HC Knight,DM Kimmince,FC Wilson,4,0,4
England,18,HC Knight,DM Kimmince,FC Wilson,2,0,2
England,18,HC Knight,DM Kimmince,FC Wilson,1,0,1
England,18,FC Wilson,DM Kimmince,HC Knight,1,0,1
England,18,HC Knight,DM Kimmince,FC Wilson,1,0,1
England,19,HC Knight,ML Schutt,FC Wilson,6,0,6
England,19,HC Knight,ML Schutt,FC Wilson,2,0,2
England,19,HC Knight,ML Schutt,FC Wilson,4,0,4
England,19,HC Knight,ML Schutt,FC Wilson,6,0,6
England,19,HC Knight,ML Schutt,FC Wilson,0,0,0
England,19,FC Wilson,ML Schutt,KH Brunt,2,0,2
Australia,0,AJ Healy,KH Brunt,BL Mooney,1,0,1
Australia,0,BL Mooney,KH Brunt,AJ Healy,0,0,0
Australia,0,BL Mooney,KH Brunt,AJ Healy,0,0,0
Australia,0,BL Mooney,KH Brunt,AJ Healy,4,0,4
Australia,0,BL Mooney,KH Brunt,AJ Healy,4,0,4
Australia,0,BL Mooney,KH Brunt,AJ Healy,0,0,0
Australia,1,AJ Healy,FR Davies,BL Mooney,4,0,4
Australia,1,AJ Healy,FR Davies,BL Mooney,4,0,4
Australia,1,AJ Healy,FR Davies,BL Mooney,0,0,0
Australia,1,A Gardner,FR Davies,BL Mooney,0,0,0
Australia,1,A Gardner,FR Davies,BL Mooney,0,1,1
Australia,1,A Gardner,FR Davies,BL Mooney,0,0,0
Australia,1,A Gardner,FR Davies,BL Mooney,0,0,0
Australia,2,BL Mooney,NR Sciver,A Gardner,0,0,0
Australia,2,BL Mooney,NR Sciver,A Gardner,4,0,4
Australia,2,BL Mooney,NR Sciver,A Gardner,1,0,1
Australia,2,A Gardner,NR Sciver,BL Mooney,0,0,0
Australia,2,A Gardner,NR Sciver,BL Mooney,0,0,0
Australia,2,A Gardner,NR Sciver,BL Mooney,0,0,0
Australia,3,BL Mooney,FR Davies,A Gardner,0,0,0
Australia,3,BL Mooney,FR Davies,A Gardner,0,0,0
Australia,3,BL Mooney,FR Davies,A Gardner,4,0,4
Australia,3,BL Mooney,FR Davies,A Gardner,0,0,0
Australia,3,BL Mooney,FR Davies,A Gardner,2,0,2
Australia,3,BL Mooney,FR Davies,A Gardner,1,0,1
Australia,4,BL Mooney,S Ecclestone,A Gardner,0,0,0
Australia,4,BL Mooney,S Ecclestone,A Gardner,1,0,1
Australia,4,A Gardner,S Ecclestone,BL Mooney,0,0,0
Australia,4,A Gardner,S Ecclestone,BL Mooney,0,0,0
Australia,4,A Gardner,S Ecclestone,BL Mooney,4,0,4
Australia,4,A Gardner,S Ecclestone,BL Mooney,0,0,0
Australia,5,BL Mooney,KH Brunt,A Gardner,4,0,4
Australia,5,BL Mooney,KH Brunt,A Gardner,0,0,0
Australia,5,BL Mooney,KH Brunt,A Gardner,1,0,1
Australia,5,A Gardner,KH Brunt,BL Mooney,1,0,1
Australia,5,BL Mooney,KH Brunt,A Gardner,6,0,6
Australia,5,BL Mooney,KH Brunt,A Gardner,0,0,0
Australia,6,A Gardner,S Glenn,BL Mooney,1,0,1
Australia,6,BL Mooney,S Glenn,A Gardner,1,0,1
Australia,6,A Gardner,S Glenn,BL Mooney,0,0,0
Australia,6,A Gardner,S Glenn,BL Mooney,4,0,4
Australia,6,A Gardner,S Glenn,BL Mooney,1,0,1
Australia,6,BL Mooney,S Glenn,A Gardner,0,0,0
Australia,7,A Gardner,HC Knight,BL Mooney,1,0,1
Australia,7,BL Mooney,HC Knight,A Gardner,1,0,1
Australia,7,A Gardner,HC Knight,BL Mooney,4,0,4
Australia,7,A Gardner,HC Knight,BL Mooney,0,1,1
Australia,7,BL Mooney,HC Knight,A Gardner,2,0,2
Australia,7,BL Mooney,HC Knight,A Gardner,0,0,0
Australia,8,A Gardner,S Glenn,BL Mooney,0,0,0
Australia,8,A Gardner,S Glenn,BL Mooney,0,0,0
Australia,8,BL Mooney,S Glenn,MM Lanning,4,0,4
Australia,8,BL Mooney,S Glenn,MM Lanning,1,0,1
Australia,8,MM Lanning,S Glenn,BL Mooney,0,0,0
Australia,8,MM Lanning,S Glenn,BL Mooney,0,0,0
Australia,9,BL Mooney,S Ecclestone,MM Lanning,1,0,1
Australia,9,MM Lanning,S Ecclestone,BL Mooney,0,0,0
Australia,9,MM Lanning,S Ecclestone,BL Mooney,1,0,1
Australia,9,BL Mooney,S Ecclestone,MM Lanning,1,0,1
Australia,9,MM Lanning,S Ecclestone,BL Mooney,0,0,0
Australia,9,EA Perry,S Ecclestone,BL Mooney,0,0,0
Australia,10,BL Mooney,S Glenn,EA Perry,4,0,4
Australia,10,BL Mooney,S Glenn,EA Perry,0,0,0
Australia,10,BL Mooney,S Glenn,EA Perry,1,0,1
Australia,10,EA Perry,S Glenn,BL Mooney,1,0,1
Australia,10,BL Mooney,S Glenn,EA Perry,1,0,1
Australia,10,EA Perry,S Glenn,BL Mooney,1,0,1
Australia,11,EA Perry,NR Sciver,BL Mooney,0,0,0
Australia,11,EA Perry,NR Sciver,BL Mooney,1,0,1
Australia,11,BL Mooney,NR Sciver,EA Perry,1,0,1
Australia,11,EA Perry,NR Sciver,BL Mooney,0,0,0
Australia,11,EA Perry,NR Sciver,BL Mooney,0,0,0
Australia,11,EA Perry,NR Sciver,BL Mooney,1,0,1
Australia,12,EA Perry,FR Davies,BL Mooney,0,0,0
Australia,12,EA Perry,FR Davies,BL Mooney,0,0,0
Australia,12,EA Perry,FR Davies,BL Mooney,2,0,2
Australia,12,EA Perry,FR Davies,BL Mooney,2,0,2
Australia,12,EA Perry,FR Davies,BL Mooney,1,0,1
Australia,12,BL Mooney,FR Davies,EA Perry,2,0,2
Australia,13,EA Perry,S Ecclestone,BL Mooney,1,0,1
Australia,13,BL Mooney,S Ecclestone,EA Perry,0,0,0
Australia,13,BL Mooney,S Ecclestone,EA Perry,4,0,4
Australia,13,BL Mooney,S Ecclestone,EA Perry,1,0,1
Australia,13,EA Perry,S Ecclestone,BL Mooney,0,0,0
Australia,13,EA Perry,S Ecclestone,BL Mooney,1,0,1
Australia,14,EA Perry,S Glenn,BL Mooney,1,0,1
Australia,14,BL Mooney,S Glenn,EA Perry,1,0,1
Australia,14,EA Perry,S Glenn,BL Mooney,6,0,6
Australia,14,EA Perry,S Glenn,BL Mooney,0,0,0
Australia,14,RL Haynes,S Glenn,BL Mooney,0,0,0
Australia,14,RL Haynes,S Glenn,BL Mooney,0,0,0
Australia,15,BL Mooney,KH Brunt,JL Jonassen,1,0,1
Australia,15,JL Jonassen,KH Brunt,BL Mooney,1,0,1
Australia,15,BL Mooney,KH Brunt,JL Jonassen,1,0,1
Australia,15,JL Jonassen,KH Brunt,BL Mooney,1,0,1
Australia,15,BL Mooney,KH Brunt,JL Jonassen,4,0,4
Australia,15,BL Mooney,KH Brunt,JL Jonassen,1,0,1
Australia,16,BL Mooney,NR Sciver,JL Jonassen,0,0,0
Australia,16,A Sutherland,NR Sciver,JL Jonassen,1,0,1
Australia,16,JL Jonassen,NR Sciver,A Sutherland,0,0,0
Australia,16,A Sutherland,NR Sciver,G Wareham,1,0,1
Australia,16,G Wareham,NR Sciver,A Sutherland,2,0,2
Australia,16,G Wareham,NR Sciver,A Sutherland,0,0,0
Australia,17,A Sutherland,KH Brunt,G Wareham,4,0,4
Australia,17,A Sutherland,KH Brunt,G Wareham,4,0,4
Australia,17,A Sutherland,KH Brunt,G Wareham,4,0,4
Australia,17,A Sutherland,KH Brunt,G Wareham,1,0,1
Australia,17,G Wareham,KH Brunt,A Sutherland,4,0,4
Australia,17,G Wareham,KH Brunt,A Sutherland,0,0,0
Australia,18,A Sutherland,NR Sciver,G Wareham,0,0,0
Australia,18,A Sutherland,NR Sciver,G Wareham,4,0,4
Australia,18,A Sutherland,NR Sciver,G Wareham,1,0,1
Australia,18,G Wareham,NR Sciver,A Sutherland,0,0,0
Australia,18,DM Kimmince,NR Sciver,A Sutherland,0,0,0
Australia,18,DM Kimmince,NR Sciver,A Sutherland,6,0,6
Australia,19,A Sutherland,S Ecclestone,DM Kimmince,1,0,1
Australia,19,DM Kimmince,S Ecclestone,A Sutherland,2,0,2
Australia,19,DM Kimmince,S Ecclestone,A Sutherland,4,0,4
Australia,19,DM Kimmince,S Ecclestone,A Sutherland,1,0,1
Australia,19,A Sutherland,S Ecclestone,DM Kimmince,1,0,1
Australia,19,DM Kimmince,S Ecclestone,A Sutherland,2,0,2
Australia,0,AJ Healy,S Ecclestone,A Gardner,0,0,0
Australia,0,AJ Healy,S Ecclestone,A Gardner,2,0,2
Australia,0,AJ Healy,S Ecclestone,A Gardner,0,1,1
Australia,0,A Gardner,S Ecclestone,AJ Healy,4,0,4
Australia,0,A Gardner,S Ecclestone,AJ Healy,0,0,0
Australia,0,A Gardner,S Ecclestone,AJ Healy,1,0,1
England,0,HC Knight,EA Perry,DN Wyatt,1,0,1
England,0,DN Wyatt,EA Perry,HC Knight,1,0,1
England,0,HC Knight,EA Perry,DN Wyatt,4,0,4
England,0,HC Knight,EA Perry,DN Wyatt,4,0,4
