Team,Over,Batter,Bowler,Non_Striker,Batter_Runs,Extras,Total_Runs
India,0,Shafali Verma,NR Sciver,S Mandhana,1,0,1
India,0,S Mandhana,NR Sciver,Shafali Verma,0,0,0
India,0,S Mandhana,NR Sciver,Shafali Verma,0,0,0
India,0,S Mandhana,NR Sciver,Shafali Verma,0,0,0
India,0,S Mandhana,NR Sciver,Shafali Verma,1,0,1
India,0,Shafali Verma,NR Sciver,S Mandhana,4,0,4
India,1,S Mandhana,S Ecclestone,Shafali Verma,6,0,6
India,1,S Mandhana,S Ecclestone,Shafali Verma,1,0,1
India,1,Shafali Verma,S Ecclestone,S Mandhana,0,0,0
India,1,Shafali Verma,S Ecclestone,S Mandhana,1,0,1
India,1,S Mandhana,S Ecclestone,Shafali Verma,4,0,4
India,1,S Mandhana,S Ecclestone,Shafali Verma,0,0,0
India,2,Shafali Verma,KH Brunt,S Mandhana,1,0,1
India,2,S Mandhana,KH Brunt,Shafali Verma,0,0,0
India,2,S Mandhana,KH Brunt,Shafali Verma,4,0,4
India,2,S Mandhana,KH Brunt,Shafali Verma,0,0,0
India,2,S Mandhana,KH Brunt,Shafali Verma,1,0,1
India,2,Shafali Verma,KH Brunt,S Mandhana,0,0,0
India,3,S Mandhana,A Shrubsole,Shafali Verma,0,0,0
India,3,S Mandhana,A Shrubsole,Shafali Verma,0,0,0
India,3,S Mandhana,A Shrubsole,Shafali Verma,4,0,4
India,3,S Mandhana,A Shrubsole,Shafali Verma,0,0,0
India,3,S Mandhana,A Shrubsole,Shafali Verma,0,0,0
India,3,S Mandhana,A Shrubsole,Shafali Verma,4,0,4
India,4,Shafali Verma,FR Davies,S Mandhana,0,0,0
India,4,Shafali Verma,FR Davies,S Mandhana,1,0,1
India,4,S Mandhana,FR Davies,Shafali Verma,0,0,0
India,4,S Mandhana,FR Davies,Shafali Verma,0,0,0
India,4,S Mandhana,FR Davies,Shafali Verma,0,0,0
India,4,S Mandhana,FR Davies,Shafali Verma,1,0,1
India,5,S Mandhana,S Ecclestone,Shafali Verma,0,0,0
India,5,S Mandhana,S Ecclestone,Shafali Verma,4,0,4
India,5,S Mandhana,S Ecclestone,Shafali Verma,0,0,0
India,5,S Mandhana,S Ecclestone,Shafali Verma,1,0,1
India,5,Shafali Verma,S Ecclestone,S Mandhana,0,0,0
India,5,JI Rodrigues,S Ecclestone,S Mandhana,0,0,0
India,6,S Mandhana,NR Sciver,JI Rodrigues,0,0,0
India,6,S Mandhana,NR Sciver,JI Rodrigues,4,0,4
India,6,S Mandhana,NR Sciver,JI Rodrigues,0,0,0
India,6,S Mandhana,NR Sciver,JI Rodrigues,1,0,1
India,6,JI Rodrigues,NR Sciver,S Mandhana,0,0,0
India,6,JI Rodrigues,NR Sciver,S Mandhana,0,0,0
India,7,S Mandhana,HC Knight,JI Rodrigues,0,0,0
India,7,S Mandhana,HC Knight,JI Rodrigues,1,0,1
India,7,JI Rodrigues,HC Knight,S Mandhana,1,0,1
India,7,S Mandhana,HC Knight,JI Rodrigues,1,0,1
India,7,JI Rodrigues,HC Knight,S Mandhana,1,0,1
India,7,S Mandhana,HC Knight,JI Rodrigues,0,0,0
India,8,JI Rodrigues,FR Davies,S Mandhana,4,0,4
India,8,JI Rodrigues,FR Davies,S Mandhana,1,0,1
India,8,S Mandhana,FR Davies,JI Rodrigues,1,0,1
India,8,JI Rodrigues,FR Davies,S Mandhana,1,0,1
India,8,S Mandhana,FR Davies,JI Rodrigues,0,0,0
India,8,S Mandhana,FR Davies,JI Rodrigues,1,0,1
India,9,S Mandhana,KH Brunt,JI Rodrigues,4,0,4
India,9,S Mandhana,KH Brunt,JI Rodrigues,1,0,1
India,9,JI Rodrigues,KH Brunt,S Mandhana,0,0,0
India,9,JI Rodrigues,KH Brunt,S Mandhana,1,0,1
India,9,S Mandhana,KH Brunt,JI Rodrigues,0,0,0
India,9,H Kaur,KH Brunt,JI Rodrigues,0,0,0
India,10,JI Rodrigues,FR Davies,H Kaur,0,0,0
India,10,JI Rodrigues,FR Davies,H Kaur,0,0,0
India,10,JI Rodrigues,FR Davies,H Kaur,2,0,2
India,10,JI Rodrigues,FR Davies,H Kaur,4,0,4
India,10,JI Rodrigues,FR Davies,H Kaur,4,0,4
India,10,JI Rodrigues,FR Davies,H Kaur,0,0,0
India,11,H Kaur,HC Knight,JI Rodrigues,0,0,0
India,11,H Kaur,HC Knight,JI Rodrigues,0,0,0
India,11,H Kaur,HC Knight,JI Rodrigues,1,0,1
India,11,JI Rodrigues,HC Knight,H Kaur,2,0,2
India,11,JI Rodrigues,HC Knight,H Kaur,1,0,1
India,11,H Kaur,HC Knight,JI Rodrigues,0,0,0
India,12,JI Rodrigues,A Shrubsole,H Kaur,1,0,1
India,12,H Kaur,A Shrubsole,JI Rodrigues,0,0,0
India,12,H Kaur,A Shrubsole,JI Rodrigues,0,0,0
India,12,H Kaur,A Shrubsole,JI Rodrigues,2,0,2
India,12,H Kaur,A Shrubsole,JI Rodrigues,1,0,1
India,12,JI Rodrigues,A Shrubsole,H Kaur,0,0,0
India,13,H Kaur,HC Knight,V Krishnamurthy,1,0,1
India,13,V Krishnamurthy,HC Knight,H Kaur,0,0,0
India,13,V Krishnamurthy,HC Knight,H Kaur,1,0,1
India,13,H Kaur,HC Knight,V Krishnamurthy,0,0,0
India,13,H Kaur,HC Knight,V Krishnamurthy,0,0,0
India,13,H Kaur,HC Knight,V Krishnamurthy,0,0,0
India,14,V Krishnamurthy,KH Brunt,H Kaur,1,0,1
India,14,H Kaur,KH Brunt,V Krishnamurthy,1,0,1
India,14,V Krishnamurthy,KH Brunt,H Kaur,0,0,0
India,14,V Krishnamurthy,KH Brunt,H Kaur,0,0,0
India,14,V Krishnamurthy,KH Brunt,H Kaur,0,0,0
India,14,T Bhatia,KH Brunt,H Kaur,1,0,1
India,15,T Bhatia,S Ecclestone,H Kaur,0,0,0
India,15,T Bhatia,S Ecclestone,H Kaur,1,0,1
India,15,H Kaur,S Ecclestone,T Bhatia,0,2,2
India,15,H Kaur,S Ecclestone,T Bhatia,0,0,0
India,15,H Kaur,S Ecclestone,T Bhatia,1,0,1
India,15,T Bhatia,S Ecclestone,H Kaur,2,0,2
India,16,H Kaur,KH Brunt,T Bhatia,4,0,4
India,16,H Kaur,KH Brunt,T Bhatia,1,0,1
India,16,T Bhatia,KH Brunt,H Kaur,1,0,1
India,16,H Kaur,KH Brunt,T Bhatia,0,0,0
India,16,H Kaur,KH Brunt,T Bhatia,1,0,1
India,16,T Bhatia,KH Brunt,H Kaur,1,0,1
India,17,T Bhatia,A Shrubsole,H Kaur,1,0,1
India,17,H Kaur,A Shrubsole,T Bhatia,1,0,1
India,17,T Bhatia,A Shrubsole,H Kaur,1,0,1
India,17,H Kaur,A Shrubsole,T Bhatia,0,0,0
India,17,DB Sharma,A Shrubsole,T Bhatia,1,0,1
India,17,T Bhatia,A Shrubsole,DB Sharma,0,0,0
India,18,A Reddy,FR Davies,DB Sharma,1,0,1
India,18,DB Sharma,FR Davies,A Reddy,1,0,1
India,18,A Reddy,FR Davies,DB Sharma,1,0,1
India,18,DB Sharma,FR Davies,A Reddy,0,0,0
India,18,DB Sharma,FR Davies,A Reddy,1,0,1
India,18,A Reddy,FR Davies,DB Sharma,1,0,1
India,19,A Reddy,A Shrubsole,DB Sharma,1,0,1
India,19,DB Sharma,A Shrubsole,A Reddy,1,0,1
India,19,A Reddy,A Shrubsole,DB Sharma,2,0,2
India,19,A Reddy,A Shrubsole,DB Sharma,1,0,1
India,19,DB Sharma,A Shrubsole,A Reddy,0,5,5
India,19,DB Sharma,A Shrubsole,A Reddy,4,0,4
India,19,DB Sharma,A Shrubsole,A Reddy,1,0,1
England,0,AE Jones,RS Gayakwad,DN Wyatt,0,0,0
England,0,AE Jones,RS Gayakwad,DN Wyatt,0,0,0
England,0,AE Jones,RS Gayakwad,DN Wyatt,1,0,1
England,0,DN Wyatt,RS Gayakwad,AE Jones,0,0,0
England,0,DN Wyatt,RS Gayakwad,AE Jones,1,0,1
England,0,AE Jones,RS Gayakwad,DN Wyatt,0,0,0
England,1,DN Wyatt,S Pandey,KH Brunt,0,0,0
England,1,DN Wyatt,S Pandey,KH Brunt,0,0,0
England,1,DN Wyatt,S Pandey,KH Brunt,4,0,4
England,1,DN Wyatt,S Pandey,KH Brunt,0,0,0
England,1,DN Wyatt,S Pandey,KH Brunt,1,0,1
England,1,KH Brunt,S Pandey,DN Wyatt,0,0,0
England,2,DN Wyatt,RS Gayakwad,KH Brunt,0,0,0
England,2,DN Wyatt,RS Gayakwad,KH Brunt,1,0,1
England,2,KH Brunt,RS Gayakwad,DN Wyatt,1,0,1
England,2,DN Wyatt,RS Gayakwad,KH Brunt,0,0,0
England,2,DN Wyatt,RS Gayakwad,KH Brunt,2,0,2
England,2,DN Wyatt,RS Gayakwad,KH Brunt,4,0,4
England,3,KH Brunt,DB Sharma,DN Wyatt,4,0,4
England,3,KH Brunt,DB Sharma,DN Wyatt,1,0,1
England,3,DN Wyatt,DB Sharma,KH Brunt,0,0,0
England,3,DN Wyatt,DB Sharma,KH Brunt,1,0,1
England,3,KH Brunt,DB Sharma,DN Wyatt,1,0,1
England,3,DN Wyatt,DB Sharma,KH Brunt,0,0,0
England,4,KH Brunt,RP Yadav,DN Wyatt,1,0,1
England,4,DN Wyatt,RP Yadav,KH Brunt,0,0,0
England,4,NR Sciver,RP Yadav,KH Brunt,4,0,4
England,4,NR Sciver,RP Yadav,KH Brunt,1,0,1
England,4,KH Brunt,RP Yadav,NR Sciver,0,0,0
England,4,KH Brunt,RP Yadav,NR Sciver,0,0,0
England,5,NR Sciver,DB Sharma,KH Brunt,0,0,0
England,5,NR Sciver,DB Sharma,KH Brunt,0,0,0
England,5,NR Sciver,DB Sharma,HC Knight,1,0,1
England,5,HC Knight,DB Sharma,NR Sciver,1,0,1
England,5,NR Sciver,DB Sharma,HC Knight,0,5,5
England,5,NR Sciver,DB Sharma,HC Knight,4,0,4
England,5,NR Sciver,DB Sharma,HC Knight,0,0,0
England,6,HC Knight,RP Yadav,NR Sciver,0,0,0
England,6,HC Knight,RP Yadav,NR Sciver,0,0,0
England,6,HC Knight,RP Yadav,NR Sciver,0,0,0
England,6,HC Knight,RP Yadav,NR Sciver,4,0,4
England,6,HC Knight,RP Yadav,NR Sciver,1,0,1
England,6,NR Sciver,RP Yadav,HC Knight,0,0,0
England,7,HC Knight,A Reddy,NR Sciver,1,0,1
England,7,NR Sciver,A Reddy,HC Knight,1,0,1
England,7,HC Knight,A Reddy,NR Sciver,1,0,1
England,7,NR Sciver,A Reddy,HC Knight,0,1,1
England,7,NR Sciver,A Reddy,HC Knight,0,0,0
England,7,NR Sciver,A Reddy,HC Knight,1,0,1
England,7,HC Knight,A Reddy,NR Sciver,1,0,1
England,8,HC Knight,H Kaur,NR Sciver,1,0,1
England,8,NR Sciver,H Kaur,HC Knight,1,0,1
England,8,HC Knight,H Kaur,NR Sciver,1,0,1
England,8,NR Sciver,H Kaur,HC Knight,1,0,1
England,8,HC Knight,H Kaur,NR Sciver,1,0,1
England,8,NR Sciver,H Kaur,HC Knight,1,0,1
England,9,NR Sciver,S Pandey,HC Knight,0,0,0
England,9,NR Sciver,S Pandey,HC Knight,1,0,1
England,9,HC Knight,S Pandey,NR Sciver,1,0,1
England,9,NR Sciver,S Pandey,HC Knight,0,0,0
England,9,NR Sciver,S Pandey,HC Knight,1,0,1
England,9,HC Knight,S Pandey,NR Sciver,1,0,1
England,10,HC Knight,DB Sharma,NR Sciver,2,0,2
England,10,HC Knight,DB Sharma,NR Sciver,0,0,0
England,10,HC Knight,DB Sharma,NR Sciver,0,0,0
England,10,HC Knight,DB Sharma,NR Sciver,1,0,1
England,10,NR Sciver,DB Sharma,HC Knight,1,0,1
England,10,HC Knight,DB Sharma,NR Sciver,1,0,1
England,11,HC Knight,RS Gayakwad,NR Sciver,0,0,0
England,11,FC Wilson,RS Gayakwad,NR Sciver,0,0,0
England,11,FC Wilson,RS Gayakwad,NR Sciver,0,0,0
England,11,FC Wilson,RS Gayakwad,NR Sciver,0,0,0
England,11,FC Wilson,RS Gayakwad,NR Sciver,1,0,1
England,11,NR Sciver,RS Gayakwad,FC Wilson,2,0,2
England,12,FC Wilson,H Kaur,NR Sciver,1,0,1
England,12,NR Sciver,H Kaur,FC Wilson,4,0,4
England,12,NR Sciver,H Kaur,FC Wilson,1,0,1
England,12,FC Wilson,H Kaur,NR Sciver,1,0,1
England,12,NR Sciver,H Kaur,FC Wilson,1,0,1
England,12,FC Wilson,H Kaur,NR Sciver,1,0,1
England,13,FC Wilson,S Pandey,NR Sciver,1,0,1
England,13,NR Sciver,S Pandey,FC Wilson,4,0,4
England,13,NR Sciver,S Pandey,FC Wilson,0,0,0
England,13,NR Sciver,S Pandey,FC Wilson,1,0,1
England,13,FC Wilson,S Pandey,NR Sciver,0,0,0
England,13,FC Wilson,S Pandey,NR Sciver,0,0,0
England,14,NR Sciver,RP Yadav,FC Wilson,0,0,0
England,14,NR Sciver,RP Yadav,FC Wilson,4,0,4
England,14,NR Sciver,RP Yadav,FC Wilson,1,0,1
England,14,FC Wilson,RP Yadav,NR Sciver,0,1,1
England,14,NR Sciver,RP Yadav,FC Wilson,1,0,1
England,14,FC Wilson,RP Yadav,NR Sciver,1,0,1
England,15,FC Wilson,DB Sharma,NR Sciver,1,0,1
England,15,NR Sciver,DB Sharma,FC Wilson,1,0,1
England,15,FC Wilson,DB Sharma,NR Sciver,1,0,1
England,15,NR Sciver,DB Sharma,FC Wilson,1,0,1
England,15,FC Wilson,DB Sharma,NR Sciver,2,0,2
England,15,FC Wilson,DB Sharma,NR Sciver,4,0,4
England,16,NR Sciver,S Pandey,FC Wilson,0,0,0
England,16,NR Sciver,S Pandey,FC Wilson,0,0,0
England,16,NR Sciver,S Pandey,FC Wilson,4,0,4
England,16,NR Sciver,S Pandey,FC Wilson,1,0,1
England,16,FC Wilson,S Pandey,NR Sciver,0,0,0
England,16,FC Wilson,S Pandey,NR Sciver,1,0,1
England,17,FC Wilson,RS Gayakwad,NR Sciver,1,0,1
England,17,NR Sciver,RS Gayakwad,FC Wilson,6,0,6
England,17,NR Sciver,RS Gayakwad,FC Wilson,0,0,0
England,17,TT Beaumont,RS Gayakwad,FC Wilson,2,0,2
England,17,TT Beaumont,RS Gayakwad,FC Wilson,0,1,1
England,17,FC Wilson,RS Gayakwad,TT Beaumont,1,0,1
England,18,FC Wilson,RP Yadav,TT Beaumont,2,0,2
England,18,FC Wilson,RP Yadav,TT Beaumont,1,0,1
England,18,TT Beaumont,RP Yadav,FC Wilson,1,0,1
England,18,L Winfield,RP Yadav,FC Wilson,0,0,0
England,18,L Winfield,RP Yadav,FC Wilson,2,0,2
