Team,Over,Batter,Bowler,Non_Striker,Batter_Runs,Extras,Total_Runs
Pakistan,0,Babar Azam,MA Starc,Fakhar Zaman,1,0,1
Pakistan,0,Fakhar Zaman,MA Starc,Babar Azam,0,0,0
Pakistan,0,Haris Sohail,MA Starc,Babar Azam,0,0,0
Pakistan,0,Haris Sohail,MA Starc,Babar Azam,0,0,0
Pakistan,0,Haris Sohail,MA Starc,Babar Azam,4,0,4
Pakistan,0,Haris Sohail,MA Starc,Babar Azam,0,0,0
Pakistan,1,Babar Azam,KW Richardson,Haris Sohail,0,0,0
Pakistan,1,Babar Azam,KW Richardson,Haris Sohail,4,0,4
Pakistan,1,Babar Azam,KW Richardson,Haris Sohail,1,0,1
Pakistan,1,Haris Sohail,KW Richardson,Babar Azam,0,0,0
Pakistan,1,Haris Sohail,KW Richardson,Babar Azam,0,0,0
Pakistan,1,Mohammad Rizwan,KW Richardson,Babar Azam,1,0,1
Pakistan,2,Mohammad Rizwan,MA Starc,Babar Azam,0,0,0
Pakistan,2,Mohammad Rizwan,MA Starc,Babar Azam,1,0,1
Pakistan,2,Babar Azam,MA Starc,Mohammad Rizwan,0,0,0
Pakistan,2,Babar Azam,MA Starc,Mohammad Rizwan,4,0,4
Pakistan,2,Babar Azam,MA Starc,Mohammad Rizwan,1,0,1
Pakistan,2,Mohammad Rizwan,MA Starc,Babar Azam,1,0,1
Pakistan,3,Mohammad Rizwan,A Zampa,Babar Azam,0,0,0
Pakistan,3,Mohammad Rizwan,A Zampa,Babar Azam,0,0,0
Pakistan,3,Mohammad Rizwan,A Zampa,Babar Azam,0,0,0
Pakistan,3,Mohammad Rizwan,A Zampa,Babar Azam,4,0,4
Pakistan,3,Mohammad Rizwan,A Zampa,Babar Azam,6,0,6
Pakistan,3,Mohammad Rizwan,A Zampa,Babar Azam,2,0,2
Pakistan,4,Babar Azam,PJ Cummins,Mohammad Rizwan,1,0,1
Pakistan,4,Mohammad Rizwan,PJ Cummins,Babar Azam,0,0,0
Pakistan,4,Mohammad Rizwan,PJ Cummins,Babar Azam,0,0,0
Pakistan,4,Mohammad Rizwan,PJ Cummins,Babar Azam,1,0,1
Pakistan,4,Babar Azam,PJ Cummins,Mohammad Rizwan,2,0,2
Pakistan,4,Babar Azam,PJ Cummins,Mohammad Rizwan,1,0,1
Pakistan,5,Babar Azam,KW Richardson,Mohammad Rizwan,1,0,1
Pakistan,5,Mohammad Rizwan,KW Richardson,Babar Azam,0,0,0
Pakistan,5,Mohammad Rizwan,KW Richardson,Babar Azam,0,0,0
Pakistan,5,Mohammad Rizwan,KW Richardson,Babar Azam,0,0,0
Pakistan,5,Mohammad Rizwan,KW Richardson,Babar Azam,1,0,1
Pakistan,5,Babar Azam,KW Richardson,Mohammad Rizwan,1,0,1
Pakistan,6,Babar Azam,AC Agar,Mohammad Rizwan,1,0,1
Pakistan,6,Mohammad Rizwan,AC Agar,Babar Azam,1,0,1
Pakistan,6,Babar Azam,AC Agar,Mohammad Rizwan,0,0,0
Pakistan,6,Babar Azam,AC Agar,Mohammad Rizwan,1,0,1
Pakistan,6,Mohammad Rizwan,AC Agar,Babar Azam,2,0,2
Pakistan,6,Mohammad Rizwan,AC Agar,Babar Azam,1,0,1
Pakistan,7,Mohammad Rizwan,PJ Cummins,Babar Azam,2,0,2
Pakistan,7,Mohammad Rizwan,PJ Cummins,Babar Azam,1,0,1
Pakistan,7,Mohammad Rizwan,PJ Cummins,Babar Azam,1,0,1
Pakistan,7,Babar Azam,PJ Cummins,Mohammad Rizwan,1,0,1
Pakistan,7,Mohammad Rizwan,PJ Cummins,Babar Azam,0,0,0
Pakistan,7,Mohammad Rizwan,PJ Cummins,Babar Azam,1,0,1
Pakistan,8,Mohammad Rizwan,AC Agar,Babar Azam,1,0,1
Pakistan,8,Babar Azam,AC Agar,Mohammad Rizwan,6,0,6
Pakistan,8,Babar Azam,AC Agar,Mohammad Rizwan,1,0,1
Pakistan,8,Mohammad Rizwan,AC Agar,Babar Azam,0,0,0
Pakistan,8,Mohammad Rizwan,AC Agar,Babar Azam,1,0,1
Pakistan,8,Babar Azam,AC Agar,Mohammad Rizwan,0,0,0
Pakistan,9,Mohammad Rizwan,A Zampa,Babar Azam,1,0,1
Pakistan,9,Babar Azam,A Zampa,Mohammad Rizwan,2,0,2
Pakistan,9,Babar Azam,A Zampa,Mohammad Rizwan,1,0,1
Pakistan,9,Mohammad Rizwan,A Zampa,Babar Azam,0,0,0
Pakistan,9,Mohammad Rizwan,A Zampa,Babar Azam,1,0,1
Pakistan,9,Babar Azam,A Zampa,Mohammad Rizwan,0,0,0
Pakistan,10,Mohammad Rizwan,AC Agar,Babar Azam,1,0,1
Pakistan,10,Babar Azam,AC Agar,Mohammad Rizwan,4,0,4
Pakistan,10,Babar Azam,AC Agar,Mohammad Rizwan,1,0,1
Pakistan,10,Mohammad Rizwan,AC Agar,Babar Azam,0,0,0
Pakistan,10,Babar Azam,AC Agar,Asif Ali,1,0,1
Pakistan,10,Asif Ali,AC Agar,Babar Azam,1,0,1
Pakistan,11,Asif Ali,PJ Cummins,Babar Azam,0,0,0
Pakistan,11,Asif Ali,PJ Cummins,Babar Azam,0,0,0
Pakistan,11,Asif Ali,PJ Cummins,Babar Azam,1,0,1
Pakistan,11,Babar Azam,PJ Cummins,Asif Ali,1,0,1
Pakistan,11,Asif Ali,PJ Cummins,Babar Azam,1,0,1
Pakistan,11,Babar Azam,PJ Cummins,Asif Ali,1,0,1
Pakistan,12,Babar Azam,A Zampa,Asif Ali,4,0,4
Pakistan,12,Babar Azam,A Zampa,Asif Ali,1,0,1
Pakistan,12,Asif Ali,A Zampa,Babar Azam,6,0,6
Pakistan,12,Asif Ali,A Zampa,Babar Azam,1,0,1
Pakistan,12,Babar Azam,A Zampa,Asif Ali,0,0,0
Pakistan,12,Babar Azam,A Zampa,Asif Ali,1,0,1
Pakistan,13,Babar Azam,KW Richardson,Asif Ali,1,0,1
Pakistan,13,Asif Ali,KW Richardson,Babar Azam,0,0,0
Pakistan,13,Asif Ali,KW Richardson,Babar Azam,1,0,1
Pakistan,13,Babar Azam,KW Richardson,Asif Ali,1,0,1
Pakistan,13,Asif Ali,KW Richardson,Babar Azam,0,0,0
Pakistan,13,Babar Azam,KW Richardson,Imad Wasim,4,0,4
Pakistan,14,Imad Wasim,MA Starc,Babar Azam,0,0,0
Pakistan,14,Babar Azam,MA Starc,Iftikhar Ahmed,0,1,1
Pakistan,14,Iftikhar Ahmed,MA Starc,Babar Azam,1,0,1
Pakistan,14,Babar Azam,MA Starc,Iftikhar Ahmed,6,0,6
Pakistan,14,Babar Azam,MA Starc,Iftikhar Ahmed,2,0,2
Pakistan,14,Babar Azam,MA Starc,Iftikhar Ahmed,1,0,1
Australia,0,DA Warner,Mohammad Irfan,AJ Finch,0,0,0
Australia,0,DA Warner,Mohammad Irfan,AJ Finch,1,0,1
Australia,0,AJ Finch,Mohammad Irfan,DA Warner,0,0,0
Australia,0,AJ Finch,Mohammad Irfan,DA Warner,0,0,0
Australia,0,AJ Finch,Mohammad Irfan,DA Warner,4,0,4
Australia,0,AJ Finch,Mohammad Irfan,DA Warner,0,0,0
Australia,1,DA Warner,Mohammad Amir,AJ Finch,1,0,1
Australia,1,AJ Finch,Mohammad Amir,DA Warner,4,0,4
Australia,1,AJ Finch,Mohammad Amir,DA Warner,1,0,1
Australia,1,DA Warner,Mohammad Amir,AJ Finch,0,1,1
Australia,1,AJ Finch,Mohammad Amir,DA Warner,0,0,0
Australia,1,AJ Finch,Mohammad Amir,DA Warner,1,0,1
Australia,2,AJ Finch,Mohammad Irfan,DA Warner,6,0,6
Australia,2,AJ Finch,Mohammad Irfan,DA Warner,4,0,4
Australia,2,AJ Finch,Mohammad Irfan,DA Warner,4,1,5
Australia,2,AJ Finch,Mohammad Irfan,DA Warner,6,0,6
Australia,2,AJ Finch,Mohammad Irfan,DA Warner,0,0,0
Australia,2,AJ Finch,Mohammad Irfan,DA Warner,4,0,4
Australia,2,AJ Finch,Mohammad Irfan,DA Warner,1,0,1
Australia,3,AJ Finch,Mohammad Amir,DA Warner,2,0,2
