Team,Over,Batter,Bowler,Non_Striker,Batter_Runs,Extras,Total_Runs
Kenya,0,DM Gondaria,DNA Ankrah,AA Obanda,1,0,1
Kenya,0,AA Obanda,DNA Ankrah,DM Gondaria,1,0,1
Kenya,0,DM Gondaria,DNA Ankrah,AA Obanda,4,0,4
Kenya,0,DM Gondaria,DNA Ankrah,AA Obanda,0,0,0
Kenya,0,IA Karim,DNA Ankrah,AA Obanda,0,0,0
Kenya,0,IA Karim,DNA Ankrah,AA Obanda,0,0,0
Kenya,1,AA Obanda,G Bakiweyem,IA Karim,2,0,2
Kenya,1,AA Obanda,G Bakiweyem,IA Karim,4,0,4
Kenya,1,AA Obanda,G Bakiweyem,IA Karim,0,0,0
Kenya,1,CO Obuya,G Bakiweyem,IA Karim,0,0,0
Kenya,1,CO Obuya,G Bakiweyem,IA Karim,0,0,0
Kenya,1,CO Obuya,G Bakiweyem,IA Karim,0,0,0
Kenya,2,IA Karim,DNA Ankrah,CO Obuya,0,0,0
Kenya,2,IA Karim,DNA Ankrah,CO Obuya,0,1,1
Kenya,2,IA Karim,DNA Ankrah,CO Obuya,4,0,4
Kenya,2,IA Karim,DNA Ankrah,CO Obuya,0,0,0
Kenya,2,IA Karim,DNA Ankrah,CO Obuya,0,0,0
Kenya,2,IA Karim,DNA Ankrah,CO Obuya,0,0,0
Kenya,2,IA Karim,DNA Ankrah,CO Obuya,0,0,0
Kenya,3,CO Obuya,G Bakiweyem,IA Karim,1,0,1
Kenya,3,IA Karim,G Bakiweyem,CO Obuya,0,0,0
Kenya,3,IA Karim,G Bakiweyem,CO Obuya,0,0,0
Kenya,3,IA Karim,G Bakiweyem,CO Obuya,0,0,0
Kenya,3,IA Karim,G Bakiweyem,CO Obuya,0,0,0
Kenya,3,IA Karim,G Bakiweyem,CO Obuya,2,0,2
Kenya,4,CO Obuya,DK Anefie,IA Karim,1,0,1
Kenya,4,IA Karim,DK Anefie,CO Obuya,0,0,0
Kenya,4,IA Karim,DK Anefie,CO Obuya,1,0,1
Kenya,4,CO Obuya,DK Anefie,IA Karim,1,0,1
Kenya,4,IA Karim,DK Anefie,CO Obuya,1,0,1
Kenya,4,CO Obuya,DK Anefie,IA Karim,0,0,0
Kenya,5,IA Karim,G Bakiweyem,CO Obuya,0,0,0
Kenya,5,IA Karim,G Bakiweyem,CO Obuya,0,1,1
Kenya,5,IA Karim,G Bakiweyem,CO Obuya,0,0,0
Kenya,5,IA Karim,G Bakiweyem,CO Obuya,6,0,6
Kenya,5,IA Karim,G Bakiweyem,CO Obuya,0,0,0
Kenya,5,IA Karim,G Bakiweyem,CO Obuya,0,0,0
Kenya,5,IA Karim,G Bakiweyem,CO Obuya,1,0,1
Kenya,6,IA Karim,DK Anefie,CO Obuya,1,0,1
Kenya,6,CO Obuya,DK Anefie,IA Karim,0,0,0
Kenya,6,CO Obuya,DK Anefie,IA Karim,1,0,1
Kenya,6,IA Karim,DK Anefie,CO Obuya,1,0,1
Kenya,6,CO Obuya,DK Anefie,IA Karim,0,0,0
Kenya,6,CO Obuya,DK Anefie,IA Karim,1,0,1
Kenya,7,CO Obuya,V Ateak,IA Karim,2,0,2
Kenya,7,CO Obuya,V Ateak,IA Karim,0,0,0
Kenya,7,CO Obuya,V Ateak,IA Karim,1,0,1
Kenya,7,IA Karim,V Ateak,CO Obuya,1,0,1
Kenya,7,CO Obuya,V Ateak,IA Karim,1,0,1
Kenya,7,IA Karim,V Ateak,CO Obuya,2,0,2
Kenya,8,CO Obuya,IKO Aboagye,IA Karim,0,0,0
Kenya,8,CO Obuya,IKO Aboagye,IA Karim,1,0,1
Kenya,8,IA Karim,IKO Aboagye,CO Obuya,1,0,1
Kenya,8,CO Obuya,IKO Aboagye,IA Karim,0,0,0
Kenya,8,CO Obuya,IKO Aboagye,IA Karim,1,0,1
Kenya,8,IA Karim,IKO Aboagye,CO Obuya,1,0,1
Kenya,9,IA Karim,V Ateak,CO Obuya,1,0,1
Kenya,9,CO Obuya,V Ateak,IA Karim,1,0,1
Kenya,9,IA Karim,V Ateak,CO Obuya,1,0,1
Kenya,9,CO Obuya,V Ateak,IA Karim,0,0,0
Kenya,9,CO Obuya,V Ateak,IA Karim,0,0,0
Kenya,9,CO Obuya,V Ateak,IA Karim,1,0,1
Kenya,10,CO Obuya,IKO Aboagye,IA Karim,4,0,4
Kenya,10,CO Obuya,IKO Aboagye,IA Karim,0,0,0
Kenya,10,CO Obuya,IKO Aboagye,IA Karim,1,0,1
Kenya,10,IA Karim,IKO Aboagye,CO Obuya,0,0,0
Kenya,10,RR Patel,IKO Aboagye,CO Obuya,1,0,1
Kenya,10,CO Obuya,IKO Aboagye,RR Patel,1,0,1
Kenya,11,CO Obuya,V Ateak,RR Patel,1,0,1
Kenya,11,RR Patel,V Ateak,CO Obuya,2,0,2
Kenya,11,RR Patel,V Ateak,CO Obuya,0,0,0
Kenya,11,RR Patel,V Ateak,CO Obuya,1,0,1
Kenya,11,CO Obuya,V Ateak,RR Patel,0,0,0
Kenya,11,CO Obuya,V Ateak,RR Patel,1,0,1
Kenya,12,CO Obuya,DK Anefie,RR Patel,1,0,1
Kenya,12,RR Patel,DK Anefie,CO Obuya,4,0,4
Kenya,12,RR Patel,DK Anefie,CO Obuya,1,0,1
Kenya,12,CO Obuya,DK Anefie,RR Patel,0,0,0
Kenya,12,CO Obuya,DK Anefie,RR Patel,0,0,0
Kenya,12,CO Obuya,DK Anefie,RR Patel,1,0,1
Kenya,13,CO Obuya,KS Bagabena,RR Patel,1,0,1
Kenya,13,RR Patel,KS Bagabena,CO Obuya,4,0,4
Kenya,13,RR Patel,KS Bagabena,CO Obuya,1,0,1
Kenya,13,CO Obuya,KS Bagabena,RR Patel,1,0,1
Kenya,13,RR Patel,KS Bagabena,CO Obuya,1,0,1
Kenya,13,CO Obuya,KS Bagabena,RR Patel,1,0,1
Kenya,14,CO Obuya,DNA Ankrah,RR Patel,4,0,4
Kenya,14,CO Obuya,DNA Ankrah,RR Patel,1,0,1
Kenya,14,RR Patel,DNA Ankrah,CO Obuya,0,1,1
Kenya,14,RR Patel,DNA Ankrah,CO Obuya,0,0,0
Kenya,14,RR Patel,DNA Ankrah,CO Obuya,1,0,1
Kenya,14,CO Obuya,DNA Ankrah,RR Patel,1,0,1
Kenya,14,RR Patel,DNA Ankrah,CO Obuya,0,0,0
Kenya,15,CO Obuya,V Ateak,RR Patel,1,0,1
Kenya,15,RR Patel,V Ateak,CO Obuya,6,0,6
Kenya,15,RR Patel,V Ateak,CO Obuya,1,0,1
Kenya,15,CO Obuya,V Ateak,RR Patel,1,0,1
Kenya,15,RR Patel,V Ateak,CO Obuya,6,0,6
Kenya,15,RR Patel,V Ateak,CO Obuya,0,0,0
Kenya,16,CO Obuya,IKO Aboagye,RR Patel,0,0,0
Kenya,16,SO Ngoche,IKO Aboagye,RR Patel,1,0,1
Kenya,16,RR Patel,IKO Aboagye,SO Ngoche,1,0,1
Kenya,16,SO Ngoche,IKO Aboagye,RR Patel,1,0,1
Kenya,16,RR Patel,IKO Aboagye,SO Ngoche,0,0,0
Kenya,16,RR Patel,IKO Aboagye,SO Ngoche,1,0,1
Kenya,17,RR Patel,G Bakiweyem,SO Ngoche,6,0,6
Kenya,17,RR Patel,G Bakiweyem,SO Ngoche,6,0,6
Kenya,17,RR Patel,G Bakiweyem,SO Ngoche,4,0,4
Kenya,17,RR Patel,G Bakiweyem,SO Ngoche,0,1,1
Kenya,17,SO Ngoche,G Bakiweyem,RR Patel,0,0,0
Kenya,17,SO Ngoche,G Bakiweyem,RR Patel,0,0,0
Kenya,18,RR Patel,IKO Aboagye,SO Ngoche,0,1,1
Kenya,18,SO Ngoche,IKO Aboagye,RR Patel,2,0,2
Kenya,18,SO Ngoche,IKO Aboagye,RR Patel,1,0,1
Kenya,18,RR Patel,IKO Aboagye,SO Ngoche,4,0,4
Kenya,18,RR Patel,IKO Aboagye,SO Ngoche,4,0,4
Kenya,18,RR Patel,IKO Aboagye,SO Ngoche,0,0,0
Kenya,19,SO Ngoche,DNA Ankrah,LN Oluoch,0,1,1
Kenya,19,LN Oluoch,DNA Ankrah,SO Ngoche,2,0,2
Kenya,19,LN Oluoch,DNA Ankrah,SO Ngoche,0,0,0
Kenya,19,LN Oluoch,DNA Ankrah,SO Ngoche,1,0,1
Kenya,19,SO Ngoche,DNA Ankrah,LN Oluoch,1,0,1
Kenya,19,LN Oluoch,DNA Ankrah,SO Ngoche,1,0,1
Ghana,0,F Baleri,SO Ngoche,R Bakum,0,0,0
Ghana,0,F Baleri,SO Ngoche,R Bakum,0,0,0
Ghana,0,F Baleri,SO Ngoche,R Bakum,1,0,1
Ghana,0,R Bakum,SO Ngoche,F Baleri,6,0,6
Ghana,0,R Bakum,SO Ngoche,F Baleri,0,0,0
Ghana,0,R Bakum,SO Ngoche,F Baleri,0,0,0
Ghana,1,F Baleri,E Otieno,R Bakum,0,0,0
Ghana,1,F Baleri,E Otieno,R Bakum,1,0,1
Ghana,1,R Bakum,E Otieno,F Baleri,4,0,4
Ghana,1,R Bakum,E Otieno,F Baleri,0,0,0
Ghana,1,R Bakum,E Otieno,F Baleri,4,0,4
Ghana,1,R Bakum,E Otieno,F Baleri,0,0,0
Ghana,2,F Baleri,LN Oluoch,R Bakum,4,0,4
Ghana,2,F Baleri,LN Oluoch,R Bakum,0,0,0
Ghana,2,F Baleri,LN Oluoch,R Bakum,0,0,0
Ghana,2,F Baleri,LN Oluoch,R Bakum,0,0,0
Ghana,2,S Ateak,LN Oluoch,R Bakum,0,0,0
Ghana,2,S Ateak,LN Oluoch,R Bakum,1,0,1
Ghana,3,S Ateak,E Otieno,R Bakum,0,0,0
Ghana,3,S Ateak,E Otieno,R Bakum,1,0,1
Ghana,3,R Bakum,E Otieno,S Ateak,0,0,0
Ghana,3,R Bakum,E Otieno,S Ateak,0,1,1
Ghana,3,R Bakum,E Otieno,S Ateak,2,0,2
Ghana,3,R Bakum,E Otieno,S Ateak,0,0,0
Ghana,3,R Bakum,E Otieno,S Ateak,1,0,1
Ghana,4,R Bakum,LN Oluoch,S Ateak,0,0,0
Ghana,4,R Bakum,LN Oluoch,S Ateak,0,0,0
Ghana,4,R Bakum,LN Oluoch,S Ateak,0,0,0
Ghana,4,JK Vifah,LN Oluoch,S Ateak,0,0,0
Ghana,4,JK Vifah,LN Oluoch,S Ateak,1,0,1
Ghana,4,S Ateak,LN Oluoch,JK Vifah,0,0,0
Ghana,5,JK Vifah,E Ochieng,S Ateak,1,0,1
Ghana,5,S Ateak,E Ochieng,JK Vifah,0,0,0
Ghana,5,S Ateak,E Ochieng,JK Vifah,0,0,0
Ghana,5,S Ateak,E Ochieng,JK Vifah,2,0,2
Ghana,5,S Ateak,E Ochieng,JK Vifah,1,0,1
Ghana,5,JK Vifah,E Ochieng,S Ateak,1,0,1
Ghana,6,JK Vifah,NM Odhiambo,S Ateak,0,0,0
Ghana,6,JK Vifah,NM Odhiambo,S Ateak,1,0,1
Ghana,6,S Ateak,NM Odhiambo,JK Vifah,1,0,1
Ghana,6,JK Vifah,NM Odhiambo,S Ateak,0,0,0
Ghana,6,JK Vifah,NM Odhiambo,S Ateak,1,0,1
Ghana,6,S Ateak,NM Odhiambo,JK Vifah,4,0,4
Ghana,7,JK Vifah,E Ochieng,S Ateak,1,0,1
Ghana,7,S Ateak,E Ochieng,JK Vifah,0,0,0
Ghana,7,S Ateak,E Ochieng,JK Vifah,0,0,0
Ghana,7,S Ateak,E Ochieng,JK Vifah,4,0,4
Ghana,7,S Ateak,E Ochieng,JK Vifah,1,0,1
Ghana,7,JK Vifah,E Ochieng,S Ateak,1,0,1
Ghana,8,JK Vifah,NM Odhiambo,S Ateak,2,0,2
Ghana,8,JK Vifah,NM Odhiambo,S Ateak,0,0,0
Ghana,8,JK Vifah,NM Odhiambo,S Ateak,1,0,1
Ghana,8,S Ateak,NM Odhiambo,JK Vifah,0,0,0
Ghana,8,S Ateak,NM Odhiambo,JK Vifah,0,0,0
Ghana,8,S Ateak,NM Odhiambo,JK Vifah,0,0,0
Ghana,9,JK Vifah,SO Ngoche,S Ateak,1,0,1
Ghana,9,S Ateak,SO Ngoche,JK Vifah,0,0,0
Ghana,9,S Ateak,SO Ngoche,JK Vifah,0,0,0
Ghana,9,S Ateak,SO Ngoche,JK Vifah,0,0,0
Ghana,9,IKO Aboagye,SO Ngoche,JK Vifah,1,0,1
Ghana,9,JK Vifah,SO Ngoche,IKO Aboagye,0,0,0
Ghana,10,IKO Aboagye,NM Odhiambo,JK Vifah,1,0,1
Ghana,10,JK Vifah,NM Odhiambo,IKO Aboagye,1,0,1
Ghana,10,IKO Aboagye,NM Odhiambo,JK Vifah,0,0,0
Ghana,10,IKO Aboagye,NM Odhiambo,JK Vifah,0,1,1
Ghana,10,IKO Aboagye,NM Odhiambo,JK Vifah,1,0,1
Ghana,10,JK Vifah,NM Odhiambo,IKO Aboagye,0,0,0
Ghana,10,JK Vifah,NM Odhiambo,IKO Aboagye,0,0,0
Ghana,11,IKO Aboagye,P Kerai,JK Vifah,0,0,0
Ghana,11,DNA Ankrah,P Kerai,JK Vifah,0,0,0
Ghana,11,DNA Ankrah,P Kerai,JK Vifah,1,0,1
Ghana,11,JK Vifah,P Kerai,DNA Ankrah,2,0,2
Ghana,11,JK Vifah,P Kerai,DNA Ankrah,1,0,1
Ghana,11,DNA Ankrah,P Kerai,JK Vifah,1,0,1
Ghana,12,DNA Ankrah,SO Ngoche,JK Vifah,0,0,0
Ghana,12,DNA Ankrah,SO Ngoche,JK Vifah,1,0,1
Ghana,12,JK Vifah,SO Ngoche,DNA Ankrah,1,0,1
Ghana,12,DNA Ankrah,SO Ngoche,JK Vifah,1,0,1
Ghana,12,JK Vifah,SO Ngoche,DNA Ankrah,0,0,0
Ghana,12,JK Vifah,SO Ngoche,DNA Ankrah,1,0,1
Ghana,13,JK Vifah,P Kerai,DNA Ankrah,6,0,6
Ghana,13,JK Vifah,P Kerai,DNA Ankrah,0,0,0
Ghana,13,JK Vifah,P Kerai,DNA Ankrah,0,0,0
Ghana,13,KS Bagabena,P Kerai,DNA Ankrah,0,0,0
Ghana,13,DK Anefie,P Kerai,DNA Ankrah,0,0,0
Ghana,13,DK Anefie,P Kerai,DNA Ankrah,0,0,0
Ghana,14,DNA Ankrah,SO Ngoche,M Aboagye,0,0,0
Ghana,14,G Bakiweyem,SO Ngoche,M Aboagye,2,0,2
Ghana,14,G Bakiweyem,SO Ngoche,M Aboagye,2,0,2
Ghana,14,G Bakiweyem,SO Ngoche,M Aboagye,2,0,2
Ghana,14,G Bakiweyem,SO Ngoche,M Aboagye,1,0,1
Ghana,14,M Aboagye,SO Ngoche,G Bakiweyem,0,0,0
Ghana,15,G Bakiweyem,P Kerai,M Aboagye,0,0,0
Ghana,15,G Bakiweyem,P Kerai,M Aboagye,1,0,1
Ghana,15,M Aboagye,P Kerai,G Bakiweyem,1,0,1
Ghana,15,G Bakiweyem,P Kerai,M Aboagye,1,0,1
Ghana,15,M Aboagye,P Kerai,G Bakiweyem,1,0,1
Ghana,15,G Bakiweyem,P Kerai,M Aboagye,0,0,0
Ghana,16,M Aboagye,NM Odhiambo,G Bakiweyem,2,0,2
Ghana,16,M Aboagye,NM Odhiambo,G Bakiweyem,1,0,1
Ghana,16,V Ateak,NM Odhiambo,G Bakiweyem,0,0,0
Ghana,16,V Ateak,NM Odhiambo,G Bakiweyem,1,0,1
Ghana,16,G Bakiweyem,NM Odhiambo,V Ateak,2,0,2
Ghana,16,G Bakiweyem,NM Odhiambo,V Ateak,1,0,1
Ghana,17,G Bakiweyem,E Otieno,V Ateak,0,0,0
Ghana,17,G Bakiweyem,E Otieno,V Ateak,0,0,0
Ghana,17,G Bakiweyem,E Otieno,V Ateak,0,0,0
