Team,Over,Batter,Bowler,Non_Striker,Batter_Runs,Extras,Total_Runs
Uganda,0,Z Arinaitwe,A Rangaswamy,HB Kayondo,0,0,0
Uganda,0,Z Arinaitwe,A Rangaswamy,HB Kayondo,0,0,0
Uganda,0,Z Arinaitwe,A Rangaswamy,HB Kayondo,0,0,0
Uganda,0,Z Arinaitwe,A Rangaswamy,HB Kayondo,0,0,0
Uganda,0,Z Arinaitwe,A Rangaswamy,HB Kayondo,0,5,5
Uganda,0,Z Arinaitwe,A Rangaswamy,HB Kayondo,1,0,1
Uganda,0,HB Kayondo,A Rangaswamy,Z Arinaitwe,6,0,6
Uganda,1,Z Arinaitwe,M Mooketsi,HB Kayondo,0,0,0
Uganda,1,RG Mukasa,M Mooketsi,HB Kayondo,0,0,0
Uganda,1,RG Mukasa,M Mooketsi,HB Kayondo,0,0,0
Uganda,1,RG Mukasa,M Mooketsi,HB Kayondo,1,0,1
Uganda,1,HB Kayondo,M Mooketsi,RG Mukasa,0,0,0
Uganda,1,HB Kayondo,M Mooketsi,RG Mukasa,2,0,2
Uganda,2,RG Mukasa,A Rangaswamy,HB Kayondo,0,0,0
Uganda,2,RG Mukasa,A Rangaswamy,HB Kayondo,0,0,0
Uganda,2,RG Mukasa,A Rangaswamy,HB Kayondo,2,0,2
Uganda,2,RG Mukasa,A Rangaswamy,HB Kayondo,1,0,1
Uganda,2,HB Kayondo,A Rangaswamy,RG Mukasa,1,0,1
Uganda,2,RG Mukasa,A Rangaswamy,HB Kayondo,0,0,0
Uganda,3,HB Kayondo,M Mooketsi,A Otwani,0,0,0
Uganda,3,HB Kayondo,M Mooketsi,A Otwani,0,0,0
Uganda,3,HB Kayondo,M Mooketsi,A Otwani,0,0,0
Uganda,3,HB Kayondo,M Mooketsi,A Otwani,0,1,1
Uganda,3,HB Kayondo,M Mooketsi,A Otwani,0,0,0
Uganda,3,HB Kayondo,M Mooketsi,A Otwani,1,0,1
Uganda,3,A Otwani,M Mooketsi,HB Kayondo,4,0,4
Uganda,4,HB Kayondo,JWN Moses,A Otwani,1,0,1
Uganda,4,A Otwani,JWN Moses,HB Kayondo,0,0,0
Uganda,4,A Otwani,JWN Moses,HB Kayondo,0,0,0
Uganda,4,A Otwani,JWN Moses,HB Kayondo,1,0,1
Uganda,4,HB Kayondo,JWN Moses,A Otwani,1,0,1
Uganda,4,A Otwani,JWN Moses,HB Kayondo,3,0,3
Uganda,5,A Otwani,M Mooketsi,HB Kayondo,1,0,1
Uganda,5,HB Kayondo,M Mooketsi,A Otwani,0,0,0
Uganda,5,HB Kayondo,M Mooketsi,A Otwani,1,0,1
Uganda,5,A Otwani,M Mooketsi,HB Kayondo,4,0,4
Uganda,5,A Otwani,M Mooketsi,HB Kayondo,0,0,0
Uganda,5,A Otwani,M Mooketsi,HB Kayondo,4,0,4
Uganda,6,HB Kayondo,JWN Moses,A Otwani,1,0,1
Uganda,6,A Otwani,JWN Moses,HB Kayondo,0,0,0
Uganda,6,A Otwani,JWN Moses,HB Kayondo,0,0,0
Uganda,6,A Otwani,JWN Moses,HB Kayondo,2,0,2
Uganda,6,A Otwani,JWN Moses,HB Kayondo,1,0,1
Uganda,6,HB Kayondo,JWN Moses,A Otwani,0,0,0
Uganda,7,A Otwani,N Master,HB Kayondo,0,0,0
Uganda,7,A Otwani,N Master,HB Kayondo,1,0,1
Uganda,7,HB Kayondo,N Master,A Otwani,1,0,1
Uganda,7,A Otwani,N Master,HB Kayondo,1,0,1
Uganda,7,HB Kayondo,N Master,A Otwani,1,0,1
Uganda,7,A Otwani,N Master,HB Kayondo,6,0,6
Uganda,8,HB Kayondo,JWN Moses,A Otwani,0,0,0
Uganda,8,HB Kayondo,JWN Moses,A Otwani,0,0,0
Uganda,8,HB Kayondo,JWN Moses,A Otwani,1,0,1
Uganda,8,A Otwani,JWN Moses,HB Kayondo,4,0,4
Uganda,8,A Otwani,JWN Moses,HB Kayondo,1,0,1
Uganda,8,HB Kayondo,JWN Moses,A Otwani,1,0,1
Uganda,9,HB Kayondo,N Master,A Otwani,2,0,2
Uganda,9,HB Kayondo,N Master,A Otwani,1,0,1
Uganda,9,A Otwani,N Master,HB Kayondo,0,1,1
Uganda,9,A Otwani,N Master,HB Kayondo,1,0,1
Uganda,9,HB Kayondo,N Master,A Otwani,1,0,1
Uganda,9,A Otwani,N Master,HB Kayondo,1,0,1
Uganda,9,HB Kayondo,N Master,A Otwani,4,0,4
Uganda,10,A Otwani,JWN Moses,HB Kayondo,4,0,4
Uganda,10,A Otwani,JWN Moses,HB Kayondo,0,0,0
Uganda,10,A Otwani,JWN Moses,HB Kayondo,4,0,4
Uganda,10,A Otwani,JWN Moses,HB Kayondo,0,0,0
Uganda,10,A Otwani,JWN Moses,HB Kayondo,1,0,1
Uganda,10,HB Kayondo,JWN Moses,A Otwani,1,0,1
Uganda,11,HB Kayondo,K Modise,A Otwani,1,0,1
Uganda,11,A Otwani,K Modise,HB Kayondo,0,0,0
Uganda,11,DM Nakrani,K Modise,HB Kayondo,0,0,0
Uganda,11,DM Nakrani,K Modise,HB Kayondo,0,0,0
Uganda,11,DM Nakrani,K Modise,HB Kayondo,0,0,0
Uganda,11,DM Nakrani,K Modise,HB Kayondo,6,0,6
Uganda,12,HB Kayondo,R Nehonde,DM Nakrani,1,0,1
Uganda,12,DM Nakrani,R Nehonde,HB Kayondo,1,0,1
Uganda,12,HB Kayondo,R Nehonde,DM Nakrani,0,0,0
Uganda,12,HB Kayondo,R Nehonde,DM Nakrani,1,0,1
Uganda,12,DM Nakrani,R Nehonde,HB Kayondo,2,0,2
Uganda,12,DM Nakrani,R Nehonde,HB Kayondo,1,0,1
Uganda,13,DM Nakrani,K Modise,HB Kayondo,0,0,0
Uganda,13,DM Nakrani,K Modise,HB Kayondo,1,0,1
Uganda,13,HB Kayondo,K Modise,DM Nakrani,0,0,0
Uganda,13,Riazat Ali Shah,K Modise,DM Nakrani,1,0,1
Uganda,13,DM Nakrani,K Modise,Riazat Ali Shah,4,0,4
Uganda,13,DM Nakrani,K Modise,Riazat Ali Shah,1,0,1
Uganda,14,DM Nakrani,R Nehonde,Riazat Ali Shah,1,0,1
Uganda,14,Riazat Ali Shah,R Nehonde,DM Nakrani,0,0,0
Uganda,14,Riazat Ali Shah,R Nehonde,DM Nakrani,0,0,0
Uganda,14,Riazat Ali Shah,R Nehonde,DM Nakrani,2,0,2
Uganda,14,Riazat Ali Shah,R Nehonde,DM Nakrani,0,0,0
Uganda,14,Riazat Ali Shah,R Nehonde,DM Nakrani,1,0,1
Uganda,15,Riazat Ali Shah,K Modise,DM Nakrani,1,0,1
Uganda,15,DM Nakrani,K Modise,Riazat Ali Shah,1,0,1
Uganda,15,Riazat Ali Shah,K Modise,DM Nakrani,1,0,1
Uganda,15,DM Nakrani,K Modise,Riazat Ali Shah,0,0,0
Uganda,15,Riazat Ali Shah,K Modise,D Muhumuza,0,0,0
Uganda,15,Riazat Ali Shah,K Modise,D Muhumuza,1,0,1
Uganda,16,Riazat Ali Shah,R Nehonde,D Muhumuza,1,0,1
Uganda,16,D Muhumuza,R Nehonde,Riazat Ali Shah,1,0,1
Uganda,16,Riazat Ali Shah,R Nehonde,D Muhumuza,6,0,6
Uganda,16,Riazat Ali Shah,R Nehonde,D Muhumuza,1,0,1
Uganda,16,D Muhumuza,R Nehonde,Riazat Ali Shah,0,1,1
Uganda,16,D Muhumuza,R Nehonde,Riazat Ali Shah,1,0,1
Uganda,16,Riazat Ali Shah,R Nehonde,D Muhumuza,1,0,1
Uganda,17,Riazat Ali Shah,N Master,D Muhumuza,1,0,1
Uganda,17,D Muhumuza,N Master,Riazat Ali Shah,1,0,1
Uganda,17,Riazat Ali Shah,N Master,D Muhumuza,0,0,0
Uganda,17,Riazat Ali Shah,N Master,D Muhumuza,0,0,0
Uganda,17,Riazat Ali Shah,N Master,D Muhumuza,0,0,0
Uganda,17,Riazat Ali Shah,N Master,D Muhumuza,1,0,1
Uganda,18,Riazat Ali Shah,A Rangaswamy,D Muhumuza,6,0,6
Uganda,18,Riazat Ali Shah,A Rangaswamy,D Muhumuza,0,0,0
Uganda,18,D Muhumuza,A Rangaswamy,E Isaneez,1,0,1
Uganda,18,E Isaneez,A Rangaswamy,D Muhumuza,0,0,0
Uganda,18,E Isaneez,A Rangaswamy,D Muhumuza,0,1,1
Uganda,18,D Muhumuza,A Rangaswamy,E Isaneez,1,0,1
Uganda,19,D Muhumuza,N Master,E Isaneez,3,0,3
Uganda,19,E Isaneez,N Master,D Muhumuza,1,0,1
Uganda,19,D Muhumuza,N Master,E Isaneez,0,0,0
Uganda,19,D Muhumuza,N Master,E Isaneez,2,0,2
Uganda,19,D Muhumuza,N Master,E Isaneez,0,0,0
Uganda,19,E Isaneez,N Master,F Nsubuga,0,1,1
Botswana,0,T Perera,C Waiswa,K Modise,0,0,0
Botswana,0,T Perera,C Waiswa,K Modise,0,0,0
Botswana,0,T Perera,C Waiswa,K Modise,4,0,4
Botswana,0,T Perera,C Waiswa,K Modise,0,0,0
Botswana,0,T Perera,C Waiswa,K Modise,0,0,0
Botswana,0,T Perera,C Waiswa,K Modise,1,0,1
Botswana,1,T Perera,F Nsubuga,K Modise,0,0,0
Botswana,1,T Perera,F Nsubuga,K Modise,2,0,2
Botswana,1,T Perera,F Nsubuga,K Modise,0,0,0
Botswana,1,T Perera,F Nsubuga,K Modise,0,0,0
Botswana,1,T Perera,F Nsubuga,K Modise,0,0,0
Botswana,1,T Perera,F Nsubuga,K Modise,0,0,0
Botswana,2,K Modise,C Waiswa,T Perera,0,0,0
Botswana,2,K Modise,C Waiswa,T Perera,6,0,6
Botswana,2,K Modise,C Waiswa,T Perera,4,0,4
Botswana,2,K Modise,C Waiswa,T Perera,0,0,0
Botswana,2,T Perera,C Waiswa,K Mothlhanka,0,0,0
Botswana,2,T Perera,C Waiswa,K Mothlhanka,0,0,0
Botswana,3,K Mothlhanka,F Nsubuga,T Perera,4,0,4
Botswana,3,K Mothlhanka,F Nsubuga,T Perera,0,1,1
Botswana,3,T Perera,F Nsubuga,K Mothlhanka,0,0,0
Botswana,3,T Perera,F Nsubuga,K Mothlhanka,1,0,1
Botswana,3,K Mothlhanka,F Nsubuga,T Perera,0,0,0
Botswana,3,K Mothlhanka,F Nsubuga,T Perera,0,0,0
Botswana,4,T Perera,E Isaneez,I Master,0,0,0
Botswana,4,T Perera,E Isaneez,I Master,0,0,0
Botswana,4,T Perera,E Isaneez,I Master,4,0,4
Botswana,4,T Perera,E Isaneez,I Master,1,0,1
Botswana,4,I Master,E Isaneez,T Perera,0,0,0
Botswana,4,I Master,E Isaneez,T Perera,0,0,0
Botswana,5,T Perera,H Ssenyondo,I Master,0,0,0
Botswana,5,T Perera,H Ssenyondo,I Master,1,0,1
Botswana,5,I Master,H Ssenyondo,T Perera,0,5,5
Botswana,5,I Master,H Ssenyondo,T Perera,0,0,0
Botswana,5,I Master,H Ssenyondo,T Perera,0,0,0
Botswana,5,I Master,H Ssenyondo,T Perera,1,0,1
Botswana,5,T Perera,H Ssenyondo,I Master,0,0,0
Botswana,6,I Master,E Isaneez,T Perera,1,0,1
Botswana,6,T Perera,E Isaneez,I Master,0,0,0
Botswana,6,T Perera,E Isaneez,I Master,0,0,0
Botswana,6,T Perera,E Isaneez,V Balakrishnan,0,0,0
Botswana,6,T Perera,E Isaneez,V Balakrishnan,0,0,0
Botswana,6,T Perera,E Isaneez,V Balakrishnan,0,0,0
Botswana,7,V Balakrishnan,H Ssenyondo,T Perera,0,0,0
Botswana,7,V Balakrishnan,H Ssenyondo,T Perera,0,0,0
Botswana,7,V Balakrishnan,H Ssenyondo,T Perera,0,0,0
Botswana,7,V Balakrishnan,H Ssenyondo,T Perera,1,0,1
Botswana,7,T Perera,H Ssenyondo,V Balakrishnan,0,0,0
Botswana,7,T Perera,H Ssenyondo,V Balakrishnan,0,0,0
Botswana,8,V Balakrishnan,E Isaneez,T Perera,0,0,0
Botswana,8,V Balakrishnan,E Isaneez,T Perera,1,0,1
Botswana,8,T Perera,E Isaneez,V Balakrishnan,1,0,1
Botswana,8,V Balakrishnan,E Isaneez,T Perera,1,0,1
Botswana,8,T Perera,E Isaneez,V Balakrishnan,0,0,0
Botswana,8,T Perera,E Isaneez,V Balakrishnan,0,0,0
Botswana,9,V Balakrishnan,H Ssenyondo,R Nehonde,1,0,1
Botswana,9,R Nehonde,H Ssenyondo,V Balakrishnan,1,0,1
Botswana,9,V Balakrishnan,H Ssenyondo,R Nehonde,4,0,4
Botswana,9,V Balakrishnan,H Ssenyondo,R Nehonde,0,0,0
Botswana,9,V Balakrishnan,H Ssenyondo,R Nehonde,0,0,0
Botswana,9,V Balakrishnan,H Ssenyondo,R Nehonde,1,0,1
Botswana,10,V Balakrishnan,E Isaneez,R Nehonde,4,0,4
Botswana,10,V Balakrishnan,E Isaneez,R Nehonde,0,0,0
Botswana,10,V Balakrishnan,E Isaneez,R Nehonde,1,0,1
Botswana,10,R Nehonde,E Isaneez,V Balakrishnan,1,0,1
Botswana,10,V Balakrishnan,E Isaneez,R Nehonde,0,0,0
Botswana,10,V Balakrishnan,E Isaneez,R Nehonde,1,0,1
Botswana,11,V Balakrishnan,H Ssenyondo,R Nehonde,2,0,2
Botswana,11,V Balakrishnan,H Ssenyondo,R Nehonde,0,0,0
Botswana,11,V Balakrishnan,H Ssenyondo,R Nehonde,0,0,0
Botswana,11,V Balakrishnan,H Ssenyondo,R Nehonde,1,0,1
Botswana,11,R Nehonde,H Ssenyondo,V Balakrishnan,0,0,0
Botswana,11,R Nehonde,H Ssenyondo,V Balakrishnan,0,0,0
Botswana,12,V Balakrishnan,D Muhumuza,R Nehonde,0,0,0
Botswana,12,V Balakrishnan,D Muhumuza,R Nehonde,1,0,1
Botswana,12,R Nehonde,D Muhumuza,V Balakrishnan,1,0,1
Botswana,12,V Balakrishnan,D Muhumuza,R Nehonde,0,0,0
Botswana,12,V Balakrishnan,D Muhumuza,R Nehonde,1,0,1
Botswana,12,R Nehonde,D Muhumuza,V Balakrishnan,0,0,0
Botswana,13,JWN Moses,F Nsubuga,V Balakrishnan,1,0,1
Botswana,13,V Balakrishnan,F Nsubuga,JWN Moses,1,0,1
Botswana,13,JWN Moses,F Nsubuga,V Balakrishnan,0,0,0
Botswana,13,JWN Moses,F Nsubuga,V Balakrishnan,0,0,0
Botswana,13,JWN Moses,F Nsubuga,V Balakrishnan,0,1,1
Botswana,13,JWN Moses,F Nsubuga,V Balakrishnan,1,0,1
Botswana,13,V Balakrishnan,F Nsubuga,JWN Moses,0,0,0
Botswana,14,JWN Moses,D Muhumuza,V Balakrishnan,1,0,1
Botswana,14,V Balakrishnan,D Muhumuza,JWN Moses,0,0,0
Botswana,14,V Balakrishnan,D Muhumuza,JWN Moses,4,0,4
Botswana,14,V Balakrishnan,D Muhumuza,JWN Moses,0,0,0
Botswana,14,V Balakrishnan,D Muhumuza,JWN Moses,1,0,1
Botswana,14,JWN Moses,D Muhumuza,V Balakrishnan,6,0,6
Botswana,15,V Balakrishnan,F Nsubuga,JWN Moses,0,0,0
Botswana,15,A Rangaswamy,F Nsubuga,JWN Moses,0,0,0
Botswana,15,A Rangaswamy,F Nsubuga,JWN Moses,6,0,6
Botswana,15,A Rangaswamy,F Nsubuga,JWN Moses,1,0,1
Botswana,15,JWN Moses,F Nsubuga,A Rangaswamy,0,0,0
Botswana,15,N Master,F Nsubuga,A Rangaswamy,1,0,1
Botswana,16,N Master,DM Nakrani,A Rangaswamy,1,0,1
Botswana,16,A Rangaswamy,DM Nakrani,N Master,0,0,0
Botswana,16,A Rangaswamy,DM Nakrani,T Tshose,0,0,0
Botswana,16,A Rangaswamy,DM Nakrani,T Tshose,0,0,0
Botswana,16,A Rangaswamy,DM Nakrani,T Tshose,0,0,0
Botswana,16,M Mooketsi,DM Nakrani,T Tshose,0,0,0
Botswana,17,T Tshose,C Waiswa,M Mooketsi,0,0,0
Botswana,17,T Tshose,C Waiswa,M Mooketsi,1,0,1
Botswana,17,M Mooketsi,C Waiswa,T Tshose,1,0,1
Botswana,17,T Tshose,C Waiswa,M Mooketsi,2,0,2
Botswana,17,T Tshose,C Waiswa,M Mooketsi,1,0,1
Botswana,17,M Mooketsi,C Waiswa,T Tshose,0,0,0
