Team,Over,Batter,Bowler,Non_Striker,Batter_Runs,Extras,Total_Runs
Kenya,0,DM Gondaria,C Waiswa,AA Obanda,0,1,1
Kenya,0,DM Gondaria,C Waiswa,AA Obanda,0,1,1
Kenya,0,DM Gondaria,C Waiswa,AA Obanda,0,5,5
Kenya,0,DM Gondaria,C Waiswa,AA Obanda,1,0,1
Kenya,0,AA Obanda,C Waiswa,DM Gondaria,0,0,0
Kenya,0,AA Obanda,C Waiswa,DM Gondaria,0,0,0
Kenya,0,AA Obanda,C Waiswa,DM Gondaria,0,0,0
Kenya,0,IA Karim,C Waiswa,DM Gondaria,0,0,0
Kenya,0,IA Karim,C Waiswa,DM Gondaria,0,0,0
Kenya,1,DM Gondaria,F Nsubuga,IA Karim,1,0,1
Kenya,1,IA Karim,F Nsubuga,DM Gondaria,0,0,0
Kenya,1,IA Karim,F Nsubuga,DM Gondaria,0,0,0
Kenya,1,IA Karim,F Nsubuga,DM Gondaria,1,0,1
Kenya,1,DM Gondaria,F Nsubuga,IA Karim,0,0,0
Kenya,1,DM Gondaria,F Nsubuga,IA Karim,1,0,1
Kenya,2,DM Gondaria,C Waiswa,IA Karim,2,0,2
Kenya,2,DM Gondaria,C Waiswa,IA Karim,1,0,1
Kenya,2,IA Karim,C Waiswa,DM Gondaria,0,0,0
Kenya,2,IA Karim,C Waiswa,DM Gondaria,1,0,1
Kenya,2,DM Gondaria,C Waiswa,IA Karim,0,0,0
Kenya,2,CO Obuya,C Waiswa,IA Karim,0,0,0
Kenya,3,IA Karim,F Nsubuga,CO Obuya,2,0,2
Kenya,3,IA Karim,F Nsubuga,CO Obuya,4,0,4
Kenya,3,IA Karim,F Nsubuga,CO Obuya,1,0,1
Kenya,3,CO Obuya,F Nsubuga,IA Karim,0,0,0
Kenya,3,CO Obuya,F Nsubuga,IA Karim,1,0,1
Kenya,3,IA Karim,F Nsubuga,CO Obuya,1,0,1
Kenya,4,IA Karim,Riazat Ali Shah,CO Obuya,0,0,0
Kenya,4,IA Karim,Riazat Ali Shah,CO Obuya,1,0,1
Kenya,4,CO Obuya,Riazat Ali Shah,IA Karim,0,0,0
Kenya,4,CO Obuya,Riazat Ali Shah,IA Karim,0,0,0
Kenya,4,CO Obuya,Riazat Ali Shah,IA Karim,2,0,2
Kenya,4,CO Obuya,Riazat Ali Shah,IA Karim,0,0,0
Kenya,5,IA Karim,RG Mukasa,CO Obuya,1,0,1
Kenya,5,CO Obuya,RG Mukasa,IA Karim,0,0,0
Kenya,5,CO Obuya,RG Mukasa,IA Karim,0,0,0
Kenya,5,CO Obuya,RG Mukasa,IA Karim,1,0,1
Kenya,5,IA Karim,RG Mukasa,CO Obuya,0,0,0
Kenya,5,IA Karim,RG Mukasa,CO Obuya,1,0,1
Kenya,6,IA Karim,Riazat Ali Shah,CO Obuya,0,0,0
Kenya,6,IA Karim,Riazat Ali Shah,CO Obuya,0,0,0
Kenya,6,IA Karim,Riazat Ali Shah,CO Obuya,0,0,0
Kenya,6,IA Karim,Riazat Ali Shah,CO Obuya,0,0,0
Kenya,6,IA Karim,Riazat Ali Shah,CO Obuya,0,0,0
Kenya,6,IA Karim,Riazat Ali Shah,CO Obuya,1,0,1
Kenya,7,IA Karim,RG Mukasa,CO Obuya,4,0,4
Kenya,7,IA Karim,RG Mukasa,CO Obuya,0,0,0
Kenya,7,IA Karim,RG Mukasa,CO Obuya,1,0,1
Kenya,7,CO Obuya,RG Mukasa,IA Karim,1,0,1
Kenya,7,IA Karim,RG Mukasa,CO Obuya,0,0,0
Kenya,7,IA Karim,RG Mukasa,CO Obuya,0,0,0
Kenya,8,CO Obuya,D Muhumuza,IA Karim,1,0,1
Kenya,8,IA Karim,D Muhumuza,CO Obuya,1,0,1
Kenya,8,CO Obuya,D Muhumuza,IA Karim,1,0,1
Kenya,8,IA Karim,D Muhumuza,CO Obuya,1,0,1
Kenya,8,CO Obuya,D Muhumuza,IA Karim,0,0,0
Kenya,8,CO Obuya,D Muhumuza,IA Karim,1,0,1
Kenya,9,CO Obuya,RG Mukasa,IA Karim,0,0,0
Kenya,9,CO Obuya,RG Mukasa,IA Karim,0,0,0
Kenya,9,CO Obuya,RG Mukasa,IA Karim,0,0,0
Kenya,9,CO Obuya,RG Mukasa,IA Karim,0,0,0
Kenya,9,CO Obuya,RG Mukasa,IA Karim,0,0,0
Kenya,9,CO Obuya,RG Mukasa,IA Karim,1,0,1
Kenya,10,CO Obuya,D Muhumuza,IA Karim,1,0,1
Kenya,10,IA Karim,D Muhumuza,CO Obuya,1,0,1
Kenya,10,CO Obuya,D Muhumuza,IA Karim,1,0,1
Kenya,10,IA Karim,D Muhumuza,CO Obuya,1,0,1
Kenya,10,CO Obuya,D Muhumuza,IA Karim,0,0,0
Kenya,10,CO Obuya,D Muhumuza,IA Karim,0,0,0
Kenya,11,IA Karim,RG Mukasa,CO Obuya,1,0,1
Kenya,11,CO Obuya,RG Mukasa,IA Karim,0,0,0
Kenya,11,CO Obuya,RG Mukasa,IA Karim,6,0,6
Kenya,11,CO Obuya,RG Mukasa,IA Karim,1,0,1
Kenya,11,IA Karim,RG Mukasa,CO Obuya,0,1,1
Kenya,11,CO Obuya,RG Mukasa,IA Karim,0,0,0
Kenya,12,IA Karim,DM Nakrani,CO Obuya,1,0,1
Kenya,12,CO Obuya,DM Nakrani,IA Karim,1,0,1
Kenya,12,IA Karim,DM Nakrani,CO Obuya,1,0,1
Kenya,12,CO Obuya,DM Nakrani,IA Karim,1,0,1
Kenya,12,IA Karim,DM Nakrani,CO Obuya,2,0,2
Kenya,12,IA Karim,DM Nakrani,CO Obuya,0,0,0
Kenya,13,CO Obuya,R Olipa,RR Patel,0,1,1
Kenya,13,CO Obuya,R Olipa,RR Patel,1,0,1
Kenya,13,RR Patel,R Olipa,CO Obuya,0,0,0
Kenya,13,RR Patel,R Olipa,CO Obuya,0,0,0
Kenya,13,RR Patel,R Olipa,CO Obuya,6,0,6
Kenya,13,RR Patel,R Olipa,CO Obuya,0,0,0
Kenya,13,RR Patel,R Olipa,CO Obuya,0,0,0
Kenya,14,CO Obuya,DM Nakrani,RR Patel,0,0,0
Kenya,14,SO Ngoche,DM Nakrani,RR Patel,0,0,0
Kenya,14,SO Ngoche,DM Nakrani,RR Patel,0,0,0
Kenya,14,SO Ngoche,DM Nakrani,RR Patel,1,0,1
Kenya,14,RR Patel,DM Nakrani,SO Ngoche,1,0,1
Kenya,14,SO Ngoche,DM Nakrani,RR Patel,1,0,1
Kenya,15,SO Ngoche,Riazat Ali Shah,RR Patel,6,0,6
Kenya,15,SO Ngoche,Riazat Ali Shah,RR Patel,1,0,1
Kenya,15,RR Patel,Riazat Ali Shah,SO Ngoche,0,0,0
Kenya,15,RR Patel,Riazat Ali Shah,SO Ngoche,0,0,0
Kenya,15,RR Patel,Riazat Ali Shah,SO Ngoche,6,0,6
Kenya,15,RR Patel,Riazat Ali Shah,SO Ngoche,6,0,6
Kenya,16,SO Ngoche,DM Nakrani,RR Patel,4,0,4
Kenya,16,SO Ngoche,DM Nakrani,RR Patel,6,0,6
Kenya,16,SO Ngoche,DM Nakrani,RR Patel,2,0,2
Kenya,16,SO Ngoche,DM Nakrani,RR Patel,1,0,1
Kenya,16,RR Patel,DM Nakrani,SO Ngoche,4,0,4
Kenya,16,RR Patel,DM Nakrani,SO Ngoche,1,0,1
Kenya,17,RR Patel,C Waiswa,SO Ngoche,4,0,4
Kenya,17,RR Patel,C Waiswa,SO Ngoche,1,0,1
Kenya,17,SO Ngoche,C Waiswa,RR Patel,0,0,0
Kenya,17,RR Patel,C Waiswa,LN Oluoch,1,0,1
Kenya,17,LN Oluoch,C Waiswa,RR Patel,4,0,4
Kenya,17,LN Oluoch,C Waiswa,RR Patel,1,0,1
Kenya,18,LN Oluoch,DM Nakrani,RR Patel,1,0,1
Kenya,18,RR Patel,DM Nakrani,LN Oluoch,1,0,1
Kenya,18,LN Oluoch,DM Nakrani,RR Patel,0,0,0
Kenya,18,LN Oluoch,DM Nakrani,RR Patel,1,0,1
Kenya,18,RR Patel,DM Nakrani,LN Oluoch,4,0,4
Kenya,18,RR Patel,DM Nakrani,LN Oluoch,2,0,2
Kenya,19,LN Oluoch,C Waiswa,RR Patel,0,0,0
Kenya,19,SR Bhudia,C Waiswa,RR Patel,1,0,1
Kenya,19,RR Patel,C Waiswa,SR Bhudia,6,0,6
Kenya,19,RR Patel,C Waiswa,SR Bhudia,0,0,0
Kenya,19,RR Patel,C Waiswa,SR Bhudia,2,0,2
Kenya,19,RR Patel,C Waiswa,SR Bhudia,6,0,6
Uganda,0,Z Arinaitwe,SO Ngoche,HB Kayondo,0,0,0
Uganda,0,Z Arinaitwe,SO Ngoche,HB Kayondo,0,0,0
Uganda,0,Z Arinaitwe,SO Ngoche,HB Kayondo,1,0,1
Uganda,0,HB Kayondo,SO Ngoche,Z Arinaitwe,6,0,6
Uganda,0,HB Kayondo,SO Ngoche,Z Arinaitwe,1,0,1
Uganda,0,Z Arinaitwe,SO Ngoche,HB Kayondo,1,0,1
Uganda,1,Z Arinaitwe,E Otieno,HB Kayondo,0,0,0
Uganda,1,Z Arinaitwe,E Otieno,HB Kayondo,4,0,4
Uganda,1,Z Arinaitwe,E Otieno,HB Kayondo,0,1,1
Uganda,1,Z Arinaitwe,E Otieno,HB Kayondo,0,0,0
Uganda,1,Z Arinaitwe,E Otieno,HB Kayondo,0,0,0
Uganda,1,Z Arinaitwe,E Otieno,HB Kayondo,0,0,0
Uganda,1,RG Mukasa,E Otieno,HB Kayondo,1,0,1
Uganda,2,RG Mukasa,SO Ngoche,HB Kayondo,0,0,0
Uganda,2,RG Mukasa,SO Ngoche,HB Kayondo,1,0,1
Uganda,2,HB Kayondo,SO Ngoche,RG Mukasa,1,0,1
Uganda,2,RG Mukasa,SO Ngoche,HB Kayondo,1,0,1
Uganda,2,HB Kayondo,SO Ngoche,RG Mukasa,1,0,1
Uganda,2,RG Mukasa,SO Ngoche,HB Kayondo,1,0,1
Uganda,3,RG Mukasa,E Otieno,HB Kayondo,0,0,0
Uganda,3,HB Kayondo,E Otieno,A Otwani,1,0,1
Uganda,3,A Otwani,E Otieno,HB Kayondo,0,0,0
Uganda,3,A Otwani,E Otieno,HB Kayondo,0,1,1
Uganda,3,A Otwani,E Otieno,HB Kayondo,0,0,0
Uganda,3,A Otwani,E Otieno,HB Kayondo,0,0,0
Uganda,3,A Otwani,E Otieno,HB Kayondo,1,0,1
Uganda,4,A Otwani,LN Oluoch,HB Kayondo,0,0,0
Uganda,4,A Otwani,LN Oluoch,HB Kayondo,0,0,0
Uganda,4,A Otwani,LN Oluoch,HB Kayondo,0,0,0
Uganda,4,A Otwani,LN Oluoch,HB Kayondo,0,1,1
Uganda,4,A Otwani,LN Oluoch,HB Kayondo,4,0,4
Uganda,4,A Otwani,LN Oluoch,HB Kayondo,1,0,1
Uganda,4,HB Kayondo,LN Oluoch,A Otwani,0,0,0
Uganda,5,A Otwani,NM Odhiambo,HB Kayondo,4,0,4
Uganda,5,A Otwani,NM Odhiambo,HB Kayondo,0,0,0
Uganda,5,HB Kayondo,NM Odhiambo,DM Nakrani,0,0,0
Uganda,5,HB Kayondo,NM Odhiambo,DM Nakrani,6,0,6
Uganda,5,HB Kayondo,NM Odhiambo,DM Nakrani,1,0,1
Uganda,5,DM Nakrani,NM Odhiambo,HB Kayondo,0,0,0
Uganda,6,HB Kayondo,LN Oluoch,DM Nakrani,1,0,1
Uganda,6,DM Nakrani,LN Oluoch,HB Kayondo,1,0,1
Uganda,6,HB Kayondo,LN Oluoch,DM Nakrani,0,0,0
Uganda,6,HB Kayondo,LN Oluoch,DM Nakrani,2,0,2
Uganda,6,HB Kayondo,LN Oluoch,DM Nakrani,1,0,1
Uganda,6,DM Nakrani,LN Oluoch,HB Kayondo,6,0,6
Uganda,7,HB Kayondo,NM Odhiambo,DM Nakrani,0,0,0
Uganda,7,HB Kayondo,NM Odhiambo,DM Nakrani,2,0,2
Uganda,7,HB Kayondo,NM Odhiambo,DM Nakrani,0,0,0
Uganda,7,HB Kayondo,NM Odhiambo,DM Nakrani,0,1,1
Uganda,7,HB Kayondo,NM Odhiambo,DM Nakrani,1,0,1
Uganda,7,DM Nakrani,NM Odhiambo,HB Kayondo,1,0,1
Uganda,7,HB Kayondo,NM Odhiambo,DM Nakrani,1,0,1
Uganda,8,HB Kayondo,SR Bhudia,DM Nakrani,1,0,1
Uganda,8,DM Nakrani,SR Bhudia,HB Kayondo,1,0,1
Uganda,8,HB Kayondo,SR Bhudia,DM Nakrani,0,0,0
Uganda,8,HB Kayondo,SR Bhudia,DM Nakrani,4,0,4
Uganda,8,HB Kayondo,SR Bhudia,DM Nakrani,1,0,1
Uganda,8,DM Nakrani,SR Bhudia,HB Kayondo,0,0,0
Uganda,9,HB Kayondo,NM Odhiambo,DM Nakrani,0,0,0
Uganda,9,DM Nakrani,NM Odhiambo,Riazat Ali Shah,1,0,1
Uganda,9,Riazat Ali Shah,NM Odhiambo,DM Nakrani,1,0,1
Uganda,9,DM Nakrani,NM Odhiambo,Riazat Ali Shah,4,0,4
Uganda,9,DM Nakrani,NM Odhiambo,Riazat Ali Shah,1,0,1
Uganda,9,Riazat Ali Shah,NM Odhiambo,DM Nakrani,1,0,1
Uganda,10,Riazat Ali Shah,SO Ngoche,DM Nakrani,1,0,1
Uganda,10,DM Nakrani,SO Ngoche,Riazat Ali Shah,1,0,1
Uganda,10,Riazat Ali Shah,SO Ngoche,DM Nakrani,0,0,0
Uganda,10,Riazat Ali Shah,SO Ngoche,DM Nakrani,0,0,0
Uganda,10,Riazat Ali Shah,SO Ngoche,DM Nakrani,0,0,0
Uganda,10,Riazat Ali Shah,SO Ngoche,DM Nakrani,0,0,0
Uganda,11,DM Nakrani,SR Bhudia,Riazat Ali Shah,1,0,1
Uganda,11,Riazat Ali Shah,SR Bhudia,DM Nakrani,0,0,0
Uganda,11,Riazat Ali Shah,SR Bhudia,DM Nakrani,1,0,1
Uganda,11,DM Nakrani,SR Bhudia,Riazat Ali Shah,1,0,1
Uganda,11,Riazat Ali Shah,SR Bhudia,DM Nakrani,1,0,1
Uganda,11,DM Nakrani,SR Bhudia,Riazat Ali Shah,1,0,1
Uganda,12,DM Nakrani,SO Ngoche,Riazat Ali Shah,0,0,0
Uganda,12,Riazat Ali Shah,SO Ngoche,D Muhumuza,0,0,0
Uganda,12,Riazat Ali Shah,SO Ngoche,D Muhumuza,0,0,0
Uganda,12,Riazat Ali Shah,SO Ngoche,D Muhumuza,4,0,4
Uganda,12,Riazat Ali Shah,SO Ngoche,D Muhumuza,0,0,0
Uganda,12,Riazat Ali Shah,SO Ngoche,D Muhumuza,1,0,1
Uganda,13,Riazat Ali Shah,SR Bhudia,D Muhumuza,1,0,1
Uganda,13,D Muhumuza,SR Bhudia,Riazat Ali Shah,1,0,1
Uganda,13,Riazat Ali Shah,SR Bhudia,D Muhumuza,1,0,1
Uganda,13,D Muhumuza,SR Bhudia,Riazat Ali Shah,0,1,1
Uganda,13,D Muhumuza,SR Bhudia,Riazat Ali Shah,1,0,1
Uganda,13,Riazat Ali Shah,SR Bhudia,D Muhumuza,4,0,4
Uganda,13,Riazat Ali Shah,SR Bhudia,D Muhumuza,1,0,1
Uganda,14,Riazat Ali Shah,CO Obuya,D Muhumuza,1,0,1
Uganda,14,D Muhumuza,CO Obuya,Riazat Ali Shah,0,0,0
Uganda,14,D Muhumuza,CO Obuya,Riazat Ali Shah,1,0,1
Uganda,14,Riazat Ali Shah,CO Obuya,D Muhumuza,1,0,1
Uganda,14,D Muhumuza,CO Obuya,Riazat Ali Shah,0,0,0
Uganda,14,R Olipa,CO Obuya,Riazat Ali Shah,1,0,1
Uganda,15,R Olipa,NM Odhiambo,Riazat Ali Shah,1,0,1
Uganda,15,Riazat Ali Shah,NM Odhiambo,R Olipa,1,0,1
Uganda,15,R Olipa,NM Odhiambo,Riazat Ali Shah,1,0,1
Uganda,15,Riazat Ali Shah,NM Odhiambo,R Olipa,1,0,1
Uganda,15,R Olipa,NM Odhiambo,Riazat Ali Shah,0,0,0
Uganda,15,F Nsubuga,NM Odhiambo,Riazat Ali Shah,1,0,1
Uganda,16,F Nsubuga,CO Obuya,Riazat Ali Shah,0,0,0
Uganda,16,F Nsubuga,CO Obuya,Riazat Ali Shah,0,0,0
Uganda,16,F Nsubuga,CO Obuya,Riazat Ali Shah,0,0,0
Uganda,16,F Nsubuga,CO Obuya,Riazat Ali Shah,0,2,2
Uganda,16,Riazat Ali Shah,CO Obuya,F Nsubuga,0,0,0
Uganda,16,Riazat Ali Shah,CO Obuya,F Nsubuga,1,0,1
Uganda,16,F Nsubuga,CO Obuya,Riazat Ali Shah,0,0,0
Uganda,17,Riazat Ali Shah,E Otieno,F Nsubuga,1,0,1
Uganda,17,F Nsubuga,E Otieno,Riazat Ali Shah,1,0,1
Uganda,17,Riazat Ali Shah,E Otieno,F Nsubuga,1,0,1
Uganda,17,F Nsubuga,E Otieno,Riazat Ali Shah,0,1,1
Uganda,17,Riazat Ali Shah,E Otieno,F Nsubuga,1,0,1
Uganda,17,F Nsubuga,E Otieno,Riazat Ali Shah,6,0,6
Uganda,18,Riazat Ali Shah,LN Oluoch,F Nsubuga,1,0,1
Uganda,18,F Nsubuga,LN Oluoch,Riazat Ali Shah,0,0,0
Uganda,18,F Nsubuga,LN Oluoch,Riazat Ali Shah,1,0,1
Uganda,18,Riazat Ali Shah,LN Oluoch,F Nsubuga,0,0,0
Uganda,18,Riazat Ali Shah,LN Oluoch,F Nsubuga,6,0,6
Uganda,18,Riazat Ali Shah,LN Oluoch,F Nsubuga,1,0,1
Uganda,19,Riazat Ali Shah,E Otieno,F Nsubuga,0,1,1
Uganda,19,Riazat Ali Shah,E Otieno,F Nsubuga,1,0,1
Uganda,19,F Nsubuga,E Otieno,Riazat Ali Shah,0,0,0
Uganda,19,C Waiswa,E Otieno,Riazat Ali Shah,6,0,6
Uganda,19,C Waiswa,E Otieno,Riazat Ali Shah,0,0,0
Uganda,19,Riazat Ali Shah,E Otieno,H Ssenyondo,4,0,4
Uganda,19,Riazat Ali Shah,E Otieno,H Ssenyondo,6,0,6
