Team,Over,Batter,Bowler,Non_Striker,Batter_Runs,Extras,Total_Runs
Jersey,0,NJ Ferraby,ND Laegsgaard,C Bisson,0,0,0
Jersey,0,NJ Ferraby,ND Laegsgaard,C Bisson,0,0,0
Jersey,0,BDH Stevens,ND Laegsgaard,C Bisson,0,0,0
Jersey,0,BDH Stevens,ND Laegsgaard,C Bisson,1,0,1
Jersey,0,C Bisson,ND Laegsgaard,BDH Stevens,1,0,1
Jersey,0,BDH Stevens,ND Laegsgaard,C Bisson,4,0,4
Jersey,1,C Bisson,J Jojo,BDH Stevens,4,0,4
Jersey,1,C Bisson,J Jojo,BDH Stevens,0,0,0
Jersey,1,C Bisson,J Jojo,BDH Stevens,4,0,4
Jersey,1,C Bisson,J Jojo,BDH Stevens,0,0,0
Jersey,1,C Bisson,J Jojo,BDH Stevens,2,0,2
Jersey,1,C Bisson,J Jojo,BDH Stevens,0,0,0
Jersey,2,BDH Stevens,ND Laegsgaard,C Bisson,4,0,4
Jersey,2,BDH Stevens,ND Laegsgaard,C Bisson,0,1,1
Jersey,2,C Bisson,ND Laegsgaard,BDH Stevens,0,0,0
Jersey,2,C Bisson,ND Laegsgaard,BDH Stevens,4,0,4
Jersey,2,C Bisson,ND Laegsgaard,BDH Stevens,4,0,4
Jersey,2,C Bisson,ND Laegsgaard,BDH Stevens,0,0,0
Jersey,3,BDH Stevens,Delawar Khan,C Bisson,0,1,1
Jersey,3,C Bisson,Delawar Khan,BDH Stevens,2,0,2
Jersey,3,C Bisson,Delawar Khan,BDH Stevens,4,0,4
Jersey,3,C Bisson,Delawar Khan,BDH Stevens,0,0,0
Jersey,3,JW Jenner,Delawar Khan,BDH Stevens,0,0,0
Jersey,3,JW Jenner,Delawar Khan,BDH Stevens,0,0,0
Jersey,4,BDH Stevens,OD Hald,JW Jenner,0,1,1
Jersey,4,BDH Stevens,OD Hald,JW Jenner,1,0,1
Jersey,4,JW Jenner,OD Hald,BDH Stevens,0,0,0
Jersey,4,JW Jenner,OD Hald,BDH Stevens,0,0,0
Jersey,4,JW Jenner,OD Hald,BDH Stevens,1,0,1
Jersey,4,BDH Stevens,OD Hald,JW Jenner,0,0,0
Jersey,4,BDH Stevens,OD Hald,JW Jenner,0,0,0
Jersey,5,DG Blampied,Delawar Khan,JW Jenner,0,0,0
Jersey,5,DG Blampied,Delawar Khan,JW Jenner,0,0,0
Jersey,5,DG Blampied,Delawar Khan,JW Jenner,1,0,1
Jersey,5,JW Jenner,Delawar Khan,DG Blampied,3,0,3
Jersey,5,DG Blampied,Delawar Khan,JW Jenner,0,0,0
Jersey,5,DG Blampied,Delawar Khan,JW Jenner,0,0,0
Jersey,6,JW Jenner,OD Hald,DG Blampied,0,0,0
Jersey,6,JW Jenner,OD Hald,DG Blampied,0,0,0
Jersey,6,JW Jenner,OD Hald,DG Blampied,1,0,1
Jersey,6,DG Blampied,OD Hald,JW Jenner,0,0,0
Jersey,6,DG Blampied,OD Hald,JW Jenner,1,0,1
Jersey,6,JW Jenner,OD Hald,DG Blampied,1,0,1
Jersey,7,JW Jenner,Bashir Shah,DG Blampied,0,0,0
Jersey,7,JW Jenner,Bashir Shah,DG Blampied,4,0,4
Jersey,7,JW Jenner,Bashir Shah,DG Blampied,0,0,0
Jersey,7,JW Jenner,Bashir Shah,DG Blampied,1,0,1
Jersey,7,DG Blampied,Bashir Shah,JW Jenner,1,0,1
Jersey,7,JW Jenner,Bashir Shah,DG Blampied,0,0,0
Jersey,8,DG Blampied,SA Ahmad,JW Jenner,0,0,0
Jersey,8,DG Blampied,SA Ahmad,JW Jenner,1,0,1
Jersey,8,JW Jenner,SA Ahmad,DG Blampied,6,0,6
Jersey,8,JW Jenner,SA Ahmad,DG Blampied,2,0,2
Jersey,8,JW Jenner,SA Ahmad,DG Blampied,1,0,1
Jersey,8,DG Blampied,SA Ahmad,JW Jenner,2,0,2
Jersey,9,JW Jenner,Bashir Shah,DG Blampied,2,0,2
Jersey,9,JW Jenner,Bashir Shah,DG Blampied,4,0,4
Jersey,9,JW Jenner,Bashir Shah,DG Blampied,0,0,0
Jersey,9,JW Jenner,Bashir Shah,DG Blampied,1,0,1
Jersey,9,DG Blampied,Bashir Shah,JW Jenner,4,0,4
Jersey,9,DG Blampied,Bashir Shah,JW Jenner,2,0,2
Jersey,10,JW Jenner,J Jojo,DG Blampied,1,0,1
Jersey,10,DG Blampied,J Jojo,JW Jenner,0,0,0
Jersey,10,DG Blampied,J Jojo,JW Jenner,1,0,1
Jersey,10,JW Jenner,J Jojo,DG Blampied,0,1,1
Jersey,10,DG Blampied,J Jojo,JW Jenner,0,0,0
Jersey,10,DG Blampied,J Jojo,JW Jenner,1,0,1
Jersey,11,DG Blampied,HAM Shah,JW Jenner,1,0,1
Jersey,11,JW Jenner,HAM Shah,DG Blampied,6,0,6
Jersey,11,JW Jenner,HAM Shah,DG Blampied,2,0,2
Jersey,11,JW Jenner,HAM Shah,DG Blampied,0,0,0
Jersey,11,DG Blampied,HAM Shah,AW Hawkins-Kay,4,0,4
Jersey,11,DG Blampied,HAM Shah,AW Hawkins-Kay,0,0,0
Jersey,12,AW Hawkins-Kay,ND Laegsgaard,B Ward,0,0,0
Jersey,12,AW Hawkins-Kay,ND Laegsgaard,B Ward,1,0,1
Jersey,12,B Ward,ND Laegsgaard,AW Hawkins-Kay,0,0,0
Jersey,12,B Ward,ND Laegsgaard,AW Hawkins-Kay,0,0,0
Jersey,12,B Ward,ND Laegsgaard,AW Hawkins-Kay,1,0,1
Jersey,12,AW Hawkins-Kay,ND Laegsgaard,B Ward,1,0,1
Jersey,13,AW Hawkins-Kay,HAM Shah,B Ward,1,0,1
Jersey,13,B Ward,HAM Shah,AW Hawkins-Kay,0,0,0
Jersey,13,JE Dunford,HAM Shah,AW Hawkins-Kay,0,0,0
Jersey,13,JE Dunford,HAM Shah,AW Hawkins-Kay,0,0,0
Jersey,13,JE Dunford,HAM Shah,AW Hawkins-Kay,0,1,1
Jersey,13,AW Hawkins-Kay,HAM Shah,JE Dunford,0,0,0
Jersey,14,JE Dunford,ND Laegsgaard,AW Hawkins-Kay,1,0,1
Jersey,14,AW Hawkins-Kay,ND Laegsgaard,JE Dunford,0,0,0
Jersey,14,AW Hawkins-Kay,ND Laegsgaard,JE Dunford,1,0,1
Jersey,14,JE Dunford,ND Laegsgaard,AW Hawkins-Kay,1,0,1
Jersey,14,AW Hawkins-Kay,ND Laegsgaard,JE Dunford,0,1,1
Jersey,14,JE Dunford,ND Laegsgaard,AW Hawkins-Kay,1,0,1
Jersey,15,JE Dunford,HAM Shah,AW Hawkins-Kay,1,0,1
Jersey,15,AW Hawkins-Kay,HAM Shah,JE Dunford,1,0,1
Jersey,15,JE Dunford,HAM Shah,AW Hawkins-Kay,1,0,1
Jersey,15,AW Hawkins-Kay,HAM Shah,JE Dunford,1,0,1
Jersey,15,JE Dunford,HAM Shah,AW Hawkins-Kay,1,0,1
Jersey,15,AW Hawkins-Kay,HAM Shah,JE Dunford,1,0,1
Jersey,16,AW Hawkins-Kay,OD Hald,JE Dunford,0,0,0
Jersey,16,AW Hawkins-Kay,OD Hald,JE Dunford,1,0,1
Jersey,16,JE Dunford,OD Hald,AW Hawkins-Kay,2,0,2
Jersey,16,JE Dunford,OD Hald,AW Hawkins-Kay,0,0,0
Jersey,16,JE Dunford,OD Hald,AW Hawkins-Kay,0,0,0
Jersey,16,AW Hawkins-Kay,OD Hald,CW Perchard,1,0,1
Jersey,17,AW Hawkins-Kay,HAM Shah,CW Perchard,0,1,1
Jersey,17,CW Perchard,HAM Shah,AW Hawkins-Kay,1,0,1
Jersey,17,AW Hawkins-Kay,HAM Shah,CW Perchard,0,0,0
Jersey,17,EJB Miles,HAM Shah,CW Perchard,0,0,0
Jersey,17,EJB Miles,HAM Shah,CW Perchard,1,0,1
Jersey,17,CW Perchard,HAM Shah,EJB Miles,1,0,1
Jersey,18,CW Perchard,OD Hald,EJB Miles,0,0,0
Jersey,18,CW Perchard,OD Hald,EJB Miles,1,0,1
Jersey,18,EJB Miles,OD Hald,CW Perchard,1,0,1
Jersey,18,CW Perchard,OD Hald,EJB Miles,0,0,0
Jersey,18,CW Perchard,OD Hald,EJB Miles,1,0,1
Jersey,18,EJB Miles,OD Hald,CW Perchard,4,0,4
Jersey,19,CW Perchard,J Jojo,EJB Miles,1,0,1
Jersey,19,EJB Miles,J Jojo,CW Perchard,1,0,1
Jersey,19,CW Perchard,J Jojo,EJB Miles,0,2,2
Jersey,19,WJR Robertson,J Jojo,CW Perchard,0,0,0
Jersey,19,WJR Robertson,J Jojo,CW Perchard,1,0,1
Jersey,19,CW Perchard,J Jojo,WJR Robertson,0,1,1
Denmark,0,ND Laegsgaard,WJR Robertson,HAM Shah,0,0,0
Denmark,0,ND Laegsgaard,WJR Robertson,HAM Shah,0,0,0
Denmark,0,ND Laegsgaard,WJR Robertson,HAM Shah,1,0,1
Denmark,0,HAM Shah,WJR Robertson,ND Laegsgaard,0,0,0
Denmark,0,HAM Shah,WJR Robertson,ND Laegsgaard,0,0,0
Denmark,0,HAM Shah,WJR Robertson,ND Laegsgaard,4,0,4
Denmark,1,ND Laegsgaard,AW Hawkins-Kay,HAM Shah,1,0,1
Denmark,1,HAM Shah,AW Hawkins-Kay,ND Laegsgaard,0,0,0
Denmark,1,HAM Shah,AW Hawkins-Kay,ND Laegsgaard,1,0,1
Denmark,1,ND Laegsgaard,AW Hawkins-Kay,HAM Shah,0,0,0
Denmark,1,HAM Shah,AW Hawkins-Kay,T Bharaj,1,0,1
Denmark,1,T Bharaj,AW Hawkins-Kay,HAM Shah,0,0,0
Denmark,2,HAM Shah,WJR Robertson,T Bharaj,0,0,0
Denmark,2,Anique Uddin,WJR Robertson,HAM Shah,0,0,0
Denmark,2,Anique Uddin,WJR Robertson,HAM Shah,1,0,1
Denmark,2,HAM Shah,WJR Robertson,Anique Uddin,0,0,0
Denmark,2,HAM Shah,WJR Robertson,Anique Uddin,0,0,0
Denmark,2,HAM Shah,WJR Robertson,Anique Uddin,0,0,0
Denmark,3,Anique Uddin,AW Hawkins-Kay,HAM Shah,1,0,1
Denmark,3,HAM Shah,AW Hawkins-Kay,Anique Uddin,6,0,6
Denmark,3,HAM Shah,AW Hawkins-Kay,Anique Uddin,4,0,4
Denmark,3,HAM Shah,AW Hawkins-Kay,Anique Uddin,0,0,0
Denmark,3,HAM Shah,AW Hawkins-Kay,Anique Uddin,0,0,0
Denmark,3,Zishan Shah,AW Hawkins-Kay,Anique Uddin,0,0,0
Denmark,4,Anique Uddin,WJR Robertson,Zishan Shah,0,0,0
Denmark,4,Anique Uddin,WJR Robertson,Zishan Shah,0,0,0
Denmark,4,Anique Uddin,WJR Robertson,Zishan Shah,0,0,0
Denmark,4,Anique Uddin,WJR Robertson,Zishan Shah,0,0,0
Denmark,4,Anique Uddin,WJR Robertson,Zishan Shah,0,0,0
Denmark,4,Anique Uddin,WJR Robertson,Zishan Shah,0,0,0
Denmark,5,Zishan Shah,DG Blampied,Anique Uddin,0,0,0
Denmark,5,Zishan Shah,DG Blampied,Anique Uddin,0,0,0
Denmark,5,Zishan Shah,DG Blampied,Anique Uddin,4,0,4
Denmark,5,Zishan Shah,DG Blampied,Anique Uddin,0,0,0
Denmark,5,Zishan Shah,DG Blampied,Anique Uddin,1,0,1
Denmark,5,Anique Uddin,DG Blampied,Zishan Shah,1,0,1
Denmark,6,Anique Uddin,CW Perchard,Zishan Shah,0,0,0
Denmark,6,Anique Uddin,CW Perchard,Zishan Shah,1,0,1
Denmark,6,Zishan Shah,CW Perchard,Anique Uddin,2,0,2
Denmark,6,Zishan Shah,CW Perchard,Anique Uddin,1,0,1
Denmark,6,Anique Uddin,CW Perchard,Zishan Shah,1,0,1
Denmark,6,Zishan Shah,CW Perchard,Anique Uddin,1,0,1
Denmark,7,Zishan Shah,B Ward,Anique Uddin,0,1,1
Denmark,7,Anique Uddin,B Ward,Zishan Shah,1,0,1
Denmark,7,Zishan Shah,B Ward,Anique Uddin,0,0,0
Denmark,7,Zishan Shah,B Ward,Anique Uddin,0,0,0
Denmark,7,Zishan Shah,B Ward,Anique Uddin,0,0,0
Denmark,7,Zishan Shah,B Ward,Anique Uddin,1,0,1
Denmark,8,Zishan Shah,EJB Miles,Anique Uddin,0,0,0
Denmark,8,Anique Uddin,EJB Miles,Delawar Khan,1,0,1
Denmark,8,Delawar Khan,EJB Miles,Anique Uddin,0,0,0
Denmark,8,Anique Uddin,EJB Miles,SA Ahmad,0,0,0
Denmark,8,Abdul Hashim,EJB Miles,SA Ahmad,0,0,0
Denmark,8,Abdul Hashim,EJB Miles,SA Ahmad,0,0,0
Denmark,9,SA Ahmad,B Ward,Abdul Hashim,0,0,0
Denmark,9,SA Ahmad,B Ward,Abdul Hashim,0,0,0
Denmark,9,SA Ahmad,B Ward,Abdul Hashim,1,0,1
Denmark,9,Abdul Hashim,B Ward,SA Ahmad,1,0,1
Denmark,9,SA Ahmad,B Ward,Abdul Hashim,0,0,0
Denmark,9,SA Ahmad,B Ward,Abdul Hashim,1,0,1
Denmark,10,SA Ahmad,EJB Miles,Abdul Hashim,1,0,1
Denmark,10,Abdul Hashim,EJB Miles,SA Ahmad,1,0,1
Denmark,10,SA Ahmad,EJB Miles,Abdul Hashim,2,0,2
Denmark,10,SA Ahmad,EJB Miles,Abdul Hashim,0,0,0
Denmark,10,SA Ahmad,EJB Miles,Abdul Hashim,0,0,0
Denmark,10,SA Ahmad,EJB Miles,Abdul Hashim,0,0,0
Denmark,11,Abdul Hashim,B Ward,SA Ahmad,0,0,0
Denmark,11,Abdul Hashim,B Ward,SA Ahmad,1,0,1
Denmark,11,SA Ahmad,B Ward,Abdul Hashim,1,0,1
Denmark,11,Abdul Hashim,B Ward,SA Ahmad,0,0,0
Denmark,11,Abdul Hashim,B Ward,SA Ahmad,4,0,4
Denmark,11,Abdul Hashim,B Ward,SA Ahmad,4,0,4
Denmark,12,SA Ahmad,DG Blampied,Abdul Hashim,1,0,1
Denmark,12,Abdul Hashim,DG Blampied,SA Ahmad,0,0,0
Denmark,12,Abdul Hashim,DG Blampied,SA Ahmad,1,0,1
Denmark,12,SA Ahmad,DG Blampied,Abdul Hashim,0,0,0
Denmark,12,SA Ahmad,DG Blampied,Abdul Hashim,1,0,1
Denmark,12,Abdul Hashim,DG Blampied,SA Ahmad,1,0,1
Denmark,13,Abdul Hashim,CW Perchard,SA Ahmad,0,1,1
Denmark,13,Abdul Hashim,CW Perchard,SA Ahmad,0,0,0
Denmark,13,Abdul Hashim,CW Perchard,SA Ahmad,0,0,0
Denmark,13,Abdul Hashim,CW Perchard,SA Ahmad,0,0,0
Denmark,13,Abdul Hashim,CW Perchard,SA Ahmad,1,0,1
Denmark,13,SA Ahmad,CW Perchard,Abdul Hashim,1,0,1
Denmark,13,Abdul Hashim,CW Perchard,SA Ahmad,1,0,1
Denmark,14,Abdul Hashim,DG Blampied,SA Ahmad,1,0,1
Denmark,14,SA Ahmad,DG Blampied,Abdul Hashim,1,0,1
Denmark,14,Abdul Hashim,DG Blampied,SA Ahmad,1,0,1
Denmark,14,SA Ahmad,DG Blampied,Abdul Hashim,1,0,1
Denmark,14,Abdul Hashim,DG Blampied,SA Ahmad,0,0,0
Denmark,14,Abdul Hashim,DG Blampied,SA Ahmad,2,0,2
Denmark,15,SA Ahmad,B Ward,Abdul Hashim,1,0,1
Denmark,15,Abdul Hashim,B Ward,SA Ahmad,1,0,1
Denmark,15,SA Ahmad,B Ward,Abdul Hashim,1,0,1
Denmark,15,Abdul Hashim,B Ward,SA Ahmad,1,0,1
Denmark,15,SA Ahmad,B Ward,Abdul Hashim,1,0,1
Denmark,15,Abdul Hashim,B Ward,SA Ahmad,2,0,2
Denmark,16,SA Ahmad,EJB Miles,Abdul Hashim,1,0,1
Denmark,16,Abdul Hashim,EJB Miles,SA Ahmad,1,0,1
Denmark,16,SA Ahmad,EJB Miles,Abdul Hashim,0,0,0
Denmark,16,SA Ahmad,EJB Miles,Abdul Hashim,1,0,1
Denmark,16,Abdul Hashim,EJB Miles,SA Ahmad,1,0,1
Denmark,16,SA Ahmad,EJB Miles,Abdul Hashim,1,0,1
Denmark,17,SA Ahmad,DG Blampied,Abdul Hashim,4,0,4
Denmark,17,SA Ahmad,DG Blampied,Abdul Hashim,1,0,1
Denmark,17,Abdul Hashim,DG Blampied,SA Ahmad,1,0,1
Denmark,17,SA Ahmad,DG Blampied,Abdul Hashim,1,0,1
Denmark,17,Abdul Hashim,DG Blampied,SA Ahmad,3,0,3
Denmark,17,SA Ahmad,DG Blampied,Abdul Hashim,1,0,1
Denmark,18,SA Ahmad,CW Perchard,Abdul Hashim,0,0,0
Denmark,18,SA Ahmad,CW Perchard,Abdul Hashim,0,1,1
Denmark,18,SA Ahmad,CW Perchard,Abdul Hashim,0,1,1
Denmark,18,SA Ahmad,CW Perchard,Abdul Hashim,1,0,1
Denmark,18,OD Hald,CW Perchard,Abdul Hashim,1,0,1
Denmark,18,Abdul Hashim,CW Perchard,OD Hald,0,0,0
Denmark,18,OD Hald,CW Perchard,J Jojo,1,0,1
Denmark,18,J Jojo,CW Perchard,OD Hald,2,0,2
Denmark,19,OD Hald,AW Hawkins-Kay,J Jojo,4,0,4
Denmark,19,OD Hald,AW Hawkins-Kay,J Jojo,4,0,4
Denmark,19,OD Hald,AW Hawkins-Kay,J Jojo,1,0,1
Denmark,19,J Jojo,AW Hawkins-Kay,OD Hald,1,0,1
Denmark,19,OD Hald,AW Hawkins-Kay,J Jojo,2,0,2
Denmark,19,OD Hald,AW Hawkins-Kay,J Jojo,4,0,4
