Team,Over,Batter,Bowler,Non_Striker,Batter_Runs,Extras,Total_Runs
West Indies,0,HK Matthews,C Raack,B Cooper,0,0,0
West Indies,0,HK Matthews,C Raack,B Cooper,0,0,0
West Indies,0,HK Matthews,C Raack,B Cooper,1,0,1
West Indies,0,B Cooper,C Raack,HK Matthews,3,0,3
West Indies,0,HK Matthews,C Raack,B Cooper,4,0,4
West Indies,0,HK Matthews,C Raack,B Cooper,0,0,0
West Indies,1,B Cooper,KJ Garth,HK Matthews,1,0,1
West Indies,1,HK Matthews,KJ Garth,B Cooper,0,0,0
West Indies,1,HK Matthews,KJ Garth,B Cooper,0,1,1
West Indies,1,HK Matthews,KJ Garth,B Cooper,0,1,1
West Indies,1,HK Matthews,KJ Garth,B Cooper,0,0,0
West Indies,1,HK Matthews,KJ Garth,B Cooper,1,0,1
West Indies,1,B Cooper,KJ Garth,HK Matthews,0,0,0
West Indies,1,B Cooper,KJ Garth,HK Matthews,1,0,1
West Indies,2,B Cooper,L Little,HK Matthews,0,1,1
West Indies,2,B Cooper,L Little,HK Matthews,1,0,1
West Indies,2,HK Matthews,L Little,B Cooper,1,0,1
West Indies,2,B Cooper,L Little,HK Matthews,0,0,0
West Indies,2,B Cooper,L Little,HK Matthews,4,0,4
West Indies,2,B Cooper,L Little,HK Matthews,4,0,4
West Indies,2,B Cooper,L Little,HK Matthews,4,0,4
West Indies,3,HK Matthews,KJ Garth,B Cooper,0,1,1
West Indies,3,HK Matthews,KJ Garth,B Cooper,0,0,0
West Indies,3,HK Matthews,KJ Garth,B Cooper,1,0,1
West Indies,3,B Cooper,KJ Garth,HK Matthews,2,0,2
West Indies,3,B Cooper,KJ Garth,HK Matthews,0,0,0
West Indies,3,SACA King,KJ Garth,HK Matthews,4,0,4
West Indies,3,SACA King,KJ Garth,HK Matthews,1,0,1
West Indies,4,SACA King,S MacMahon,HK Matthews,0,0,0
West Indies,4,SACA King,S MacMahon,HK Matthews,0,1,1
West Indies,4,HK Matthews,S MacMahon,SACA King,0,0,0
West Indies,4,HK Matthews,S MacMahon,SACA King,1,0,1
West Indies,4,SACA King,S MacMahon,HK Matthews,0,0,0
West Indies,4,SACA King,S MacMahon,HK Matthews,0,1,1
West Indies,4,SACA King,S MacMahon,HK Matthews,0,0,0
West Indies,5,HK Matthews,C Raack,SACA King,0,0,0
West Indies,5,HK Matthews,C Raack,SACA King,2,0,2
West Indies,5,HK Matthews,C Raack,SACA King,1,0,1
West Indies,5,SACA King,C Raack,HK Matthews,0,0,0
West Indies,5,SACA King,C Raack,HK Matthews,0,0,0
West Indies,5,SACA King,C Raack,HK Matthews,0,0,0
West Indies,6,HK Matthews,S MacMahon,SACA King,0,1,1
West Indies,6,HK Matthews,S MacMahon,SACA King,0,0,0
West Indies,6,HK Matthews,S MacMahon,SACA King,0,0,0
West Indies,6,HK Matthews,S MacMahon,SACA King,0,0,0
West Indies,6,HK Matthews,S MacMahon,SACA King,1,0,1
West Indies,6,SACA King,S MacMahon,HK Matthews,0,0,0
West Indies,6,SACA King,S MacMahon,HK Matthews,0,0,0
West Indies,7,HK Matthews,L Maritz,SACA King,6,0,6
West Indies,7,HK Matthews,L Maritz,SACA King,0,0,0
West Indies,7,HK Matthews,L Maritz,SACA King,1,0,1
West Indies,7,SACA King,L Maritz,HK Matthews,0,1,1
West Indies,7,HK Matthews,L Maritz,SACA King,2,0,2
West Indies,7,HK Matthews,L Maritz,SACA King,0,0,0
West Indies,8,SACA King,AL Kerrison,HK Matthews,1,0,1
West Indies,8,HK Matthews,AL Kerrison,SACA King,0,0,0
West Indies,8,HK Matthews,AL Kerrison,SACA King,6,0,6
West Indies,8,HK Matthews,AL Kerrison,SACA King,0,0,0
West Indies,8,HK Matthews,AL Kerrison,SACA King,4,0,4
West Indies,8,HK Matthews,AL Kerrison,SACA King,0,0,0
West Indies,9,SACA King,L Maritz,HK Matthews,1,0,1
West Indies,9,HK Matthews,L Maritz,SACA King,1,0,1
West Indies,9,SACA King,L Maritz,HK Matthews,0,1,1
West Indies,9,SACA King,L Maritz,HK Matthews,1,0,1
West Indies,9,HK Matthews,L Maritz,SACA King,0,0,0
West Indies,9,SA Campbelle,L Maritz,SACA King,1,0,1
West Indies,9,SACA King,L Maritz,SA Campbelle,1,0,1
West Indies,10,SACA King,AL Kerrison,SA Campbelle,1,0,1
West Indies,10,SA Campbelle,AL Kerrison,SACA King,0,0,0
West Indies,10,SA Campbelle,AL Kerrison,SACA King,1,0,1
West Indies,10,SACA King,AL Kerrison,SA Campbelle,3,0,3
West Indies,10,SA Campbelle,AL Kerrison,SACA King,1,0,1
West Indies,10,SACA King,AL Kerrison,SA Campbelle,1,0,1
West Indies,11,SACA King,L Maritz,SA Campbelle,0,0,0
West Indies,11,SACA King,L Maritz,SA Campbelle,1,0,1
West Indies,11,SA Campbelle,L Maritz,SACA King,1,0,1
West Indies,11,SACA King,L Maritz,SA Campbelle,0,0,0
West Indies,11,SACA King,L Maritz,SA Campbelle,2,0,2
West Indies,11,SACA King,L Maritz,SA Campbelle,0,0,0
West Indies,12,SA Campbelle,L Little,SACA King,0,0,0
West Indies,12,SA Campbelle,L Little,SACA King,1,0,1
West Indies,12,SACA King,L Little,SA Campbelle,4,0,4
West Indies,12,SACA King,L Little,SA Campbelle,2,0,2
West Indies,12,SACA King,L Little,SA Campbelle,4,0,4
West Indies,12,SACA King,L Little,SA Campbelle,0,3,3
West Indies,12,SACA King,L Little,SA Campbelle,4,0,4
West Indies,13,SA Campbelle,C Raack,SACA King,4,0,4
West Indies,13,SA Campbelle,C Raack,SACA King,2,0,2
West Indies,13,SA Campbelle,C Raack,SACA King,0,0,0
West Indies,13,SA Campbelle,C Raack,SACA King,1,0,1
West Indies,13,SACA King,C Raack,SA Campbelle,2,0,2
West Indies,13,SACA King,C Raack,SA Campbelle,0,0,0
West Indies,14,SA Campbelle,S MacMahon,SACA King,1,0,1
West Indies,14,SACA King,S MacMahon,SA Campbelle,0,0,0
West Indies,14,SACA King,S MacMahon,SA Campbelle,1,0,1
West Indies,14,SA Campbelle,S MacMahon,SACA King,2,0,2
West Indies,14,SA Campbelle,S MacMahon,SACA King,0,0,0
West Indies,14,SA Campbelle,S MacMahon,SACA King,4,0,4
West Indies,15,SACA King,KJ Garth,SA Campbelle,0,0,0
West Indies,15,SA Campbelle,KJ Garth,CN Nation,0,0,0
West Indies,15,SA Campbelle,KJ Garth,CN Nation,0,0,0
West Indies,15,SA Campbelle,KJ Garth,CN Nation,0,0,0
West Indies,15,NY McLean,KJ Garth,CN Nation,0,0,0
West Indies,15,NY McLean,KJ Garth,CN Nation,1,0,1
West Indies,16,NY McLean,C Raack,CN Nation,0,0,0
West Indies,16,NY McLean,C Raack,CN Nation,1,0,1
West Indies,16,CN Nation,C Raack,NY McLean,0,0,0
West Indies,16,CN Nation,C Raack,NY McLean,4,0,4
West Indies,16,CN Nation,C Raack,NY McLean,0,0,0
West Indies,16,Kycia A Knight,C Raack,NY McLean,1,0,1
West Indies,17,Kycia A Knight,KJ Garth,NY McLean,1,0,1
West Indies,17,NY McLean,KJ Garth,Kycia A Knight,0,0,0
West Indies,17,NY McLean,KJ Garth,Kycia A Knight,1,0,1
West Indies,17,Kycia A Knight,KJ Garth,NY McLean,0,0,0
West Indies,17,Kycia A Knight,KJ Garth,NY McLean,4,0,4
West Indies,17,Kycia A Knight,KJ Garth,NY McLean,1,0,1
West Indies,18,Kycia A Knight,S MacMahon,NY McLean,4,0,4
West Indies,18,Kycia A Knight,S MacMahon,NY McLean,0,0,0
West Indies,18,NY McLean,S MacMahon,SR Taylor,1,0,1
West Indies,18,SR Taylor,S MacMahon,NY McLean,1,0,1
West Indies,18,NY McLean,S MacMahon,SR Taylor,2,0,2
West Indies,18,NY McLean,S MacMahon,SR Taylor,1,0,1
West Indies,19,NY McLean,L Maritz,SR Taylor,0,0,0
West Indies,19,NY McLean,L Maritz,SR Taylor,2,0,2
West Indies,19,NY McLean,L Maritz,SR Taylor,1,1,2
West Indies,19,SR Taylor,L Maritz,NY McLean,1,0,1
West Indies,19,NY McLean,L Maritz,SR Taylor,0,5,5
West Indies,19,NY McLean,L Maritz,SR Taylor,2,0,2
West Indies,19,NY McLean,L Maritz,SR Taylor,4,0,4
West Indies,19,NY McLean,L Maritz,SR Taylor,0,0,0
Ireland,0,MV Waldron,SC Selman,GH Lewis,0,0,0
Ireland,0,MV Waldron,SC Selman,GH Lewis,1,0,1
Ireland,0,GH Lewis,SC Selman,MV Waldron,0,0,0
Ireland,0,GH Lewis,SC Selman,MV Waldron,0,0,0
Ireland,0,GH Lewis,SC Selman,MV Waldron,4,0,4
Ireland,0,GH Lewis,SC Selman,MV Waldron,0,0,0
Ireland,1,MV Waldron,HK Matthews,GH Lewis,0,0,0
Ireland,1,MV Waldron,HK Matthews,GH Lewis,0,0,0
Ireland,1,MV Waldron,HK Matthews,GH Lewis,1,0,1
Ireland,1,GH Lewis,HK Matthews,MV Waldron,4,0,4
Ireland,1,GH Lewis,HK Matthews,MV Waldron,0,0,0
Ireland,1,GH Lewis,HK Matthews,MV Waldron,0,0,0
Ireland,2,MV Waldron,SC Selman,GH Lewis,0,0,0
Ireland,2,MV Waldron,SC Selman,GH Lewis,0,0,0
Ireland,2,MV Waldron,SC Selman,GH Lewis,0,0,0
Ireland,2,MV Waldron,SC Selman,GH Lewis,0,1,1
Ireland,2,GH Lewis,SC Selman,MV Waldron,1,0,1
Ireland,2,MV Waldron,SC Selman,GH Lewis,0,0,0
Ireland,3,GH Lewis,HK Matthews,MV Waldron,1,0,1
Ireland,3,MV Waldron,HK Matthews,GH Lewis,0,0,0
Ireland,3,MV Waldron,HK Matthews,GH Lewis,1,0,1
Ireland,3,GH Lewis,HK Matthews,MV Waldron,1,0,1
Ireland,3,MV Waldron,HK Matthews,GH Lewis,4,0,4
Ireland,3,MV Waldron,HK Matthews,GH Lewis,4,0,4
Ireland,4,GH Lewis,SACA King,MV Waldron,0,1,1
Ireland,4,GH Lewis,SACA King,MV Waldron,0,0,0
Ireland,4,KJ Garth,SACA King,MV Waldron,0,0,0
Ireland,4,KJ Garth,SACA King,MV Waldron,1,0,1
Ireland,4,MV Waldron,SACA King,KJ Garth,0,0,0
Ireland,4,MV Waldron,SACA King,KJ Garth,0,0,0
Ireland,4,MV Waldron,SACA King,KJ Garth,1,0,1
Ireland,5,MV Waldron,K Ramharack,KJ Garth,4,0,4
Ireland,5,MV Waldron,K Ramharack,KJ Garth,0,0,0
Ireland,5,MV Waldron,K Ramharack,KJ Garth,2,0,2
Ireland,5,MV Waldron,K Ramharack,KJ Garth,1,0,1
Ireland,5,KJ Garth,K Ramharack,MV Waldron,0,0,0
Ireland,5,KJ Garth,K Ramharack,MV Waldron,1,0,1
Ireland,6,KJ Garth,SACA King,MV Waldron,0,0,0
Ireland,6,KJ Garth,SACA King,MV Waldron,1,0,1
Ireland,6,MV Waldron,SACA King,KJ Garth,1,0,1
Ireland,6,KJ Garth,SACA King,MV Waldron,0,0,0
Ireland,6,KJ Garth,SACA King,MV Waldron,0,0,0
Ireland,6,KJ Garth,SACA King,MV Waldron,0,0,0
Ireland,7,MV Waldron,K Ramharack,KJ Garth,1,0,1
Ireland,7,KJ Garth,K Ramharack,MV Waldron,4,0,4
Ireland,7,KJ Garth,K Ramharack,MV Waldron,0,0,0
Ireland,7,KJ Garth,K Ramharack,MV Waldron,1,0,1
Ireland,7,MV Waldron,K Ramharack,KJ Garth,1,0,1
Ireland,7,KJ Garth,K Ramharack,MV Waldron,0,0,0
Ireland,8,MV Waldron,SACA King,KJ Garth,0,0,0
Ireland,8,MV Waldron,SACA King,KJ Garth,2,0,2
Ireland,8,MV Waldron,SACA King,KJ Garth,1,0,1
Ireland,8,KJ Garth,SACA King,MV Waldron,1,0,1
Ireland,8,MV Waldron,SACA King,KJ Garth,0,0,0
Ireland,8,R Stokell,SACA King,KJ Garth,0,0,0
Ireland,9,KJ Garth,K Ramharack,R Stokell,1,0,1
Ireland,9,R Stokell,K Ramharack,KJ Garth,1,0,1
Ireland,9,KJ Garth,K Ramharack,R Stokell,1,0,1
Ireland,9,R Stokell,K Ramharack,KJ Garth,0,0,0
Ireland,9,R Stokell,K Ramharack,KJ Garth,1,0,1
Ireland,9,KJ Garth,K Ramharack,R Stokell,2,0,2
Ireland,10,R Stokell,SACA King,KJ Garth,0,1,1
Ireland,10,KJ Garth,SACA King,R Stokell,0,0,0
Ireland,10,KJ Garth,SACA King,R Stokell,0,0,0
Ireland,10,KJ Garth,SACA King,R Stokell,1,0,1
Ireland,10,R Stokell,SACA King,KJ Garth,4,0,4
Ireland,10,R Stokell,SACA King,KJ Garth,1,0,1
Ireland,11,R Stokell,K Ramharack,KJ Garth,0,0,0
Ireland,11,SM Kavanagh,K Ramharack,KJ Garth,0,0,0
Ireland,11,SM Kavanagh,K Ramharack,KJ Garth,0,0,0
Ireland,11,SM Kavanagh,K Ramharack,KJ Garth,0,0,0
Ireland,11,SM Kavanagh,K Ramharack,KJ Garth,1,0,1
Ireland,11,KJ Garth,K Ramharack,SM Kavanagh,0,0,0
Ireland,12,SM Kavanagh,ASS Fletcher,KJ Garth,1,0,1
Ireland,12,KJ Garth,ASS Fletcher,SM Kavanagh,0,0,0
Ireland,12,KJ Garth,ASS Fletcher,SM Kavanagh,1,0,1
Ireland,12,SM Kavanagh,ASS Fletcher,KJ Garth,0,0,0
Ireland,12,SM Kavanagh,ASS Fletcher,KJ Garth,0,0,0
Ireland,12,SM Kavanagh,ASS Fletcher,KJ Garth,0,0,0
Ireland,13,KJ Garth,CN Nation,SM Kavanagh,2,0,2
Ireland,13,KJ Garth,CN Nation,SM Kavanagh,1,0,1
Ireland,13,SM Kavanagh,CN Nation,KJ Garth,0,0,0
Ireland,13,U Raymond-Hoey,CN Nation,KJ Garth,0,0,0
Ireland,13,U Raymond-Hoey,CN Nation,KJ Garth,1,0,1
Ireland,13,KJ Garth,CN Nation,U Raymond-Hoey,0,0,0
Ireland,14,U Raymond-Hoey,ASS Fletcher,KJ Garth,0,0,0
Ireland,14,L Little,ASS Fletcher,KJ Garth,0,0,0
Ireland,14,L Little,ASS Fletcher,KJ Garth,0,0,0
Ireland,14,L Little,ASS Fletcher,KJ Garth,0,0,0
Ireland,14,L Little,ASS Fletcher,KJ Garth,0,0,0
Ireland,14,KJ Garth,ASS Fletcher,S MacMahon,1,0,1
Ireland,15,KJ Garth,CN Nation,S MacMahon,0,0,0
Ireland,15,KJ Garth,CN Nation,S MacMahon,1,0,1
Ireland,15,S MacMahon,CN Nation,KJ Garth,4,0,4
Ireland,15,S MacMahon,CN Nation,KJ Garth,1,0,1
Ireland,15,KJ Garth,CN Nation,S MacMahon,1,0,1
Ireland,15,S MacMahon,CN Nation,KJ Garth,0,0,0
Ireland,16,KJ Garth,ASS Fletcher,S MacMahon,1,0,1
Ireland,16,S MacMahon,ASS Fletcher,KJ Garth,1,0,1
Ireland,16,KJ Garth,ASS Fletcher,S MacMahon,2,0,2
Ireland,16,KJ Garth,ASS Fletcher,S MacMahon,0,0,0
Ireland,16,KJ Garth,ASS Fletcher,S MacMahon,0,0,0
Ireland,16,KJ Garth,ASS Fletcher,S MacMahon,1,0,1
Ireland,17,KJ Garth,CN Nation,S MacMahon,0,0,0
Ireland,17,KJ Garth,CN Nation,S MacMahon,4,0,4
Ireland,17,KJ Garth,CN Nation,S MacMahon,0,1,1
Ireland,17,KJ Garth,CN Nation,S MacMahon,4,0,4
Ireland,17,KJ Garth,CN Nation,S MacMahon,1,0,1
Ireland,17,S MacMahon,CN Nation,KJ Garth,1,0,1
Ireland,17,KJ Garth,CN Nation,S MacMahon,1,0,1
Ireland,18,KJ Garth,ASS Fletcher,S MacMahon,2,0,2
Ireland,18,KJ Garth,ASS Fletcher,S MacMahon,6,0,6
Ireland,18,KJ Garth,ASS Fletcher,S MacMahon,1,0,1
Ireland,18,S MacMahon,ASS Fletcher,KJ Garth,1,0,1
Ireland,18,KJ Garth,ASS Fletcher,S MacMahon,1,0,1
Ireland,18,S MacMahon,ASS Fletcher,KJ Garth,1,0,1
Ireland,19,S MacMahon,CN Nation,KJ Garth,1,0,1
Ireland,19,KJ Garth,CN Nation,S MacMahon,0,0,0
Ireland,19,KJ Garth,CN Nation,S MacMahon,1,0,1
Ireland,19,S MacMahon,CN Nation,KJ Garth,1,0,1
Ireland,19,KJ Garth,CN Nation,S MacMahon,4,0,4
Ireland,19,KJ Garth,CN Nation,S MacMahon,1,0,1
