Team,Over,Batter,Bowler,Non_Striker,Batter_Runs,Extras,Total_Runs
England,0,JJ Roy,BC Fortuin,JC Buttler,0,0,0
England,0,JJ Roy,BC Fortuin,JC Buttler,1,0,1
England,0,JC Buttler,BC Fortuin,JJ Roy,1,0,1
England,0,JJ Roy,BC Fortuin,JC Buttler,0,0,0
England,0,JJ Roy,BC Fortuin,JC Buttler,6,0,6
England,0,JJ Roy,BC Fortuin,JC Buttler,1,0,1
England,1,JJ Roy,BE Hendricks,JC Buttler,0,0,0
England,1,JJ Roy,BE Hendricks,JC Buttler,0,0,0
England,1,JJ Roy,BE Hendricks,JC Buttler,4,0,4
England,1,JJ Roy,BE Hendricks,JC Buttler,1,0,1
England,1,JC Buttler,BE Hendricks,JJ Roy,1,0,1
England,1,JJ Roy,BE Hendricks,JC Buttler,1,0,1
England,2,JJ Roy,L Ngidi,JC Buttler,0,0,0
England,2,JJ Roy,L Ngidi,JC Buttler,0,0,0
England,2,JJ Roy,L Ngidi,JC Buttler,1,0,1
England,2,JC Buttler,L Ngidi,JJ Roy,0,0,0
England,2,JC Buttler,L Ngidi,JJ Roy,0,0,0
England,2,JM Bairstow,L Ngidi,JJ Roy,1,0,1
England,3,JM Bairstow,BC Fortuin,JJ Roy,0,0,0
England,3,JM Bairstow,BC Fortuin,JJ Roy,0,0,0
England,3,JM Bairstow,BC Fortuin,JJ Roy,0,0,0
England,3,JM Bairstow,BC Fortuin,JJ Roy,1,0,1
England,3,JJ Roy,BC Fortuin,JM Bairstow,1,0,1
England,3,JM Bairstow,BC Fortuin,JJ Roy,4,0,4
England,4,JJ Roy,L Ngidi,JM Bairstow,4,0,4
England,4,JJ Roy,L Ngidi,JM Bairstow,0,0,0
England,4,JJ Roy,L Ngidi,JM Bairstow,1,0,1
England,4,JM Bairstow,L Ngidi,JJ Roy,6,0,6
England,4,JM Bairstow,L Ngidi,JJ Roy,2,0,2
England,4,JM Bairstow,L Ngidi,JJ Roy,1,0,1
England,5,JM Bairstow,BE Hendricks,JJ Roy,4,0,4
England,5,JM Bairstow,BE Hendricks,JJ Roy,2,0,2
England,5,JM Bairstow,BE Hendricks,JJ Roy,1,0,1
England,5,JJ Roy,BE Hendricks,JM Bairstow,0,0,0
England,5,JJ Roy,BE Hendricks,JM Bairstow,6,0,6
England,5,JJ Roy,BE Hendricks,JM Bairstow,4,0,4
England,6,JM Bairstow,AL Phehlukwayo,JJ Roy,0,0,0
England,6,JM Bairstow,AL Phehlukwayo,JJ Roy,6,0,6
England,6,JM Bairstow,AL Phehlukwayo,JJ Roy,6,0,6
England,6,JM Bairstow,AL Phehlukwayo,JJ Roy,1,0,1
England,6,JJ Roy,AL Phehlukwayo,JM Bairstow,1,0,1
England,6,JM Bairstow,AL Phehlukwayo,JJ Roy,0,0,0
England,7,JJ Roy,T Shamsi,EJG Morgan,1,0,1
England,7,EJG Morgan,T Shamsi,JJ Roy,1,0,1
England,7,JJ Roy,T Shamsi,EJG Morgan,1,0,1
England,7,EJG Morgan,T Shamsi,JJ Roy,4,0,4
England,7,EJG Morgan,T Shamsi,JJ Roy,1,0,1
England,7,JJ Roy,T Shamsi,EJG Morgan,1,0,1
England,8,JJ Roy,AL Phehlukwayo,EJG Morgan,2,0,2
England,8,JJ Roy,AL Phehlukwayo,EJG Morgan,1,0,1
England,8,EJG Morgan,AL Phehlukwayo,JJ Roy,0,0,0
England,8,EJG Morgan,AL Phehlukwayo,JJ Roy,1,0,1
England,8,JJ Roy,AL Phehlukwayo,EJG Morgan,1,0,1
England,8,EJG Morgan,AL Phehlukwayo,JJ Roy,4,0,4
England,9,JJ Roy,T Shamsi,EJG Morgan,1,0,1
England,9,EJG Morgan,T Shamsi,JJ Roy,1,0,1
England,9,JJ Roy,T Shamsi,EJG Morgan,0,1,1
England,9,JJ Roy,T Shamsi,EJG Morgan,0,0,0
England,9,EJG Morgan,T Shamsi,BA Stokes,0,0,0
England,9,EJG Morgan,T Shamsi,BA Stokes,0,0,0
England,9,EJG Morgan,T Shamsi,BA Stokes,0,0,0
England,10,BA Stokes,D Pretorius,EJG Morgan,1,0,1
England,10,EJG Morgan,D Pretorius,BA Stokes,0,0,0
England,10,EJG Morgan,D Pretorius,BA Stokes,1,0,1
England,10,BA Stokes,D Pretorius,EJG Morgan,0,0,0
England,10,BA Stokes,D Pretorius,EJG Morgan,0,0,0
England,10,BA Stokes,D Pretorius,EJG Morgan,1,0,1
England,11,BA Stokes,T Shamsi,EJG Morgan,0,0,0
England,11,BA Stokes,T Shamsi,EJG Morgan,1,0,1
England,11,EJG Morgan,T Shamsi,BA Stokes,6,0,6
England,11,EJG Morgan,T Shamsi,BA Stokes,2,0,2
England,11,EJG Morgan,T Shamsi,BA Stokes,1,0,1
England,11,BA Stokes,T Shamsi,EJG Morgan,1,0,1
England,12,BA Stokes,D Pretorius,EJG Morgan,1,0,1
England,12,EJG Morgan,D Pretorius,BA Stokes,0,0,0
England,12,EJG Morgan,D Pretorius,BA Stokes,0,0,0
England,12,EJG Morgan,D Pretorius,BA Stokes,1,0,1
England,12,BA Stokes,D Pretorius,EJG Morgan,1,0,1
England,12,EJG Morgan,D Pretorius,BA Stokes,1,0,1
England,13,EJG Morgan,T Shamsi,BA Stokes,0,0,0
England,13,EJG Morgan,T Shamsi,BA Stokes,1,0,1
England,13,BA Stokes,T Shamsi,EJG Morgan,4,0,4
England,13,BA Stokes,T Shamsi,EJG Morgan,0,0,0
England,13,BA Stokes,T Shamsi,EJG Morgan,1,0,1
England,13,EJG Morgan,T Shamsi,BA Stokes,1,0,1
England,14,EJG Morgan,D Pretorius,BA Stokes,1,0,1
England,14,BA Stokes,D Pretorius,EJG Morgan,6,0,6
England,14,BA Stokes,D Pretorius,EJG Morgan,1,0,1
England,14,EJG Morgan,D Pretorius,BA Stokes,0,0,0
England,14,BA Stokes,D Pretorius,JL Denly,1,0,1
England,14,JL Denly,D Pretorius,BA Stokes,1,0,1
England,15,JL Denly,AL Phehlukwayo,BA Stokes,0,0,0
England,15,MM Ali,AL Phehlukwayo,BA Stokes,1,0,1
England,15,BA Stokes,AL Phehlukwayo,MM Ali,1,0,1
England,15,MM Ali,AL Phehlukwayo,BA Stokes,6,0,6
England,15,MM Ali,AL Phehlukwayo,BA Stokes,1,0,1
England,15,BA Stokes,AL Phehlukwayo,MM Ali,2,0,2
England,16,MM Ali,BE Hendricks,BA Stokes,1,0,1
England,16,BA Stokes,BE Hendricks,MM Ali,0,0,0
England,16,BA Stokes,BE Hendricks,MM Ali,1,0,1
England,16,MM Ali,BE Hendricks,BA Stokes,0,3,3
England,16,MM Ali,BE Hendricks,BA Stokes,6,0,6
England,16,MM Ali,BE Hendricks,BA Stokes,4,0,4
England,16,MM Ali,BE Hendricks,BA Stokes,6,0,6
England,17,BA Stokes,L Ngidi,MM Ali,4,0,4
England,17,BA Stokes,L Ngidi,MM Ali,1,0,1
England,17,MM Ali,L Ngidi,BA Stokes,6,0,6
England,17,MM Ali,L Ngidi,BA Stokes,4,0,4
England,17,MM Ali,L Ngidi,BA Stokes,4,0,4
England,17,MM Ali,L Ngidi,BA Stokes,0,0,0
England,18,BA Stokes,AL Phehlukwayo,CJ Jordan,4,0,4
England,18,BA Stokes,AL Phehlukwayo,CJ Jordan,1,0,1
England,18,CJ Jordan,AL Phehlukwayo,BA Stokes,1,0,1
England,18,BA Stokes,AL Phehlukwayo,CJ Jordan,0,0,0
England,18,BA Stokes,AL Phehlukwayo,CJ Jordan,1,0,1
England,18,CJ Jordan,AL Phehlukwayo,BA Stokes,6,0,6
England,19,BA Stokes,L Ngidi,CJ Jordan,4,0,4
England,19,BA Stokes,L Ngidi,CJ Jordan,1,0,1
England,19,CJ Jordan,L Ngidi,BA Stokes,0,0,0
England,19,BA Stokes,L Ngidi,TK Curran,6,0,6
England,19,BA Stokes,L Ngidi,TK Curran,2,0,2
England,19,BA Stokes,L Ngidi,TK Curran,0,2,2
South Africa,0,T Bavuma,MM Ali,Q de Kock,0,0,0
South Africa,0,T Bavuma,MM Ali,Q de Kock,0,0,0
South Africa,0,T Bavuma,MM Ali,Q de Kock,4,0,4
South Africa,0,T Bavuma,MM Ali,Q de Kock,1,0,1
South Africa,0,Q de Kock,MM Ali,T Bavuma,0,0,0
South Africa,0,Q de Kock,MM Ali,T Bavuma,0,0,0
South Africa,1,T Bavuma,TK Curran,Q de Kock,0,0,0
South Africa,1,T Bavuma,TK Curran,Q de Kock,2,0,2
South Africa,1,T Bavuma,TK Curran,Q de Kock,4,0,4
South Africa,1,T Bavuma,TK Curran,Q de Kock,0,0,0
South Africa,1,T Bavuma,TK Curran,Q de Kock,0,0,0
South Africa,1,T Bavuma,TK Curran,Q de Kock,1,0,1
South Africa,2,T Bavuma,MM Ali,Q de Kock,1,0,1
South Africa,2,Q de Kock,MM Ali,T Bavuma,1,0,1
South Africa,2,T Bavuma,MM Ali,Q de Kock,2,0,2
South Africa,2,T Bavuma,MM Ali,Q de Kock,2,0,2
South Africa,2,T Bavuma,MM Ali,Q de Kock,1,0,1
South Africa,2,Q de Kock,MM Ali,T Bavuma,4,0,4
South Africa,3,T Bavuma,CJ Jordan,Q de Kock,0,0,0
South Africa,3,T Bavuma,CJ Jordan,Q de Kock,1,0,1
South Africa,3,Q de Kock,CJ Jordan,T Bavuma,6,0,6
South Africa,3,Q de Kock,CJ Jordan,T Bavuma,1,0,1
South Africa,3,T Bavuma,CJ Jordan,Q de Kock,0,0,0
South Africa,3,T Bavuma,CJ Jordan,Q de Kock,2,0,2
South Africa,4,Q de Kock,MM Ali,T Bavuma,1,0,1
South Africa,4,T Bavuma,MM Ali,Q de Kock,1,0,1
South Africa,4,Q de Kock,MM Ali,T Bavuma,6,0,6
South Africa,4,Q de Kock,MM Ali,T Bavuma,0,0,0
South Africa,4,Q de Kock,MM Ali,T Bavuma,6,0,6
South Africa,4,Q de Kock,MM Ali,T Bavuma,6,0,6
South Africa,5,T Bavuma,TK Curran,Q de Kock,1,0,1
South Africa,5,Q de Kock,TK Curran,T Bavuma,1,0,1
South Africa,5,T Bavuma,TK Curran,Q de Kock,1,0,1
South Africa,5,Q de Kock,TK Curran,T Bavuma,6,0,6
South Africa,5,Q de Kock,TK Curran,T Bavuma,6,0,6
South Africa,5,Q de Kock,TK Curran,T Bavuma,1,0,1
South Africa,6,Q de Kock,AU Rashid,T Bavuma,2,0,2
South Africa,6,Q de Kock,AU Rashid,T Bavuma,6,0,6
South Africa,6,Q de Kock,AU Rashid,T Bavuma,1,0,1
South Africa,6,T Bavuma,AU Rashid,Q de Kock,2,0,2
South Africa,6,T Bavuma,AU Rashid,Q de Kock,0,0,0
South Africa,6,T Bavuma,AU Rashid,Q de Kock,0,0,0
South Africa,7,Q de Kock,MA Wood,T Bavuma,6,0,6
South Africa,7,Q de Kock,MA Wood,T Bavuma,1,0,1
South Africa,7,T Bavuma,MA Wood,Q de Kock,1,0,1
South Africa,7,Q de Kock,MA Wood,T Bavuma,4,0,4
South Africa,7,Q de Kock,MA Wood,T Bavuma,0,0,0
South Africa,7,DA Miller,MA Wood,T Bavuma,0,0,0
South Africa,8,T Bavuma,AU Rashid,DA Miller,1,0,1
South Africa,8,DA Miller,AU Rashid,T Bavuma,0,0,0
South Africa,8,DA Miller,AU Rashid,T Bavuma,1,0,1
South Africa,8,T Bavuma,AU Rashid,DA Miller,2,0,2
South Africa,8,T Bavuma,AU Rashid,DA Miller,1,0,1
South Africa,8,DA Miller,AU Rashid,T Bavuma,4,0,4
South Africa,9,T Bavuma,MA Wood,DA Miller,0,0,0
South Africa,9,HE van der Dussen,MA Wood,DA Miller,0,0,0
South Africa,9,HE van der Dussen,MA Wood,DA Miller,0,0,0
South Africa,9,HE van der Dussen,MA Wood,DA Miller,1,0,1
South Africa,9,DA Miller,MA Wood,HE van der Dussen,0,0,0
South Africa,9,DA Miller,MA Wood,HE van der Dussen,1,0,1
South Africa,10,DA Miller,AU Rashid,HE van der Dussen,6,0,6
South Africa,10,DA Miller,AU Rashid,HE van der Dussen,0,0,0
South Africa,10,DA Miller,AU Rashid,HE van der Dussen,6,0,6
South Africa,10,DA Miller,AU Rashid,HE van der Dussen,1,0,1
South Africa,10,HE van der Dussen,AU Rashid,DA Miller,1,0,1
South Africa,10,DA Miller,AU Rashid,HE van der Dussen,0,0,0
South Africa,11,HE van der Dussen,MA Wood,DA Miller,0,0,0
South Africa,11,HE van der Dussen,MA Wood,DA Miller,1,0,1
South Africa,11,DA Miller,MA Wood,HE van der Dussen,1,0,1
South Africa,11,HE van der Dussen,MA Wood,DA Miller,2,0,2
South Africa,11,HE van der Dussen,MA Wood,DA Miller,1,0,1
South Africa,11,DA Miller,MA Wood,HE van der Dussen,1,0,1
South Africa,12,DA Miller,BA Stokes,HE van der Dussen,0,0,0
South Africa,12,DA Miller,BA Stokes,HE van der Dussen,0,0,0
South Africa,12,DA Miller,BA Stokes,HE van der Dussen,0,0,0
South Africa,12,HE van der Dussen,BA Stokes,JT Smuts,1,0,1
South Africa,12,JT Smuts,BA Stokes,HE van der Dussen,1,0,1
South Africa,12,HE van der Dussen,BA Stokes,JT Smuts,1,0,1
South Africa,13,HE van der Dussen,CJ Jordan,JT Smuts,1,0,1
South Africa,13,JT Smuts,CJ Jordan,HE van der Dussen,1,0,1
South Africa,13,HE van der Dussen,CJ Jordan,JT Smuts,1,0,1
South Africa,13,JT Smuts,CJ Jordan,HE van der Dussen,1,0,1
South Africa,13,HE van der Dussen,CJ Jordan,JT Smuts,0,0,0
South Africa,13,HE van der Dussen,CJ Jordan,JT Smuts,1,0,1
South Africa,14,HE van der Dussen,BA Stokes,JT Smuts,4,0,4
South Africa,14,HE van der Dussen,BA Stokes,JT Smuts,1,0,1
South Africa,14,JT Smuts,BA Stokes,HE van der Dussen,0,1,1
South Africa,14,HE van der Dussen,BA Stokes,JT Smuts,6,0,6
South Africa,14,HE van der Dussen,BA Stokes,JT Smuts,1,0,1
South Africa,14,JT Smuts,BA Stokes,HE van der Dussen,1,0,1
South Africa,15,JT Smuts,TK Curran,HE van der Dussen,0,1,1
South Africa,15,JT Smuts,TK Curran,HE van der Dussen,6,0,6
South Africa,15,JT Smuts,TK Curran,HE van der Dussen,0,0,0
South Africa,15,JT Smuts,TK Curran,HE van der Dussen,1,0,1
South Africa,15,HE van der Dussen,TK Curran,JT Smuts,1,0,1
South Africa,15,JT Smuts,TK Curran,HE van der Dussen,0,0,0
South Africa,15,JT Smuts,TK Curran,HE van der Dussen,1,0,1
South Africa,16,JT Smuts,CJ Jordan,HE van der Dussen,1,0,1
South Africa,16,HE van der Dussen,CJ Jordan,JT Smuts,0,1,1
South Africa,16,HE van der Dussen,CJ Jordan,JT Smuts,1,0,1
South Africa,16,JT Smuts,CJ Jordan,HE van der Dussen,0,0,0
South Africa,16,AL Phehlukwayo,CJ Jordan,HE van der Dussen,0,0,0
South Africa,16,D Pretorius,CJ Jordan,HE van der Dussen,2,0,2
South Africa,16,D Pretorius,CJ Jordan,HE van der Dussen,0,0,0
South Africa,17,HE van der Dussen,MA Wood,D Pretorius,1,0,1
South Africa,17,D Pretorius,MA Wood,HE van der Dussen,1,0,1
South Africa,17,HE van der Dussen,MA Wood,D Pretorius,6,0,6
South Africa,17,HE van der Dussen,MA Wood,D Pretorius,0,1,1
South Africa,17,HE van der Dussen,MA Wood,D Pretorius,6,0,6
South Africa,17,HE van der Dussen,MA Wood,D Pretorius,4,0,4
South Africa,17,HE van der Dussen,MA Wood,D Pretorius,0,0,0
South Africa,18,D Pretorius,CJ Jordan,HE van der Dussen,1,0,1
South Africa,18,HE van der Dussen,CJ Jordan,D Pretorius,1,0,1
South Africa,18,D Pretorius,CJ Jordan,HE van der Dussen,2,0,2
South Africa,18,D Pretorius,CJ Jordan,HE van der Dussen,2,0,2
South Africa,18,D Pretorius,CJ Jordan,HE van der Dussen,4,0,4
South Africa,18,D Pretorius,CJ Jordan,HE van der Dussen,1,0,1
South Africa,19,D Pretorius,TK Curran,HE van der Dussen,0,0,0
South Africa,19,D Pretorius,TK Curran,HE van der Dussen,6,0,6
South Africa,19,D Pretorius,TK Curran,HE van der Dussen,4,0,4
South Africa,19,D Pretorius,TK Curran,HE van der Dussen,2,0,2
South Africa,19,D Pretorius,TK Curran,HE van der Dussen,0,0,0
South Africa,19,BC Fortuin,TK Curran,HE van der Dussen,0,0,0
