Team,Over,Batter,Bowler,Non_Striker,Batter_Runs,Extras,Total_Runs
South Africa,0,T Bavuma,MM Ali,Q de Kock,1,0,1
South Africa,0,Q de Kock,MM Ali,T Bavuma,1,0,1
South Africa,0,T Bavuma,MM Ali,Q de Kock,1,0,1
South Africa,0,Q de Kock,MM Ali,T Bavuma,0,0,0
South Africa,0,Q de Kock,MM Ali,T Bavuma,1,0,1
South Africa,0,T Bavuma,MM Ali,Q de Kock,0,0,0
South Africa,1,Q de Kock,TK Curran,T Bavuma,0,0,0
South Africa,1,Q de Kock,TK Curran,T Bavuma,0,0,0
South Africa,1,Q de Kock,TK Curran,T Bavuma,4,0,4
South Africa,1,Q de Kock,TK Curran,T Bavuma,4,0,4
South Africa,1,Q de Kock,TK Curran,T Bavuma,6,0,6
South Africa,1,Q de Kock,TK Curran,T Bavuma,1,0,1
South Africa,2,Q de Kock,MM Ali,T Bavuma,2,0,2
South Africa,2,Q de Kock,MM Ali,T Bavuma,1,0,1
South Africa,2,T Bavuma,MM Ali,Q de Kock,2,0,2
South Africa,2,T Bavuma,MM Ali,Q de Kock,2,0,2
South Africa,2,T Bavuma,MM Ali,Q de Kock,0,2,2
South Africa,2,T Bavuma,MM Ali,Q de Kock,0,0,0
South Africa,3,Q de Kock,MA Wood,T Bavuma,4,1,5
South Africa,3,Q de Kock,MA Wood,T Bavuma,6,0,6
South Africa,3,Q de Kock,MA Wood,T Bavuma,1,0,1
South Africa,3,T Bavuma,MA Wood,Q de Kock,2,0,2
South Africa,3,T Bavuma,MA Wood,Q de Kock,0,0,0
South Africa,3,T Bavuma,MA Wood,Q de Kock,2,0,2
South Africa,3,T Bavuma,MA Wood,Q de Kock,4,0,4
South Africa,4,Q de Kock,MM Ali,T Bavuma,0,0,0
South Africa,4,HE van der Dussen,MM Ali,T Bavuma,0,0,0
South Africa,4,HE van der Dussen,MM Ali,T Bavuma,0,0,0
South Africa,4,HE van der Dussen,MM Ali,T Bavuma,1,0,1
South Africa,4,T Bavuma,MM Ali,HE van der Dussen,4,0,4
South Africa,4,T Bavuma,MM Ali,HE van der Dussen,1,0,1
South Africa,5,T Bavuma,CJ Jordan,HE van der Dussen,1,0,1
South Africa,5,HE van der Dussen,CJ Jordan,T Bavuma,4,0,4
South Africa,5,HE van der Dussen,CJ Jordan,T Bavuma,0,0,0
South Africa,5,HE van der Dussen,CJ Jordan,T Bavuma,6,0,6
South Africa,5,HE van der Dussen,CJ Jordan,T Bavuma,2,0,2
South Africa,5,HE van der Dussen,CJ Jordan,T Bavuma,1,0,1
South Africa,6,HE van der Dussen,MA Wood,T Bavuma,1,0,1
South Africa,6,T Bavuma,MA Wood,HE van der Dussen,4,0,4
South Africa,6,T Bavuma,MA Wood,HE van der Dussen,2,0,2
South Africa,6,T Bavuma,MA Wood,HE van der Dussen,1,0,1
South Africa,6,HE van der Dussen,MA Wood,T Bavuma,0,0,0
South Africa,6,HE van der Dussen,MA Wood,T Bavuma,1,0,1
South Africa,7,HE van der Dussen,AU Rashid,T Bavuma,1,0,1
South Africa,7,T Bavuma,AU Rashid,HE van der Dussen,1,0,1
South Africa,7,HE van der Dussen,AU Rashid,T Bavuma,0,1,1
South Africa,7,T Bavuma,AU Rashid,HE van der Dussen,1,0,1
South Africa,7,HE van der Dussen,AU Rashid,T Bavuma,1,0,1
South Africa,7,T Bavuma,AU Rashid,HE van der Dussen,2,0,2
South Africa,8,HE van der Dussen,TK Curran,T Bavuma,0,0,0
South Africa,8,HE van der Dussen,TK Curran,T Bavuma,0,1,1
South Africa,8,HE van der Dussen,TK Curran,T Bavuma,4,0,4
South Africa,8,HE van der Dussen,TK Curran,T Bavuma,2,0,2
South Africa,8,HE van der Dussen,TK Curran,T Bavuma,1,0,1
South Africa,8,T Bavuma,TK Curran,HE van der Dussen,4,0,4
South Africa,8,T Bavuma,TK Curran,HE van der Dussen,1,0,1
South Africa,9,T Bavuma,AU Rashid,HE van der Dussen,1,0,1
South Africa,9,HE van der Dussen,AU Rashid,T Bavuma,0,0,0
South Africa,9,HE van der Dussen,AU Rashid,T Bavuma,4,0,4
South Africa,9,HE van der Dussen,AU Rashid,T Bavuma,0,0,0
South Africa,9,HE van der Dussen,AU Rashid,T Bavuma,0,2,2
South Africa,9,HE van der Dussen,AU Rashid,T Bavuma,1,0,1
South Africa,10,HE van der Dussen,BA Stokes,T Bavuma,0,0,0
South Africa,10,HE van der Dussen,BA Stokes,T Bavuma,1,0,1
South Africa,10,T Bavuma,BA Stokes,HE van der Dussen,4,0,4
South Africa,10,T Bavuma,BA Stokes,HE van der Dussen,1,0,1
South Africa,10,HE van der Dussen,BA Stokes,T Bavuma,0,0,0
South Africa,10,DA Miller,BA Stokes,T Bavuma,0,0,0
South Africa,11,T Bavuma,AU Rashid,DA Miller,1,0,1
South Africa,11,DA Miller,AU Rashid,T Bavuma,1,0,1
South Africa,11,T Bavuma,AU Rashid,DA Miller,0,0,0
South Africa,11,JT Smuts,AU Rashid,DA Miller,0,0,0
South Africa,11,JT Smuts,AU Rashid,DA Miller,0,0,0
South Africa,11,JT Smuts,AU Rashid,DA Miller,0,0,0
South Africa,12,DA Miller,MM Ali,JT Smuts,0,0,0
South Africa,12,DA Miller,MM Ali,JT Smuts,1,0,1
South Africa,12,JT Smuts,MM Ali,DA Miller,1,0,1
South Africa,12,DA Miller,MM Ali,JT Smuts,2,0,2
South Africa,12,DA Miller,MM Ali,JT Smuts,1,0,1
South Africa,12,JT Smuts,MM Ali,DA Miller,0,0,0
South Africa,13,DA Miller,AU Rashid,JT Smuts,4,0,4
South Africa,13,DA Miller,AU Rashid,JT Smuts,1,0,1
South Africa,13,JT Smuts,AU Rashid,DA Miller,1,0,1
South Africa,13,DA Miller,AU Rashid,JT Smuts,2,0,2
South Africa,13,DA Miller,AU Rashid,JT Smuts,1,0,1
South Africa,13,JT Smuts,AU Rashid,DA Miller,0,1,1
South Africa,14,JT Smuts,BA Stokes,DA Miller,1,0,1
South Africa,14,DA Miller,BA Stokes,JT Smuts,1,0,1
South Africa,14,JT Smuts,BA Stokes,DA Miller,1,0,1
South Africa,14,DA Miller,BA Stokes,JT Smuts,1,0,1
South Africa,14,JT Smuts,BA Stokes,DA Miller,0,1,1
South Africa,14,JT Smuts,BA Stokes,DA Miller,1,0,1
South Africa,14,DA Miller,BA Stokes,JT Smuts,1,0,1
South Africa,15,DA Miller,TK Curran,JT Smuts,0,0,0
South Africa,15,JT Smuts,TK Curran,AL Phehlukwayo,1,0,1
South Africa,15,AL Phehlukwayo,TK Curran,JT Smuts,6,0,6
South Africa,15,AL Phehlukwayo,TK Curran,JT Smuts,1,0,1
South Africa,15,JT Smuts,TK Curran,AL Phehlukwayo,4,0,4
South Africa,15,JT Smuts,TK Curran,AL Phehlukwayo,1,0,1
South Africa,16,JT Smuts,BA Stokes,AL Phehlukwayo,1,0,1
South Africa,16,AL Phehlukwayo,BA Stokes,JT Smuts,0,1,1
South Africa,16,AL Phehlukwayo,BA Stokes,JT Smuts,1,0,1
South Africa,16,JT Smuts,BA Stokes,AL Phehlukwayo,4,0,4
South Africa,16,JT Smuts,BA Stokes,AL Phehlukwayo,2,0,2
South Africa,16,JT Smuts,BA Stokes,AL Phehlukwayo,1,0,1
South Africa,16,AL Phehlukwayo,BA Stokes,JT Smuts,0,1,1
South Africa,16,AL Phehlukwayo,BA Stokes,JT Smuts,0,1,1
South Africa,17,AL Phehlukwayo,CJ Jordan,JT Smuts,1,0,1
South Africa,17,JT Smuts,CJ Jordan,AL Phehlukwayo,0,0,0
South Africa,17,JT Smuts,CJ Jordan,AL Phehlukwayo,1,0,1
South Africa,17,AL Phehlukwayo,CJ Jordan,JT Smuts,6,0,6
South Africa,17,AL Phehlukwayo,CJ Jordan,JT Smuts,0,0,0
South Africa,17,AL Phehlukwayo,CJ Jordan,JT Smuts,1,0,1
South Africa,18,AL Phehlukwayo,MA Wood,JT Smuts,0,0,0
South Africa,18,AL Phehlukwayo,MA Wood,JT Smuts,0,0,0
South Africa,18,AL Phehlukwayo,MA Wood,JT Smuts,1,0,1
South Africa,18,JT Smuts,MA Wood,AL Phehlukwayo,0,0,0
South Africa,18,AL Phehlukwayo,MA Wood,D Pretorius,1,0,1
South Africa,18,D Pretorius,MA Wood,AL Phehlukwayo,1,0,1
South Africa,19,D Pretorius,CJ Jordan,AL Phehlukwayo,0,0,0
South Africa,19,BE Hendricks,CJ Jordan,AL Phehlukwayo,0,0,0
South Africa,19,DW Steyn,CJ Jordan,AL Phehlukwayo,4,0,4
South Africa,19,DW Steyn,CJ Jordan,AL Phehlukwayo,1,0,1
South Africa,19,AL Phehlukwayo,CJ Jordan,DW Steyn,0,0,0
South Africa,19,AL Phehlukwayo,CJ Jordan,DW Steyn,0,0,0
England,0,JJ Roy,DW Steyn,JC Buttler,1,0,1
England,0,JC Buttler,DW Steyn,JJ Roy,1,0,1
England,0,JJ Roy,DW Steyn,JC Buttler,1,0,1
England,0,JC Buttler,DW Steyn,JJ Roy,4,0,4
England,0,JC Buttler,DW Steyn,JJ Roy,4,0,4
England,0,JC Buttler,DW Steyn,JJ Roy,0,0,0
England,1,JJ Roy,L Ngidi,JC Buttler,1,0,1
England,1,JC Buttler,L Ngidi,JJ Roy,0,0,0
England,1,JC Buttler,L Ngidi,JJ Roy,0,0,0
England,1,JC Buttler,L Ngidi,JJ Roy,0,0,0
England,1,JC Buttler,L Ngidi,JJ Roy,2,0,2
England,1,JC Buttler,L Ngidi,JJ Roy,4,0,4
England,2,JJ Roy,DW Steyn,JC Buttler,1,0,1
England,2,JC Buttler,DW Steyn,JJ Roy,0,0,0
England,2,JM Bairstow,DW Steyn,JJ Roy,0,0,0
England,2,JM Bairstow,DW Steyn,JJ Roy,0,0,0
England,2,JM Bairstow,DW Steyn,JJ Roy,0,0,0
England,2,JM Bairstow,DW Steyn,JJ Roy,4,0,4
England,3,JJ Roy,JT Smuts,JM Bairstow,0,0,0
England,3,JJ Roy,JT Smuts,JM Bairstow,6,0,6
England,3,JJ Roy,JT Smuts,JM Bairstow,4,0,4
England,3,JJ Roy,JT Smuts,JM Bairstow,6,0,6
England,3,JJ Roy,JT Smuts,JM Bairstow,4,0,4
England,3,JJ Roy,JT Smuts,JM Bairstow,2,0,2
England,4,JM Bairstow,DW Steyn,JJ Roy,4,0,4
England,4,JM Bairstow,DW Steyn,JJ Roy,4,0,4
England,4,JM Bairstow,DW Steyn,JJ Roy,0,0,0
England,4,JM Bairstow,DW Steyn,JJ Roy,0,0,0
England,4,JM Bairstow,DW Steyn,JJ Roy,1,0,1
England,4,JJ Roy,DW Steyn,JM Bairstow,1,0,1
England,5,JJ Roy,L Ngidi,JM Bairstow,6,0,6
England,5,JJ Roy,L Ngidi,JM Bairstow,0,0,0
England,5,JJ Roy,L Ngidi,JM Bairstow,4,0,4
England,5,JJ Roy,L Ngidi,JM Bairstow,1,0,1
England,5,JM Bairstow,L Ngidi,JJ Roy,1,0,1
England,5,JJ Roy,L Ngidi,JM Bairstow,1,0,1
England,6,JJ Roy,AL Phehlukwayo,JM Bairstow,1,0,1
England,6,JM Bairstow,AL Phehlukwayo,JJ Roy,2,0,2
England,6,JM Bairstow,AL Phehlukwayo,JJ Roy,1,0,1
England,6,JJ Roy,AL Phehlukwayo,JM Bairstow,1,0,1
England,6,JM Bairstow,AL Phehlukwayo,JJ Roy,1,0,1
England,6,JJ Roy,AL Phehlukwayo,JM Bairstow,4,0,4
England,7,JM Bairstow,T Shamsi,JJ Roy,1,0,1
England,7,JJ Roy,T Shamsi,JM Bairstow,1,0,1
England,7,JM Bairstow,T Shamsi,JJ Roy,1,0,1
England,7,JJ Roy,T Shamsi,JM Bairstow,1,0,1
England,7,JM Bairstow,T Shamsi,JJ Roy,1,0,1
England,7,JJ Roy,T Shamsi,JM Bairstow,4,0,4
England,8,JM Bairstow,AL Phehlukwayo,JJ Roy,1,0,1
England,8,JJ Roy,AL Phehlukwayo,JM Bairstow,1,0,1
England,8,JM Bairstow,AL Phehlukwayo,JJ Roy,1,0,1
England,8,JJ Roy,AL Phehlukwayo,JM Bairstow,1,0,1
England,8,JM Bairstow,AL Phehlukwayo,JJ Roy,0,0,0
England,8,EJG Morgan,AL Phehlukwayo,JJ Roy,1,0,1
England,9,EJG Morgan,T Shamsi,JJ Roy,0,0,0
England,9,EJG Morgan,T Shamsi,JJ Roy,1,0,1
England,9,JJ Roy,T Shamsi,EJG Morgan,0,0,0
England,9,JJ Roy,T Shamsi,EJG Morgan,1,0,1
England,9,EJG Morgan,T Shamsi,JJ Roy,0,0,0
England,9,EJG Morgan,T Shamsi,JJ Roy,1,0,1
England,10,EJG Morgan,AL Phehlukwayo,JJ Roy,1,0,1
England,10,JJ Roy,AL Phehlukwayo,EJG Morgan,1,0,1
England,10,EJG Morgan,AL Phehlukwayo,JJ Roy,1,0,1
England,10,JJ Roy,AL Phehlukwayo,EJG Morgan,1,0,1
England,10,EJG Morgan,AL Phehlukwayo,JJ Roy,4,0,4
England,10,EJG Morgan,AL Phehlukwayo,JJ Roy,4,0,4
England,11,JJ Roy,T Shamsi,EJG Morgan,2,0,2
England,11,JJ Roy,T Shamsi,EJG Morgan,1,0,1
England,11,EJG Morgan,T Shamsi,JJ Roy,0,0,0
England,11,EJG Morgan,T Shamsi,JJ Roy,1,0,1
England,11,JJ Roy,T Shamsi,EJG Morgan,1,0,1
England,11,EJG Morgan,T Shamsi,JJ Roy,1,0,1
England,12,EJG Morgan,DW Steyn,JJ Roy,0,0,0
England,12,EJG Morgan,DW Steyn,JJ Roy,1,0,1
England,12,JJ Roy,DW Steyn,EJG Morgan,4,0,4
England,12,JJ Roy,DW Steyn,EJG Morgan,0,0,0
England,12,JJ Roy,DW Steyn,EJG Morgan,1,0,1
England,12,EJG Morgan,DW Steyn,JJ Roy,1,0,1
England,13,EJG Morgan,T Shamsi,JJ Roy,0,0,0
England,13,EJG Morgan,T Shamsi,JJ Roy,1,0,1
England,13,JJ Roy,T Shamsi,EJG Morgan,0,1,1
England,13,EJG Morgan,T Shamsi,JJ Roy,1,0,1
England,13,JJ Roy,T Shamsi,EJG Morgan,1,0,1
England,13,EJG Morgan,T Shamsi,JJ Roy,4,0,4
England,14,JJ Roy,BE Hendricks,EJG Morgan,4,0,4
England,14,JJ Roy,BE Hendricks,EJG Morgan,0,0,0
England,14,JL Denly,BE Hendricks,EJG Morgan,1,0,1
England,14,EJG Morgan,BE Hendricks,JL Denly,0,0,0
England,14,EJG Morgan,BE Hendricks,JL Denly,1,0,1
England,14,JL Denly,BE Hendricks,EJG Morgan,0,0,0
England,15,EJG Morgan,AL Phehlukwayo,JL Denly,1,0,1
England,15,JL Denly,AL Phehlukwayo,EJG Morgan,2,0,2
England,15,JL Denly,AL Phehlukwayo,EJG Morgan,0,0,0
England,15,EJG Morgan,AL Phehlukwayo,BA Stokes,1,0,1
England,15,BA Stokes,AL Phehlukwayo,EJG Morgan,0,0,0
England,15,BA Stokes,AL Phehlukwayo,EJG Morgan,1,0,1
England,16,BA Stokes,BE Hendricks,EJG Morgan,1,0,1
England,16,EJG Morgan,BE Hendricks,BA Stokes,4,0,4
England,16,EJG Morgan,BE Hendricks,BA Stokes,0,0,0
England,16,EJG Morgan,BE Hendricks,BA Stokes,1,0,1
England,16,BA Stokes,BE Hendricks,EJG Morgan,1,0,1
England,16,EJG Morgan,BE Hendricks,BA Stokes,4,0,4
England,17,BA Stokes,L Ngidi,EJG Morgan,0,0,0
England,17,BA Stokes,L Ngidi,EJG Morgan,1,0,1
England,17,EJG Morgan,L Ngidi,BA Stokes,1,0,1
England,17,BA Stokes,L Ngidi,EJG Morgan,0,0,0
England,17,EJG Morgan,L Ngidi,MM Ali,1,0,1
England,17,MM Ali,L Ngidi,EJG Morgan,2,0,2
England,18,EJG Morgan,BE Hendricks,MM Ali,1,0,1
England,18,MM Ali,BE Hendricks,EJG Morgan,1,0,1
England,18,EJG Morgan,BE Hendricks,MM Ali,4,0,4
England,18,EJG Morgan,BE Hendricks,MM Ali,4,0,4
England,18,EJG Morgan,BE Hendricks,MM Ali,6,0,6
England,18,EJG Morgan,BE Hendricks,MM Ali,0,0,0
England,19,TK Curran,L Ngidi,MM Ali,2,0,2
England,19,TK Curran,L Ngidi,MM Ali,0,0,0
England,19,MM Ali,L Ngidi,CJ Jordan,0,0,0
England,19,MM Ali,L Ngidi,CJ Jordan,2,0,2
England,19,MM Ali,L Ngidi,CJ Jordan,0,0,0
England,19,AU Rashid,L Ngidi,CJ Jordan,1,0,1
