Team,Over,Batter,Bowler,Non_Striker,Batter_Runs,Extras,Total_Runs
Thailand,0,DF Jacobs,Syed Aziz,Md Shafiqul Haque,1,0,1
Thailand,0,Md Shafiqul Haque,Syed Aziz,DF Jacobs,0,1,1
Thailand,0,DF Jacobs,Syed Aziz,Md Shafiqul Haque,1,0,1
Thailand,0,Md Shafiqul Haque,Syed Aziz,DF Jacobs,1,0,1
Thailand,0,DF Jacobs,Syed Aziz,Md Shafiqul Haque,0,0,0
Thailand,0,DF Jacobs,Syed Aziz,Md Shafiqul Haque,0,0,0
Thailand,1,Md Shafiqul Haque,Nazril Rahman,DF Jacobs,0,2,2
Thailand,1,DF Jacobs,Nazril Rahman,Md Shafiqul Haque,4,0,4
Thailand,1,DF Jacobs,Nazril Rahman,Md Shafiqul Haque,1,0,1
Thailand,1,Md Shafiqul Haque,Nazril Rahman,DF Jacobs,0,1,1
Thailand,1,Md Shafiqul Haque,Nazril Rahman,DF Jacobs,0,1,1
Thailand,1,Md Shafiqul Haque,Nazril Rahman,DF Jacobs,0,1,1
Thailand,1,Md Shafiqul Haque,Nazril Rahman,DF Jacobs,0,0,0
Thailand,1,Md Shafiqul Haque,Nazril Rahman,DF Jacobs,1,0,1
Thailand,1,DF Jacobs,Nazril Rahman,Md Shafiqul Haque,0,0,0
Thailand,1,DF Jacobs,Nazril Rahman,Md Shafiqul Haque,4,0,4
Thailand,2,Md Shafiqul Haque,Syed Aziz,DF Jacobs,1,0,1
Thailand,2,DF Jacobs,Syed Aziz,Md Shafiqul Haque,1,0,1
Thailand,2,Md Shafiqul Haque,Syed Aziz,DF Jacobs,0,0,0
Thailand,2,Md Shafiqul Haque,Syed Aziz,DF Jacobs,1,0,1
Thailand,2,DF Jacobs,Syed Aziz,Md Shafiqul Haque,0,0,0
Thailand,2,DF Jacobs,Syed Aziz,Md Shafiqul Haque,2,0,2
Thailand,3,Md Shafiqul Haque,M Syahadat Ramli,DF Jacobs,0,0,0
Thailand,3,Md Shafiqul Haque,M Syahadat Ramli,DF Jacobs,1,0,1
Thailand,3,DF Jacobs,M Syahadat Ramli,Md Shafiqul Haque,1,0,1
Thailand,3,Md Shafiqul Haque,M Syahadat Ramli,DF Jacobs,0,0,0
Thailand,3,Md Shafiqul Haque,M Syahadat Ramli,DF Jacobs,1,0,1
Thailand,3,DF Jacobs,M Syahadat Ramli,Md Shafiqul Haque,1,0,1
Thailand,4,DF Jacobs,Fitri Sham,Md Shafiqul Haque,0,0,0
Thailand,4,DF Jacobs,Fitri Sham,Md Shafiqul Haque,0,0,0
Thailand,4,DF Jacobs,Fitri Sham,Md Shafiqul Haque,0,0,0
Thailand,4,HJ Jordaan,Fitri Sham,Md Shafiqul Haque,0,0,0
Thailand,4,HJ Jordaan,Fitri Sham,Md Shafiqul Haque,1,0,1
Thailand,4,Md Shafiqul Haque,Fitri Sham,HJ Jordaan,2,0,2
Thailand,5,HJ Jordaan,M Syahadat Ramli,Md Shafiqul Haque,0,0,0
Thailand,5,HJ Jordaan,M Syahadat Ramli,Md Shafiqul Haque,1,0,1
Thailand,5,Md Shafiqul Haque,M Syahadat Ramli,HJ Jordaan,2,0,2
Thailand,5,Md Shafiqul Haque,M Syahadat Ramli,HJ Jordaan,1,0,1
Thailand,5,HJ Jordaan,M Syahadat Ramli,Md Shafiqul Haque,0,0,0
Thailand,5,N Pathan,M Syahadat Ramli,HJ Jordaan,1,0,1
Thailand,6,N Pathan,S Muniandy,HJ Jordaan,2,0,2
Thailand,6,N Pathan,S Muniandy,HJ Jordaan,4,0,4
Thailand,6,N Pathan,S Muniandy,HJ Jordaan,0,0,0
Thailand,6,N Pathan,S Muniandy,HJ Jordaan,1,0,1
Thailand,6,HJ Jordaan,S Muniandy,N Pathan,1,0,1
Thailand,6,N Pathan,S Muniandy,HJ Jordaan,0,1,1
Thailand,6,N Pathan,S Muniandy,HJ Jordaan,1,0,1
Thailand,7,N Pathan,Anwar Rahman,HJ Jordaan,0,0,0
Thailand,7,N Pathan,Anwar Rahman,HJ Jordaan,0,0,0
Thailand,7,NA Janes,Anwar Rahman,HJ Jordaan,0,0,0
Thailand,7,K Suttisan,Anwar Rahman,HJ Jordaan,4,0,4
Thailand,7,K Suttisan,Anwar Rahman,HJ Jordaan,0,0,0
Thailand,7,Anowarul Islam,Anwar Rahman,HJ Jordaan,0,0,0
Thailand,8,HJ Jordaan,S Muniandy,Anowarul Islam,1,0,1
Thailand,8,Anowarul Islam,S Muniandy,HJ Jordaan,0,2,2
Thailand,8,HJ Jordaan,S Muniandy,Anowarul Islam,0,0,0
Thailand,8,HJ Jordaan,S Muniandy,Anowarul Islam,4,0,4
Thailand,8,HJ Jordaan,S Muniandy,Anowarul Islam,0,0,0
Thailand,8,HJ Jordaan,S Muniandy,Anowarul Islam,1,0,1
Thailand,8,Anowarul Islam,S Muniandy,HJ Jordaan,1,0,1
Thailand,9,Anowarul Islam,Anwar Rahman,HJ Jordaan,0,0,0
Thailand,9,Anowarul Islam,Anwar Rahman,HJ Jordaan,1,0,1
Thailand,9,HJ Jordaan,Anwar Rahman,Anowarul Islam,1,0,1
Thailand,9,Anowarul Islam,Anwar Rahman,HJ Jordaan,1,0,1
Thailand,9,HJ Jordaan,Anwar Rahman,Anowarul Islam,0,0,0
Thailand,9,HJ Jordaan,Anwar Rahman,Anowarul Islam,0,1,1
Thailand,10,HJ Jordaan,S Muniandy,Anowarul Islam,4,0,4
Thailand,10,HJ Jordaan,S Muniandy,Anowarul Islam,0,0,0
Thailand,10,HJ Jordaan,S Muniandy,Anowarul Islam,0,0,0
Thailand,10,HJ Jordaan,S Muniandy,Anowarul Islam,0,0,0
Thailand,10,HJ Jordaan,S Muniandy,Anowarul Islam,0,0,0
Thailand,10,HJ Jordaan,S Muniandy,Anowarul Islam,0,1,1
Thailand,10,HJ Jordaan,S Muniandy,Anowarul Islam,0,0,0
Thailand,11,Anowarul Islam,Anwar Rahman,HJ Jordaan,0,0,0
Thailand,11,Anowarul Islam,Anwar Rahman,HJ Jordaan,0,0,0
Thailand,11,Anowarul Islam,Anwar Rahman,HJ Jordaan,6,0,6
Thailand,11,Anowarul Islam,Anwar Rahman,HJ Jordaan,0,0,0
Thailand,11,Anowarul Islam,Anwar Rahman,HJ Jordaan,0,0,0
Thailand,11,Anowarul Islam,Anwar Rahman,HJ Jordaan,0,0,0
Thailand,12,HJ Jordaan,M Syahadat Ramli,C Pengkumta,1,0,1
Thailand,12,C Pengkumta,M Syahadat Ramli,HJ Jordaan,1,0,1
Thailand,12,HJ Jordaan,M Syahadat Ramli,C Pengkumta,0,0,0
Thailand,12,HJ Jordaan,M Syahadat Ramli,C Pengkumta,1,0,1
Thailand,12,C Pengkumta,M Syahadat Ramli,HJ Jordaan,0,0,0
Thailand,12,C Pengkumta,M Syahadat Ramli,HJ Jordaan,0,0,0
Thailand,13,HJ Jordaan,Anwar Rahman,C Pengkumta,1,0,1
Thailand,13,C Pengkumta,Anwar Rahman,HJ Jordaan,0,0,0
Thailand,13,C Pengkumta,Anwar Rahman,HJ Jordaan,0,0,0
Thailand,13,C Pengkumta,Anwar Rahman,HJ Jordaan,1,0,1
Thailand,13,HJ Jordaan,Anwar Rahman,C Pengkumta,0,0,0
Thailand,13,HJ Jordaan,Anwar Rahman,C Pengkumta,1,0,1
Thailand,14,HJ Jordaan,Fitri Sham,C Pengkumta,1,0,1
Thailand,14,C Pengkumta,Fitri Sham,HJ Jordaan,0,0,0
Thailand,14,C Pengkumta,Fitri Sham,HJ Jordaan,1,0,1
Thailand,14,HJ Jordaan,Fitri Sham,C Pengkumta,1,0,1
Thailand,14,C Pengkumta,Fitri Sham,HJ Jordaan,1,0,1
Thailand,14,HJ Jordaan,Fitri Sham,C Pengkumta,1,0,1
Thailand,15,HJ Jordaan,Syed Aziz,C Pengkumta,0,0,0
Thailand,15,HJ Jordaan,Syed Aziz,C Pengkumta,1,0,1
Thailand,15,C Pengkumta,Syed Aziz,HJ Jordaan,1,0,1
Thailand,15,HJ Jordaan,Syed Aziz,C Pengkumta,2,0,2
Thailand,15,HJ Jordaan,Syed Aziz,C Pengkumta,1,0,1
Thailand,15,C Pengkumta,Syed Aziz,HJ Jordaan,0,0,0
Thailand,16,HJ Jordaan,Fitri Sham,C Pengkumta,1,0,1
Thailand,16,C Pengkumta,Fitri Sham,HJ Jordaan,0,1,1
Thailand,16,HJ Jordaan,Fitri Sham,C Pengkumta,1,0,1
Thailand,16,C Pengkumta,Fitri Sham,HJ Jordaan,1,0,1
Thailand,16,HJ Jordaan,Fitri Sham,C Pengkumta,1,0,1
Thailand,16,C Pengkumta,Fitri Sham,HJ Jordaan,1,0,1
Thailand,17,C Pengkumta,Syed Aziz,HJ Jordaan,4,0,4
Thailand,17,C Pengkumta,Syed Aziz,HJ Jordaan,2,0,2
Thailand,17,C Pengkumta,Syed Aziz,HJ Jordaan,4,0,4
Thailand,17,C Pengkumta,Syed Aziz,HJ Jordaan,1,0,1
Thailand,17,HJ Jordaan,Syed Aziz,C Pengkumta,2,0,2
Thailand,17,HJ Jordaan,Syed Aziz,C Pengkumta,1,0,1
Thailand,18,HJ Jordaan,M Syahadat Ramli,C Pengkumta,1,0,1
Thailand,18,C Pengkumta,M Syahadat Ramli,HJ Jordaan,0,0,0
Thailand,18,HJ Jordaan,M Syahadat Ramli,S Hongsi,1,0,1
Thailand,18,S Hongsi,M Syahadat Ramli,HJ Jordaan,1,0,1
Thailand,18,HJ Jordaan,M Syahadat Ramli,S Hongsi,1,0,1
Thailand,18,S Hongsi,M Syahadat Ramli,HJ Jordaan,0,0,0
Thailand,19,HJ Jordaan,Fitri Sham,S Hongsi,0,0,0
Thailand,19,HJ Jordaan,Fitri Sham,S Hongsi,2,0,2
Thailand,19,HJ Jordaan,Fitri Sham,S Hongsi,1,0,1
Thailand,19,S Hongsi,Fitri Sham,HJ Jordaan,0,0,0
Thailand,19,S Hongsi,Fitri Sham,HJ Jordaan,6,0,6
Thailand,19,S Hongsi,Fitri Sham,HJ Jordaan,4,0,4
Malaysia,0,Shafiq Sharif,M Faheem,Anwar Arudin,0,1,1
Malaysia,0,Shafiq Sharif,M Faheem,Anwar Arudin,0,0,0
Malaysia,0,Shafiq Sharif,M Faheem,Anwar Arudin,4,0,4
Malaysia,0,Shafiq Sharif,M Faheem,Anwar Arudin,0,0,0
Malaysia,0,Shafiq Sharif,M Faheem,Anwar Arudin,0,0,0
Malaysia,0,Shafiq Sharif,M Faheem,Anwar Arudin,3,0,3
Malaysia,0,Anwar Arudin,M Faheem,Shafiq Sharif,0,1,1
Malaysia,1,Anwar Arudin,Anowarul Islam,Shafiq Sharif,0,1,1
Malaysia,1,Anwar Arudin,Anowarul Islam,Shafiq Sharif,0,0,0
Malaysia,1,Anwar Arudin,Anowarul Islam,Shafiq Sharif,0,1,1
Malaysia,1,Anwar Arudin,Anowarul Islam,Shafiq Sharif,1,0,1
Malaysia,1,Shafiq Sharif,Anowarul Islam,Anwar Arudin,0,0,0
Malaysia,1,Shafiq Sharif,Anowarul Islam,Anwar Arudin,0,0,0
Malaysia,1,Shafiq Sharif,Anowarul Islam,Anwar Arudin,1,0,1
Malaysia,1,Anwar Arudin,Anowarul Islam,Shafiq Sharif,0,0,0
Malaysia,2,Shafiq Sharif,M Faheem,Anwar Arudin,1,0,1
Malaysia,2,Anwar Arudin,M Faheem,Shafiq Sharif,0,0,0
Malaysia,2,Syed Aziz,M Faheem,Shafiq Sharif,1,0,1
Malaysia,2,Shafiq Sharif,M Faheem,Syed Aziz,0,1,1
Malaysia,2,Shafiq Sharif,M Faheem,Syed Aziz,4,0,4
Malaysia,2,Shafiq Sharif,M Faheem,Syed Aziz,4,0,4
Malaysia,2,Shafiq Sharif,M Faheem,Syed Aziz,0,0,0
Malaysia,3,Syed Aziz,Anowarul Islam,Shafiq Sharif,0,0,0
Malaysia,3,Syed Aziz,Anowarul Islam,Shafiq Sharif,1,0,1
Malaysia,3,Shafiq Sharif,Anowarul Islam,Syed Aziz,0,0,0
Malaysia,3,Shafiq Sharif,Anowarul Islam,Syed Aziz,4,0,4
Malaysia,3,Shafiq Sharif,Anowarul Islam,Syed Aziz,0,0,0
Malaysia,3,Shafiq Sharif,Anowarul Islam,Syed Aziz,6,0,6
Malaysia,4,Syed Aziz,C Pengkumta,Shafiq Sharif,4,0,4
Malaysia,4,Syed Aziz,C Pengkumta,Shafiq Sharif,0,1,1
Malaysia,4,Syed Aziz,C Pengkumta,Shafiq Sharif,0,4,4
Malaysia,4,Syed Aziz,C Pengkumta,Shafiq Sharif,1,0,1
Malaysia,4,Shafiq Sharif,C Pengkumta,Syed Aziz,0,0,0
Malaysia,4,Shafiq Sharif,C Pengkumta,Syed Aziz,1,0,1
Malaysia,4,Syed Aziz,C Pengkumta,Shafiq Sharif,0,1,1
Malaysia,4,Syed Aziz,C Pengkumta,Shafiq Sharif,1,0,1
Malaysia,5,Syed Aziz,N Pathan,Shafiq Sharif,0,0,0
Malaysia,5,Syed Aziz,N Pathan,Shafiq Sharif,0,0,0
Malaysia,5,Syed Aziz,N Pathan,Shafiq Sharif,0,1,1
Malaysia,5,Syed Aziz,N Pathan,Shafiq Sharif,4,0,4
Malaysia,5,Syed Aziz,N Pathan,Shafiq Sharif,4,0,4
Malaysia,5,Syed Aziz,N Pathan,Shafiq Sharif,0,0,0
Malaysia,5,Syed Aziz,N Pathan,Shafiq Sharif,0,0,0
Malaysia,6,Shafiq Sharif,C Pengkumta,Syed Aziz,2,0,2
Malaysia,6,Shafiq Sharif,C Pengkumta,Syed Aziz,0,0,0
Malaysia,6,Shafiq Sharif,C Pengkumta,Syed Aziz,0,0,0
Malaysia,6,Shafiq Sharif,C Pengkumta,Syed Aziz,0,0,0
Malaysia,6,Shafiq Sharif,C Pengkumta,Syed Aziz,1,0,1
Malaysia,6,Syed Aziz,C Pengkumta,Shafiq Sharif,2,0,2
Malaysia,7,Shafiq Sharif,Vichanath Singh,Syed Aziz,0,0,0
Malaysia,7,Shafiq Sharif,Vichanath Singh,Syed Aziz,0,0,0
Malaysia,7,Shafiq Sharif,Vichanath Singh,Syed Aziz,0,0,0
Malaysia,7,Shafiq Sharif,Vichanath Singh,Syed Aziz,0,0,0
Malaysia,7,Ahmed Faiz,Vichanath Singh,Syed Aziz,0,0,0
Malaysia,7,Ahmed Faiz,Vichanath Singh,Syed Aziz,0,0,0
Malaysia,8,Syed Aziz,C Pengkumta,Ahmed Faiz,1,0,1
Malaysia,8,Ahmed Faiz,C Pengkumta,Syed Aziz,0,0,0
Malaysia,8,Ahmed Faiz,C Pengkumta,Syed Aziz,0,0,0
Malaysia,8,Ahmed Faiz,C Pengkumta,Syed Aziz,4,0,4
Malaysia,8,Ahmed Faiz,C Pengkumta,Syed Aziz,0,0,0
Malaysia,8,Ahmed Faiz,C Pengkumta,Syed Aziz,2,0,2
Malaysia,9,Syed Aziz,Vichanath Singh,Ahmed Faiz,2,0,2
Malaysia,9,Syed Aziz,Vichanath Singh,Ahmed Faiz,0,1,1
Malaysia,9,Syed Aziz,Vichanath Singh,Ahmed Faiz,1,0,1
Malaysia,9,Ahmed Faiz,Vichanath Singh,Syed Aziz,4,0,4
Malaysia,9,Ahmed Faiz,Vichanath Singh,Syed Aziz,1,0,1
Malaysia,9,Syed Aziz,Vichanath Singh,Ahmed Faiz,1,0,1
Malaysia,9,Ahmed Faiz,Vichanath Singh,Syed Aziz,1,0,1
Malaysia,10,Ahmed Faiz,S Hongsi,Syed Aziz,4,0,4
Malaysia,10,Ahmed Faiz,S Hongsi,Syed Aziz,1,0,1
Malaysia,10,Syed Aziz,S Hongsi,Ahmed Faiz,1,0,1
Malaysia,10,Ahmed Faiz,S Hongsi,Syed Aziz,1,0,1
Malaysia,10,Syed Aziz,S Hongsi,Ahmed Faiz,0,0,0
Malaysia,10,Syed Aziz,S Hongsi,Ahmed Faiz,0,0,0
Malaysia,11,Ahmed Faiz,Vichanath Singh,Syed Aziz,0,0,0
Malaysia,11,Ahmed Faiz,Vichanath Singh,Syed Aziz,1,0,1
Malaysia,11,Syed Aziz,Vichanath Singh,Ahmed Faiz,0,0,0
Malaysia,11,Syed Aziz,Vichanath Singh,Ahmed Faiz,4,0,4
Malaysia,11,Syed Aziz,Vichanath Singh,Ahmed Faiz,6,0,6
Malaysia,11,Syed Aziz,Vichanath Singh,Ahmed Faiz,1,0,1
Malaysia,12,Syed Aziz,S Hongsi,Ahmed Faiz,6,0,6
Malaysia,12,Syed Aziz,S Hongsi,Ahmed Faiz,1,0,1
Malaysia,12,Ahmed Faiz,S Hongsi,Syed Aziz,4,0,4
Malaysia,12,Ahmed Faiz,S Hongsi,Syed Aziz,1,0,1
Malaysia,12,Syed Aziz,S Hongsi,Ahmed Faiz,0,0,0
Malaysia,12,Syed Aziz,S Hongsi,Ahmed Faiz,1,0,1
Malaysia,13,Syed Aziz,Vichanath Singh,Ahmed Faiz,1,0,1
Malaysia,13,Ahmed Faiz,Vichanath Singh,Syed Aziz,1,0,1
Malaysia,13,Syed Aziz,Vichanath Singh,Ahmed Faiz,0,0,0
Malaysia,13,Syed Aziz,Vichanath Singh,Ahmed Faiz,1,0,1
Malaysia,13,Ahmed Faiz,Vichanath Singh,Syed Aziz,1,0,1
Malaysia,13,Syed Aziz,Vichanath Singh,Ahmed Faiz,1,0,1
Malaysia,14,Syed Aziz,NA Janes,Ahmed Faiz,0,0,0
Malaysia,14,Syed Aziz,NA Janes,Ahmed Faiz,6,0,6
Malaysia,14,Syed Aziz,NA Janes,Ahmed Faiz,0,0,0
Malaysia,14,Syed Aziz,NA Janes,Ahmed Faiz,1,0,1
Malaysia,14,Ahmed Faiz,NA Janes,Syed Aziz,1,0,1
Malaysia,14,Syed Aziz,NA Janes,Ahmed Faiz,4,0,4
