Team,Over,Batter,Bowler,Non_Striker,Batter_Runs,Extras,Total_Runs
West Indies,0,LMP Simmons,Washington Sundar,E Lewis,1,0,1
West Indies,0,E Lewis,Washington Sundar,LMP Simmons,4,0,4
West Indies,0,E Lewis,Washington Sundar,LMP Simmons,6,0,6
West Indies,0,E Lewis,Washington Sundar,LMP Simmons,0,0,0
West Indies,0,E Lewis,Washington Sundar,LMP Simmons,1,0,1
West Indies,0,LMP Simmons,Washington Sundar,E Lewis,1,0,1
West Indies,1,LMP Simmons,DL Chahar,E Lewis,0,0,0
West Indies,1,LMP Simmons,DL Chahar,E Lewis,0,0,0
West Indies,1,BA King,DL Chahar,E Lewis,0,1,1
West Indies,1,BA King,DL Chahar,E Lewis,1,0,1
West Indies,1,E Lewis,DL Chahar,BA King,1,0,1
West Indies,1,BA King,DL Chahar,E Lewis,4,0,4
West Indies,1,BA King,DL Chahar,E Lewis,1,0,1
West Indies,2,BA King,B Kumar,E Lewis,1,0,1
West Indies,2,E Lewis,B Kumar,BA King,0,1,1
West Indies,2,BA King,B Kumar,E Lewis,1,0,1
West Indies,2,E Lewis,B Kumar,BA King,1,0,1
West Indies,2,BA King,B Kumar,E Lewis,2,0,2
West Indies,2,BA King,B Kumar,E Lewis,0,0,0
West Indies,3,E Lewis,DL Chahar,BA King,6,0,6
West Indies,3,E Lewis,DL Chahar,BA King,4,0,4
West Indies,3,E Lewis,DL Chahar,BA King,0,1,1
West Indies,3,E Lewis,DL Chahar,BA King,1,0,1
West Indies,3,BA King,DL Chahar,E Lewis,0,0,0
West Indies,3,BA King,DL Chahar,E Lewis,6,0,6
West Indies,3,BA King,DL Chahar,E Lewis,1,0,1
West Indies,4,BA King,B Kumar,E Lewis,0,0,0
West Indies,4,BA King,B Kumar,E Lewis,1,0,1
West Indies,4,E Lewis,B Kumar,BA King,0,0,0
West Indies,4,E Lewis,B Kumar,BA King,0,0,0
West Indies,4,E Lewis,B Kumar,BA King,6,0,6
West Indies,4,E Lewis,B Kumar,BA King,4,0,4
West Indies,5,BA King,Washington Sundar,E Lewis,1,0,1
West Indies,5,E Lewis,Washington Sundar,BA King,6,0,6
West Indies,5,E Lewis,Washington Sundar,BA King,0,0,0
West Indies,5,E Lewis,Washington Sundar,BA King,0,0,0
West Indies,5,SO Hetmyer,Washington Sundar,BA King,2,0,2
West Indies,5,SO Hetmyer,Washington Sundar,BA King,0,0,0
West Indies,6,BA King,RA Jadeja,SO Hetmyer,0,1,1
West Indies,6,SO Hetmyer,RA Jadeja,BA King,0,0,0
West Indies,6,SO Hetmyer,RA Jadeja,BA King,1,0,1
West Indies,6,BA King,RA Jadeja,SO Hetmyer,1,0,1
West Indies,6,SO Hetmyer,RA Jadeja,BA King,0,0,0
West Indies,6,SO Hetmyer,RA Jadeja,BA King,1,0,1
West Indies,7,SO Hetmyer,Washington Sundar,BA King,1,0,1
West Indies,7,BA King,Washington Sundar,SO Hetmyer,4,0,4
West Indies,7,BA King,Washington Sundar,SO Hetmyer,0,1,1
West Indies,7,BA King,Washington Sundar,SO Hetmyer,4,0,4
West Indies,7,BA King,Washington Sundar,SO Hetmyer,1,0,1
West Indies,7,SO Hetmyer,Washington Sundar,BA King,1,0,1
West Indies,7,BA King,Washington Sundar,SO Hetmyer,0,0,0
West Indies,8,SO Hetmyer,RA Jadeja,BA King,6,0,6
West Indies,8,SO Hetmyer,RA Jadeja,BA King,0,0,0
West Indies,8,SO Hetmyer,RA Jadeja,BA King,1,0,1
West Indies,8,BA King,RA Jadeja,SO Hetmyer,1,0,1
West Indies,8,SO Hetmyer,RA Jadeja,BA King,1,0,1
West Indies,8,BA King,RA Jadeja,SO Hetmyer,0,0,0
West Indies,9,SO Hetmyer,YS Chahal,BA King,0,0,0
West Indies,9,SO Hetmyer,YS Chahal,BA King,6,0,6
West Indies,9,SO Hetmyer,YS Chahal,BA King,2,0,2
West Indies,9,SO Hetmyer,YS Chahal,BA King,0,0,0
West Indies,9,SO Hetmyer,YS Chahal,BA King,1,0,1
West Indies,9,BA King,YS Chahal,SO Hetmyer,1,0,1
West Indies,10,BA King,RA Jadeja,SO Hetmyer,0,0,0
West Indies,10,KA Pollard,RA Jadeja,SO Hetmyer,1,0,1
West Indies,10,SO Hetmyer,RA Jadeja,KA Pollard,4,0,4
West Indies,10,SO Hetmyer,RA Jadeja,KA Pollard,0,0,0
West Indies,10,SO Hetmyer,RA Jadeja,KA Pollard,0,0,0
West Indies,10,SO Hetmyer,RA Jadeja,KA Pollard,1,0,1
West Indies,11,SO Hetmyer,S Dube,KA Pollard,1,0,1
West Indies,11,KA Pollard,S Dube,SO Hetmyer,4,0,4
West Indies,11,KA Pollard,S Dube,SO Hetmyer,6,0,6
West Indies,11,KA Pollard,S Dube,SO Hetmyer,1,0,1
West Indies,11,SO Hetmyer,S Dube,KA Pollard,0,0,0
West Indies,11,SO Hetmyer,S Dube,KA Pollard,1,0,1
West Indies,12,SO Hetmyer,RA Jadeja,KA Pollard,1,0,1
West Indies,12,KA Pollard,RA Jadeja,SO Hetmyer,0,0,0
West Indies,12,KA Pollard,RA Jadeja,SO Hetmyer,1,0,1
West Indies,12,SO Hetmyer,RA Jadeja,KA Pollard,0,0,0
West Indies,12,SO Hetmyer,RA Jadeja,KA Pollard,6,0,6
West Indies,12,SO Hetmyer,RA Jadeja,KA Pollard,4,0,4
West Indies,13,KA Pollard,YS Chahal,SO Hetmyer,0,0,0
West Indies,13,KA Pollard,YS Chahal,SO Hetmyer,0,0,0
West Indies,13,KA Pollard,YS Chahal,SO Hetmyer,0,0,0
West Indies,13,KA Pollard,YS Chahal,SO Hetmyer,0,1,1
West Indies,13,KA Pollard,YS Chahal,SO Hetmyer,6,0,6
West Indies,13,KA Pollard,YS Chahal,SO Hetmyer,1,0,1
West Indies,13,SO Hetmyer,YS Chahal,KA Pollard,1,0,1
West Indies,14,SO Hetmyer,B Kumar,KA Pollard,0,0,0
West Indies,14,SO Hetmyer,B Kumar,KA Pollard,1,0,1
West Indies,14,KA Pollard,B Kumar,SO Hetmyer,1,0,1
West Indies,14,SO Hetmyer,B Kumar,KA Pollard,0,0,0
West Indies,14,SO Hetmyer,B Kumar,KA Pollard,1,0,1
West Indies,14,KA Pollard,B Kumar,SO Hetmyer,0,0,0
West Indies,15,SO Hetmyer,YS Chahal,KA Pollard,1,0,1
West Indies,15,KA Pollard,YS Chahal,SO Hetmyer,1,0,1
West Indies,15,SO Hetmyer,YS Chahal,KA Pollard,6,0,6
West Indies,15,SO Hetmyer,YS Chahal,KA Pollard,0,0,0
West Indies,15,SO Hetmyer,YS Chahal,KA Pollard,2,0,2
West Indies,15,SO Hetmyer,YS Chahal,KA Pollard,1,0,1
West Indies,16,SO Hetmyer,DL Chahar,KA Pollard,1,0,1
West Indies,16,KA Pollard,DL Chahar,SO Hetmyer,2,0,2
West Indies,16,KA Pollard,DL Chahar,SO Hetmyer,6,0,6
West Indies,16,KA Pollard,DL Chahar,SO Hetmyer,6,0,6
West Indies,16,KA Pollard,DL Chahar,SO Hetmyer,1,0,1
West Indies,16,SO Hetmyer,DL Chahar,KA Pollard,1,0,1
West Indies,17,SO Hetmyer,YS Chahal,KA Pollard,0,0,0
West Indies,17,JO Holder,YS Chahal,KA Pollard,1,0,1
West Indies,17,KA Pollard,YS Chahal,JO Holder,0,0,0
West Indies,17,D Ramdin,YS Chahal,JO Holder,0,0,0
West Indies,17,D Ramdin,YS Chahal,JO Holder,4,0,4
West Indies,17,D Ramdin,YS Chahal,JO Holder,1,0,1
West Indies,18,D Ramdin,DL Chahar,JO Holder,1,0,1
West Indies,18,JO Holder,DL Chahar,D Ramdin,1,0,1
West Indies,18,D Ramdin,DL Chahar,JO Holder,1,0,1
West Indies,18,JO Holder,DL Chahar,D Ramdin,2,0,2
West Indies,18,JO Holder,DL Chahar,D Ramdin,6,0,6
West Indies,18,JO Holder,DL Chahar,D Ramdin,1,0,1
West Indies,19,JO Holder,B Kumar,D Ramdin,4,0,4
West Indies,19,JO Holder,B Kumar,D Ramdin,2,0,2
West Indies,19,JO Holder,B Kumar,D Ramdin,6,0,6
West Indies,19,JO Holder,B Kumar,D Ramdin,1,0,1
West Indies,19,D Ramdin,B Kumar,JO Holder,2,0,2
West Indies,19,D Ramdin,B Kumar,JO Holder,2,0,2
India,0,RG Sharma,SS Cottrell,KL Rahul,0,0,0
India,0,RG Sharma,SS Cottrell,KL Rahul,1,0,1
India,0,KL Rahul,SS Cottrell,RG Sharma,0,0,0
India,0,KL Rahul,SS Cottrell,RG Sharma,1,0,1
India,0,RG Sharma,SS Cottrell,KL Rahul,0,0,0
India,0,RG Sharma,SS Cottrell,KL Rahul,2,0,2
India,1,KL Rahul,JO Holder,RG Sharma,4,0,4
India,1,KL Rahul,JO Holder,RG Sharma,0,0,0
India,1,KL Rahul,JO Holder,RG Sharma,4,0,4
India,1,KL Rahul,JO Holder,RG Sharma,4,0,4
India,1,KL Rahul,JO Holder,RG Sharma,0,0,0
India,1,KL Rahul,JO Holder,RG Sharma,1,0,1
India,2,KL Rahul,SS Cottrell,RG Sharma,1,0,1
India,2,RG Sharma,SS Cottrell,KL Rahul,0,0,0
India,2,RG Sharma,SS Cottrell,KL Rahul,1,0,1
India,2,KL Rahul,SS Cottrell,RG Sharma,1,0,1
India,2,RG Sharma,SS Cottrell,KL Rahul,0,4,4
India,2,RG Sharma,SS Cottrell,KL Rahul,4,0,4
India,3,KL Rahul,K Pierre,RG Sharma,0,2,2
India,3,RG Sharma,K Pierre,KL Rahul,0,0,0
India,3,RG Sharma,K Pierre,KL Rahul,0,0,0
India,3,V Kohli,K Pierre,KL Rahul,0,2,2
India,3,KL Rahul,K Pierre,V Kohli,0,0,0
India,3,KL Rahul,K Pierre,V Kohli,0,0,0
India,3,KL Rahul,K Pierre,V Kohli,1,0,1
India,3,V Kohli,K Pierre,KL Rahul,0,0,0
India,4,KL Rahul,SS Cottrell,V Kohli,1,0,1
India,4,V Kohli,SS Cottrell,KL Rahul,0,0,0
India,4,V Kohli,SS Cottrell,KL Rahul,0,0,0
India,4,V Kohli,SS Cottrell,KL Rahul,0,0,0
India,4,V Kohli,SS Cottrell,KL Rahul,1,0,1
India,4,KL Rahul,SS Cottrell,V Kohli,6,0,6
India,5,V Kohli,K Pierre,KL Rahul,1,0,1
India,5,KL Rahul,K Pierre,V Kohli,6,0,6
India,5,KL Rahul,K Pierre,V Kohli,0,0,0
India,5,KL Rahul,K Pierre,V Kohli,1,0,1
India,5,V Kohli,K Pierre,KL Rahul,0,0,0
India,5,V Kohli,K Pierre,KL Rahul,1,0,1
India,6,V Kohli,HR Walsh,KL Rahul,0,0,0
India,6,V Kohli,HR Walsh,KL Rahul,4,0,4
India,6,V Kohli,HR Walsh,KL Rahul,1,0,1
India,6,KL Rahul,HR Walsh,V Kohli,1,0,1
India,6,V Kohli,HR Walsh,KL Rahul,0,1,1
India,6,V Kohli,HR Walsh,KL Rahul,1,0,1
India,6,KL Rahul,HR Walsh,V Kohli,4,0,4
India,7,V Kohli,K Pierre,KL Rahul,1,0,1
India,7,KL Rahul,K Pierre,V Kohli,1,0,1
India,7,V Kohli,K Pierre,KL Rahul,1,0,1
India,7,KL Rahul,K Pierre,V Kohli,0,5,5
India,7,KL Rahul,K Pierre,V Kohli,1,0,1
India,7,V Kohli,K Pierre,KL Rahul,4,0,4
India,7,V Kohli,K Pierre,KL Rahul,1,0,1
India,8,V Kohli,JO Holder,KL Rahul,1,0,1
India,8,KL Rahul,JO Holder,V Kohli,0,1,1
India,8,KL Rahul,JO Holder,V Kohli,0,0,0
India,8,KL Rahul,JO Holder,V Kohli,0,0,0
India,8,KL Rahul,JO Holder,V Kohli,1,0,1
India,8,V Kohli,JO Holder,KL Rahul,1,0,1
India,8,KL Rahul,JO Holder,V Kohli,1,0,1
India,9,KL Rahul,KOK Williams,V Kohli,0,0,0
India,9,KL Rahul,KOK Williams,V Kohli,4,0,4
India,9,KL Rahul,KOK Williams,V Kohli,1,0,1
India,9,V Kohli,KOK Williams,KL Rahul,1,0,1
India,9,KL Rahul,KOK Williams,V Kohli,1,0,1
India,9,V Kohli,KOK Williams,KL Rahul,1,0,1
India,10,V Kohli,HR Walsh,KL Rahul,1,0,1
India,10,KL Rahul,HR Walsh,V Kohli,1,0,1
India,10,V Kohli,HR Walsh,KL Rahul,4,0,4
India,10,V Kohli,HR Walsh,KL Rahul,1,0,1
India,10,KL Rahul,HR Walsh,V Kohli,0,0,0
India,10,KL Rahul,HR Walsh,V Kohli,0,0,0
India,11,V Kohli,JO Holder,KL Rahul,0,1,1
India,11,KL Rahul,JO Holder,V Kohli,1,0,1
India,11,V Kohli,JO Holder,KL Rahul,0,0,0
India,11,V Kohli,JO Holder,KL Rahul,6,0,6
India,11,V Kohli,JO Holder,KL Rahul,4,0,4
India,11,V Kohli,JO Holder,KL Rahul,0,1,1
India,11,V Kohli,JO Holder,KL Rahul,1,0,1
India,12,V Kohli,KOK Williams,KL Rahul,1,0,1
India,12,KL Rahul,KOK Williams,V Kohli,1,0,1
India,12,V Kohli,KOK Williams,KL Rahul,1,1,2
India,12,KL Rahul,KOK Williams,V Kohli,0,0,0
India,12,KL Rahul,KOK Williams,V Kohli,1,0,1
India,12,V Kohli,KOK Williams,KL Rahul,0,1,1
India,12,V Kohli,KOK Williams,KL Rahul,1,0,1
India,12,KL Rahul,KOK Williams,V Kohli,6,0,6
India,13,V Kohli,K Pierre,KL Rahul,1,0,1
India,13,KL Rahul,K Pierre,V Kohli,6,0,6
India,13,KL Rahul,K Pierre,V Kohli,0,0,0
India,13,V Kohli,K Pierre,RR Pant,2,0,2
India,13,V Kohli,K Pierre,RR Pant,1,0,1
India,13,RR Pant,K Pierre,V Kohli,6,0,6
India,14,V Kohli,JO Holder,RR Pant,6,0,6
India,14,V Kohli,JO Holder,RR Pant,4,0,4
India,14,V Kohli,JO Holder,RR Pant,2,1,3
India,14,V Kohli,JO Holder,RR Pant,1,0,1
India,14,RR Pant,JO Holder,V Kohli,0,0,0
India,14,RR Pant,JO Holder,V Kohli,0,0,0
India,14,RR Pant,JO Holder,V Kohli,1,0,1
India,15,RR Pant,KOK Williams,V Kohli,1,0,1
India,15,V Kohli,KOK Williams,RR Pant,4,0,4
India,15,V Kohli,KOK Williams,RR Pant,6,0,6
India,15,V Kohli,KOK Williams,RR Pant,1,0,1
India,15,RR Pant,KOK Williams,V Kohli,6,0,6
India,15,RR Pant,KOK Williams,V Kohli,2,1,3
India,15,RR Pant,KOK Williams,V Kohli,2,0,2
India,16,V Kohli,SS Cottrell,RR Pant,1,0,1
India,16,RR Pant,SS Cottrell,V Kohli,0,0,0
India,16,V Kohli,SS Cottrell,SS Iyer,1,0,1
India,16,SS Iyer,SS Cottrell,V Kohli,0,0,0
India,16,SS Iyer,SS Cottrell,V Kohli,2,0,2
India,16,SS Iyer,SS Cottrell,V Kohli,1,0,1
India,17,SS Iyer,KA Pollard,V Kohli,1,0,1
India,17,V Kohli,KA Pollard,SS Iyer,0,1,1
India,17,V Kohli,KA Pollard,SS Iyer,6,0,6
India,17,V Kohli,KA Pollard,SS Iyer,1,0,1
India,17,SS Iyer,KA Pollard,V Kohli,0,1,1
India,17,V Kohli,KA Pollard,SS Iyer,1,0,1
India,17,SS Iyer,KA Pollard,V Kohli,0,0,0
India,18,V Kohli,KOK Williams,S Dube,2,0,2
India,18,V Kohli,KOK Williams,S Dube,6,0,6
India,18,V Kohli,KOK Williams,S Dube,2,0,2
India,18,V Kohli,KOK Williams,S Dube,6,0,6
