Team,Over,Batter,Bowler,Non_Striker,Batter_Runs,Extras,Total_Runs
South Africa,0,RR Hendricks,Washington Sundar,Q de Kock,0,0,0
South Africa,0,RR Hendricks,Washington Sundar,Q de Kock,1,0,1
South Africa,0,Q de Kock,Washington Sundar,RR Hendricks,4,0,4
South Africa,0,Q de Kock,Washington Sundar,RR Hendricks,0,0,0
South Africa,0,Q de Kock,Washington Sundar,RR Hendricks,1,0,1
South Africa,0,RR Hendricks,Washington Sundar,Q de Kock,0,0,0
South Africa,1,Q de Kock,DL Chahar,RR Hendricks,1,0,1
South Africa,1,RR Hendricks,DL Chahar,Q de Kock,0,0,0
South Africa,1,RR Hendricks,DL Chahar,Q de Kock,0,0,0
South Africa,1,RR Hendricks,DL Chahar,Q de Kock,4,0,4
South Africa,1,RR Hendricks,DL Chahar,Q de Kock,0,0,0
South Africa,1,RR Hendricks,DL Chahar,Q de Kock,0,0,0
South Africa,2,Q de Kock,Navdeep Saini,RR Hendricks,4,0,4
South Africa,2,Q de Kock,Navdeep Saini,RR Hendricks,4,0,4
South Africa,2,Q de Kock,Navdeep Saini,RR Hendricks,4,0,4
South Africa,2,Q de Kock,Navdeep Saini,RR Hendricks,0,0,0
South Africa,2,Q de Kock,Navdeep Saini,RR Hendricks,1,0,1
South Africa,2,RR Hendricks,Navdeep Saini,Q de Kock,0,0,0
South Africa,3,Q de Kock,DL Chahar,RR Hendricks,4,0,4
South Africa,3,Q de Kock,DL Chahar,RR Hendricks,1,0,1
South Africa,3,RR Hendricks,DL Chahar,Q de Kock,1,0,1
South Africa,3,Q de Kock,DL Chahar,RR Hendricks,1,0,1
South Africa,3,RR Hendricks,DL Chahar,Q de Kock,0,0,0
South Africa,3,T Bavuma,DL Chahar,Q de Kock,0,0,0
South Africa,4,Q de Kock,Washington Sundar,T Bavuma,0,0,0
South Africa,4,Q de Kock,Washington Sundar,T Bavuma,0,0,0
South Africa,4,Q de Kock,Washington Sundar,T Bavuma,0,0,0
South Africa,4,Q de Kock,Washington Sundar,T Bavuma,0,0,0
South Africa,4,Q de Kock,Washington Sundar,T Bavuma,1,0,1
South Africa,4,T Bavuma,Washington Sundar,Q de Kock,0,0,0
South Africa,5,Q de Kock,DL Chahar,T Bavuma,2,0,2
South Africa,5,Q de Kock,DL Chahar,T Bavuma,0,0,0
South Africa,5,Q de Kock,DL Chahar,T Bavuma,4,0,4
South Africa,5,Q de Kock,DL Chahar,T Bavuma,0,0,0
South Africa,5,Q de Kock,DL Chahar,T Bavuma,1,0,1
South Africa,5,T Bavuma,DL Chahar,Q de Kock,0,0,0
South Africa,6,Q de Kock,RA Jadeja,T Bavuma,1,0,1
South Africa,6,T Bavuma,RA Jadeja,Q de Kock,1,0,1
South Africa,6,Q de Kock,RA Jadeja,T Bavuma,1,0,1
South Africa,6,T Bavuma,RA Jadeja,Q de Kock,1,0,1
South Africa,6,Q de Kock,RA Jadeja,T Bavuma,1,0,1
South Africa,6,T Bavuma,RA Jadeja,Q de Kock,1,0,1
South Africa,7,T Bavuma,HH Pandya,Q de Kock,1,0,1
South Africa,7,Q de Kock,HH Pandya,T Bavuma,1,0,1
South Africa,7,T Bavuma,HH Pandya,Q de Kock,1,0,1
South Africa,7,Q de Kock,HH Pandya,T Bavuma,1,0,1
South Africa,7,T Bavuma,HH Pandya,Q de Kock,6,0,6
South Africa,7,T Bavuma,HH Pandya,Q de Kock,0,0,0
South Africa,8,Q de Kock,RA Jadeja,T Bavuma,1,0,1
South Africa,8,T Bavuma,RA Jadeja,Q de Kock,1,0,1
South Africa,8,Q de Kock,RA Jadeja,T Bavuma,0,1,1
South Africa,8,T Bavuma,RA Jadeja,Q de Kock,1,0,1
South Africa,8,Q de Kock,RA Jadeja,T Bavuma,4,0,4
South Africa,8,Q de Kock,RA Jadeja,T Bavuma,1,0,1
South Africa,9,Q de Kock,HH Pandya,T Bavuma,1,0,1
South Africa,9,T Bavuma,HH Pandya,Q de Kock,3,0,3
South Africa,9,Q de Kock,HH Pandya,T Bavuma,1,0,1
South Africa,9,T Bavuma,HH Pandya,Q de Kock,4,0,4
South Africa,9,T Bavuma,HH Pandya,Q de Kock,4,0,4
South Africa,9,T Bavuma,HH Pandya,Q de Kock,1,0,1
South Africa,10,T Bavuma,RA Jadeja,Q de Kock,1,0,1
South Africa,10,Q de Kock,RA Jadeja,T Bavuma,1,0,1
South Africa,10,T Bavuma,RA Jadeja,Q de Kock,1,0,1
South Africa,10,Q de Kock,RA Jadeja,T Bavuma,4,0,4
South Africa,10,Q de Kock,RA Jadeja,T Bavuma,1,0,1
South Africa,10,T Bavuma,RA Jadeja,Q de Kock,1,0,1
South Africa,11,T Bavuma,Navdeep Saini,Q de Kock,1,0,1
South Africa,11,Q de Kock,Navdeep Saini,T Bavuma,0,0,0
South Africa,11,T Bavuma,Navdeep Saini,HE van der Dussen,0,0,0
South Africa,11,T Bavuma,Navdeep Saini,HE van der Dussen,0,0,0
South Africa,11,T Bavuma,Navdeep Saini,HE van der Dussen,1,0,1
South Africa,11,HE van der Dussen,Navdeep Saini,T Bavuma,1,0,1
South Africa,12,HE van der Dussen,RA Jadeja,T Bavuma,0,0,0
South Africa,12,DA Miller,RA Jadeja,T Bavuma,1,0,1
South Africa,12,T Bavuma,RA Jadeja,DA Miller,4,0,4
South Africa,12,T Bavuma,RA Jadeja,DA Miller,1,0,1
South Africa,12,DA Miller,RA Jadeja,T Bavuma,1,0,1
South Africa,12,T Bavuma,RA Jadeja,DA Miller,1,0,1
South Africa,13,T Bavuma,KH Pandya,DA Miller,0,0,0
South Africa,13,T Bavuma,KH Pandya,DA Miller,1,0,1
South Africa,13,DA Miller,KH Pandya,T Bavuma,1,0,1
South Africa,13,T Bavuma,KH Pandya,DA Miller,2,0,2
South Africa,13,T Bavuma,KH Pandya,DA Miller,2,0,2
South Africa,13,T Bavuma,KH Pandya,DA Miller,1,0,1
South Africa,14,T Bavuma,HH Pandya,DA Miller,0,0,0
South Africa,14,T Bavuma,HH Pandya,DA Miller,1,0,1
South Africa,14,DA Miller,HH Pandya,T Bavuma,1,0,1
South Africa,14,T Bavuma,HH Pandya,DA Miller,1,0,1
South Africa,14,DA Miller,HH Pandya,T Bavuma,1,0,1
South Africa,14,T Bavuma,HH Pandya,DA Miller,1,0,1
South Africa,15,T Bavuma,Washington Sundar,DA Miller,1,0,1
South Africa,15,DA Miller,Washington Sundar,T Bavuma,1,0,1
South Africa,15,T Bavuma,Washington Sundar,DA Miller,1,0,1
South Africa,15,DA Miller,Washington Sundar,T Bavuma,2,0,2
South Africa,15,DA Miller,Washington Sundar,T Bavuma,6,0,6
South Africa,15,DA Miller,Washington Sundar,T Bavuma,1,0,1
South Africa,16,DA Miller,Navdeep Saini,T Bavuma,1,0,1
South Africa,16,T Bavuma,Navdeep Saini,DA Miller,0,0,0
South Africa,16,T Bavuma,Navdeep Saini,DA Miller,0,0,0
South Africa,16,T Bavuma,Navdeep Saini,DA Miller,0,0,0
South Africa,16,T Bavuma,Navdeep Saini,DA Miller,2,0,2
South Africa,16,T Bavuma,Navdeep Saini,DA Miller,0,1,1
South Africa,17,T Bavuma,DL Chahar,DA Miller,0,0,0
South Africa,17,DA Miller,DL Chahar,D Pretorius,0,0,0
South Africa,17,DA Miller,DL Chahar,D Pretorius,1,0,1
South Africa,17,D Pretorius,DL Chahar,DA Miller,1,0,1
South Africa,17,DA Miller,DL Chahar,D Pretorius,0,0,0
South Africa,17,DA Miller,DL Chahar,D Pretorius,1,0,1
South Africa,18,DA Miller,HH Pandya,D Pretorius,0,0,0
South Africa,18,AL Phehlukwayo,HH Pandya,D Pretorius,1,0,1
South Africa,18,D Pretorius,HH Pandya,AL Phehlukwayo,1,0,1
South Africa,18,AL Phehlukwayo,HH Pandya,D Pretorius,0,0,0
South Africa,18,AL Phehlukwayo,HH Pandya,D Pretorius,0,1,1
South Africa,18,D Pretorius,HH Pandya,AL Phehlukwayo,0,1,1
South Africa,19,D Pretorius,Navdeep Saini,AL Phehlukwayo,0,0,0
South Africa,19,D Pretorius,Navdeep Saini,AL Phehlukwayo,0,1,1
South Africa,19,AL Phehlukwayo,Navdeep Saini,D Pretorius,6,0,6
South Africa,19,AL Phehlukwayo,Navdeep Saini,D Pretorius,1,0,1
South Africa,19,D Pretorius,Navdeep Saini,AL Phehlukwayo,2,0,2
South Africa,19,D Pretorius,Navdeep Saini,AL Phehlukwayo,6,0,6
India,0,RG Sharma,K Rabada,S Dhawan,0,1,1
India,0,RG Sharma,K Rabada,S Dhawan,0,0,0
India,0,RG Sharma,K Rabada,S Dhawan,0,0,0
India,0,RG Sharma,K Rabada,S Dhawan,0,0,0
India,0,RG Sharma,K Rabada,S Dhawan,0,2,2
India,0,S Dhawan,K Rabada,RG Sharma,4,0,4
India,0,S Dhawan,K Rabada,RG Sharma,1,0,1
India,0,RG Sharma,K Rabada,S Dhawan,0,0,0
India,1,S Dhawan,A Nortje,RG Sharma,1,0,1
India,1,RG Sharma,A Nortje,S Dhawan,0,0,0
India,1,RG Sharma,A Nortje,S Dhawan,6,0,6
India,1,RG Sharma,A Nortje,S Dhawan,0,0,0
India,1,RG Sharma,A Nortje,S Dhawan,6,0,6
India,1,RG Sharma,A Nortje,S Dhawan,0,0,0
India,2,S Dhawan,K Rabada,RG Sharma,4,0,4
India,2,S Dhawan,K Rabada,RG Sharma,4,0,4
India,2,S Dhawan,K Rabada,RG Sharma,0,0,0
India,2,S Dhawan,K Rabada,RG Sharma,1,0,1
India,2,RG Sharma,K Rabada,S Dhawan,0,0,0
India,2,RG Sharma,K Rabada,S Dhawan,0,0,0
India,3,S Dhawan,AL Phehlukwayo,RG Sharma,0,0,0
India,3,S Dhawan,AL Phehlukwayo,RG Sharma,0,0,0
India,3,S Dhawan,AL Phehlukwayo,RG Sharma,2,0,2
India,3,S Dhawan,AL Phehlukwayo,RG Sharma,1,0,1
India,3,RG Sharma,AL Phehlukwayo,S Dhawan,0,0,0
India,3,V Kohli,AL Phehlukwayo,S Dhawan,0,0,0
India,4,S Dhawan,D Pretorius,V Kohli,1,0,1
India,4,V Kohli,D Pretorius,S Dhawan,2,0,2
India,4,V Kohli,D Pretorius,S Dhawan,0,0,0
India,4,V Kohli,D Pretorius,S Dhawan,4,0,4
India,4,V Kohli,D Pretorius,S Dhawan,1,0,1
India,4,S Dhawan,D Pretorius,V Kohli,0,0,0
India,5,V Kohli,AL Phehlukwayo,S Dhawan,4,0,4
India,5,V Kohli,AL Phehlukwayo,S Dhawan,0,0,0
India,5,V Kohli,AL Phehlukwayo,S Dhawan,0,0,0
India,5,V Kohli,AL Phehlukwayo,S Dhawan,1,0,1
India,5,S Dhawan,AL Phehlukwayo,V Kohli,0,1,1
India,5,S Dhawan,AL Phehlukwayo,V Kohli,0,0,0
India,5,S Dhawan,AL Phehlukwayo,V Kohli,0,0,0
India,6,V Kohli,D Pretorius,S Dhawan,1,0,1
India,6,S Dhawan,D Pretorius,V Kohli,1,0,1
India,6,V Kohli,D Pretorius,S Dhawan,0,0,0
India,6,V Kohli,D Pretorius,S Dhawan,1,0,1
India,6,S Dhawan,D Pretorius,V Kohli,1,0,1
India,6,V Kohli,D Pretorius,S Dhawan,0,1,1
India,7,V Kohli,T Shamsi,S Dhawan,1,0,1
India,7,S Dhawan,T Shamsi,V Kohli,1,0,1
India,7,V Kohli,T Shamsi,S Dhawan,1,0,1
India,7,S Dhawan,T Shamsi,V Kohli,1,0,1
India,7,V Kohli,T Shamsi,S Dhawan,1,0,1
India,7,S Dhawan,T Shamsi,V Kohli,0,0,0
India,8,V Kohli,D Pretorius,S Dhawan,6,0,6
India,8,V Kohli,D Pretorius,S Dhawan,1,0,1
India,8,S Dhawan,D Pretorius,V Kohli,4,0,4
India,8,S Dhawan,D Pretorius,V Kohli,1,0,1
India,8,V Kohli,D Pretorius,S Dhawan,2,0,2
India,8,V Kohli,D Pretorius,S Dhawan,1,0,1
India,9,V Kohli,T Shamsi,S Dhawan,1,0,1
India,9,S Dhawan,T Shamsi,V Kohli,0,1,1
India,9,S Dhawan,T Shamsi,V Kohli,1,0,1
India,9,V Kohli,T Shamsi,S Dhawan,1,0,1
India,9,S Dhawan,T Shamsi,V Kohli,1,0,1
India,9,V Kohli,T Shamsi,S Dhawan,1,0,1
India,9,S Dhawan,T Shamsi,V Kohli,1,0,1
India,10,S Dhawan,BC Fortuin,V Kohli,1,0,1
India,10,V Kohli,BC Fortuin,S Dhawan,1,0,1
India,10,S Dhawan,BC Fortuin,V Kohli,1,0,1
India,10,V Kohli,BC Fortuin,S Dhawan,1,0,1
India,10,S Dhawan,BC Fortuin,V Kohli,0,0,0
India,10,S Dhawan,BC Fortuin,V Kohli,6,0,6
India,11,V Kohli,T Shamsi,S Dhawan,3,0,3
India,11,S Dhawan,T Shamsi,V Kohli,1,0,1
India,11,V Kohli,T Shamsi,S Dhawan,1,0,1
India,11,S Dhawan,T Shamsi,V Kohli,0,0,0
India,11,RR Pant,T Shamsi,V Kohli,1,0,1
India,11,V Kohli,T Shamsi,RR Pant,1,0,1
India,12,V Kohli,A Nortje,RR Pant,0,0,0
India,12,V Kohli,A Nortje,RR Pant,1,0,1
India,12,RR Pant,A Nortje,V Kohli,1,0,1
India,12,V Kohli,A Nortje,RR Pant,1,0,1
India,12,RR Pant,A Nortje,V Kohli,0,1,1
India,12,V Kohli,A Nortje,RR Pant,1,0,1
India,13,V Kohli,BC Fortuin,RR Pant,0,0,0
India,13,V Kohli,BC Fortuin,RR Pant,1,0,1
India,13,RR Pant,BC Fortuin,V Kohli,2,0,2
India,13,RR Pant,BC Fortuin,V Kohli,0,0,0
India,13,SS Iyer,BC Fortuin,V Kohli,0,0,0
India,13,SS Iyer,BC Fortuin,V Kohli,1,0,1
India,14,SS Iyer,A Nortje,V Kohli,2,0,2
India,14,SS Iyer,A Nortje,V Kohli,4,0,4
India,14,SS Iyer,A Nortje,V Kohli,1,0,1
India,14,V Kohli,A Nortje,SS Iyer,2,0,2
India,14,V Kohli,A Nortje,SS Iyer,1,0,1
India,14,SS Iyer,A Nortje,V Kohli,0,0,0
India,15,V Kohli,BC Fortuin,SS Iyer,1,0,1
India,15,SS Iyer,BC Fortuin,V Kohli,1,0,1
India,15,V Kohli,BC Fortuin,SS Iyer,1,0,1
India,15,SS Iyer,BC Fortuin,V Kohli,0,0,0
India,15,SS Iyer,BC Fortuin,V Kohli,1,0,1
India,15,V Kohli,BC Fortuin,SS Iyer,1,0,1
India,16,V Kohli,AL Phehlukwayo,SS Iyer,4,0,4
India,16,V Kohli,AL Phehlukwayo,SS Iyer,4,0,4
India,16,V Kohli,AL Phehlukwayo,SS Iyer,1,0,1
India,16,SS Iyer,AL Phehlukwayo,V Kohli,1,0,1
India,16,V Kohli,AL Phehlukwayo,SS Iyer,0,0,0
India,16,V Kohli,AL Phehlukwayo,SS Iyer,1,0,1
India,17,V Kohli,K Rabada,SS Iyer,6,0,6
India,17,V Kohli,K Rabada,SS Iyer,0,0,0
India,17,V Kohli,K Rabada,SS Iyer,0,0,0
India,17,V Kohli,K Rabada,SS Iyer,1,0,1
India,17,SS Iyer,K Rabada,V Kohli,0,0,0
India,17,SS Iyer,K Rabada,V Kohli,0,0,0
India,18,V Kohli,BC Fortuin,SS Iyer,0,0,0
India,18,V Kohli,BC Fortuin,SS Iyer,1,0,1
India,18,SS Iyer,BC Fortuin,V Kohli,1,0,1
India,18,V Kohli,BC Fortuin,SS Iyer,6,0,6
India,18,V Kohli,BC Fortuin,SS Iyer,1,0,1
India,18,SS Iyer,BC Fortuin,V Kohli,4,0,4
