Team,Over,Batter,Bowler,Non_Striker,Batter_Runs,Extras,Total_Runs
New Zealand,0,RH Priest,M Kapp,SFM Devine,0,0,0
New Zealand,0,RH Priest,M Kapp,SFM Devine,0,0,0
New Zealand,0,RH Priest,M Kapp,SFM Devine,0,0,0
New Zealand,0,RH Priest,M Kapp,SFM Devine,0,0,0
New Zealand,0,RH Priest,M Kapp,SFM Devine,0,2,2
New Zealand,0,SFM Devine,M Kapp,RH Priest,0,0,0
New Zealand,0,SFM Devine,M Kapp,RH Priest,0,0,0
New Zealand,1,RH Priest,S Ismail,SFM Devine,4,0,4
New Zealand,1,RH Priest,S Ismail,SFM Devine,4,0,4
New Zealand,1,RH Priest,S Ismail,SFM Devine,0,0,0
New Zealand,1,RH Priest,S Ismail,SFM Devine,0,0,0
New Zealand,1,RH Priest,S Ismail,SFM Devine,0,1,1
New Zealand,1,RH Priest,S Ismail,SFM Devine,0,0,0
New Zealand,1,RH Priest,S Ismail,SFM Devine,0,1,1
New Zealand,1,RH Priest,S Ismail,SFM Devine,0,0,0
New Zealand,2,SFM Devine,M Kapp,RH Priest,4,0,4
New Zealand,2,SFM Devine,M Kapp,RH Priest,0,1,1
New Zealand,2,RH Priest,M Kapp,SFM Devine,0,1,1
New Zealand,2,RH Priest,M Kapp,SFM Devine,0,1,1
New Zealand,2,RH Priest,M Kapp,SFM Devine,1,0,1
New Zealand,2,SFM Devine,M Kapp,RH Priest,1,0,1
New Zealand,2,RH Priest,M Kapp,SFM Devine,0,0,0
New Zealand,2,RH Priest,M Kapp,SFM Devine,4,0,4
New Zealand,3,SFM Devine,A Khaka,RH Priest,0,0,0
New Zealand,3,SFM Devine,A Khaka,RH Priest,0,1,1
New Zealand,3,SFM Devine,A Khaka,RH Priest,4,0,4
New Zealand,3,SFM Devine,A Khaka,RH Priest,0,0,0
New Zealand,3,SFM Devine,A Khaka,RH Priest,1,0,1
New Zealand,3,RH Priest,A Khaka,SFM Devine,0,0,0
New Zealand,3,RH Priest,A Khaka,SFM Devine,0,0,0
New Zealand,4,SFM Devine,S Ismail,RH Priest,0,0,0
New Zealand,4,SFM Devine,S Ismail,RH Priest,1,0,1
New Zealand,4,RH Priest,S Ismail,SFM Devine,1,0,1
New Zealand,4,SFM Devine,S Ismail,RH Priest,0,0,0
New Zealand,4,SFM Devine,S Ismail,RH Priest,0,0,0
New Zealand,4,SFM Devine,S Ismail,RH Priest,1,0,1
New Zealand,5,SFM Devine,A Khaka,RH Priest,0,0,0
New Zealand,5,SFM Devine,A Khaka,RH Priest,1,0,1
New Zealand,5,RH Priest,A Khaka,SFM Devine,0,0,0
New Zealand,5,RH Priest,A Khaka,SFM Devine,0,0,0
New Zealand,5,RH Priest,A Khaka,SFM Devine,0,0,0
New Zealand,5,SW Bates,A Khaka,SFM Devine,0,0,0
New Zealand,6,SFM Devine,D van Niekerk,SW Bates,0,0,0
New Zealand,6,SFM Devine,D van Niekerk,SW Bates,1,0,1
New Zealand,6,SW Bates,D van Niekerk,SFM Devine,0,0,0
New Zealand,6,SW Bates,D van Niekerk,SFM Devine,0,0,0
New Zealand,6,SW Bates,D van Niekerk,SFM Devine,1,0,1
New Zealand,6,SFM Devine,D van Niekerk,SW Bates,1,0,1
New Zealand,7,SFM Devine,S Luus,SW Bates,0,0,0
New Zealand,7,SFM Devine,S Luus,SW Bates,0,0,0
New Zealand,7,SFM Devine,S Luus,SW Bates,1,0,1
New Zealand,7,SW Bates,S Luus,SFM Devine,4,0,4
New Zealand,7,SW Bates,S Luus,SFM Devine,1,0,1
New Zealand,7,SFM Devine,S Luus,SW Bates,6,0,6
New Zealand,8,SW Bates,D van Niekerk,SFM Devine,1,0,1
New Zealand,8,SFM Devine,D van Niekerk,SW Bates,1,0,1
New Zealand,8,SW Bates,D van Niekerk,SFM Devine,0,0,0
New Zealand,8,SW Bates,D van Niekerk,SFM Devine,1,0,1
New Zealand,8,SFM Devine,D van Niekerk,SW Bates,1,0,1
New Zealand,8,SW Bates,D van Niekerk,SFM Devine,1,0,1
New Zealand,9,SW Bates,TS Sekhukhune,SFM Devine,4,0,4
New Zealand,9,SW Bates,TS Sekhukhune,SFM Devine,1,0,1
New Zealand,9,SFM Devine,TS Sekhukhune,SW Bates,4,0,4
New Zealand,9,SFM Devine,TS Sekhukhune,SW Bates,0,0,0
New Zealand,9,SFM Devine,TS Sekhukhune,SW Bates,1,0,1
New Zealand,9,SW Bates,TS Sekhukhune,SFM Devine,2,0,2
New Zealand,10,SFM Devine,D van Niekerk,SW Bates,1,0,1
New Zealand,10,SW Bates,D van Niekerk,SFM Devine,2,0,2
New Zealand,10,SW Bates,D van Niekerk,SFM Devine,1,0,1
New Zealand,10,SFM Devine,D van Niekerk,SW Bates,0,0,0
New Zealand,10,SFM Devine,D van Niekerk,SW Bates,0,0,0
New Zealand,10,SFM Devine,D van Niekerk,SW Bates,6,0,6
New Zealand,11,SW Bates,CL Tryon,SFM Devine,0,0,0
New Zealand,11,SW Bates,CL Tryon,SFM Devine,1,0,1
New Zealand,11,SFM Devine,CL Tryon,SW Bates,1,0,1
New Zealand,11,SW Bates,CL Tryon,SFM Devine,3,0,3
New Zealand,11,SFM Devine,CL Tryon,SW Bates,4,0,4
New Zealand,11,SFM Devine,CL Tryon,SW Bates,3,0,3
New Zealand,12,SFM Devine,D van Niekerk,SW Bates,6,0,6
New Zealand,12,SFM Devine,D van Niekerk,SW Bates,0,0,0
New Zealand,12,SFM Devine,D van Niekerk,SW Bates,0,0,0
New Zealand,12,SFM Devine,D van Niekerk,SW Bates,0,0,0
New Zealand,12,SFM Devine,D van Niekerk,ML Green,1,0,1
New Zealand,12,ML Green,D van Niekerk,SFM Devine,1,0,1
New Zealand,13,ML Green,M Kapp,SFM Devine,0,0,0
New Zealand,13,ML Green,M Kapp,SFM Devine,4,0,4
New Zealand,13,ML Green,M Kapp,SFM Devine,1,0,1
New Zealand,13,SFM Devine,M Kapp,ML Green,0,0,0
New Zealand,13,SFM Devine,M Kapp,ML Green,2,0,2
New Zealand,13,SFM Devine,M Kapp,ML Green,1,0,1
New Zealand,14,SFM Devine,S Luus,ML Green,1,0,1
New Zealand,14,ML Green,S Luus,SFM Devine,0,0,0
New Zealand,14,SFM Devine,S Luus,LR Down,0,0,0
New Zealand,14,SFM Devine,S Luus,LR Down,4,0,4
New Zealand,14,SFM Devine,S Luus,LR Down,1,0,1
New Zealand,14,LR Down,S Luus,SFM Devine,0,0,0
New Zealand,15,SFM Devine,S Ismail,LR Down,0,0,0
New Zealand,15,SFM Devine,S Ismail,LR Down,0,0,0
New Zealand,15,SFM Devine,S Ismail,LR Down,4,0,4
New Zealand,15,SFM Devine,S Ismail,LR Down,0,0,0
New Zealand,15,SFM Devine,S Ismail,LR Down,6,0,6
New Zealand,15,SFM Devine,S Ismail,LR Down,0,1,1
New Zealand,16,SFM Devine,S Luus,LR Down,2,0,2
New Zealand,16,SFM Devine,S Luus,LR Down,4,0,4
New Zealand,16,SFM Devine,S Luus,LR Down,1,0,1
New Zealand,16,LR Down,S Luus,SFM Devine,1,0,1
New Zealand,16,SFM Devine,S Luus,LR Down,0,0,0
New Zealand,16,KJ Martin,S Luus,LR Down,1,0,1
New Zealand,17,KJ Martin,M Kapp,LR Down,1,0,1
New Zealand,17,LR Down,M Kapp,KJ Martin,0,0,0
New Zealand,17,LR Down,M Kapp,KJ Martin,4,0,4
New Zealand,17,LR Down,M Kapp,KJ Martin,1,0,1
New Zealand,17,KJ Martin,M Kapp,LR Down,2,0,2
New Zealand,17,KJ Martin,M Kapp,LR Down,1,0,1
New Zealand,18,KJ Martin,A Khaka,LR Down,1,0,1
New Zealand,18,LR Down,A Khaka,KJ Martin,0,0,0
New Zealand,18,KJ Martin,A Khaka,AC Kerr,4,0,4
New Zealand,18,KJ Martin,A Khaka,AC Kerr,0,0,0
New Zealand,18,KJ Martin,A Khaka,AC Kerr,1,0,1
New Zealand,18,AC Kerr,A Khaka,KJ Martin,1,0,1
New Zealand,19,AC Kerr,S Ismail,KJ Martin,0,0,0
New Zealand,19,AC Kerr,S Ismail,KJ Martin,1,0,1
New Zealand,19,KJ Martin,S Ismail,AC Kerr,1,0,1
New Zealand,19,AC Kerr,S Ismail,KJ Martin,0,1,1
New Zealand,19,KJ Martin,S Ismail,AC Kerr,1,0,1
New Zealand,19,AC Kerr,S Ismail,KJ Martin,2,0,2
South Africa,0,L Lee,JM Kerr,L Wolvaardt,1,0,1
South Africa,0,L Wolvaardt,JM Kerr,L Lee,0,0,0
South Africa,0,L Wolvaardt,JM Kerr,L Lee,0,0,0
South Africa,0,L Wolvaardt,JM Kerr,L Lee,1,0,1
South Africa,0,L Lee,JM Kerr,L Wolvaardt,0,0,0
South Africa,0,L Lee,JM Kerr,L Wolvaardt,0,0,0
South Africa,1,L Wolvaardt,SFM Devine,L Lee,0,0,0
South Africa,1,M Kapp,SFM Devine,L Lee,0,5,5
South Africa,1,M Kapp,SFM Devine,L Lee,0,0,0
South Africa,1,M Kapp,SFM Devine,L Lee,3,0,3
South Africa,1,L Lee,SFM Devine,M Kapp,0,0,0
South Africa,1,L Lee,SFM Devine,M Kapp,0,0,0
South Africa,1,L Lee,SFM Devine,M Kapp,0,0,0
South Africa,2,M Kapp,LMM Tahuhu,L Lee,4,0,4
South Africa,2,M Kapp,LMM Tahuhu,L Lee,2,0,2
South Africa,2,M Kapp,LMM Tahuhu,L Lee,4,0,4
South Africa,2,M Kapp,LMM Tahuhu,L Lee,0,2,2
South Africa,2,L Lee,LMM Tahuhu,M Kapp,0,0,0
South Africa,2,L Lee,LMM Tahuhu,M Kapp,4,0,4
South Africa,2,L Lee,LMM Tahuhu,M Kapp,0,0,0
South Africa,3,M Kapp,HR Huddleston,L Lee,1,0,1
South Africa,3,L Lee,HR Huddleston,M Kapp,0,0,0
South Africa,3,L Lee,HR Huddleston,M Kapp,4,0,4
South Africa,3,L Lee,HR Huddleston,M Kapp,2,0,2
South Africa,3,L Lee,HR Huddleston,M Kapp,1,0,1
South Africa,3,M Kapp,HR Huddleston,L Lee,1,0,1
South Africa,4,M Kapp,LMM Tahuhu,L Lee,0,0,0
South Africa,4,M Kapp,LMM Tahuhu,L Lee,4,0,4
South Africa,4,M Kapp,LMM Tahuhu,L Lee,0,0,0
South Africa,4,M Kapp,LMM Tahuhu,L Lee,0,0,0
South Africa,4,M Kapp,LMM Tahuhu,L Lee,0,0,0
South Africa,4,M Kapp,LMM Tahuhu,L Lee,1,0,1
South Africa,5,M Kapp,HR Huddleston,L Lee,0,0,0
South Africa,5,M Kapp,HR Huddleston,L Lee,0,0,0
South Africa,5,D van Niekerk,HR Huddleston,L Lee,0,0,0
South Africa,5,D van Niekerk,HR Huddleston,L Lee,0,0,0
South Africa,5,D van Niekerk,HR Huddleston,L Lee,6,0,6
South Africa,5,D van Niekerk,HR Huddleston,L Lee,0,0,0
South Africa,6,L Lee,AC Kerr,D van Niekerk,1,0,1
South Africa,6,D van Niekerk,AC Kerr,L Lee,1,0,1
South Africa,6,L Lee,AC Kerr,D van Niekerk,0,0,0
South Africa,6,L Lee,AC Kerr,D van Niekerk,1,0,1
South Africa,6,D van Niekerk,AC Kerr,L Lee,0,0,0
South Africa,6,D van Niekerk,AC Kerr,L Lee,1,0,1
South Africa,7,D van Niekerk,SFM Devine,L Lee,0,0,0
South Africa,7,D van Niekerk,SFM Devine,L Lee,0,0,0
South Africa,7,D van Niekerk,SFM Devine,L Lee,0,1,1
South Africa,7,D van Niekerk,SFM Devine,L Lee,1,0,1
South Africa,7,L Lee,SFM Devine,D van Niekerk,4,0,4
South Africa,7,L Lee,SFM Devine,D van Niekerk,0,0,0
South Africa,7,M du Preez,SFM Devine,D van Niekerk,0,0,0
South Africa,8,D van Niekerk,AC Kerr,M du Preez,1,0,1
South Africa,8,M du Preez,AC Kerr,D van Niekerk,0,0,0
South Africa,8,M du Preez,AC Kerr,D van Niekerk,0,0,0
South Africa,8,M du Preez,AC Kerr,D van Niekerk,2,0,2
South Africa,8,M du Preez,AC Kerr,D van Niekerk,0,0,0
South Africa,8,M du Preez,AC Kerr,D van Niekerk,1,0,1
South Africa,9,M du Preez,AM Peterson,D van Niekerk,1,0,1
South Africa,9,D van Niekerk,AM Peterson,M du Preez,4,0,4
South Africa,9,D van Niekerk,AM Peterson,M du Preez,1,0,1
South Africa,9,M du Preez,AM Peterson,D van Niekerk,1,0,1
South Africa,9,D van Niekerk,AM Peterson,M du Preez,0,0,0
South Africa,9,D van Niekerk,AM Peterson,M du Preez,1,0,1
South Africa,10,D van Niekerk,HR Huddleston,M du Preez,0,0,0
South Africa,10,D van Niekerk,HR Huddleston,M du Preez,4,0,4
South Africa,10,D van Niekerk,HR Huddleston,M du Preez,0,0,0
South Africa,10,D van Niekerk,HR Huddleston,M du Preez,1,0,1
South Africa,10,M du Preez,HR Huddleston,D van Niekerk,2,0,2
South Africa,10,M du Preez,HR Huddleston,D van Niekerk,0,1,1
South Africa,10,M du Preez,HR Huddleston,D van Niekerk,1,0,1
South Africa,11,M du Preez,AM Peterson,D van Niekerk,6,0,6
South Africa,11,M du Preez,AM Peterson,D van Niekerk,1,0,1
South Africa,11,D van Niekerk,AM Peterson,M du Preez,1,0,1
South Africa,11,M du Preez,AM Peterson,D van Niekerk,1,0,1
South Africa,11,D van Niekerk,AM Peterson,M du Preez,1,0,1
South Africa,11,M du Preez,AM Peterson,D van Niekerk,0,0,0
South Africa,12,D van Niekerk,LMM Tahuhu,M du Preez,0,0,0
South Africa,12,D van Niekerk,LMM Tahuhu,M du Preez,4,0,4
South Africa,12,D van Niekerk,LMM Tahuhu,M du Preez,1,0,1
South Africa,12,M du Preez,LMM Tahuhu,D van Niekerk,4,0,4
South Africa,12,M du Preez,LMM Tahuhu,D van Niekerk,1,0,1
South Africa,12,D van Niekerk,LMM Tahuhu,M du Preez,1,0,1
South Africa,13,D van Niekerk,JM Kerr,M du Preez,0,0,0
South Africa,13,D van Niekerk,JM Kerr,M du Preez,1,0,1
South Africa,13,M du Preez,JM Kerr,D van Niekerk,0,0,0
South Africa,13,M du Preez,JM Kerr,D van Niekerk,0,0,0
South Africa,13,M du Preez,JM Kerr,D van Niekerk,0,0,0
South Africa,13,M du Preez,JM Kerr,D van Niekerk,1,0,1
South Africa,14,M du Preez,AC Kerr,D van Niekerk,1,0,1
South Africa,14,D van Niekerk,AC Kerr,M du Preez,1,0,1
South Africa,14,M du Preez,AC Kerr,D van Niekerk,0,0,0
South Africa,14,CL Tryon,AC Kerr,D van Niekerk,0,0,0
South Africa,14,CL Tryon,AC Kerr,D van Niekerk,1,0,1
South Africa,14,D van Niekerk,AC Kerr,CL Tryon,1,0,1
South Africa,15,D van Niekerk,JM Kerr,CL Tryon,4,0,4
South Africa,15,D van Niekerk,JM Kerr,CL Tryon,0,0,0
South Africa,15,D van Niekerk,JM Kerr,CL Tryon,1,0,1
South Africa,15,CL Tryon,JM Kerr,D van Niekerk,0,0,0
South Africa,15,CL Tryon,JM Kerr,D van Niekerk,4,0,4
South Africa,15,CL Tryon,JM Kerr,D van Niekerk,1,0,1
South Africa,16,CL Tryon,AC Kerr,D van Niekerk,1,0,1
South Africa,16,D van Niekerk,AC Kerr,CL Tryon,0,0,0
South Africa,16,D van Niekerk,AC Kerr,CL Tryon,2,0,2
South Africa,16,D van Niekerk,AC Kerr,CL Tryon,1,0,1
South Africa,16,CL Tryon,AC Kerr,D van Niekerk,1,0,1
South Africa,16,D van Niekerk,AC Kerr,CL Tryon,0,0,0
South Africa,17,CL Tryon,SFM Devine,D van Niekerk,4,0,4
South Africa,17,CL Tryon,SFM Devine,D van Niekerk,6,0,6
South Africa,17,CL Tryon,SFM Devine,D van Niekerk,0,1,1
South Africa,17,D van Niekerk,SFM Devine,CL Tryon,1,0,1
South Africa,17,CL Tryon,SFM Devine,D van Niekerk,1,0,1
South Africa,17,D van Niekerk,SFM Devine,CL Tryon,1,0,1
South Africa,18,D van Niekerk,HR Huddleston,CL Tryon,0,0,0
South Africa,18,D van Niekerk,HR Huddleston,CL Tryon,0,0,0
South Africa,18,CL Tryon,HR Huddleston,S Luus,2,0,2
South Africa,18,CL Tryon,HR Huddleston,S Luus,0,1,1
South Africa,18,S Luus,HR Huddleston,CL Tryon,1,0,1
South Africa,18,CL Tryon,HR Huddleston,S Luus,6,0,6
South Africa,19,S Luus,SFM Devine,CL Tryon,2,0,2
South Africa,19,S Luus,SFM Devine,CL Tryon,1,0,1
South Africa,19,CL Tryon,SFM Devine,S Luus,6,0,6
South Africa,19,CL Tryon,SFM Devine,S Luus,1,0,1
South Africa,19,S Luus,SFM Devine,CL Tryon,1,0,1
