Team,Over,Batter,Bowler,Non_Striker,Batter_Runs,Extras,Total_Runs
India,0,RG Sharma,SS Cottrell,KL Rahul,0,0,0
India,0,RG Sharma,SS Cottrell,KL Rahul,4,0,4
India,0,RG Sharma,SS Cottrell,KL Rahul,0,0,0
India,0,RG Sharma,SS Cottrell,KL Rahul,0,0,0
India,0,RG Sharma,SS Cottrell,KL Rahul,1,0,1
India,0,KL Rahul,SS Cottrell,RG Sharma,0,0,0
India,1,RG Sharma,JO Holder,KL Rahul,0,0,0
India,1,RG Sharma,JO Holder,KL Rahul,1,0,1
India,1,KL Rahul,JO Holder,RG Sharma,4,0,4
India,1,KL Rahul,JO Holder,RG Sharma,4,0,4
India,1,KL Rahul,JO Holder,RG Sharma,0,0,0
India,1,KL Rahul,JO Holder,RG Sharma,0,0,0
India,2,RG Sharma,SS Cottrell,KL Rahul,6,0,6
India,2,RG Sharma,SS Cottrell,KL Rahul,4,0,4
India,2,RG Sharma,SS Cottrell,KL Rahul,1,0,1
India,2,KL Rahul,SS Cottrell,RG Sharma,1,0,1
India,2,RG Sharma,SS Cottrell,KL Rahul,0,0,0
India,2,RG Sharma,SS Cottrell,KL Rahul,4,0,4
India,3,KL Rahul,JO Holder,RG Sharma,2,0,2
India,3,KL Rahul,JO Holder,RG Sharma,0,0,0
India,3,KL Rahul,JO Holder,RG Sharma,2,0,2
India,3,KL Rahul,JO Holder,RG Sharma,0,0,0
India,3,KL Rahul,JO Holder,RG Sharma,4,0,4
India,3,KL Rahul,JO Holder,RG Sharma,6,0,6
India,4,RG Sharma,K Pierre,KL Rahul,6,0,6
India,4,RG Sharma,K Pierre,KL Rahul,2,0,2
India,4,RG Sharma,K Pierre,KL Rahul,4,0,4
India,4,RG Sharma,K Pierre,KL Rahul,1,0,1
India,4,KL Rahul,K Pierre,RG Sharma,1,0,1
India,4,RG Sharma,K Pierre,KL Rahul,0,0,0
India,5,KL Rahul,KOK Williams,RG Sharma,4,0,4
India,5,KL Rahul,KOK Williams,RG Sharma,6,0,6
India,5,KL Rahul,KOK Williams,RG Sharma,4,0,4
India,5,KL Rahul,KOK Williams,RG Sharma,0,0,0
India,5,KL Rahul,KOK Williams,RG Sharma,0,0,0
India,5,KL Rahul,KOK Williams,RG Sharma,0,0,0
India,6,RG Sharma,HR Walsh,KL Rahul,2,0,2
India,6,RG Sharma,HR Walsh,KL Rahul,1,0,1
India,6,KL Rahul,HR Walsh,RG Sharma,0,0,0
India,6,KL Rahul,HR Walsh,RG Sharma,4,0,4
India,6,KL Rahul,HR Walsh,RG Sharma,1,0,1
India,6,RG Sharma,HR Walsh,KL Rahul,1,0,1
India,7,RG Sharma,K Pierre,KL Rahul,1,0,1
India,7,KL Rahul,K Pierre,RG Sharma,0,1,1
India,7,KL Rahul,K Pierre,RG Sharma,2,0,2
India,7,KL Rahul,K Pierre,RG Sharma,1,0,1
India,7,RG Sharma,K Pierre,KL Rahul,6,0,6
India,7,RG Sharma,K Pierre,KL Rahul,6,0,6
India,7,RG Sharma,K Pierre,KL Rahul,4,0,4
India,8,KL Rahul,HR Walsh,RG Sharma,0,0,0
India,8,KL Rahul,HR Walsh,RG Sharma,1,0,1
India,8,RG Sharma,HR Walsh,KL Rahul,1,0,1
India,8,KL Rahul,HR Walsh,RG Sharma,1,0,1
India,8,RG Sharma,HR Walsh,KL Rahul,1,0,1
India,8,KL Rahul,HR Walsh,RG Sharma,1,0,1
India,9,KL Rahul,JO Holder,RG Sharma,1,0,1
India,9,RG Sharma,JO Holder,KL Rahul,1,0,1
India,9,KL Rahul,JO Holder,RG Sharma,0,0,0
India,9,KL Rahul,JO Holder,RG Sharma,1,0,1
India,9,RG Sharma,JO Holder,KL Rahul,4,0,4
India,9,RG Sharma,JO Holder,KL Rahul,0,1,1
India,9,RG Sharma,JO Holder,KL Rahul,1,0,1
India,10,RG Sharma,HR Walsh,KL Rahul,6,0,6
India,10,RG Sharma,HR Walsh,KL Rahul,0,0,0
India,10,RG Sharma,HR Walsh,KL Rahul,1,0,1
India,10,KL Rahul,HR Walsh,RG Sharma,4,0,4
India,10,KL Rahul,HR Walsh,RG Sharma,4,0,4
India,10,KL Rahul,HR Walsh,RG Sharma,1,0,1
India,11,KL Rahul,KOK Williams,RG Sharma,1,0,1
India,11,RG Sharma,KOK Williams,KL Rahul,1,0,1
India,11,KL Rahul,KOK Williams,RG Sharma,1,0,1
India,11,RG Sharma,KOK Williams,KL Rahul,0,0,0
India,11,KL Rahul,KOK Williams,RR Pant,1,0,1
India,11,RR Pant,KOK Williams,KL Rahul,0,0,0
India,12,KL Rahul,KA Pollard,RR Pant,0,1,1
India,12,KL Rahul,KA Pollard,RR Pant,1,0,1
India,12,RR Pant,KA Pollard,KL Rahul,0,0,0
India,12,V Kohli,KA Pollard,KL Rahul,1,0,1
India,12,KL Rahul,KA Pollard,V Kohli,1,0,1
India,12,V Kohli,KA Pollard,KL Rahul,1,0,1
India,12,KL Rahul,KA Pollard,V Kohli,1,0,1
India,13,KL Rahul,HR Walsh,V Kohli,1,0,1
India,13,V Kohli,HR Walsh,KL Rahul,0,1,1
India,13,KL Rahul,HR Walsh,V Kohli,0,0,0
India,13,KL Rahul,HR Walsh,V Kohli,1,0,1
India,13,V Kohli,HR Walsh,KL Rahul,0,0,0
India,13,V Kohli,HR Walsh,KL Rahul,6,0,6
India,14,KL Rahul,JO Holder,V Kohli,6,0,6
India,14,KL Rahul,JO Holder,V Kohli,1,0,1
India,14,V Kohli,JO Holder,KL Rahul,4,0,4
India,14,V Kohli,JO Holder,KL Rahul,6,0,6
India,14,V Kohli,JO Holder,KL Rahul,4,0,4
India,14,V Kohli,JO Holder,KL Rahul,1,0,1
India,15,V Kohli,KOK Williams,KL Rahul,0,0,0
India,15,V Kohli,KOK Williams,KL Rahul,0,0,0
India,15,V Kohli,KOK Williams,KL Rahul,1,0,1
India,15,KL Rahul,KOK Williams,V Kohli,0,0,0
India,15,KL Rahul,KOK Williams,V Kohli,1,0,1
India,15,V Kohli,KOK Williams,KL Rahul,1,0,1
India,16,V Kohli,SS Cottrell,KL Rahul,1,0,1
India,16,KL Rahul,SS Cottrell,V Kohli,0,0,0
India,16,KL Rahul,SS Cottrell,V Kohli,1,0,1
India,16,V Kohli,SS Cottrell,KL Rahul,4,0,4
India,16,V Kohli,SS Cottrell,KL Rahul,1,0,1
India,16,KL Rahul,SS Cottrell,V Kohli,4,0,4
India,17,V Kohli,KOK Williams,KL Rahul,0,1,1
India,17,KL Rahul,KOK Williams,V Kohli,6,0,6
India,17,KL Rahul,KOK Williams,V Kohli,1,0,1
India,17,V Kohli,KOK Williams,KL Rahul,6,0,6
India,17,V Kohli,KOK Williams,KL Rahul,1,0,1
India,17,KL Rahul,KOK Williams,V Kohli,2,0,2
India,18,V Kohli,KA Pollard,KL Rahul,6,0,6
India,18,V Kohli,KA Pollard,KL Rahul,6,0,6
India,18,V Kohli,KA Pollard,KL Rahul,2,1,3
India,18,V Kohli,KA Pollard,KL Rahul,4,0,4
India,18,V Kohli,KA Pollard,KL Rahul,1,0,1
India,18,KL Rahul,KA Pollard,V Kohli,1,0,1
India,18,V Kohli,KA Pollard,KL Rahul,6,0,6
India,19,KL Rahul,SS Cottrell,V Kohli,0,1,1
India,19,V Kohli,SS Cottrell,KL Rahul,0,0,0
India,19,V Kohli,SS Cottrell,KL Rahul,1,0,1
India,19,KL Rahul,SS Cottrell,V Kohli,0,0,0
India,19,V Kohli,SS Cottrell,SS Iyer,0,0,0
India,19,V Kohli,SS Cottrell,SS Iyer,0,1,1
India,19,V Kohli,SS Cottrell,SS Iyer,6,0,6
West Indies,0,LMP Simmons,DL Chahar,BA King,0,0,0
West Indies,0,LMP Simmons,DL Chahar,BA King,0,0,0
West Indies,0,LMP Simmons,DL Chahar,BA King,1,0,1
West Indies,0,BA King,DL Chahar,LMP Simmons,1,0,1
West Indies,0,LMP Simmons,DL Chahar,BA King,1,0,1
West Indies,0,BA King,DL Chahar,LMP Simmons,4,0,4
West Indies,1,LMP Simmons,B Kumar,BA King,0,0,0
West Indies,1,LMP Simmons,B Kumar,BA King,4,0,4
West Indies,1,LMP Simmons,B Kumar,BA King,1,0,1
West Indies,1,BA King,B Kumar,LMP Simmons,0,0,0
West Indies,1,BA King,B Kumar,LMP Simmons,0,0,0
West Indies,1,LMP Simmons,B Kumar,SO Hetmyer,0,4,4
West Indies,2,SO Hetmyer,Mohammed Shami,LMP Simmons,0,0,0
West Indies,2,SO Hetmyer,Mohammed Shami,LMP Simmons,0,0,0
West Indies,2,SO Hetmyer,Mohammed Shami,LMP Simmons,1,0,1
West Indies,2,LMP Simmons,Mohammed Shami,SO Hetmyer,0,0,0
West Indies,2,LMP Simmons,Mohammed Shami,SO Hetmyer,0,0,0
West Indies,2,LMP Simmons,Mohammed Shami,SO Hetmyer,0,0,0
West Indies,3,N Pooran,DL Chahar,SO Hetmyer,0,0,0
West Indies,3,SO Hetmyer,DL Chahar,KA Pollard,0,0,0
West Indies,3,SO Hetmyer,DL Chahar,KA Pollard,1,0,1
West Indies,3,KA Pollard,DL Chahar,SO Hetmyer,0,0,0
West Indies,3,KA Pollard,DL Chahar,SO Hetmyer,0,1,1
West Indies,3,KA Pollard,DL Chahar,SO Hetmyer,0,0,0
West Indies,3,KA Pollard,DL Chahar,SO Hetmyer,0,0,0
West Indies,4,SO Hetmyer,Mohammed Shami,KA Pollard,1,0,1
West Indies,4,KA Pollard,Mohammed Shami,SO Hetmyer,1,0,1
West Indies,4,SO Hetmyer,Mohammed Shami,KA Pollard,0,0,0
West Indies,4,SO Hetmyer,Mohammed Shami,KA Pollard,6,0,6
West Indies,4,SO Hetmyer,Mohammed Shami,KA Pollard,6,0,6
West Indies,4,SO Hetmyer,Mohammed Shami,KA Pollard,0,0,0
West Indies,5,KA Pollard,B Kumar,SO Hetmyer,0,0,0
West Indies,5,KA Pollard,B Kumar,SO Hetmyer,0,0,0
West Indies,5,KA Pollard,B Kumar,SO Hetmyer,0,0,0
West Indies,5,KA Pollard,B Kumar,SO Hetmyer,6,0,6
West Indies,5,KA Pollard,B Kumar,SO Hetmyer,1,0,1
West Indies,5,SO Hetmyer,B Kumar,KA Pollard,0,1,1
West Indies,6,SO Hetmyer,S Dube,KA Pollard,6,0,6
West Indies,6,SO Hetmyer,S Dube,KA Pollard,4,0,4
West Indies,6,SO Hetmyer,S Dube,KA Pollard,1,0,1
West Indies,6,KA Pollard,S Dube,SO Hetmyer,4,0,4
West Indies,6,KA Pollard,S Dube,SO Hetmyer,0,0,0
West Indies,6,KA Pollard,S Dube,SO Hetmyer,4,0,4
West Indies,7,SO Hetmyer,Kuldeep Yadav,KA Pollard,0,0,0
West Indies,7,SO Hetmyer,Kuldeep Yadav,KA Pollard,1,0,1
West Indies,7,KA Pollard,Kuldeep Yadav,SO Hetmyer,6,0,6
West Indies,7,KA Pollard,Kuldeep Yadav,SO Hetmyer,1,0,1
West Indies,7,SO Hetmyer,Kuldeep Yadav,KA Pollard,0,0,0
West Indies,7,SO Hetmyer,Kuldeep Yadav,KA Pollard,0,0,0
West Indies,8,KA Pollard,S Dube,SO Hetmyer,1,0,1
West Indies,8,SO Hetmyer,S Dube,KA Pollard,0,0,0
West Indies,8,SO Hetmyer,S Dube,KA Pollard,1,0,1
West Indies,8,KA Pollard,S Dube,SO Hetmyer,0,1,1
West Indies,8,KA Pollard,S Dube,SO Hetmyer,6,0,6
West Indies,8,KA Pollard,S Dube,SO Hetmyer,1,0,1
West Indies,8,SO Hetmyer,S Dube,KA Pollard,1,0,1
West Indies,9,SO Hetmyer,Kuldeep Yadav,KA Pollard,6,0,6
West Indies,9,SO Hetmyer,Kuldeep Yadav,KA Pollard,6,0,6
West Indies,9,SO Hetmyer,Kuldeep Yadav,KA Pollard,0,0,0
West Indies,9,KA Pollard,Kuldeep Yadav,JO Holder,0,0,0
West Indies,9,KA Pollard,Kuldeep Yadav,JO Holder,0,1,1
West Indies,9,KA Pollard,Kuldeep Yadav,JO Holder,1,0,1
West Indies,9,JO Holder,Kuldeep Yadav,KA Pollard,4,0,4
West Indies,10,KA Pollard,Mohammed Shami,JO Holder,1,0,1
West Indies,10,JO Holder,Mohammed Shami,KA Pollard,1,0,1
West Indies,10,KA Pollard,Mohammed Shami,JO Holder,0,0,0
West Indies,10,KA Pollard,Mohammed Shami,JO Holder,1,0,1
West Indies,10,JO Holder,Mohammed Shami,KA Pollard,2,0,2
West Indies,10,JO Holder,Mohammed Shami,KA Pollard,1,0,1
West Indies,11,JO Holder,Kuldeep Yadav,KA Pollard,0,0,0
West Indies,11,KA Pollard,Kuldeep Yadav,HR Walsh,0,0,0
West Indies,11,KA Pollard,Kuldeep Yadav,HR Walsh,0,0,0
West Indies,11,KA Pollard,Kuldeep Yadav,HR Walsh,1,0,1
West Indies,11,HR Walsh,Kuldeep Yadav,KA Pollard,1,0,1
West Indies,11,KA Pollard,Kuldeep Yadav,HR Walsh,0,0,0
West Indies,12,HR Walsh,S Dube,KA Pollard,0,0,0
West Indies,12,HR Walsh,S Dube,KA Pollard,1,0,1
West Indies,12,KA Pollard,S Dube,HR Walsh,0,0,0
West Indies,12,KA Pollard,S Dube,HR Walsh,1,0,1
West Indies,12,HR Walsh,S Dube,KA Pollard,0,0,0
West Indies,12,HR Walsh,S Dube,KA Pollard,0,0,0
West Indies,13,KA Pollard,Kuldeep Yadav,HR Walsh,6,0,6
West Indies,13,KA Pollard,Kuldeep Yadav,HR Walsh,0,0,0
West Indies,13,KA Pollard,Kuldeep Yadav,HR Walsh,6,0,6
West Indies,13,KA Pollard,Kuldeep Yadav,HR Walsh,0,0,0
West Indies,13,KA Pollard,Kuldeep Yadav,HR Walsh,4,0,4
West Indies,13,KA Pollard,Kuldeep Yadav,HR Walsh,1,0,1
West Indies,14,KA Pollard,B Kumar,HR Walsh,0,1,1
West Indies,14,KA Pollard,B Kumar,HR Walsh,6,0,6
West Indies,14,KA Pollard,B Kumar,HR Walsh,4,0,4
West Indies,14,KA Pollard,B Kumar,HR Walsh,4,0,4
West Indies,14,KA Pollard,B Kumar,HR Walsh,1,0,1
West Indies,14,HR Walsh,B Kumar,KA Pollard,1,0,1
West Indies,14,KA Pollard,B Kumar,HR Walsh,0,0,0
West Indies,15,HR Walsh,DL Chahar,K Pierre,2,0,2
West Indies,15,HR Walsh,DL Chahar,K Pierre,0,0,0
West Indies,15,HR Walsh,DL Chahar,K Pierre,4,0,4
West Indies,15,HR Walsh,DL Chahar,K Pierre,0,0,0
West Indies,15,HR Walsh,DL Chahar,K Pierre,1,0,1
West Indies,15,K Pierre,DL Chahar,HR Walsh,0,0,0
West Indies,16,HR Walsh,Mohammed Shami,K Pierre,1,0,1
West Indies,16,K Pierre,Mohammed Shami,HR Walsh,0,0,0
West Indies,16,K Pierre,Mohammed Shami,HR Walsh,2,0,2
West Indies,16,K Pierre,Mohammed Shami,HR Walsh,1,0,1
West Indies,16,HR Walsh,Mohammed Shami,K Pierre,0,0,0
West Indies,16,KOK Williams,Mohammed Shami,K Pierre,0,0,0
West Indies,17,K Pierre,Washington Sundar,KOK Williams,0,0,0
West Indies,17,K Pierre,Washington Sundar,KOK Williams,1,0,1
West Indies,17,KOK Williams,Washington Sundar,K Pierre,1,0,1
West Indies,17,K Pierre,Washington Sundar,KOK Williams,1,0,1
West Indies,17,KOK Williams,Washington Sundar,K Pierre,0,0,0
West Indies,17,KOK Williams,Washington Sundar,K Pierre,0,1,1
West Indies,17,KOK Williams,Washington Sundar,K Pierre,1,0,1
West Indies,18,KOK Williams,B Kumar,K Pierre,1,0,1
West Indies,18,K Pierre,B Kumar,KOK Williams,0,0,0
West Indies,18,K Pierre,B Kumar,KOK Williams,0,0,0
West Indies,18,K Pierre,B Kumar,KOK Williams,1,0,1
West Indies,18,KOK Williams,B Kumar,K Pierre,6,0,6
West Indies,18,KOK Williams,B Kumar,K Pierre,4,0,4
West Indies,19,K Pierre,DL Chahar,KOK Williams,0,0,0
West Indies,19,K Pierre,DL Chahar,KOK Williams,0,0,0
West Indies,19,SS Cottrell,DL Chahar,KOK Williams,0,0,0
West Indies,19,SS Cottrell,DL Chahar,KOK Williams,4,0,4
West Indies,19,SS Cottrell,DL Chahar,KOK Williams,0,0,0
West Indies,19,SS Cottrell,DL Chahar,KOK Williams,0,0,0
