Team,Over,Batter,Bowler,Non_Striker,Batter_Runs,Extras,Total_Runs
India,0,KL Rahul,TG Southee,SV Samson,0,1,1
India,0,KL Rahul,TG Southee,SV Samson,2,0,2
India,0,KL Rahul,TG Southee,SV Samson,1,0,1
India,0,SV Samson,TG Southee,KL Rahul,1,0,1
India,0,KL Rahul,TG Southee,SV Samson,0,0,0
India,0,KL Rahul,TG Southee,SV Samson,1,0,1
India,0,SV Samson,TG Southee,KL Rahul,1,0,1
India,1,SV Samson,SC Kuggeleijn,KL Rahul,6,0,6
India,1,SV Samson,SC Kuggeleijn,KL Rahul,0,1,1
India,1,SV Samson,SC Kuggeleijn,KL Rahul,0,0,0
India,1,SV Samson,SC Kuggeleijn,KL Rahul,0,0,0
India,1,KL Rahul,SC Kuggeleijn,V Kohli,0,0,0
India,1,KL Rahul,SC Kuggeleijn,V Kohli,0,1,1
India,1,KL Rahul,SC Kuggeleijn,V Kohli,0,1,1
India,1,KL Rahul,SC Kuggeleijn,V Kohli,6,0,6
India,1,KL Rahul,SC Kuggeleijn,V Kohli,0,0,0
India,2,V Kohli,MJ Santner,KL Rahul,1,0,1
India,2,KL Rahul,MJ Santner,V Kohli,1,0,1
India,2,V Kohli,MJ Santner,KL Rahul,0,0,0
India,2,V Kohli,MJ Santner,KL Rahul,1,0,1
India,2,KL Rahul,MJ Santner,V Kohli,6,0,6
India,2,KL Rahul,MJ Santner,V Kohli,4,0,4
India,3,V Kohli,TG Southee,KL Rahul,0,0,0
India,3,V Kohli,TG Southee,KL Rahul,1,0,1
India,3,KL Rahul,TG Southee,V Kohli,2,0,2
India,3,KL Rahul,TG Southee,V Kohli,1,0,1
India,3,V Kohli,TG Southee,KL Rahul,0,1,1
India,3,KL Rahul,TG Southee,V Kohli,0,0,0
India,4,V Kohli,HK Bennett,KL Rahul,4,0,4
India,4,V Kohli,HK Bennett,KL Rahul,4,0,4
India,4,V Kohli,HK Bennett,KL Rahul,0,0,0
India,4,SS Iyer,HK Bennett,KL Rahul,1,0,1
India,4,KL Rahul,HK Bennett,SS Iyer,1,0,1
India,4,SS Iyer,HK Bennett,KL Rahul,0,0,0
India,5,KL Rahul,SC Kuggeleijn,SS Iyer,0,0,0
India,5,KL Rahul,SC Kuggeleijn,SS Iyer,0,0,0
India,5,KL Rahul,SC Kuggeleijn,SS Iyer,1,0,1
India,5,SS Iyer,SC Kuggeleijn,KL Rahul,0,0,0
India,5,SS Iyer,SC Kuggeleijn,KL Rahul,0,0,0
India,5,SS Iyer,SC Kuggeleijn,KL Rahul,0,0,0
India,6,KL Rahul,IS Sodhi,SS Iyer,1,0,1
India,6,SS Iyer,IS Sodhi,KL Rahul,0,0,0
India,6,SS Iyer,IS Sodhi,KL Rahul,0,0,0
India,6,S Dube,IS Sodhi,KL Rahul,1,0,1
India,6,KL Rahul,IS Sodhi,S Dube,2,0,2
India,6,KL Rahul,IS Sodhi,S Dube,0,0,0
India,7,S Dube,SC Kuggeleijn,KL Rahul,1,0,1
India,7,KL Rahul,SC Kuggeleijn,S Dube,4,0,4
India,7,KL Rahul,SC Kuggeleijn,S Dube,1,0,1
India,7,S Dube,SC Kuggeleijn,KL Rahul,4,0,4
India,7,S Dube,SC Kuggeleijn,KL Rahul,0,0,0
India,7,S Dube,SC Kuggeleijn,KL Rahul,4,0,4
India,8,KL Rahul,IS Sodhi,S Dube,4,0,4
India,8,KL Rahul,IS Sodhi,S Dube,1,0,1
India,8,S Dube,IS Sodhi,KL Rahul,1,0,1
India,8,KL Rahul,IS Sodhi,S Dube,0,0,0
India,8,MK Pandey,IS Sodhi,S Dube,2,0,2
India,8,MK Pandey,IS Sodhi,S Dube,1,0,1
India,9,MK Pandey,MJ Santner,S Dube,1,0,1
India,9,S Dube,MJ Santner,MK Pandey,0,0,0
India,9,S Dube,MJ Santner,MK Pandey,1,0,1
India,9,MK Pandey,MJ Santner,S Dube,0,0,0
India,9,MK Pandey,MJ Santner,S Dube,0,0,0
India,9,MK Pandey,MJ Santner,S Dube,3,0,3
India,10,MK Pandey,IS Sodhi,S Dube,1,0,1
India,10,S Dube,IS Sodhi,MK Pandey,0,0,0
India,10,MK Pandey,IS Sodhi,Washington Sundar,2,0,2
India,10,MK Pandey,IS Sodhi,Washington Sundar,0,0,0
India,10,MK Pandey,IS Sodhi,Washington Sundar,1,0,1
India,10,Washington Sundar,IS Sodhi,MK Pandey,0,0,0
India,11,MK Pandey,MJ Santner,Washington Sundar,1,0,1
India,11,Washington Sundar,MJ Santner,MK Pandey,0,0,0
India,11,Washington Sundar,MJ Santner,MK Pandey,0,0,0
India,11,SN Thakur,MJ Santner,MK Pandey,0,0,0
India,11,SN Thakur,MJ Santner,MK Pandey,0,0,0
India,11,SN Thakur,MJ Santner,MK Pandey,0,0,0
India,12,MK Pandey,IS Sodhi,SN Thakur,1,0,1
India,12,SN Thakur,IS Sodhi,MK Pandey,0,0,0
India,12,SN Thakur,IS Sodhi,MK Pandey,1,0,1
India,12,MK Pandey,IS Sodhi,SN Thakur,1,0,1
India,12,SN Thakur,IS Sodhi,MK Pandey,2,0,2
India,12,SN Thakur,IS Sodhi,MK Pandey,4,0,4
India,13,MK Pandey,MJ Santner,SN Thakur,3,0,3
India,13,SN Thakur,MJ Santner,MK Pandey,1,0,1
India,13,MK Pandey,MJ Santner,SN Thakur,0,0,0
India,13,MK Pandey,MJ Santner,SN Thakur,0,0,0
India,13,MK Pandey,MJ Santner,SN Thakur,1,0,1
India,13,SN Thakur,MJ Santner,MK Pandey,2,0,2
India,14,MK Pandey,HK Bennett,SN Thakur,1,0,1
India,14,SN Thakur,HK Bennett,MK Pandey,1,0,1
India,14,MK Pandey,HK Bennett,SN Thakur,2,0,2
India,14,MK Pandey,HK Bennett,SN Thakur,0,0,0
India,14,MK Pandey,HK Bennett,SN Thakur,2,0,2
India,14,MK Pandey,HK Bennett,SN Thakur,0,1,1
India,14,MK Pandey,HK Bennett,SN Thakur,1,0,1
India,15,MK Pandey,TG Southee,SN Thakur,1,0,1
India,15,SN Thakur,TG Southee,MK Pandey,0,1,1
India,15,MK Pandey,TG Southee,SN Thakur,4,0,4
India,15,MK Pandey,TG Southee,SN Thakur,2,0,2
India,15,MK Pandey,TG Southee,SN Thakur,0,1,1
India,15,MK Pandey,TG Southee,SN Thakur,0,1,1
India,15,SN Thakur,TG Southee,MK Pandey,3,0,3
India,16,SN Thakur,HK Bennett,MK Pandey,4,0,4
India,16,SN Thakur,HK Bennett,MK Pandey,2,0,2
India,16,SN Thakur,HK Bennett,MK Pandey,0,0,0
India,16,MK Pandey,HK Bennett,YS Chahal,4,0,4
India,16,MK Pandey,HK Bennett,YS Chahal,2,0,2
India,16,MK Pandey,HK Bennett,YS Chahal,1,0,1
India,17,MK Pandey,TG Southee,YS Chahal,1,0,1
India,17,YS Chahal,TG Southee,MK Pandey,1,0,1
India,17,MK Pandey,TG Southee,YS Chahal,2,0,2
India,17,MK Pandey,TG Southee,YS Chahal,1,0,1
India,17,YS Chahal,TG Southee,MK Pandey,0,0,0
India,17,Navdeep Saini,TG Southee,MK Pandey,1,0,1
India,18,Navdeep Saini,HK Bennett,MK Pandey,0,0,0
India,18,Navdeep Saini,HK Bennett,MK Pandey,0,0,0
India,18,Navdeep Saini,HK Bennett,MK Pandey,4,0,4
India,18,Navdeep Saini,HK Bennett,MK Pandey,0,0,0
India,18,Navdeep Saini,HK Bennett,MK Pandey,4,0,4
India,18,Navdeep Saini,HK Bennett,MK Pandey,2,0,2
India,19,MK Pandey,SC Kuggeleijn,Navdeep Saini,4,0,4
India,19,MK Pandey,SC Kuggeleijn,Navdeep Saini,1,0,1
India,19,Navdeep Saini,SC Kuggeleijn,MK Pandey,0,1,1
India,19,MK Pandey,SC Kuggeleijn,Navdeep Saini,0,1,1
India,19,MK Pandey,SC Kuggeleijn,Navdeep Saini,2,0,2
India,19,MK Pandey,SC Kuggeleijn,Navdeep Saini,1,0,1
India,19,Navdeep Saini,SC Kuggeleijn,MK Pandey,0,1,1
New Zealand,0,MJ Guptill,SN Thakur,C Munro,1,0,1
New Zealand,0,C Munro,SN Thakur,MJ Guptill,0,0,0
New Zealand,0,C Munro,SN Thakur,MJ Guptill,1,0,1
New Zealand,0,MJ Guptill,SN Thakur,C Munro,0,0,0
New Zealand,0,MJ Guptill,SN Thakur,C Munro,1,0,1
New Zealand,0,C Munro,SN Thakur,MJ Guptill,0,1,1
New Zealand,1,C Munro,Navdeep Saini,MJ Guptill,0,0,0
New Zealand,1,C Munro,Navdeep Saini,MJ Guptill,0,0,0
New Zealand,1,C Munro,Navdeep Saini,MJ Guptill,4,0,4
New Zealand,1,C Munro,Navdeep Saini,MJ Guptill,0,0,0
New Zealand,1,C Munro,Navdeep Saini,MJ Guptill,0,0,0
New Zealand,1,C Munro,Navdeep Saini,MJ Guptill,1,0,1
New Zealand,2,C Munro,JJ Bumrah,MJ Guptill,0,0,0
New Zealand,2,C Munro,JJ Bumrah,MJ Guptill,1,0,1
New Zealand,2,MJ Guptill,JJ Bumrah,C Munro,0,1,1
New Zealand,2,C Munro,JJ Bumrah,MJ Guptill,0,0,0
New Zealand,2,C Munro,JJ Bumrah,MJ Guptill,1,0,1
New Zealand,2,MJ Guptill,JJ Bumrah,C Munro,0,0,0
New Zealand,3,C Munro,Navdeep Saini,MJ Guptill,0,0,0
New Zealand,3,C Munro,Navdeep Saini,MJ Guptill,0,0,0
New Zealand,3,C Munro,Navdeep Saini,MJ Guptill,6,0,6
New Zealand,3,C Munro,Navdeep Saini,MJ Guptill,1,0,1
New Zealand,3,MJ Guptill,Navdeep Saini,C Munro,0,0,0
New Zealand,3,MJ Guptill,Navdeep Saini,C Munro,2,0,2
New Zealand,4,C Munro,JJ Bumrah,MJ Guptill,1,0,1
New Zealand,4,MJ Guptill,JJ Bumrah,C Munro,0,0,0
New Zealand,4,C Munro,JJ Bumrah,TL Seifert,0,0,0
New Zealand,4,C Munro,JJ Bumrah,TL Seifert,0,0,0
New Zealand,4,C Munro,JJ Bumrah,TL Seifert,1,0,1
New Zealand,4,TL Seifert,JJ Bumrah,C Munro,0,0,0
New Zealand,5,C Munro,SN Thakur,TL Seifert,6,0,6
New Zealand,5,C Munro,SN Thakur,TL Seifert,4,0,4
New Zealand,5,C Munro,SN Thakur,TL Seifert,4,0,4
New Zealand,5,C Munro,SN Thakur,TL Seifert,0,1,1
New Zealand,5,C Munro,SN Thakur,TL Seifert,1,0,1
New Zealand,5,TL Seifert,SN Thakur,C Munro,0,0,0
New Zealand,5,TL Seifert,SN Thakur,C Munro,0,0,0
New Zealand,6,C Munro,YS Chahal,TL Seifert,0,0,0
New Zealand,6,C Munro,YS Chahal,TL Seifert,1,0,1
New Zealand,6,TL Seifert,YS Chahal,C Munro,1,0,1
New Zealand,6,C Munro,YS Chahal,TL Seifert,0,0,0
New Zealand,6,C Munro,YS Chahal,TL Seifert,1,0,1
New Zealand,6,TL Seifert,YS Chahal,C Munro,1,0,1
New Zealand,7,TL Seifert,Washington Sundar,C Munro,4,0,4
New Zealand,7,TL Seifert,Washington Sundar,C Munro,1,0,1
New Zealand,7,C Munro,Washington Sundar,TL Seifert,0,0,0
New Zealand,7,C Munro,Washington Sundar,TL Seifert,6,0,6
New Zealand,7,C Munro,Washington Sundar,TL Seifert,1,0,1
New Zealand,7,TL Seifert,Washington Sundar,C Munro,1,0,1
New Zealand,8,TL Seifert,YS Chahal,C Munro,1,0,1
New Zealand,8,C Munro,YS Chahal,TL Seifert,2,0,2
New Zealand,8,C Munro,YS Chahal,TL Seifert,0,0,0
New Zealand,8,C Munro,YS Chahal,TL Seifert,2,0,2
New Zealand,8,C Munro,YS Chahal,TL Seifert,1,0,1
New Zealand,8,TL Seifert,YS Chahal,C Munro,6,0,6
New Zealand,9,C Munro,Washington Sundar,TL Seifert,0,0,0
New Zealand,9,C Munro,Washington Sundar,TL Seifert,4,0,4
New Zealand,9,C Munro,Washington Sundar,TL Seifert,4,0,4
New Zealand,9,C Munro,Washington Sundar,TL Seifert,2,0,2
New Zealand,9,C Munro,Washington Sundar,TL Seifert,0,0,0
New Zealand,9,C Munro,Washington Sundar,TL Seifert,1,0,1
New Zealand,10,C Munro,Navdeep Saini,TL Seifert,0,1,1
New Zealand,10,C Munro,Navdeep Saini,TL Seifert,1,0,1
New Zealand,10,TL Seifert,Navdeep Saini,C Munro,4,0,4
New Zealand,10,TL Seifert,Navdeep Saini,C Munro,0,2,2
New Zealand,10,TL Seifert,Navdeep Saini,C Munro,1,0,1
New Zealand,10,C Munro,Navdeep Saini,TL Seifert,4,0,4
New Zealand,10,C Munro,Navdeep Saini,TL Seifert,0,0,0
New Zealand,11,TL Seifert,S Dube,C Munro,1,0,1
New Zealand,11,C Munro,S Dube,TL Seifert,1,0,1
New Zealand,11,TL Seifert,S Dube,C Munro,0,1,1
New Zealand,11,C Munro,S Dube,TL Seifert,1,0,1
New Zealand,11,TC Bruce,S Dube,TL Seifert,0,0,0
New Zealand,11,TC Bruce,S Dube,TL Seifert,0,1,1
New Zealand,12,TC Bruce,YS Chahal,TL Seifert,0,0,0
New Zealand,12,LRPL Taylor,YS Chahal,TL Seifert,1,0,1
New Zealand,12,TL Seifert,YS Chahal,LRPL Taylor,1,0,1
New Zealand,12,LRPL Taylor,YS Chahal,TL Seifert,1,0,1
New Zealand,12,TL Seifert,YS Chahal,LRPL Taylor,1,0,1
New Zealand,12,LRPL Taylor,YS Chahal,TL Seifert,1,0,1
New Zealand,13,LRPL Taylor,S Dube,TL Seifert,1,0,1
New Zealand,13,TL Seifert,S Dube,LRPL Taylor,1,0,1
New Zealand,13,LRPL Taylor,S Dube,TL Seifert,1,0,1
New Zealand,13,TL Seifert,S Dube,LRPL Taylor,1,0,1
New Zealand,13,LRPL Taylor,S Dube,TL Seifert,1,0,1
New Zealand,13,TL Seifert,S Dube,LRPL Taylor,6,0,6
New Zealand,14,LRPL Taylor,YS Chahal,TL Seifert,1,0,1
New Zealand,14,TL Seifert,YS Chahal,LRPL Taylor,6,0,6
New Zealand,14,TL Seifert,YS Chahal,LRPL Taylor,1,0,1
New Zealand,14,LRPL Taylor,YS Chahal,TL Seifert,2,0,2
New Zealand,14,LRPL Taylor,YS Chahal,TL Seifert,2,0,2
New Zealand,14,LRPL Taylor,YS Chahal,TL Seifert,0,1,1
New Zealand,14,LRPL Taylor,YS Chahal,TL Seifert,4,0,4
New Zealand,15,TL Seifert,JJ Bumrah,LRPL Taylor,1,0,1
New Zealand,15,LRPL Taylor,JJ Bumrah,TL Seifert,0,1,1
New Zealand,15,TL Seifert,JJ Bumrah,LRPL Taylor,2,0,2
New Zealand,15,TL Seifert,JJ Bumrah,LRPL Taylor,4,0,4
New Zealand,15,TL Seifert,JJ Bumrah,LRPL Taylor,1,0,1
New Zealand,15,LRPL Taylor,JJ Bumrah,TL Seifert,1,0,1
New Zealand,16,LRPL Taylor,SN Thakur,TL Seifert,4,0,4
New Zealand,16,LRPL Taylor,SN Thakur,TL Seifert,1,0,1
New Zealand,16,TL Seifert,SN Thakur,LRPL Taylor,1,0,1
New Zealand,16,LRPL Taylor,SN Thakur,TL Seifert,1,0,1
New Zealand,16,TL Seifert,SN Thakur,LRPL Taylor,0,0,0
New Zealand,16,TL Seifert,SN Thakur,LRPL Taylor,1,0,1
New Zealand,17,TL Seifert,JJ Bumrah,LRPL Taylor,0,0,0
New Zealand,17,TL Seifert,JJ Bumrah,LRPL Taylor,1,0,1
New Zealand,17,LRPL Taylor,JJ Bumrah,TL Seifert,1,0,1
New Zealand,17,TL Seifert,JJ Bumrah,LRPL Taylor,4,0,4
New Zealand,17,TL Seifert,JJ Bumrah,LRPL Taylor,0,0,0
New Zealand,17,TL Seifert,JJ Bumrah,LRPL Taylor,1,0,1
New Zealand,18,TL Seifert,Navdeep Saini,LRPL Taylor,0,0,0
New Zealand,18,TL Seifert,Navdeep Saini,LRPL Taylor,2,0,2
New Zealand,18,TL Seifert,Navdeep Saini,LRPL Taylor,0,0,0
New Zealand,18,TL Seifert,Navdeep Saini,LRPL Taylor,0,0,0
New Zealand,18,TL Seifert,Navdeep Saini,LRPL Taylor,1,0,1
New Zealand,18,LRPL Taylor,Navdeep Saini,TL Seifert,1,0,1
New Zealand,19,LRPL Taylor,SN Thakur,TL Seifert,0,0,0
New Zealand,19,DJ Mitchell,SN Thakur,TL Seifert,4,0,4
New Zealand,19,DJ Mitchell,SN Thakur,TL Seifert,0,0,0
New Zealand,19,MJ Santner,SN Thakur,DJ Mitchell,1,0,1
New Zealand,19,DJ Mitchell,SN Thakur,MJ Santner,0,0,0
New Zealand,19,MJ Santner,SN Thakur,SC Kuggeleijn,1,0,1
New Zealand,0,TL Seifert,JJ Bumrah,C Munro,2,0,2
New Zealand,0,TL Seifert,JJ Bumrah,C Munro,4,0,4
New Zealand,0,TL Seifert,JJ Bumrah,C Munro,2,0,2
New Zealand,0,TL Seifert,JJ Bumrah,C Munro,0,0,0
New Zealand,0,C Munro,JJ Bumrah,SC Kuggeleijn,4,0,4
New Zealand,0,C Munro,JJ Bumrah,SC Kuggeleijn,1,0,1
India,0,KL Rahul,TG Southee,V Kohli,6,0,6
India,0,KL Rahul,TG Southee,V Kohli,4,0,4
India,0,KL Rahul,TG Southee,V Kohli,0,0,0
India,0,V Kohli,TG Southee,SV Samson,2,0,2
India,0,V Kohli,TG Southee,SV Samson,4,0,4
