Team,Over,Batter,Bowler,Non_Striker,Batter_Runs,Extras,Total_Runs
New Zealand,0,SFM Devine,N Mlaba,LR Down,0,0,0
New Zealand,0,SFM Devine,N Mlaba,LR Down,2,0,2
New Zealand,0,SFM Devine,N Mlaba,LR Down,1,0,1
New Zealand,0,LR Down,N Mlaba,SFM Devine,2,0,2
New Zealand,0,LR Down,N Mlaba,SFM Devine,2,0,2
New Zealand,0,LR Down,N Mlaba,SFM Devine,1,0,1
New Zealand,1,LR Down,S Ismail,SFM Devine,0,0,0
New Zealand,1,LR Down,S Ismail,SFM Devine,0,0,0
New Zealand,1,LR Down,S Ismail,SFM Devine,1,0,1
New Zealand,1,SFM Devine,S Ismail,LR Down,0,1,1
New Zealand,1,SFM Devine,S Ismail,LR Down,0,0,0
New Zealand,1,SFM Devine,S Ismail,LR Down,0,0,0
New Zealand,1,SFM Devine,S Ismail,LR Down,0,0,0
New Zealand,2,LR Down,N Mlaba,SFM Devine,4,0,4
New Zealand,2,LR Down,N Mlaba,SFM Devine,1,0,1
New Zealand,2,SFM Devine,N Mlaba,LR Down,4,0,4
New Zealand,2,SFM Devine,N Mlaba,LR Down,4,0,4
New Zealand,2,SFM Devine,N Mlaba,LR Down,0,0,0
New Zealand,2,SFM Devine,N Mlaba,LR Down,4,0,4
New Zealand,3,LR Down,S Ismail,SFM Devine,0,0,0
New Zealand,3,SW Bates,S Ismail,SFM Devine,0,0,0
New Zealand,3,SW Bates,S Ismail,SFM Devine,2,0,2
New Zealand,3,SW Bates,S Ismail,SFM Devine,0,0,0
New Zealand,3,SW Bates,S Ismail,SFM Devine,1,0,1
New Zealand,3,SFM Devine,S Ismail,SW Bates,0,0,0
New Zealand,4,SW Bates,A Khaka,SFM Devine,1,0,1
New Zealand,4,SFM Devine,A Khaka,SW Bates,4,0,4
New Zealand,4,SFM Devine,A Khaka,SW Bates,0,0,0
New Zealand,4,SFM Devine,A Khaka,SW Bates,4,0,4
New Zealand,4,SFM Devine,A Khaka,SW Bates,2,0,2
New Zealand,4,SFM Devine,A Khaka,SW Bates,0,0,0
New Zealand,5,SW Bates,S Ismail,SFM Devine,0,0,0
New Zealand,5,SW Bates,S Ismail,SFM Devine,0,0,0
New Zealand,5,SW Bates,S Ismail,SFM Devine,1,0,1
New Zealand,5,SFM Devine,S Ismail,SW Bates,4,0,4
New Zealand,5,SFM Devine,S Ismail,SW Bates,0,1,1
New Zealand,5,SFM Devine,S Ismail,SW Bates,0,0,0
New Zealand,5,SFM Devine,S Ismail,SW Bates,0,0,0
New Zealand,6,SW Bates,D van Niekerk,SFM Devine,0,0,0
New Zealand,6,SW Bates,D van Niekerk,SFM Devine,1,0,1
New Zealand,6,SFM Devine,D van Niekerk,SW Bates,1,0,1
New Zealand,6,SW Bates,D van Niekerk,SFM Devine,1,0,1
New Zealand,6,SFM Devine,D van Niekerk,SW Bates,0,0,0
New Zealand,6,SFM Devine,D van Niekerk,SW Bates,1,0,1
New Zealand,7,SFM Devine,CL Tryon,SW Bates,0,1,1
New Zealand,7,SFM Devine,CL Tryon,SW Bates,0,0,0
New Zealand,7,SFM Devine,CL Tryon,SW Bates,0,0,0
New Zealand,7,SFM Devine,CL Tryon,SW Bates,1,0,1
New Zealand,7,SW Bates,CL Tryon,SFM Devine,0,0,0
New Zealand,7,SW Bates,CL Tryon,SFM Devine,0,0,0
New Zealand,7,SW Bates,CL Tryon,SFM Devine,0,1,1
New Zealand,7,SW Bates,CL Tryon,SFM Devine,0,0,0
New Zealand,8,SFM Devine,D van Niekerk,SW Bates,2,0,2
New Zealand,8,SFM Devine,D van Niekerk,SW Bates,1,0,1
New Zealand,8,SW Bates,D van Niekerk,SFM Devine,1,0,1
New Zealand,8,SFM Devine,D van Niekerk,SW Bates,1,0,1
New Zealand,8,SW Bates,D van Niekerk,SFM Devine,2,0,2
New Zealand,8,SW Bates,D van Niekerk,SFM Devine,0,0,0
New Zealand,9,SFM Devine,CL Tryon,SW Bates,1,0,1
New Zealand,9,SW Bates,CL Tryon,SFM Devine,0,0,0
New Zealand,9,SW Bates,CL Tryon,SFM Devine,0,1,1
New Zealand,9,SFM Devine,CL Tryon,SW Bates,0,0,0
New Zealand,9,SFM Devine,CL Tryon,SW Bates,1,0,1
New Zealand,9,SW Bates,CL Tryon,SFM Devine,2,0,2
New Zealand,10,SFM Devine,D van Niekerk,SW Bates,0,0,0
New Zealand,10,SFM Devine,D van Niekerk,SW Bates,1,0,1
New Zealand,10,SW Bates,D van Niekerk,SFM Devine,1,0,1
New Zealand,10,SFM Devine,D van Niekerk,SW Bates,6,0,6
New Zealand,10,SFM Devine,D van Niekerk,SW Bates,1,0,1
New Zealand,10,SW Bates,D van Niekerk,SFM Devine,4,0,4
New Zealand,11,SFM Devine,CL Tryon,SW Bates,1,0,1
New Zealand,11,SW Bates,CL Tryon,SFM Devine,1,0,1
New Zealand,11,SFM Devine,CL Tryon,SW Bates,4,0,4
New Zealand,11,SFM Devine,CL Tryon,SW Bates,4,0,4
New Zealand,11,SFM Devine,CL Tryon,SW Bates,1,0,1
New Zealand,11,SW Bates,CL Tryon,SFM Devine,0,1,1
New Zealand,11,SW Bates,CL Tryon,SFM Devine,0,1,1
New Zealand,12,SW Bates,S Luus,SFM Devine,2,0,2
New Zealand,12,SW Bates,S Luus,SFM Devine,1,0,1
New Zealand,12,SFM Devine,S Luus,SW Bates,6,0,6
New Zealand,12,SFM Devine,S Luus,SW Bates,4,0,4
New Zealand,12,SFM Devine,S Luus,SW Bates,6,0,6
New Zealand,12,SFM Devine,S Luus,SW Bates,4,0,4
New Zealand,13,SW Bates,N de Klerk,SFM Devine,0,0,0
New Zealand,13,SW Bates,N de Klerk,SFM Devine,0,1,1
New Zealand,13,SW Bates,N de Klerk,SFM Devine,0,0,0
New Zealand,13,SW Bates,N de Klerk,SFM Devine,2,0,2
New Zealand,13,SW Bates,N de Klerk,SFM Devine,1,0,1
New Zealand,13,SFM Devine,N de Klerk,SW Bates,2,0,2
New Zealand,13,SFM Devine,N de Klerk,SW Bates,1,0,1
New Zealand,14,SFM Devine,A Khaka,SW Bates,0,0,0
New Zealand,14,SFM Devine,A Khaka,SW Bates,1,0,1
New Zealand,14,SW Bates,A Khaka,SFM Devine,1,0,1
New Zealand,14,SFM Devine,A Khaka,SW Bates,1,0,1
New Zealand,14,SW Bates,A Khaka,SFM Devine,2,0,2
New Zealand,14,SW Bates,A Khaka,SFM Devine,1,0,1
New Zealand,15,SW Bates,N de Klerk,SFM Devine,0,0,0
New Zealand,15,SW Bates,N de Klerk,SFM Devine,1,0,1
New Zealand,15,SFM Devine,N de Klerk,SW Bates,1,0,1
New Zealand,15,SW Bates,N de Klerk,SFM Devine,1,0,1
New Zealand,15,SFM Devine,N de Klerk,SW Bates,1,0,1
New Zealand,15,SW Bates,N de Klerk,SFM Devine,4,0,4
New Zealand,16,SFM Devine,A Khaka,SW Bates,1,0,1
New Zealand,16,SW Bates,A Khaka,SFM Devine,1,0,1
New Zealand,16,SFM Devine,A Khaka,SW Bates,1,0,1
New Zealand,16,SW Bates,A Khaka,SFM Devine,1,0,1
New Zealand,16,SFM Devine,A Khaka,SW Bates,2,0,2
New Zealand,16,SFM Devine,A Khaka,SW Bates,2,0,2
New Zealand,17,SW Bates,N de Klerk,SFM Devine,4,0,4
New Zealand,17,SW Bates,N de Klerk,SFM Devine,2,0,2
New Zealand,17,SW Bates,N de Klerk,SFM Devine,1,0,1
New Zealand,17,SFM Devine,N de Klerk,SW Bates,1,0,1
New Zealand,17,SW Bates,N de Klerk,SFM Devine,1,0,1
New Zealand,17,SFM Devine,N de Klerk,SW Bates,1,0,1
New Zealand,18,SFM Devine,A Khaka,SW Bates,1,0,1
New Zealand,18,SW Bates,A Khaka,SFM Devine,1,0,1
New Zealand,18,SFM Devine,A Khaka,SW Bates,4,0,4
New Zealand,18,SFM Devine,A Khaka,SW Bates,0,0,0
New Zealand,18,SFM Devine,A Khaka,SW Bates,1,0,1
New Zealand,18,SW Bates,A Khaka,SFM Devine,0,0,0
New Zealand,19,SFM Devine,S Ismail,SW Bates,2,0,2
New Zealand,19,SFM Devine,S Ismail,SW Bates,0,0,0
New Zealand,19,SFM Devine,S Ismail,SW Bates,4,0,4
New Zealand,19,SFM Devine,S Ismail,SW Bates,2,0,2
New Zealand,19,SFM Devine,S Ismail,SW Bates,0,0,0
New Zealand,19,SW Bates,S Ismail,HNK Jensen,2,0,2
South Africa,0,L Lee,JM Kerr,L Wolvaardt,1,0,1
South Africa,0,L Wolvaardt,JM Kerr,L Lee,0,0,0
South Africa,0,L Wolvaardt,JM Kerr,L Lee,1,0,1
South Africa,0,L Lee,JM Kerr,L Wolvaardt,0,0,0
South Africa,0,L Lee,JM Kerr,L Wolvaardt,1,0,1
South Africa,0,L Wolvaardt,JM Kerr,L Lee,1,0,1
South Africa,1,L Wolvaardt,AM Peterson,L Lee,1,0,1
South Africa,1,L Lee,AM Peterson,L Wolvaardt,0,0,0
South Africa,1,L Lee,AM Peterson,L Wolvaardt,0,0,0
South Africa,1,L Lee,AM Peterson,L Wolvaardt,1,0,1
South Africa,1,L Wolvaardt,AM Peterson,L Lee,0,0,0
South Africa,1,L Wolvaardt,AM Peterson,L Lee,0,0,0
South Africa,2,L Lee,RA Mair,L Wolvaardt,2,0,2
South Africa,2,L Lee,RA Mair,L Wolvaardt,4,0,4
South Africa,2,L Lee,RA Mair,L Wolvaardt,1,0,1
South Africa,2,L Wolvaardt,RA Mair,L Lee,4,0,4
South Africa,2,L Wolvaardt,RA Mair,L Lee,1,0,1
South Africa,2,L Lee,RA Mair,L Wolvaardt,0,0,0
South Africa,3,L Wolvaardt,AM Peterson,L Lee,0,0,0
South Africa,3,L Wolvaardt,AM Peterson,L Lee,0,0,0
South Africa,3,S Luus,AM Peterson,L Lee,1,0,1
South Africa,3,L Lee,AM Peterson,S Luus,1,0,1
South Africa,3,S Luus,AM Peterson,L Lee,0,0,0
South Africa,3,S Luus,AM Peterson,L Lee,0,0,0
South Africa,4,L Lee,HR Huddleston,S Luus,4,0,4
South Africa,4,L Lee,HR Huddleston,S Luus,0,0,0
South Africa,4,L Lee,HR Huddleston,S Luus,4,0,4
South Africa,4,L Lee,HR Huddleston,S Luus,0,0,0
South Africa,4,L Lee,HR Huddleston,S Luus,0,0,0
South Africa,4,L Lee,HR Huddleston,S Luus,1,0,1
South Africa,5,L Lee,SFM Devine,S Luus,0,0,0
South Africa,5,L Lee,SFM Devine,S Luus,1,0,1
South Africa,5,S Luus,SFM Devine,L Lee,1,0,1
South Africa,5,L Lee,SFM Devine,S Luus,0,0,0
South Africa,5,L Lee,SFM Devine,S Luus,4,0,4
South Africa,5,L Lee,SFM Devine,S Luus,0,0,0
South Africa,6,S Luus,AC Kerr,D van Niekerk,1,0,1
South Africa,6,D van Niekerk,AC Kerr,S Luus,1,0,1
South Africa,6,S Luus,AC Kerr,D van Niekerk,4,0,4
South Africa,6,S Luus,AC Kerr,D van Niekerk,4,0,4
South Africa,6,S Luus,AC Kerr,D van Niekerk,0,0,0
South Africa,6,S Luus,AC Kerr,D van Niekerk,1,0,1
South Africa,7,S Luus,JM Kerr,D van Niekerk,0,2,2
South Africa,7,D van Niekerk,JM Kerr,S Luus,1,0,1
South Africa,7,S Luus,JM Kerr,D van Niekerk,2,0,2
South Africa,7,S Luus,JM Kerr,D van Niekerk,1,0,1
South Africa,7,D van Niekerk,JM Kerr,S Luus,0,0,0
South Africa,7,D van Niekerk,JM Kerr,S Luus,0,0,0
South Africa,7,D van Niekerk,JM Kerr,S Luus,4,0,4
South Africa,8,S Luus,AM Peterson,D van Niekerk,0,0,0
South Africa,8,S Luus,AM Peterson,D van Niekerk,1,0,1
South Africa,8,D van Niekerk,AM Peterson,S Luus,1,0,1
South Africa,8,S Luus,AM Peterson,D van Niekerk,0,0,0
South Africa,8,D van Niekerk,AM Peterson,M du Preez,1,0,1
South Africa,8,M du Preez,AM Peterson,D van Niekerk,0,0,0
South Africa,9,D van Niekerk,AC Kerr,M du Preez,0,0,0
South Africa,9,D van Niekerk,AC Kerr,M du Preez,1,0,1
South Africa,9,M du Preez,AC Kerr,D van Niekerk,1,0,1
South Africa,9,D van Niekerk,AC Kerr,M du Preez,0,0,0
South Africa,9,D van Niekerk,AC Kerr,M du Preez,1,0,1
South Africa,9,M du Preez,AC Kerr,D van Niekerk,1,0,1
South Africa,10,M du Preez,HNK Jensen,D van Niekerk,4,0,4
South Africa,10,M du Preez,HNK Jensen,D van Niekerk,2,0,2
South Africa,10,M du Preez,HNK Jensen,D van Niekerk,1,0,1
South Africa,10,D van Niekerk,HNK Jensen,M du Preez,0,0,0
South Africa,10,CL Tryon,HNK Jensen,M du Preez,0,0,0
South Africa,10,CL Tryon,HNK Jensen,M du Preez,2,0,2
South Africa,11,M du Preez,AC Kerr,CL Tryon,1,0,1
South Africa,11,CL Tryon,AC Kerr,M du Preez,2,0,2
South Africa,11,CL Tryon,AC Kerr,M du Preez,0,0,0
South Africa,11,CL Tryon,AC Kerr,M du Preez,0,0,0
South Africa,11,N de Klerk,AC Kerr,M du Preez,1,0,1
South Africa,11,M du Preez,AC Kerr,N de Klerk,1,0,1
South Africa,12,M du Preez,HNK Jensen,N de Klerk,1,0,1
South Africa,12,N de Klerk,HNK Jensen,M du Preez,0,0,0
South Africa,12,N de Klerk,HNK Jensen,M du Preez,1,0,1
South Africa,12,M du Preez,HNK Jensen,N de Klerk,1,0,1
South Africa,12,N de Klerk,HNK Jensen,M du Preez,2,0,2
South Africa,12,N de Klerk,HNK Jensen,M du Preez,0,0,0
South Africa,13,M du Preez,RA Mair,N de Klerk,1,0,1
South Africa,13,N de Klerk,RA Mair,M du Preez,1,0,1
South Africa,13,M du Preez,RA Mair,N de Klerk,0,0,0
South Africa,13,T Chetty,RA Mair,N de Klerk,0,0,0
South Africa,13,T Chetty,RA Mair,N de Klerk,1,0,1
South Africa,13,N de Klerk,RA Mair,T Chetty,0,0,0
South Africa,14,T Chetty,AM Peterson,N de Klerk,1,0,1
South Africa,14,N de Klerk,AM Peterson,T Chetty,0,0,0
South Africa,14,A Khaka,AM Peterson,T Chetty,0,0,0
South Africa,14,A Khaka,AM Peterson,T Chetty,1,0,1
South Africa,14,T Chetty,AM Peterson,A Khaka,4,0,4
South Africa,14,T Chetty,AM Peterson,A Khaka,1,0,1
South Africa,15,T Chetty,RA Mair,A Khaka,0,0,0
South Africa,15,T Chetty,RA Mair,A Khaka,1,0,1
South Africa,15,A Khaka,RA Mair,T Chetty,0,0,0
South Africa,15,A Khaka,RA Mair,T Chetty,4,0,4
South Africa,15,A Khaka,RA Mair,T Chetty,1,0,1
South Africa,15,T Chetty,RA Mair,A Khaka,1,0,1
South Africa,16,T Chetty,JM Kerr,A Khaka,0,0,0
South Africa,16,A Khaka,JM Kerr,N Mlaba,0,0,0
South Africa,16,A Khaka,JM Kerr,N Mlaba,1,0,1
South Africa,16,N Mlaba,JM Kerr,A Khaka,1,0,1
South Africa,16,A Khaka,JM Kerr,N Mlaba,1,0,1
South Africa,16,N Mlaba,JM Kerr,A Khaka,0,0,0
