Team,Over,Batter,Bowler,Non_Striker,Batter_Runs,Extras,Total_Runs
India,0,RG Sharma,Al-Amin Hossain,S Dhawan,0,0,0
India,0,RG Sharma,Al-Amin Hossain,S Dhawan,1,0,1
India,0,S Dhawan,Al-Amin Hossain,RG Sharma,0,0,0
India,0,S Dhawan,Al-Amin Hossain,RG Sharma,1,0,1
India,0,RG Sharma,Al-Amin Hossain,S Dhawan,1,0,1
India,0,S Dhawan,Al-Amin Hossain,RG Sharma,0,0,0
India,1,RG Sharma,Shafiul Islam,S Dhawan,0,0,0
India,1,RG Sharma,Shafiul Islam,S Dhawan,0,0,0
India,1,RG Sharma,Shafiul Islam,S Dhawan,0,0,0
India,1,KL Rahul,Shafiul Islam,S Dhawan,0,0,0
India,1,KL Rahul,Shafiul Islam,S Dhawan,0,0,0
India,1,KL Rahul,Shafiul Islam,S Dhawan,0,0,0
India,2,S Dhawan,Al-Amin Hossain,KL Rahul,0,0,0
India,2,S Dhawan,Al-Amin Hossain,KL Rahul,4,0,4
India,2,S Dhawan,Al-Amin Hossain,KL Rahul,4,0,4
India,2,S Dhawan,Al-Amin Hossain,KL Rahul,1,0,1
India,2,KL Rahul,Al-Amin Hossain,S Dhawan,1,0,1
India,2,S Dhawan,Al-Amin Hossain,KL Rahul,0,0,0
India,3,KL Rahul,Shafiul Islam,S Dhawan,4,0,4
India,3,KL Rahul,Shafiul Islam,S Dhawan,4,0,4
India,3,KL Rahul,Shafiul Islam,S Dhawan,2,0,2
India,3,KL Rahul,Shafiul Islam,S Dhawan,1,0,1
India,3,S Dhawan,Shafiul Islam,KL Rahul,1,0,1
India,3,KL Rahul,Shafiul Islam,S Dhawan,0,0,0
India,4,S Dhawan,Mustafizur Rahman,KL Rahul,0,1,1
India,4,S Dhawan,Mustafizur Rahman,KL Rahul,4,0,4
India,4,S Dhawan,Mustafizur Rahman,KL Rahul,0,0,0
India,4,S Dhawan,Mustafizur Rahman,KL Rahul,0,0,0
India,4,S Dhawan,Mustafizur Rahman,KL Rahul,0,0,0
India,4,S Dhawan,Mustafizur Rahman,KL Rahul,0,0,0
India,4,S Dhawan,Mustafizur Rahman,KL Rahul,4,0,4
India,5,KL Rahul,Shafiul Islam,S Dhawan,1,0,1
India,5,S Dhawan,Shafiul Islam,KL Rahul,0,0,0
India,5,KL Rahul,Shafiul Islam,SS Iyer,1,0,1
India,5,SS Iyer,Shafiul Islam,KL Rahul,0,0,0
India,5,SS Iyer,Shafiul Islam,KL Rahul,1,0,1
India,5,KL Rahul,Shafiul Islam,SS Iyer,4,0,4
India,6,SS Iyer,Aminul Islam,KL Rahul,0,0,0
India,6,SS Iyer,Aminul Islam,KL Rahul,1,0,1
India,6,KL Rahul,Aminul Islam,SS Iyer,4,0,4
India,6,KL Rahul,Aminul Islam,SS Iyer,1,0,1
India,6,SS Iyer,Aminul Islam,KL Rahul,1,0,1
India,6,KL Rahul,Aminul Islam,SS Iyer,1,0,1
India,7,KL Rahul,Soumya Sarkar,SS Iyer,1,0,1
India,7,SS Iyer,Soumya Sarkar,KL Rahul,1,0,1
India,7,KL Rahul,Soumya Sarkar,SS Iyer,1,0,1
India,7,SS Iyer,Soumya Sarkar,KL Rahul,1,0,1
India,7,KL Rahul,Soumya Sarkar,SS Iyer,0,0,0
India,7,KL Rahul,Soumya Sarkar,SS Iyer,1,0,1
India,8,KL Rahul,Aminul Islam,SS Iyer,0,0,0
India,8,KL Rahul,Aminul Islam,SS Iyer,2,0,2
India,8,KL Rahul,Aminul Islam,SS Iyer,1,0,1
India,8,SS Iyer,Aminul Islam,KL Rahul,0,0,0
India,8,SS Iyer,Aminul Islam,KL Rahul,1,0,1
India,8,KL Rahul,Aminul Islam,SS Iyer,1,0,1
India,9,KL Rahul,Mustafizur Rahman,SS Iyer,4,0,4
India,9,KL Rahul,Mustafizur Rahman,SS Iyer,1,0,1
India,9,SS Iyer,Mustafizur Rahman,KL Rahul,1,0,1
India,9,KL Rahul,Mustafizur Rahman,SS Iyer,4,0,4
India,9,KL Rahul,Mustafizur Rahman,SS Iyer,1,0,1
India,9,SS Iyer,Mustafizur Rahman,KL Rahul,1,0,1
India,10,SS Iyer,Aminul Islam,KL Rahul,1,0,1
India,10,KL Rahul,Aminul Islam,SS Iyer,4,0,4
India,10,KL Rahul,Aminul Islam,SS Iyer,1,0,1
India,10,SS Iyer,Aminul Islam,KL Rahul,6,0,6
India,10,SS Iyer,Aminul Islam,KL Rahul,4,0,4
India,10,SS Iyer,Aminul Islam,KL Rahul,0,0,0
India,11,KL Rahul,Soumya Sarkar,SS Iyer,1,0,1
India,11,SS Iyer,Soumya Sarkar,KL Rahul,1,0,1
India,11,KL Rahul,Soumya Sarkar,SS Iyer,0,0,0
India,11,KL Rahul,Soumya Sarkar,SS Iyer,2,0,2
India,11,KL Rahul,Soumya Sarkar,SS Iyer,2,0,2
India,11,KL Rahul,Soumya Sarkar,SS Iyer,1,0,1
India,12,KL Rahul,Al-Amin Hossain,SS Iyer,0,0,0
India,12,RR Pant,Al-Amin Hossain,SS Iyer,1,0,1
India,12,SS Iyer,Al-Amin Hossain,RR Pant,0,0,0
India,12,SS Iyer,Al-Amin Hossain,RR Pant,1,0,1
India,12,RR Pant,Al-Amin Hossain,SS Iyer,0,0,0
India,12,RR Pant,Al-Amin Hossain,SS Iyer,1,0,1
India,13,RR Pant,Soumya Sarkar,SS Iyer,1,0,1
India,13,SS Iyer,Soumya Sarkar,RR Pant,6,0,6
India,13,SS Iyer,Soumya Sarkar,RR Pant,2,0,2
India,13,SS Iyer,Soumya Sarkar,RR Pant,1,0,1
India,13,RR Pant,Soumya Sarkar,SS Iyer,1,0,1
India,13,SS Iyer,Soumya Sarkar,RR Pant,1,0,1
India,14,SS Iyer,Afif Hossain,RR Pant,6,0,6
India,14,SS Iyer,Afif Hossain,RR Pant,6,0,6
India,14,SS Iyer,Afif Hossain,RR Pant,6,0,6
India,14,SS Iyer,Afif Hossain,RR Pant,0,0,0
India,14,SS Iyer,Afif Hossain,RR Pant,1,0,1
India,14,RR Pant,Afif Hossain,SS Iyer,1,0,1
India,15,RR Pant,Mustafizur Rahman,SS Iyer,0,0,0
India,15,RR Pant,Mustafizur Rahman,SS Iyer,0,1,1
India,15,RR Pant,Mustafizur Rahman,SS Iyer,1,0,1
India,15,SS Iyer,Mustafizur Rahman,RR Pant,2,0,2
India,15,SS Iyer,Mustafizur Rahman,RR Pant,4,0,4
India,15,SS Iyer,Mustafizur Rahman,RR Pant,2,0,2
India,15,SS Iyer,Mustafizur Rahman,RR Pant,0,0,0
India,16,RR Pant,Soumya Sarkar,SS Iyer,0,0,0
India,16,MK Pandey,Soumya Sarkar,SS Iyer,0,0,0
India,16,MK Pandey,Soumya Sarkar,SS Iyer,1,0,1
India,16,SS Iyer,Soumya Sarkar,MK Pandey,4,0,4
India,16,SS Iyer,Soumya Sarkar,MK Pandey,0,0,0
India,16,MK Pandey,Soumya Sarkar,S Dube,0,0,0
India,17,S Dube,Shafiul Islam,MK Pandey,1,0,1
India,17,MK Pandey,Shafiul Islam,S Dube,1,0,1
India,17,S Dube,Shafiul Islam,MK Pandey,1,0,1
India,17,MK Pandey,Shafiul Islam,S Dube,4,0,4
India,17,MK Pandey,Shafiul Islam,S Dube,4,0,4
India,17,MK Pandey,Shafiul Islam,S Dube,2,0,2
India,18,S Dube,Al-Amin Hossain,MK Pandey,0,0,0
India,18,S Dube,Al-Amin Hossain,MK Pandey,1,0,1
India,18,MK Pandey,Al-Amin Hossain,S Dube,1,0,1
India,18,S Dube,Al-Amin Hossain,MK Pandey,1,0,1
India,18,MK Pandey,Al-Amin Hossain,S Dube,1,0,1
India,18,S Dube,Al-Amin Hossain,MK Pandey,2,0,2
India,19,MK Pandey,Mustafizur Rahman,S Dube,2,0,2
India,19,MK Pandey,Mustafizur Rahman,S Dube,4,0,4
India,19,MK Pandey,Mustafizur Rahman,S Dube,1,0,1
India,19,S Dube,Mustafizur Rahman,MK Pandey,1,0,1
India,19,MK Pandey,Mustafizur Rahman,S Dube,1,0,1
India,19,S Dube,Mustafizur Rahman,MK Pandey,2,0,2
Bangladesh,0,Liton Das,KK Ahmed,Mohammad Naim,0,0,0
Bangladesh,0,Liton Das,KK Ahmed,Mohammad Naim,0,0,0
Bangladesh,0,Liton Das,KK Ahmed,Mohammad Naim,4,0,4
Bangladesh,0,Liton Das,KK Ahmed,Mohammad Naim,0,0,0
Bangladesh,0,Liton Das,KK Ahmed,Mohammad Naim,0,0,0
Bangladesh,0,Liton Das,KK Ahmed,Mohammad Naim,4,0,4
Bangladesh,1,Mohammad Naim,Washington Sundar,Liton Das,0,0,0
Bangladesh,1,Mohammad Naim,Washington Sundar,Liton Das,0,0,0
Bangladesh,1,Mohammad Naim,Washington Sundar,Liton Das,0,0,0
Bangladesh,1,Mohammad Naim,Washington Sundar,Liton Das,1,0,1
Bangladesh,1,Liton Das,Washington Sundar,Mohammad Naim,1,0,1
Bangladesh,1,Mohammad Naim,Washington Sundar,Liton Das,1,0,1
Bangladesh,2,Mohammad Naim,DL Chahar,Liton Das,0,0,0
Bangladesh,2,Mohammad Naim,DL Chahar,Liton Das,0,0,0
Bangladesh,2,Mohammad Naim,DL Chahar,Liton Das,1,0,1
Bangladesh,2,Liton Das,DL Chahar,Mohammad Naim,0,0,0
Bangladesh,2,Soumya Sarkar,DL Chahar,Mohammad Naim,0,0,0
Bangladesh,2,Mohammad Mithun,DL Chahar,Mohammad Naim,0,0,0
Bangladesh,3,Mohammad Naim,KK Ahmed,Mohammad Mithun,0,0,0
Bangladesh,3,Mohammad Naim,KK Ahmed,Mohammad Mithun,0,0,0
Bangladesh,3,Mohammad Naim,KK Ahmed,Mohammad Mithun,0,0,0
Bangladesh,3,Mohammad Naim,KK Ahmed,Mohammad Mithun,1,0,1
Bangladesh,3,Mohammad Mithun,KK Ahmed,Mohammad Naim,0,0,0
Bangladesh,3,Mohammad Mithun,KK Ahmed,Mohammad Naim,0,0,0
Bangladesh,4,Mohammad Naim,Washington Sundar,Mohammad Mithun,1,0,1
Bangladesh,4,Mohammad Mithun,Washington Sundar,Mohammad Naim,0,0,0
Bangladesh,4,Mohammad Mithun,Washington Sundar,Mohammad Naim,1,0,1
Bangladesh,4,Mohammad Naim,Washington Sundar,Mohammad Mithun,2,0,2
Bangladesh,4,Mohammad Naim,Washington Sundar,Mohammad Mithun,1,0,1
Bangladesh,4,Mohammad Mithun,Washington Sundar,Mohammad Naim,0,0,0
Bangladesh,5,Mohammad Naim,YS Chahal,Mohammad Mithun,4,0,4
Bangladesh,5,Mohammad Naim,YS Chahal,Mohammad Mithun,4,0,4
Bangladesh,5,Mohammad Naim,YS Chahal,Mohammad Mithun,4,0,4
Bangladesh,5,Mohammad Naim,YS Chahal,Mohammad Mithun,1,0,1
Bangladesh,5,Mohammad Mithun,YS Chahal,Mohammad Naim,1,0,1
Bangladesh,5,Mohammad Naim,YS Chahal,Mohammad Mithun,1,0,1
Bangladesh,6,Mohammad Naim,S Dube,Mohammad Mithun,4,0,4
Bangladesh,6,Mohammad Naim,S Dube,Mohammad Mithun,4,0,4
Bangladesh,6,Mohammad Naim,S Dube,Mohammad Mithun,1,0,1
Bangladesh,6,Mohammad Mithun,S Dube,Mohammad Naim,1,0,1
Bangladesh,6,Mohammad Naim,S Dube,Mohammad Mithun,1,0,1
Bangladesh,6,Mohammad Mithun,S Dube,Mohammad Naim,1,0,1
Bangladesh,7,Mohammad Mithun,YS Chahal,Mohammad Naim,0,0,0
Bangladesh,7,Mohammad Mithun,YS Chahal,Mohammad Naim,4,0,4
Bangladesh,7,Mohammad Mithun,YS Chahal,Mohammad Naim,1,0,1
Bangladesh,7,Mohammad Naim,YS Chahal,Mohammad Mithun,1,0,1
Bangladesh,7,Mohammad Mithun,YS Chahal,Mohammad Naim,1,0,1
Bangladesh,7,Mohammad Naim,YS Chahal,Mohammad Mithun,1,0,1
Bangladesh,8,Mohammad Naim,Washington Sundar,Mohammad Mithun,6,0,6
Bangladesh,8,Mohammad Naim,Washington Sundar,Mohammad Mithun,1,0,1
Bangladesh,8,Mohammad Mithun,Washington Sundar,Mohammad Naim,0,0,0
Bangladesh,8,Mohammad Mithun,Washington Sundar,Mohammad Naim,0,0,0
Bangladesh,8,Mohammad Mithun,Washington Sundar,Mohammad Naim,1,0,1
Bangladesh,8,Mohammad Naim,Washington Sundar,Mohammad Mithun,1,0,1
Bangladesh,9,Mohammad Naim,S Dube,Mohammad Mithun,4,0,4
Bangladesh,9,Mohammad Naim,S Dube,Mohammad Mithun,1,0,1
Bangladesh,9,Mohammad Mithun,S Dube,Mohammad Naim,4,0,4
Bangladesh,9,Mohammad Mithun,S Dube,Mohammad Naim,1,0,1
Bangladesh,9,Mohammad Naim,S Dube,Mohammad Mithun,1,0,1
Bangladesh,9,Mohammad Mithun,S Dube,Mohammad Naim,0,1,1
Bangladesh,10,Mohammad Mithun,Washington Sundar,Mohammad Naim,1,0,1
Bangladesh,10,Mohammad Naim,Washington Sundar,Mohammad Mithun,1,0,1
Bangladesh,10,Mohammad Mithun,Washington Sundar,Mohammad Naim,6,0,6
Bangladesh,10,Mohammad Mithun,Washington Sundar,Mohammad Naim,1,0,1
Bangladesh,10,Mohammad Naim,Washington Sundar,Mohammad Mithun,4,0,4
Bangladesh,10,Mohammad Naim,Washington Sundar,Mohammad Mithun,4,0,4
Bangladesh,11,Mohammad Mithun,YS Chahal,Mohammad Naim,1,0,1
Bangladesh,11,Mohammad Naim,YS Chahal,Mohammad Mithun,1,0,1
Bangladesh,11,Mohammad Mithun,YS Chahal,Mohammad Naim,1,0,1
Bangladesh,11,Mohammad Naim,YS Chahal,Mohammad Mithun,4,0,4
Bangladesh,11,Mohammad Naim,YS Chahal,Mohammad Mithun,2,0,2
Bangladesh,11,Mohammad Naim,YS Chahal,Mohammad Mithun,6,0,6
Bangladesh,12,Mohammad Mithun,DL Chahar,Mohammad Naim,0,2,2
Bangladesh,12,Mohammad Mithun,DL Chahar,Mohammad Naim,0,0,0
Bangladesh,12,Mohammad Mithun,DL Chahar,Mohammad Naim,1,0,1
Bangladesh,12,Mohammad Naim,DL Chahar,Mohammad Mithun,1,0,1
Bangladesh,12,Mohammad Mithun,DL Chahar,Mohammad Naim,0,0,0
Bangladesh,12,Mohammad Mithun,DL Chahar,Mohammad Naim,0,0,0
Bangladesh,13,Mushfiqur Rahim,S Dube,Mohammad Naim,0,0,0
Bangladesh,13,Mahmudullah,S Dube,Mohammad Naim,1,0,1
Bangladesh,13,Mohammad Naim,S Dube,Mahmudullah,1,0,1
Bangladesh,13,Mahmudullah,S Dube,Mohammad Naim,1,0,1
Bangladesh,13,Mohammad Naim,S Dube,Mahmudullah,2,0,2
Bangladesh,13,Mohammad Naim,S Dube,Mahmudullah,1,0,1
Bangladesh,14,Mohammad Naim,KK Ahmed,Mahmudullah,1,0,1
Bangladesh,14,Mahmudullah,KK Ahmed,Mohammad Naim,1,0,1
Bangladesh,14,Mohammad Naim,KK Ahmed,Mahmudullah,1,0,1
Bangladesh,14,Mahmudullah,KK Ahmed,Mohammad Naim,1,0,1
Bangladesh,14,Mohammad Naim,KK Ahmed,Mahmudullah,0,1,1
Bangladesh,14,Mohammad Naim,KK Ahmed,Mahmudullah,4,0,4
Bangladesh,14,Mohammad Naim,KK Ahmed,Mahmudullah,0,0,0
Bangladesh,15,Mahmudullah,S Dube,Mohammad Naim,0,0,0
Bangladesh,15,Mahmudullah,S Dube,Mohammad Naim,1,0,1
Bangladesh,15,Mohammad Naim,S Dube,Mahmudullah,0,0,0
Bangladesh,15,Afif Hossain,S Dube,Mahmudullah,0,0,0
Bangladesh,15,Aminul Islam,S Dube,Mahmudullah,0,0,0
Bangladesh,15,Aminul Islam,S Dube,Mahmudullah,0,0,0
Bangladesh,16,Mahmudullah,YS Chahal,Aminul Islam,2,0,2
Bangladesh,16,Mahmudullah,YS Chahal,Aminul Islam,1,0,1
Bangladesh,16,Aminul Islam,YS Chahal,Mahmudullah,1,0,1
Bangladesh,16,Mahmudullah,YS Chahal,Aminul Islam,0,0,0
Bangladesh,16,Mahmudullah,YS Chahal,Aminul Islam,0,0,0
Bangladesh,16,Shafiul Islam,YS Chahal,Aminul Islam,1,0,1
Bangladesh,17,Shafiul Islam,DL Chahar,Aminul Islam,1,0,1
Bangladesh,17,Aminul Islam,DL Chahar,Shafiul Islam,1,0,1
Bangladesh,17,Shafiul Islam,DL Chahar,Aminul Islam,0,0,0
Bangladesh,17,Shafiul Islam,DL Chahar,Aminul Islam,0,0,0
Bangladesh,17,Shafiul Islam,DL Chahar,Aminul Islam,2,0,2
Bangladesh,17,Shafiul Islam,DL Chahar,Aminul Islam,0,0,0
Bangladesh,18,Aminul Islam,KK Ahmed,Mustafizur Rahman,2,0,2
Bangladesh,18,Aminul Islam,KK Ahmed,Mustafizur Rahman,0,1,1
Bangladesh,18,Aminul Islam,KK Ahmed,Mustafizur Rahman,4,0,4
Bangladesh,18,Aminul Islam,KK Ahmed,Mustafizur Rahman,0,0,0
Bangladesh,18,Aminul Islam,KK Ahmed,Mustafizur Rahman,1,0,1
Bangladesh,18,Mustafizur Rahman,KK Ahmed,Aminul Islam,0,0,0
Bangladesh,18,Mustafizur Rahman,KK Ahmed,Aminul Islam,1,0,1
Bangladesh,19,Mustafizur Rahman,DL Chahar,Aminul Islam,0,0,0
Bangladesh,19,Aminul Islam,DL Chahar,Al-Amin Hossain,0,0,0
