Team,Over,Batter,Bowler,Non_Striker,Batter_Runs,Extras,Total_Runs
India,0,RG Sharma,TG Southee,KL Rahul,0,0,0
India,0,RG Sharma,TG Southee,KL Rahul,0,0,0
India,0,RG Sharma,TG Southee,KL Rahul,4,0,4
India,0,RG Sharma,TG Southee,KL Rahul,0,0,0
India,0,RG Sharma,TG Southee,KL Rahul,0,0,0
India,0,RG Sharma,TG Southee,KL Rahul,0,0,0
India,1,KL Rahul,HK Bennett,RG Sharma,1,0,1
India,1,RG Sharma,HK Bennett,KL Rahul,1,0,1
India,1,KL Rahul,HK Bennett,RG Sharma,6,0,6
India,1,KL Rahul,HK Bennett,RG Sharma,1,0,1
India,1,RG Sharma,HK Bennett,KL Rahul,2,0,2
India,1,RG Sharma,HK Bennett,KL Rahul,2,0,2
India,2,KL Rahul,TG Southee,RG Sharma,0,0,0
India,2,KL Rahul,TG Southee,RG Sharma,1,0,1
India,2,RG Sharma,TG Southee,KL Rahul,2,0,2
India,2,RG Sharma,TG Southee,KL Rahul,1,0,1
India,2,KL Rahul,TG Southee,RG Sharma,4,0,4
India,2,KL Rahul,TG Southee,RG Sharma,1,0,1
India,3,KL Rahul,SC Kuggeleijn,RG Sharma,1,0,1
India,3,RG Sharma,SC Kuggeleijn,KL Rahul,4,0,4
India,3,RG Sharma,SC Kuggeleijn,KL Rahul,1,0,1
India,3,KL Rahul,SC Kuggeleijn,RG Sharma,0,0,0
India,3,KL Rahul,SC Kuggeleijn,RG Sharma,1,0,1
India,3,RG Sharma,SC Kuggeleijn,KL Rahul,1,0,1
India,4,RG Sharma,MJ Santner,KL Rahul,4,0,4
India,4,RG Sharma,MJ Santner,KL Rahul,0,0,0
India,4,RG Sharma,MJ Santner,KL Rahul,1,0,1
India,4,KL Rahul,MJ Santner,RG Sharma,1,0,1
India,4,RG Sharma,MJ Santner,KL Rahul,1,0,1
India,4,KL Rahul,MJ Santner,RG Sharma,1,0,1
India,5,KL Rahul,HK Bennett,RG Sharma,1,0,1
India,5,RG Sharma,HK Bennett,KL Rahul,6,0,6
India,5,RG Sharma,HK Bennett,KL Rahul,6,0,6
India,5,RG Sharma,HK Bennett,KL Rahul,4,0,4
India,5,RG Sharma,HK Bennett,KL Rahul,4,0,4
India,5,RG Sharma,HK Bennett,KL Rahul,6,0,6
India,6,KL Rahul,IS Sodhi,RG Sharma,1,0,1
India,6,RG Sharma,IS Sodhi,KL Rahul,0,0,0
India,6,RG Sharma,IS Sodhi,KL Rahul,1,0,1
India,6,KL Rahul,IS Sodhi,RG Sharma,1,0,1
India,6,RG Sharma,IS Sodhi,KL Rahul,1,0,1
India,6,KL Rahul,IS Sodhi,RG Sharma,4,0,4
India,7,RG Sharma,MJ Santner,KL Rahul,0,0,0
India,7,RG Sharma,MJ Santner,KL Rahul,1,0,1
India,7,KL Rahul,MJ Santner,RG Sharma,1,0,1
India,7,RG Sharma,MJ Santner,KL Rahul,2,0,2
India,7,RG Sharma,MJ Santner,KL Rahul,0,0,0
India,7,RG Sharma,MJ Santner,KL Rahul,1,0,1
India,8,RG Sharma,C de Grandhomme,KL Rahul,1,0,1
India,8,KL Rahul,C de Grandhomme,RG Sharma,1,0,1
India,8,RG Sharma,C de Grandhomme,KL Rahul,0,0,0
India,8,RG Sharma,C de Grandhomme,KL Rahul,4,0,4
India,8,RG Sharma,C de Grandhomme,KL Rahul,1,0,1
India,8,KL Rahul,C de Grandhomme,RG Sharma,0,0,0
India,9,RG Sharma,SC Kuggeleijn,S Dube,1,0,1
India,9,S Dube,SC Kuggeleijn,RG Sharma,0,1,1
India,9,RG Sharma,SC Kuggeleijn,S Dube,1,0,1
India,9,S Dube,SC Kuggeleijn,RG Sharma,0,0,0
India,9,S Dube,SC Kuggeleijn,RG Sharma,0,0,0
India,9,S Dube,SC Kuggeleijn,RG Sharma,0,0,0
India,10,RG Sharma,HK Bennett,S Dube,1,0,1
India,10,S Dube,HK Bennett,RG Sharma,1,0,1
India,10,RG Sharma,HK Bennett,S Dube,0,0,0
India,10,RG Sharma,HK Bennett,S Dube,0,0,0
India,10,S Dube,HK Bennett,V Kohli,2,0,2
India,10,S Dube,HK Bennett,V Kohli,0,0,0
India,11,V Kohli,IS Sodhi,SS Iyer,1,0,1
India,11,SS Iyer,IS Sodhi,V Kohli,0,0,0
India,11,SS Iyer,IS Sodhi,V Kohli,1,0,1
India,11,V Kohli,IS Sodhi,SS Iyer,0,0,0
India,11,V Kohli,IS Sodhi,SS Iyer,0,0,0
India,11,V Kohli,IS Sodhi,SS Iyer,1,0,1
India,12,V Kohli,C de Grandhomme,SS Iyer,0,1,1
India,12,SS Iyer,C de Grandhomme,V Kohli,1,0,1
India,12,V Kohli,C de Grandhomme,SS Iyer,2,0,2
India,12,V Kohli,C de Grandhomme,SS Iyer,1,0,1
India,12,SS Iyer,C de Grandhomme,V Kohli,1,0,1
India,12,V Kohli,C de Grandhomme,SS Iyer,1,0,1
India,13,V Kohli,IS Sodhi,SS Iyer,4,0,4
India,13,V Kohli,IS Sodhi,SS Iyer,0,0,0
India,13,V Kohli,IS Sodhi,SS Iyer,1,0,1
India,13,SS Iyer,IS Sodhi,V Kohli,1,0,1
India,13,V Kohli,IS Sodhi,SS Iyer,0,0,0
India,13,V Kohli,IS Sodhi,SS Iyer,2,0,2
India,14,SS Iyer,MJ Santner,V Kohli,1,0,1
India,14,V Kohli,MJ Santner,SS Iyer,6,0,6
India,14,V Kohli,MJ Santner,SS Iyer,1,0,1
India,14,SS Iyer,MJ Santner,V Kohli,0,0,0
India,14,SS Iyer,MJ Santner,V Kohli,1,0,1
India,14,V Kohli,MJ Santner,SS Iyer,4,0,4
India,15,SS Iyer,IS Sodhi,V Kohli,0,0,0
India,15,SS Iyer,IS Sodhi,V Kohli,0,0,0
India,15,SS Iyer,IS Sodhi,V Kohli,1,0,1
India,15,V Kohli,IS Sodhi,SS Iyer,1,0,1
India,15,SS Iyer,IS Sodhi,V Kohli,1,0,1
India,15,V Kohli,IS Sodhi,SS Iyer,1,0,1
India,16,V Kohli,MJ Santner,SS Iyer,1,0,1
India,16,SS Iyer,MJ Santner,V Kohli,6,0,6
India,16,SS Iyer,MJ Santner,V Kohli,2,0,2
India,16,SS Iyer,MJ Santner,V Kohli,1,0,1
India,16,V Kohli,MJ Santner,SS Iyer,1,0,1
India,16,SS Iyer,MJ Santner,V Kohli,0,0,0
India,17,V Kohli,TG Southee,MK Pandey,2,0,2
India,17,V Kohli,TG Southee,MK Pandey,1,0,1
India,17,MK Pandey,TG Southee,V Kohli,1,0,1
India,17,V Kohli,TG Southee,MK Pandey,2,0,2
India,17,V Kohli,TG Southee,MK Pandey,1,0,1
India,17,MK Pandey,TG Southee,V Kohli,0,1,1
India,17,MK Pandey,TG Southee,V Kohli,1,0,1
India,18,MK Pandey,HK Bennett,V Kohli,4,0,4
India,18,MK Pandey,HK Bennett,V Kohli,1,0,1
India,18,V Kohli,HK Bennett,MK Pandey,2,0,2
India,18,V Kohli,HK Bennett,MK Pandey,2,0,2
India,18,V Kohli,HK Bennett,MK Pandey,0,0,0
India,18,RA Jadeja,HK Bennett,MK Pandey,1,0,1
India,19,RA Jadeja,TG Southee,MK Pandey,1,0,1
India,19,MK Pandey,TG Southee,RA Jadeja,6,0,6
India,19,MK Pandey,TG Southee,RA Jadeja,0,1,1
India,19,MK Pandey,TG Southee,RA Jadeja,1,0,1
India,19,RA Jadeja,TG Southee,MK Pandey,2,0,2
India,19,RA Jadeja,TG Southee,MK Pandey,6,0,6
India,19,RA Jadeja,TG Southee,MK Pandey,0,1,1
New Zealand,0,MJ Guptill,SN Thakur,C Munro,0,0,0
New Zealand,0,MJ Guptill,SN Thakur,C Munro,6,0,6
New Zealand,0,MJ Guptill,SN Thakur,C Munro,1,0,1
New Zealand,0,C Munro,SN Thakur,MJ Guptill,1,0,1
New Zealand,0,MJ Guptill,SN Thakur,C Munro,0,0,0
New Zealand,0,MJ Guptill,SN Thakur,C Munro,0,0,0
New Zealand,1,C Munro,Mohammed Shami,MJ Guptill,1,0,1
New Zealand,1,MJ Guptill,Mohammed Shami,C Munro,1,0,1
New Zealand,1,C Munro,Mohammed Shami,MJ Guptill,1,0,1
New Zealand,1,MJ Guptill,Mohammed Shami,C Munro,1,0,1
New Zealand,1,C Munro,Mohammed Shami,MJ Guptill,0,0,0
New Zealand,1,C Munro,Mohammed Shami,MJ Guptill,1,0,1
New Zealand,2,C Munro,JJ Bumrah,MJ Guptill,0,0,0
New Zealand,2,C Munro,JJ Bumrah,MJ Guptill,1,0,1
New Zealand,2,MJ Guptill,JJ Bumrah,C Munro,6,0,6
New Zealand,2,MJ Guptill,JJ Bumrah,C Munro,0,0,0
New Zealand,2,MJ Guptill,JJ Bumrah,C Munro,6,0,6
New Zealand,2,MJ Guptill,JJ Bumrah,C Munro,0,0,0
New Zealand,3,C Munro,Mohammed Shami,MJ Guptill,1,0,1
New Zealand,3,MJ Guptill,Mohammed Shami,C Munro,1,0,1
New Zealand,3,C Munro,Mohammed Shami,MJ Guptill,4,0,4
New Zealand,3,C Munro,Mohammed Shami,MJ Guptill,0,0,0
New Zealand,3,C Munro,Mohammed Shami,MJ Guptill,0,1,1
New Zealand,3,MJ Guptill,Mohammed Shami,C Munro,0,0,0
New Zealand,4,C Munro,YS Chahal,MJ Guptill,4,0,4
New Zealand,4,C Munro,YS Chahal,MJ Guptill,0,1,1
New Zealand,4,MJ Guptill,YS Chahal,C Munro,4,0,4
New Zealand,4,MJ Guptill,YS Chahal,C Munro,0,0,0
New Zealand,4,MJ Guptill,YS Chahal,C Munro,0,0,0
New Zealand,4,MJ Guptill,YS Chahal,C Munro,1,0,1
New Zealand,5,MJ Guptill,SN Thakur,C Munro,0,0,0
New Zealand,5,MJ Guptill,SN Thakur,C Munro,0,0,0
New Zealand,5,MJ Guptill,SN Thakur,C Munro,4,0,4
New Zealand,5,MJ Guptill,SN Thakur,C Munro,0,0,0
New Zealand,5,C Munro,SN Thakur,KS Williamson,0,4,4
New Zealand,5,C Munro,SN Thakur,KS Williamson,0,0,0
New Zealand,6,KS Williamson,RA Jadeja,C Munro,1,0,1
New Zealand,6,C Munro,RA Jadeja,KS Williamson,0,0,0
New Zealand,6,MJ Santner,RA Jadeja,KS Williamson,0,0,0
New Zealand,6,MJ Santner,RA Jadeja,KS Williamson,1,0,1
New Zealand,6,KS Williamson,RA Jadeja,MJ Santner,0,0,0
New Zealand,6,KS Williamson,RA Jadeja,MJ Santner,0,0,0
New Zealand,7,MJ Santner,S Dube,KS Williamson,1,0,1
New Zealand,7,KS Williamson,S Dube,MJ Santner,1,0,1
New Zealand,7,MJ Santner,S Dube,KS Williamson,4,0,4
New Zealand,7,MJ Santner,S Dube,KS Williamson,1,0,1
New Zealand,7,KS Williamson,S Dube,MJ Santner,6,0,6
New Zealand,7,KS Williamson,S Dube,MJ Santner,1,0,1
New Zealand,8,KS Williamson,RA Jadeja,MJ Santner,1,0,1
New Zealand,8,MJ Santner,RA Jadeja,KS Williamson,0,0,0
New Zealand,8,MJ Santner,RA Jadeja,KS Williamson,1,0,1
New Zealand,8,KS Williamson,RA Jadeja,MJ Santner,1,0,1
New Zealand,8,MJ Santner,RA Jadeja,KS Williamson,0,1,1
New Zealand,8,KS Williamson,RA Jadeja,MJ Santner,1,0,1
New Zealand,9,KS Williamson,JJ Bumrah,MJ Santner,1,0,1
New Zealand,9,MJ Santner,JJ Bumrah,KS Williamson,0,0,0
New Zealand,9,MJ Santner,JJ Bumrah,KS Williamson,1,0,1
New Zealand,9,KS Williamson,JJ Bumrah,MJ Santner,4,0,4
New Zealand,9,KS Williamson,JJ Bumrah,MJ Santner,0,0,0
New Zealand,9,KS Williamson,JJ Bumrah,MJ Santner,1,0,1
New Zealand,10,KS Williamson,YS Chahal,MJ Santner,4,0,4
New Zealand,10,KS Williamson,YS Chahal,MJ Santner,4,0,4
New Zealand,10,KS Williamson,YS Chahal,MJ Santner,1,0,1
New Zealand,10,MJ Santner,YS Chahal,KS Williamson,0,0,0
New Zealand,10,C de Grandhomme,YS Chahal,KS Williamson,0,0,0
New Zealand,10,C de Grandhomme,YS Chahal,KS Williamson,0,0,0
New Zealand,11,KS Williamson,RA Jadeja,C de Grandhomme,0,0,0
New Zealand,11,KS Williamson,RA Jadeja,C de Grandhomme,1,0,1
New Zealand,11,C de Grandhomme,RA Jadeja,KS Williamson,1,0,1
New Zealand,11,KS Williamson,RA Jadeja,C de Grandhomme,0,0,0
New Zealand,11,KS Williamson,RA Jadeja,C de Grandhomme,1,0,1
New Zealand,11,C de Grandhomme,RA Jadeja,KS Williamson,0,0,0
New Zealand,12,KS Williamson,YS Chahal,C de Grandhomme,1,0,1
New Zealand,12,C de Grandhomme,YS Chahal,KS Williamson,1,0,1
New Zealand,12,KS Williamson,YS Chahal,C de Grandhomme,6,0,6
New Zealand,12,KS Williamson,YS Chahal,C de Grandhomme,1,0,1
New Zealand,12,C de Grandhomme,YS Chahal,KS Williamson,0,0,0
New Zealand,12,C de Grandhomme,YS Chahal,KS Williamson,0,0,0
New Zealand,13,KS Williamson,Mohammed Shami,C de Grandhomme,2,0,2
New Zealand,13,KS Williamson,Mohammed Shami,C de Grandhomme,0,0,0
New Zealand,13,KS Williamson,Mohammed Shami,C de Grandhomme,6,0,6
New Zealand,13,KS Williamson,Mohammed Shami,C de Grandhomme,1,0,1
New Zealand,13,C de Grandhomme,Mohammed Shami,KS Williamson,1,0,1
New Zealand,13,KS Williamson,Mohammed Shami,C de Grandhomme,4,0,4
New Zealand,14,C de Grandhomme,RA Jadeja,KS Williamson,0,0,0
New Zealand,14,C de Grandhomme,RA Jadeja,KS Williamson,1,0,1
New Zealand,14,KS Williamson,RA Jadeja,C de Grandhomme,0,0,0
New Zealand,14,KS Williamson,RA Jadeja,C de Grandhomme,6,0,6
New Zealand,14,KS Williamson,RA Jadeja,C de Grandhomme,6,0,6
New Zealand,14,KS Williamson,RA Jadeja,C de Grandhomme,1,0,1
New Zealand,15,KS Williamson,SN Thakur,C de Grandhomme,6,0,6
New Zealand,15,KS Williamson,SN Thakur,C de Grandhomme,0,0,0
New Zealand,15,KS Williamson,SN Thakur,C de Grandhomme,1,0,1
New Zealand,15,C de Grandhomme,SN Thakur,KS Williamson,1,0,1
New Zealand,15,KS Williamson,SN Thakur,C de Grandhomme,1,0,1
New Zealand,15,C de Grandhomme,SN Thakur,KS Williamson,0,0,0
New Zealand,16,KS Williamson,JJ Bumrah,LRPL Taylor,0,0,0
New Zealand,16,KS Williamson,JJ Bumrah,LRPL Taylor,4,0,4
New Zealand,16,KS Williamson,JJ Bumrah,LRPL Taylor,4,0,4
New Zealand,16,KS Williamson,JJ Bumrah,LRPL Taylor,4,0,4
New Zealand,16,KS Williamson,JJ Bumrah,LRPL Taylor,0,0,0
New Zealand,16,KS Williamson,JJ Bumrah,LRPL Taylor,2,0,2
New Zealand,17,LRPL Taylor,YS Chahal,KS Williamson,2,0,2
New Zealand,17,LRPL Taylor,YS Chahal,KS Williamson,1,0,1
New Zealand,17,KS Williamson,YS Chahal,LRPL Taylor,2,0,2
New Zealand,17,KS Williamson,YS Chahal,LRPL Taylor,2,0,2
New Zealand,17,KS Williamson,YS Chahal,LRPL Taylor,1,0,1
New Zealand,17,LRPL Taylor,YS Chahal,KS Williamson,1,0,1
New Zealand,18,LRPL Taylor,JJ Bumrah,KS Williamson,0,0,0
New Zealand,18,LRPL Taylor,JJ Bumrah,KS Williamson,4,0,4
New Zealand,18,LRPL Taylor,JJ Bumrah,KS Williamson,1,0,1
New Zealand,18,KS Williamson,JJ Bumrah,LRPL Taylor,4,0,4
New Zealand,18,KS Williamson,JJ Bumrah,LRPL Taylor,1,0,1
New Zealand,18,LRPL Taylor,JJ Bumrah,KS Williamson,1,0,1
New Zealand,19,LRPL Taylor,Mohammed Shami,KS Williamson,6,0,6
New Zealand,19,LRPL Taylor,Mohammed Shami,KS Williamson,1,0,1
New Zealand,19,KS Williamson,Mohammed Shami,LRPL Taylor,0,0,0
New Zealand,19,TL Seifert,Mohammed Shami,LRPL Taylor,0,0,0
New Zealand,19,TL Seifert,Mohammed Shami,LRPL Taylor,0,1,1
New Zealand,19,LRPL Taylor,Mohammed Shami,TL Seifert,0,0,0
New Zealand,0,KS Williamson,JJ Bumrah,MJ Guptill,1,0,1
New Zealand,0,MJ Guptill,JJ Bumrah,KS Williamson,1,0,1
New Zealand,0,KS Williamson,JJ Bumrah,MJ Guptill,6,0,6
New Zealand,0,KS Williamson,JJ Bumrah,MJ Guptill,4,0,4
New Zealand,0,KS Williamson,JJ Bumrah,MJ Guptill,0,1,1
New Zealand,0,MJ Guptill,JJ Bumrah,KS Williamson,4,0,4
India,0,RG Sharma,TG Southee,KL Rahul,2,0,2
India,0,RG Sharma,TG Southee,KL Rahul,1,0,1
India,0,KL Rahul,TG Southee,RG Sharma,4,0,4
India,0,KL Rahul,TG Southee,RG Sharma,1,0,1
India,0,RG Sharma,TG Southee,KL Rahul,6,0,6
India,0,RG Sharma,TG Southee,KL Rahul,6,0,6
