Team,Over,Batter,Bowler,Non_Striker,Batter_Runs,Extras,Total_Runs
India,0,RG Sharma,O Thomas,S Dhawan,4,0,4
India,0,RG Sharma,O Thomas,S Dhawan,0,0,0
India,0,RG Sharma,O Thomas,S Dhawan,0,1,1
India,0,RG Sharma,O Thomas,S Dhawan,1,0,1
India,0,S Dhawan,O Thomas,RG Sharma,0,0,0
India,0,S Dhawan,O Thomas,RG Sharma,0,0,0
India,0,S Dhawan,O Thomas,RG Sharma,0,0,0
India,1,RG Sharma,SS Cottrell,S Dhawan,0,1,1
India,1,RG Sharma,SS Cottrell,S Dhawan,0,0,0
India,1,RG Sharma,SS Cottrell,S Dhawan,0,0,0
India,1,RG Sharma,SS Cottrell,S Dhawan,0,1,1
India,1,RG Sharma,SS Cottrell,S Dhawan,0,0,0
India,1,RG Sharma,SS Cottrell,S Dhawan,0,0,0
India,1,RG Sharma,SS Cottrell,S Dhawan,0,1,1
India,1,RG Sharma,SS Cottrell,S Dhawan,0,0,0
India,1,RG Sharma,SS Cottrell,S Dhawan,0,0,0
India,2,S Dhawan,O Thomas,RG Sharma,1,0,1
India,2,RG Sharma,O Thomas,S Dhawan,4,0,4
India,2,RG Sharma,O Thomas,S Dhawan,1,0,1
India,2,S Dhawan,O Thomas,RG Sharma,1,0,1
India,2,RG Sharma,O Thomas,S Dhawan,1,0,1
India,2,S Dhawan,O Thomas,RG Sharma,4,0,4
India,3,RG Sharma,SS Cottrell,S Dhawan,4,0,4
India,3,RG Sharma,SS Cottrell,S Dhawan,2,0,2
India,3,RG Sharma,SS Cottrell,S Dhawan,4,0,4
India,3,RG Sharma,SS Cottrell,S Dhawan,0,0,0
India,3,RG Sharma,SS Cottrell,S Dhawan,1,0,1
India,3,S Dhawan,SS Cottrell,RG Sharma,2,0,2
India,4,RG Sharma,SP Narine,S Dhawan,0,0,0
India,4,RG Sharma,SP Narine,S Dhawan,0,0,0
India,4,RG Sharma,SP Narine,S Dhawan,0,0,0
India,4,RG Sharma,SP Narine,S Dhawan,1,0,1
India,4,S Dhawan,SP Narine,RG Sharma,0,0,0
India,4,S Dhawan,SP Narine,RG Sharma,4,0,4
India,5,RG Sharma,KMA Paul,S Dhawan,0,0,0
India,5,RG Sharma,KMA Paul,S Dhawan,0,0,0
India,5,RG Sharma,KMA Paul,S Dhawan,6,0,6
India,5,RG Sharma,KMA Paul,S Dhawan,2,0,2
India,5,RG Sharma,KMA Paul,S Dhawan,4,0,4
India,5,RG Sharma,KMA Paul,S Dhawan,1,0,1
India,6,RG Sharma,CR Brathwaite,S Dhawan,1,0,1
India,6,S Dhawan,CR Brathwaite,RG Sharma,1,0,1
India,6,RG Sharma,CR Brathwaite,S Dhawan,1,0,1
India,6,S Dhawan,CR Brathwaite,RG Sharma,0,1,1
India,6,S Dhawan,CR Brathwaite,RG Sharma,4,0,4
India,6,S Dhawan,CR Brathwaite,RG Sharma,1,0,1
India,6,RG Sharma,CR Brathwaite,S Dhawan,0,0,0
India,7,S Dhawan,KMA Paul,RG Sharma,2,0,2
India,7,S Dhawan,KMA Paul,RG Sharma,1,0,1
India,7,RG Sharma,KMA Paul,S Dhawan,1,0,1
India,7,S Dhawan,KMA Paul,RG Sharma,2,0,2
India,7,S Dhawan,KMA Paul,RG Sharma,0,0,0
India,7,V Kohli,KMA Paul,RG Sharma,1,0,1
India,8,V Kohli,SP Narine,RG Sharma,1,0,1
India,8,RG Sharma,SP Narine,V Kohli,1,0,1
India,8,V Kohli,SP Narine,RG Sharma,0,0,0
India,8,V Kohli,SP Narine,RG Sharma,1,0,1
India,8,RG Sharma,SP Narine,V Kohli,0,0,0
India,8,RG Sharma,SP Narine,V Kohli,1,0,1
India,9,RG Sharma,K Pierre,V Kohli,0,0,0
India,9,RG Sharma,K Pierre,V Kohli,0,1,1
India,9,RG Sharma,K Pierre,V Kohli,1,0,1
India,9,V Kohli,K Pierre,RG Sharma,1,0,1
India,9,RG Sharma,K Pierre,V Kohli,1,0,1
India,9,V Kohli,K Pierre,RG Sharma,0,0,0
India,9,V Kohli,K Pierre,RG Sharma,1,0,1
India,10,V Kohli,SP Narine,RG Sharma,1,0,1
India,10,RG Sharma,SP Narine,V Kohli,6,0,6
India,10,RG Sharma,SP Narine,V Kohli,0,0,0
India,10,RG Sharma,SP Narine,V Kohli,1,0,1
India,10,V Kohli,SP Narine,RG Sharma,1,0,1
India,10,RG Sharma,SP Narine,V Kohli,1,0,1
India,11,RG Sharma,K Pierre,V Kohli,1,0,1
India,11,V Kohli,K Pierre,RG Sharma,6,0,6
India,11,V Kohli,K Pierre,RG Sharma,1,0,1
India,11,RG Sharma,K Pierre,V Kohli,2,0,2
India,11,RG Sharma,K Pierre,V Kohli,1,0,1
India,11,V Kohli,K Pierre,RG Sharma,0,0,0
India,12,RG Sharma,CR Brathwaite,V Kohli,6,0,6
India,12,RG Sharma,CR Brathwaite,V Kohli,0,0,0
India,12,RG Sharma,CR Brathwaite,V Kohli,4,0,4
India,12,RG Sharma,CR Brathwaite,V Kohli,1,0,1
India,12,V Kohli,CR Brathwaite,RG Sharma,2,0,2
India,12,V Kohli,CR Brathwaite,RG Sharma,0,0,0
India,13,RG Sharma,O Thomas,V Kohli,1,0,1
India,13,V Kohli,O Thomas,RG Sharma,1,0,1
India,13,RG Sharma,O Thomas,V Kohli,0,1,1
India,13,V Kohli,O Thomas,RG Sharma,1,0,1
India,13,RG Sharma,O Thomas,V Kohli,0,0,0
India,13,RR Pant,O Thomas,V Kohli,0,1,1
India,13,RR Pant,O Thomas,V Kohli,1,0,1
India,14,RR Pant,SP Narine,V Kohli,1,0,1
India,14,V Kohli,SP Narine,RR Pant,4,0,4
India,14,V Kohli,SP Narine,RR Pant,1,0,1
India,14,RR Pant,SP Narine,V Kohli,1,0,1
India,14,V Kohli,SP Narine,RR Pant,1,0,1
India,14,RR Pant,SP Narine,V Kohli,1,0,1
India,15,RR Pant,O Thomas,V Kohli,0,0,0
India,15,MK Pandey,O Thomas,V Kohli,0,0,0
India,15,MK Pandey,O Thomas,V Kohli,1,0,1
India,15,V Kohli,O Thomas,MK Pandey,1,0,1
India,15,MK Pandey,O Thomas,V Kohli,1,0,1
India,15,V Kohli,O Thomas,MK Pandey,1,0,1
India,16,V Kohli,SS Cottrell,MK Pandey,2,0,2
India,16,V Kohli,SS Cottrell,MK Pandey,0,0,0
India,16,KH Pandya,SS Cottrell,MK Pandey,0,0,0
India,16,KH Pandya,SS Cottrell,MK Pandey,1,0,1
India,16,MK Pandey,SS Cottrell,KH Pandya,1,0,1
India,16,KH Pandya,SS Cottrell,MK Pandey,1,0,1
India,17,KH Pandya,KMA Paul,MK Pandey,0,0,0
India,17,KH Pandya,KMA Paul,MK Pandey,2,0,2
India,17,KH Pandya,KMA Paul,MK Pandey,1,0,1
India,17,MK Pandey,KMA Paul,KH Pandya,1,0,1
India,17,KH Pandya,KMA Paul,MK Pandey,1,0,1
India,17,MK Pandey,KMA Paul,KH Pandya,1,0,1
India,18,MK Pandey,SS Cottrell,KH Pandya,1,0,1
India,18,KH Pandya,SS Cottrell,MK Pandey,0,1,1
India,18,MK Pandey,SS Cottrell,KH Pandya,0,0,0
India,18,RA Jadeja,SS Cottrell,KH Pandya,2,0,2
India,18,RA Jadeja,SS Cottrell,KH Pandya,0,1,1
India,18,KH Pandya,SS Cottrell,RA Jadeja,1,0,1
India,19,KH Pandya,KMA Paul,RA Jadeja,6,0,6
India,19,KH Pandya,KMA Paul,RA Jadeja,6,0,6
India,19,KH Pandya,KMA Paul,RA Jadeja,0,0,0
India,19,KH Pandya,KMA Paul,RA Jadeja,1,0,1
India,19,RA Jadeja,KMA Paul,KH Pandya,6,0,6
India,19,RA Jadeja,KMA Paul,KH Pandya,1,0,1
West Indies,0,SP Narine,Washington Sundar,E Lewis,0,0,0
West Indies,0,SP Narine,Washington Sundar,E Lewis,0,1,1
West Indies,0,SP Narine,Washington Sundar,E Lewis,0,0,0
West Indies,0,SP Narine,Washington Sundar,E Lewis,0,0,0
West Indies,0,SP Narine,Washington Sundar,E Lewis,0,0,0
West Indies,0,SP Narine,Washington Sundar,E Lewis,0,0,0
West Indies,0,SP Narine,Washington Sundar,E Lewis,0,0,0
West Indies,1,E Lewis,B Kumar,SP Narine,0,0,0
West Indies,1,E Lewis,B Kumar,SP Narine,0,1,1
West Indies,1,E Lewis,B Kumar,SP Narine,0,0,0
West Indies,1,N Pooran,B Kumar,SP Narine,1,0,1
West Indies,1,SP Narine,B Kumar,N Pooran,0,0,0
West Indies,1,SP Narine,B Kumar,N Pooran,2,0,2
West Indies,1,SP Narine,B Kumar,N Pooran,2,0,2
West Indies,2,N Pooran,Washington Sundar,SP Narine,0,0,0
West Indies,2,N Pooran,Washington Sundar,SP Narine,0,0,0
West Indies,2,N Pooran,Washington Sundar,SP Narine,0,1,1
West Indies,2,SP Narine,Washington Sundar,N Pooran,0,0,0
West Indies,2,SP Narine,Washington Sundar,N Pooran,0,0,0
West Indies,2,SP Narine,Washington Sundar,N Pooran,0,0,0
West Indies,3,N Pooran,B Kumar,R Powell,0,0,0
West Indies,3,N Pooran,B Kumar,R Powell,0,0,0
West Indies,3,N Pooran,B Kumar,R Powell,0,0,0
West Indies,3,N Pooran,B Kumar,R Powell,0,0,0
West Indies,3,N Pooran,B Kumar,R Powell,0,0,0
West Indies,3,N Pooran,B Kumar,R Powell,1,0,1
West Indies,4,N Pooran,KK Ahmed,R Powell,1,0,1
West Indies,4,R Powell,KK Ahmed,N Pooran,4,0,4
West Indies,4,R Powell,KK Ahmed,N Pooran,1,0,1
West Indies,4,N Pooran,KK Ahmed,R Powell,0,0,0
West Indies,4,N Pooran,KK Ahmed,R Powell,0,0,0
West Indies,4,N Pooran,KK Ahmed,R Powell,1,0,1
West Indies,5,N Pooran,Navdeep Saini,R Powell,0,0,0
West Indies,5,N Pooran,Navdeep Saini,R Powell,4,0,4
West Indies,5,N Pooran,Navdeep Saini,R Powell,1,0,1
West Indies,5,R Powell,Navdeep Saini,N Pooran,0,0,0
West Indies,5,R Powell,Navdeep Saini,N Pooran,0,0,0
West Indies,5,R Powell,Navdeep Saini,N Pooran,4,0,4
West Indies,6,N Pooran,KK Ahmed,R Powell,0,0,0
West Indies,6,N Pooran,KK Ahmed,R Powell,1,0,1
West Indies,6,R Powell,KK Ahmed,N Pooran,6,0,6
West Indies,6,R Powell,KK Ahmed,N Pooran,0,0,0
West Indies,6,R Powell,KK Ahmed,N Pooran,0,0,0
West Indies,6,R Powell,KK Ahmed,N Pooran,4,0,4
West Indies,7,N Pooran,Navdeep Saini,R Powell,1,0,1
West Indies,7,R Powell,Navdeep Saini,N Pooran,0,0,0
West Indies,7,R Powell,Navdeep Saini,N Pooran,4,0,4
West Indies,7,R Powell,Navdeep Saini,N Pooran,4,0,4
West Indies,7,R Powell,Navdeep Saini,N Pooran,1,0,1
West Indies,7,N Pooran,Navdeep Saini,R Powell,0,0,0
West Indies,8,R Powell,Washington Sundar,N Pooran,6,0,6
West Indies,8,R Powell,Washington Sundar,N Pooran,1,0,1
West Indies,8,N Pooran,Washington Sundar,R Powell,0,0,0
West Indies,8,N Pooran,Washington Sundar,R Powell,1,0,1
West Indies,8,R Powell,Washington Sundar,N Pooran,1,0,1
West Indies,8,N Pooran,Washington Sundar,R Powell,2,0,2
West Indies,9,R Powell,KH Pandya,N Pooran,1,0,1
West Indies,9,N Pooran,KH Pandya,R Powell,0,0,0
West Indies,9,N Pooran,KH Pandya,R Powell,1,0,1
West Indies,9,R Powell,KH Pandya,N Pooran,2,0,2
West Indies,9,R Powell,KH Pandya,N Pooran,0,0,0
West Indies,9,R Powell,KH Pandya,N Pooran,1,0,1
West Indies,10,R Powell,KK Ahmed,N Pooran,0,0,0
West Indies,10,R Powell,KK Ahmed,N Pooran,0,0,0
West Indies,10,R Powell,KK Ahmed,N Pooran,0,1,1
West Indies,10,R Powell,KK Ahmed,N Pooran,1,0,1
West Indies,10,N Pooran,KK Ahmed,R Powell,0,0,0
West Indies,10,N Pooran,KK Ahmed,R Powell,1,0,1
West Indies,10,R Powell,KK Ahmed,N Pooran,1,0,1
West Indies,11,R Powell,KH Pandya,N Pooran,0,1,1
West Indies,11,R Powell,KH Pandya,N Pooran,0,0,0
West Indies,11,R Powell,KH Pandya,N Pooran,1,0,1
West Indies,11,N Pooran,KH Pandya,R Powell,1,0,1
West Indies,11,R Powell,KH Pandya,N Pooran,0,0,0
West Indies,11,R Powell,KH Pandya,N Pooran,0,0,0
West Indies,11,R Powell,KH Pandya,N Pooran,6,0,6
West Indies,12,N Pooran,Navdeep Saini,R Powell,1,0,1
West Indies,12,R Powell,Navdeep Saini,N Pooran,1,0,1
West Indies,12,N Pooran,Navdeep Saini,R Powell,0,0,0
West Indies,12,N Pooran,Navdeep Saini,R Powell,1,0,1
West Indies,12,R Powell,Navdeep Saini,N Pooran,4,1,5
West Indies,12,R Powell,Navdeep Saini,N Pooran,0,0,0
West Indies,12,R Powell,Navdeep Saini,N Pooran,0,0,0
West Indies,13,N Pooran,KH Pandya,R Powell,0,1,1
West Indies,13,N Pooran,KH Pandya,R Powell,0,0,0
West Indies,13,N Pooran,KH Pandya,R Powell,0,0,0
West Indies,13,KA Pollard,KH Pandya,R Powell,0,0,0
West Indies,13,KA Pollard,KH Pandya,R Powell,1,0,1
West Indies,13,R Powell,KH Pandya,KA Pollard,0,0,0
West Indies,13,SO Hetmyer,KH Pandya,KA Pollard,4,0,4
West Indies,14,KA Pollard,RA Jadeja,SO Hetmyer,0,0,0
West Indies,14,KA Pollard,RA Jadeja,SO Hetmyer,4,0,4
West Indies,14,KA Pollard,RA Jadeja,SO Hetmyer,0,0,0
West Indies,14,KA Pollard,RA Jadeja,SO Hetmyer,1,0,1
West Indies,14,SO Hetmyer,RA Jadeja,KA Pollard,1,0,1
West Indies,14,KA Pollard,RA Jadeja,SO Hetmyer,0,0,0
West Indies,15,SO Hetmyer,KH Pandya,KA Pollard,0,0,0
West Indies,15,SO Hetmyer,KH Pandya,KA Pollard,1,0,1
West Indies,15,KA Pollard,KH Pandya,SO Hetmyer,2,0,2
