Team,Over,Batter,Bowler,Non_Striker,Batter_Runs,Extras,Total_Runs
Netherlands,0,TP Visee,TL Chatara,MP O'Dowd,1,0,1
Netherlands,0,MP O'Dowd,TL Chatara,TP Visee,4,0,4
Netherlands,0,MP O'Dowd,TL Chatara,TP Visee,0,0,0
Netherlands,0,MP O'Dowd,TL Chatara,TP Visee,0,0,0
Netherlands,0,MP O'Dowd,TL Chatara,TP Visee,4,0,4
Netherlands,0,MP O'Dowd,TL Chatara,TP Visee,0,1,1
Netherlands,0,MP O'Dowd,TL Chatara,TP Visee,1,0,1
Netherlands,1,MP O'Dowd,SC Williams,TP Visee,0,0,0
Netherlands,1,MP O'Dowd,SC Williams,TP Visee,2,0,2
Netherlands,1,MP O'Dowd,SC Williams,TP Visee,4,0,4
Netherlands,1,MP O'Dowd,SC Williams,TP Visee,1,0,1
Netherlands,1,TP Visee,SC Williams,MP O'Dowd,0,0,0
Netherlands,1,TP Visee,SC Williams,MP O'Dowd,0,0,0
Netherlands,2,MP O'Dowd,KM Jarvis,BN Cooper,1,0,1
Netherlands,2,BN Cooper,KM Jarvis,MP O'Dowd,0,0,0
Netherlands,2,BN Cooper,KM Jarvis,MP O'Dowd,1,0,1
Netherlands,2,MP O'Dowd,KM Jarvis,BN Cooper,1,0,1
Netherlands,2,BN Cooper,KM Jarvis,MP O'Dowd,0,0,0
Netherlands,2,BN Cooper,KM Jarvis,MP O'Dowd,4,0,4
Netherlands,3,MP O'Dowd,Sikandar Raza,BN Cooper,1,0,1
Netherlands,3,BN Cooper,Sikandar Raza,MP O'Dowd,4,0,4
Netherlands,3,BN Cooper,Sikandar Raza,MP O'Dowd,1,0,1
Netherlands,3,MP O'Dowd,Sikandar Raza,BN Cooper,2,0,2
Netherlands,3,MP O'Dowd,Sikandar Raza,BN Cooper,0,0,0
Netherlands,3,MP O'Dowd,Sikandar Raza,BN Cooper,0,0,0
Netherlands,4,BN Cooper,CB Mpofu,MP O'Dowd,6,0,6
Netherlands,4,BN Cooper,CB Mpofu,MP O'Dowd,0,0,0
Netherlands,4,BN Cooper,CB Mpofu,MP O'Dowd,0,0,0
Netherlands,4,MP O'Dowd,CB Mpofu,W Barresi,1,0,1
Netherlands,4,W Barresi,CB Mpofu,MP O'Dowd,0,0,0
Netherlands,4,W Barresi,CB Mpofu,MP O'Dowd,4,0,4
Netherlands,5,MP O'Dowd,KM Jarvis,W Barresi,0,0,0
Netherlands,5,MP O'Dowd,KM Jarvis,W Barresi,4,0,4
Netherlands,5,MP O'Dowd,KM Jarvis,W Barresi,0,0,0
Netherlands,5,MP O'Dowd,KM Jarvis,W Barresi,6,0,6
Netherlands,5,MP O'Dowd,KM Jarvis,W Barresi,1,0,1
Netherlands,5,W Barresi,KM Jarvis,MP O'Dowd,0,0,0
Netherlands,6,MP O'Dowd,Sikandar Raza,Saqib Zulfiqar,1,0,1
Netherlands,6,Saqib Zulfiqar,Sikandar Raza,MP O'Dowd,1,0,1
Netherlands,6,MP O'Dowd,Sikandar Raza,Saqib Zulfiqar,0,0,0
Netherlands,6,MP O'Dowd,Sikandar Raza,Saqib Zulfiqar,1,0,1
Netherlands,6,Saqib Zulfiqar,Sikandar Raza,MP O'Dowd,0,0,0
Netherlands,6,Saqib Zulfiqar,Sikandar Raza,MP O'Dowd,1,0,1
Netherlands,7,Saqib Zulfiqar,RP Burl,MP O'Dowd,0,0,0
Netherlands,7,Saqib Zulfiqar,RP Burl,MP O'Dowd,0,0,0
Netherlands,7,Saqib Zulfiqar,RP Burl,MP O'Dowd,1,0,1
Netherlands,7,MP O'Dowd,RP Burl,Saqib Zulfiqar,4,0,4
Netherlands,7,MP O'Dowd,RP Burl,Saqib Zulfiqar,0,0,0
Netherlands,7,MP O'Dowd,RP Burl,Saqib Zulfiqar,1,0,1
Netherlands,8,MP O'Dowd,Sikandar Raza,Saqib Zulfiqar,4,0,4
Netherlands,8,MP O'Dowd,Sikandar Raza,Saqib Zulfiqar,1,0,1
Netherlands,8,Saqib Zulfiqar,Sikandar Raza,MP O'Dowd,1,0,1
Netherlands,8,MP O'Dowd,Sikandar Raza,Saqib Zulfiqar,1,0,1
Netherlands,8,Saqib Zulfiqar,Sikandar Raza,MP O'Dowd,2,0,2
Netherlands,8,Saqib Zulfiqar,Sikandar Raza,MP O'Dowd,1,0,1
Netherlands,9,Saqib Zulfiqar,SC Williams,MP O'Dowd,4,0,4
Netherlands,9,Saqib Zulfiqar,SC Williams,MP O'Dowd,1,0,1
Netherlands,9,MP O'Dowd,SC Williams,Saqib Zulfiqar,0,0,0
Netherlands,9,MP O'Dowd,SC Williams,Saqib Zulfiqar,0,0,0
Netherlands,9,MP O'Dowd,SC Williams,Saqib Zulfiqar,1,0,1
Netherlands,9,Saqib Zulfiqar,SC Williams,MP O'Dowd,1,0,1
Netherlands,10,Saqib Zulfiqar,RP Burl,MP O'Dowd,1,0,1
Netherlands,10,MP O'Dowd,RP Burl,Saqib Zulfiqar,0,0,0
Netherlands,10,MP O'Dowd,RP Burl,Saqib Zulfiqar,1,0,1
Netherlands,10,Saqib Zulfiqar,RP Burl,MP O'Dowd,2,0,2
Netherlands,10,Saqib Zulfiqar,RP Burl,MP O'Dowd,1,0,1
Netherlands,10,MP O'Dowd,RP Burl,Saqib Zulfiqar,2,0,2
Netherlands,11,Saqib Zulfiqar,SC Williams,MP O'Dowd,0,2,2
Netherlands,11,MP O'Dowd,SC Williams,Saqib Zulfiqar,4,0,4
Netherlands,11,MP O'Dowd,SC Williams,Saqib Zulfiqar,0,0,0
Netherlands,11,MP O'Dowd,SC Williams,Saqib Zulfiqar,2,0,2
Netherlands,11,MP O'Dowd,SC Williams,Saqib Zulfiqar,0,0,0
Netherlands,11,RE van der Merwe,SC Williams,Saqib Zulfiqar,1,0,1
Netherlands,11,Saqib Zulfiqar,SC Williams,RE van der Merwe,1,0,1
Netherlands,12,Saqib Zulfiqar,Sikandar Raza,RE van der Merwe,0,0,0
Netherlands,12,PM Seelaar,Sikandar Raza,RE van der Merwe,0,0,0
Netherlands,12,PM Seelaar,Sikandar Raza,RE van der Merwe,1,0,1
Netherlands,12,RE van der Merwe,Sikandar Raza,PM Seelaar,1,0,1
Netherlands,12,PM Seelaar,Sikandar Raza,RE van der Merwe,1,0,1
Netherlands,12,RE van der Merwe,Sikandar Raza,PM Seelaar,0,0,0
Netherlands,13,PM Seelaar,RP Burl,RE van der Merwe,1,0,1
Netherlands,13,RE van der Merwe,RP Burl,PM Seelaar,1,0,1
Netherlands,13,PM Seelaar,RP Burl,RE van der Merwe,1,0,1
Netherlands,13,RE van der Merwe,RP Burl,PM Seelaar,2,0,2
Netherlands,13,RE van der Merwe,RP Burl,PM Seelaar,2,0,2
Netherlands,13,RE van der Merwe,RP Burl,PM Seelaar,2,0,2
Netherlands,14,PM Seelaar,CB Mpofu,RE van der Merwe,1,0,1
Netherlands,14,RE van der Merwe,CB Mpofu,PM Seelaar,2,0,2
Netherlands,14,RE van der Merwe,CB Mpofu,PM Seelaar,1,0,1
Netherlands,14,PM Seelaar,CB Mpofu,RE van der Merwe,4,0,4
Netherlands,14,PM Seelaar,CB Mpofu,RE van der Merwe,1,0,1
Netherlands,14,RE van der Merwe,CB Mpofu,PM Seelaar,0,0,0
Netherlands,15,SA Edwards,RP Burl,PM Seelaar,0,0,0
Netherlands,15,SA Edwards,RP Burl,PM Seelaar,0,0,0
Netherlands,15,PM Seelaar,RP Burl,FJ Klaassen,1,0,1
Netherlands,15,FJ Klaassen,RP Burl,PM Seelaar,0,0,0
Netherlands,15,FJ Klaassen,RP Burl,PM Seelaar,0,0,0
Netherlands,15,FJ Klaassen,RP Burl,PM Seelaar,1,0,1
Netherlands,16,FJ Klaassen,CB Mpofu,PM Seelaar,2,0,2
Netherlands,16,FJ Klaassen,CB Mpofu,PM Seelaar,1,0,1
Netherlands,16,PM Seelaar,CB Mpofu,FJ Klaassen,1,0,1
Netherlands,16,FJ Klaassen,CB Mpofu,PM Seelaar,0,0,0
Netherlands,16,FJ Klaassen,CB Mpofu,PM Seelaar,0,0,0
Netherlands,16,FJ Klaassen,CB Mpofu,PM Seelaar,1,0,1
Netherlands,17,FJ Klaassen,SC Williams,PM Seelaar,1,0,1
Netherlands,17,PM Seelaar,SC Williams,FJ Klaassen,1,0,1
Netherlands,17,FJ Klaassen,SC Williams,PM Seelaar,0,0,0
Netherlands,17,FJ Klaassen,SC Williams,PM Seelaar,1,0,1
Netherlands,17,PM Seelaar,SC Williams,FJ Klaassen,1,0,1
Netherlands,17,FJ Klaassen,SC Williams,PM Seelaar,1,0,1
Netherlands,18,FJ Klaassen,CB Mpofu,PM Seelaar,1,0,1
Netherlands,18,PM Seelaar,CB Mpofu,FJ Klaassen,2,0,2
Netherlands,18,PM Seelaar,CB Mpofu,FJ Klaassen,4,0,4
Netherlands,18,PM Seelaar,CB Mpofu,FJ Klaassen,4,0,4
Netherlands,18,PM Seelaar,CB Mpofu,FJ Klaassen,1,0,1
Netherlands,18,FJ Klaassen,CB Mpofu,PM Seelaar,2,0,2
Netherlands,19,PM Seelaar,TL Chatara,FJ Klaassen,0,0,0
Netherlands,19,PM Seelaar,TL Chatara,FJ Klaassen,1,0,1
Netherlands,19,FJ Klaassen,TL Chatara,PM Seelaar,1,0,1
Netherlands,19,PM Seelaar,TL Chatara,FJ Klaassen,2,0,2
Netherlands,19,PM Seelaar,TL Chatara,FJ Klaassen,1,0,1
Netherlands,19,FJ Klaassen,TL Chatara,PM Seelaar,1,0,1
Zimbabwe,0,H Masakadza,FJ Klaassen,BRM Taylor,1,0,1
Zimbabwe,0,BRM Taylor,FJ Klaassen,H Masakadza,0,0,0
Zimbabwe,0,BRM Taylor,FJ Klaassen,H Masakadza,4,0,4
Zimbabwe,0,BRM Taylor,FJ Klaassen,H Masakadza,0,0,0
Zimbabwe,0,BRM Taylor,FJ Klaassen,H Masakadza,4,0,4
Zimbabwe,0,BRM Taylor,FJ Klaassen,H Masakadza,1,0,1
Zimbabwe,1,BRM Taylor,RE van der Merwe,H Masakadza,2,0,2
Zimbabwe,1,BRM Taylor,RE van der Merwe,H Masakadza,4,0,4
Zimbabwe,1,BRM Taylor,RE van der Merwe,H Masakadza,0,0,0
Zimbabwe,1,BRM Taylor,RE van der Merwe,H Masakadza,4,0,4
Zimbabwe,1,BRM Taylor,RE van der Merwe,H Masakadza,4,0,4
Zimbabwe,1,BRM Taylor,RE van der Merwe,H Masakadza,0,0,0
Zimbabwe,2,H Masakadza,BD Glover,BRM Taylor,0,0,0
Zimbabwe,2,H Masakadza,BD Glover,BRM Taylor,0,0,0
Zimbabwe,2,H Masakadza,BD Glover,BRM Taylor,0,0,0
Zimbabwe,2,H Masakadza,BD Glover,BRM Taylor,1,0,1
Zimbabwe,2,BRM Taylor,BD Glover,H Masakadza,1,0,1
Zimbabwe,2,H Masakadza,BD Glover,BRM Taylor,0,1,1
Zimbabwe,3,H Masakadza,PA van Meekeren,BRM Taylor,6,0,6
Zimbabwe,3,H Masakadza,PA van Meekeren,BRM Taylor,0,0,0
Zimbabwe,3,H Masakadza,PA van Meekeren,BRM Taylor,0,0,0
Zimbabwe,3,CR Ervine,PA van Meekeren,BRM Taylor,0,0,0
Zimbabwe,3,CR Ervine,PA van Meekeren,BRM Taylor,0,0,0
Zimbabwe,3,CR Ervine,PA van Meekeren,BRM Taylor,0,0,0
Zimbabwe,4,BRM Taylor,BD Glover,CR Ervine,4,0,4
Zimbabwe,4,BRM Taylor,BD Glover,CR Ervine,1,0,1
Zimbabwe,4,CR Ervine,BD Glover,BRM Taylor,4,0,4
Zimbabwe,4,CR Ervine,BD Glover,BRM Taylor,0,0,0
Zimbabwe,4,CR Ervine,BD Glover,BRM Taylor,4,0,4
Zimbabwe,4,CR Ervine,BD Glover,BRM Taylor,0,0,0
Zimbabwe,5,BRM Taylor,PA van Meekeren,CR Ervine,1,0,1
Zimbabwe,5,CR Ervine,PA van Meekeren,BRM Taylor,0,0,0
Zimbabwe,5,CR Ervine,PA van Meekeren,BRM Taylor,1,0,1
Zimbabwe,5,BRM Taylor,PA van Meekeren,CR Ervine,0,0,0
Zimbabwe,5,BRM Taylor,PA van Meekeren,CR Ervine,0,0,0
Zimbabwe,5,BRM Taylor,PA van Meekeren,CR Ervine,4,0,4
Zimbabwe,6,CR Ervine,FJ Klaassen,BRM Taylor,0,0,0
Zimbabwe,6,CR Ervine,FJ Klaassen,BRM Taylor,0,0,0
Zimbabwe,6,CR Ervine,FJ Klaassen,BRM Taylor,2,0,2
Zimbabwe,6,CR Ervine,FJ Klaassen,BRM Taylor,0,0,0
Zimbabwe,6,CR Ervine,FJ Klaassen,BRM Taylor,0,0,0
Zimbabwe,6,CR Ervine,FJ Klaassen,BRM Taylor,0,1,1
Zimbabwe,6,CR Ervine,FJ Klaassen,BRM Taylor,1,0,1
Zimbabwe,7,CR Ervine,PM Seelaar,BRM Taylor,1,0,1
Zimbabwe,7,BRM Taylor,PM Seelaar,CR Ervine,1,0,1
Zimbabwe,7,CR Ervine,PM Seelaar,BRM Taylor,2,0,2
Zimbabwe,7,CR Ervine,PM Seelaar,BRM Taylor,1,0,1
Zimbabwe,7,BRM Taylor,PM Seelaar,CR Ervine,1,0,1
Zimbabwe,7,CR Ervine,PM Seelaar,BRM Taylor,0,1,1
Zimbabwe,7,CR Ervine,PM Seelaar,BRM Taylor,2,0,2
Zimbabwe,8,BRM Taylor,BD Glover,CR Ervine,4,0,4
Zimbabwe,8,BRM Taylor,BD Glover,CR Ervine,0,0,0
Zimbabwe,8,BRM Taylor,BD Glover,CR Ervine,0,0,0
Zimbabwe,8,BRM Taylor,BD Glover,CR Ervine,0,0,0
Zimbabwe,8,SC Williams,BD Glover,CR Ervine,0,1,1
Zimbabwe,8,SC Williams,BD Glover,CR Ervine,1,0,1
Zimbabwe,8,CR Ervine,BD Glover,SC Williams,0,0,0
Zimbabwe,9,SC Williams,W Barresi,CR Ervine,1,0,1
Zimbabwe,9,CR Ervine,W Barresi,SC Williams,0,0,0
Zimbabwe,9,CR Ervine,W Barresi,SC Williams,2,0,2
Zimbabwe,9,CR Ervine,W Barresi,SC Williams,6,0,6
Zimbabwe,9,CR Ervine,W Barresi,SC Williams,2,0,2
Zimbabwe,9,CR Ervine,W Barresi,SC Williams,0,0,0
Zimbabwe,10,SC Williams,PA van Meekeren,CR Ervine,0,0,0
Zimbabwe,10,Sikandar Raza,PA van Meekeren,CR Ervine,1,0,1
Zimbabwe,10,CR Ervine,PA van Meekeren,Sikandar Raza,1,0,1
Zimbabwe,10,Sikandar Raza,PA van Meekeren,CR Ervine,0,0,0
Zimbabwe,10,Sikandar Raza,PA van Meekeren,CR Ervine,1,0,1
Zimbabwe,10,CR Ervine,PA van Meekeren,Sikandar Raza,0,0,0
Zimbabwe,11,Sikandar Raza,PM Seelaar,PJ Moor,1,0,1
Zimbabwe,11,PJ Moor,PM Seelaar,Sikandar Raza,1,0,1
Zimbabwe,11,Sikandar Raza,PM Seelaar,PJ Moor,0,0,0
Zimbabwe,11,Sikandar Raza,PM Seelaar,PJ Moor,1,0,1
Zimbabwe,11,PJ Moor,PM Seelaar,Sikandar Raza,1,0,1
Zimbabwe,11,Sikandar Raza,PM Seelaar,PJ Moor,1,0,1
Zimbabwe,12,Sikandar Raza,FJ Klaassen,PJ Moor,0,0,0
Zimbabwe,12,Sikandar Raza,FJ Klaassen,PJ Moor,1,0,1
Zimbabwe,12,PJ Moor,FJ Klaassen,Sikandar Raza,0,0,0
Zimbabwe,12,PJ Moor,FJ Klaassen,Sikandar Raza,1,0,1
Zimbabwe,12,Sikandar Raza,FJ Klaassen,PJ Moor,1,0,1
Zimbabwe,12,PJ Moor,FJ Klaassen,Sikandar Raza,1,0,1
Zimbabwe,13,PJ Moor,RE van der Merwe,Sikandar Raza,0,0,0
Zimbabwe,13,PJ Moor,RE van der Merwe,Sikandar Raza,2,0,2
Zimbabwe,13,PJ Moor,RE van der Merwe,Sikandar Raza,1,0,1
Zimbabwe,13,Sikandar Raza,RE van der Merwe,PJ Moor,0,0,0
Zimbabwe,13,PJ Moor,RE van der Merwe,E Chigumbura,0,0,0
Zimbabwe,13,PJ Moor,RE van der Merwe,E Chigumbura,0,0,0
Zimbabwe,14,E Chigumbura,BD Glover,RP Burl,0,0,0
Zimbabwe,14,E Chigumbura,BD Glover,RP Burl,1,0,1
Zimbabwe,14,RP Burl,BD Glover,E Chigumbura,0,0,0
Zimbabwe,14,RP Burl,BD Glover,E Chigumbura,0,1,1
Zimbabwe,14,E Chigumbura,BD Glover,RP Burl,0,0,0
Zimbabwe,14,E Chigumbura,BD Glover,RP Burl,1,0,1
Zimbabwe,15,E Chigumbura,RE van der Merwe,RP Burl,2,0,2
Zimbabwe,15,E Chigumbura,RE van der Merwe,RP Burl,1,0,1
Zimbabwe,15,RP Burl,RE van der Merwe,E Chigumbura,1,0,1
Zimbabwe,15,E Chigumbura,RE van der Merwe,RP Burl,0,0,0
Zimbabwe,15,E Chigumbura,RE van der Merwe,RP Burl,1,0,1
Zimbabwe,15,RP Burl,RE van der Merwe,E Chigumbura,1,0,1
Zimbabwe,16,RP Burl,PA van Meekeren,E Chigumbura,4,0,4
Zimbabwe,16,RP Burl,PA van Meekeren,E Chigumbura,2,0,2
Zimbabwe,16,RP Burl,PA van Meekeren,E Chigumbura,1,0,1
Zimbabwe,16,E Chigumbura,PA van Meekeren,RP Burl,1,0,1
Zimbabwe,16,RP Burl,PA van Meekeren,E Chigumbura,0,1,1
Zimbabwe,16,RP Burl,PA van Meekeren,E Chigumbura,0,0,0
Zimbabwe,16,RP Burl,PA van Meekeren,E Chigumbura,1,0,1
Zimbabwe,17,RP Burl,PM Seelaar,E Chigumbura,6,0,6
Zimbabwe,17,RP Burl,PM Seelaar,E Chigumbura,4,0,4
Zimbabwe,17,RP Burl,PM Seelaar,E Chigumbura,2,0,2
Zimbabwe,17,RP Burl,PM Seelaar,E Chigumbura,1,0,1
Zimbabwe,17,E Chigumbura,PM Seelaar,RP Burl,1,0,1
Zimbabwe,17,RP Burl,PM Seelaar,E Chigumbura,0,0,0
Zimbabwe,18,KM Jarvis,FJ Klaassen,E Chigumbura,1,0,1
Zimbabwe,18,E Chigumbura,FJ Klaassen,KM Jarvis,2,0,2
Zimbabwe,18,E Chigumbura,FJ Klaassen,KM Jarvis,0,0,0
Zimbabwe,18,E Chigumbura,FJ Klaassen,KM Jarvis,6,0,6
Zimbabwe,18,E Chigumbura,FJ Klaassen,KM Jarvis,1,0,1
Zimbabwe,18,KM Jarvis,FJ Klaassen,E Chigumbura,0,0,0
Zimbabwe,19,E Chigumbura,RE van der Merwe,KM Jarvis,6,0,6
Zimbabwe,19,E Chigumbura,RE van der Merwe,KM Jarvis,6,0,6
Zimbabwe,19,E Chigumbura,RE van der Merwe,KM Jarvis,0,0,0
Zimbabwe,19,E Chigumbura,RE van der Merwe,KM Jarvis,0,0,0
Zimbabwe,19,CB Mpofu,RE van der Merwe,KM Jarvis,0,0,0
Zimbabwe,19,TL Chatara,RE van der Merwe,KM Jarvis,0,0,0
Zimbabwe,0,E Chigumbura,FJ Klaassen,BRM Taylor,4,0,4
Zimbabwe,0,E Chigumbura,FJ Klaassen,BRM Taylor,1,0,1
Zimbabwe,0,BRM Taylor,FJ Klaassen,E Chigumbura,6,0,6
Zimbabwe,0,BRM Taylor,FJ Klaassen,E Chigumbura,4,0,4
Zimbabwe,0,BRM Taylor,FJ Klaassen,E Chigumbura,1,0,1
Zimbabwe,0,E Chigumbura,FJ Klaassen,BRM Taylor,2,0,2
Netherlands,0,BN Cooper,TL Chatara,RE van der Merwe,1,0,1
Netherlands,0,RE van der Merwe,TL Chatara,BN Cooper,0,0,0
Netherlands,0,MP O'Dowd,TL Chatara,BN Cooper,0,0,0
Netherlands,0,MP O'Dowd,TL Chatara,BN Cooper,2,0,2
Netherlands,0,MP O'Dowd,TL Chatara,BN Cooper,0,0,0
Netherlands,0,MP O'Dowd,TL Chatara,BN Cooper,6,0,6
