Team,Over,Batter,Bowler,Non_Striker,Batter_Runs,Extras,Total_Runs
Netherlands,0,SL Kalis,KE Bryce,HDJ Siegers,0,0,0
Netherlands,0,SL Kalis,KE Bryce,HDJ Siegers,1,0,1
Netherlands,0,HDJ Siegers,KE Bryce,SL Kalis,1,0,1
Netherlands,0,SL Kalis,KE Bryce,HDJ Siegers,1,0,1
Netherlands,0,HDJ Siegers,KE Bryce,SL Kalis,0,0,0
Netherlands,0,HDJ Siegers,KE Bryce,SL Kalis,4,0,4
Netherlands,1,SL Kalis,RV Scholes,HDJ Siegers,1,0,1
Netherlands,1,HDJ Siegers,RV Scholes,SL Kalis,0,0,0
Netherlands,1,HDJ Siegers,RV Scholes,SL Kalis,1,0,1
Netherlands,1,SL Kalis,RV Scholes,HDJ Siegers,1,0,1
Netherlands,1,HDJ Siegers,RV Scholes,SL Kalis,1,0,1
Netherlands,1,SL Kalis,RV Scholes,HDJ Siegers,0,0,0
Netherlands,2,HDJ Siegers,KE Bryce,SL Kalis,0,0,0
Netherlands,2,HDJ Siegers,KE Bryce,SL Kalis,0,2,2
Netherlands,2,HDJ Siegers,KE Bryce,SL Kalis,0,0,0
Netherlands,2,HDJ Siegers,KE Bryce,SL Kalis,1,0,1
Netherlands,2,SL Kalis,KE Bryce,HDJ Siegers,0,0,0
Netherlands,2,SL Kalis,KE Bryce,HDJ Siegers,0,1,1
Netherlands,2,SL Kalis,KE Bryce,HDJ Siegers,0,1,1
Netherlands,2,SL Kalis,KE Bryce,HDJ Siegers,1,0,1
Netherlands,3,SL Kalis,RV Scholes,HDJ Siegers,2,0,2
Netherlands,3,SL Kalis,RV Scholes,HDJ Siegers,0,0,0
Netherlands,3,SL Kalis,RV Scholes,HDJ Siegers,0,0,0
Netherlands,3,SL Kalis,RV Scholes,HDJ Siegers,2,0,2
Netherlands,3,SL Kalis,RV Scholes,HDJ Siegers,0,0,0
Netherlands,3,SL Kalis,RV Scholes,HDJ Siegers,2,0,2
Netherlands,4,HDJ Siegers,PA Chatterji,SL Kalis,0,1,1
Netherlands,4,HDJ Siegers,PA Chatterji,SL Kalis,1,0,1
Netherlands,4,SL Kalis,PA Chatterji,HDJ Siegers,0,0,0
Netherlands,4,SL Kalis,PA Chatterji,HDJ Siegers,0,0,0
Netherlands,4,SL Kalis,PA Chatterji,HDJ Siegers,1,0,1
Netherlands,4,HDJ Siegers,PA Chatterji,SL Kalis,1,0,1
Netherlands,4,SL Kalis,PA Chatterji,HDJ Siegers,1,0,1
Netherlands,5,SL Kalis,M McColl,HDJ Siegers,1,0,1
Netherlands,5,HDJ Siegers,M McColl,SL Kalis,0,0,0
Netherlands,5,HDJ Siegers,M McColl,SL Kalis,2,0,2
Netherlands,5,HDJ Siegers,M McColl,SL Kalis,2,0,2
Netherlands,5,HDJ Siegers,M McColl,SL Kalis,2,0,2
Netherlands,5,HDJ Siegers,M McColl,SL Kalis,1,0,1
Netherlands,6,HDJ Siegers,PA Chatterji,SL Kalis,1,0,1
Netherlands,6,SL Kalis,PA Chatterji,HDJ Siegers,1,0,1
Netherlands,6,HDJ Siegers,PA Chatterji,SL Kalis,1,0,1
Netherlands,6,SL Kalis,PA Chatterji,HDJ Siegers,1,0,1
Netherlands,6,HDJ Siegers,PA Chatterji,SL Kalis,6,0,6
Netherlands,6,HDJ Siegers,PA Chatterji,SL Kalis,0,1,1
Netherlands,6,HDJ Siegers,PA Chatterji,SL Kalis,0,0,0
Netherlands,7,SL Kalis,AH Maqsood,D Hannema,2,0,2
Netherlands,7,SL Kalis,AH Maqsood,D Hannema,0,0,0
Netherlands,7,SL Kalis,AH Maqsood,D Hannema,0,0,0
Netherlands,7,SL Kalis,AH Maqsood,D Hannema,1,0,1
Netherlands,7,D Hannema,AH Maqsood,SL Kalis,2,0,2
Netherlands,7,D Hannema,AH Maqsood,SL Kalis,1,0,1
Netherlands,8,D Hannema,S Haggo,SL Kalis,0,0,0
Netherlands,8,D Hannema,S Haggo,SL Kalis,1,0,1
Netherlands,8,SL Kalis,S Haggo,D Hannema,0,0,0
Netherlands,8,SL Kalis,S Haggo,D Hannema,1,0,1
Netherlands,8,D Hannema,S Haggo,SL Kalis,2,0,2
Netherlands,8,D Hannema,S Haggo,SL Kalis,1,0,1
Netherlands,9,D Hannema,AH Maqsood,SL Kalis,1,0,1
Netherlands,9,SL Kalis,AH Maqsood,D Hannema,2,0,2
Netherlands,9,SL Kalis,AH Maqsood,D Hannema,1,0,1
Netherlands,9,D Hannema,AH Maqsood,SL Kalis,4,0,4
Netherlands,9,D Hannema,AH Maqsood,SL Kalis,1,0,1
Netherlands,9,SL Kalis,AH Maqsood,D Hannema,1,0,1
Netherlands,10,SL Kalis,S Haggo,D Hannema,0,0,0
Netherlands,10,M Veringmeier,S Haggo,D Hannema,1,0,1
Netherlands,10,D Hannema,S Haggo,M Veringmeier,1,0,1
Netherlands,10,M Veringmeier,S Haggo,D Hannema,0,0,0
Netherlands,10,M Veringmeier,S Haggo,D Hannema,1,0,1
Netherlands,10,D Hannema,S Haggo,M Veringmeier,1,0,1
Netherlands,11,D Hannema,PA Chatterji,M Veringmeier,0,0,0
Netherlands,11,D Hannema,PA Chatterji,M Veringmeier,0,0,0
Netherlands,11,D Hannema,PA Chatterji,M Veringmeier,1,0,1
Netherlands,11,M Veringmeier,PA Chatterji,D Hannema,1,0,1
Netherlands,11,D Hannema,PA Chatterji,M Veringmeier,0,0,0
Netherlands,11,D Hannema,PA Chatterji,M Veringmeier,1,0,1
Netherlands,12,D Hannema,S Haggo,M Veringmeier,0,0,0
Netherlands,12,D Hannema,S Haggo,M Veringmeier,1,0,1
Netherlands,12,M Veringmeier,S Haggo,D Hannema,0,0,0
Netherlands,12,M Veringmeier,S Haggo,D Hannema,4,0,4
Netherlands,12,M Veringmeier,S Haggo,D Hannema,0,0,0
Netherlands,12,R Rijke,S Haggo,D Hannema,1,0,1
Netherlands,13,R Rijke,PA Chatterji,D Hannema,0,1,1
Netherlands,13,R Rijke,PA Chatterji,D Hannema,1,0,1
Netherlands,13,D Hannema,PA Chatterji,R Rijke,0,0,0
Netherlands,13,D Hannema,PA Chatterji,R Rijke,1,0,1
Netherlands,13,R Rijke,PA Chatterji,D Hannema,1,0,1
Netherlands,13,D Hannema,PA Chatterji,R Rijke,2,0,2
Netherlands,13,D Hannema,PA Chatterji,R Rijke,0,0,0
Netherlands,14,R Rijke,RV Scholes,D Hannema,1,0,1
Netherlands,14,D Hannema,RV Scholes,R Rijke,1,0,1
Netherlands,14,R Rijke,RV Scholes,D Hannema,1,0,1
Netherlands,14,D Hannema,RV Scholes,R Rijke,1,0,1
Netherlands,14,R Rijke,RV Scholes,D Hannema,0,0,0
Netherlands,14,B de Leede,RV Scholes,D Hannema,1,0,1
Netherlands,14,D Hannema,RV Scholes,B de Leede,1,0,1
Netherlands,15,D Hannema,AH Maqsood,B de Leede,1,0,1
Netherlands,15,B de Leede,AH Maqsood,D Hannema,0,0,0
Netherlands,15,B de Leede,AH Maqsood,D Hannema,1,0,1
Netherlands,15,D Hannema,AH Maqsood,B de Leede,1,0,1
Netherlands,15,B de Leede,AH Maqsood,D Hannema,1,0,1
Netherlands,15,D Hannema,AH Maqsood,B de Leede,2,0,2
Netherlands,16,B de Leede,RV Scholes,D Hannema,1,0,1
Netherlands,16,D Hannema,RV Scholes,B de Leede,2,0,2
Netherlands,16,D Hannema,RV Scholes,B de Leede,1,0,1
Netherlands,16,B de Leede,RV Scholes,D Hannema,1,0,1
Netherlands,16,D Hannema,RV Scholes,B de Leede,4,1,5
Netherlands,16,D Hannema,RV Scholes,B de Leede,0,0,0
Netherlands,16,D Hannema,RV Scholes,B de Leede,0,0,0
Netherlands,17,B de Leede,K McGill,J Post,2,0,2
Netherlands,17,B de Leede,K McGill,J Post,0,0,0
Netherlands,17,B de Leede,K McGill,J Post,2,0,2
Netherlands,17,B de Leede,K McGill,J Post,1,0,1
Netherlands,17,J Post,K McGill,B de Leede,0,1,1
Netherlands,17,B de Leede,K McGill,J Post,0,0,0
Netherlands,18,J Post,KE Bryce,B de Leede,1,0,1
Netherlands,18,B de Leede,KE Bryce,J Post,0,1,1
Netherlands,18,B de Leede,KE Bryce,J Post,0,0,0
Netherlands,18,B de Leede,KE Bryce,J Post,0,0,0
Netherlands,18,B de Leede,KE Bryce,J Post,1,0,1
Netherlands,18,J Post,KE Bryce,B de Leede,0,0,0
Netherlands,18,J Post,KE Bryce,B de Leede,1,0,1
Netherlands,19,J Post,K McGill,B de Leede,1,0,1
Netherlands,19,B de Leede,K McGill,J Post,1,0,1
Netherlands,19,J Post,K McGill,B de Leede,0,0,0
Netherlands,19,HWA Landheer,K McGill,B de Leede,1,0,1
Netherlands,19,B de Leede,K McGill,HWA Landheer,1,0,1
Netherlands,19,B de Leede,K McGill,C de Lange,0,0,0
Scotland,0,SJ Bryce,IJR Zwilling,L Jack,2,0,2
Scotland,0,SJ Bryce,IJR Zwilling,L Jack,0,0,0
Scotland,0,SJ Bryce,IJR Zwilling,L Jack,0,1,1
Scotland,0,SJ Bryce,IJR Zwilling,L Jack,1,0,1
Scotland,0,L Jack,IJR Zwilling,SJ Bryce,1,0,1
Scotland,0,SJ Bryce,IJR Zwilling,L Jack,2,0,2
Scotland,0,SJ Bryce,IJR Zwilling,L Jack,4,0,4
Scotland,1,L Jack,HWA Landheer,SJ Bryce,0,0,0
Scotland,1,L Jack,HWA Landheer,SJ Bryce,1,0,1
Scotland,1,SJ Bryce,HWA Landheer,L Jack,0,2,2
Scotland,1,L Jack,HWA Landheer,SJ Bryce,0,0,0
Scotland,1,L Jack,HWA Landheer,SJ Bryce,0,0,0
Scotland,1,L Jack,HWA Landheer,SJ Bryce,0,0,0
Scotland,1,L Jack,HWA Landheer,SJ Bryce,0,1,1
Scotland,1,L Jack,HWA Landheer,SJ Bryce,0,1,1
Scotland,1,L Jack,HWA Landheer,SJ Bryce,0,0,0
Scotland,2,SJ Bryce,IJR Zwilling,L Jack,1,0,1
Scotland,2,L Jack,IJR Zwilling,SJ Bryce,2,0,2
Scotland,2,L Jack,IJR Zwilling,SJ Bryce,0,2,2
Scotland,2,SJ Bryce,IJR Zwilling,L Jack,0,0,0
Scotland,2,SJ Bryce,IJR Zwilling,L Jack,2,0,2
Scotland,2,SJ Bryce,IJR Zwilling,L Jack,0,1,1
Scotland,2,SJ Bryce,IJR Zwilling,L Jack,1,0,1
Scotland,2,L Jack,IJR Zwilling,SJ Bryce,1,0,1
Scotland,3,L Jack,HWA Landheer,SJ Bryce,0,1,1
Scotland,3,L Jack,HWA Landheer,SJ Bryce,0,0,0
Scotland,3,L Jack,HWA Landheer,SJ Bryce,2,0,2
Scotland,3,L Jack,HWA Landheer,SJ Bryce,0,1,1
Scotland,3,L Jack,HWA Landheer,SJ Bryce,1,0,1
Scotland,3,SJ Bryce,HWA Landheer,L Jack,0,0,0
Scotland,3,SJ Bryce,HWA Landheer,L Jack,1,0,1
Scotland,3,L Jack,HWA Landheer,SJ Bryce,0,0,0
Scotland,4,SJ Bryce,C de Lange,KE Bryce,0,0,0
Scotland,4,SJ Bryce,C de Lange,KE Bryce,0,0,0
Scotland,4,SJ Bryce,C de Lange,KE Bryce,1,0,1
Scotland,4,KE Bryce,C de Lange,SJ Bryce,0,0,0
Scotland,4,KE Bryce,C de Lange,SJ Bryce,0,0,0
Scotland,4,KE Bryce,C de Lange,SJ Bryce,0,0,0
Scotland,5,SJ Bryce,HDJ Siegers,KE Bryce,0,0,0
Scotland,5,SJ Bryce,HDJ Siegers,KE Bryce,1,0,1
Scotland,5,KE Bryce,HDJ Siegers,SJ Bryce,0,0,0
Scotland,5,KE Bryce,HDJ Siegers,SJ Bryce,0,0,0
Scotland,5,KE Bryce,HDJ Siegers,SJ Bryce,0,0,0
Scotland,5,KE Bryce,HDJ Siegers,SJ Bryce,1,0,1
Scotland,6,KE Bryce,C de Lange,SJ Bryce,1,0,1
Scotland,6,SJ Bryce,C de Lange,KE Bryce,2,0,2
Scotland,6,SJ Bryce,C de Lange,KE Bryce,2,0,2
Scotland,6,SJ Bryce,C de Lange,KE Bryce,1,0,1
Scotland,6,KE Bryce,C de Lange,SJ Bryce,0,0,0
Scotland,6,RS Glen,C de Lange,SJ Bryce,0,1,1
Scotland,6,RS Glen,C de Lange,SJ Bryce,0,0,0
Scotland,7,SJ Bryce,HDJ Siegers,RS Glen,0,0,0
Scotland,7,SJ Bryce,HDJ Siegers,RS Glen,0,0,0
Scotland,7,SJ Bryce,HDJ Siegers,RS Glen,0,0,0
Scotland,7,SJ Bryce,HDJ Siegers,RS Glen,0,0,0
Scotland,7,SJ Bryce,HDJ Siegers,RS Glen,0,0,0
Scotland,7,SJ Bryce,HDJ Siegers,RS Glen,0,0,0
Scotland,8,RS Glen,C de Lange,RV Scholes,2,0,2
Scotland,8,RS Glen,C de Lange,RV Scholes,2,0,2
Scotland,8,RS Glen,C de Lange,RV Scholes,0,0,0
Scotland,8,RS Glen,C de Lange,RV Scholes,2,0,2
Scotland,8,RS Glen,C de Lange,RV Scholes,0,0,0
Scotland,8,RS Glen,C de Lange,RV Scholes,1,0,1
Scotland,9,RS Glen,HDJ Siegers,RV Scholes,0,0,0
Scotland,9,RS Glen,HDJ Siegers,RV Scholes,0,1,1
Scotland,9,RS Glen,HDJ Siegers,RV Scholes,0,1,1
Scotland,9,RS Glen,HDJ Siegers,RV Scholes,1,0,1
Scotland,9,RV Scholes,HDJ Siegers,RS Glen,0,0,0
Scotland,9,RV Scholes,HDJ Siegers,RS Glen,0,0,0
Scotland,9,RV Scholes,HDJ Siegers,RS Glen,0,0,0
Scotland,9,RV Scholes,HDJ Siegers,RS Glen,0,0,0
Scotland,10,RS Glen,S Siegers,RV Scholes,2,0,2
Scotland,10,RS Glen,S Siegers,RV Scholes,0,0,0
Scotland,10,RS Glen,S Siegers,RV Scholes,0,1,1
Scotland,10,RS Glen,S Siegers,RV Scholes,1,1,2
Scotland,10,RV Scholes,S Siegers,RS Glen,0,0,0
Scotland,10,RV Scholes,S Siegers,RS Glen,0,0,0
Scotland,10,RV Scholes,S Siegers,RS Glen,0,0,0
Scotland,10,RV Scholes,S Siegers,RS Glen,1,0,1
Scotland,11,RV Scholes,SL Kalis,RS Glen,1,0,1
Scotland,11,RS Glen,SL Kalis,RV Scholes,1,0,1
Scotland,11,RV Scholes,SL Kalis,RS Glen,0,0,0
Scotland,11,RV Scholes,SL Kalis,RS Glen,0,0,0
Scotland,11,RV Scholes,SL Kalis,RS Glen,0,0,0
Scotland,11,RV Scholes,SL Kalis,RS Glen,0,1,1
Scotland,11,PA Chatterji,SL Kalis,RS Glen,1,0,1
Scotland,12,PA Chatterji,S Siegers,RS Glen,0,0,0
Scotland,12,PA Chatterji,S Siegers,RS Glen,1,0,1
Scotland,12,RS Glen,S Siegers,PA Chatterji,1,0,1
Scotland,12,PA Chatterji,S Siegers,RS Glen,1,1,2
Scotland,12,RS Glen,S Siegers,PA Chatterji,2,0,2
Scotland,12,RS Glen,S Siegers,PA Chatterji,0,0,0
Scotland,12,RS Glen,S Siegers,PA Chatterji,0,0,0
Scotland,13,PA Chatterji,SL Kalis,RS Glen,0,0,0
Scotland,13,PA Chatterji,SL Kalis,RS Glen,0,0,0
Scotland,13,PA Chatterji,SL Kalis,RS Glen,0,0,0
Scotland,13,PA Chatterji,SL Kalis,RS Glen,0,0,0
Scotland,13,PA Chatterji,SL Kalis,RS Glen,4,0,4
Scotland,13,PA Chatterji,SL Kalis,RS Glen,0,0,0
Scotland,14,RS Glen,S Siegers,PA Chatterji,4,1,5
Scotland,14,RS Glen,S Siegers,PA Chatterji,0,0,0
Scotland,14,RS Glen,S Siegers,PA Chatterji,4,0,4
Scotland,14,RS Glen,S Siegers,PA Chatterji,0,0,0
Scotland,14,K McGill,S Siegers,PA Chatterji,1,0,1
Scotland,14,PA Chatterji,S Siegers,K McGill,0,0,0
Scotland,14,PA Chatterji,S Siegers,K McGill,0,0,0
Scotland,15,K McGill,SL Kalis,PA Chatterji,1,0,1
Scotland,15,PA Chatterji,SL Kalis,K McGill,4,0,4
Scotland,15,PA Chatterji,SL Kalis,K McGill,2,0,2
Scotland,15,PA Chatterji,SL Kalis,K McGill,0,1,1
Scotland,15,PA Chatterji,SL Kalis,K McGill,0,0,0
Scotland,15,PA Chatterji,SL Kalis,K McGill,1,0,1
Scotland,15,K McGill,SL Kalis,PA Chatterji,0,0,0
Scotland,16,PA Chatterji,C de Lange,K McGill,0,0,0
Scotland,16,PA Chatterji,C de Lange,K McGill,1,0,1
Scotland,16,K McGill,C de Lange,PA Chatterji,0,0,0
Scotland,16,K McGill,C de Lange,PA Chatterji,1,0,1
Scotland,16,PA Chatterji,C de Lange,K McGill,1,0,1
Scotland,16,K McGill,C de Lange,PA Chatterji,0,1,1
Scotland,17,K McGill,SL Kalis,PA Chatterji,1,0,1
Scotland,17,PA Chatterji,SL Kalis,K McGill,1,0,1
Scotland,17,K McGill,SL Kalis,PA Chatterji,1,0,1
Scotland,17,PA Chatterji,SL Kalis,K McGill,1,0,1
Scotland,17,K McGill,SL Kalis,PA Chatterji,0,0,0
Scotland,17,K McGill,SL Kalis,PA Chatterji,0,0,0
Scotland,18,PA Chatterji,HWA Landheer,K McGill,4,0,4
Scotland,18,PA Chatterji,HWA Landheer,K McGill,1,0,1
Scotland,18,K McGill,HWA Landheer,PA Chatterji,1,0,1
Scotland,18,RK Willis,HWA Landheer,PA Chatterji,0,1,1
Scotland,18,RK Willis,HWA Landheer,PA Chatterji,2,0,2
Scotland,18,RK Willis,HWA Landheer,PA Chatterji,2,0,2
Scotland,18,RK Willis,HWA Landheer,PA Chatterji,1,0,1
Scotland,19,RK Willis,HDJ Siegers,PA Chatterji,0,0,0
Scotland,19,RK Willis,HDJ Siegers,PA Chatterji,0,1,1
Scotland,19,RK Willis,HDJ Siegers,PA Chatterji,0,0,0
Scotland,19,PA Chatterji,HDJ Siegers,M McColl,0,0,0
Scotland,19,PA Chatterji,HDJ Siegers,S Haggo,1,0,1
Scotland,19,S Haggo,HDJ Siegers,PA Chatterji,1,0,1
Scotland,19,PA Chatterji,HDJ Siegers,S Haggo,2,0,2
