Team,Over,Batter,Bowler,Non_Striker,Batter_Runs,Extras,Total_Runs
Thailand,0,N Chantam,O Prendergast,N Chaiwai,0,0,0
Thailand,0,N Chantam,O Prendergast,N Chaiwai,0,1,1
Thailand,0,N Chantam,O Prendergast,N Chaiwai,0,0,0
Thailand,0,N Chantam,O Prendergast,N Chaiwai,1,0,1
Thailand,0,N Chaiwai,O Prendergast,N Chantam,0,0,0
Thailand,0,N Chaiwai,O Prendergast,N Chantam,1,0,1
Thailand,0,N Chantam,O Prendergast,N Chaiwai,4,0,4
Thailand,1,N Chaiwai,L Little,N Chantam,1,0,1
Thailand,1,N Chantam,L Little,N Chaiwai,1,0,1
Thailand,1,N Chaiwai,L Little,N Chantam,0,0,0
Thailand,1,N Chaiwai,L Little,N Chantam,0,1,1
Thailand,1,N Chaiwai,L Little,N Chantam,1,0,1
Thailand,1,N Chantam,L Little,N Chaiwai,0,0,0
Thailand,1,N Chantam,L Little,N Chaiwai,1,0,1
Thailand,2,N Chantam,EAJ Richardson,N Chaiwai,0,0,0
Thailand,2,N Chantam,EAJ Richardson,N Chaiwai,0,0,0
Thailand,2,N Chantam,EAJ Richardson,N Chaiwai,1,0,1
Thailand,2,N Chaiwai,EAJ Richardson,N Chantam,1,0,1
Thailand,2,N Chantam,EAJ Richardson,N Chaiwai,0,0,0
Thailand,2,N Chantam,EAJ Richardson,N Chaiwai,0,0,0
Thailand,3,N Koncharoenkai,L Little,N Chaiwai,0,0,0
Thailand,3,N Koncharoenkai,L Little,N Chaiwai,1,0,1
Thailand,3,N Chaiwai,L Little,N Koncharoenkai,1,0,1
Thailand,3,N Koncharoenkai,L Little,N Chaiwai,0,0,0
Thailand,3,N Koncharoenkai,L Little,N Chaiwai,0,0,0
Thailand,3,N Koncharoenkai,L Little,N Chaiwai,2,0,2
Thailand,4,N Chaiwai,EAJ Richardson,N Koncharoenkai,0,0,0
Thailand,4,N Chaiwai,EAJ Richardson,N Koncharoenkai,0,0,0
Thailand,4,N Chaiwai,EAJ Richardson,N Koncharoenkai,1,0,1
Thailand,4,N Koncharoenkai,EAJ Richardson,N Chaiwai,1,0,1
Thailand,4,N Chaiwai,EAJ Richardson,N Koncharoenkai,0,0,0
Thailand,4,N Chaiwai,EAJ Richardson,N Koncharoenkai,0,0,0
Thailand,5,N Koncharoenkai,L Maritz,C Sutthiruang,2,0,2
Thailand,5,N Koncharoenkai,L Maritz,C Sutthiruang,1,0,1
Thailand,5,C Sutthiruang,L Maritz,N Koncharoenkai,0,0,0
Thailand,5,C Sutthiruang,L Maritz,N Koncharoenkai,0,1,1
Thailand,5,C Sutthiruang,L Maritz,N Koncharoenkai,2,0,2
Thailand,5,C Sutthiruang,L Maritz,N Koncharoenkai,0,0,0
Thailand,5,N Boochatham,L Maritz,N Koncharoenkai,0,0,0
Thailand,6,N Koncharoenkai,C Raack,N Boochatham,1,0,1
Thailand,6,N Boochatham,C Raack,N Koncharoenkai,0,0,0
Thailand,6,N Boochatham,C Raack,N Koncharoenkai,2,0,2
Thailand,6,N Boochatham,C Raack,N Koncharoenkai,0,0,0
Thailand,6,N Boochatham,C Raack,N Koncharoenkai,1,0,1
Thailand,6,N Koncharoenkai,C Raack,N Boochatham,0,0,0
Thailand,7,N Boochatham,L Maritz,N Koncharoenkai,0,0,0
Thailand,7,N Boochatham,L Maritz,N Koncharoenkai,0,0,0
Thailand,7,N Boochatham,L Maritz,N Koncharoenkai,2,0,2
Thailand,7,N Boochatham,L Maritz,N Koncharoenkai,2,1,3
Thailand,7,N Boochatham,L Maritz,N Koncharoenkai,0,1,1
Thailand,7,N Koncharoenkai,L Maritz,N Boochatham,1,0,1
Thailand,7,N Boochatham,L Maritz,N Koncharoenkai,1,0,1
Thailand,8,N Boochatham,C Raack,N Koncharoenkai,0,0,0
Thailand,8,N Boochatham,C Raack,N Koncharoenkai,0,0,0
Thailand,8,N Boochatham,C Raack,N Koncharoenkai,0,0,0
Thailand,8,N Boochatham,C Raack,N Koncharoenkai,2,0,2
Thailand,8,N Boochatham,C Raack,N Koncharoenkai,2,0,2
Thailand,8,N Boochatham,C Raack,N Koncharoenkai,1,0,1
Thailand,9,N Boochatham,O Prendergast,N Koncharoenkai,1,0,1
Thailand,9,N Koncharoenkai,O Prendergast,N Boochatham,4,0,4
Thailand,9,N Koncharoenkai,O Prendergast,N Boochatham,2,0,2
Thailand,9,N Koncharoenkai,O Prendergast,N Boochatham,2,0,2
Thailand,9,N Koncharoenkai,O Prendergast,N Boochatham,1,0,1
Thailand,9,N Boochatham,O Prendergast,N Koncharoenkai,1,0,1
Ireland,0,GH Lewis,C Sutthiruang,O Prendergast,0,0,0
Ireland,0,GH Lewis,C Sutthiruang,O Prendergast,0,0,0
Ireland,0,GH Lewis,C Sutthiruang,O Prendergast,1,0,1
Ireland,0,O Prendergast,C Sutthiruang,GH Lewis,1,0,1
Ireland,0,GH Lewis,C Sutthiruang,O Prendergast,1,0,1
Ireland,0,O Prendergast,C Sutthiruang,GH Lewis,0,0,0
Ireland,1,GH Lewis,N Boochatham,O Prendergast,0,0,0
Ireland,1,SM Kavanagh,N Boochatham,O Prendergast,0,0,0
Ireland,1,SM Kavanagh,N Boochatham,O Prendergast,1,0,1
Ireland,1,O Prendergast,N Boochatham,SM Kavanagh,0,0,0
Ireland,1,O Prendergast,N Boochatham,SM Kavanagh,4,0,4
Ireland,1,O Prendergast,N Boochatham,SM Kavanagh,0,0,0
Ireland,2,SM Kavanagh,C Sutthiruang,O Prendergast,0,0,0
Ireland,2,SM Kavanagh,C Sutthiruang,O Prendergast,0,0,0
Ireland,2,SM Kavanagh,C Sutthiruang,O Prendergast,1,0,1
Ireland,2,O Prendergast,C Sutthiruang,SM Kavanagh,0,0,0
Ireland,2,EAJ Richardson,C Sutthiruang,SM Kavanagh,0,0,0
Ireland,2,EAJ Richardson,C Sutthiruang,SM Kavanagh,0,0,0
Ireland,3,SM Kavanagh,S Laomi,EAJ Richardson,0,0,0
Ireland,3,SM Kavanagh,S Laomi,EAJ Richardson,0,0,0
Ireland,3,SM Kavanagh,S Laomi,EAJ Richardson,0,0,0
Ireland,3,SM Kavanagh,S Laomi,EAJ Richardson,1,0,1
Ireland,3,EAJ Richardson,S Laomi,SM Kavanagh,0,0,0
Ireland,3,EAJ Richardson,S Laomi,SM Kavanagh,0,0,0
Ireland,4,SM Kavanagh,R Padunglerd,EAJ Richardson,0,0,0
Ireland,4,SM Kavanagh,R Padunglerd,EAJ Richardson,0,0,0
Ireland,4,SM Kavanagh,R Padunglerd,EAJ Richardson,1,0,1
Ireland,4,EAJ Richardson,R Padunglerd,SM Kavanagh,1,0,1
Ireland,4,SM Kavanagh,R Padunglerd,EAJ Richardson,1,0,1
Ireland,4,EAJ Richardson,R Padunglerd,SM Kavanagh,0,1,1
Ireland,5,EAJ Richardson,S Laomi,SM Kavanagh,1,0,1
Ireland,5,SM Kavanagh,S Laomi,EAJ Richardson,1,0,1
Ireland,5,EAJ Richardson,S Laomi,SM Kavanagh,1,0,1
Ireland,5,SM Kavanagh,S Laomi,EAJ Richardson,2,0,2
Ireland,5,SM Kavanagh,S Laomi,EAJ Richardson,1,0,1
Ireland,5,EAJ Richardson,S Laomi,SM Kavanagh,1,0,1
Ireland,6,EAJ Richardson,S Tippoch,SM Kavanagh,0,0,0
Ireland,6,L Delany,S Tippoch,SM Kavanagh,0,0,0
Ireland,6,L Delany,S Tippoch,SM Kavanagh,1,0,1
Ireland,6,SM Kavanagh,S Tippoch,L Delany,1,0,1
Ireland,6,L Delany,S Tippoch,SM Kavanagh,1,0,1
Ireland,6,SM Kavanagh,S Tippoch,L Delany,2,0,2
Ireland,7,L Delany,R Padunglerd,SM Kavanagh,0,1,1
Ireland,7,L Delany,R Padunglerd,SM Kavanagh,0,0,0
Ireland,7,L Delany,R Padunglerd,SM Kavanagh,1,0,1
Ireland,7,SM Kavanagh,R Padunglerd,L Delany,0,0,0
Ireland,7,R Stokell,R Padunglerd,L Delany,0,1,1
Ireland,7,R Stokell,R Padunglerd,L Delany,0,0,0
Ireland,7,R Stokell,R Padunglerd,L Delany,0,0,0
Ireland,7,R Stokell,R Padunglerd,L Delany,0,0,0
Ireland,8,L Delany,S Tippoch,U Raymond-Hoey,1,0,1
Ireland,8,U Raymond-Hoey,S Tippoch,L Delany,1,0,1
Ireland,8,L Delany,S Tippoch,U Raymond-Hoey,0,0,0
Ireland,8,L Delany,S Tippoch,U Raymond-Hoey,1,0,1
Ireland,8,U Raymond-Hoey,S Tippoch,L Delany,1,0,1
Ireland,8,L Delany,S Tippoch,U Raymond-Hoey,4,0,4
Ireland,9,U Raymond-Hoey,N Boochatham,L Delany,0,3,3
Ireland,9,U Raymond-Hoey,N Boochatham,L Delany,0,0,0
Ireland,9,MV Waldron,N Boochatham,L Delany,4,0,4
Ireland,9,MV Waldron,N Boochatham,L Delany,1,0,1
Ireland,9,L Delany,N Boochatham,MV Waldron,0,0,0
Ireland,9,MV Waldron,N Boochatham,L Little,1,0,1
Ireland,9,L Little,N Boochatham,MV Waldron,4,0,4
