Team,Over,Batter,Bowler,Non_Striker,Batter_Runs,Extras,Total_Runs
Ireland,0,GH Lewis,IJR Zwilling,O Prendergast,0,2,2
Ireland,0,O Prendergast,IJR Zwilling,GH Lewis,0,0,0
Ireland,0,O Prendergast,IJR Zwilling,GH Lewis,0,0,0
Ireland,0,O Prendergast,IJR Zwilling,GH Lewis,4,0,4
Ireland,0,O Prendergast,IJR Zwilling,GH Lewis,4,0,4
Ireland,0,O Prendergast,IJR Zwilling,GH Lewis,1,0,1
Ireland,0,GH Lewis,IJR Zwilling,O Prendergast,0,0,0
Ireland,1,O Prendergast,C de Lange,GH Lewis,0,1,1
Ireland,1,O Prendergast,C de Lange,GH Lewis,0,0,0
Ireland,1,O Prendergast,C de Lange,GH Lewis,0,0,0
Ireland,1,L Paul,C de Lange,GH Lewis,0,4,4
Ireland,1,L Paul,C de Lange,GH Lewis,4,0,4
Ireland,1,L Paul,C de Lange,GH Lewis,0,0,0
Ireland,1,L Paul,C de Lange,GH Lewis,0,0,0
Ireland,2,GH Lewis,IJR Zwilling,L Paul,4,0,4
Ireland,2,GH Lewis,IJR Zwilling,L Paul,2,0,2
Ireland,2,GH Lewis,IJR Zwilling,L Paul,2,0,2
Ireland,2,GH Lewis,IJR Zwilling,L Paul,4,0,4
Ireland,2,GH Lewis,IJR Zwilling,L Paul,0,0,0
Ireland,2,GH Lewis,IJR Zwilling,L Paul,3,0,3
Ireland,3,GH Lewis,C de Lange,L Paul,0,0,0
Ireland,3,GH Lewis,C de Lange,L Paul,0,1,1
Ireland,3,GH Lewis,C de Lange,L Paul,0,0,0
Ireland,3,GH Lewis,C de Lange,L Paul,4,0,4
Ireland,3,GH Lewis,C de Lange,L Paul,0,0,0
Ireland,3,GH Lewis,C de Lange,L Paul,1,0,1
Ireland,3,L Paul,C de Lange,GH Lewis,0,0,0
Ireland,4,GH Lewis,AS van Beuge,L Paul,0,0,0
Ireland,4,GH Lewis,AS van Beuge,L Paul,0,0,0
Ireland,4,GH Lewis,AS van Beuge,L Paul,6,0,6
Ireland,4,GH Lewis,AS van Beuge,L Paul,0,0,0
Ireland,4,L Paul,AS van Beuge,SM Kavanagh,0,0,0
Ireland,4,L Paul,AS van Beuge,SM Kavanagh,0,0,0
Ireland,5,SM Kavanagh,EN Lynch,L Paul,0,0,0
Ireland,5,SM Kavanagh,EN Lynch,L Paul,0,0,0
Ireland,5,SM Kavanagh,EN Lynch,L Paul,0,1,1
Ireland,5,L Paul,EN Lynch,SM Kavanagh,0,3,3
Ireland,5,L Paul,EN Lynch,SM Kavanagh,0,3,3
Ireland,5,L Paul,EN Lynch,SM Kavanagh,0,0,0
Ireland,5,L Paul,EN Lynch,SM Kavanagh,1,0,1
Ireland,5,SM Kavanagh,EN Lynch,L Paul,0,0,0
Ireland,6,L Paul,AS van Beuge,SM Kavanagh,0,1,1
Ireland,6,SM Kavanagh,AS van Beuge,L Paul,1,0,1
Ireland,6,L Paul,AS van Beuge,SM Kavanagh,0,0,0
Ireland,6,L Paul,AS van Beuge,SM Kavanagh,1,0,1
Ireland,6,SM Kavanagh,AS van Beuge,L Paul,1,0,1
Ireland,6,L Paul,AS van Beuge,SM Kavanagh,1,0,1
Ireland,7,L Paul,EN Lynch,SM Kavanagh,1,0,1
Ireland,7,SM Kavanagh,EN Lynch,L Paul,0,0,0
Ireland,7,L Paul,EN Lynch,L Delany,0,0,0
Ireland,7,L Paul,EN Lynch,L Delany,1,0,1
Ireland,7,L Delany,EN Lynch,L Paul,0,0,0
Ireland,7,L Delany,EN Lynch,L Paul,1,0,1
Ireland,8,L Delany,AS van Beuge,L Paul,0,0,0
Ireland,8,L Delany,AS van Beuge,L Paul,0,0,0
Ireland,8,EAJ Richardson,AS van Beuge,L Paul,1,0,1
Ireland,8,L Paul,AS van Beuge,EAJ Richardson,1,0,1
Ireland,8,EAJ Richardson,AS van Beuge,L Paul,4,0,4
Ireland,8,EAJ Richardson,AS van Beuge,L Paul,0,0,0
Ireland,9,L Paul,EN Lynch,EAJ Richardson,0,1,1
Ireland,9,EAJ Richardson,EN Lynch,L Paul,0,1,1
Ireland,9,EAJ Richardson,EN Lynch,L Paul,0,0,0
Ireland,9,EAJ Richardson,EN Lynch,L Paul,1,0,1
Ireland,9,L Paul,EN Lynch,EAJ Richardson,1,0,1
Ireland,9,EAJ Richardson,EN Lynch,L Paul,4,0,4
Ireland,9,EAJ Richardson,EN Lynch,L Paul,1,0,1
Ireland,10,EAJ Richardson,AS van Beuge,L Paul,0,0,0
Ireland,10,EAJ Richardson,AS van Beuge,L Paul,1,0,1
Ireland,10,L Paul,AS van Beuge,EAJ Richardson,0,0,0
Ireland,10,L Paul,AS van Beuge,EAJ Richardson,1,0,1
Ireland,10,EAJ Richardson,AS van Beuge,L Paul,1,0,1
Ireland,10,L Paul,AS van Beuge,EAJ Richardson,0,0,0
Ireland,11,EAJ Richardson,S Siegers,L Paul,4,0,4
Ireland,11,EAJ Richardson,S Siegers,L Paul,0,0,0
Ireland,11,EAJ Richardson,S Siegers,L Paul,0,0,0
Ireland,11,EAJ Richardson,S Siegers,L Paul,1,0,1
Ireland,11,L Paul,S Siegers,EAJ Richardson,2,0,2
Ireland,11,L Paul,S Siegers,EAJ Richardson,0,1,1
Ireland,11,L Paul,S Siegers,EAJ Richardson,1,0,1
Ireland,12,L Paul,F Overdijk,EAJ Richardson,1,0,1
Ireland,12,EAJ Richardson,F Overdijk,L Paul,4,0,4
Ireland,12,EAJ Richardson,F Overdijk,L Paul,1,0,1
Ireland,12,L Paul,F Overdijk,EAJ Richardson,4,0,4
Ireland,12,L Paul,F Overdijk,EAJ Richardson,1,0,1
Ireland,12,EAJ Richardson,F Overdijk,L Paul,0,3,3
Ireland,12,EAJ Richardson,F Overdijk,L Paul,4,0,4
Ireland,13,L Paul,S Siegers,EAJ Richardson,2,0,2
Ireland,13,L Paul,S Siegers,EAJ Richardson,1,0,1
Ireland,13,EAJ Richardson,S Siegers,L Paul,4,1,5
Ireland,13,EAJ Richardson,S Siegers,L Paul,0,2,2
Ireland,13,L Paul,S Siegers,EAJ Richardson,0,0,0
Ireland,13,L Paul,S Siegers,EAJ Richardson,0,0,0
Ireland,13,L Paul,S Siegers,EAJ Richardson,0,0,0
Ireland,13,L Paul,S Siegers,EAJ Richardson,1,0,1
Ireland,14,L Paul,F Overdijk,EAJ Richardson,1,0,1
Ireland,14,EAJ Richardson,F Overdijk,L Paul,0,0,0
Ireland,14,EAJ Richardson,F Overdijk,L Paul,2,0,2
Ireland,14,EAJ Richardson,F Overdijk,L Paul,4,0,4
Ireland,14,EAJ Richardson,F Overdijk,L Paul,0,0,0
Ireland,14,EAJ Richardson,F Overdijk,L Paul,2,0,2
Ireland,15,L Paul,S Siegers,EAJ Richardson,0,1,1
Ireland,15,EAJ Richardson,S Siegers,L Paul,2,0,2
Ireland,15,EAJ Richardson,S Siegers,L Paul,0,0,0
Ireland,15,EAJ Richardson,S Siegers,L Paul,4,0,4
Ireland,15,EAJ Richardson,S Siegers,L Paul,0,0,0
Ireland,15,EAJ Richardson,S Siegers,L Paul,1,0,1
Ireland,16,EAJ Richardson,IJR Zwilling,L Paul,0,1,1
Ireland,16,EAJ Richardson,IJR Zwilling,L Paul,0,0,0
Ireland,16,EAJ Richardson,IJR Zwilling,L Paul,0,0,0
Ireland,16,EAJ Richardson,IJR Zwilling,L Paul,1,0,1
Ireland,16,L Paul,IJR Zwilling,EAJ Richardson,0,1,1
Ireland,16,MV Waldron,IJR Zwilling,EAJ Richardson,0,0,0
Ireland,16,MV Waldron,IJR Zwilling,EAJ Richardson,0,0,0
Ireland,16,MV Waldron,IJR Zwilling,EAJ Richardson,1,0,1
Ireland,17,MV Waldron,C de Lange,EAJ Richardson,0,0,0
Ireland,17,MV Waldron,C de Lange,EAJ Richardson,0,0,0
Ireland,17,MV Waldron,C de Lange,EAJ Richardson,1,0,1
Ireland,17,EAJ Richardson,C de Lange,MV Waldron,0,0,0
Ireland,17,EAJ Richardson,C de Lange,MV Waldron,0,0,0
Ireland,17,EAJ Richardson,C de Lange,MV Waldron,0,0,0
Ireland,18,MV Waldron,IJR Zwilling,EAJ Richardson,4,0,4
Ireland,18,MV Waldron,IJR Zwilling,EAJ Richardson,4,0,4
Ireland,18,MV Waldron,IJR Zwilling,EAJ Richardson,1,0,1
Ireland,18,EAJ Richardson,IJR Zwilling,MV Waldron,4,0,4
Ireland,18,EAJ Richardson,IJR Zwilling,MV Waldron,1,0,1
Ireland,18,MV Waldron,IJR Zwilling,EAJ Richardson,2,0,2
Ireland,19,EAJ Richardson,C de Lange,MV Waldron,4,0,4
Ireland,19,EAJ Richardson,C de Lange,MV Waldron,4,0,4
Ireland,19,EAJ Richardson,C de Lange,MV Waldron,1,0,1
Ireland,19,MV Waldron,C de Lange,EAJ Richardson,0,0,0
Ireland,19,MV Waldron,C de Lange,EAJ Richardson,1,0,1
Ireland,19,EAJ Richardson,C de Lange,MV Waldron,2,0,2
Netherlands,0,B de Leede,O Prendergast,R Rijke,0,0,0
Netherlands,0,B de Leede,O Prendergast,R Rijke,0,1,1
Netherlands,0,R Rijke,O Prendergast,B de Leede,0,0,0
Netherlands,0,R Rijke,O Prendergast,B de Leede,0,0,0
Netherlands,0,R Rijke,O Prendergast,B de Leede,0,0,0
Netherlands,0,R Rijke,O Prendergast,B de Leede,0,0,0
Netherlands,1,B de Leede,H Little,R Rijke,1,0,1
Netherlands,1,R Rijke,H Little,B de Leede,0,0,0
Netherlands,1,R Rijke,H Little,B de Leede,1,0,1
Netherlands,1,B de Leede,H Little,R Rijke,0,1,1
Netherlands,1,B de Leede,H Little,R Rijke,1,0,1
Netherlands,1,R Rijke,H Little,B de Leede,0,0,0
Netherlands,1,R Rijke,H Little,B de Leede,0,0,0
Netherlands,1,R Rijke,H Little,B de Leede,1,0,1
Netherlands,2,R Rijke,O Prendergast,B de Leede,0,1,1
Netherlands,2,R Rijke,O Prendergast,B de Leede,0,0,0
Netherlands,2,R Rijke,O Prendergast,B de Leede,1,0,1
Netherlands,2,B de Leede,O Prendergast,R Rijke,4,0,4
Netherlands,2,B de Leede,O Prendergast,R Rijke,4,0,4
Netherlands,2,B de Leede,O Prendergast,R Rijke,0,0,0
Netherlands,2,B de Leede,O Prendergast,R Rijke,0,0,0
Netherlands,3,R Rijke,EAJ Richardson,B de Leede,0,0,0
Netherlands,3,FEM Van Arkel,EAJ Richardson,B de Leede,1,0,1
Netherlands,3,B de Leede,EAJ Richardson,FEM Van Arkel,1,0,1
Netherlands,3,FEM Van Arkel,EAJ Richardson,B de Leede,0,0,0
Netherlands,3,FEM Van Arkel,EAJ Richardson,B de Leede,0,0,0
Netherlands,3,FEM Van Arkel,EAJ Richardson,B de Leede,0,0,0
Netherlands,4,B de Leede,L Little,FEM Van Arkel,0,0,0
Netherlands,4,B de Leede,L Little,FEM Van Arkel,0,0,0
Netherlands,4,B de Leede,L Little,FEM Van Arkel,1,0,1
Netherlands,4,FEM Van Arkel,L Little,B de Leede,0,0,0
Netherlands,4,FEM Van Arkel,L Little,B de Leede,0,0,0
Netherlands,4,FEM Van Arkel,L Little,B de Leede,1,0,1
Netherlands,5,FEM Van Arkel,EAJ Richardson,B de Leede,0,0,0
Netherlands,5,FEM Van Arkel,EAJ Richardson,B de Leede,0,0,0
Netherlands,5,FEM Van Arkel,EAJ Richardson,B de Leede,1,0,1
Netherlands,5,B de Leede,EAJ Richardson,FEM Van Arkel,1,0,1
Netherlands,5,FEM Van Arkel,EAJ Richardson,B de Leede,0,1,1
Netherlands,5,B de Leede,EAJ Richardson,FEM Van Arkel,1,0,1
Netherlands,6,B de Leede,L Little,FEM Van Arkel,1,0,1
Netherlands,6,FEM Van Arkel,L Little,B de Leede,0,1,1
Netherlands,6,B de Leede,L Little,FEM Van Arkel,0,1,1
Netherlands,6,B de Leede,L Little,FEM Van Arkel,2,0,2
Netherlands,6,B de Leede,L Little,FEM Van Arkel,0,0,0
Netherlands,6,B de Leede,L Little,FEM Van Arkel,0,0,0
Netherlands,6,B de Leede,L Little,FEM Van Arkel,0,0,0
Netherlands,7,FEM Van Arkel,C Raack,B de Leede,0,0,0
Netherlands,7,J Post,C Raack,B de Leede,0,0,0
Netherlands,7,J Post,C Raack,B de Leede,0,0,0
Netherlands,7,J Post,C Raack,B de Leede,0,0,0
Netherlands,7,J Post,C Raack,B de Leede,0,0,0
Netherlands,7,J Post,C Raack,B de Leede,0,0,0
Netherlands,8,B de Leede,L Delany,J Post,0,0,0
Netherlands,8,B de Leede,L Delany,J Post,2,0,2
Netherlands,8,B de Leede,L Delany,J Post,0,0,0
Netherlands,8,B de Leede,L Delany,J Post,4,0,4
Netherlands,8,B de Leede,L Delany,J Post,1,0,1
Netherlands,8,J Post,L Delany,B de Leede,1,0,1
Netherlands,9,J Post,C Raack,B de Leede,1,0,1
Netherlands,9,B de Leede,C Raack,J Post,0,0,0
Netherlands,9,B de Leede,C Raack,J Post,1,0,1
Netherlands,9,J Post,C Raack,B de Leede,1,0,1
Netherlands,9,B de Leede,C Raack,J Post,0,0,0
Netherlands,9,B de Leede,C Raack,J Post,1,0,1
Netherlands,10,B de Leede,L Delany,J Post,4,0,4
Netherlands,10,B de Leede,L Delany,J Post,0,0,0
Netherlands,10,B de Leede,L Delany,J Post,0,0,0
Netherlands,10,B de Leede,L Delany,J Post,2,0,2
Netherlands,10,B de Leede,L Delany,J Post,1,0,1
Netherlands,10,J Post,L Delany,B de Leede,1,0,1
Netherlands,11,J Post,C Raack,B de Leede,1,0,1
Netherlands,11,B de Leede,C Raack,J Post,1,0,1
Netherlands,11,J Post,C Raack,B de Leede,1,0,1
Netherlands,11,B de Leede,C Raack,J Post,1,0,1
Netherlands,11,J Post,C Raack,B de Leede,0,0,0
Netherlands,11,J Post,C Raack,B de Leede,0,0,0
Netherlands,12,B de Leede,S MacMahon,J Post,0,0,0
Netherlands,12,B de Leede,S MacMahon,J Post,1,0,1
Netherlands,12,J Post,S MacMahon,B de Leede,0,0,0
Netherlands,12,J Post,S MacMahon,B de Leede,0,0,0
Netherlands,12,J Post,S MacMahon,B de Leede,1,0,1
Netherlands,12,B de Leede,S MacMahon,J Post,2,0,2
Netherlands,13,J Post,EAJ Richardson,B de Leede,1,0,1
Netherlands,13,B de Leede,EAJ Richardson,J Post,1,0,1
Netherlands,13,J Post,EAJ Richardson,B de Leede,1,0,1
Netherlands,13,B de Leede,EAJ Richardson,J Post,1,0,1
Netherlands,13,J Post,EAJ Richardson,B de Leede,1,0,1
Netherlands,13,B de Leede,EAJ Richardson,J Post,1,0,1
Netherlands,14,B de Leede,S MacMahon,J Post,0,0,0
Netherlands,14,B de Leede,S MacMahon,J Post,1,0,1
Netherlands,14,J Post,S MacMahon,B de Leede,0,0,0
Netherlands,14,J Post,S MacMahon,B de Leede,4,0,4
Netherlands,14,J Post,S MacMahon,B de Leede,0,0,0
Netherlands,14,J Post,S MacMahon,B de Leede,4,0,4
Netherlands,15,B de Leede,O Prendergast,J Post,1,0,1
Netherlands,15,J Post,O Prendergast,B de Leede,0,0,0
Netherlands,15,AH Thomson,O Prendergast,B de Leede,0,0,0
Netherlands,15,AH Thomson,O Prendergast,B de Leede,0,0,0
Netherlands,15,AH Thomson,O Prendergast,B de Leede,0,0,0
Netherlands,15,AH Thomson,O Prendergast,B de Leede,0,0,0
Netherlands,16,B de Leede,H Little,AH Thomson,0,1,1
Netherlands,16,B de Leede,H Little,AH Thomson,0,0,0
Netherlands,16,B de Leede,H Little,AH Thomson,4,0,4
Netherlands,16,B de Leede,H Little,AH Thomson,1,0,1
Netherlands,16,AH Thomson,H Little,B de Leede,0,0,0
Netherlands,16,AH Thomson,H Little,B de Leede,1,0,1
Netherlands,16,B de Leede,H Little,AH Thomson,1,0,1
Netherlands,17,B de Leede,O Prendergast,AH Thomson,0,0,0
Netherlands,17,B de Leede,O Prendergast,AH Thomson,1,0,1
Netherlands,17,AH Thomson,O Prendergast,B de Leede,2,0,2
Netherlands,17,AH Thomson,O Prendergast,B de Leede,1,0,1
Netherlands,17,B de Leede,O Prendergast,AH Thomson,0,0,0
Netherlands,17,AS van Beuge,O Prendergast,AH Thomson,0,0,0
Netherlands,18,AH Thomson,C Raack,AS van Beuge,0,0,0
Netherlands,18,AH Thomson,C Raack,AS van Beuge,1,0,1
Netherlands,18,AS van Beuge,C Raack,AH Thomson,1,0,1
Netherlands,18,AH Thomson,C Raack,AS van Beuge,0,0,0
Netherlands,18,EN Lynch,C Raack,AS van Beuge,1,0,1
Netherlands,18,AS van Beuge,C Raack,EN Lynch,0,0,0
Netherlands,19,AS van Beuge,EAJ Richardson,IJR Zwilling,0,0,0
Netherlands,19,AS van Beuge,EAJ Richardson,IJR Zwilling,1,0,1
Netherlands,19,IJR Zwilling,EAJ Richardson,AS van Beuge,0,0,0
Netherlands,19,IJR Zwilling,EAJ Richardson,AS van Beuge,0,0,0
Netherlands,19,AS van Beuge,EAJ Richardson,C de Lange,0,0,0
Netherlands,19,AS van Beuge,EAJ Richardson,C de Lange,1,0,1
