,gender
0,male
1,male
2,male
3,male
4,male
5,male
6,male
7,male
8,male
9,male
10,male
11,male
12,male
13,male
14,male
15,male
16,male
17,male
18,male
19,male
20,male
21,male
22,male
23,female
24,female
25,female
26,female
27,male
28,male
29,male
30,female
31,female
32,male
33,male
34,male
35,male
36,male
37,male
38,male
39,male
40,male
41,male
42,male
43,male
44,male
45,male
46,male
47,male
48,male
49,male
50,male
51,male
52,male
53,male
54,male
55,male
56,male
57,male
58,male
59,male
60,male
61,male
62,female
63,female
64,female
65,male
66,male
67,male
68,male
69,male
70,male
71,male
72,male
73,male
74,male
75,male
76,male
77,male
78,male
79,male
80,male
81,male
82,male
83,male
84,male
85,male
86,male
87,male
88,male
89,male
90,male
91,male
92,male
93,male
94,male
95,male
96,male
97,male
98,male
99,male
100,female
101,female
102,female
103,female
104,female
105,female
106,female
107,female
108,female
109,female
110,female
111,female
112,female
113,female
114,female
115,female
116,male
117,male
118,male
119,male
120,female
121,female
122,female
123,female
124,female
125,female
126,female
127,male
128,male
129,male
130,male
131,male
132,male
133,male
134,male
135,male
136,female
137,female
138,female
139,female
140,female
141,female
142,male
143,male
144,male
145,male
146,male
147,male
148,male
149,male
150,male
151,male
152,male
153,male
154,male
155,male
156,male
157,male
158,male
159,male
160,male
161,male
162,male
163,male
164,male
165,male
166,male
167,male
168,male
169,male
170,male
171,male
172,female
173,female
174,female
175,female
176,female
177,male
178,male
179,male
180,male
181,female
182,female
183,female
184,female
185,male
186,male
187,male
188,male
189,male
190,male
191,female
192,female
193,female
194,female
195,female
196,female
197,female
198,female
199,female
200,female
201,female
202,female
203,female
204,female
205,female
206,female
207,female
208,female
209,female
210,female
211,female
212,female
213,female
214,female
215,female
216,female
217,female
218,female
219,female
220,female
221,female
222,female
223,female
224,female
225,male
226,male
227,female
228,female
229,female
230,female
231,female
232,female
233,female
234,female
235,female
236,female
237,female
238,female
239,female
240,female
241,female
242,female
243,female
244,female
245,female
246,female
247,female
248,female
249,male
250,male
251,male
252,male
253,male
254,male
255,male
256,male
257,female
258,female
259,female
260,female
261,female
262,female
263,male
264,male
265,male
266,male
267,male
268,male
269,female
270,female
271,female
272,female
273,male
274,male
275,male
276,male
277,male
278,male
279,female
280,female
281,female
282,female
283,female
284,female
285,female
286,female
287,female
288,female
289,female
290,female
291,female
292,female
293,female
294,female
295,male
296,female
297,female
298,female
299,female
300,male
301,male
302,male
303,female
304,female
305,male
306,male
307,male
308,male
309,male
310,male
311,male
312,female
313,female
314,female
315,female
316,female
317,female
318,male
319,male
320,male
321,male
322,male
323,male
324,female
325,female
326,female
327,female
328,female
329,female
330,female
331,female
332,female
333,female
334,female
335,female
336,female
337,female
338,female
339,female
340,female
341,female
342,female
343,female
344,female
345,female
346,female
347,female
348,female
349,female
350,female
351,female
352,female
353,female
354,female
355,female
356,female
357,female
358,female
359,female
360,female
361,female
362,female
363,female
364,female
365,female
366,female
367,female
368,male
369,male
370,male
371,male
372,male
373,male
374,female
375,female
376,female
377,female
378,female
379,male
380,male
381,male
382,female
383,female
384,female
385,female
386,female
387,female
388,female
389,female
390,female
391,female
392,female
393,female
394,female
395,female
396,female
397,female
398,female
399,female
400,female
401,female
402,female
403,female
404,female
405,female
406,female
407,female
408,female
409,female
410,female
411,female
412,male
413,male
414,male
415,male
416,male
417,male
418,female
419,female
420,female
421,female
422,female
423,female
424,female
425,female
426,female
427,male
428,male
429,male
430,male
431,male
432,male
433,male
434,male
435,male
436,female
437,female
438,female
439,male
440,male
441,male
442,male
443,male
444,male
445,male
446,male
447,male
448,male
449,male
450,male
451,male
452,male
453,male
454,male
455,male
456,male
457,male
458,male
459,male
460,male
461,male
462,male
463,male
464,male
465,male
466,male
467,male
468,male
469,male
470,male
471,male
472,male
473,male
474,male
475,male
476,male
477,male
478,male
479,female
480,female
481,female
482,female
483,male
484,male
485,male
486,male
487,male
488,female
489,female
490,female
491,male
492,male
493,female
494,female
495,female
496,female
497,female
498,female
499,female
500,female
501,female
502,female
503,female
504,female
505,female
506,female
507,male
508,male
509,male
510,male
511,male
512,male
513,male
514,male
515,male
516,male
517,male
518,male
519,male
520,male
521,male
522,male
523,male
524,male
525,male
526,female
527,female
528,female
529,female
530,female
531,female
532,female
533,female
534,female
535,female
536,female
537,female
538,female
539,female
540,female
541,female
542,female
543,female
544,male
545,male
546,male
547,male
548,male
549,male
550,female
551,female
552,female
553,female
554,female
555,male
556,male
557,male
558,male
559,male
560,male
561,male
562,male
563,male
564,male
565,male
566,male
567,male
568,male
569,male
570,male
571,male
572,male
573,male
574,male
575,male
576,male
577,male
578,male
579,female
580,female
581,female
582,male
583,male
584,male
585,male
586,male
587,male
588,female
589,female
590,female
591,female
592,female
593,female
594,male
595,male
596,male
597,male
598,male
599,male
600,male
601,male
602,male
603,male
604,male
605,male
606,male
607,male
608,male
609,male
610,male
611,male
612,male
613,male
614,male
615,male
616,male
617,male
618,male
619,male
620,male
621,male
622,male
623,male
624,male
625,male
626,male
627,male
628,male
629,male
630,male
631,male
632,male
633,male
634,male
635,male
636,male
637,male
638,male
639,male
640,male
641,male
642,male
643,male
644,male
645,male
646,male
647,male
648,male
649,male
650,male
651,male
652,male
653,male
654,male
655,male
656,male
657,male
658,male
659,male
660,male
661,male
662,male
663,male
664,male
665,male
666,male
667,male
668,male
669,female
670,female
671,female
672,female
673,female
674,female
675,male
676,male
677,male
678,female
679,male
680,male
681,female
682,female
683,female
684,male
685,male
686,male
687,male
688,female
689,female
690,female
691,female
692,male
693,male
694,male
695,male
696,male
697,male
698,female
699,female
700,female
701,female
702,male
703,male
704,male
705,male
706,male
707,male
708,male
709,male
710,male
711,male
712,male
713,male
714,male
715,male
716,male
717,male
718,male
719,male
720,male
721,male
722,male
723,male
724,male
725,female
726,female
727,female
728,male
729,male
730,male
731,female
732,female
733,female
734,female
735,female
736,male
737,male
738,male
739,male
740,female
741,female
742,female
743,female
744,female
745,male
746,male
747,male
748,male
749,male
750,male
751,male
752,male
753,male
754,male
755,male
756,male
757,male
758,male
759,male
760,male
761,male
762,male
763,male
764,male
765,male
766,male
767,male
768,male
769,male
770,male
771,male
772,male
773,male
774,male
775,male
776,male
777,male
778,male
779,female
780,female
781,female
782,male
783,male
784,male
785,female
786,female
787,female
788,female
789,female
790,female
791,male
792,male
793,male
794,male
795,male
796,male
797,male
798,male
799,male
800,male
801,male
802,male
803,male
804,female
805,female
806,female
807,male
808,male
809,male
810,male
811,male
812,male
813,male
814,male
815,male
816,male
817,male
818,male
819,male
820,male
821,male
822,male
823,male
824,male
825,female
826,female
827,female
828,female
829,female
830,female
831,male
832,male
833,male
834,female
835,female
836,female
837,female
838,male
839,male
840,male
841,male
842,male
843,male
844,male
845,male
846,male
847,male
848,male
849,male
850,male
851,male
852,male
853,male
854,male
855,male
856,male
857,female
858,female
859,female
860,female
861,female
862,male
863,male
864,male
865,male
866,male
867,female
868,female
869,female
870,female
871,female
872,female
873,female
874,female
875,female
876,female
877,female
878,female
879,male
880,male
881,male
882,male
883,male
884,male
885,female
886,female
887,female
888,male
889,male
890,male
891,male
892,male
893,male
894,male
895,male
896,female
897,female
898,female
899,female
900,female
901,female
902,male
903,male
904,male
905,male
906,male
907,male
908,male
909,male
910,male
911,male
912,male
913,male
914,male
915,male
916,male
917,male
918,male
919,male
920,male
921,male
922,male
923,male
924,male
925,male
926,male
927,female
928,female
929,female
930,male
931,male
932,male
933,male
934,male
935,male
936,male
937,male
938,male
939,male
940,male
941,male
942,male
943,male
944,male
945,male
946,male
947,female
948,female
949,female
950,male
951,male
952,male
953,male
954,male
955,male
956,male
957,male
958,male
959,male
960,male
961,male
962,male
963,male
964,male
965,male
966,male
967,male
968,male
969,male
970,male
971,male
972,male
973,male
974,male
975,male
976,male
977,male
978,male
979,male
980,male
981,male
982,male
983,male
984,male
985,male
986,male
987,male
988,male
989,male
990,male
991,male
992,male
993,male
994,male
995,female
996,female
997,female
998,female
999,female
1000,female
1001,female
1002,female
1003,female
1004,female
1005,male
1006,male
1007,male
1008,male
1009,male
1010,male
1011,male
1012,male
1013,male
1014,male
1015,male
1016,female
1017,female
1018,female
1019,female
1020,female
1021,female
1022,female
1023,female
1024,female
1025,female
1026,female
1027,female
1028,female
1029,female
1030,female
1031,female
1032,female
1033,female
1034,female
1035,female
1036,female
1037,female
1038,female
1039,female
1040,female
1041,male
1042,male
1043,male
1044,male
1045,male
1046,male
1047,male
1048,male
1049,male
1050,male
1051,male
1052,male
1053,male
1054,male
1055,male
1056,male
1057,male
1058,male
1059,male
1060,male
1061,male
1062,male
1063,male
1064,male
1065,male
1066,male
1067,male
1068,male
1069,male
1070,male
1071,male
1072,male
1073,male
1074,male
1075,male
1076,male
1077,male
1078,male
1079,male
1080,male
1081,male
1082,male
1083,male
1084,male
1085,male
1086,male
1087,male
1088,male
1089,male
1090,male
1091,male
1092,male
1093,male
1094,male
1095,male
1096,male
1097,male
1098,male
1099,male
1100,male
1101,male
1102,male
1103,male
1104,male
1105,female
1106,female
1107,female
1108,male
1109,male
1110,male
1111,male
1112,male
1113,male
1114,male
1115,male
1116,male
1117,male
1118,male
1119,male
1120,male
1121,male
1122,male
1123,male
1124,male
1125,male
1126,male
1127,male
1128,male
1129,male
1130,male
1131,male
1132,male
1133,male
1134,male
1135,male
1136,male
1137,male
1138,male
1139,male
1140,male
1141,male
1142,male
1143,male
1144,male
1145,male
1146,male
1147,male
1148,male
1149,male
1150,male
1151,male
1152,male
1153,male
1154,male
1155,male
1156,male
1157,male
1158,male
1159,male
1160,male
1161,male
1162,male
1163,male
1164,male
1165,male
1166,female
1167,female
1168,female
1169,female
1170,female
1171,female
1172,female
1173,female
1174,female
1175,female
1176,female
1177,female
1178,female
1179,female
1180,male
1181,male
1182,male
1183,male
1184,female
1185,male
1186,male
1187,male
1188,male
1189,male
1190,male
1191,male
1192,male
1193,male
1194,male
1195,male
1196,male
1197,female
1198,female
1199,female
1200,female
1201,female
1202,female
1203,female
1204,female
1205,female
1206,female
1207,female
1208,female
1209,female
1210,female
1211,female
1212,female
1213,female
1214,female
1215,female
1216,male
1217,male
1218,female
1219,female
1220,female
1221,female
1222,female
1223,female
1224,female
1225,female
1226,female
1227,female
1228,male
1229,male
1230,male
1231,male
1232,male
1233,male
1234,male
1235,male
1236,male
1237,male
1238,male
1239,male
1240,male
1241,male
1242,male
1243,male
1244,male
1245,male
1246,male
1247,male
1248,male
1249,male
1250,male
1251,male
1252,male
1253,male
1254,male
1255,male
1256,male
1257,male
1258,male
1259,male
1260,male
1261,male
1262,male
1263,male
1264,male
1265,male
1266,male
1267,male
1268,male
1269,male
1270,male
1271,male
1272,male
1273,male
1274,male
1275,male
1276,male
1277,male
1278,male
1279,male
1280,male
1281,male
1282,male
1283,male
1284,male
1285,male
1286,male
1287,male
1288,male
1289,male
1290,male
1291,male
1292,male
1293,male
1294,male
1295,male
1296,male
1297,male
1298,female
1299,female
1300,female
1301,female
1302,female
1303,female
1304,male
1305,male
1306,male
1307,male
1308,male
1309,male
1310,male
1311,male
1312,male
1313,male
1314,male
1315,male
1316,male
1317,male
1318,female
1319,female
1320,female
1321,female
1322,female
1323,female
1324,female
1325,female
1326,female
1327,female
1328,female
1329,female
1330,female
1331,female
1332,male
1333,male
1334,male
1335,male
1336,male
1337,male
1338,male
1339,male
1340,male
1341,male
1342,female
1343,female
1344,female
1345,male
1346,male
1347,male
1348,male
1349,male
1350,male
1351,male
1352,male
1353,male
1354,male
1355,male
1356,male
1357,male
1358,male
1359,male
1360,male
1361,male
1362,male
1363,male
1364,male
1365,male
1366,male
1367,male
1368,male
1369,male
1370,male
1371,male
1372,male
1373,male
1374,male
1375,male
1376,female
1377,female
1378,female
1379,female
1380,female
1381,female
1382,female
1383,female
1384,female
1385,female
1386,male
1387,male
1388,male
1389,male
1390,male
1391,male
1392,male
1393,male
1394,male
1395,male
1396,female
1397,female
1398,female
1399,female
1400,female
1401,female
1402,female
1403,female
1404,female
1405,female
1406,female
1407,female
1408,female
1409,female
1410,female
1411,male
1412,male
1413,male
1414,male
1415,male
1416,male
1417,male
1418,male
1419,male
1420,male
1421,male
1422,male
1423,female
1424,female
1425,female
1426,female
1427,female
1428,male
1429,male
1430,male
1431,male
1432,male
1433,male
1434,male
1435,male
1436,male
1437,male
1438,male
1439,male
1440,male
1441,male
1442,female
1443,female
1444,female
1445,female
1446,female
1447,female
1448,female
1449,female
1450,female
1451,female
1452,female
1453,female
1454,female
1455,female
1456,female
1457,female
1458,female
1459,female
1460,female
1461,female
1462,female
1463,female
1464,female
1465,female
1466,female
1467,female
1468,female
1469,female
1470,female
1471,female
1472,female
1473,female
1474,female
1475,female
1476,female
1477,female
1478,female
1479,female
1480,female
1481,female
1482,female
1483,male
1484,male
1485,male
1486,male
1487,male
1488,male
1489,male
1490,male
1491,male
1492,male
1493,male
1494,male
1495,male
1496,male
1497,male
1498,female
1499,male
1500,male
1501,male
1502,male
1503,male
1504,male
1505,male
1506,male
1507,male
1508,male
1509,male
1510,male
1511,male
1512,male
1513,male
1514,male
1515,male
1516,male
1517,male
1518,male
1519,male
1520,male
1521,male
1522,male
1523,male
1524,male
1525,male
1526,male
1527,male
1528,male
1529,male
1530,male
1531,male
1532,male
1533,male
1534,male
1535,male
1536,male
1537,male
1538,male
1539,male
1540,male
1541,male
1542,male
1543,male
1544,male
1545,male
1546,male
1547,male
1548,male
1549,male
1550,male
1551,male
1552,female
1553,female
1554,female
1555,male
1556,male
1557,male
1558,male
1559,male
1560,male
1561,male
1562,male
1563,male
1564,male
1565,male
1566,male
1567,male
1568,male
1569,male
1570,male
1571,male
1572,male
1573,male
1574,male
1575,male
1576,male
1577,male
1578,male
1579,male
1580,male
1581,male
1582,male
1583,male
1584,male
1585,male
1586,female
1587,female
1588,female
1589,female
1590,male
1591,male
1592,male
1593,male
1594,male
1595,male
1596,male
1597,male
1598,male
1599,male
1600,male
1601,male
1602,male
1603,male
1604,male
1605,male
1606,male
1607,male
1608,male
1609,male
1610,male
1611,male
1612,male
1613,male
1614,male
1615,male
1616,male
1617,male
1618,male
1619,male
1620,male
1621,male
1622,male
1623,male
1624,male
1625,male
1626,male
1627,male
1628,male
1629,male
1630,male
1631,male
1632,male
1633,male
1634,male
1635,male
1636,male
1637,male
1638,male
1639,male
1640,male
1641,male
1642,male
1643,male
1644,male
1645,male
1646,male
1647,female
1648,female
1649,female
1650,female
1651,female
1652,female
1653,female
1654,female
1655,female
1656,female
1657,female
1658,female
1659,female
1660,female
1661,female
1662,female
1663,female
1664,female
1665,female
1666,female
1667,female
1668,female
1669,female
1670,male
1671,male
1672,male
1673,male
1674,male
1675,male
1676,male
1677,male
1678,male
1679,male
1680,male
1681,male
1682,male
1683,male
1684,male
1685,male
1686,male
1687,male
1688,male
1689,male
1690,male
1691,male
1692,male
1693,male
1694,female
1695,female
1696,female
1697,female
1698,female
1699,female
1700,female
1701,female
1702,female
1703,female
1704,female
1705,female
1706,female
1707,female
1708,female
1709,female
1710,female
1711,female
1712,female
1713,female
1714,female
1715,female
1716,female
1717,female
1718,female
1719,female
1720,female
1721,female
1722,male
1723,male
1724,male
1725,male
1726,male
1727,male
1728,female
1729,female
1730,female
1731,female
1732,female
1733,female
1734,male
1735,male
1736,male
1737,male
1738,male
1739,female
1740,female
1741,female
1742,female
1743,female
1744,female
1745,female
1746,female
1747,female
1748,female
1749,female
1750,female
1751,female
1752,female
1753,female
1754,female
1755,female
1756,female
1757,female
1758,female
1759,female
1760,female
1761,female
1762,female
1763,female
1764,female
1765,female
1766,male
1767,male
1768,male
1769,male
1770,male
1771,male
1772,female
1773,female
1774,male
1775,male
1776,male
1777,male
1778,male
1779,male
1780,male
1781,male
1782,male
1783,male
1784,male
1785,male
1786,male
1787,male
1788,male
1789,male
1790,male
1791,male
1792,male
1793,male
1794,male
1795,male
1796,male
1797,male
1798,male
1799,male
1800,male
1801,male
1802,male
1803,male
1804,male
1805,male
1806,male
1807,male
1808,male
1809,male
1810,male
1811,male
1812,male
1813,male
1814,male
1815,male
1816,male
1817,male
1818,male
1819,male
1820,male
1821,male
1822,male
1823,male
1824,male
1825,female
1826,female
1827,female
1828,female
1829,female
1830,female
1831,female
1832,female
1833,female
1834,female
1835,female
1836,female
1837,female
1838,female
1839,female
1840,female
1841,female
1842,female
1843,female
1844,male
1845,male
1846,male
1847,male
1848,male
1849,male
1850,male
1851,male
1852,male
1853,male
1854,male
1855,male
1856,male
1857,male
1858,female
1859,female
1860,female
1861,female
1862,female
1863,female
1864,female
1865,female
1866,female
1867,female
1868,male
1869,male
1870,male
1871,male
1872,male
1873,male
1874,male
1875,male
1876,male
1877,male
1878,male
1879,male
1880,male
1881,male
1882,male
1883,male
1884,male
1885,male
1886,male
1887,male
1888,male
1889,male
1890,male
1891,female
1892,female
1893,female
1894,male
1895,male
1896,male
1897,male
1898,male
1899,male
1900,male
1901,male
1902,male
1903,male
1904,male
1905,male
1906,male
1907,male
1908,male
1909,male
1910,male
1911,male
1912,male
1913,male
1914,male
1915,male
1916,male
1917,female
1918,female
1919,female
1920,female
1921,male
1922,male
1923,male
1924,male
1925,male
1926,male
1927,male
1928,male
1929,male
1930,male
1931,male
1932,male
1933,male
1934,male
1935,male
1936,male
1937,male
1938,male
1939,male
1940,male
1941,male
1942,male
1943,male
1944,male
1945,male
1946,male
1947,female
1948,female
1949,female
1950,male
1951,male
1952,male
1953,male
1954,male
1955,male
1956,male
1957,male
1958,male
1959,male
1960,male
1961,male
1962,male
1963,male
1964,male
1965,male
1966,male
1967,male
1968,female
1969,female
1970,female
1971,female
1972,female
1973,female
1974,female
1975,female
1976,female
1977,female
1978,female
1979,female
1980,female
1981,male
1982,male
1983,male
1984,female
1985,female
1986,female
1987,female
1988,female
1989,female
1990,female
1991,female
1992,male
1993,male
1994,male
1995,male
1996,male
1997,female
1998,female
1999,female
2000,female
2001,female
2002,female
2003,female
2004,female
2005,female
2006,female
2007,female
2008,female
2009,female
2010,female
2011,female
2012,female
2013,female
2014,female
2015,female
2016,male
2017,male
2018,male
2019,male
2020,male
2021,male
2022,male
2023,male
2024,male
2025,male
2026,male
2027,male
2028,male
2029,male
2030,male
2031,male
2032,female
2033,female
2034,female
2035,female
2036,male
2037,male
2038,male
2039,male
2040,male
2041,male
2042,male
2043,male
2044,male
2045,male
2046,male
2047,male
2048,male
2049,male
2050,male
2051,male
2052,male
2053,female
2054,female
2055,female
2056,female
2057,female
2058,female
2059,male
2060,male
2061,male
2062,male
2063,male
2064,male
2065,male
2066,male
2067,male
2068,male
2069,male
2070,male
2071,male
2072,male
2073,male
2074,male
2075,male
2076,male
2077,male
2078,male
2079,male
2080,male
2081,male
2082,male
2083,male
2084,male
2085,male
2086,male
2087,male
2088,male
2089,male
2090,male
2091,male
2092,male
2093,male
2094,male
2095,male
2096,male
2097,male
2098,male
2099,female
2100,female
2101,female
2102,female
2103,female
2104,female
2105,male
2106,male
2107,male
2108,male
2109,male
2110,male
2111,male
2112,male
2113,male
2114,male
2115,male
2116,male
2117,male
2118,male
2119,male
2120,male
2121,male
2122,male
2123,male
2124,male
2125,male
2126,male
2127,male
2128,male
2129,female
2130,female
2131,female
2132,female
2133,female
2134,female
2135,female
2136,male
2137,male
2138,male
2139,male
2140,male
2141,male
2142,male
2143,male
2144,male
2145,female
2146,female
2147,female
2148,female
2149,female
2150,female
2151,female
2152,female
2153,female
2154,male
2155,male
2156,male
2157,male
2158,male
2159,male
2160,male
2161,male
2162,male
2163,male
2164,male
2165,male
2166,male
2167,male
2168,male
2169,male
2170,male
2171,male
2172,male
2173,male
2174,male
2175,male
2176,male
2177,male
2178,female
2179,female
2180,female
2181,female
2182,female
2183,female
2184,female
2185,female
2186,female
2187,female
2188,female
2189,female
2190,female
2191,female
2192,female
2193,female
2194,female
2195,female
2196,female
2197,female
2198,female
2199,female
2200,female
2201,female
2202,female
2203,female
2204,female
2205,female
2206,female
2207,female
2208,female
2209,female
2210,female
2211,female
2212,female
2213,female
2214,female
2215,female
2216,female
2217,female
2218,female
2219,female
2220,female
2221,female
2222,female
2223,female
2224,female
2225,female
2226,female
2227,female
2228,female
2229,female
2230,female
2231,female
2232,female
2233,female
2234,female
2235,female
2236,female
2237,female
2238,female
2239,female
2240,female
2241,female
2242,female
2243,female
2244,female
2245,female
2246,female
2247,female
2248,female
2249,female
2250,female
2251,female
2252,female
2253,female
2254,female
2255,female
2256,female
2257,female
2258,female
2259,female
2260,female
2261,female
2262,female
2263,female
2264,female
2265,male
2266,male
2267,male
2268,male
2269,male
2270,male
2271,male
2272,male
2273,female
2274,female
2275,female
2276,female
2277,female
2278,female
2279,male
2280,male
2281,male
2282,male
2283,male
2284,male
2285,male
2286,male
2287,male
2288,male
2289,male
2290,male
2291,male
2292,male
2293,male
2294,male
2295,male
2296,male
2297,male
2298,male
2299,male
2300,male
2301,male
2302,male
2303,male
2304,male
2305,male
2306,female
2307,female
2308,female
2309,female
2310,female
2311,female
2312,male
2313,male
2314,male
2315,male
2316,male
2317,male
2318,male
2319,male
2320,male
2321,male
2322,male
2323,male
2324,male
2325,male
2326,male
2327,male
2328,male
2329,male
2330,male
2331,male
2332,male
2333,male
2334,male
2335,male
2336,male
2337,male
2338,male
2339,male
2340,male
2341,male
2342,male
2343,male
2344,male
2345,male
2346,male
2347,male
2348,male
2349,male
2350,male
2351,male
2352,male
2353,male
2354,male
2355,male
2356,male
2357,male
2358,male
2359,male
2360,male
2361,male
2362,male
2363,male
2364,male
2365,male
2366,male
2367,male
2368,male
2369,male
2370,male
2371,male
2372,male
2373,male
2374,male
2375,male
2376,male
2377,male
2378,male
2379,male
2380,male
2381,male
2382,male
2383,male
2384,male
2385,male
2386,male
2387,male
2388,male
2389,male
2390,female
2391,female
2392,male
2393,male
2394,male
2395,male
2396,male
2397,male
2398,male
2399,male
2400,male
2401,male
2402,male
2403,male
2404,male
2405,male
2406,male
2407,male
2408,male
2409,male
2410,male
2411,male
2412,male
2413,male
2414,male
2415,male
2416,male
2417,male
2418,male
2419,male
2420,male
2421,male
2422,male
2423,male
2424,male
2425,male
2426,male
2427,male
2428,male
2429,male
2430,female
2431,male
2432,male
2433,male
2434,male
2435,male
2436,male
2437,male
2438,male
2439,male
2440,male
2441,male
2442,male
2443,male
2444,male
2445,male
2446,male
2447,male
2448,male
2449,male
2450,male
2451,male
2452,male
2453,male
2454,male
2455,male
2456,male
2457,male
2458,male
2459,male
2460,male
2461,male
2462,male
2463,male
2464,male
2465,male
2466,female
2467,female
2468,female
2469,female
2470,male
2471,male
2472,male
2473,male
2474,male
2475,male
2476,male
2477,male
2478,male
2479,male
2480,male
2481,male
2482,male
2483,male
2484,male
2485,male
2486,male
2487,male
2488,male
2489,male
2490,male
2491,male
2492,male
2493,male
2494,male
2495,male
2496,male
2497,male
2498,male
2499,male
2500,male
2501,male
2502,male
2503,male
2504,male
2505,male
2506,male
2507,male
2508,male
2509,female
2510,male
2511,male
2512,male
2513,female
2514,male
2515,male
2516,male
2517,male
2518,male
2519,male
2520,male
2521,male
2522,male
2523,male
2524,male
2525,male
2526,male
2527,male
2528,male
2529,male
2530,male
2531,male
2532,female
2533,female
2534,female
2535,female
2536,male
2537,male
2538,male
2539,male
2540,male
2541,male
2542,male
2543,male
2544,male
2545,male
2546,male
2547,male
2548,male
2549,male
2550,male
2551,male
2552,male
2553,male
2554,male
2555,male
2556,male
2557,male
2558,male
2559,male
2560,male
2561,male
2562,male
2563,male
2564,male
2565,male
2566,male
2567,male
2568,female
2569,female
2570,female
2571,female
2572,female
2573,female
2574,female
2575,female
2576,female
2577,female
2578,female
2579,female
2580,female
2581,female
2582,female
2583,male
2584,male
2585,male
2586,male
2587,male
2588,male
2589,male
2590,female
2591,female
2592,male
2593,male
2594,male
2595,male
2596,male
2597,male
2598,male
2599,male
2600,male
2601,male
2602,male
2603,male
2604,female
2605,female
2606,female
2607,female
2608,female
2609,male
2610,male
2611,male
2612,male
2613,male
2614,male
2615,male
2616,male
2617,male
2618,female
2619,female
2620,male
2621,male
2622,male
2623,male
2624,male
2625,male
2626,male
2627,male
2628,male
2629,male
2630,male
2631,male
2632,male
2633,male
2634,male
2635,male
2636,male
2637,male
2638,male
2639,male
2640,male
2641,female
2642,female
2643,female
2644,female
2645,female
2646,male
2647,female
2648,female
2649,male
2650,male
2651,male
2652,male
2653,male
2654,male
2655,male
2656,female
2657,female
2658,female
2659,male
2660,male
2661,male
2662,female
2663,female
2664,female
2665,male
2666,male
2667,female
2668,female
2669,male
2670,male
2671,male
2672,male
2673,male
2674,male
2675,male
2676,male
2677,male
2678,male
2679,female
2680,female
2681,female
2682,male
2683,male
2684,male
2685,male
2686,male
2687,male
2688,male
2689,male
2690,male
2691,male
2692,male
2693,male
2694,male
2695,male
2696,male
2697,male
2698,male
2699,male
2700,male
2701,male
2702,male
2703,male
2704,male
2705,male
2706,male
2707,male
2708,female
2709,female
2710,female
2711,female
2712,male
2713,male
2714,female
2715,female
2716,female
2717,male
2718,male
2719,male
2720,male
2721,male
2722,male
2723,male
2724,male
2725,male
2726,male
2727,male
2728,male
2729,male
2730,male
2731,male
2732,male
2733,male
2734,male
2735,male
2736,male
2737,male
2738,male
2739,male
2740,male
2741,male
2742,male
2743,male
2744,male
2745,male
2746,male
2747,male
2748,male
2749,male
2750,male
2751,male
2752,male
2753,male
2754,female
2755,female
2756,female
2757,female
2758,female
2759,female
2760,female
2761,female
2762,female
2763,female
2764,female
2765,female
2766,female
2767,female
2768,female
2769,female
2770,female
2771,female
2772,female
2773,female
2774,female
2775,male
2776,male
2777,male
2778,male
2779,female
2780,female
2781,female
2782,female
2783,female
2784,female
2785,female
2786,male
2787,male
2788,female
2789,female
2790,male
2791,male
2792,male
2793,male
2794,male
2795,male
2796,male
2797,male
2798,male
2799,male
2800,male
2801,male
2802,male
2803,male
2804,female
2805,female
2806,female
2807,female
2808,female
2809,female
2810,female
2811,female
2812,female
2813,female
2814,female
2815,female
2816,female
2817,female
2818,female
2819,male
2820,male
2821,male
2822,female
2823,female
2824,male
2825,male
2826,female
2827,female
2828,female
2829,male
2830,male
2831,female
2832,female
2833,female
2834,male
2835,male
2836,male
2837,male
2838,male
2839,male
2840,male
2841,male
2842,male
2843,male
2844,male
2845,male
2846,male
2847,male
2848,male
2849,male
2850,male
2851,male
2852,male
2853,male
2854,male
2855,female
2856,male
2857,male
2858,male
2859,male
2860,male
2861,male
2862,male
2863,male
2864,female
2865,male
2866,female
2867,female
2868,male
2869,male
2870,male
2871,male
2872,male
2873,male
2874,male
2875,male
2876,female
2877,female
2878,female
2879,female
2880,male
2881,male
2882,male
2883,male
2884,male
2885,male
2886,male
2887,male
2888,male
2889,male
2890,male
2891,female
2892,female
2893,male
2894,male
2895,male
2896,male
2897,male
2898,male
2899,male
2900,male
2901,male
2902,male
2903,male
2904,male
2905,female
2906,female
2907,female
2908,male
2909,male
2910,male
2911,male
2912,male
2913,male
2914,male
2915,male
2916,male
2917,male
2918,male
2919,male
2920,male
2921,male
2922,male
2923,male
2924,male
2925,male
2926,male
2927,male
2928,male
2929,male
2930,male
2931,male
2932,male
2933,male
2934,male
2935,male
2936,male
2937,male
2938,male
2939,male
2940,male
2941,male
2942,female
2943,female
2944,female
2945,female
2946,female
2947,female
2948,female
2949,female
2950,female
2951,female
2952,female
2953,female
2954,female
2955,female
2956,female
2957,female
2958,female
2959,female
2960,female
2961,female
2962,female
2963,female
2964,female
2965,male
2966,male
2967,male
2968,male
2969,male
2970,male
2971,male
2972,male
2973,male
2974,male
2975,male
2976,male
2977,female
2978,male
2979,male
2980,male
2981,male
2982,male
2983,male
2984,male
2985,male
2986,male
2987,male
2988,male
2989,male
2990,male
2991,male
2992,male
2993,male
2994,male
2995,male
2996,male
2997,male
2998,male
2999,male
3000,male
3001,male
